ISO-10303-21;
HEADER;
FILE_DESCRIPTION(('Open CASCADE Model'),'2;1');
FILE_NAME('Open CASCADE Shape Model','2026-09-11T18:26:27',('Author'),(
    'Open CASCADE'),'Open CASCADE STEP processor 7.8','Open CASCADE 7.8'
  ,'Unknown');
FILE_SCHEMA(('AUTOMOTIVE_DESIGN { 1 0 10303 214 1 1 1 1 }'));
ENDSEC;
DATA;
#1 = APPLICATION_PROTOCOL_DEFINITION('international standard',
  'automotive_design',2000,#2);
#2 = APPLICATION_CONTEXT(
  'core data for automotive mechanical design processes');
#3 = SHAPE_DEFINITION_REPRESENTATION(#4,#10);
#4 = PRODUCT_DEFINITION_SHAPE('','',#5);
#5 = PRODUCT_DEFINITION('design','',#6,#9);
#6 = PRODUCT_DEFINITION_FORMATION('','',#7);
#7 = PRODUCT('Open CASCADE STEP translator 7.8 1',
  'Open CASCADE STEP translator 7.8 1','',(#8));
#8 = PRODUCT_CONTEXT('',#2,'mechanical');
#9 = PRODUCT_DEFINITION_CONTEXT('part definition',#2,'design');
#10 = ADVANCED_BREP_SHAPE_REPRESENTATION('',(#11,#15),#3722);
#11 = AXIS2_PLACEMENT_3D('',#12,#13,#14);
#12 = CARTESIAN_POINT('',(0.,0.,0.));
#13 = DIRECTION('',(0.,0.,1.));
#14 = DIRECTION('',(1.,0.,-0.));
#15 = MANIFOLD_SOLID_BREP('',#16);
#16 = CLOSED_SHELL('',(#17,#449,#535,#804,#949,#976,#1031,#1086,#1113,
    #1140,#1167,#1782,#1999,#2110,#2280,#2287,#2317,#2347,#2397,#2446,
    #2478,#2505,#2532,#2648,#2799,#2888,#2915,#2942,#3262,#3288,#3316,
    #3364,#3370,#3376,#3382,#3553,#3580,#3627,#3634,#3661,#3668,#3695));
#17 = ADVANCED_FACE('',(#18,#143,#296),#32,.F.);
#18 = FACE_BOUND('',#19,.T.);
#19 = EDGE_LOOP('',(#20,#55,#88,#116));
#20 = ORIENTED_EDGE('',*,*,#21,.T.);
#21 = EDGE_CURVE('',#22,#24,#26,.T.);
#22 = VERTEX_POINT('',#23);
#23 = CARTESIAN_POINT('',(18.341846864659,-0.5,24.74301221746));
#24 = VERTEX_POINT('',#25);
#25 = CARTESIAN_POINT('',(18.341846864659,-10.5,24.74301221746));
#26 = SURFACE_CURVE('',#27,(#31,#43),.PCURVE_S1.);
#27 = LINE('',#28,#29);
#28 = CARTESIAN_POINT('',(18.341846864659,-0.5,24.74301221746));
#29 = VECTOR('',#30,1.);
#30 = DIRECTION('',(0.,-1.,0.));
#31 = PCURVE('',#32,#37);
#32 = CYLINDRICAL_SURFACE('',#33,30.8);
#33 = AXIS2_PLACEMENT_3D('',#34,#35,#36);
#34 = CARTESIAN_POINT('',(8.881784197001E-16,-0.5,3.552713678801E-15));
#35 = DIRECTION('',(-0.,1.,-0.));
#36 = DIRECTION('',(0.615661475326,0.,0.788010753607));
#37 = DEFINITIONAL_REPRESENTATION('',(#38),#42);
#38 = LINE('',#39,#40);
#39 = CARTESIAN_POINT('',(-2.531916079262E-02,0.));
#40 = VECTOR('',#41,1.);
#41 = DIRECTION('',(-0.,-1.));
#42 = ( GEOMETRIC_REPRESENTATION_CONTEXT(2) 
PARAMETRIC_REPRESENTATION_CONTEXT() REPRESENTATION_CONTEXT('2D SPACE',''
  ) );
#43 = PCURVE('',#44,#49);
#44 = CYLINDRICAL_SURFACE('',#45,0.8);
#45 = AXIS2_PLACEMENT_3D('',#46,#47,#48);
#46 = CARTESIAN_POINT('',(18.818258471534,-0.5,25.385687859472));
#47 = DIRECTION('',(0.,-1.,0.));
#48 = DIRECTION('',(-0.595514508593,-0.,-0.803344552515));
#49 = DEFINITIONAL_REPRESENTATION('',(#50),#54);
#50 = LINE('',#51,#52);
#51 = CARTESIAN_POINT('',(0.,0.));
#52 = VECTOR('',#53,1.);
#53 = DIRECTION('',(0.,1.));
#54 = ( GEOMETRIC_REPRESENTATION_CONTEXT(2) 
PARAMETRIC_REPRESENTATION_CONTEXT() REPRESENTATION_CONTEXT('2D SPACE',''
  ) );
#55 = ORIENTED_EDGE('',*,*,#56,.T.);
#56 = EDGE_CURVE('',#24,#57,#59,.T.);
#57 = VERTEX_POINT('',#58);
#58 = CARTESIAN_POINT('',(-18.34184686465,-10.5,24.74301221746));
#59 = SURFACE_CURVE('',#60,(#65,#72),.PCURVE_S1.);
#60 = CIRCLE('',#61,30.8);
#61 = AXIS2_PLACEMENT_3D('',#62,#63,#64);
#62 = CARTESIAN_POINT('',(8.881784197001E-16,-10.5,3.552713678801E-15));
#63 = DIRECTION('',(0.,-1.,0.));
#64 = DIRECTION('',(0.595514508593,0.,0.803344552515));
#65 = PCURVE('',#32,#66);
#66 = DEFINITIONAL_REPRESENTATION('',(#67),#71);
#67 = LINE('',#68,#69);
#68 = CARTESIAN_POINT('',(-2.531916079262E-02,-10.));
#69 = VECTOR('',#70,1.);
#70 = DIRECTION('',(-1.,0.));
#71 = ( GEOMETRIC_REPRESENTATION_CONTEXT(2) 
PARAMETRIC_REPRESENTATION_CONTEXT() REPRESENTATION_CONTEXT('2D SPACE',''
  ) );
#72 = PCURVE('',#73,#78);
#73 = PLANE('',#74);
#74 = AXIS2_PLACEMENT_3D('',#75,#76,#77);
#75 = CARTESIAN_POINT('',(1.892378991582E-15,-10.5,30.133720153935));
#76 = DIRECTION('',(0.,1.,0.));
#77 = DIRECTION('',(0.,-0.,1.));
#78 = DEFINITIONAL_REPRESENTATION('',(#79),#87);
#79 = ( BOUNDED_CURVE() B_SPLINE_CURVE(2,(#80,#81,#82,#83,#84,#85,#86),
.UNSPECIFIED.,.T.,.F.) B_SPLINE_CURVE_WITH_KNOTS((1,2,2,2,2,1),(
    -2.094395102393,0.,2.094395102393,4.188790204786,6.28318530718,
8.377580409573),.UNSPECIFIED.) CURVE() GEOMETRIC_REPRESENTATION_ITEM() 
RATIONAL_B_SPLINE_CURVE((1.,0.5,1.,0.5,1.,0.5,1.)) REPRESENTATION_ITEM(
  '') );
#80 = CARTESIAN_POINT('',(-5.390707936475,18.341846864659));
#81 = CARTESIAN_POINT('',(26.378302737763,-24.51430742827));
#82 = CARTESIAN_POINT('',(-26.62072092554,-30.59900057879));
#83 = CARTESIAN_POINT('',(-79.61974458885,-36.68369372931));
#84 = CARTESIAN_POINT('',(-58.38973159978,12.25715371414));
#85 = CARTESIAN_POINT('',(-37.15971861071,61.198001157598));
#86 = CARTESIAN_POINT('',(-5.390707936475,18.341846864659));
#87 = ( GEOMETRIC_REPRESENTATION_CONTEXT(2) 
PARAMETRIC_REPRESENTATION_CONTEXT() REPRESENTATION_CONTEXT('2D SPACE',''
  ) );
#88 = ORIENTED_EDGE('',*,*,#89,.F.);
#89 = EDGE_CURVE('',#90,#57,#92,.T.);
#90 = VERTEX_POINT('',#91);
#91 = CARTESIAN_POINT('',(-18.34184686465,-0.5,24.74301221746));
#92 = SURFACE_CURVE('',#93,(#97,#104),.PCURVE_S1.);
#93 = LINE('',#94,#95);
#94 = CARTESIAN_POINT('',(-18.34184686465,-0.5,24.74301221746));
#95 = VECTOR('',#96,1.);
#96 = DIRECTION('',(0.,-1.,0.));
#97 = PCURVE('',#32,#98);
#98 = DEFINITIONAL_REPRESENTATION('',(#99),#103);
#99 = LINE('',#100,#101);
#100 = CARTESIAN_POINT('',(-1.301131070723,0.));
#101 = VECTOR('',#102,1.);
#102 = DIRECTION('',(-0.,-1.));
#103 = ( GEOMETRIC_REPRESENTATION_CONTEXT(2) 
PARAMETRIC_REPRESENTATION_CONTEXT() REPRESENTATION_CONTEXT('2D SPACE',''
  ) );
#104 = PCURVE('',#105,#110);
#105 = CYLINDRICAL_SURFACE('',#106,0.8);
#106 = AXIS2_PLACEMENT_3D('',#107,#108,#109);
#107 = CARTESIAN_POINT('',(-18.81825847153,-0.5,25.385687859472));
#108 = DIRECTION('',(0.,-1.,0.));
#109 = DIRECTION('',(0.595514508593,0.,-0.803344552515));
#110 = DEFINITIONAL_REPRESENTATION('',(#111),#115);
#111 = LINE('',#112,#113);
#112 = CARTESIAN_POINT('',(-0.,0.));
#113 = VECTOR('',#114,1.);
#114 = DIRECTION('',(-0.,1.));
#115 = ( GEOMETRIC_REPRESENTATION_CONTEXT(2) 
PARAMETRIC_REPRESENTATION_CONTEXT() REPRESENTATION_CONTEXT('2D SPACE',''
  ) );
#116 = ORIENTED_EDGE('',*,*,#117,.T.);
#117 = EDGE_CURVE('',#90,#22,#118,.T.);
#118 = SURFACE_CURVE('',#119,(#124,#131),.PCURVE_S1.);
#119 = CIRCLE('',#120,30.8);
#120 = AXIS2_PLACEMENT_3D('',#121,#122,#123);
#121 = CARTESIAN_POINT('',(8.881784197001E-16,-0.5,3.552713678801E-15));
#122 = DIRECTION('',(0.,1.,-0.));
#123 = DIRECTION('',(-0.595514508593,0.,0.803344552515));
#124 = PCURVE('',#32,#125);
#125 = DEFINITIONAL_REPRESENTATION('',(#126),#130);
#126 = LINE('',#127,#128);
#127 = CARTESIAN_POINT('',(-1.301131070723,0.));
#128 = VECTOR('',#129,1.);
#129 = DIRECTION('',(1.,-0.));
#130 = ( GEOMETRIC_REPRESENTATION_CONTEXT(2) 
PARAMETRIC_REPRESENTATION_CONTEXT() REPRESENTATION_CONTEXT('2D SPACE',''
  ) );
#131 = PCURVE('',#132,#137);
#132 = PLANE('',#133);
#133 = AXIS2_PLACEMENT_3D('',#134,#135,#136);
#134 = CARTESIAN_POINT('',(1.892378991582E-15,-0.5,30.133720153935));
#135 = DIRECTION('',(0.,1.,0.));
#136 = DIRECTION('',(0.,-0.,1.));
#137 = DEFINITIONAL_REPRESENTATION('',(#138),#142);
#138 = CIRCLE('',#139,30.8);
#139 = AXIS2_PLACEMENT_2D('',#140,#141);
#140 = CARTESIAN_POINT('',(-30.13372015393,-1.004200571882E-15));
#141 = DIRECTION('',(0.803344552515,-0.595514508593));
#142 = ( GEOMETRIC_REPRESENTATION_CONTEXT(2) 
PARAMETRIC_REPRESENTATION_CONTEXT() REPRESENTATION_CONTEXT('2D SPACE',''
  ) );
#143 = FACE_BOUND('',#144,.T.);
#144 = EDGE_LOOP('',(#145));
#145 = ORIENTED_EDGE('',*,*,#146,.T.);
#146 = EDGE_CURVE('',#147,#147,#149,.T.);
#147 = VERTEX_POINT('',#148);
#148 = CARTESIAN_POINT('',(16.848767501115,-4.5,25.782921356847));
#149 = SURFACE_CURVE('',#150,(#195,#243),.PCURVE_S1.);
#150 = B_SPLINE_CURVE_WITH_KNOTS('',7,(#151,#152,#153,#154,#155,#156,
    #157,#158,#159,#160,#161,#162,#163,#164,#165,#166,#167,#168,#169,
    #170,#171,#172,#173,#174,#175,#176,#177,#178,#179,#180,#181,#182,
    #183,#184,#185,#186,#187,#188,#189,#190,#191,#192,#193,#194),
  .UNSPECIFIED.,.T.,.F.,(8,6,6,6,6,6,6,8),(0.,0.152734915553,
    0.285723645306,0.421923746013,0.58870144048,0.714477818051,
    0.837886405687,1.),.UNSPECIFIED.);
#151 = CARTESIAN_POINT('',(16.848767501115,-4.5,25.782921356847));
#152 = CARTESIAN_POINT('',(16.848767501115,-4.296830008744,
    25.782921356847));
#153 = CARTESIAN_POINT('',(16.82501864133,-4.093755486419,
    25.798440798787));
#154 = CARTESIAN_POINT('',(16.777554025062,-3.893240526029,
    25.829458737665));
#155 = CARTESIAN_POINT('',(16.705590782628,-3.698088383841,
    25.87628773007));
#156 = CARTESIAN_POINT('',(16.607830373909,-3.511980865318,
    25.939389924017));
#157 = CARTESIAN_POINT('',(16.482678256494,-3.340063201051,
    26.019112332197));
#158 = CARTESIAN_POINT('',(16.195019754829,-3.059576067218,
    26.198974595615));
#159 = CARTESIAN_POINT('',(16.03473224456,-2.941105543229,
    26.298081857424));
#160 = CARTESIAN_POINT('',(15.850919258568,-2.848255127328,
    26.410013369418));
#161 = CARTESIAN_POINT('',(15.649814475171,-2.790354639254,
    26.530014457713));
#162 = CARTESIAN_POINT('',(15.440062546857,-2.772422153642,
    26.65225009714));
#163 = CARTESIAN_POINT('',(15.23130591686,-2.794906410329,
    26.771239156385));
#164 = CARTESIAN_POINT('',(14.828725685729,-2.913323535352,
    26.996358245117));
#165 = CARTESIAN_POINT('',(14.642486212976,-3.008926371515,
    27.098137866174));
#166 = CARTESIAN_POINT('',(14.477297641528,-3.132116120651,
    27.186553935226));
#167 = CARTESIAN_POINT('',(14.334998843783,-3.27609716231,
    27.261469272054));
#168 = CARTESIAN_POINT('',(14.216346883817,-3.434879529457,
    27.323168263081));
#169 = CARTESIAN_POINT('',(14.121209389633,-3.603138018284,
    27.372213867388));
#170 = CARTESIAN_POINT('',(13.959817066693,-3.988060091335,
    27.454935321362));
#171 = CARTESIAN_POINT('',(13.903635449456,-4.209988182226,
    27.483306968435));
#172 = CARTESIAN_POINT('',(13.878691207333,-4.436974391223,
    27.495807926826));
#173 = CARTESIAN_POINT('',(13.884563727651,-4.665527821185,
    27.492858733237));
#174 = CARTESIAN_POINT('',(13.921567674227,-4.891909068189,
    27.474281967389));
#175 = CARTESIAN_POINT('',(13.990417968498,-5.111750230652,
    27.439409882214));
#176 = CARTESIAN_POINT('',(14.168326898805,-5.475265733001,
    27.347868511505));
#177 = CARTESIAN_POINT('',(14.264349001915,-5.626441935408,
    27.298146005395));
#178 = CARTESIAN_POINT('',(14.380519602058,-5.768382380679,
    27.237449597135));
#179 = CARTESIAN_POINT('',(14.516733864219,-5.896565166586,
    27.16540996861));
#180 = CARTESIAN_POINT('',(14.672137057523,-6.006064647767,
    27.081920466793));
#181 = CARTESIAN_POINT('',(14.845019732182,-6.091469283537,
    26.987246767191));
#182 = CARTESIAN_POINT('',(15.216286744707,-6.2006757692,26.779637736561
    ));
#183 = CARTESIAN_POINT('',(15.409326326148,-6.224193369895,
    26.669765254081));
#184 = CARTESIAN_POINT('',(15.60420444028,-6.213093287952,
    26.556565435624));
#185 = CARTESIAN_POINT('',(15.792881120896,-6.167255649941,
    26.444561486207));
#186 = CARTESIAN_POINT('',(15.967958460882,-6.090303089727,
    26.338608364621));
#187 = CARTESIAN_POINT('',(16.123800018338,-5.989428827047,
    26.242861164799));
#188 = CARTESIAN_POINT('',(16.432568717724,-5.725443447382,
    26.050974832246));
#189 = CARTESIAN_POINT('',(16.575252502335,-5.547604772187,
    25.960402728661));
#190 = CARTESIAN_POINT('',(16.686439321992,-5.352087035181,
    25.888746317502));
#191 = CARTESIAN_POINT('',(16.768113341209,-5.145424074945,
    25.835628598112));
#192 = CARTESIAN_POINT('',(16.821869341561,-4.932349322958,
    25.800498691415));
#193 = CARTESIAN_POINT('',(16.848767501115,-4.716215211213,
    25.782921356847));
#194 = CARTESIAN_POINT('',(16.848767501115,-4.5,25.782921356847));
#195 = PCURVE('',#32,#196);
#196 = DEFINITIONAL_REPRESENTATION('',(#197),#242);
#197 = B_SPLINE_CURVE_WITH_KNOTS('',7,(#198,#199,#200,#201,#202,#203,
    #204,#205,#206,#207,#208,#209,#210,#211,#212,#213,#214,#215,#216,
    #217,#218,#219,#220,#221,#222,#223,#224,#225,#226,#227,#228,#229,
    #230,#231,#232,#233,#234,#235,#236,#237,#238,#239,#240,#241),
  .UNSPECIFIED.,.T.,.F.,(8,6,6,6,6,6,6,8),(0.,0.152734915553,
    0.285723645306,0.421923746013,0.58870144048,0.714477818051,
    0.837886405687,1.),.UNSPECIFIED.);
#198 = CARTESIAN_POINT('',(-8.440347162102E-02,-4.));
#199 = CARTESIAN_POINT('',(-8.440347162102E-02,-3.796830008744));
#200 = CARTESIAN_POINT('',(-8.532457815837E-02,-3.593755486419));
#201 = CARTESIAN_POINT('',(-8.716551922184E-02,-3.393240526029));
#202 = CARTESIAN_POINT('',(-8.995312399708E-02,-3.198088383841));
#203 = CARTESIAN_POINT('',(-9.373089572489E-02,-3.011980865318));
#204 = CARTESIAN_POINT('',(-9.854848696099E-02,-2.840063201051));
#205 = CARTESIAN_POINT('',(-0.109563445941,-2.559576067218));
#206 = CARTESIAN_POINT('',(-0.115681952609,-2.441105543229));
#207 = CARTESIAN_POINT('',(-0.122669080517,-2.348255127328));
#208 = CARTESIAN_POINT('',(-0.130271890273,-2.290354639254));
#209 = CARTESIAN_POINT('',(-0.138153441488,-2.272422153642));
#210 = CARTESIAN_POINT('',(-0.145954701535,-2.294906410329));
#211 = CARTESIAN_POINT('',(-0.160930276416,-2.413323535352));
#212 = CARTESIAN_POINT('',(-0.167820738019,-2.508926371515));
#213 = CARTESIAN_POINT('',(-0.173903613849,-2.632116120651));
#214 = CARTESIAN_POINT('',(-0.179124731972,-2.77609716231));
#215 = CARTESIAN_POINT('',(-0.183466729157,-2.934879529457));
#216 = CARTESIAN_POINT('',(-0.186941901227,-3.103138018284));
#217 = CARTESIAN_POINT('',(-0.192830111879,-3.488060091335));
#218 = CARTESIAN_POINT('',(-0.194873551376,-3.709988182226));
#219 = CARTESIAN_POINT('',(-0.195779457254,-3.936974391223));
#220 = CARTESIAN_POINT('',(-0.195566095437,-4.165527821185));
#221 = CARTESIAN_POINT('',(-0.194221757235,-4.391909068189));
#222 = CARTESIAN_POINT('',(-0.191716032567,-4.611750230652));
#223 = CARTESIAN_POINT('',(-0.185219977058,-4.975265733001));
#224 = CARTESIAN_POINT('',(-0.181709202896,-5.126441935408));
#225 = CARTESIAN_POINT('',(-0.177453693674,-5.268382380679));
#226 = CARTESIAN_POINT('',(-0.172450862421,-5.396565166586));
#227 = CARTESIAN_POINT('',(-0.166723510505,-5.506064647767));
#228 = CARTESIAN_POINT('',(-0.160324154471,-5.591469283537));
#229 = CARTESIAN_POINT('',(-0.146513399454,-5.7006757692));
#230 = CARTESIAN_POINT('',(-0.139301992751,-5.724193369895));
#231 = CARTESIAN_POINT('',(-0.131985249145,-5.713093287952));
#232 = CARTESIAN_POINT('',(-0.124861856152,-5.667255649941));
#233 = CARTESIAN_POINT('',(-0.118217889544,-5.590303089727));
#234 = CARTESIAN_POINT('',(-0.112279505849,-5.489428827047));
#235 = CARTESIAN_POINT('',(-0.100476386686,-5.225443447382));
#236 = CARTESIAN_POINT('',(-9.498953127082E-02,-5.047604772187));
#237 = CARTESIAN_POINT('',(-9.069491599079E-02,-4.852087035181));
#238 = CARTESIAN_POINT('',(-8.753168793513E-02,-4.645424074945));
#239 = CARTESIAN_POINT('',(-8.5446722789E-02,-4.432349322958));
#240 = CARTESIAN_POINT('',(-8.440347162102E-02,-4.216215211213));
#241 = CARTESIAN_POINT('',(-8.440347162102E-02,-4.));
#242 = ( GEOMETRIC_REPRESENTATION_CONTEXT(2) 
PARAMETRIC_REPRESENTATION_CONTEXT() REPRESENTATION_CONTEXT('2D SPACE',''
  ) );
#243 = PCURVE('',#244,#249);
#244 = CYLINDRICAL_SURFACE('',#245,1.7);
#245 = AXIS2_PLACEMENT_3D('',#246,#247,#248);
#246 = CARTESIAN_POINT('',(12.5,-4.5,21.650635094611));
#247 = DIRECTION('',(0.5,0.,0.866025403784));
#248 = DIRECTION('',(0.866025403784,0.,-0.5));
#249 = DEFINITIONAL_REPRESENTATION('',(#250),#295);
#250 = B_SPLINE_CURVE_WITH_KNOTS('',7,(#251,#252,#253,#254,#255,#256,
    #257,#258,#259,#260,#261,#262,#263,#264,#265,#266,#267,#268,#269,
    #270,#271,#272,#273,#274,#275,#276,#277,#278,#279,#280,#281,#282,
    #283,#284,#285,#286,#287,#288,#289,#290,#291,#292,#293,#294),
  .UNSPECIFIED.,.F.,.F.,(8,6,6,6,6,6,6,8),(0.,0.152734915553,
    0.285723645306,0.421923746013,0.58870144048,0.714477818051,
    0.837886405687,1.),.UNSPECIFIED.);
#251 = CARTESIAN_POINT('',(0.,5.753048629364));
#252 = CARTESIAN_POINT('',(0.119511759562,5.753048629364));
#253 = CARTESIAN_POINT('',(0.238966594633,5.754614430443));
#254 = CARTESIAN_POINT('',(0.359708177935,5.75774444535));
#255 = CARTESIAN_POINT('',(0.482849190863,5.76231792119));
#256 = CARTESIAN_POINT('',(0.609626855057,5.768085819823));
#257 = CARTESIAN_POINT('',(0.741280459267,5.77455139185));
#258 = CARTESIAN_POINT('',(1.000122979034,5.78648743032));
#259 = CARTESIAN_POINT('',(1.129921407878,5.792173081612));
#260 = CARTESIAN_POINT('',(1.265100611712,5.797202121486));
#261 = CARTESIAN_POINT('',(1.403528025884,5.800573720733));
#262 = CARTESIAN_POINT('',(1.54355561996,5.801556925568));
#263 = CARTESIAN_POINT('',(1.683746306521,5.800226158648));
#264 = CARTESIAN_POINT('',(1.963842667337,5.793894892801));
#265 = CARTESIAN_POINT('',(2.098718411304,5.788918893848));
#266 = CARTESIAN_POINT('',(2.228079200442,5.782895170025));
#267 = CARTESIAN_POINT('',(2.352640638898,5.776624355979));
#268 = CARTESIAN_POINT('',(2.472944235161,5.770731269613));
#269 = CARTESIAN_POINT('',(2.589276825297,5.765637261795));
#270 = CARTESIAN_POINT('',(2.839517739554,5.756579980905));
#271 = CARTESIAN_POINT('',(2.973378765789,5.753059739399));
#272 = CARTESIAN_POINT('',(3.105433721238,5.751413765876));
#273 = CARTESIAN_POINT('',(3.237175257407,5.751795949466));
#274 = CARTESIAN_POINT('',(3.369979657173,5.754209971609));
#275 = CARTESIAN_POINT('',(3.505140245475,5.7584350071));
#276 = CARTESIAN_POINT('',(3.74915601451,5.768112319722));
#277 = CARTESIAN_POINT('',(3.857693947396,5.773062417847));
#278 = CARTESIAN_POINT('',(3.969859111065,5.778583086446));
#279 = CARTESIAN_POINT('',(4.085810847807,5.784302069144));
#280 = CARTESIAN_POINT('',(4.205910631329,5.789699636274));
#281 = CARTESIAN_POINT('',(4.330679269815,5.794151144678));
#282 = CARTESIAN_POINT('',(4.588989368171,5.79998995636));
#283 = CARTESIAN_POINT('',(4.718979369712,5.801357386076));
#284 = CARTESIAN_POINT('',(4.849182992407,5.800762524654));
#285 = CARTESIAN_POINT('',(4.978230691835,5.798102599443));
#286 = CARTESIAN_POINT('',(5.104631088619,5.793883174531));
#287 = CARTESIAN_POINT('',(5.226520213091,5.788884445873));
#288 = CARTESIAN_POINT('',(5.490707714979,5.777090356936));
#289 = CARTESIAN_POINT('',(5.632554274671,5.769994506663));
#290 = CARTESIAN_POINT('',(5.768533412131,5.763531644084));
#291 = CARTESIAN_POINT('',(5.900160448004,5.758367359309));
#292 = CARTESIAN_POINT('',(6.028863040301,5.754821967853));
#293 = CARTESIAN_POINT('',(6.155999888819,5.753048629364));
#294 = CARTESIAN_POINT('',(6.28318530718,5.753048629364));
#295 = ( GEOMETRIC_REPRESENTATION_CONTEXT(2) 
PARAMETRIC_REPRESENTATION_CONTEXT() REPRESENTATION_CONTEXT('2D SPACE',''
  ) );
#296 = FACE_BOUND('',#297,.T.);
#297 = EDGE_LOOP('',(#298));
#298 = ORIENTED_EDGE('',*,*,#299,.T.);
#299 = EDGE_CURVE('',#300,#300,#302,.T.);
#300 = VERTEX_POINT('',#301);
#301 = CARTESIAN_POINT('',(-13.90428112824,-4.5,27.482921356847));
#302 = SURFACE_CURVE('',#303,(#348,#396),.PCURVE_S1.);
#303 = B_SPLINE_CURVE_WITH_KNOTS('',7,(#304,#305,#306,#307,#308,#309,
    #310,#311,#312,#313,#314,#315,#316,#317,#318,#319,#320,#321,#322,
    #323,#324,#325,#326,#327,#328,#329,#330,#331,#332,#333,#334,#335,
    #336,#337,#338,#339,#340,#341,#342,#343,#344,#345,#346,#347),
  .UNSPECIFIED.,.T.,.F.,(8,6,6,6,6,6,6,8),(0.,0.152734915172,
    0.285723644593,0.421923744914,0.588701441738,0.714477818925,
    0.837886406183,1.),.UNSPECIFIED.);
#304 = CARTESIAN_POINT('',(-13.90428112824,-4.5,27.482921356847));
#305 = CARTESIAN_POINT('',(-13.90428112824,-4.296830008745,
    27.482921356847));
#306 = CARTESIAN_POINT('',(-13.92959578911,-4.093755486418,
    27.470113961932));
#307 = CARTESIAN_POINT('',(-13.98019042028,-3.893240526029,
    27.444517367902));
#308 = CARTESIAN_POINT('',(-14.05672713856,-3.698088383841,
    27.405609868018));
#309 = CARTESIAN_POINT('',(-14.16025544591,-3.511980865318,
    27.352497967556));
#310 = CARTESIAN_POINT('',(-14.29187313535,-3.340063201051,
    27.283974258627));
#311 = CARTESIAN_POINT('',(-14.59146767549,-3.059576067218,
    27.12478582028));
#312 = CARTESIAN_POINT('',(-14.75744083705,-2.941105543229,
    27.035526395383));
#313 = CARTESIAN_POINT('',(-14.94628286291,-2.848255127328,
    26.932305435964));
#314 = CARTESIAN_POINT('',(-15.15075924556,-2.790354639254,
    26.818144128868));
#315 = CARTESIAN_POINT('',(-15.36149437871,-2.772422153642,
    26.697611450169));
#316 = CARTESIAN_POINT('',(-15.56892024178,-2.794906410329,
    26.576317435005));
#317 = CARTESIAN_POINT('',(-15.965169207,-2.913323535332,26.340232272191
    ));
#318 = CARTESIAN_POINT('',(-16.14643268086,-3.008926371486,
    26.229833968093));
#319 = CARTESIAN_POINT('',(-16.30559752854,-3.132116120676,
    26.130984503293));
#320 = CARTESIAN_POINT('',(-16.44162551223,-3.276097162372,
    26.045207797939));
#321 = CARTESIAN_POINT('',(-16.55438438578,-3.434879529469,
    25.973301681948));
#322 = CARTESIAN_POINT('',(-16.64442787213,-3.603138018206,
    25.915432997295));
#323 = CARTESIAN_POINT('',(-16.79676291567,-3.988060095027,
    25.817023871677));
#324 = CARTESIAN_POINT('',(-16.84942428702,-4.209988167741,
    25.782554990291));
#325 = CARTESIAN_POINT('',(-16.87272255974,-4.436974417306,
    25.76720311946));
#326 = CARTESIAN_POINT('',(-16.8672322244,-4.665527795264,
    25.770814273563));
#327 = CARTESIAN_POINT('',(-16.8326422937,-4.891909082395,
    25.793572252446));
#328 = CARTESIAN_POINT('',(-16.76801704025,-5.111750227088,
    25.835762310326));
#329 = CARTESIAN_POINT('',(-16.59978542091,-5.475265733001,
    25.944065279239));
#330 = CARTESIAN_POINT('',(-16.50871341593,-5.626441935408,
    26.002361606803));
#331 = CARTESIAN_POINT('',(-16.39806348438,-5.768382380679,
    26.07262009357));
#332 = CARTESIAN_POINT('',(-16.26756820492,-5.896565166586,
    26.154565290696));
#333 = CARTESIAN_POINT('',(-16.11756257875,-6.006064647767,
    26.247403653019));
#334 = CARTESIAN_POINT('',(-15.94913141249,-6.091469283537,
    26.349787591346));
#335 = CARTESIAN_POINT('',(-15.58370321165,-6.2006757692,26.567509740466
    ));
#336 = CARTESIAN_POINT('',(-15.39203105992,-6.224193369895,
    26.679750680689));
#337 = CARTESIAN_POINT('',(-15.19655808437,-6.213093287952,
    26.791920168941));
#338 = CARTESIAN_POINT('',(-15.00522147854,-6.167255649941,
    26.899316992747));
#339 = CARTESIAN_POINT('',(-14.82592471365,-6.090303089726,
    26.997961856009));
#340 = CARTESIAN_POINT('',(-14.66508442753,-5.989428827047,
    27.08505100382));
#341 = CARTESIAN_POINT('',(-14.34452163921,-5.725443447382,
    27.256509375106));
#342 = CARTESIAN_POINT('',(-14.19474200432,-5.547604772187,
    27.334791105494));
#343 = CARTESIAN_POINT('',(-14.07709232209,-5.352087035181,
    27.395253510304));
#344 = CARTESIAN_POINT('',(-13.9902540181,-5.145424074946,27.43942642608
    ));
#345 = CARTESIAN_POINT('',(-13.93295262629,-4.932349322957,
    27.468415534642));
#346 = CARTESIAN_POINT('',(-13.90428112824,-4.716215211213,
    27.482921356847));
#347 = CARTESIAN_POINT('',(-13.90428112824,-4.5,27.482921356847));
#348 = PCURVE('',#32,#349);
#349 = DEFINITIONAL_REPRESENTATION('',(#350),#395);
#350 = B_SPLINE_CURVE_WITH_KNOTS('',7,(#351,#352,#353,#354,#355,#356,
    #357,#358,#359,#360,#361,#362,#363,#364,#365,#366,#367,#368,#369,
    #370,#371,#372,#373,#374,#375,#376,#377,#378,#379,#380,#381,#382,
    #383,#384,#385,#386,#387,#388,#389,#390,#391,#392,#393,#394),
  .UNSPECIFIED.,.T.,.F.,(8,6,6,6,6,6,6,8),(0.,0.152734915172,
    0.285723644593,0.421923744914,0.588701441738,0.714477818925,
    0.837886406183,1.),.UNSPECIFIED.);
#351 = CARTESIAN_POINT('',(-1.131601022818,-4.));
#352 = CARTESIAN_POINT('',(-1.131601022818,-3.796830008745));
#353 = CARTESIAN_POINT('',(-1.132522129355,-3.593755486418));
#354 = CARTESIAN_POINT('',(-1.134363070418,-3.393240526029));
#355 = CARTESIAN_POINT('',(-1.137150675194,-3.198088383841));
#356 = CARTESIAN_POINT('',(-1.140928446921,-3.011980865318));
#357 = CARTESIAN_POINT('',(-1.145746038158,-2.840063201051));
#358 = CARTESIAN_POINT('',(-1.156760997137,-2.559576067218));
#359 = CARTESIAN_POINT('',(-1.162879503805,-2.441105543229));
#360 = CARTESIAN_POINT('',(-1.169866631714,-2.348255127328));
#361 = CARTESIAN_POINT('',(-1.17746944147,-2.290354639254));
#362 = CARTESIAN_POINT('',(-1.185350992684,-2.272422153642));
#363 = CARTESIAN_POINT('',(-1.193152252732,-2.294906410329));
#364 = CARTESIAN_POINT('',(-1.20812782761,-2.413323535332));
#365 = CARTESIAN_POINT('',(-1.215018289216,-2.508926371486));
#366 = CARTESIAN_POINT('',(-1.221101165047,-2.632116120676));
#367 = CARTESIAN_POINT('',(-1.22632228317,-2.776097162372));
#368 = CARTESIAN_POINT('',(-1.230664280353,-2.934879529469));
#369 = CARTESIAN_POINT('',(-1.234139452422,-3.103138018206));
#370 = CARTESIAN_POINT('',(-1.240027663132,-3.488060095027));
#371 = CARTESIAN_POINT('',(-1.24207110246,-3.709988167741));
#372 = CARTESIAN_POINT('',(-1.242977008497,-3.936974417306));
#373 = CARTESIAN_POINT('',(-1.242763646734,-4.165527795264));
#374 = CARTESIAN_POINT('',(-1.24141930829,-4.391909082395));
#375 = CARTESIAN_POINT('',(-1.238913583827,-4.611750227088));
#376 = CARTESIAN_POINT('',(-1.232417528254,-4.975265733001));
#377 = CARTESIAN_POINT('',(-1.228906754092,-5.126441935408));
#378 = CARTESIAN_POINT('',(-1.22465124487,-5.268382380679));
#379 = CARTESIAN_POINT('',(-1.219648413618,-5.396565166586));
#380 = CARTESIAN_POINT('',(-1.213921061702,-5.506064647767));
#381 = CARTESIAN_POINT('',(-1.207521705668,-5.591469283537));
#382 = CARTESIAN_POINT('',(-1.19371095065,-5.7006757692));
#383 = CARTESIAN_POINT('',(-1.186499543948,-5.724193369895));
#384 = CARTESIAN_POINT('',(-1.179182800341,-5.713093287952));
#385 = CARTESIAN_POINT('',(-1.172059407349,-5.667255649941));
#386 = CARTESIAN_POINT('',(-1.165415440741,-5.590303089726));
#387 = CARTESIAN_POINT('',(-1.159477057045,-5.489428827047));
#388 = CARTESIAN_POINT('',(-1.147673937883,-5.225443447382));
#389 = CARTESIAN_POINT('',(-1.142187082467,-5.047604772187));
#390 = CARTESIAN_POINT('',(-1.137892467187,-4.852087035181));
#391 = CARTESIAN_POINT('',(-1.134729239132,-4.645424074946));
#392 = CARTESIAN_POINT('',(-1.132644273986,-4.432349322957));
#393 = CARTESIAN_POINT('',(-1.131601022818,-4.216215211213));
#394 = CARTESIAN_POINT('',(-1.131601022818,-4.));
#395 = ( GEOMETRIC_REPRESENTATION_CONTEXT(2) 
PARAMETRIC_REPRESENTATION_CONTEXT() REPRESENTATION_CONTEXT('2D SPACE',''
  ) );
#396 = PCURVE('',#397,#402);
#397 = CYLINDRICAL_SURFACE('',#398,1.7);
#398 = AXIS2_PLACEMENT_3D('',#399,#400,#401);
#399 = CARTESIAN_POINT('',(-12.5,-4.5,21.650635094611));
#400 = DIRECTION('',(-0.5,0.,0.866025403784));
#401 = DIRECTION('',(0.866025403784,0.,0.5));
#402 = DEFINITIONAL_REPRESENTATION('',(#403),#448);
#403 = B_SPLINE_CURVE_WITH_KNOTS('',7,(#404,#405,#406,#407,#408,#409,
    #410,#411,#412,#413,#414,#415,#416,#417,#418,#419,#420,#421,#422,
    #423,#424,#425,#426,#427,#428,#429,#430,#431,#432,#433,#434,#435,
    #436,#437,#438,#439,#440,#441,#442,#443,#444,#445,#446,#447),
  .UNSPECIFIED.,.F.,.F.,(8,6,6,6,6,6,6,8),(0.,0.152734915172,
    0.285723644593,0.421923744914,0.588701441738,0.714477818925,
    0.837886406183,1.),.UNSPECIFIED.);
#404 = CARTESIAN_POINT('',(0.,5.753048629364));
#405 = CARTESIAN_POINT('',(0.119511759562,5.753048629364));
#406 = CARTESIAN_POINT('',(0.238966594633,5.754614430443));
#407 = CARTESIAN_POINT('',(0.359708177935,5.75774444535));
#408 = CARTESIAN_POINT('',(0.482849190863,5.76231792119));
#409 = CARTESIAN_POINT('',(0.609626855057,5.768085819823));
#410 = CARTESIAN_POINT('',(0.741280459267,5.77455139185));
#411 = CARTESIAN_POINT('',(1.000122979034,5.78648743032));
#412 = CARTESIAN_POINT('',(1.129921407878,5.792173081612));
#413 = CARTESIAN_POINT('',(1.265100611712,5.797202121486));
#414 = CARTESIAN_POINT('',(1.403528025884,5.800573720733));
#415 = CARTESIAN_POINT('',(1.543555619959,5.801556925568));
#416 = CARTESIAN_POINT('',(1.683746306521,5.800226158648));
#417 = CARTESIAN_POINT('',(1.963842667289,5.793894892802));
#418 = CARTESIAN_POINT('',(2.098718411295,5.78891889385));
#419 = CARTESIAN_POINT('',(2.228079200476,5.782895170023));
#420 = CARTESIAN_POINT('',(2.35264063894,5.776624355976));
#421 = CARTESIAN_POINT('',(2.472944235162,5.770731269614));
#422 = CARTESIAN_POINT('',(2.589276825246,5.765637261797));
#423 = CARTESIAN_POINT('',(2.839517741955,5.756579980818));
#424 = CARTESIAN_POINT('',(2.973378756464,5.753059739575));
#425 = CARTESIAN_POINT('',(3.105433737999,5.751413765798));
#426 = CARTESIAN_POINT('',(3.237175240658,5.751795949321));
#427 = CARTESIAN_POINT('',(3.369979666478,5.754209971821));
#428 = CARTESIAN_POINT('',(3.505140243083,5.758435007005));
#429 = CARTESIAN_POINT('',(3.74915601451,5.768112319722));
#430 = CARTESIAN_POINT('',(3.857693947396,5.773062417847));
#431 = CARTESIAN_POINT('',(3.969859111065,5.778583086446));
#432 = CARTESIAN_POINT('',(4.085810847807,5.784302069144));
#433 = CARTESIAN_POINT('',(4.205910631329,5.789699636274));
#434 = CARTESIAN_POINT('',(4.330679269815,5.794151144678));
#435 = CARTESIAN_POINT('',(4.588989368171,5.79998995636));
#436 = CARTESIAN_POINT('',(4.718979369712,5.801357386076));
#437 = CARTESIAN_POINT('',(4.849182992408,5.800762524654));
#438 = CARTESIAN_POINT('',(4.978230691834,5.798102599443));
#439 = CARTESIAN_POINT('',(5.10463108862,5.793883174532));
#440 = CARTESIAN_POINT('',(5.226520213091,5.788884445873));
#441 = CARTESIAN_POINT('',(5.490707714979,5.777090356936));
#442 = CARTESIAN_POINT('',(5.632554274671,5.769994506663));
#443 = CARTESIAN_POINT('',(5.768533412131,5.763531644084));
#444 = CARTESIAN_POINT('',(5.900160448004,5.758367359309));
#445 = CARTESIAN_POINT('',(6.028863040302,5.754821967853));
#446 = CARTESIAN_POINT('',(6.155999888819,5.753048629364));
#447 = CARTESIAN_POINT('',(6.28318530718,5.753048629364));
#448 = ( GEOMETRIC_REPRESENTATION_CONTEXT(2) 
PARAMETRIC_REPRESENTATION_CONTEXT() REPRESENTATION_CONTEXT('2D SPACE',''
  ) );
#449 = ADVANCED_FACE('',(#450),#44,.T.);
#450 = FACE_BOUND('',#451,.T.);
#451 = EDGE_LOOP('',(#452,#480,#508,#534));
#452 = ORIENTED_EDGE('',*,*,#453,.T.);
#453 = EDGE_CURVE('',#22,#454,#456,.T.);
#454 = VERTEX_POINT('',#455);
#455 = CARTESIAN_POINT('',(19.448667074419,-0.5,24.893158679212));
#456 = SURFACE_CURVE('',#457,(#462,#469),.PCURVE_S1.);
#457 = CIRCLE('',#458,0.8);
#458 = AXIS2_PLACEMENT_3D('',#459,#460,#461);
#459 = CARTESIAN_POINT('',(18.818258471534,-0.5,25.385687859472));
#460 = DIRECTION('',(0.,-1.,0.));
#461 = DIRECTION('',(0.,-0.,-1.));
#462 = PCURVE('',#44,#463);
#463 = DEFINITIONAL_REPRESENTATION('',(#464),#468);
#464 = LINE('',#465,#466);
#465 = CARTESIAN_POINT('',(-5.645279352214,0.));
#466 = VECTOR('',#467,1.);
#467 = DIRECTION('',(1.,0.));
#468 = ( GEOMETRIC_REPRESENTATION_CONTEXT(2) 
PARAMETRIC_REPRESENTATION_CONTEXT() REPRESENTATION_CONTEXT('2D SPACE',''
  ) );
#469 = PCURVE('',#132,#470);
#470 = DEFINITIONAL_REPRESENTATION('',(#471),#479);
#471 = ( BOUNDED_CURVE() B_SPLINE_CURVE(2,(#472,#473,#474,#475,#476,#477
,#478),.UNSPECIFIED.,.T.,.F.) B_SPLINE_CURVE_WITH_KNOTS((1,2,2,2,2,1),(
    -2.094395102393,0.,2.094395102393,4.188790204786,6.28318530718,
8.377580409573),.UNSPECIFIED.) CURVE() GEOMETRIC_REPRESENTATION_ITEM() 
RATIONAL_B_SPLINE_CURVE((1.,0.5,1.,0.5,1.,0.5,1.)) REPRESENTATION_ITEM(
  '') );
#472 = CARTESIAN_POINT('',(-5.548032294463,18.818258471534));
#473 = CARTESIAN_POINT('',(-5.548032294463,20.203899117589));
#474 = CARTESIAN_POINT('',(-4.348032294463,19.511078794561));
#475 = CARTESIAN_POINT('',(-3.148032294463,18.818258471534));
#476 = CARTESIAN_POINT('',(-4.348032294463,18.125438148506));
#477 = CARTESIAN_POINT('',(-5.548032294463,17.432617825479));
#478 = CARTESIAN_POINT('',(-5.548032294463,18.818258471534));
#479 = ( GEOMETRIC_REPRESENTATION_CONTEXT(2) 
PARAMETRIC_REPRESENTATION_CONTEXT() REPRESENTATION_CONTEXT('2D SPACE',''
  ) );
#480 = ORIENTED_EDGE('',*,*,#481,.T.);
#481 = EDGE_CURVE('',#454,#482,#484,.T.);
#482 = VERTEX_POINT('',#483);
#483 = CARTESIAN_POINT('',(19.448667074419,-10.5,24.893158679212));
#484 = SURFACE_CURVE('',#485,(#489,#496),.PCURVE_S1.);
#485 = LINE('',#486,#487);
#486 = CARTESIAN_POINT('',(19.448667074419,-0.5,24.893158679212));
#487 = VECTOR('',#488,1.);
#488 = DIRECTION('',(0.,-1.,0.));
#489 = PCURVE('',#44,#490);
#490 = DEFINITIONAL_REPRESENTATION('',(#491),#495);
#491 = LINE('',#492,#493);
#492 = CARTESIAN_POINT('',(1.545477166002,0.));
#493 = VECTOR('',#494,1.);
#494 = DIRECTION('',(0.,1.));
#495 = ( GEOMETRIC_REPRESENTATION_CONTEXT(2) 
PARAMETRIC_REPRESENTATION_CONTEXT() REPRESENTATION_CONTEXT('2D SPACE',''
  ) );
#496 = PCURVE('',#497,#502);
#497 = PLANE('',#498);
#498 = AXIS2_PLACEMENT_3D('',#499,#500,#501);
#499 = CARTESIAN_POINT('',(22.040680816659,-0.5,28.210784979121));
#500 = DIRECTION('',(0.788010753607,0.,-0.615661475326));
#501 = DIRECTION('',(-0.615661475326,0.,-0.788010753607));
#502 = DEFINITIONAL_REPRESENTATION('',(#503),#507);
#503 = LINE('',#504,#505);
#504 = CARTESIAN_POINT('',(4.210128205388,0.));
#505 = VECTOR('',#506,1.);
#506 = DIRECTION('',(-0.,-1.));
#507 = ( GEOMETRIC_REPRESENTATION_CONTEXT(2) 
PARAMETRIC_REPRESENTATION_CONTEXT() REPRESENTATION_CONTEXT('2D SPACE',''
  ) );
#508 = ORIENTED_EDGE('',*,*,#509,.F.);
#509 = EDGE_CURVE('',#24,#482,#510,.T.);
#510 = SURFACE_CURVE('',#511,(#516,#523),.PCURVE_S1.);
#511 = CIRCLE('',#512,0.8);
#512 = AXIS2_PLACEMENT_3D('',#513,#514,#515);
#513 = CARTESIAN_POINT('',(18.818258471534,-10.5,25.385687859472));
#514 = DIRECTION('',(0.,-1.,0.));
#515 = DIRECTION('',(0.,-0.,-1.));
#516 = PCURVE('',#44,#517);
#517 = DEFINITIONAL_REPRESENTATION('',(#518),#522);
#518 = LINE('',#519,#520);
#519 = CARTESIAN_POINT('',(-5.645279352214,10.));
#520 = VECTOR('',#521,1.);
#521 = DIRECTION('',(1.,0.));
#522 = ( GEOMETRIC_REPRESENTATION_CONTEXT(2) 
PARAMETRIC_REPRESENTATION_CONTEXT() REPRESENTATION_CONTEXT('2D SPACE',''
  ) );
#523 = PCURVE('',#73,#524);
#524 = DEFINITIONAL_REPRESENTATION('',(#525),#533);
#525 = ( BOUNDED_CURVE() B_SPLINE_CURVE(2,(#526,#527,#528,#529,#530,#531
,#532),.UNSPECIFIED.,.T.,.F.) B_SPLINE_CURVE_WITH_KNOTS((1,2,2,2,2,1),(
    -2.094395102393,0.,2.094395102393,4.188790204786,6.28318530718,
8.377580409573),.UNSPECIFIED.) CURVE() GEOMETRIC_REPRESENTATION_ITEM() 
RATIONAL_B_SPLINE_CURVE((1.,0.5,1.,0.5,1.,0.5,1.)) REPRESENTATION_ITEM(
  '') );
#526 = CARTESIAN_POINT('',(-5.548032294463,18.818258471534));
#527 = CARTESIAN_POINT('',(-5.548032294463,20.203899117589));
#528 = CARTESIAN_POINT('',(-4.348032294463,19.511078794561));
#529 = CARTESIAN_POINT('',(-3.148032294463,18.818258471534));
#530 = CARTESIAN_POINT('',(-4.348032294463,18.125438148506));
#531 = CARTESIAN_POINT('',(-5.548032294463,17.432617825479));
#532 = CARTESIAN_POINT('',(-5.548032294463,18.818258471534));
#533 = ( GEOMETRIC_REPRESENTATION_CONTEXT(2) 
PARAMETRIC_REPRESENTATION_CONTEXT() REPRESENTATION_CONTEXT('2D SPACE',''
  ) );
#534 = ORIENTED_EDGE('',*,*,#21,.F.);
#535 = ADVANCED_FACE('',(#536),#132,.T.);
#536 = FACE_BOUND('',#537,.T.);
#537 = EDGE_LOOP('',(#538,#539,#540,#564,#592,#621,#650,#677,#703,#730,
    #754,#783));
#538 = ORIENTED_EDGE('',*,*,#453,.F.);
#539 = ORIENTED_EDGE('',*,*,#117,.F.);
#540 = ORIENTED_EDGE('',*,*,#541,.T.);
#541 = EDGE_CURVE('',#90,#542,#544,.T.);
#542 = VERTEX_POINT('',#543);
#543 = CARTESIAN_POINT('',(-19.44866707441,-0.5,24.893158679212));
#544 = SURFACE_CURVE('',#545,(#550,#557),.PCURVE_S1.);
#545 = CIRCLE('',#546,0.8);
#546 = AXIS2_PLACEMENT_3D('',#547,#548,#549);
#547 = CARTESIAN_POINT('',(-18.81825847153,-0.5,25.385687859472));
#548 = DIRECTION('',(-0.,1.,0.));
#549 = DIRECTION('',(0.,0.,-1.));
#550 = PCURVE('',#132,#551);
#551 = DEFINITIONAL_REPRESENTATION('',(#552),#556);
#552 = CIRCLE('',#553,0.8);
#553 = AXIS2_PLACEMENT_2D('',#554,#555);
#554 = CARTESIAN_POINT('',(-4.748032294463,-18.81825847153));
#555 = DIRECTION('',(-1.,0.));
#556 = ( GEOMETRIC_REPRESENTATION_CONTEXT(2) 
PARAMETRIC_REPRESENTATION_CONTEXT() REPRESENTATION_CONTEXT('2D SPACE',''
  ) );
#557 = PCURVE('',#105,#558);
#558 = DEFINITIONAL_REPRESENTATION('',(#559),#563);
#559 = LINE('',#560,#561);
#560 = CARTESIAN_POINT('',(5.645279352214,-0.));
#561 = VECTOR('',#562,1.);
#562 = DIRECTION('',(-1.,0.));
#563 = ( GEOMETRIC_REPRESENTATION_CONTEXT(2) 
PARAMETRIC_REPRESENTATION_CONTEXT() REPRESENTATION_CONTEXT('2D SPACE',''
  ) );
#564 = ORIENTED_EDGE('',*,*,#565,.T.);
#565 = EDGE_CURVE('',#542,#566,#568,.T.);
#566 = VERTEX_POINT('',#567);
#567 = CARTESIAN_POINT('',(-21.54252199608,-0.5,27.573170765224));
#568 = SURFACE_CURVE('',#569,(#573,#580),.PCURVE_S1.);
#569 = LINE('',#570,#571);
#570 = CARTESIAN_POINT('',(-18.96237344003,-0.5,24.270731211087));
#571 = VECTOR('',#572,1.);
#572 = DIRECTION('',(-0.615661475326,0.,0.788010753607));
#573 = PCURVE('',#132,#574);
#574 = DEFINITIONAL_REPRESENTATION('',(#575),#579);
#575 = LINE('',#576,#577);
#576 = CARTESIAN_POINT('',(-5.862988942848,-18.96237344003));
#577 = VECTOR('',#578,1.);
#578 = DIRECTION('',(0.788010753607,-0.615661475326));
#579 = ( GEOMETRIC_REPRESENTATION_CONTEXT(2) 
PARAMETRIC_REPRESENTATION_CONTEXT() REPRESENTATION_CONTEXT('2D SPACE',''
  ) );
#580 = PCURVE('',#581,#586);
#581 = PLANE('',#582);
#582 = AXIS2_PLACEMENT_3D('',#583,#584,#585);
#583 = CARTESIAN_POINT('',(-18.96237344003,-0.5,24.270731211087));
#584 = DIRECTION('',(-0.788010753607,-0.,-0.615661475326));
#585 = DIRECTION('',(-0.615661475326,0.,0.788010753607));
#586 = DEFINITIONAL_REPRESENTATION('',(#587),#591);
#587 = LINE('',#588,#589);
#588 = CARTESIAN_POINT('',(0.,0.));
#589 = VECTOR('',#590,1.);
#590 = DIRECTION('',(1.,0.));
#591 = ( GEOMETRIC_REPRESENTATION_CONTEXT(2) 
PARAMETRIC_REPRESENTATION_CONTEXT() REPRESENTATION_CONTEXT('2D SPACE',''
  ) );
#592 = ORIENTED_EDGE('',*,*,#593,.T.);
#593 = EDGE_CURVE('',#566,#594,#596,.T.);
#594 = VERTEX_POINT('',#595);
#595 = CARTESIAN_POINT('',(-21.39010455647,-0.5,28.707201658524));
#596 = SURFACE_CURVE('',#597,(#602,#609),.PCURVE_S1.);
#597 = CIRCLE('',#598,0.8);
#598 = AXIS2_PLACEMENT_3D('',#599,#600,#601);
#599 = CARTESIAN_POINT('',(-20.91211339319,-0.5,28.065699945485));
#600 = DIRECTION('',(0.,1.,0.));
#601 = DIRECTION('',(0.,0.,-1.));
#602 = PCURVE('',#132,#603);
#603 = DEFINITIONAL_REPRESENTATION('',(#604),#608);
#604 = CIRCLE('',#605,0.8);
#605 = AXIS2_PLACEMENT_2D('',#606,#607);
#606 = CARTESIAN_POINT('',(-2.068020208451,-20.91211339319));
#607 = DIRECTION('',(-1.,0.));
#608 = ( GEOMETRIC_REPRESENTATION_CONTEXT(2) 
PARAMETRIC_REPRESENTATION_CONTEXT() REPRESENTATION_CONTEXT('2D SPACE',''
  ) );
#609 = PCURVE('',#610,#615);
#610 = CYLINDRICAL_SURFACE('',#611,0.8);
#611 = AXIS2_PLACEMENT_3D('',#612,#613,#614);
#612 = CARTESIAN_POINT('',(-20.91211339319,-0.5,28.065699945485));
#613 = DIRECTION('',(0.,-1.,-0.));
#614 = DIRECTION('',(-0.788010753607,0.,-0.615661475326));
#615 = DEFINITIONAL_REPRESENTATION('',(#616),#620);
#616 = LINE('',#617,#618);
#617 = CARTESIAN_POINT('',(0.907571211037,-0.));
#618 = VECTOR('',#619,1.);
#619 = DIRECTION('',(-1.,0.));
#620 = ( GEOMETRIC_REPRESENTATION_CONTEXT(2) 
PARAMETRIC_REPRESENTATION_CONTEXT() REPRESENTATION_CONTEXT('2D SPACE',''
  ) );
#621 = ORIENTED_EDGE('',*,*,#622,.T.);
#622 = EDGE_CURVE('',#594,#623,#625,.T.);
#623 = VERTEX_POINT('',#624);
#624 = CARTESIAN_POINT('',(-12.,-0.5,33.728919342309));
#625 = SURFACE_CURVE('',#626,(#631,#638),.PCURVE_S1.);
#626 = CIRCLE('',#627,35.8);
#627 = AXIS2_PLACEMENT_3D('',#628,#629,#630);
#628 = CARTESIAN_POINT('',(-8.881784197001E-16,-0.5,-2.13162820728E-14)
  );
#629 = DIRECTION('',(-0.,1.,0.));
#630 = DIRECTION('',(-0.615661475326,-0.,0.788010753607));
#631 = PCURVE('',#132,#632);
#632 = DEFINITIONAL_REPRESENTATION('',(#633),#637);
#633 = CIRCLE('',#634,35.8);
#634 = AXIS2_PLACEMENT_2D('',#635,#636);
#635 = CARTESIAN_POINT('',(-30.13372015393,-2.780557411282E-15));
#636 = DIRECTION('',(0.788010753607,-0.615661475326));
#637 = ( GEOMETRIC_REPRESENTATION_CONTEXT(2) 
PARAMETRIC_REPRESENTATION_CONTEXT() REPRESENTATION_CONTEXT('2D SPACE',''
  ) );
#638 = PCURVE('',#639,#644);
#639 = CYLINDRICAL_SURFACE('',#640,35.8);
#640 = AXIS2_PLACEMENT_3D('',#641,#642,#643);
#641 = CARTESIAN_POINT('',(-8.881784197001E-16,-0.5,-2.13162820728E-14)
  );
#642 = DIRECTION('',(-0.,1.,0.));
#643 = DIRECTION('',(-0.615661475326,-0.,0.788010753607));
#644 = DEFINITIONAL_REPRESENTATION('',(#645),#649);
#645 = LINE('',#646,#647);
#646 = CARTESIAN_POINT('',(0.,0.));
#647 = VECTOR('',#648,1.);
#648 = DIRECTION('',(1.,0.));
#649 = ( GEOMETRIC_REPRESENTATION_CONTEXT(2) 
PARAMETRIC_REPRESENTATION_CONTEXT() REPRESENTATION_CONTEXT('2D SPACE',''
  ) );
#650 = ORIENTED_EDGE('',*,*,#651,.T.);
#651 = EDGE_CURVE('',#623,#652,#654,.T.);
#652 = VERTEX_POINT('',#653);
#653 = CARTESIAN_POINT('',(-12.,-0.5,32.8));
#654 = SURFACE_CURVE('',#655,(#659,#665),.PCURVE_S1.);
#655 = LINE('',#656,#657);
#656 = CARTESIAN_POINT('',(-12.,-0.5,31.466860076968));
#657 = VECTOR('',#658,1.);
#658 = DIRECTION('',(-0.,0.,-1.));
#659 = PCURVE('',#132,#660);
#660 = DEFINITIONAL_REPRESENTATION('',(#661),#664);
#661 = B_SPLINE_CURVE_WITH_KNOTS('',1,(#662,#663),.UNSPECIFIED.,.F.,.F.,
  (2,2),(-4.333139923032,-1.333139923032),.PIECEWISE_BEZIER_KNOTS.);
#662 = CARTESIAN_POINT('',(5.666279846065,-12.));
#663 = CARTESIAN_POINT('',(2.666279846065,-12.));
#664 = ( GEOMETRIC_REPRESENTATION_CONTEXT(2) 
PARAMETRIC_REPRESENTATION_CONTEXT() REPRESENTATION_CONTEXT('2D SPACE',''
  ) );
#665 = PCURVE('',#666,#671);
#666 = PLANE('',#667);
#667 = AXIS2_PLACEMENT_3D('',#668,#669,#670);
#668 = CARTESIAN_POINT('',(-12.,-8.5,32.8));
#669 = DIRECTION('',(1.,0.,-0.));
#670 = DIRECTION('',(0.,0.,1.));
#671 = DEFINITIONAL_REPRESENTATION('',(#672),#676);
#672 = LINE('',#673,#674);
#673 = CARTESIAN_POINT('',(-1.333139923032,-8.));
#674 = VECTOR('',#675,1.);
#675 = DIRECTION('',(-1.,-0.));
#676 = ( GEOMETRIC_REPRESENTATION_CONTEXT(2) 
PARAMETRIC_REPRESENTATION_CONTEXT() REPRESENTATION_CONTEXT('2D SPACE',''
  ) );
#677 = ORIENTED_EDGE('',*,*,#678,.T.);
#678 = EDGE_CURVE('',#652,#679,#681,.T.);
#679 = VERTEX_POINT('',#680);
#680 = CARTESIAN_POINT('',(12.,-0.5,32.8));
#681 = SURFACE_CURVE('',#682,(#686,#692),.PCURVE_S1.);
#682 = LINE('',#683,#684);
#683 = CARTESIAN_POINT('',(-6.,-0.5,32.8));
#684 = VECTOR('',#685,1.);
#685 = DIRECTION('',(1.,0.,0.));
#686 = PCURVE('',#132,#687);
#687 = DEFINITIONAL_REPRESENTATION('',(#688),#691);
#688 = B_SPLINE_CURVE_WITH_KNOTS('',1,(#689,#690),.UNSPECIFIED.,.F.,.F.,
  (2,2),(-6.,18.),.PIECEWISE_BEZIER_KNOTS.);
#689 = CARTESIAN_POINT('',(2.666279846065,-12.));
#690 = CARTESIAN_POINT('',(2.666279846065,12.));
#691 = ( GEOMETRIC_REPRESENTATION_CONTEXT(2) 
PARAMETRIC_REPRESENTATION_CONTEXT() REPRESENTATION_CONTEXT('2D SPACE',''
  ) );
#692 = PCURVE('',#693,#698);
#693 = PLANE('',#694);
#694 = AXIS2_PLACEMENT_3D('',#695,#696,#697);
#695 = CARTESIAN_POINT('',(-12.,-8.5,32.8));
#696 = DIRECTION('',(0.,0.,1.));
#697 = DIRECTION('',(1.,0.,-0.));
#698 = DEFINITIONAL_REPRESENTATION('',(#699),#702);
#699 = B_SPLINE_CURVE_WITH_KNOTS('',1,(#700,#701),.UNSPECIFIED.,.F.,.F.,
  (2,2),(-6.,18.),.PIECEWISE_BEZIER_KNOTS.);
#700 = CARTESIAN_POINT('',(0.,8.));
#701 = CARTESIAN_POINT('',(24.,8.));
#702 = ( GEOMETRIC_REPRESENTATION_CONTEXT(2) 
PARAMETRIC_REPRESENTATION_CONTEXT() REPRESENTATION_CONTEXT('2D SPACE',''
  ) );
#703 = ORIENTED_EDGE('',*,*,#704,.F.);
#704 = EDGE_CURVE('',#705,#679,#707,.T.);
#705 = VERTEX_POINT('',#706);
#706 = CARTESIAN_POINT('',(12.,-0.5,33.728919342309));
#707 = SURFACE_CURVE('',#708,(#712,#718),.PCURVE_S1.);
#708 = LINE('',#709,#710);
#709 = CARTESIAN_POINT('',(12.,-0.5,31.466860076968));
#710 = VECTOR('',#711,1.);
#711 = DIRECTION('',(-0.,0.,-1.));
#712 = PCURVE('',#132,#713);
#713 = DEFINITIONAL_REPRESENTATION('',(#714),#717);
#714 = B_SPLINE_CURVE_WITH_KNOTS('',1,(#715,#716),.UNSPECIFIED.,.F.,.F.,
  (2,2),(-4.333139923032,-1.333139923032),.PIECEWISE_BEZIER_KNOTS.);
#715 = CARTESIAN_POINT('',(5.666279846065,12.));
#716 = CARTESIAN_POINT('',(2.666279846065,12.));
#717 = ( GEOMETRIC_REPRESENTATION_CONTEXT(2) 
PARAMETRIC_REPRESENTATION_CONTEXT() REPRESENTATION_CONTEXT('2D SPACE',''
  ) );
#718 = PCURVE('',#719,#724);
#719 = PLANE('',#720);
#720 = AXIS2_PLACEMENT_3D('',#721,#722,#723);
#721 = CARTESIAN_POINT('',(12.,-8.5,32.8));
#722 = DIRECTION('',(1.,0.,-0.));
#723 = DIRECTION('',(0.,0.,1.));
#724 = DEFINITIONAL_REPRESENTATION('',(#725),#729);
#725 = LINE('',#726,#727);
#726 = CARTESIAN_POINT('',(-1.333139923032,-8.));
#727 = VECTOR('',#728,1.);
#728 = DIRECTION('',(-1.,-0.));
#729 = ( GEOMETRIC_REPRESENTATION_CONTEXT(2) 
PARAMETRIC_REPRESENTATION_CONTEXT() REPRESENTATION_CONTEXT('2D SPACE',''
  ) );
#730 = ORIENTED_EDGE('',*,*,#731,.T.);
#731 = EDGE_CURVE('',#705,#732,#734,.T.);
#732 = VERTEX_POINT('',#733);
#733 = CARTESIAN_POINT('',(21.390104556473,-0.5,28.707201658524));
#734 = SURFACE_CURVE('',#735,(#740,#747),.PCURVE_S1.);
#735 = CIRCLE('',#736,35.8);
#736 = AXIS2_PLACEMENT_3D('',#737,#738,#739);
#737 = CARTESIAN_POINT('',(-8.881784197001E-16,-0.5,-2.13162820728E-14)
  );
#738 = DIRECTION('',(-0.,1.,0.));
#739 = DIRECTION('',(-0.615661475326,-0.,0.788010753607));
#740 = PCURVE('',#132,#741);
#741 = DEFINITIONAL_REPRESENTATION('',(#742),#746);
#742 = CIRCLE('',#743,35.8);
#743 = AXIS2_PLACEMENT_2D('',#744,#745);
#744 = CARTESIAN_POINT('',(-30.13372015393,-2.780557411282E-15));
#745 = DIRECTION('',(0.788010753607,-0.615661475326));
#746 = ( GEOMETRIC_REPRESENTATION_CONTEXT(2) 
PARAMETRIC_REPRESENTATION_CONTEXT() REPRESENTATION_CONTEXT('2D SPACE',''
  ) );
#747 = PCURVE('',#639,#748);
#748 = DEFINITIONAL_REPRESENTATION('',(#749),#753);
#749 = LINE('',#750,#751);
#750 = CARTESIAN_POINT('',(0.,0.));
#751 = VECTOR('',#752,1.);
#752 = DIRECTION('',(1.,0.));
#753 = ( GEOMETRIC_REPRESENTATION_CONTEXT(2) 
PARAMETRIC_REPRESENTATION_CONTEXT() REPRESENTATION_CONTEXT('2D SPACE',''
  ) );
#754 = ORIENTED_EDGE('',*,*,#755,.T.);
#755 = EDGE_CURVE('',#732,#756,#758,.T.);
#756 = VERTEX_POINT('',#757);
#757 = CARTESIAN_POINT('',(21.542521996085,-0.5,27.573170765224));
#758 = SURFACE_CURVE('',#759,(#764,#771),.PCURVE_S1.);
#759 = CIRCLE('',#760,0.8);
#760 = AXIS2_PLACEMENT_3D('',#761,#762,#763);
#761 = CARTESIAN_POINT('',(20.912113393199,-0.5,28.065699945485));
#762 = DIRECTION('',(0.,1.,0.));
#763 = DIRECTION('',(0.,0.,-1.));
#764 = PCURVE('',#132,#765);
#765 = DEFINITIONAL_REPRESENTATION('',(#766),#770);
#766 = CIRCLE('',#767,0.8);
#767 = AXIS2_PLACEMENT_2D('',#768,#769);
#768 = CARTESIAN_POINT('',(-2.068020208451,20.912113393199));
#769 = DIRECTION('',(-1.,0.));
#770 = ( GEOMETRIC_REPRESENTATION_CONTEXT(2) 
PARAMETRIC_REPRESENTATION_CONTEXT() REPRESENTATION_CONTEXT('2D SPACE',''
  ) );
#771 = PCURVE('',#772,#777);
#772 = CYLINDRICAL_SURFACE('',#773,0.8);
#773 = AXIS2_PLACEMENT_3D('',#774,#775,#776);
#774 = CARTESIAN_POINT('',(20.912113393199,-0.5,28.065699945485));
#775 = DIRECTION('',(0.,-1.,-0.));
#776 = DIRECTION('',(0.597488954091,0.,0.8018771413));
#777 = DEFINITIONAL_REPRESENTATION('',(#778),#782);
#778 = LINE('',#779,#780);
#779 = CARTESIAN_POINT('',(3.781958635741,-0.));
#780 = VECTOR('',#781,1.);
#781 = DIRECTION('',(-1.,0.));
#782 = ( GEOMETRIC_REPRESENTATION_CONTEXT(2) 
PARAMETRIC_REPRESENTATION_CONTEXT() REPRESENTATION_CONTEXT('2D SPACE',''
  ) );
#783 = ORIENTED_EDGE('',*,*,#784,.T.);
#784 = EDGE_CURVE('',#756,#454,#785,.T.);
#785 = SURFACE_CURVE('',#786,(#790,#797),.PCURVE_S1.);
#786 = LINE('',#787,#788);
#787 = CARTESIAN_POINT('',(22.040680816659,-0.5,28.210784979121));
#788 = VECTOR('',#789,1.);
#789 = DIRECTION('',(-0.615661475326,0.,-0.788010753607));
#790 = PCURVE('',#132,#791);
#791 = DEFINITIONAL_REPRESENTATION('',(#792),#796);
#792 = LINE('',#793,#794);
#793 = CARTESIAN_POINT('',(-1.922935174814,22.040680816659));
#794 = VECTOR('',#795,1.);
#795 = DIRECTION('',(-0.788010753607,-0.615661475326));
#796 = ( GEOMETRIC_REPRESENTATION_CONTEXT(2) 
PARAMETRIC_REPRESENTATION_CONTEXT() REPRESENTATION_CONTEXT('2D SPACE',''
  ) );
#797 = PCURVE('',#497,#798);
#798 = DEFINITIONAL_REPRESENTATION('',(#799),#803);
#799 = LINE('',#800,#801);
#800 = CARTESIAN_POINT('',(0.,0.));
#801 = VECTOR('',#802,1.);
#802 = DIRECTION('',(1.,0.));
#803 = ( GEOMETRIC_REPRESENTATION_CONTEXT(2) 
PARAMETRIC_REPRESENTATION_CONTEXT() REPRESENTATION_CONTEXT('2D SPACE',''
  ) );
#804 = ADVANCED_FACE('',(#805),#73,.F.);
#805 = FACE_BOUND('',#806,.F.);
#806 = EDGE_LOOP('',(#807,#808,#832,#855,#879,#903,#927,#948));
#807 = ORIENTED_EDGE('',*,*,#56,.T.);
#808 = ORIENTED_EDGE('',*,*,#809,.T.);
#809 = EDGE_CURVE('',#57,#810,#812,.T.);
#810 = VERTEX_POINT('',#811);
#811 = CARTESIAN_POINT('',(-19.44866707441,-10.5,24.893158679212));
#812 = SURFACE_CURVE('',#813,(#818,#825),.PCURVE_S1.);
#813 = CIRCLE('',#814,0.8);
#814 = AXIS2_PLACEMENT_3D('',#815,#816,#817);
#815 = CARTESIAN_POINT('',(-18.81825847153,-10.5,25.385687859472));
#816 = DIRECTION('',(-0.,1.,0.));
#817 = DIRECTION('',(0.,0.,-1.));
#818 = PCURVE('',#73,#819);
#819 = DEFINITIONAL_REPRESENTATION('',(#820),#824);
#820 = CIRCLE('',#821,0.8);
#821 = AXIS2_PLACEMENT_2D('',#822,#823);
#822 = CARTESIAN_POINT('',(-4.748032294463,-18.81825847153));
#823 = DIRECTION('',(-1.,0.));
#824 = ( GEOMETRIC_REPRESENTATION_CONTEXT(2) 
PARAMETRIC_REPRESENTATION_CONTEXT() REPRESENTATION_CONTEXT('2D SPACE',''
  ) );
#825 = PCURVE('',#105,#826);
#826 = DEFINITIONAL_REPRESENTATION('',(#827),#831);
#827 = LINE('',#828,#829);
#828 = CARTESIAN_POINT('',(5.645279352214,10.));
#829 = VECTOR('',#830,1.);
#830 = DIRECTION('',(-1.,0.));
#831 = ( GEOMETRIC_REPRESENTATION_CONTEXT(2) 
PARAMETRIC_REPRESENTATION_CONTEXT() REPRESENTATION_CONTEXT('2D SPACE',''
  ) );
#832 = ORIENTED_EDGE('',*,*,#833,.T.);
#833 = EDGE_CURVE('',#810,#834,#836,.T.);
#834 = VERTEX_POINT('',#835);
#835 = CARTESIAN_POINT('',(-21.54252199608,-10.5,27.573170765224));
#836 = SURFACE_CURVE('',#837,(#841,#848),.PCURVE_S1.);
#837 = LINE('',#838,#839);
#838 = CARTESIAN_POINT('',(-18.96237344003,-10.5,24.270731211087));
#839 = VECTOR('',#840,1.);
#840 = DIRECTION('',(-0.615661475326,0.,0.788010753607));
#841 = PCURVE('',#73,#842);
#842 = DEFINITIONAL_REPRESENTATION('',(#843),#847);
#843 = LINE('',#844,#845);
#844 = CARTESIAN_POINT('',(-5.862988942848,-18.96237344003));
#845 = VECTOR('',#846,1.);
#846 = DIRECTION('',(0.788010753607,-0.615661475326));
#847 = ( GEOMETRIC_REPRESENTATION_CONTEXT(2) 
PARAMETRIC_REPRESENTATION_CONTEXT() REPRESENTATION_CONTEXT('2D SPACE',''
  ) );
#848 = PCURVE('',#581,#849);
#849 = DEFINITIONAL_REPRESENTATION('',(#850),#854);
#850 = LINE('',#851,#852);
#851 = CARTESIAN_POINT('',(0.,-10.));
#852 = VECTOR('',#853,1.);
#853 = DIRECTION('',(1.,0.));
#854 = ( GEOMETRIC_REPRESENTATION_CONTEXT(2) 
PARAMETRIC_REPRESENTATION_CONTEXT() REPRESENTATION_CONTEXT('2D SPACE',''
  ) );
#855 = ORIENTED_EDGE('',*,*,#856,.T.);
#856 = EDGE_CURVE('',#834,#857,#859,.T.);
#857 = VERTEX_POINT('',#858);
#858 = CARTESIAN_POINT('',(-21.39010455647,-10.5,28.707201658524));
#859 = SURFACE_CURVE('',#860,(#865,#872),.PCURVE_S1.);
#860 = CIRCLE('',#861,0.8);
#861 = AXIS2_PLACEMENT_3D('',#862,#863,#864);
#862 = CARTESIAN_POINT('',(-20.91211339319,-10.5,28.065699945485));
#863 = DIRECTION('',(0.,1.,0.));
#864 = DIRECTION('',(0.,0.,-1.));
#865 = PCURVE('',#73,#866);
#866 = DEFINITIONAL_REPRESENTATION('',(#867),#871);
#867 = CIRCLE('',#868,0.8);
#868 = AXIS2_PLACEMENT_2D('',#869,#870);
#869 = CARTESIAN_POINT('',(-2.068020208451,-20.91211339319));
#870 = DIRECTION('',(-1.,0.));
#871 = ( GEOMETRIC_REPRESENTATION_CONTEXT(2) 
PARAMETRIC_REPRESENTATION_CONTEXT() REPRESENTATION_CONTEXT('2D SPACE',''
  ) );
#872 = PCURVE('',#610,#873);
#873 = DEFINITIONAL_REPRESENTATION('',(#874),#878);
#874 = LINE('',#875,#876);
#875 = CARTESIAN_POINT('',(0.907571211037,10.));
#876 = VECTOR('',#877,1.);
#877 = DIRECTION('',(-1.,0.));
#878 = ( GEOMETRIC_REPRESENTATION_CONTEXT(2) 
PARAMETRIC_REPRESENTATION_CONTEXT() REPRESENTATION_CONTEXT('2D SPACE',''
  ) );
#879 = ORIENTED_EDGE('',*,*,#880,.T.);
#880 = EDGE_CURVE('',#857,#881,#883,.T.);
#881 = VERTEX_POINT('',#882);
#882 = CARTESIAN_POINT('',(21.390104556473,-10.5,28.707201658524));
#883 = SURFACE_CURVE('',#884,(#889,#896),.PCURVE_S1.);
#884 = CIRCLE('',#885,35.8);
#885 = AXIS2_PLACEMENT_3D('',#886,#887,#888);
#886 = CARTESIAN_POINT('',(-8.881784197001E-16,-10.5,-2.13162820728E-14)
  );
#887 = DIRECTION('',(-0.,1.,0.));
#888 = DIRECTION('',(-0.615661475326,-0.,0.788010753607));
#889 = PCURVE('',#73,#890);
#890 = DEFINITIONAL_REPRESENTATION('',(#891),#895);
#891 = CIRCLE('',#892,35.8);
#892 = AXIS2_PLACEMENT_2D('',#893,#894);
#893 = CARTESIAN_POINT('',(-30.13372015393,-2.780557411282E-15));
#894 = DIRECTION('',(0.788010753607,-0.615661475326));
#895 = ( GEOMETRIC_REPRESENTATION_CONTEXT(2) 
PARAMETRIC_REPRESENTATION_CONTEXT() REPRESENTATION_CONTEXT('2D SPACE',''
  ) );
#896 = PCURVE('',#639,#897);
#897 = DEFINITIONAL_REPRESENTATION('',(#898),#902);
#898 = LINE('',#899,#900);
#899 = CARTESIAN_POINT('',(0.,-10.));
#900 = VECTOR('',#901,1.);
#901 = DIRECTION('',(1.,0.));
#902 = ( GEOMETRIC_REPRESENTATION_CONTEXT(2) 
PARAMETRIC_REPRESENTATION_CONTEXT() REPRESENTATION_CONTEXT('2D SPACE',''
  ) );
#903 = ORIENTED_EDGE('',*,*,#904,.T.);
#904 = EDGE_CURVE('',#881,#905,#907,.T.);
#905 = VERTEX_POINT('',#906);
#906 = CARTESIAN_POINT('',(21.542521996085,-10.5,27.573170765224));
#907 = SURFACE_CURVE('',#908,(#913,#920),.PCURVE_S1.);
#908 = CIRCLE('',#909,0.8);
#909 = AXIS2_PLACEMENT_3D('',#910,#911,#912);
#910 = CARTESIAN_POINT('',(20.912113393199,-10.5,28.065699945485));
#911 = DIRECTION('',(0.,1.,0.));
#912 = DIRECTION('',(0.,0.,-1.));
#913 = PCURVE('',#73,#914);
#914 = DEFINITIONAL_REPRESENTATION('',(#915),#919);
#915 = CIRCLE('',#916,0.8);
#916 = AXIS2_PLACEMENT_2D('',#917,#918);
#917 = CARTESIAN_POINT('',(-2.068020208451,20.912113393199));
#918 = DIRECTION('',(-1.,0.));
#919 = ( GEOMETRIC_REPRESENTATION_CONTEXT(2) 
PARAMETRIC_REPRESENTATION_CONTEXT() REPRESENTATION_CONTEXT('2D SPACE',''
  ) );
#920 = PCURVE('',#772,#921);
#921 = DEFINITIONAL_REPRESENTATION('',(#922),#926);
#922 = LINE('',#923,#924);
#923 = CARTESIAN_POINT('',(3.781958635741,10.));
#924 = VECTOR('',#925,1.);
#925 = DIRECTION('',(-1.,0.));
#926 = ( GEOMETRIC_REPRESENTATION_CONTEXT(2) 
PARAMETRIC_REPRESENTATION_CONTEXT() REPRESENTATION_CONTEXT('2D SPACE',''
  ) );
#927 = ORIENTED_EDGE('',*,*,#928,.T.);
#928 = EDGE_CURVE('',#905,#482,#929,.T.);
#929 = SURFACE_CURVE('',#930,(#934,#941),.PCURVE_S1.);
#930 = LINE('',#931,#932);
#931 = CARTESIAN_POINT('',(22.040680816659,-10.5,28.210784979121));
#932 = VECTOR('',#933,1.);
#933 = DIRECTION('',(-0.615661475326,0.,-0.788010753607));
#934 = PCURVE('',#73,#935);
#935 = DEFINITIONAL_REPRESENTATION('',(#936),#940);
#936 = LINE('',#937,#938);
#937 = CARTESIAN_POINT('',(-1.922935174814,22.040680816659));
#938 = VECTOR('',#939,1.);
#939 = DIRECTION('',(-0.788010753607,-0.615661475326));
#940 = ( GEOMETRIC_REPRESENTATION_CONTEXT(2) 
PARAMETRIC_REPRESENTATION_CONTEXT() REPRESENTATION_CONTEXT('2D SPACE',''
  ) );
#941 = PCURVE('',#497,#942);
#942 = DEFINITIONAL_REPRESENTATION('',(#943),#947);
#943 = LINE('',#944,#945);
#944 = CARTESIAN_POINT('',(-0.,-10.));
#945 = VECTOR('',#946,1.);
#946 = DIRECTION('',(1.,0.));
#947 = ( GEOMETRIC_REPRESENTATION_CONTEXT(2) 
PARAMETRIC_REPRESENTATION_CONTEXT() REPRESENTATION_CONTEXT('2D SPACE',''
  ) );
#948 = ORIENTED_EDGE('',*,*,#509,.F.);
#949 = ADVANCED_FACE('',(#950),#105,.T.);
#950 = FACE_BOUND('',#951,.F.);
#951 = EDGE_LOOP('',(#952,#953,#974,#975));
#952 = ORIENTED_EDGE('',*,*,#541,.T.);
#953 = ORIENTED_EDGE('',*,*,#954,.T.);
#954 = EDGE_CURVE('',#542,#810,#955,.T.);
#955 = SURFACE_CURVE('',#956,(#960,#967),.PCURVE_S1.);
#956 = LINE('',#957,#958);
#957 = CARTESIAN_POINT('',(-19.44866707441,-0.5,24.893158679212));
#958 = VECTOR('',#959,1.);
#959 = DIRECTION('',(0.,-1.,0.));
#960 = PCURVE('',#105,#961);
#961 = DEFINITIONAL_REPRESENTATION('',(#962),#966);
#962 = LINE('',#963,#964);
#963 = CARTESIAN_POINT('',(-1.545477166002,0.));
#964 = VECTOR('',#965,1.);
#965 = DIRECTION('',(-0.,1.));
#966 = ( GEOMETRIC_REPRESENTATION_CONTEXT(2) 
PARAMETRIC_REPRESENTATION_CONTEXT() REPRESENTATION_CONTEXT('2D SPACE',''
  ) );
#967 = PCURVE('',#581,#968);
#968 = DEFINITIONAL_REPRESENTATION('',(#969),#973);
#969 = LINE('',#970,#971);
#970 = CARTESIAN_POINT('',(0.789871794612,0.));
#971 = VECTOR('',#972,1.);
#972 = DIRECTION('',(0.,-1.));
#973 = ( GEOMETRIC_REPRESENTATION_CONTEXT(2) 
PARAMETRIC_REPRESENTATION_CONTEXT() REPRESENTATION_CONTEXT('2D SPACE',''
  ) );
#974 = ORIENTED_EDGE('',*,*,#809,.F.);
#975 = ORIENTED_EDGE('',*,*,#89,.F.);
#976 = ADVANCED_FACE('',(#977),#244,.F.);
#977 = FACE_BOUND('',#978,.F.);
#978 = EDGE_LOOP('',(#979,#1008,#1029,#1030));
#979 = ORIENTED_EDGE('',*,*,#980,.F.);
#980 = EDGE_CURVE('',#981,#981,#983,.T.);
#981 = VERTEX_POINT('',#982);
#982 = CARTESIAN_POINT('',(18.672243186434,-4.5,28.941273890185));
#983 = SURFACE_CURVE('',#984,(#989,#996),.PCURVE_S1.);
#984 = CIRCLE('',#985,1.7);
#985 = AXIS2_PLACEMENT_3D('',#986,#987,#988);
#986 = CARTESIAN_POINT('',(17.2,-4.5,29.791273890185));
#987 = DIRECTION('',(0.5,0.,0.866025403784));
#988 = DIRECTION('',(0.866025403784,0.,-0.5));
#989 = PCURVE('',#244,#990);
#990 = DEFINITIONAL_REPRESENTATION('',(#991),#995);
#991 = LINE('',#992,#993);
#992 = CARTESIAN_POINT('',(0.,9.4));
#993 = VECTOR('',#994,1.);
#994 = DIRECTION('',(1.,0.));
#995 = ( GEOMETRIC_REPRESENTATION_CONTEXT(2) 
PARAMETRIC_REPRESENTATION_CONTEXT() REPRESENTATION_CONTEXT('2D SPACE',''
  ) );
#996 = PCURVE('',#997,#1002);
#997 = PLANE('',#998);
#998 = AXIS2_PLACEMENT_3D('',#999,#1000,#1001);
#999 = CARTESIAN_POINT('',(17.2,-4.5,29.791273890185));
#1000 = DIRECTION('',(0.5,0.,0.866025403784));
#1001 = DIRECTION('',(0.866025403784,0.,-0.5));
#1002 = DEFINITIONAL_REPRESENTATION('',(#1003),#1007);
#1003 = CIRCLE('',#1004,1.7);
#1004 = AXIS2_PLACEMENT_2D('',#1005,#1006);
#1005 = CARTESIAN_POINT('',(1.7763568394E-15,0.));
#1006 = DIRECTION('',(1.,0.));
#1007 = ( GEOMETRIC_REPRESENTATION_CONTEXT(2) 
PARAMETRIC_REPRESENTATION_CONTEXT() REPRESENTATION_CONTEXT('2D SPACE',''
  ) );
#1008 = ORIENTED_EDGE('',*,*,#1009,.F.);
#1009 = EDGE_CURVE('',#147,#981,#1010,.T.);
#1010 = SEAM_CURVE('',#1011,(#1015,#1022),.PCURVE_S1.);
#1011 = LINE('',#1012,#1013);
#1012 = CARTESIAN_POINT('',(13.972243186434,-4.5,20.800635094611));
#1013 = VECTOR('',#1014,1.);
#1014 = DIRECTION('',(0.5,0.,0.866025403784));
#1015 = PCURVE('',#244,#1016);
#1016 = DEFINITIONAL_REPRESENTATION('',(#1017),#1021);
#1017 = LINE('',#1018,#1019);
#1018 = CARTESIAN_POINT('',(6.28318530718,-0.));
#1019 = VECTOR('',#1020,1.);
#1020 = DIRECTION('',(0.,1.));
#1021 = ( GEOMETRIC_REPRESENTATION_CONTEXT(2) 
PARAMETRIC_REPRESENTATION_CONTEXT() REPRESENTATION_CONTEXT('2D SPACE',''
  ) );
#1022 = PCURVE('',#244,#1023);
#1023 = DEFINITIONAL_REPRESENTATION('',(#1024),#1028);
#1024 = LINE('',#1025,#1026);
#1025 = CARTESIAN_POINT('',(0.,-0.));
#1026 = VECTOR('',#1027,1.);
#1027 = DIRECTION('',(0.,1.));
#1028 = ( GEOMETRIC_REPRESENTATION_CONTEXT(2) 
PARAMETRIC_REPRESENTATION_CONTEXT() REPRESENTATION_CONTEXT('2D SPACE',''
  ) );
#1029 = ORIENTED_EDGE('',*,*,#146,.T.);
#1030 = ORIENTED_EDGE('',*,*,#1009,.T.);
#1031 = ADVANCED_FACE('',(#1032),#397,.F.);
#1032 = FACE_BOUND('',#1033,.F.);
#1033 = EDGE_LOOP('',(#1034,#1063,#1084,#1085));
#1034 = ORIENTED_EDGE('',*,*,#1035,.F.);
#1035 = EDGE_CURVE('',#1036,#1036,#1038,.T.);
#1036 = VERTEX_POINT('',#1037);
#1037 = CARTESIAN_POINT('',(-15.72775681356,-4.5,30.641273890185));
#1038 = SURFACE_CURVE('',#1039,(#1044,#1051),.PCURVE_S1.);
#1039 = CIRCLE('',#1040,1.7);
#1040 = AXIS2_PLACEMENT_3D('',#1041,#1042,#1043);
#1041 = CARTESIAN_POINT('',(-17.2,-4.5,29.791273890185));
#1042 = DIRECTION('',(-0.5,0.,0.866025403784));
#1043 = DIRECTION('',(0.866025403784,0.,0.5));
#1044 = PCURVE('',#397,#1045);
#1045 = DEFINITIONAL_REPRESENTATION('',(#1046),#1050);
#1046 = LINE('',#1047,#1048);
#1047 = CARTESIAN_POINT('',(0.,9.4));
#1048 = VECTOR('',#1049,1.);
#1049 = DIRECTION('',(1.,0.));
#1050 = ( GEOMETRIC_REPRESENTATION_CONTEXT(2) 
PARAMETRIC_REPRESENTATION_CONTEXT() REPRESENTATION_CONTEXT('2D SPACE',''
  ) );
#1051 = PCURVE('',#1052,#1057);
#1052 = PLANE('',#1053);
#1053 = AXIS2_PLACEMENT_3D('',#1054,#1055,#1056);
#1054 = CARTESIAN_POINT('',(-17.2,-4.5,29.791273890185));
#1055 = DIRECTION('',(-0.5,0.,0.866025403784));
#1056 = DIRECTION('',(0.866025403784,0.,0.5));
#1057 = DEFINITIONAL_REPRESENTATION('',(#1058),#1062);
#1058 = CIRCLE('',#1059,1.7);
#1059 = AXIS2_PLACEMENT_2D('',#1060,#1061);
#1060 = CARTESIAN_POINT('',(3.076740298214E-15,0.));
#1061 = DIRECTION('',(1.,0.));
#1062 = ( GEOMETRIC_REPRESENTATION_CONTEXT(2) 
PARAMETRIC_REPRESENTATION_CONTEXT() REPRESENTATION_CONTEXT('2D SPACE',''
  ) );
#1063 = ORIENTED_EDGE('',*,*,#1064,.F.);
#1064 = EDGE_CURVE('',#300,#1036,#1065,.T.);
#1065 = SEAM_CURVE('',#1066,(#1070,#1077),.PCURVE_S1.);
#1066 = LINE('',#1067,#1068);
#1067 = CARTESIAN_POINT('',(-11.02775681356,-4.5,22.500635094611));
#1068 = VECTOR('',#1069,1.);
#1069 = DIRECTION('',(-0.5,1.232595164408E-32,0.866025403784));
#1070 = PCURVE('',#397,#1071);
#1071 = DEFINITIONAL_REPRESENTATION('',(#1072),#1076);
#1072 = LINE('',#1073,#1074);
#1073 = CARTESIAN_POINT('',(6.28318530718,-0.));
#1074 = VECTOR('',#1075,1.);
#1075 = DIRECTION('',(0.,1.));
#1076 = ( GEOMETRIC_REPRESENTATION_CONTEXT(2) 
PARAMETRIC_REPRESENTATION_CONTEXT() REPRESENTATION_CONTEXT('2D SPACE',''
  ) );
#1077 = PCURVE('',#397,#1078);
#1078 = DEFINITIONAL_REPRESENTATION('',(#1079),#1083);
#1079 = LINE('',#1080,#1081);
#1080 = CARTESIAN_POINT('',(0.,-0.));
#1081 = VECTOR('',#1082,1.);
#1082 = DIRECTION('',(0.,1.));
#1083 = ( GEOMETRIC_REPRESENTATION_CONTEXT(2) 
PARAMETRIC_REPRESENTATION_CONTEXT() REPRESENTATION_CONTEXT('2D SPACE',''
  ) );
#1084 = ORIENTED_EDGE('',*,*,#299,.T.);
#1085 = ORIENTED_EDGE('',*,*,#1064,.T.);
#1086 = ADVANCED_FACE('',(#1087),#497,.T.);
#1087 = FACE_BOUND('',#1088,.T.);
#1088 = EDGE_LOOP('',(#1089,#1090,#1111,#1112));
#1089 = ORIENTED_EDGE('',*,*,#784,.F.);
#1090 = ORIENTED_EDGE('',*,*,#1091,.T.);
#1091 = EDGE_CURVE('',#756,#905,#1092,.T.);
#1092 = SURFACE_CURVE('',#1093,(#1097,#1104),.PCURVE_S1.);
#1093 = LINE('',#1094,#1095);
#1094 = CARTESIAN_POINT('',(21.542521996085,-0.5,27.573170765224));
#1095 = VECTOR('',#1096,1.);
#1096 = DIRECTION('',(0.,-1.,-0.));
#1097 = PCURVE('',#497,#1098);
#1098 = DEFINITIONAL_REPRESENTATION('',(#1099),#1103);
#1099 = LINE('',#1100,#1101);
#1100 = CARTESIAN_POINT('',(0.809144051624,0.));
#1101 = VECTOR('',#1102,1.);
#1102 = DIRECTION('',(0.,-1.));
#1103 = ( GEOMETRIC_REPRESENTATION_CONTEXT(2) 
PARAMETRIC_REPRESENTATION_CONTEXT() REPRESENTATION_CONTEXT('2D SPACE',''
  ) );
#1104 = PCURVE('',#772,#1105);
#1105 = DEFINITIONAL_REPRESENTATION('',(#1106),#1110);
#1106 = LINE('',#1107,#1108);
#1107 = CARTESIAN_POINT('',(-1.593655460402,0.));
#1108 = VECTOR('',#1109,1.);
#1109 = DIRECTION('',(-0.,1.));
#1110 = ( GEOMETRIC_REPRESENTATION_CONTEXT(2) 
PARAMETRIC_REPRESENTATION_CONTEXT() REPRESENTATION_CONTEXT('2D SPACE',''
  ) );
#1111 = ORIENTED_EDGE('',*,*,#928,.T.);
#1112 = ORIENTED_EDGE('',*,*,#481,.F.);
#1113 = ADVANCED_FACE('',(#1114),#581,.T.);
#1114 = FACE_BOUND('',#1115,.T.);
#1115 = EDGE_LOOP('',(#1116,#1117,#1118,#1119));
#1116 = ORIENTED_EDGE('',*,*,#565,.F.);
#1117 = ORIENTED_EDGE('',*,*,#954,.T.);
#1118 = ORIENTED_EDGE('',*,*,#833,.T.);
#1119 = ORIENTED_EDGE('',*,*,#1120,.F.);
#1120 = EDGE_CURVE('',#566,#834,#1121,.T.);
#1121 = SURFACE_CURVE('',#1122,(#1126,#1133),.PCURVE_S1.);
#1122 = LINE('',#1123,#1124);
#1123 = CARTESIAN_POINT('',(-21.54252199608,-0.5,27.573170765224));
#1124 = VECTOR('',#1125,1.);
#1125 = DIRECTION('',(0.,-1.,-0.));
#1126 = PCURVE('',#581,#1127);
#1127 = DEFINITIONAL_REPRESENTATION('',(#1128),#1132);
#1128 = LINE('',#1129,#1130);
#1129 = CARTESIAN_POINT('',(4.190855948376,0.));
#1130 = VECTOR('',#1131,1.);
#1131 = DIRECTION('',(-0.,-1.));
#1132 = ( GEOMETRIC_REPRESENTATION_CONTEXT(2) 
PARAMETRIC_REPRESENTATION_CONTEXT() REPRESENTATION_CONTEXT('2D SPACE',''
  ) );
#1133 = PCURVE('',#610,#1134);
#1134 = DEFINITIONAL_REPRESENTATION('',(#1135),#1139);
#1135 = LINE('',#1136,#1137);
#1136 = CARTESIAN_POINT('',(-0.,0.));
#1137 = VECTOR('',#1138,1.);
#1138 = DIRECTION('',(-0.,1.));
#1139 = ( GEOMETRIC_REPRESENTATION_CONTEXT(2) 
PARAMETRIC_REPRESENTATION_CONTEXT() REPRESENTATION_CONTEXT('2D SPACE',''
  ) );
#1140 = ADVANCED_FACE('',(#1141),#610,.T.);
#1141 = FACE_BOUND('',#1142,.F.);
#1142 = EDGE_LOOP('',(#1143,#1144,#1165,#1166));
#1143 = ORIENTED_EDGE('',*,*,#593,.T.);
#1144 = ORIENTED_EDGE('',*,*,#1145,.T.);
#1145 = EDGE_CURVE('',#594,#857,#1146,.T.);
#1146 = SURFACE_CURVE('',#1147,(#1151,#1158),.PCURVE_S1.);
#1147 = LINE('',#1148,#1149);
#1148 = CARTESIAN_POINT('',(-21.39010455647,-0.5,28.707201658524));
#1149 = VECTOR('',#1150,1.);
#1150 = DIRECTION('',(0.,-1.,-0.));
#1151 = PCURVE('',#610,#1152);
#1152 = DEFINITIONAL_REPRESENTATION('',(#1153),#1157);
#1153 = LINE('',#1154,#1155);
#1154 = CARTESIAN_POINT('',(-1.593655460402,0.));
#1155 = VECTOR('',#1156,1.);
#1156 = DIRECTION('',(-0.,1.));
#1157 = ( GEOMETRIC_REPRESENTATION_CONTEXT(2) 
PARAMETRIC_REPRESENTATION_CONTEXT() REPRESENTATION_CONTEXT('2D SPACE',''
  ) );
#1158 = PCURVE('',#639,#1159);
#1159 = DEFINITIONAL_REPRESENTATION('',(#1160),#1164);
#1160 = LINE('',#1161,#1162);
#1161 = CARTESIAN_POINT('',(2.285913360703E-02,0.));
#1162 = VECTOR('',#1163,1.);
#1163 = DIRECTION('',(-0.,-1.));
#1164 = ( GEOMETRIC_REPRESENTATION_CONTEXT(2) 
PARAMETRIC_REPRESENTATION_CONTEXT() REPRESENTATION_CONTEXT('2D SPACE',''
  ) );
#1165 = ORIENTED_EDGE('',*,*,#856,.F.);
#1166 = ORIENTED_EDGE('',*,*,#1120,.F.);
#1167 = ADVANCED_FACE('',(#1168,#1392,#1587),#639,.T.);
#1168 = FACE_BOUND('',#1169,.T.);
#1169 = EDGE_LOOP('',(#1170,#1171,#1172,#1173,#1194,#1195,#1217,#1278,
    #1311,#1372));
#1170 = ORIENTED_EDGE('',*,*,#622,.F.);
#1171 = ORIENTED_EDGE('',*,*,#1145,.T.);
#1172 = ORIENTED_EDGE('',*,*,#880,.T.);
#1173 = ORIENTED_EDGE('',*,*,#1174,.F.);
#1174 = EDGE_CURVE('',#732,#881,#1175,.T.);
#1175 = SURFACE_CURVE('',#1176,(#1180,#1187),.PCURVE_S1.);
#1176 = LINE('',#1177,#1178);
#1177 = CARTESIAN_POINT('',(21.390104556473,-0.5,28.707201658524));
#1178 = VECTOR('',#1179,1.);
#1179 = DIRECTION('',(0.,-1.,-0.));
#1180 = PCURVE('',#639,#1181);
#1181 = DEFINITIONAL_REPRESENTATION('',(#1182),#1186);
#1182 = LINE('',#1183,#1184);
#1183 = CARTESIAN_POINT('',(1.303591097909,0.));
#1184 = VECTOR('',#1185,1.);
#1185 = DIRECTION('',(-0.,-1.));
#1186 = ( GEOMETRIC_REPRESENTATION_CONTEXT(2) 
PARAMETRIC_REPRESENTATION_CONTEXT() REPRESENTATION_CONTEXT('2D SPACE',''
  ) );
#1187 = PCURVE('',#772,#1188);
#1188 = DEFINITIONAL_REPRESENTATION('',(#1189),#1193);
#1189 = LINE('',#1190,#1191);
#1190 = CARTESIAN_POINT('',(-0.,0.));
#1191 = VECTOR('',#1192,1.);
#1192 = DIRECTION('',(-0.,1.));
#1193 = ( GEOMETRIC_REPRESENTATION_CONTEXT(2) 
PARAMETRIC_REPRESENTATION_CONTEXT() REPRESENTATION_CONTEXT('2D SPACE',''
  ) );
#1194 = ORIENTED_EDGE('',*,*,#731,.F.);
#1195 = ORIENTED_EDGE('',*,*,#1196,.F.);
#1196 = EDGE_CURVE('',#1197,#705,#1199,.T.);
#1197 = VERTEX_POINT('',#1198);
#1198 = CARTESIAN_POINT('',(12.,-7.7,33.728919342309));
#1199 = SURFACE_CURVE('',#1200,(#1204,#1210),.PCURVE_S1.);
#1200 = LINE('',#1201,#1202);
#1201 = CARTESIAN_POINT('',(12.,-0.5,33.728919342309));
#1202 = VECTOR('',#1203,1.);
#1203 = DIRECTION('',(-0.,1.,0.));
#1204 = PCURVE('',#639,#1205);
#1205 = DEFINITIONAL_REPRESENTATION('',(#1206),#1209);
#1206 = B_SPLINE_CURVE_WITH_KNOTS('',1,(#1207,#1208),.UNSPECIFIED.,.F.,
  .F.,(2,2),(-8.24,6.000000000173E-07),.PIECEWISE_BEZIER_KNOTS.);
#1207 = CARTESIAN_POINT('',(1.005037875237,-8.24));
#1208 = CARTESIAN_POINT('',(1.005037875237,6.000000000173E-07));
#1209 = ( GEOMETRIC_REPRESENTATION_CONTEXT(2) 
PARAMETRIC_REPRESENTATION_CONTEXT() REPRESENTATION_CONTEXT('2D SPACE',''
  ) );
#1210 = PCURVE('',#719,#1211);
#1211 = DEFINITIONAL_REPRESENTATION('',(#1212),#1216);
#1212 = LINE('',#1213,#1214);
#1213 = CARTESIAN_POINT('',(0.928919342309,-8.));
#1214 = VECTOR('',#1215,1.);
#1215 = DIRECTION('',(0.,-1.));
#1216 = ( GEOMETRIC_REPRESENTATION_CONTEXT(2) 
PARAMETRIC_REPRESENTATION_CONTEXT() REPRESENTATION_CONTEXT('2D SPACE',''
  ) );
#1217 = ORIENTED_EDGE('',*,*,#1218,.T.);
#1218 = EDGE_CURVE('',#1197,#1219,#1221,.T.);
#1219 = VERTEX_POINT('',#1220);
#1220 = CARTESIAN_POINT('',(11.2,-8.5,34.002941049268));
#1221 = SURFACE_CURVE('',#1222,(#1237,#1255),.PCURVE_S1.);
#1222 = B_SPLINE_CURVE_WITH_KNOTS('',7,(#1223,#1224,#1225,#1226,#1227,
    #1228,#1229,#1230,#1231,#1232,#1233,#1234,#1235,#1236),
  .UNSPECIFIED.,.F.,.F.,(8,6,8),(0.,0.580295988793,1.),.UNSPECIFIED.);
#1223 = CARTESIAN_POINT('',(12.,-7.7,33.728919342309));
#1224 = CARTESIAN_POINT('',(12.,-7.798003763051,33.728919342309));
#1225 = CARTESIAN_POINT('',(11.985993082308,-7.89621649323,
    33.733902689839));
#1226 = CARTESIAN_POINT('',(11.957871811947,-7.992593951938,
    33.743907625828));
#1227 = CARTESIAN_POINT('',(11.91573587498,-8.085043271945,
    33.75885733955));
#1228 = CARTESIAN_POINT('',(11.859917028867,-8.171389788157,
    33.778549600494));
#1229 = CARTESIAN_POINT('',(11.791001193567,-8.249350274274,
    33.802657427598));
#1230 = CARTESIAN_POINT('',(11.651310409323,-8.364912541189,
    33.851009067691));
#1231 = CARTESIAN_POINT('',(11.586211815724,-8.407808600257,
    33.873409063798));
#1232 = CARTESIAN_POINT('',(11.515425864207,-8.443719624247,
    33.897592778269));
#1233 = CARTESIAN_POINT('',(11.44004593103,-8.47154027457,
    33.923130765706));
#1234 = CARTESIAN_POINT('',(11.361380312482,-8.490463151076,
    33.949536404762));
#1235 = CARTESIAN_POINT('',(11.28086710951,-8.5,33.976304776094));
#1236 = CARTESIAN_POINT('',(11.2,-8.5,34.002941049268));
#1237 = PCURVE('',#639,#1238);
#1238 = DEFINITIONAL_REPRESENTATION('',(#1239),#1254);
#1239 = B_SPLINE_CURVE_WITH_KNOTS('',7,(#1240,#1241,#1242,#1243,#1244,
    #1245,#1246,#1247,#1248,#1249,#1250,#1251,#1252,#1253),
  .UNSPECIFIED.,.F.,.F.,(8,6,8),(0.,0.580295988793,1.),.UNSPECIFIED.);
#1240 = CARTESIAN_POINT('',(1.005037875237,-7.2));
#1241 = CARTESIAN_POINT('',(1.005037875237,-7.298003763051));
#1242 = CARTESIAN_POINT('',(1.00462259607,-7.39621649323));
#1243 = CARTESIAN_POINT('',(1.003788852463,-7.492593951938));
#1244 = CARTESIAN_POINT('',(1.002539986504,-7.585043271945));
#1245 = CARTESIAN_POINT('',(1.00088662392,-7.671389788157));
#1246 = CARTESIAN_POINT('',(0.998847226589,-7.749350274274));
#1247 = CARTESIAN_POINT('',(0.994718115472,-7.864912541189));
#1248 = CARTESIAN_POINT('',(0.99279508353,-7.907808600257));
#1249 = CARTESIAN_POINT('',(0.99070562006,-7.943719624247));
#1250 = CARTESIAN_POINT('',(0.988482492727,-7.97154027457));
#1251 = CARTESIAN_POINT('',(0.98616465505,-7.990463151076));
#1252 = CARTESIAN_POINT('',(0.983794651376,-8.));
#1253 = CARTESIAN_POINT('',(0.9814164127,-8.));
#1254 = ( GEOMETRIC_REPRESENTATION_CONTEXT(2) 
PARAMETRIC_REPRESENTATION_CONTEXT() REPRESENTATION_CONTEXT('2D SPACE',''
  ) );
#1255 = PCURVE('',#1256,#1261);
#1256 = CYLINDRICAL_SURFACE('',#1257,0.8);
#1257 = AXIS2_PLACEMENT_3D('',#1258,#1259,#1260);
#1258 = CARTESIAN_POINT('',(11.2,-7.7,32.8));
#1259 = DIRECTION('',(0.,0.,1.));
#1260 = DIRECTION('',(1.,0.,-0.));
#1261 = DEFINITIONAL_REPRESENTATION('',(#1262),#1277);
#1262 = B_SPLINE_CURVE_WITH_KNOTS('',7,(#1263,#1264,#1265,#1266,#1267,
    #1268,#1269,#1270,#1271,#1272,#1273,#1274,#1275,#1276),
  .UNSPECIFIED.,.F.,.F.,(8,6,8),(0.,0.580295988793,1.),.UNSPECIFIED.);
#1263 = CARTESIAN_POINT('',(0.,0.928919342309));
#1264 = CARTESIAN_POINT('',(-0.122504703814,0.928919342309));
#1265 = CARTESIAN_POINT('',(-0.245270482256,0.933902689839));
#1266 = CARTESIAN_POINT('',(-0.368745819183,0.943907625828));
#1267 = CARTESIAN_POINT('',(-0.493372029808,0.95885733955));
#1268 = CARTESIAN_POINT('',(-0.619646195752,0.978549600494));
#1269 = CARTESIAN_POINT('',(-0.748139439827,1.002657427598));
#1270 = CARTESIAN_POINT('',(-0.974759140321,1.051009067691));
#1271 = CARTESIAN_POINT('',(-1.071636603916,1.073409063798));
#1272 = CARTESIAN_POINT('',(-1.169833520173,1.097592778269));
#1273 = CARTESIAN_POINT('',(-1.269050853373,1.123130765706));
#1274 = CARTESIAN_POINT('',(-1.369071336075,1.149536404761));
#1275 = CARTESIAN_POINT('',(-1.469712439907,1.176304776094));
#1276 = CARTESIAN_POINT('',(-1.570796326795,1.202941049268));
#1277 = ( GEOMETRIC_REPRESENTATION_CONTEXT(2) 
PARAMETRIC_REPRESENTATION_CONTEXT() REPRESENTATION_CONTEXT('2D SPACE',''
  ) );
#1278 = ORIENTED_EDGE('',*,*,#1279,.T.);
#1279 = EDGE_CURVE('',#1219,#1280,#1282,.T.);
#1280 = VERTEX_POINT('',#1281);
#1281 = CARTESIAN_POINT('',(-11.2,-8.5,34.002941049268));
#1282 = SURFACE_CURVE('',#1283,(#1288,#1295),.PCURVE_S1.);
#1283 = CIRCLE('',#1284,35.8);
#1284 = AXIS2_PLACEMENT_3D('',#1285,#1286,#1287);
#1285 = CARTESIAN_POINT('',(-8.881784197001E-16,-8.5,-2.13162820728E-14)
  );
#1286 = DIRECTION('',(0.,-1.,0.));
#1287 = DIRECTION('',(0.312849162011,0.,0.949802822605));
#1288 = PCURVE('',#639,#1289);
#1289 = DEFINITIONAL_REPRESENTATION('',(#1290),#1294);
#1290 = LINE('',#1291,#1292);
#1291 = CARTESIAN_POINT('',(0.9814164127,-8.));
#1292 = VECTOR('',#1293,1.);
#1293 = DIRECTION('',(-1.,-0.));
#1294 = ( GEOMETRIC_REPRESENTATION_CONTEXT(2) 
PARAMETRIC_REPRESENTATION_CONTEXT() REPRESENTATION_CONTEXT('2D SPACE',''
  ) );
#1295 = PCURVE('',#1296,#1301);
#1296 = PLANE('',#1297);
#1297 = AXIS2_PLACEMENT_3D('',#1298,#1299,#1300);
#1298 = CARTESIAN_POINT('',(-12.,-8.5,32.8));
#1299 = DIRECTION('',(-0.,1.,0.));
#1300 = DIRECTION('',(0.,0.,1.));
#1301 = DEFINITIONAL_REPRESENTATION('',(#1302),#1310);
#1302 = ( BOUNDED_CURVE() B_SPLINE_CURVE(2,(#1303,#1304,#1305,#1306,
#1307,#1308,#1309),.UNSPECIFIED.,.T.,.F.) B_SPLINE_CURVE_WITH_KNOTS((1,2
    ,2,2,2,1),(-2.094395102393,0.,2.094395102393,4.188790204786,
6.28318530718,8.377580409573),.UNSPECIFIED.) CURVE() 
GEOMETRIC_REPRESENTATION_ITEM() RATIONAL_B_SPLINE_CURVE((1.,0.5,1.,0.5,
1.,0.5,1.)) REPRESENTATION_ITEM('') );
#1303 = CARTESIAN_POINT('',(1.202941049268,23.2));
#1304 = CARTESIAN_POINT('',(20.60191009404,-35.6948215041));
#1305 = CARTESIAN_POINT('',(-40.10198600224,-23.04741075205));
#1306 = CARTESIAN_POINT('',(-100.8058820985,-10.4));
#1307 = CARTESIAN_POINT('',(-59.50095504702,35.847410752051));
#1308 = CARTESIAN_POINT('',(-18.1960279955,82.094821504102));
#1309 = CARTESIAN_POINT('',(1.202941049268,23.2));
#1310 = ( GEOMETRIC_REPRESENTATION_CONTEXT(2) 
PARAMETRIC_REPRESENTATION_CONTEXT() REPRESENTATION_CONTEXT('2D SPACE',''
  ) );
#1311 = ORIENTED_EDGE('',*,*,#1312,.F.);
#1312 = EDGE_CURVE('',#1313,#1280,#1315,.T.);
#1313 = VERTEX_POINT('',#1314);
#1314 = CARTESIAN_POINT('',(-12.,-7.7,33.728919342309));
#1315 = SURFACE_CURVE('',#1316,(#1331,#1349),.PCURVE_S1.);
#1316 = B_SPLINE_CURVE_WITH_KNOTS('',7,(#1317,#1318,#1319,#1320,#1321,
    #1322,#1323,#1324,#1325,#1326,#1327,#1328,#1329,#1330),
  .UNSPECIFIED.,.F.,.F.,(8,6,8),(0.,0.580286573198,1.),.UNSPECIFIED.);
#1317 = CARTESIAN_POINT('',(-12.,-7.7,33.728919342309));
#1318 = CARTESIAN_POINT('',(-12.,-7.797988396207,33.728919342309));
#1319 = CARTESIAN_POINT('',(-11.98599747192,-7.896203565385,
    33.733901127904));
#1320 = CARTESIAN_POINT('',(-11.95787585822,-7.992592760766,
    33.743906186709));
#1321 = CARTESIAN_POINT('',(-11.91573354261,-8.085053978036,
    33.75885819515));
#1322 = CARTESIAN_POINT('',(-11.85990626293,-8.171405535576,
    33.77855341032));
#1323 = CARTESIAN_POINT('',(-11.79098794234,-8.249361236635,
    33.802662014287));
#1324 = CARTESIAN_POINT('',(-11.65131772716,-8.364906487348,
    33.851006534743));
#1325 = CARTESIAN_POINT('',(-11.58622083216,-8.407803875665,
    33.873405971755));
#1326 = CARTESIAN_POINT('',(-11.51543172155,-8.443718396813,
    33.897590813694));
#1327 = CARTESIAN_POINT('',(-11.44004609986,-8.47154149187,
    33.923130743987));
#1328 = CARTESIAN_POINT('',(-11.36137547955,-8.490464518988,
    33.949538030586));
#1329 = CARTESIAN_POINT('',(-11.28086132179,-8.5,33.976306682469));
#1330 = CARTESIAN_POINT('',(-11.2,-8.5,34.002941049268));
#1331 = PCURVE('',#639,#1332);
#1332 = DEFINITIONAL_REPRESENTATION('',(#1333),#1348);
#1333 = B_SPLINE_CURVE_WITH_KNOTS('',7,(#1334,#1335,#1336,#1337,#1338,
    #1339,#1340,#1341,#1342,#1343,#1344,#1345,#1346,#1347),
  .UNSPECIFIED.,.F.,.F.,(8,6,8),(0.,0.580286573198,1.),.UNSPECIFIED.);
#1334 = CARTESIAN_POINT('',(0.321412356278,-7.2));
#1335 = CARTESIAN_POINT('',(0.321412356278,-7.297988396207));
#1336 = CARTESIAN_POINT('',(0.321827505302,-7.396203565385));
#1337 = CARTESIAN_POINT('',(0.322661259086,-7.492592760766));
#1338 = CARTESIAN_POINT('',(0.323910314412,-7.585053978036));
#1339 = CARTESIAN_POINT('',(0.325563926584,-7.671405535576));
#1340 = CARTESIAN_POINT('',(0.327603396619,-7.749361236635));
#1341 = CARTESIAN_POINT('',(0.331731899736,-7.864906487348));
#1342 = CARTESIAN_POINT('',(0.333654881737,-7.907803875665));
#1343 = CARTESIAN_POINT('',(0.335744438887,-7.943718396813));
#1344 = CARTESIAN_POINT('',(0.337967734124,-7.97154149187));
#1345 = CARTESIAN_POINT('',(0.340285718895,-7.990464518988));
#1346 = CARTESIAN_POINT('',(0.342655750352,-8.));
#1347 = CARTESIAN_POINT('',(0.345033818816,-8.));
#1348 = ( GEOMETRIC_REPRESENTATION_CONTEXT(2) 
PARAMETRIC_REPRESENTATION_CONTEXT() REPRESENTATION_CONTEXT('2D SPACE',''
  ) );
#1349 = PCURVE('',#1350,#1355);
#1350 = CYLINDRICAL_SURFACE('',#1351,0.8);
#1351 = AXIS2_PLACEMENT_3D('',#1352,#1353,#1354);
#1352 = CARTESIAN_POINT('',(-11.2,-7.7,32.8));
#1353 = DIRECTION('',(0.,0.,1.));
#1354 = DIRECTION('',(-1.,-0.,0.));
#1355 = DEFINITIONAL_REPRESENTATION('',(#1356),#1371);
#1356 = B_SPLINE_CURVE_WITH_KNOTS('',7,(#1357,#1358,#1359,#1360,#1361,
    #1362,#1363,#1364,#1365,#1366,#1367,#1368,#1369,#1370),
  .UNSPECIFIED.,.F.,.F.,(8,6,8),(0.,0.580286573198,1.),.UNSPECIFIED.);
#1357 = CARTESIAN_POINT('',(0.,0.928919342309));
#1358 = CARTESIAN_POINT('',(0.122485495259,0.928919342309));
#1359 = CARTESIAN_POINT('',(0.245254304177,0.933901127904));
#1360 = CARTESIAN_POINT('',(0.368742971564,0.943906186709));
#1361 = CARTESIAN_POINT('',(0.493384577935,0.95885819515));
#1362 = CARTESIAN_POINT('',(0.619669129746,0.97855341032));
#1363 = CARTESIAN_POINT('',(0.748160937217,1.002662014287));
#1364 = CARTESIAN_POINT('',(0.974747268629,1.051006534743));
#1365 = CARTESIAN_POINT('',(1.071624122511,1.073405971755));
#1366 = CARTESIAN_POINT('',(1.169826394265,1.097590813694));
#1367 = CARTESIAN_POINT('',(1.269051013366,1.123130743987));
#1368 = CARTESIAN_POINT('',(1.369077366616,1.149538030586));
#1369 = CARTESIAN_POINT('',(1.469719674546,1.176306682469));
#1370 = CARTESIAN_POINT('',(1.570796326795,1.202941049268));
#1371 = ( GEOMETRIC_REPRESENTATION_CONTEXT(2) 
PARAMETRIC_REPRESENTATION_CONTEXT() REPRESENTATION_CONTEXT('2D SPACE',''
  ) );
#1372 = ORIENTED_EDGE('',*,*,#1373,.T.);
#1373 = EDGE_CURVE('',#1313,#623,#1374,.T.);
#1374 = SURFACE_CURVE('',#1375,(#1379,#1385),.PCURVE_S1.);
#1375 = LINE('',#1376,#1377);
#1376 = CARTESIAN_POINT('',(-12.,-0.5,33.728919342309));
#1377 = VECTOR('',#1378,1.);
#1378 = DIRECTION('',(-0.,1.,0.));
#1379 = PCURVE('',#639,#1380);
#1380 = DEFINITIONAL_REPRESENTATION('',(#1381),#1384);
#1381 = B_SPLINE_CURVE_WITH_KNOTS('',1,(#1382,#1383),.UNSPECIFIED.,.F.,
  .F.,(2,2),(-8.24,6.000000000173E-07),.PIECEWISE_BEZIER_KNOTS.);
#1382 = CARTESIAN_POINT('',(0.321412356278,-8.24));
#1383 = CARTESIAN_POINT('',(0.321412356278,6.000000000173E-07));
#1384 = ( GEOMETRIC_REPRESENTATION_CONTEXT(2) 
PARAMETRIC_REPRESENTATION_CONTEXT() REPRESENTATION_CONTEXT('2D SPACE',''
  ) );
#1385 = PCURVE('',#666,#1386);
#1386 = DEFINITIONAL_REPRESENTATION('',(#1387),#1391);
#1387 = LINE('',#1388,#1389);
#1388 = CARTESIAN_POINT('',(0.928919342309,-8.));
#1389 = VECTOR('',#1390,1.);
#1390 = DIRECTION('',(0.,-1.));
#1391 = ( GEOMETRIC_REPRESENTATION_CONTEXT(2) 
PARAMETRIC_REPRESENTATION_CONTEXT() REPRESENTATION_CONTEXT('2D SPACE',''
  ) );
#1392 = FACE_BOUND('',#1393,.T.);
#1393 = EDGE_LOOP('',(#1394));
#1394 = ORIENTED_EDGE('',*,*,#1395,.F.);
#1395 = EDGE_CURVE('',#1396,#1396,#1398,.T.);
#1396 = VERTEX_POINT('',#1397);
#1397 = CARTESIAN_POINT('',(-15.23896390184,-4.5,32.394659732711));
#1398 = SURFACE_CURVE('',#1399,(#1458,#1520),.PCURVE_S1.);
#1399 = B_SPLINE_CURVE_WITH_KNOTS('',8,(#1400,#1401,#1402,#1403,#1404,
    #1405,#1406,#1407,#1408,#1409,#1410,#1411,#1412,#1413,#1414,#1415,
    #1416,#1417,#1418,#1419,#1420,#1421,#1422,#1423,#1424,#1425,#1426,
    #1427,#1428,#1429,#1430,#1431,#1432,#1433,#1434,#1435,#1436,#1437,
    #1438,#1439,#1440,#1441,#1442,#1443,#1444,#1445,#1446,#1447,#1448,
    #1449,#1450,#1451,#1452,#1453,#1454,#1455,#1456,#1457),
  .UNSPECIFIED.,.T.,.F.,(9,7,7,7,7,7,7,7,9),(0.,0.108891462026,
    0.214965346601,0.302935967398,0.409408243998,0.542019794726,
    0.674135385532,0.816294338597,1.),.UNSPECIFIED.);
#1400 = CARTESIAN_POINT('',(-15.23896390184,-4.5,32.394659732711));
#1401 = CARTESIAN_POINT('',(-15.23896390184,-4.264380210556,
    32.394659732711));
#1402 = CARTESIAN_POINT('',(-15.25816835115,-4.028757112013,
    32.385625551356));
#1403 = CARTESIAN_POINT('',(-15.29658075729,-3.795352476396,
    32.36755600508));
#1404 = CARTESIAN_POINT('',(-15.35390673469,-3.56638290499,
    32.340510946986));
#1405 = CARTESIAN_POINT('',(-15.4295699207,-3.344013413468,
    32.304606045472));
#1406 = CARTESIAN_POINT('',(-15.52272809962,-3.130319487188,
    32.260017844961));
#1407 = CARTESIAN_POINT('',(-15.63228953454,-2.927257606653,
    32.206999108721));
#1408 = CARTESIAN_POINT('',(-15.87834440787,-2.550963019404,
    32.086390609406));
#1409 = CARTESIAN_POINT('',(-16.01773444584,-2.371485234087,
    32.017415882443));
#1410 = CARTESIAN_POINT('',(-16.17541712062,-2.201090803731,
    31.938483118012));
#1411 = CARTESIAN_POINT('',(-16.35136098379,-2.042873550639,
    31.849180334798));
#1412 = CARTESIAN_POINT('',(-16.54516999139,-1.900149812432,
    31.749195355191));
#1413 = CARTESIAN_POINT('',(-16.7560464463,-1.776486048429,
    31.638353945291));
#1414 = CARTESIAN_POINT('',(-16.98272345274,-1.675754069883,
    31.516701093446));
#1415 = CARTESIAN_POINT('',(-17.42292392306,-1.541240348021,
    31.275126584946));
#1416 = CARTESIAN_POINT('',(-17.62647056357,-1.500683917808,
    31.161536622627));
#1417 = CARTESIAN_POINT('',(-17.83203844614,-1.481133188627,
    31.044792354108));
#1418 = CARTESIAN_POINT('',(-18.03766127969,-1.482887799039,
    30.925909094564));
#1419 = CARTESIAN_POINT('',(-18.2414009112,-1.505969574845,
    30.805995639796));
#1420 = CARTESIAN_POINT('',(-18.44137871021,-1.550124218615,
    30.686239163632));
#1421 = CARTESIAN_POINT('',(-18.63580318885,-1.614822181956,
    30.567879672165));
#1422 = CARTESIAN_POINT('',(-19.04955377617,-1.80145363975,
    30.312133571412));
#1423 = CARTESIAN_POINT('',(-19.25706620729,-1.92875060237,
    30.181204276151));
#1424 = CARTESIAN_POINT('',(-19.44505378452,-2.076455794237,
    30.060415910903));
#1425 = CARTESIAN_POINT('',(-19.6135743006,-2.240595516502,
    29.950437509318));
#1426 = CARTESIAN_POINT('',(-19.76300156404,-2.417763297572,
    29.851642284079));
#1427 = CARTESIAN_POINT('',(-19.89389325105,-2.60501812645,
    29.764171594594));
#1428 = CARTESIAN_POINT('',(-20.0069163631,-2.799821377913,
    29.687989583674));
#1429 = CARTESIAN_POINT('',(-20.22222538965,-3.249323094659,
    29.541875882647));
#1430 = CARTESIAN_POINT('',(-20.31564257551,-3.508193741833,
    29.477677182445));
#1431 = CARTESIAN_POINT('',(-20.38442611091,-3.773435752213,
    29.429995505047));
#1432 = CARTESIAN_POINT('',(-20.42960007609,-4.042665914703,
    29.39851706161));
#1433 = CARTESIAN_POINT('',(-20.45181581173,-4.313989069383,
    29.383011496382));
#1434 = CARTESIAN_POINT('',(-20.45132819114,-4.585744883533,
    29.383380592789));
#1435 = CARTESIAN_POINT('',(-20.42796315167,-4.85628198066,
    29.399686650246));
#1436 = CARTESIAN_POINT('',(-20.33434884218,-5.390187904363,
    29.464512324688));
#1437 = CARTESIAN_POINT('',(-20.26431764088,-5.653332967101,
    29.512881654007));
#1438 = CARTESIAN_POINT('',(-20.17038177345,-5.911459387491,
    29.577461592396));
#1439 = CARTESIAN_POINT('',(-20.05145329673,-6.162346862964,
    29.65862428287));
#1440 = CARTESIAN_POINT('',(-19.906131617,-6.402983008939,29.75678030776
    ));
#1441 = CARTESIAN_POINT('',(-19.73282116622,-6.629351245364,
    29.872230008386));
#1442 = CARTESIAN_POINT('',(-19.52993825273,-6.836113462227,
    30.004973113709));
#1443 = CARTESIAN_POINT('',(-19.04502721478,-7.209585721326,
    30.315276252326));
#1444 = CARTESIAN_POINT('',(-18.7488489094,-7.379225366087,
    30.501431664919));
#1445 = CARTESIAN_POINT('',(-18.41550815455,-7.501295036777,
    30.705956872728));
#1446 = CARTESIAN_POINT('',(-18.05742466896,-7.560821596696,
    30.919030812531));
#1447 = CARTESIAN_POINT('',(-17.69081690296,-7.55134407102,
    31.129552380884));
#1448 = CARTESIAN_POINT('',(-17.33339843413,-7.474915525114,
    31.328008907338));
#1449 = CARTESIAN_POINT('',(-17.00153903477,-7.342273570288,
    31.507113065473));
#1450 = CARTESIAN_POINT('',(-16.32761753686,-6.954300195934,
    31.862728031511));
#1451 = CARTESIAN_POINT('',(-16.00580969931,-6.671498563622,
    32.025878391647));
#1452 = CARTESIAN_POINT('',(-15.74364544561,-6.347876220384,
    32.154633579348));
#1453 = CARTESIAN_POINT('',(-15.53881402142,-5.998235290503,
    32.253085754473));
#1454 = CARTESIAN_POINT('',(-15.38820320291,-5.632894668722,
    32.324452983509));
#1455 = CARTESIAN_POINT('',(-15.28884691734,-5.258570990961,
    32.371194426128));
#1456 = CARTESIAN_POINT('',(-15.23896390184,-4.879737382807,
    32.394659732711));
#1457 = CARTESIAN_POINT('',(-15.23896390184,-4.5,32.394659732711));
#1458 = PCURVE('',#639,#1459);
#1459 = DEFINITIONAL_REPRESENTATION('',(#1460),#1519);
#1460 = B_SPLINE_CURVE_WITH_KNOTS('',8,(#1461,#1462,#1463,#1464,#1465,
    #1466,#1467,#1468,#1469,#1470,#1471,#1472,#1473,#1474,#1475,#1476,
    #1477,#1478,#1479,#1480,#1481,#1482,#1483,#1484,#1485,#1486,#1487,
    #1488,#1489,#1490,#1491,#1492,#1493,#1494,#1495,#1496,#1497,#1498,
    #1499,#1500,#1501,#1502,#1503,#1504,#1505,#1506,#1507,#1508,#1509,
    #1510,#1511,#1512,#1513,#1514,#1515,#1516,#1517,#1518),
  .UNSPECIFIED.,.T.,.F.,(9,7,7,7,7,7,7,7,9),(0.,0.108891462026,
    0.214965346601,0.302935967398,0.409408243998,0.542019794726,
    0.674135385532,0.816294338597,1.),.UNSPECIFIED.);
#1461 = CARTESIAN_POINT('',(0.22352361022,-4.));
#1462 = CARTESIAN_POINT('',(0.22352361022,-3.764380210556));
#1463 = CARTESIAN_POINT('',(0.222930782159,-3.528757112013));
#1464 = CARTESIAN_POINT('',(0.221745019801,-3.295352476396));
#1465 = CARTESIAN_POINT('',(0.219974481155,-3.06638290499));
#1466 = CARTESIAN_POINT('',(0.217635108115,-2.844013413468));
#1467 = CARTESIAN_POINT('',(0.214750254236,-2.630319487188));
#1468 = CARTESIAN_POINT('',(0.211350420665,-2.427257606653));
#1469 = CARTESIAN_POINT('',(0.203696105828,-2.050963019404));
#1470 = CARTESIAN_POINT('',(0.199351945914,-1.871485234087));
#1471 = CARTESIAN_POINT('',(0.194426464543,-1.701090803731));
#1472 = CARTESIAN_POINT('',(0.188915195158,-1.542873550639));
#1473 = CARTESIAN_POINT('',(0.182823876513,-1.400149812432));
#1474 = CARTESIAN_POINT('',(0.176169725829,-1.276486048429));
#1475 = CARTESIAN_POINT('',(0.1689840515,-1.175754069883));
#1476 = CARTESIAN_POINT('',(0.154958069387,-1.041240348021));
#1477 = CARTESIAN_POINT('',(0.148447160502,-1.000683917808));
#1478 = CARTESIAN_POINT('',(0.141843979258,-0.981133188627));
#1479 = CARTESIAN_POINT('',(0.135209839836,-0.982887799039));
#1480 = CARTESIAN_POINT('',(0.128606629219,-1.005969574845));
#1481 = CARTESIAN_POINT('',(0.122095921348,-1.050124218615));
#1482 = CARTESIAN_POINT('',(0.115738028612,-1.114822181956));
#1483 = CARTESIAN_POINT('',(0.102151130444,-1.30145363975));
#1484 = CARTESIAN_POINT('',(9.529765714757E-02,-1.42875060237));
#1485 = CARTESIAN_POINT('',(8.905640735927E-02,-1.576455794237));
#1486 = CARTESIAN_POINT('',(8.343562848476E-02,-1.740595516502));
#1487 = CARTESIAN_POINT('',(7.843201396828E-02,-1.917763297572));
#1488 = CARTESIAN_POINT('',(7.403462922227E-02,-2.10501812645));
#1489 = CARTESIAN_POINT('',(7.022736127973E-02,-2.299821377913));
#1490 = CARTESIAN_POINT('',(6.295903574896E-02,-2.749323094659));
#1491 = CARTESIAN_POINT('',(5.979288624595E-02,-3.008193741833));
#1492 = CARTESIAN_POINT('',(5.745507607304E-02,-3.273435752213));
#1493 = CARTESIAN_POINT('',(5.591708931965E-02,-3.542665914703));
#1494 = CARTESIAN_POINT('',(5.516033709938E-02,-3.813989069383));
#1495 = CARTESIAN_POINT('',(5.517740957792E-02,-4.085744883533));
#1496 = CARTESIAN_POINT('',(5.597327955317E-02,-4.35628198066));
#1497 = CARTESIAN_POINT('',(5.915396044156E-02,-4.890187904363));
#1498 = CARTESIAN_POINT('',(6.15313743194E-02,-5.153332967101));
#1499 = CARTESIAN_POINT('',(6.471553622886E-02,-5.411459387491));
#1500 = CARTESIAN_POINT('',(6.873738588682E-02,-5.662346862964));
#1501 = CARTESIAN_POINT('',(7.36357236732E-02,-5.902983008939));
#1502 = CARTESIAN_POINT('',(7.945229459822E-02,-6.129351245364));
#1503 = CARTESIAN_POINT('',(8.622430512079E-02,-6.336113462227));
#1504 = CARTESIAN_POINT('',(0.102305220037,-6.709585721326));
#1505 = CARTESIAN_POINT('',(0.112076454665,-6.879225366087));
#1506 = CARTESIAN_POINT('',(0.122999552638,-7.001295036777));
#1507 = CARTESIAN_POINT('',(0.134636392345,-7.060821596696));
#1508 = CARTESIAN_POINT('',(0.146442523197,-7.05134407102));
#1509 = CARTESIAN_POINT('',(0.157860715984,-6.974915525114));
#1510 = CARTESIAN_POINT('',(0.168393935937,-6.842273570288));
#1511 = CARTESIAN_POINT('',(0.189678635664,-6.454300195934));
#1512 = CARTESIAN_POINT('',(0.199755567402,-6.171498563622));
#1513 = CARTESIAN_POINT('',(0.207913306406,-5.847876220384));
#1514 = CARTESIAN_POINT('',(0.21426129544,-5.498235290503));
#1515 = CARTESIAN_POINT('',(0.218916663697,-5.132894668722));
#1516 = CARTESIAN_POINT('',(0.221983764703,-4.758570990961));
#1517 = CARTESIAN_POINT('',(0.22352361022,-4.379737382807));
#1518 = CARTESIAN_POINT('',(0.22352361022,-4.));
#1519 = ( GEOMETRIC_REPRESENTATION_CONTEXT(2) 
PARAMETRIC_REPRESENTATION_CONTEXT() REPRESENTATION_CONTEXT('2D SPACE',''
  ) );
#1520 = PCURVE('',#1521,#1526);
#1521 = CYLINDRICAL_SURFACE('',#1522,3.);
#1522 = AXIS2_PLACEMENT_3D('',#1523,#1524,#1525);
#1523 = CARTESIAN_POINT('',(-17.2,-4.5,29.791273890185));
#1524 = DIRECTION('',(-0.5,0.,0.866025403784));
#1525 = DIRECTION('',(0.866025403784,0.,0.5));
#1526 = DEFINITIONAL_REPRESENTATION('',(#1527),#1586);
#1527 = B_SPLINE_CURVE_WITH_KNOTS('',8,(#1528,#1529,#1530,#1531,#1532,
    #1533,#1534,#1535,#1536,#1537,#1538,#1539,#1540,#1541,#1542,#1543,
    #1544,#1545,#1546,#1547,#1548,#1549,#1550,#1551,#1552,#1553,#1554,
    #1555,#1556,#1557,#1558,#1559,#1560,#1561,#1562,#1563,#1564,#1565,
    #1566,#1567,#1568,#1569,#1570,#1571,#1572,#1573,#1574,#1575,#1576,
    #1577,#1578,#1579,#1580,#1581,#1582,#1583,#1584,#1585),
  .UNSPECIFIED.,.F.,.F.,(9,7,7,7,7,7,7,7,9),(0.,0.108891462026,
    0.214965346601,0.302935967398,0.409408243998,0.542019794726,
    0.674135385532,0.816294338597,1.),.UNSPECIFIED.);
#1528 = CARTESIAN_POINT('',(0.,1.274080226405));
#1529 = CARTESIAN_POINT('',(7.853992981455E-02,1.274080226405));
#1530 = CARTESIAN_POINT('',(0.157080837786,1.275858620501));
#1531 = CARTESIAN_POINT('',(0.235620913148,1.279416137463));
#1532 = CARTESIAN_POINT('',(0.31415888486,1.284657418803));
#1533 = CARTESIAN_POINT('',(0.392696466001,1.291394454979));
#1534 = CARTESIAN_POINT('',(0.471237171012,1.299359030088));
#1535 = CARTESIAN_POINT('',(0.549781505804,1.308224175085));
#1536 = CARTESIAN_POINT('',(0.704823402272,1.326801587436));
#1537 = CARTESIAN_POINT('',(0.783632099638,1.336762740648));
#1538 = CARTESIAN_POINT('',(0.86475354009,1.347246298853));
#1539 = CARTESIAN_POINT('',(0.948241814686,1.357879751546));
#1540 = CARTESIAN_POINT('',(1.034206884859,1.368194723007));
#1541 = CARTESIAN_POINT('',(1.12281408352,1.377641473698));
#1542 = CARTESIAN_POINT('',(1.214295576349,1.385625516776));
#1543 = CARTESIAN_POINT('',(1.387535946931,1.396516090667));
#1544 = CARTESIAN_POINT('',(1.466078078636,1.399917617941));
#1545 = CARTESIAN_POINT('',(1.544617863642,1.401598056945));
#1546 = CARTESIAN_POINT('',(1.623155616636,1.401453550866));
#1547 = CARTESIAN_POINT('',(1.70169397103,1.399475268541));
#1548 = CARTESIAN_POINT('',(1.780234930642,1.395752017417));
#1549 = CARTESIAN_POINT('',(1.858777439495,1.390461930348));
#1550 = CARTESIAN_POINT('',(2.032371328151,1.375854603837));
#1551 = CARTESIAN_POINT('',(2.123874914799,1.366222723603));
#1552 = CARTESIAN_POINT('',(2.212284551063,1.355610719433));
#1553 = CARTESIAN_POINT('',(2.297937784228,1.344626887827));
#1554 = CARTESIAN_POINT('',(2.381113229194,1.33378134472));
#1555 = CARTESIAN_POINT('',(2.462048399462,1.323475349045));
#1556 = CARTESIAN_POINT('',(2.540945090426,1.314011348303));
#1557 = CARTESIAN_POINT('',(2.713958381869,1.295127684645));
#1558 = CARTESIAN_POINT('',(2.807521438449,1.286238572312));
#1559 = CARTESIAN_POINT('',(2.899338137131,1.279336796091));
#1560 = CARTESIAN_POINT('',(2.98995965071,1.274662646994));
#1561 = CARTESIAN_POINT('',(3.079911940375,1.272342301422));
#1562 = CARTESIAN_POINT('',(3.16971375345,1.272418137993));
#1563 = CARTESIAN_POINT('',(3.259889446175,1.274857078253));
#1564 = CARTESIAN_POINT('',(3.441834012722,1.284190604392));
#1565 = CARTESIAN_POINT('',(3.533511220948,1.291064071696));
#1566 = CARTESIAN_POINT('',(3.626690919784,1.3000240052));
#1567 = CARTESIAN_POINT('',(3.721956021562,1.310848718629));
#1568 = CARTESIAN_POINT('',(3.819892762759,1.323193489852));
#1569 = CARTESIAN_POINT('',(3.921117261615,1.336520638066));
#1570 = CARTESIAN_POINT('',(4.026327898496,1.350038082706));
#1571 = CARTESIAN_POINT('',(4.254902688457,1.376312964651));
#1572 = CARTESIAN_POINT('',(4.383427573963,1.389439128316));
#1573 = CARTESIAN_POINT('',(4.517406761298,1.39989277657));
#1574 = CARTESIAN_POINT('',(4.654120822291,1.40537847853));
#1575 = CARTESIAN_POINT('',(4.791440414693,1.404391621766));
#1576 = CARTESIAN_POINT('',(4.927327572548,1.397550780808));
#1577 = CARTESIAN_POINT('',(5.059356557166,1.386729831995));
#1578 = CARTESIAN_POINT('',(5.34421815271,1.357740677597));
#1579 = CARTESIAN_POINT('',(5.494016588794,1.338129115332));
#1580 = CARTESIAN_POINT('',(5.635844410583,1.318552251902));
#1581 = CARTESIAN_POINT('',(5.771462024957,1.301398624522));
#1582 = CARTESIAN_POINT('',(5.902467971963,1.28789904861));
#1583 = CARTESIAN_POINT('',(6.030327321094,1.278700182545));
#1584 = CARTESIAN_POINT('',(6.156606179577,1.274080226405));
#1585 = CARTESIAN_POINT('',(6.28318530718,1.274080226405));
#1586 = ( GEOMETRIC_REPRESENTATION_CONTEXT(2) 
PARAMETRIC_REPRESENTATION_CONTEXT() REPRESENTATION_CONTEXT('2D SPACE',''
  ) );
#1587 = FACE_BOUND('',#1588,.T.);
#1588 = EDGE_LOOP('',(#1589));
#1589 = ORIENTED_EDGE('',*,*,#1590,.F.);
#1590 = EDGE_CURVE('',#1591,#1591,#1593,.T.);
#1591 = VERTEX_POINT('',#1592);
#1592 = CARTESIAN_POINT('',(20.435116324556,-4.5,29.394659732711));
#1593 = SURFACE_CURVE('',#1594,(#1653,#1715),.PCURVE_S1.);
#1594 = B_SPLINE_CURVE_WITH_KNOTS('',8,(#1595,#1596,#1597,#1598,#1599,
    #1600,#1601,#1602,#1603,#1604,#1605,#1606,#1607,#1608,#1609,#1610,
    #1611,#1612,#1613,#1614,#1615,#1616,#1617,#1618,#1619,#1620,#1621,
    #1622,#1623,#1624,#1625,#1626,#1627,#1628,#1629,#1630,#1631,#1632,
    #1633,#1634,#1635,#1636,#1637,#1638,#1639,#1640,#1641,#1642,#1643,
    #1644,#1645,#1646,#1647,#1648,#1649,#1650,#1651,#1652),
  .UNSPECIFIED.,.T.,.F.,(9,7,7,7,7,7,7,7,9),(0.,0.121341745978,
    0.229914198108,0.322747995034,0.434759492762,0.559213973386,
    0.672831338895,0.815559184628,1.),.UNSPECIFIED.);
#1595 = CARTESIAN_POINT('',(20.435116324556,-4.5,29.394659732711));
#1596 = CARTESIAN_POINT('',(20.435116324556,-4.2533156096,
    29.394659732711));
#1597 = CARTESIAN_POINT('',(20.416015064218,-4.006816741908,
    29.407938884286));
#1598 = CARTESIAN_POINT('',(20.37786079112,-3.761680980822,
    29.434463713803));
#1599 = CARTESIAN_POINT('',(20.320350654553,-3.519174194402,
    29.474341488749));
#1600 = CARTESIAN_POINT('',(20.24287945894,-3.280784392737,
    29.527788235894));
#1601 = CARTESIAN_POINT('',(20.144583171971,-3.048376195234,
    29.595078839104));
#1602 = CARTESIAN_POINT('',(20.024389267664,-2.824381109857,
    29.676481052687));
#1603 = CARTESIAN_POINT('',(19.752863098639,-2.42204220062,
    29.857799181618));
#1604 = CARTESIAN_POINT('',(19.604635589167,-2.23914777628,
    29.955869113577));
#1605 = CARTESIAN_POINT('',(19.43589773367,-2.067726882771,
    30.066234974055));
#1606 = CARTESIAN_POINT('',(19.246677678899,-1.912172446093,
    30.188274561557));
#1607 = CARTESIAN_POINT('',(19.037525969545,-1.77688403706,
    30.320930090753));
#1608 = CARTESIAN_POINT('',(18.809545009464,-1.666269502535,
    30.46275333911));
#1609 = CARTESIAN_POINT('',(18.564479833464,-1.584772465363,
    30.611947483517));
#1610 = CARTESIAN_POINT('',(18.082931344084,-1.496032009917,
    30.898451403576));
#1611 = CARTESIAN_POINT('',(17.854851708416,-1.480566299237,
    31.031672525656));
#1612 = CARTESIAN_POINT('',(17.624622234024,-1.491932365194,
    31.163499117398));
#1613 = CARTESIAN_POINT('',(17.396494792229,-1.53008694906,
    31.291448590536));
#1614 = CARTESIAN_POINT('',(17.174750446525,-1.593599438948,
    31.413316995694));
#1615 = CARTESIAN_POINT('',(16.963419064538,-1.679691327323,
    31.527289866859));
#1616 = CARTESIAN_POINT('',(16.766003688104,-1.784265204177,
    31.631988935188));
#1617 = CARTESIAN_POINT('',(16.367139925861,-2.043888403942,
    31.840497779315));
#1618 = CARTESIAN_POINT('',(16.170061271506,-2.206999587534,
    31.941340176604));
#1619 = CARTESIAN_POINT('',(15.994231878134,-2.386572201896,
    32.029660359316));
#1620 = CARTESIAN_POINT('',(15.839423081972,-2.578896362216,
    32.106230588443));
#1621 = CARTESIAN_POINT('',(15.705146435473,-2.781016036609,
    32.171815783893));
#1622 = CARTESIAN_POINT('',(15.590803736727,-2.99057111615,
    32.227109222495));
#1623 = CARTESIAN_POINT('',(15.495799866943,-3.20568705131,
    32.27270225312));
#1624 = CARTESIAN_POINT('',(15.334988615815,-3.66845645766,
    32.349450058964));
#1625 = CARTESIAN_POINT('',(15.273522361985,-3.917284741124,
    32.378473981789));
#1626 = CARTESIAN_POINT('',(15.234596299994,-4.169408089057,
    32.396728992514));
#1627 = CARTESIAN_POINT('',(15.217800497361,-4.423231527075,
    32.404579743961));
#1628 = CARTESIAN_POINT('',(15.22296113244,-4.677357010487,
    32.402174166576));
#1629 = CARTESIAN_POINT('',(15.250150007629,-4.930418126656,
    32.389449419568));
#1630 = CARTESIAN_POINT('',(15.299688223325,-5.18091713648,
    32.366123909901));
#1631 = CARTESIAN_POINT('',(15.438291565079,-5.651752248023,
    32.300224737082));
#1632 = CARTESIAN_POINT('',(15.52354415308,-5.872832625344,
    32.259501585709));
#1633 = CARTESIAN_POINT('',(15.628358304236,-6.088966832061,
    32.209096070551));
#1634 = CARTESIAN_POINT('',(15.753334042619,-6.298444497945,
    32.148442975122));
#1635 = CARTESIAN_POINT('',(15.899131488405,-6.499079759835,
    32.076848739263));
#1636 = CARTESIAN_POINT('',(16.066358096052,-6.688088759515,
    31.993518763235));
#1637 = CARTESIAN_POINT('',(16.255420386216,-6.861918648595,
    31.897613211273));
#1638 = CARTESIAN_POINT('',(16.731285748887,-7.209585720611,
    31.651115510441));
#1639 = CARTESIAN_POINT('',(17.04059022385,-7.37922536824,
    31.487695277044));
#1640 = CARTESIAN_POINT('',(17.384384610745,-7.501295034101,
    31.301276328098));
#1641 = CARTESIAN_POINT('',(17.747953824095,-7.560821597694,
    31.097703888197));
#1642 = CARTESIAN_POINT('',(18.113574707705,-7.551344072138,
    30.885473048621));
#1643 = CARTESIAN_POINT('',(18.464152351458,-7.47491552367,
    30.675167828657));
#1644 = CARTESIAN_POINT('',(18.785190796288,-7.342273570849,
    30.477321240871));
#1645 = CARTESIAN_POINT('',(19.430123140752,-6.954300195921,
    30.071495585945));
#1646 = CARTESIAN_POINT('',(19.732319415952,-6.671498563654,
    29.87437700361));
#1647 = CARTESIAN_POINT('',(19.974906806388,-6.347876220381,
    29.711713693685));
#1648 = CARTESIAN_POINT('',(20.162584603028,-5.998235290416,
    29.583550564517));
#1649 = CARTESIAN_POINT('',(20.299695845726,-5.632894668862,
    29.488801384054));
#1650 = CARTESIAN_POINT('',(20.389853265195,-5.258570990864,
    29.42612703806));
#1651 = CARTESIAN_POINT('',(20.435116324556,-4.879737382836,
    29.394659732711));
#1652 = CARTESIAN_POINT('',(20.435116324556,-4.5,29.394659732711));
#1653 = PCURVE('',#639,#1654);
#1654 = DEFINITIONAL_REPRESENTATION('',(#1655),#1714);
#1655 = B_SPLINE_CURVE_WITH_KNOTS('',8,(#1656,#1657,#1658,#1659,#1660,
    #1661,#1662,#1663,#1664,#1665,#1666,#1667,#1668,#1669,#1670,#1671,
    #1672,#1673,#1674,#1675,#1676,#1677,#1678,#1679,#1680,#1681,#1682,
    #1683,#1684,#1685,#1686,#1687,#1688,#1689,#1690,#1691,#1692,#1693,
    #1694,#1695,#1696,#1697,#1698,#1699,#1700,#1701,#1702,#1703,#1704,
    #1705,#1706,#1707,#1708,#1709,#1710,#1711,#1712,#1713),
  .UNSPECIFIED.,.T.,.F.,(9,7,7,7,7,7,7,7,9),(0.,0.121341745978,
    0.229914198108,0.322747995034,0.434759492762,0.559213973386,
    0.672831338895,0.815559184628,1.),.UNSPECIFIED.);
#1656 = CARTESIAN_POINT('',(1.270721161417,-4.));
#1657 = CARTESIAN_POINT('',(1.270721161417,-3.7533156096));
#1658 = CARTESIAN_POINT('',(1.270071340925,-3.506816741908));
#1659 = CARTESIAN_POINT('',(1.268773339638,-3.261680980822));
#1660 = CARTESIAN_POINT('',(1.266818502979,-3.019174194402));
#1661 = CARTESIAN_POINT('',(1.264189503309,-2.780784392737));
#1662 = CARTESIAN_POINT('',(1.260862108785,-2.548376195234));
#1663 = CARTESIAN_POINT('',(1.256807305176,-2.324381109857));
#1664 = CARTESIAN_POINT('',(1.247687173153,-1.92204220062));
#1665 = CARTESIAN_POINT('',(1.242722602478,-1.73914777628));
#1666 = CARTESIAN_POINT('',(1.237090723622,-1.567726882771));
#1667 = CARTESIAN_POINT('',(1.230801561055,-1.412172446093));
#1668 = CARTESIAN_POINT('',(1.223883774085,-1.27688403706));
#1669 = CARTESIAN_POINT('',(1.21638448829,-1.166269502535));
#1670 = CARTESIAN_POINT('',(1.208370729334,-1.084772465363));
#1671 = CARTESIAN_POINT('',(1.192718960262,-0.996032009917));
#1672 = CARTESIAN_POINT('',(1.185341079592,-0.980566299237));
#1673 = CARTESIAN_POINT('',(1.177930940185,-0.991932365194));
#1674 = CARTESIAN_POINT('',(1.170625373789,-1.03008694906));
#1675 = CARTESIAN_POINT('',(1.163558061472,-1.093599438948));
#1676 = CARTESIAN_POINT('',(1.156851470799,-1.179691327323));
#1677 = CARTESIAN_POINT('',(1.150609660292,-1.284265204177));
#1678 = CARTESIAN_POINT('',(1.138037710163,-1.543888403942));
#1679 = CARTESIAN_POINT('',(1.131854142343,-1.706999587534));
#1680 = CARTESIAN_POINT('',(1.126358140347,-1.886572201896));
#1681 = CARTESIAN_POINT('',(1.121533978432,-2.078896362216));
#1682 = CARTESIAN_POINT('',(1.117359808457,-2.281016036609));
#1683 = CARTESIAN_POINT('',(1.113812062488,-2.49057111615));
#1684 = CARTESIAN_POINT('',(1.110868557905,-2.70568705131));
#1685 = CARTESIAN_POINT('',(1.105891277026,-3.16845645766));
#1686 = CARTESIAN_POINT('',(1.103992573096,-3.417284741124));
#1687 = CARTESIAN_POINT('',(1.10279162428,-3.669408089057));
#1688 = CARTESIAN_POINT('',(1.10227374257,-3.923231527075));
#1689 = CARTESIAN_POINT('',(1.102432788596,-4.177357010487));
#1690 = CARTESIAN_POINT('',(1.103271315517,-4.430418126656));
#1691 = CARTESIAN_POINT('',(1.104800775248,-4.68091713648));
#1692 = CARTESIAN_POINT('',(1.109087696483,-5.151752248023));
#1693 = CARTESIAN_POINT('',(1.111726784951,-5.372832625345));
#1694 = CARTESIAN_POINT('',(1.114975492554,-5.588966832061));
#1695 = CARTESIAN_POINT('',(1.118855782993,-5.798444497945));
#1696 = CARTESIAN_POINT('',(1.123392743159,-5.999079759835));
#1697 = CARTESIAN_POINT('',(1.128611502369,-6.188088759515));
#1698 = CARTESIAN_POINT('',(1.134532972327,-6.361918648595));
#1699 = CARTESIAN_POINT('',(1.149502771203,-6.709585720611));
#1700 = CARTESIAN_POINT('',(1.159274006018,-6.879225368239));
#1701 = CARTESIAN_POINT('',(1.170197103474,-7.001295034101));
#1702 = CARTESIAN_POINT('',(1.181833944009,-7.060821597694));
#1703 = CARTESIAN_POINT('',(1.193640074034,-7.051344072138));
#1704 = CARTESIAN_POINT('',(1.205058267337,-6.97491552367));
#1705 = CARTESIAN_POINT('',(1.215591487102,-6.842273570849));
#1706 = CARTESIAN_POINT('',(1.236876186861,-6.454300195921));
#1707 = CARTESIAN_POINT('',(1.246953118597,-6.171498563654));
#1708 = CARTESIAN_POINT('',(1.255110857606,-5.847876220381));
#1709 = CARTESIAN_POINT('',(1.261458846634,-5.498235290416));
#1710 = CARTESIAN_POINT('',(1.266114214895,-5.132894668862));
#1711 = CARTESIAN_POINT('',(1.2691813159,-4.758570990864));
#1712 = CARTESIAN_POINT('',(1.270721161417,-4.379737382836));
#1713 = CARTESIAN_POINT('',(1.270721161417,-4.));
#1714 = ( GEOMETRIC_REPRESENTATION_CONTEXT(2) 
PARAMETRIC_REPRESENTATION_CONTEXT() REPRESENTATION_CONTEXT('2D SPACE',''
  ) );
#1715 = PCURVE('',#1716,#1721);
#1716 = CYLINDRICAL_SURFACE('',#1717,3.);
#1717 = AXIS2_PLACEMENT_3D('',#1718,#1719,#1720);
#1718 = CARTESIAN_POINT('',(17.2,-4.5,29.791273890185));
#1719 = DIRECTION('',(0.5,0.,0.866025403784));
#1720 = DIRECTION('',(0.866025403784,0.,-0.5));
#1721 = DEFINITIONAL_REPRESENTATION('',(#1722),#1781);
#1722 = B_SPLINE_CURVE_WITH_KNOTS('',8,(#1723,#1724,#1725,#1726,#1727,
    #1728,#1729,#1730,#1731,#1732,#1733,#1734,#1735,#1736,#1737,#1738,
    #1739,#1740,#1741,#1742,#1743,#1744,#1745,#1746,#1747,#1748,#1749,
    #1750,#1751,#1752,#1753,#1754,#1755,#1756,#1757,#1758,#1759,#1760,
    #1761,#1762,#1763,#1764,#1765,#1766,#1767,#1768,#1769,#1770,#1771,
    #1772,#1773,#1774,#1775,#1776,#1777,#1778,#1779,#1780),
  .UNSPECIFIED.,.F.,.F.,(9,7,7,7,7,7,7,7,9),(0.,0.121341745978,
    0.229914198108,0.322747995034,0.434759492762,0.559213973386,
    0.672831338895,0.815559184628,1.),.UNSPECIFIED.);
#1723 = CARTESIAN_POINT('',(0.,1.274080226405));
#1724 = CARTESIAN_POINT('',(8.222813013332E-02,1.274080226405));
#1725 = CARTESIAN_POINT('',(0.164394324557,1.276029678841));
#1726 = CARTESIAN_POINT('',(0.246953790817,1.279923718484));
#1727 = CARTESIAN_POINT('',(0.330325311359,1.285703816351));
#1728 = CARTESIAN_POINT('',(0.414930131542,1.293254459321));
#1729 = CARTESIAN_POINT('',(0.501201360641,1.302381687653));
#1730 = CARTESIAN_POINT('',(0.589600586977,1.312781120387));
#1731 = CARTESIAN_POINT('',(0.762171733708,1.334044141695));
#1732 = CARTESIAN_POINT('',(0.84676477137,1.344861439383));
#1733 = CARTESIAN_POINT('',(0.934226631242,1.356072150519));
#1734 = CARTESIAN_POINT('',(1.024435629868,1.367151506177));
#1735 = CARTESIAN_POINT('',(1.11737144295,1.377458709736));
#1736 = CARTESIAN_POINT('',(1.213101180558,1.38629076562));
#1737 = CARTESIAN_POINT('',(1.311783727838,1.392964096773));
#1738 = CARTESIAN_POINT('',(1.500873464603,1.400309525138));
#1739 = CARTESIAN_POINT('',(1.588640275763,1.401642583346));
#1740 = CARTESIAN_POINT('',(1.676400751414,1.400693023493));
#1741 = CARTESIAN_POINT('',(1.763602862577,1.397436796733));
#1742 = CARTESIAN_POINT('',(1.84969415444,1.392105758667));
#1743 = CARTESIAN_POINT('',(1.934061104108,1.385143469445));
#1744 = CARTESIAN_POINT('',(2.01595604608,1.377107834153));
#1745 = CARTESIAN_POINT('',(2.189038179256,1.358249908959));
#1746 = CARTESIAN_POINT('',(2.280048520817,1.347042659612));
#1747 = CARTESIAN_POINT('',(2.367973712603,1.335615484822));
#1748 = CARTESIAN_POINT('',(2.453242395495,1.324522850339));
#1749 = CARTESIAN_POINT('',(2.536236322277,1.314182972461));
#1750 = CARTESIAN_POINT('',(2.61731123733,1.30489714558));
#1751 = CARTESIAN_POINT('',(2.69680526731,1.296879933445));
#1752 = CARTESIAN_POINT('',(2.862036311583,1.282939857427));
#1753 = CARTESIAN_POINT('',(2.947562382206,1.277342184995));
#1754 = CARTESIAN_POINT('',(3.032140966766,1.273688457033));
#1755 = CARTESIAN_POINT('',(3.116203264899,1.272089505909));
#1756 = CARTESIAN_POINT('',(3.200167603627,1.272586532323));
#1757 = CARTESIAN_POINT('',(3.284451807152,1.275161015752));
#1758 = CARTESIAN_POINT('',(3.369485104997,1.279729639672));
#1759 = CARTESIAN_POINT('',(3.534506882875,1.291960952799));
#1760 = CARTESIAN_POINT('',(3.614295732372,1.299319963188));
#1761 = CARTESIAN_POINT('',(3.695505277836,1.308074582149));
#1762 = CARTESIAN_POINT('',(3.778500279,1.31803532988));
#1763 = CARTESIAN_POINT('',(3.863659607906,1.328931625756));
#1764 = CARTESIAN_POINT('',(3.951384898624,1.340379053441));
#1765 = CARTESIAN_POINT('',(4.042121347435,1.35185355416));
#1766 = CARTESIAN_POINT('',(4.25490268802,1.376312964601));
#1767 = CARTESIAN_POINT('',(4.383427576096,1.389439128468));
#1768 = CARTESIAN_POINT('',(4.517406756508,1.399892776382));
#1769 = CARTESIAN_POINT('',(4.654120828431,1.405378478592));
#1770 = CARTESIAN_POINT('',(4.79144040999,1.404391621858));
#1771 = CARTESIAN_POINT('',(4.927327574603,1.397550780697));
#1772 = CARTESIAN_POINT('',(5.059356556754,1.386729832037));
#1773 = CARTESIAN_POINT('',(5.34421815272,1.357740677596));
#1774 = CARTESIAN_POINT('',(5.494016588767,1.338129115336));
#1775 = CARTESIAN_POINT('',(5.635844410608,1.318552251897));
#1776 = CARTESIAN_POINT('',(5.771462024966,1.301398624524));
#1777 = CARTESIAN_POINT('',(5.902467971926,1.28789904861));
#1778 = CARTESIAN_POINT('',(6.030327321125,1.278700182545));
#1779 = CARTESIAN_POINT('',(6.156606179568,1.274080226405));
#1780 = CARTESIAN_POINT('',(6.28318530718,1.274080226405));
#1781 = ( GEOMETRIC_REPRESENTATION_CONTEXT(2) 
PARAMETRIC_REPRESENTATION_CONTEXT() REPRESENTATION_CONTEXT('2D SPACE',''
  ) );
#1782 = ADVANCED_FACE('',(#1783),#666,.F.);
#1783 = FACE_BOUND('',#1784,.F.);
#1784 = EDGE_LOOP('',(#1785,#1815,#1843,#1871,#1899,#1927,#1955,#1976,
    #1977,#1978));
#1785 = ORIENTED_EDGE('',*,*,#1786,.F.);
#1786 = EDGE_CURVE('',#1787,#1789,#1791,.T.);
#1787 = VERTEX_POINT('',#1788);
#1788 = CARTESIAN_POINT('',(-12.,2.7,114.45291045874));
#1789 = VERTEX_POINT('',#1790);
#1790 = CARTESIAN_POINT('',(-12.,2.7,32.8));
#1791 = SURFACE_CURVE('',#1792,(#1796,#1803),.PCURVE_S1.);
#1792 = LINE('',#1793,#1794);
#1793 = CARTESIAN_POINT('',(-12.,2.7,114.45291045874));
#1794 = VECTOR('',#1795,1.);
#1795 = DIRECTION('',(0.,0.,-1.));
#1796 = PCURVE('',#666,#1797);
#1797 = DEFINITIONAL_REPRESENTATION('',(#1798),#1802);
#1798 = LINE('',#1799,#1800);
#1799 = CARTESIAN_POINT('',(81.652910458744,-11.2));
#1800 = VECTOR('',#1801,1.);
#1801 = DIRECTION('',(-1.,0.));
#1802 = ( GEOMETRIC_REPRESENTATION_CONTEXT(2) 
PARAMETRIC_REPRESENTATION_CONTEXT() REPRESENTATION_CONTEXT('2D SPACE',''
  ) );
#1803 = PCURVE('',#1804,#1809);
#1804 = CYLINDRICAL_SURFACE('',#1805,0.8);
#1805 = AXIS2_PLACEMENT_3D('',#1806,#1807,#1808);
#1806 = CARTESIAN_POINT('',(-11.2,2.7,32.8));
#1807 = DIRECTION('',(0.,0.,1.));
#1808 = DIRECTION('',(-1.,-0.,0.));
#1809 = DEFINITIONAL_REPRESENTATION('',(#1810),#1814);
#1810 = LINE('',#1811,#1812);
#1811 = CARTESIAN_POINT('',(-0.,81.652910458744));
#1812 = VECTOR('',#1813,1.);
#1813 = DIRECTION('',(-0.,-1.));
#1814 = ( GEOMETRIC_REPRESENTATION_CONTEXT(2) 
PARAMETRIC_REPRESENTATION_CONTEXT() REPRESENTATION_CONTEXT('2D SPACE',''
  ) );
#1815 = ORIENTED_EDGE('',*,*,#1816,.T.);
#1816 = EDGE_CURVE('',#1787,#1817,#1819,.T.);
#1817 = VERTEX_POINT('',#1818);
#1818 = CARTESIAN_POINT('',(-12.,10.176896353096,116.45633879844));
#1819 = SURFACE_CURVE('',#1820,(#1824,#1831),.PCURVE_S1.);
#1820 = LINE('',#1821,#1822);
#1821 = CARTESIAN_POINT('',(-12.,-5.277916867529,112.3152340768));
#1822 = VECTOR('',#1823,1.);
#1823 = DIRECTION('',(0.,0.965925826289,0.258819045103));
#1824 = PCURVE('',#666,#1825);
#1825 = DEFINITIONAL_REPRESENTATION('',(#1826),#1830);
#1826 = LINE('',#1827,#1828);
#1827 = CARTESIAN_POINT('',(79.515234076807,-3.222083132471));
#1828 = VECTOR('',#1829,1.);
#1829 = DIRECTION('',(0.258819045103,-0.965925826289));
#1830 = ( GEOMETRIC_REPRESENTATION_CONTEXT(2) 
PARAMETRIC_REPRESENTATION_CONTEXT() REPRESENTATION_CONTEXT('2D SPACE',''
  ) );
#1831 = PCURVE('',#1832,#1837);
#1832 = PLANE('',#1833);
#1833 = AXIS2_PLACEMENT_3D('',#1834,#1835,#1836);
#1834 = CARTESIAN_POINT('',(-20.,10.176896353096,116.45633879844));
#1835 = DIRECTION('',(0.,-0.258819045103,0.965925826289));
#1836 = DIRECTION('',(1.,0.,0.));
#1837 = DEFINITIONAL_REPRESENTATION('',(#1838),#1842);
#1838 = LINE('',#1839,#1840);
#1839 = CARTESIAN_POINT('',(8.,-16.));
#1840 = VECTOR('',#1841,1.);
#1841 = DIRECTION('',(0.,1.));
#1842 = ( GEOMETRIC_REPRESENTATION_CONTEXT(2) 
PARAMETRIC_REPRESENTATION_CONTEXT() REPRESENTATION_CONTEXT('2D SPACE',''
  ) );
#1843 = ORIENTED_EDGE('',*,*,#1844,.F.);
#1844 = EDGE_CURVE('',#1845,#1817,#1847,.T.);
#1845 = VERTEX_POINT('',#1846);
#1846 = CARTESIAN_POINT('',(-12.,9.141620172686,120.3200421036));
#1847 = SURFACE_CURVE('',#1848,(#1852,#1859),.PCURVE_S1.);
#1848 = LINE('',#1849,#1850);
#1849 = CARTESIAN_POINT('',(-12.,10.176896353096,116.45633879844));
#1850 = VECTOR('',#1851,1.);
#1851 = DIRECTION('',(0.,0.258819045103,-0.965925826289));
#1852 = PCURVE('',#666,#1853);
#1853 = DEFINITIONAL_REPRESENTATION('',(#1854),#1858);
#1854 = LINE('',#1855,#1856);
#1855 = CARTESIAN_POINT('',(83.656338798447,-18.67689635309));
#1856 = VECTOR('',#1857,1.);
#1857 = DIRECTION('',(-0.965925826289,-0.258819045103));
#1858 = ( GEOMETRIC_REPRESENTATION_CONTEXT(2) 
PARAMETRIC_REPRESENTATION_CONTEXT() REPRESENTATION_CONTEXT('2D SPACE',''
  ) );
#1859 = PCURVE('',#1860,#1865);
#1860 = PLANE('',#1861);
#1861 = AXIS2_PLACEMENT_3D('',#1862,#1863,#1864);
#1862 = CARTESIAN_POINT('',(-20.,10.176896353096,116.45633879844));
#1863 = DIRECTION('',(0.,0.965925826289,0.258819045103));
#1864 = DIRECTION('',(0.,-0.258819045103,0.965925826289));
#1865 = DEFINITIONAL_REPRESENTATION('',(#1866),#1870);
#1866 = LINE('',#1867,#1868);
#1867 = CARTESIAN_POINT('',(0.,8.));
#1868 = VECTOR('',#1869,1.);
#1869 = DIRECTION('',(-1.,0.));
#1870 = ( GEOMETRIC_REPRESENTATION_CONTEXT(2) 
PARAMETRIC_REPRESENTATION_CONTEXT() REPRESENTATION_CONTEXT('2D SPACE',''
  ) );
#1871 = ORIENTED_EDGE('',*,*,#1872,.F.);
#1872 = EDGE_CURVE('',#1873,#1845,#1875,.T.);
#1873 = VERTEX_POINT('',#1874);
#1874 = CARTESIAN_POINT('',(-12.,-6.313193047939,116.17893738196));
#1875 = SURFACE_CURVE('',#1876,(#1880,#1887),.PCURVE_S1.);
#1876 = LINE('',#1877,#1878);
#1877 = CARTESIAN_POINT('',(-12.,-6.313193047939,116.17893738196));
#1878 = VECTOR('',#1879,1.);
#1879 = DIRECTION('',(0.,0.965925826289,0.258819045103));
#1880 = PCURVE('',#666,#1881);
#1881 = DEFINITIONAL_REPRESENTATION('',(#1882),#1886);
#1882 = LINE('',#1883,#1884);
#1883 = CARTESIAN_POINT('',(83.378937381963,-2.186806952061));
#1884 = VECTOR('',#1885,1.);
#1885 = DIRECTION('',(0.258819045103,-0.965925826289));
#1886 = ( GEOMETRIC_REPRESENTATION_CONTEXT(2) 
PARAMETRIC_REPRESENTATION_CONTEXT() REPRESENTATION_CONTEXT('2D SPACE',''
  ) );
#1887 = PCURVE('',#1888,#1893);
#1888 = PLANE('',#1889);
#1889 = AXIS2_PLACEMENT_3D('',#1890,#1891,#1892);
#1890 = CARTESIAN_POINT('',(-20.,9.141620172686,120.3200421036));
#1891 = DIRECTION('',(0.,-0.258819045103,0.965925826289));
#1892 = DIRECTION('',(1.,0.,0.));
#1893 = DEFINITIONAL_REPRESENTATION('',(#1894),#1898);
#1894 = LINE('',#1895,#1896);
#1895 = CARTESIAN_POINT('',(8.,-16.));
#1896 = VECTOR('',#1897,1.);
#1897 = DIRECTION('',(0.,1.));
#1898 = ( GEOMETRIC_REPRESENTATION_CONTEXT(2) 
PARAMETRIC_REPRESENTATION_CONTEXT() REPRESENTATION_CONTEXT('2D SPACE',''
  ) );
#1899 = ORIENTED_EDGE('',*,*,#1900,.F.);
#1900 = EDGE_CURVE('',#1901,#1873,#1903,.T.);
#1901 = VERTEX_POINT('',#1902);
#1902 = CARTESIAN_POINT('',(-12.,-6.21165708246,115.8));
#1903 = SURFACE_CURVE('',#1904,(#1908,#1915),.PCURVE_S1.);
#1904 = LINE('',#1905,#1906);
#1905 = CARTESIAN_POINT('',(-12.,-5.277916867529,112.3152340768));
#1906 = VECTOR('',#1907,1.);
#1907 = DIRECTION('',(0.,-0.258819045103,0.965925826289));
#1908 = PCURVE('',#666,#1909);
#1909 = DEFINITIONAL_REPRESENTATION('',(#1910),#1914);
#1910 = LINE('',#1911,#1912);
#1911 = CARTESIAN_POINT('',(79.515234076807,-3.222083132471));
#1912 = VECTOR('',#1913,1.);
#1913 = DIRECTION('',(0.965925826289,0.258819045103));
#1914 = ( GEOMETRIC_REPRESENTATION_CONTEXT(2) 
PARAMETRIC_REPRESENTATION_CONTEXT() REPRESENTATION_CONTEXT('2D SPACE',''
  ) );
#1915 = PCURVE('',#1916,#1921);
#1916 = PLANE('',#1917);
#1917 = AXIS2_PLACEMENT_3D('',#1918,#1919,#1920);
#1918 = CARTESIAN_POINT('',(-12.,-5.277916867529,112.3152340768));
#1919 = DIRECTION('',(0.,0.965925826289,0.258819045103));
#1920 = DIRECTION('',(0.,-0.258819045103,0.965925826289));
#1921 = DEFINITIONAL_REPRESENTATION('',(#1922),#1926);
#1922 = LINE('',#1923,#1924);
#1923 = CARTESIAN_POINT('',(0.,0.));
#1924 = VECTOR('',#1925,1.);
#1925 = DIRECTION('',(1.,0.));
#1926 = ( GEOMETRIC_REPRESENTATION_CONTEXT(2) 
PARAMETRIC_REPRESENTATION_CONTEXT() REPRESENTATION_CONTEXT('2D SPACE',''
  ) );
#1927 = ORIENTED_EDGE('',*,*,#1928,.F.);
#1928 = EDGE_CURVE('',#1929,#1901,#1931,.T.);
#1929 = VERTEX_POINT('',#1930);
#1930 = CARTESIAN_POINT('',(-12.,-7.7,115.8));
#1931 = SURFACE_CURVE('',#1932,(#1936,#1943),.PCURVE_S1.);
#1932 = LINE('',#1933,#1934);
#1933 = CARTESIAN_POINT('',(-12.,-8.5,115.8));
#1934 = VECTOR('',#1935,1.);
#1935 = DIRECTION('',(-0.,1.,0.));
#1936 = PCURVE('',#666,#1937);
#1937 = DEFINITIONAL_REPRESENTATION('',(#1938),#1942);
#1938 = LINE('',#1939,#1940);
#1939 = CARTESIAN_POINT('',(83.,0.));
#1940 = VECTOR('',#1941,1.);
#1941 = DIRECTION('',(0.,-1.));
#1942 = ( GEOMETRIC_REPRESENTATION_CONTEXT(2) 
PARAMETRIC_REPRESENTATION_CONTEXT() REPRESENTATION_CONTEXT('2D SPACE',''
  ) );
#1943 = PCURVE('',#1944,#1949);
#1944 = PLANE('',#1945);
#1945 = AXIS2_PLACEMENT_3D('',#1946,#1947,#1948);
#1946 = CARTESIAN_POINT('',(-12.,-8.5,115.8));
#1947 = DIRECTION('',(0.,0.,1.));
#1948 = DIRECTION('',(1.,0.,-0.));
#1949 = DEFINITIONAL_REPRESENTATION('',(#1950),#1954);
#1950 = LINE('',#1951,#1952);
#1951 = CARTESIAN_POINT('',(0.,0.));
#1952 = VECTOR('',#1953,1.);
#1953 = DIRECTION('',(0.,1.));
#1954 = ( GEOMETRIC_REPRESENTATION_CONTEXT(2) 
PARAMETRIC_REPRESENTATION_CONTEXT() REPRESENTATION_CONTEXT('2D SPACE',''
  ) );
#1955 = ORIENTED_EDGE('',*,*,#1956,.F.);
#1956 = EDGE_CURVE('',#1313,#1929,#1957,.T.);
#1957 = SURFACE_CURVE('',#1958,(#1962,#1969),.PCURVE_S1.);
#1958 = LINE('',#1959,#1960);
#1959 = CARTESIAN_POINT('',(-12.,-7.7,33.728919342309));
#1960 = VECTOR('',#1961,1.);
#1961 = DIRECTION('',(0.,0.,1.));
#1962 = PCURVE('',#666,#1963);
#1963 = DEFINITIONAL_REPRESENTATION('',(#1964),#1968);
#1964 = LINE('',#1965,#1966);
#1965 = CARTESIAN_POINT('',(0.928919342309,-0.8));
#1966 = VECTOR('',#1967,1.);
#1967 = DIRECTION('',(1.,0.));
#1968 = ( GEOMETRIC_REPRESENTATION_CONTEXT(2) 
PARAMETRIC_REPRESENTATION_CONTEXT() REPRESENTATION_CONTEXT('2D SPACE',''
  ) );
#1969 = PCURVE('',#1350,#1970);
#1970 = DEFINITIONAL_REPRESENTATION('',(#1971),#1975);
#1971 = LINE('',#1972,#1973);
#1972 = CARTESIAN_POINT('',(0.,0.928919342309));
#1973 = VECTOR('',#1974,1.);
#1974 = DIRECTION('',(0.,1.));
#1975 = ( GEOMETRIC_REPRESENTATION_CONTEXT(2) 
PARAMETRIC_REPRESENTATION_CONTEXT() REPRESENTATION_CONTEXT('2D SPACE',''
  ) );
#1976 = ORIENTED_EDGE('',*,*,#1373,.T.);
#1977 = ORIENTED_EDGE('',*,*,#651,.T.);
#1978 = ORIENTED_EDGE('',*,*,#1979,.T.);
#1979 = EDGE_CURVE('',#652,#1789,#1980,.T.);
#1980 = SURFACE_CURVE('',#1981,(#1985,#1992),.PCURVE_S1.);
#1981 = LINE('',#1982,#1983);
#1982 = CARTESIAN_POINT('',(-12.,-8.5,32.8));
#1983 = VECTOR('',#1984,1.);
#1984 = DIRECTION('',(-0.,1.,0.));
#1985 = PCURVE('',#666,#1986);
#1986 = DEFINITIONAL_REPRESENTATION('',(#1987),#1991);
#1987 = LINE('',#1988,#1989);
#1988 = CARTESIAN_POINT('',(0.,0.));
#1989 = VECTOR('',#1990,1.);
#1990 = DIRECTION('',(0.,-1.));
#1991 = ( GEOMETRIC_REPRESENTATION_CONTEXT(2) 
PARAMETRIC_REPRESENTATION_CONTEXT() REPRESENTATION_CONTEXT('2D SPACE',''
  ) );
#1992 = PCURVE('',#693,#1993);
#1993 = DEFINITIONAL_REPRESENTATION('',(#1994),#1998);
#1994 = LINE('',#1995,#1996);
#1995 = CARTESIAN_POINT('',(0.,0.));
#1996 = VECTOR('',#1997,1.);
#1997 = DIRECTION('',(0.,1.));
#1998 = ( GEOMETRIC_REPRESENTATION_CONTEXT(2) 
PARAMETRIC_REPRESENTATION_CONTEXT() REPRESENTATION_CONTEXT('2D SPACE',''
  ) );
#1999 = ADVANCED_FACE('',(#2000),#693,.F.);
#2000 = FACE_BOUND('',#2001,.F.);
#2001 = EDGE_LOOP('',(#2002,#2003,#2004,#2027,#2056,#2084));
#2002 = ORIENTED_EDGE('',*,*,#1979,.F.);
#2003 = ORIENTED_EDGE('',*,*,#678,.T.);
#2004 = ORIENTED_EDGE('',*,*,#2005,.T.);
#2005 = EDGE_CURVE('',#679,#2006,#2008,.T.);
#2006 = VERTEX_POINT('',#2007);
#2007 = CARTESIAN_POINT('',(12.,2.7,32.8));
#2008 = SURFACE_CURVE('',#2009,(#2013,#2020),.PCURVE_S1.);
#2009 = LINE('',#2010,#2011);
#2010 = CARTESIAN_POINT('',(12.,-8.5,32.8));
#2011 = VECTOR('',#2012,1.);
#2012 = DIRECTION('',(-0.,1.,0.));
#2013 = PCURVE('',#693,#2014);
#2014 = DEFINITIONAL_REPRESENTATION('',(#2015),#2019);
#2015 = LINE('',#2016,#2017);
#2016 = CARTESIAN_POINT('',(24.,0.));
#2017 = VECTOR('',#2018,1.);
#2018 = DIRECTION('',(0.,1.));
#2019 = ( GEOMETRIC_REPRESENTATION_CONTEXT(2) 
PARAMETRIC_REPRESENTATION_CONTEXT() REPRESENTATION_CONTEXT('2D SPACE',''
  ) );
#2020 = PCURVE('',#719,#2021);
#2021 = DEFINITIONAL_REPRESENTATION('',(#2022),#2026);
#2022 = LINE('',#2023,#2024);
#2023 = CARTESIAN_POINT('',(0.,0.));
#2024 = VECTOR('',#2025,1.);
#2025 = DIRECTION('',(0.,-1.));
#2026 = ( GEOMETRIC_REPRESENTATION_CONTEXT(2) 
PARAMETRIC_REPRESENTATION_CONTEXT() REPRESENTATION_CONTEXT('2D SPACE',''
  ) );
#2027 = ORIENTED_EDGE('',*,*,#2028,.T.);
#2028 = EDGE_CURVE('',#2006,#2029,#2031,.T.);
#2029 = VERTEX_POINT('',#2030);
#2030 = CARTESIAN_POINT('',(11.2,3.5,32.8));
#2031 = SURFACE_CURVE('',#2032,(#2037,#2044),.PCURVE_S1.);
#2032 = CIRCLE('',#2033,0.8);
#2033 = AXIS2_PLACEMENT_3D('',#2034,#2035,#2036);
#2034 = CARTESIAN_POINT('',(11.2,2.7,32.8));
#2035 = DIRECTION('',(0.,0.,1.));
#2036 = DIRECTION('',(0.,-1.,0.));
#2037 = PCURVE('',#693,#2038);
#2038 = DEFINITIONAL_REPRESENTATION('',(#2039),#2043);
#2039 = CIRCLE('',#2040,0.8);
#2040 = AXIS2_PLACEMENT_2D('',#2041,#2042);
#2041 = CARTESIAN_POINT('',(23.2,11.2));
#2042 = DIRECTION('',(0.,-1.));
#2043 = ( GEOMETRIC_REPRESENTATION_CONTEXT(2) 
PARAMETRIC_REPRESENTATION_CONTEXT() REPRESENTATION_CONTEXT('2D SPACE',''
  ) );
#2044 = PCURVE('',#2045,#2050);
#2045 = CYLINDRICAL_SURFACE('',#2046,0.8);
#2046 = AXIS2_PLACEMENT_3D('',#2047,#2048,#2049);
#2047 = CARTESIAN_POINT('',(11.2,2.7,32.8));
#2048 = DIRECTION('',(0.,0.,1.));
#2049 = DIRECTION('',(1.,0.,-0.));
#2050 = DEFINITIONAL_REPRESENTATION('',(#2051),#2055);
#2051 = LINE('',#2052,#2053);
#2052 = CARTESIAN_POINT('',(-1.570796326795,0.));
#2053 = VECTOR('',#2054,1.);
#2054 = DIRECTION('',(1.,0.));
#2055 = ( GEOMETRIC_REPRESENTATION_CONTEXT(2) 
PARAMETRIC_REPRESENTATION_CONTEXT() REPRESENTATION_CONTEXT('2D SPACE',''
  ) );
#2056 = ORIENTED_EDGE('',*,*,#2057,.F.);
#2057 = EDGE_CURVE('',#2058,#2029,#2060,.T.);
#2058 = VERTEX_POINT('',#2059);
#2059 = CARTESIAN_POINT('',(-11.2,3.5,32.8));
#2060 = SURFACE_CURVE('',#2061,(#2065,#2072),.PCURVE_S1.);
#2061 = LINE('',#2062,#2063);
#2062 = CARTESIAN_POINT('',(-12.,3.5,32.8));
#2063 = VECTOR('',#2064,1.);
#2064 = DIRECTION('',(1.,0.,-0.));
#2065 = PCURVE('',#693,#2066);
#2066 = DEFINITIONAL_REPRESENTATION('',(#2067),#2071);
#2067 = LINE('',#2068,#2069);
#2068 = CARTESIAN_POINT('',(0.,12.));
#2069 = VECTOR('',#2070,1.);
#2070 = DIRECTION('',(1.,0.));
#2071 = ( GEOMETRIC_REPRESENTATION_CONTEXT(2) 
PARAMETRIC_REPRESENTATION_CONTEXT() REPRESENTATION_CONTEXT('2D SPACE',''
  ) );
#2072 = PCURVE('',#2073,#2078);
#2073 = PLANE('',#2074);
#2074 = AXIS2_PLACEMENT_3D('',#2075,#2076,#2077);
#2075 = CARTESIAN_POINT('',(-12.,3.5,32.8));
#2076 = DIRECTION('',(-0.,1.,0.));
#2077 = DIRECTION('',(0.,0.,1.));
#2078 = DEFINITIONAL_REPRESENTATION('',(#2079),#2083);
#2079 = LINE('',#2080,#2081);
#2080 = CARTESIAN_POINT('',(0.,0.));
#2081 = VECTOR('',#2082,1.);
#2082 = DIRECTION('',(0.,1.));
#2083 = ( GEOMETRIC_REPRESENTATION_CONTEXT(2) 
PARAMETRIC_REPRESENTATION_CONTEXT() REPRESENTATION_CONTEXT('2D SPACE',''
  ) );
#2084 = ORIENTED_EDGE('',*,*,#2085,.F.);
#2085 = EDGE_CURVE('',#1789,#2058,#2086,.T.);
#2086 = SURFACE_CURVE('',#2087,(#2092,#2103),.PCURVE_S1.);
#2087 = CIRCLE('',#2088,0.8);
#2088 = AXIS2_PLACEMENT_3D('',#2089,#2090,#2091);
#2089 = CARTESIAN_POINT('',(-11.2,2.7,32.8));
#2090 = DIRECTION('',(-0.,-0.,-1.));
#2091 = DIRECTION('',(0.,-1.,0.));
#2092 = PCURVE('',#693,#2093);
#2093 = DEFINITIONAL_REPRESENTATION('',(#2094),#2102);
#2094 = ( BOUNDED_CURVE() B_SPLINE_CURVE(2,(#2095,#2096,#2097,#2098,
#2099,#2100,#2101),.UNSPECIFIED.,.T.,.F.) B_SPLINE_CURVE_WITH_KNOTS((1,2
    ,2,2,2,1),(-2.094395102393,0.,2.094395102393,4.188790204786,
6.28318530718,8.377580409573),.UNSPECIFIED.) CURVE() 
GEOMETRIC_REPRESENTATION_ITEM() RATIONAL_B_SPLINE_CURVE((1.,0.5,1.,0.5,
1.,0.5,1.)) REPRESENTATION_ITEM('') );
#2095 = CARTESIAN_POINT('',(0.8,10.4));
#2096 = CARTESIAN_POINT('',(-0.585640646055,10.4));
#2097 = CARTESIAN_POINT('',(0.107179676972,11.6));
#2098 = CARTESIAN_POINT('',(0.8,12.8));
#2099 = CARTESIAN_POINT('',(1.492820323028,11.6));
#2100 = CARTESIAN_POINT('',(2.185640646055,10.4));
#2101 = CARTESIAN_POINT('',(0.8,10.4));
#2102 = ( GEOMETRIC_REPRESENTATION_CONTEXT(2) 
PARAMETRIC_REPRESENTATION_CONTEXT() REPRESENTATION_CONTEXT('2D SPACE',''
  ) );
#2103 = PCURVE('',#1804,#2104);
#2104 = DEFINITIONAL_REPRESENTATION('',(#2105),#2109);
#2105 = LINE('',#2106,#2107);
#2106 = CARTESIAN_POINT('',(1.570796326795,-0.));
#2107 = VECTOR('',#2108,1.);
#2108 = DIRECTION('',(-1.,0.));
#2109 = ( GEOMETRIC_REPRESENTATION_CONTEXT(2) 
PARAMETRIC_REPRESENTATION_CONTEXT() REPRESENTATION_CONTEXT('2D SPACE',''
  ) );
#2110 = ADVANCED_FACE('',(#2111),#719,.T.);
#2111 = FACE_BOUND('',#2112,.T.);
#2112 = EDGE_LOOP('',(#2113,#2136,#2159,#2187,#2210,#2233,#2256,#2277,
    #2278,#2279));
#2113 = ORIENTED_EDGE('',*,*,#2114,.T.);
#2114 = EDGE_CURVE('',#2006,#2115,#2117,.T.);
#2115 = VERTEX_POINT('',#2116);
#2116 = CARTESIAN_POINT('',(12.,2.7,114.45291045874));
#2117 = SURFACE_CURVE('',#2118,(#2122,#2129),.PCURVE_S1.);
#2118 = LINE('',#2119,#2120);
#2119 = CARTESIAN_POINT('',(12.,2.7,32.8));
#2120 = VECTOR('',#2121,1.);
#2121 = DIRECTION('',(0.,0.,1.));
#2122 = PCURVE('',#719,#2123);
#2123 = DEFINITIONAL_REPRESENTATION('',(#2124),#2128);
#2124 = LINE('',#2125,#2126);
#2125 = CARTESIAN_POINT('',(0.,-11.2));
#2126 = VECTOR('',#2127,1.);
#2127 = DIRECTION('',(1.,0.));
#2128 = ( GEOMETRIC_REPRESENTATION_CONTEXT(2) 
PARAMETRIC_REPRESENTATION_CONTEXT() REPRESENTATION_CONTEXT('2D SPACE',''
  ) );
#2129 = PCURVE('',#2045,#2130);
#2130 = DEFINITIONAL_REPRESENTATION('',(#2131),#2135);
#2131 = LINE('',#2132,#2133);
#2132 = CARTESIAN_POINT('',(0.,0.));
#2133 = VECTOR('',#2134,1.);
#2134 = DIRECTION('',(0.,1.));
#2135 = ( GEOMETRIC_REPRESENTATION_CONTEXT(2) 
PARAMETRIC_REPRESENTATION_CONTEXT() REPRESENTATION_CONTEXT('2D SPACE',''
  ) );
#2136 = ORIENTED_EDGE('',*,*,#2137,.T.);
#2137 = EDGE_CURVE('',#2115,#2138,#2140,.T.);
#2138 = VERTEX_POINT('',#2139);
#2139 = CARTESIAN_POINT('',(12.,10.176896353096,116.45633879844));
#2140 = SURFACE_CURVE('',#2141,(#2145,#2152),.PCURVE_S1.);
#2141 = LINE('',#2142,#2143);
#2142 = CARTESIAN_POINT('',(12.,-5.277916867529,112.3152340768));
#2143 = VECTOR('',#2144,1.);
#2144 = DIRECTION('',(0.,0.965925826289,0.258819045103));
#2145 = PCURVE('',#719,#2146);
#2146 = DEFINITIONAL_REPRESENTATION('',(#2147),#2151);
#2147 = LINE('',#2148,#2149);
#2148 = CARTESIAN_POINT('',(79.515234076807,-3.222083132471));
#2149 = VECTOR('',#2150,1.);
#2150 = DIRECTION('',(0.258819045103,-0.965925826289));
#2151 = ( GEOMETRIC_REPRESENTATION_CONTEXT(2) 
PARAMETRIC_REPRESENTATION_CONTEXT() REPRESENTATION_CONTEXT('2D SPACE',''
  ) );
#2152 = PCURVE('',#1832,#2153);
#2153 = DEFINITIONAL_REPRESENTATION('',(#2154),#2158);
#2154 = LINE('',#2155,#2156);
#2155 = CARTESIAN_POINT('',(32.,-16.));
#2156 = VECTOR('',#2157,1.);
#2157 = DIRECTION('',(0.,1.));
#2158 = ( GEOMETRIC_REPRESENTATION_CONTEXT(2) 
PARAMETRIC_REPRESENTATION_CONTEXT() REPRESENTATION_CONTEXT('2D SPACE',''
  ) );
#2159 = ORIENTED_EDGE('',*,*,#2160,.F.);
#2160 = EDGE_CURVE('',#2161,#2138,#2163,.T.);
#2161 = VERTEX_POINT('',#2162);
#2162 = CARTESIAN_POINT('',(12.,9.141620172686,120.3200421036));
#2163 = SURFACE_CURVE('',#2164,(#2168,#2175),.PCURVE_S1.);
#2164 = LINE('',#2165,#2166);
#2165 = CARTESIAN_POINT('',(12.,10.176896353096,116.45633879844));
#2166 = VECTOR('',#2167,1.);
#2167 = DIRECTION('',(0.,0.258819045103,-0.965925826289));
#2168 = PCURVE('',#719,#2169);
#2169 = DEFINITIONAL_REPRESENTATION('',(#2170),#2174);
#2170 = LINE('',#2171,#2172);
#2171 = CARTESIAN_POINT('',(83.656338798447,-18.67689635309));
#2172 = VECTOR('',#2173,1.);
#2173 = DIRECTION('',(-0.965925826289,-0.258819045103));
#2174 = ( GEOMETRIC_REPRESENTATION_CONTEXT(2) 
PARAMETRIC_REPRESENTATION_CONTEXT() REPRESENTATION_CONTEXT('2D SPACE',''
  ) );
#2175 = PCURVE('',#2176,#2181);
#2176 = PLANE('',#2177);
#2177 = AXIS2_PLACEMENT_3D('',#2178,#2179,#2180);
#2178 = CARTESIAN_POINT('',(-20.,10.176896353096,116.45633879844));
#2179 = DIRECTION('',(0.,0.965925826289,0.258819045103));
#2180 = DIRECTION('',(0.,-0.258819045103,0.965925826289));
#2181 = DEFINITIONAL_REPRESENTATION('',(#2182),#2186);
#2182 = LINE('',#2183,#2184);
#2183 = CARTESIAN_POINT('',(0.,32.));
#2184 = VECTOR('',#2185,1.);
#2185 = DIRECTION('',(-1.,0.));
#2186 = ( GEOMETRIC_REPRESENTATION_CONTEXT(2) 
PARAMETRIC_REPRESENTATION_CONTEXT() REPRESENTATION_CONTEXT('2D SPACE',''
  ) );
#2187 = ORIENTED_EDGE('',*,*,#2188,.F.);
#2188 = EDGE_CURVE('',#2189,#2161,#2191,.T.);
#2189 = VERTEX_POINT('',#2190);
#2190 = CARTESIAN_POINT('',(12.,-6.313193047939,116.17893738196));
#2191 = SURFACE_CURVE('',#2192,(#2196,#2203),.PCURVE_S1.);
#2192 = LINE('',#2193,#2194);
#2193 = CARTESIAN_POINT('',(12.,-6.313193047939,116.17893738196));
#2194 = VECTOR('',#2195,1.);
#2195 = DIRECTION('',(0.,0.965925826289,0.258819045103));
#2196 = PCURVE('',#719,#2197);
#2197 = DEFINITIONAL_REPRESENTATION('',(#2198),#2202);
#2198 = LINE('',#2199,#2200);
#2199 = CARTESIAN_POINT('',(83.378937381963,-2.186806952061));
#2200 = VECTOR('',#2201,1.);
#2201 = DIRECTION('',(0.258819045103,-0.965925826289));
#2202 = ( GEOMETRIC_REPRESENTATION_CONTEXT(2) 
PARAMETRIC_REPRESENTATION_CONTEXT() REPRESENTATION_CONTEXT('2D SPACE',''
  ) );
#2203 = PCURVE('',#1888,#2204);
#2204 = DEFINITIONAL_REPRESENTATION('',(#2205),#2209);
#2205 = LINE('',#2206,#2207);
#2206 = CARTESIAN_POINT('',(32.,-16.));
#2207 = VECTOR('',#2208,1.);
#2208 = DIRECTION('',(0.,1.));
#2209 = ( GEOMETRIC_REPRESENTATION_CONTEXT(2) 
PARAMETRIC_REPRESENTATION_CONTEXT() REPRESENTATION_CONTEXT('2D SPACE',''
  ) );
#2210 = ORIENTED_EDGE('',*,*,#2211,.F.);
#2211 = EDGE_CURVE('',#2212,#2189,#2214,.T.);
#2212 = VERTEX_POINT('',#2213);
#2213 = CARTESIAN_POINT('',(12.,-6.21165708246,115.8));
#2214 = SURFACE_CURVE('',#2215,(#2219,#2226),.PCURVE_S1.);
#2215 = LINE('',#2216,#2217);
#2216 = CARTESIAN_POINT('',(12.,-5.277916867529,112.3152340768));
#2217 = VECTOR('',#2218,1.);
#2218 = DIRECTION('',(0.,-0.258819045103,0.965925826289));
#2219 = PCURVE('',#719,#2220);
#2220 = DEFINITIONAL_REPRESENTATION('',(#2221),#2225);
#2221 = LINE('',#2222,#2223);
#2222 = CARTESIAN_POINT('',(79.515234076807,-3.222083132471));
#2223 = VECTOR('',#2224,1.);
#2224 = DIRECTION('',(0.965925826289,0.258819045103));
#2225 = ( GEOMETRIC_REPRESENTATION_CONTEXT(2) 
PARAMETRIC_REPRESENTATION_CONTEXT() REPRESENTATION_CONTEXT('2D SPACE',''
  ) );
#2226 = PCURVE('',#1916,#2227);
#2227 = DEFINITIONAL_REPRESENTATION('',(#2228),#2232);
#2228 = LINE('',#2229,#2230);
#2229 = CARTESIAN_POINT('',(0.,24.));
#2230 = VECTOR('',#2231,1.);
#2231 = DIRECTION('',(1.,0.));
#2232 = ( GEOMETRIC_REPRESENTATION_CONTEXT(2) 
PARAMETRIC_REPRESENTATION_CONTEXT() REPRESENTATION_CONTEXT('2D SPACE',''
  ) );
#2233 = ORIENTED_EDGE('',*,*,#2234,.F.);
#2234 = EDGE_CURVE('',#2235,#2212,#2237,.T.);
#2235 = VERTEX_POINT('',#2236);
#2236 = CARTESIAN_POINT('',(12.,-7.7,115.8));
#2237 = SURFACE_CURVE('',#2238,(#2242,#2249),.PCURVE_S1.);
#2238 = LINE('',#2239,#2240);
#2239 = CARTESIAN_POINT('',(12.,-8.5,115.8));
#2240 = VECTOR('',#2241,1.);
#2241 = DIRECTION('',(-0.,1.,0.));
#2242 = PCURVE('',#719,#2243);
#2243 = DEFINITIONAL_REPRESENTATION('',(#2244),#2248);
#2244 = LINE('',#2245,#2246);
#2245 = CARTESIAN_POINT('',(83.,0.));
#2246 = VECTOR('',#2247,1.);
#2247 = DIRECTION('',(0.,-1.));
#2248 = ( GEOMETRIC_REPRESENTATION_CONTEXT(2) 
PARAMETRIC_REPRESENTATION_CONTEXT() REPRESENTATION_CONTEXT('2D SPACE',''
  ) );
#2249 = PCURVE('',#1944,#2250);
#2250 = DEFINITIONAL_REPRESENTATION('',(#2251),#2255);
#2251 = LINE('',#2252,#2253);
#2252 = CARTESIAN_POINT('',(24.,0.));
#2253 = VECTOR('',#2254,1.);
#2254 = DIRECTION('',(0.,1.));
#2255 = ( GEOMETRIC_REPRESENTATION_CONTEXT(2) 
PARAMETRIC_REPRESENTATION_CONTEXT() REPRESENTATION_CONTEXT('2D SPACE',''
  ) );
#2256 = ORIENTED_EDGE('',*,*,#2257,.T.);
#2257 = EDGE_CURVE('',#2235,#1197,#2258,.T.);
#2258 = SURFACE_CURVE('',#2259,(#2263,#2270),.PCURVE_S1.);
#2259 = LINE('',#2260,#2261);
#2260 = CARTESIAN_POINT('',(12.,-7.7,115.8));
#2261 = VECTOR('',#2262,1.);
#2262 = DIRECTION('',(0.,0.,-1.));
#2263 = PCURVE('',#719,#2264);
#2264 = DEFINITIONAL_REPRESENTATION('',(#2265),#2269);
#2265 = LINE('',#2266,#2267);
#2266 = CARTESIAN_POINT('',(83.,-0.8));
#2267 = VECTOR('',#2268,1.);
#2268 = DIRECTION('',(-1.,0.));
#2269 = ( GEOMETRIC_REPRESENTATION_CONTEXT(2) 
PARAMETRIC_REPRESENTATION_CONTEXT() REPRESENTATION_CONTEXT('2D SPACE',''
  ) );
#2270 = PCURVE('',#1256,#2271);
#2271 = DEFINITIONAL_REPRESENTATION('',(#2272),#2276);
#2272 = LINE('',#2273,#2274);
#2273 = CARTESIAN_POINT('',(-0.,83.));
#2274 = VECTOR('',#2275,1.);
#2275 = DIRECTION('',(-0.,-1.));
#2276 = ( GEOMETRIC_REPRESENTATION_CONTEXT(2) 
PARAMETRIC_REPRESENTATION_CONTEXT() REPRESENTATION_CONTEXT('2D SPACE',''
  ) );
#2277 = ORIENTED_EDGE('',*,*,#1196,.T.);
#2278 = ORIENTED_EDGE('',*,*,#704,.T.);
#2279 = ORIENTED_EDGE('',*,*,#2005,.T.);
#2280 = ADVANCED_FACE('',(#2281),#772,.T.);
#2281 = FACE_BOUND('',#2282,.F.);
#2282 = EDGE_LOOP('',(#2283,#2284,#2285,#2286));
#2283 = ORIENTED_EDGE('',*,*,#755,.T.);
#2284 = ORIENTED_EDGE('',*,*,#1091,.T.);
#2285 = ORIENTED_EDGE('',*,*,#904,.F.);
#2286 = ORIENTED_EDGE('',*,*,#1174,.F.);
#2287 = ADVANCED_FACE('',(#2288,#2314),#997,.T.);
#2288 = FACE_BOUND('',#2289,.T.);
#2289 = EDGE_LOOP('',(#2290));
#2290 = ORIENTED_EDGE('',*,*,#2291,.T.);
#2291 = EDGE_CURVE('',#2292,#2292,#2294,.T.);
#2292 = VERTEX_POINT('',#2293);
#2293 = CARTESIAN_POINT('',(19.798076211353,-4.5,28.291273890185));
#2294 = SURFACE_CURVE('',#2295,(#2300,#2307),.PCURVE_S1.);
#2295 = CIRCLE('',#2296,3.);
#2296 = AXIS2_PLACEMENT_3D('',#2297,#2298,#2299);
#2297 = CARTESIAN_POINT('',(17.2,-4.5,29.791273890185));
#2298 = DIRECTION('',(0.5,0.,0.866025403784));
#2299 = DIRECTION('',(0.866025403784,0.,-0.5));
#2300 = PCURVE('',#997,#2301);
#2301 = DEFINITIONAL_REPRESENTATION('',(#2302),#2306);
#2302 = CIRCLE('',#2303,3.);
#2303 = AXIS2_PLACEMENT_2D('',#2304,#2305);
#2304 = CARTESIAN_POINT('',(0.,0.));
#2305 = DIRECTION('',(1.,0.));
#2306 = ( GEOMETRIC_REPRESENTATION_CONTEXT(2) 
PARAMETRIC_REPRESENTATION_CONTEXT() REPRESENTATION_CONTEXT('2D SPACE',''
  ) );
#2307 = PCURVE('',#1716,#2308);
#2308 = DEFINITIONAL_REPRESENTATION('',(#2309),#2313);
#2309 = LINE('',#2310,#2311);
#2310 = CARTESIAN_POINT('',(0.,0.));
#2311 = VECTOR('',#2312,1.);
#2312 = DIRECTION('',(1.,0.));
#2313 = ( GEOMETRIC_REPRESENTATION_CONTEXT(2) 
PARAMETRIC_REPRESENTATION_CONTEXT() REPRESENTATION_CONTEXT('2D SPACE',''
  ) );
#2314 = FACE_BOUND('',#2315,.T.);
#2315 = EDGE_LOOP('',(#2316));
#2316 = ORIENTED_EDGE('',*,*,#980,.F.);
#2317 = ADVANCED_FACE('',(#2318,#2344),#1052,.T.);
#2318 = FACE_BOUND('',#2319,.T.);
#2319 = EDGE_LOOP('',(#2320));
#2320 = ORIENTED_EDGE('',*,*,#2321,.T.);
#2321 = EDGE_CURVE('',#2322,#2322,#2324,.T.);
#2322 = VERTEX_POINT('',#2323);
#2323 = CARTESIAN_POINT('',(-14.60192378864,-4.5,31.291273890185));
#2324 = SURFACE_CURVE('',#2325,(#2330,#2337),.PCURVE_S1.);
#2325 = CIRCLE('',#2326,3.);
#2326 = AXIS2_PLACEMENT_3D('',#2327,#2328,#2329);
#2327 = CARTESIAN_POINT('',(-17.2,-4.5,29.791273890185));
#2328 = DIRECTION('',(-0.5,0.,0.866025403784));
#2329 = DIRECTION('',(0.866025403784,0.,0.5));
#2330 = PCURVE('',#1052,#2331);
#2331 = DEFINITIONAL_REPRESENTATION('',(#2332),#2336);
#2332 = CIRCLE('',#2333,3.);
#2333 = AXIS2_PLACEMENT_2D('',#2334,#2335);
#2334 = CARTESIAN_POINT('',(0.,0.));
#2335 = DIRECTION('',(1.,0.));
#2336 = ( GEOMETRIC_REPRESENTATION_CONTEXT(2) 
PARAMETRIC_REPRESENTATION_CONTEXT() REPRESENTATION_CONTEXT('2D SPACE',''
  ) );
#2337 = PCURVE('',#1521,#2338);
#2338 = DEFINITIONAL_REPRESENTATION('',(#2339),#2343);
#2339 = LINE('',#2340,#2341);
#2340 = CARTESIAN_POINT('',(0.,0.));
#2341 = VECTOR('',#2342,1.);
#2342 = DIRECTION('',(1.,0.));
#2343 = ( GEOMETRIC_REPRESENTATION_CONTEXT(2) 
PARAMETRIC_REPRESENTATION_CONTEXT() REPRESENTATION_CONTEXT('2D SPACE',''
  ) );
#2344 = FACE_BOUND('',#2345,.T.);
#2345 = EDGE_LOOP('',(#2346));
#2346 = ORIENTED_EDGE('',*,*,#1035,.F.);
#2347 = ADVANCED_FACE('',(#2348),#1350,.T.);
#2348 = FACE_BOUND('',#2349,.T.);
#2349 = EDGE_LOOP('',(#2350,#2351,#2352,#2375));
#2350 = ORIENTED_EDGE('',*,*,#1956,.F.);
#2351 = ORIENTED_EDGE('',*,*,#1312,.T.);
#2352 = ORIENTED_EDGE('',*,*,#2353,.T.);
#2353 = EDGE_CURVE('',#1280,#2354,#2356,.T.);
#2354 = VERTEX_POINT('',#2355);
#2355 = CARTESIAN_POINT('',(-11.2,-8.5,115.8));
#2356 = SURFACE_CURVE('',#2357,(#2361,#2368),.PCURVE_S1.);
#2357 = LINE('',#2358,#2359);
#2358 = CARTESIAN_POINT('',(-11.2,-8.5,34.002941049268));
#2359 = VECTOR('',#2360,1.);
#2360 = DIRECTION('',(0.,0.,1.));
#2361 = PCURVE('',#1350,#2362);
#2362 = DEFINITIONAL_REPRESENTATION('',(#2363),#2367);
#2363 = LINE('',#2364,#2365);
#2364 = CARTESIAN_POINT('',(1.570796326795,1.202941049268));
#2365 = VECTOR('',#2366,1.);
#2366 = DIRECTION('',(0.,1.));
#2367 = ( GEOMETRIC_REPRESENTATION_CONTEXT(2) 
PARAMETRIC_REPRESENTATION_CONTEXT() REPRESENTATION_CONTEXT('2D SPACE',''
  ) );
#2368 = PCURVE('',#1296,#2369);
#2369 = DEFINITIONAL_REPRESENTATION('',(#2370),#2374);
#2370 = LINE('',#2371,#2372);
#2371 = CARTESIAN_POINT('',(1.202941049268,0.8));
#2372 = VECTOR('',#2373,1.);
#2373 = DIRECTION('',(1.,0.));
#2374 = ( GEOMETRIC_REPRESENTATION_CONTEXT(2) 
PARAMETRIC_REPRESENTATION_CONTEXT() REPRESENTATION_CONTEXT('2D SPACE',''
  ) );
#2375 = ORIENTED_EDGE('',*,*,#2376,.F.);
#2376 = EDGE_CURVE('',#1929,#2354,#2377,.T.);
#2377 = SURFACE_CURVE('',#2378,(#2383,#2390),.PCURVE_S1.);
#2378 = CIRCLE('',#2379,0.8);
#2379 = AXIS2_PLACEMENT_3D('',#2380,#2381,#2382);
#2380 = CARTESIAN_POINT('',(-11.2,-7.7,115.8));
#2381 = DIRECTION('',(0.,0.,1.));
#2382 = DIRECTION('',(0.,-1.,0.));
#2383 = PCURVE('',#1350,#2384);
#2384 = DEFINITIONAL_REPRESENTATION('',(#2385),#2389);
#2385 = LINE('',#2386,#2387);
#2386 = CARTESIAN_POINT('',(-4.712388980385,83.));
#2387 = VECTOR('',#2388,1.);
#2388 = DIRECTION('',(1.,0.));
#2389 = ( GEOMETRIC_REPRESENTATION_CONTEXT(2) 
PARAMETRIC_REPRESENTATION_CONTEXT() REPRESENTATION_CONTEXT('2D SPACE',''
  ) );
#2390 = PCURVE('',#1944,#2391);
#2391 = DEFINITIONAL_REPRESENTATION('',(#2392),#2396);
#2392 = CIRCLE('',#2393,0.8);
#2393 = AXIS2_PLACEMENT_2D('',#2394,#2395);
#2394 = CARTESIAN_POINT('',(0.8,0.8));
#2395 = DIRECTION('',(0.,-1.));
#2396 = ( GEOMETRIC_REPRESENTATION_CONTEXT(2) 
PARAMETRIC_REPRESENTATION_CONTEXT() REPRESENTATION_CONTEXT('2D SPACE',''
  ) );
#2397 = ADVANCED_FACE('',(#2398),#1296,.F.);
#2398 = FACE_BOUND('',#2399,.F.);
#2399 = EDGE_LOOP('',(#2400,#2401,#2424,#2445));
#2400 = ORIENTED_EDGE('',*,*,#2353,.T.);
#2401 = ORIENTED_EDGE('',*,*,#2402,.T.);
#2402 = EDGE_CURVE('',#2354,#2403,#2405,.T.);
#2403 = VERTEX_POINT('',#2404);
#2404 = CARTESIAN_POINT('',(11.2,-8.5,115.8));
#2405 = SURFACE_CURVE('',#2406,(#2410,#2417),.PCURVE_S1.);
#2406 = LINE('',#2407,#2408);
#2407 = CARTESIAN_POINT('',(-12.,-8.5,115.8));
#2408 = VECTOR('',#2409,1.);
#2409 = DIRECTION('',(1.,0.,-0.));
#2410 = PCURVE('',#1296,#2411);
#2411 = DEFINITIONAL_REPRESENTATION('',(#2412),#2416);
#2412 = LINE('',#2413,#2414);
#2413 = CARTESIAN_POINT('',(83.,0.));
#2414 = VECTOR('',#2415,1.);
#2415 = DIRECTION('',(0.,1.));
#2416 = ( GEOMETRIC_REPRESENTATION_CONTEXT(2) 
PARAMETRIC_REPRESENTATION_CONTEXT() REPRESENTATION_CONTEXT('2D SPACE',''
  ) );
#2417 = PCURVE('',#1944,#2418);
#2418 = DEFINITIONAL_REPRESENTATION('',(#2419),#2423);
#2419 = LINE('',#2420,#2421);
#2420 = CARTESIAN_POINT('',(0.,0.));
#2421 = VECTOR('',#2422,1.);
#2422 = DIRECTION('',(1.,0.));
#2423 = ( GEOMETRIC_REPRESENTATION_CONTEXT(2) 
PARAMETRIC_REPRESENTATION_CONTEXT() REPRESENTATION_CONTEXT('2D SPACE',''
  ) );
#2424 = ORIENTED_EDGE('',*,*,#2425,.F.);
#2425 = EDGE_CURVE('',#1219,#2403,#2426,.T.);
#2426 = SURFACE_CURVE('',#2427,(#2431,#2438),.PCURVE_S1.);
#2427 = LINE('',#2428,#2429);
#2428 = CARTESIAN_POINT('',(11.2,-8.5,34.002941049268));
#2429 = VECTOR('',#2430,1.);
#2430 = DIRECTION('',(0.,0.,1.));
#2431 = PCURVE('',#1296,#2432);
#2432 = DEFINITIONAL_REPRESENTATION('',(#2433),#2437);
#2433 = LINE('',#2434,#2435);
#2434 = CARTESIAN_POINT('',(1.202941049268,23.2));
#2435 = VECTOR('',#2436,1.);
#2436 = DIRECTION('',(1.,0.));
#2437 = ( GEOMETRIC_REPRESENTATION_CONTEXT(2) 
PARAMETRIC_REPRESENTATION_CONTEXT() REPRESENTATION_CONTEXT('2D SPACE',''
  ) );
#2438 = PCURVE('',#1256,#2439);
#2439 = DEFINITIONAL_REPRESENTATION('',(#2440),#2444);
#2440 = LINE('',#2441,#2442);
#2441 = CARTESIAN_POINT('',(-1.570796326795,1.202941049268));
#2442 = VECTOR('',#2443,1.);
#2443 = DIRECTION('',(-0.,1.));
#2444 = ( GEOMETRIC_REPRESENTATION_CONTEXT(2) 
PARAMETRIC_REPRESENTATION_CONTEXT() REPRESENTATION_CONTEXT('2D SPACE',''
  ) );
#2445 = ORIENTED_EDGE('',*,*,#1279,.T.);
#2446 = ADVANCED_FACE('',(#2447),#1256,.T.);
#2447 = FACE_BOUND('',#2448,.F.);
#2448 = EDGE_LOOP('',(#2449,#2450,#2451,#2477));
#2449 = ORIENTED_EDGE('',*,*,#1218,.T.);
#2450 = ORIENTED_EDGE('',*,*,#2425,.T.);
#2451 = ORIENTED_EDGE('',*,*,#2452,.F.);
#2452 = EDGE_CURVE('',#2235,#2403,#2453,.T.);
#2453 = SURFACE_CURVE('',#2454,(#2459,#2466),.PCURVE_S1.);
#2454 = CIRCLE('',#2455,0.8);
#2455 = AXIS2_PLACEMENT_3D('',#2456,#2457,#2458);
#2456 = CARTESIAN_POINT('',(11.2,-7.7,115.8));
#2457 = DIRECTION('',(-0.,-0.,-1.));
#2458 = DIRECTION('',(0.,-1.,0.));
#2459 = PCURVE('',#1256,#2460);
#2460 = DEFINITIONAL_REPRESENTATION('',(#2461),#2465);
#2461 = LINE('',#2462,#2463);
#2462 = CARTESIAN_POINT('',(4.712388980385,83.));
#2463 = VECTOR('',#2464,1.);
#2464 = DIRECTION('',(-1.,0.));
#2465 = ( GEOMETRIC_REPRESENTATION_CONTEXT(2) 
PARAMETRIC_REPRESENTATION_CONTEXT() REPRESENTATION_CONTEXT('2D SPACE',''
  ) );
#2466 = PCURVE('',#1944,#2467);
#2467 = DEFINITIONAL_REPRESENTATION('',(#2468),#2476);
#2468 = ( BOUNDED_CURVE() B_SPLINE_CURVE(2,(#2469,#2470,#2471,#2472,
#2473,#2474,#2475),.UNSPECIFIED.,.T.,.F.) B_SPLINE_CURVE_WITH_KNOTS((1,2
    ,2,2,2,1),(-2.094395102393,0.,2.094395102393,4.188790204786,
6.28318530718,8.377580409573),.UNSPECIFIED.) CURVE() 
GEOMETRIC_REPRESENTATION_ITEM() RATIONAL_B_SPLINE_CURVE((1.,0.5,1.,0.5,
1.,0.5,1.)) REPRESENTATION_ITEM('') );
#2469 = CARTESIAN_POINT('',(23.2,-2.22044604925E-16));
#2470 = CARTESIAN_POINT('',(21.814359353945,-2.22044604925E-16));
#2471 = CARTESIAN_POINT('',(22.507179676972,1.2));
#2472 = CARTESIAN_POINT('',(23.2,2.4));
#2473 = CARTESIAN_POINT('',(23.892820323028,1.2));
#2474 = CARTESIAN_POINT('',(24.585640646055,9.992007221626E-16));
#2475 = CARTESIAN_POINT('',(23.2,-2.22044604925E-16));
#2476 = ( GEOMETRIC_REPRESENTATION_CONTEXT(2) 
PARAMETRIC_REPRESENTATION_CONTEXT() REPRESENTATION_CONTEXT('2D SPACE',''
  ) );
#2477 = ORIENTED_EDGE('',*,*,#2257,.T.);
#2478 = ADVANCED_FACE('',(#2479),#1521,.F.);
#2479 = FACE_BOUND('',#2480,.F.);
#2480 = EDGE_LOOP('',(#2481,#2482,#2503,#2504));
#2481 = ORIENTED_EDGE('',*,*,#1395,.F.);
#2482 = ORIENTED_EDGE('',*,*,#2483,.F.);
#2483 = EDGE_CURVE('',#2322,#1396,#2484,.T.);
#2484 = SEAM_CURVE('',#2485,(#2489,#2496),.PCURVE_S1.);
#2485 = LINE('',#2486,#2487);
#2486 = CARTESIAN_POINT('',(-14.60192378864,-4.5,31.291273890185));
#2487 = VECTOR('',#2488,1.);
#2488 = DIRECTION('',(-0.5,1.232595164408E-32,0.866025403784));
#2489 = PCURVE('',#1521,#2490);
#2490 = DEFINITIONAL_REPRESENTATION('',(#2491),#2495);
#2491 = LINE('',#2492,#2493);
#2492 = CARTESIAN_POINT('',(6.28318530718,-0.));
#2493 = VECTOR('',#2494,1.);
#2494 = DIRECTION('',(0.,1.));
#2495 = ( GEOMETRIC_REPRESENTATION_CONTEXT(2) 
PARAMETRIC_REPRESENTATION_CONTEXT() REPRESENTATION_CONTEXT('2D SPACE',''
  ) );
#2496 = PCURVE('',#1521,#2497);
#2497 = DEFINITIONAL_REPRESENTATION('',(#2498),#2502);
#2498 = LINE('',#2499,#2500);
#2499 = CARTESIAN_POINT('',(0.,-0.));
#2500 = VECTOR('',#2501,1.);
#2501 = DIRECTION('',(0.,1.));
#2502 = ( GEOMETRIC_REPRESENTATION_CONTEXT(2) 
PARAMETRIC_REPRESENTATION_CONTEXT() REPRESENTATION_CONTEXT('2D SPACE',''
  ) );
#2503 = ORIENTED_EDGE('',*,*,#2321,.T.);
#2504 = ORIENTED_EDGE('',*,*,#2483,.T.);
#2505 = ADVANCED_FACE('',(#2506),#1716,.F.);
#2506 = FACE_BOUND('',#2507,.F.);
#2507 = EDGE_LOOP('',(#2508,#2509,#2530,#2531));
#2508 = ORIENTED_EDGE('',*,*,#1590,.F.);
#2509 = ORIENTED_EDGE('',*,*,#2510,.F.);
#2510 = EDGE_CURVE('',#2292,#1591,#2511,.T.);
#2511 = SEAM_CURVE('',#2512,(#2516,#2523),.PCURVE_S1.);
#2512 = LINE('',#2513,#2514);
#2513 = CARTESIAN_POINT('',(19.798076211353,-4.5,28.291273890185));
#2514 = VECTOR('',#2515,1.);
#2515 = DIRECTION('',(0.5,0.,0.866025403784));
#2516 = PCURVE('',#1716,#2517);
#2517 = DEFINITIONAL_REPRESENTATION('',(#2518),#2522);
#2518 = LINE('',#2519,#2520);
#2519 = CARTESIAN_POINT('',(6.28318530718,-0.));
#2520 = VECTOR('',#2521,1.);
#2521 = DIRECTION('',(0.,1.));
#2522 = ( GEOMETRIC_REPRESENTATION_CONTEXT(2) 
PARAMETRIC_REPRESENTATION_CONTEXT() REPRESENTATION_CONTEXT('2D SPACE',''
  ) );
#2523 = PCURVE('',#1716,#2524);
#2524 = DEFINITIONAL_REPRESENTATION('',(#2525),#2529);
#2525 = LINE('',#2526,#2527);
#2526 = CARTESIAN_POINT('',(0.,-0.));
#2527 = VECTOR('',#2528,1.);
#2528 = DIRECTION('',(0.,1.));
#2529 = ( GEOMETRIC_REPRESENTATION_CONTEXT(2) 
PARAMETRIC_REPRESENTATION_CONTEXT() REPRESENTATION_CONTEXT('2D SPACE',''
  ) );
#2530 = ORIENTED_EDGE('',*,*,#2291,.T.);
#2531 = ORIENTED_EDGE('',*,*,#2510,.T.);
#2532 = ADVANCED_FACE('',(#2533),#1804,.T.);
#2533 = FACE_BOUND('',#2534,.F.);
#2534 = EDGE_LOOP('',(#2535,#2536,#2559,#2594,#2620,#2647));
#2535 = ORIENTED_EDGE('',*,*,#2085,.T.);
#2536 = ORIENTED_EDGE('',*,*,#2537,.F.);
#2537 = EDGE_CURVE('',#2538,#2058,#2540,.T.);
#2538 = VERTEX_POINT('',#2539);
#2539 = CARTESIAN_POINT('',(-11.2,3.5,100.2032726371));
#2540 = SURFACE_CURVE('',#2541,(#2545,#2552),.PCURVE_S1.);
#2541 = LINE('',#2542,#2543);
#2542 = CARTESIAN_POINT('',(-11.2,3.5,100.2032726371));
#2543 = VECTOR('',#2544,1.);
#2544 = DIRECTION('',(0.,0.,-1.));
#2545 = PCURVE('',#1804,#2546);
#2546 = DEFINITIONAL_REPRESENTATION('',(#2547),#2551);
#2547 = LINE('',#2548,#2549);
#2548 = CARTESIAN_POINT('',(-1.570796326795,67.403272637109));
#2549 = VECTOR('',#2550,1.);
#2550 = DIRECTION('',(-0.,-1.));
#2551 = ( GEOMETRIC_REPRESENTATION_CONTEXT(2) 
PARAMETRIC_REPRESENTATION_CONTEXT() REPRESENTATION_CONTEXT('2D SPACE',''
  ) );
#2552 = PCURVE('',#2073,#2553);
#2553 = DEFINITIONAL_REPRESENTATION('',(#2554),#2558);
#2554 = LINE('',#2555,#2556);
#2555 = CARTESIAN_POINT('',(67.403272637109,0.8));
#2556 = VECTOR('',#2557,1.);
#2557 = DIRECTION('',(-1.,0.));
#2558 = ( GEOMETRIC_REPRESENTATION_CONTEXT(2) 
PARAMETRIC_REPRESENTATION_CONTEXT() REPRESENTATION_CONTEXT('2D SPACE',''
  ) );
#2559 = ORIENTED_EDGE('',*,*,#2560,.T.);
#2560 = EDGE_CURVE('',#2538,#2561,#2563,.T.);
#2561 = VERTEX_POINT('',#2562);
#2562 = CARTESIAN_POINT('',(-11.8,3.229150262213,98.901421109925));
#2563 = SURFACE_CURVE('',#2564,(#2569,#2582),.PCURVE_S1.);
#2564 = ELLIPSE('',#2565,3.927574516516,0.8);
#2565 = AXIS2_PLACEMENT_3D('',#2566,#2567,#2568);
#2566 = CARTESIAN_POINT('',(-11.2,2.7,96.358036417735));
#2567 = DIRECTION('',(0.,-0.979035840874,0.203688051401));
#2568 = DIRECTION('',(0.,0.203688051401,0.979035840874));
#2569 = PCURVE('',#1804,#2570);
#2570 = DEFINITIONAL_REPRESENTATION('',(#2571),#2581);
#2571 = B_SPLINE_CURVE_WITH_KNOTS('',8,(#2572,#2573,#2574,#2575,#2576,
    #2577,#2578,#2579,#2580),.UNSPECIFIED.,.F.,.F.,(9,9),(0.,
    1.570796326795),.PIECEWISE_BEZIER_KNOTS.);
#2572 = CARTESIAN_POINT('',(-1.570796326795,67.403272637109));
#2573 = CARTESIAN_POINT('',(-1.374446785946,67.403272637109));
#2574 = CARTESIAN_POINT('',(-1.178097245097,67.233848545424));
#2575 = CARTESIAN_POINT('',(-0.981747704246,66.895001800847));
#2576 = CARTESIAN_POINT('',(-0.785398163395,66.400660941203));
#2577 = CARTESIAN_POINT('',(-0.589048622547,65.778711326508));
#2578 = CARTESIAN_POINT('',(-0.392699081699,65.068057329292));
#2579 = CARTESIAN_POINT('',(-0.196349540849,64.313046783866));
#2580 = CARTESIAN_POINT('',(0.,63.558036417735));
#2581 = ( GEOMETRIC_REPRESENTATION_CONTEXT(2) 
PARAMETRIC_REPRESENTATION_CONTEXT() REPRESENTATION_CONTEXT('2D SPACE',''
  ) );
#2582 = PCURVE('',#2583,#2588);
#2583 = PLANE('',#2584);
#2584 = AXIS2_PLACEMENT_3D('',#2585,#2586,#2587);
#2585 = CARTESIAN_POINT('',(-11.8,3.,97.8));
#2586 = DIRECTION('',(0.,-0.979035840874,0.203688051401));
#2587 = DIRECTION('',(0.,0.203688051401,0.979035840874));
#2588 = DEFINITIONAL_REPRESENTATION('',(#2589),#2593);
#2589 = ELLIPSE('',#2590,3.927574516516,0.8);
#2590 = AXIS2_PLACEMENT_2D('',#2591,#2592);
#2591 = CARTESIAN_POINT('',(-1.472840443694,-0.6));
#2592 = DIRECTION('',(1.,0.));
#2593 = ( GEOMETRIC_REPRESENTATION_CONTEXT(2) 
PARAMETRIC_REPRESENTATION_CONTEXT() REPRESENTATION_CONTEXT('2D SPACE',''
  ) );
#2594 = ORIENTED_EDGE('',*,*,#2595,.T.);
#2595 = EDGE_CURVE('',#2561,#2596,#2598,.T.);
#2596 = VERTEX_POINT('',#2597);
#2597 = CARTESIAN_POINT('',(-11.8,3.229150262213,114.59469584417));
#2598 = SURFACE_CURVE('',#2599,(#2603,#2609),.PCURVE_S1.);
#2599 = LINE('',#2600,#2601);
#2600 = CARTESIAN_POINT('',(-11.8,3.229150262213,35.8));
#2601 = VECTOR('',#2602,1.);
#2602 = DIRECTION('',(0.,0.,1.));
#2603 = PCURVE('',#1804,#2604);
#2604 = DEFINITIONAL_REPRESENTATION('',(#2605),#2608);
#2605 = B_SPLINE_CURVE_WITH_KNOTS('',1,(#2606,#2607),.UNSPECIFIED.,.F.,
  .F.,(2,2),(60.2278806134,80.0000006),.PIECEWISE_BEZIER_KNOTS.);
#2606 = CARTESIAN_POINT('',(-0.722734247813,63.2278806134));
#2607 = CARTESIAN_POINT('',(-0.722734247813,83.0000006));
#2608 = ( GEOMETRIC_REPRESENTATION_CONTEXT(2) 
PARAMETRIC_REPRESENTATION_CONTEXT() REPRESENTATION_CONTEXT('2D SPACE',''
  ) );
#2609 = PCURVE('',#2610,#2615);
#2610 = PLANE('',#2611);
#2611 = AXIS2_PLACEMENT_3D('',#2612,#2613,#2614);
#2612 = CARTESIAN_POINT('',(-11.8,1.390605600373,107.49959404923));
#2613 = DIRECTION('',(1.,0.,0.));
#2614 = DIRECTION('',(-0.,0.,1.));
#2615 = DEFINITIONAL_REPRESENTATION('',(#2616),#2619);
#2616 = B_SPLINE_CURVE_WITH_KNOTS('',1,(#2617,#2618),.UNSPECIFIED.,.F.,
  .F.,(2,2),(60.2278806134,80.0000006),.PIECEWISE_BEZIER_KNOTS.);
#2617 = CARTESIAN_POINT('',(-11.47171343583,-1.83854466184));
#2618 = CARTESIAN_POINT('',(8.300406550769,-1.83854466184));
#2619 = ( GEOMETRIC_REPRESENTATION_CONTEXT(2) 
PARAMETRIC_REPRESENTATION_CONTEXT() REPRESENTATION_CONTEXT('2D SPACE',''
  ) );
#2620 = ORIENTED_EDGE('',*,*,#2621,.T.);
#2621 = EDGE_CURVE('',#2596,#1787,#2622,.T.);
#2622 = SURFACE_CURVE('',#2623,(#2628,#2640),.PCURVE_S1.);
#2623 = ELLIPSE('',#2624,0.828220944328,0.8);
#2624 = AXIS2_PLACEMENT_3D('',#2625,#2626,#2627);
#2625 = CARTESIAN_POINT('',(-11.2,2.7,114.45291045874));
#2626 = DIRECTION('',(0.,-0.258819045103,0.965925826289));
#2627 = DIRECTION('',(0.,0.965925826289,0.258819045103));
#2628 = PCURVE('',#1804,#2629);
#2629 = DEFINITIONAL_REPRESENTATION('',(#2630),#2639);
#2630 = B_SPLINE_CURVE_WITH_KNOTS('',7,(#2631,#2632,#2633,#2634,#2635,
    #2636,#2637,#2638),.UNSPECIFIED.,.F.,.F.,(8,8),(0.,1.570796326795),
  .PIECEWISE_BEZIER_KNOTS.);
#2631 = CARTESIAN_POINT('',(-1.570796326795,81.867269812689));
#2632 = CARTESIAN_POINT('',(-1.346396851538,81.867269812689));
#2633 = CARTESIAN_POINT('',(-1.121997376282,81.854676485193));
#2634 = CARTESIAN_POINT('',(-0.897597901026,81.829491656994));
#2635 = CARTESIAN_POINT('',(-0.673198425769,81.793261565363));
#2636 = CARTESIAN_POINT('',(-0.448798950513,81.749114516497));
#2637 = CARTESIAN_POINT('',(-0.224399475256,81.701012585285));
#2638 = CARTESIAN_POINT('',(0.,81.652910458744));
#2639 = ( GEOMETRIC_REPRESENTATION_CONTEXT(2) 
PARAMETRIC_REPRESENTATION_CONTEXT() REPRESENTATION_CONTEXT('2D SPACE',''
  ) );
#2640 = PCURVE('',#1832,#2641);
#2641 = DEFINITIONAL_REPRESENTATION('',(#2642),#2646);
#2642 = ELLIPSE('',#2643,0.828220944328,0.8);
#2643 = AXIS2_PLACEMENT_2D('',#2644,#2645);
#2644 = CARTESIAN_POINT('',(8.8,-7.740652697755));
#2645 = DIRECTION('',(0.,1.));
#2646 = ( GEOMETRIC_REPRESENTATION_CONTEXT(2) 
PARAMETRIC_REPRESENTATION_CONTEXT() REPRESENTATION_CONTEXT('2D SPACE',''
  ) );
#2647 = ORIENTED_EDGE('',*,*,#1786,.T.);
#2648 = ADVANCED_FACE('',(#2649),#2073,.T.);
#2649 = FACE_BOUND('',#2650,.T.);
#2650 = EDGE_LOOP('',(#2651,#2652,#2653,#2675,#2702,#2724,#2751,#2778));
#2651 = ORIENTED_EDGE('',*,*,#2057,.F.);
#2652 = ORIENTED_EDGE('',*,*,#2537,.F.);
#2653 = ORIENTED_EDGE('',*,*,#2654,.T.);
#2654 = EDGE_CURVE('',#2538,#2655,#2657,.T.);
#2655 = VERTEX_POINT('',#2656);
#2656 = CARTESIAN_POINT('',(-9.2,3.5,100.2032726371));
#2657 = SURFACE_CURVE('',#2658,(#2662,#2669),.PCURVE_S1.);
#2658 = LINE('',#2659,#2660);
#2659 = CARTESIAN_POINT('',(-11.9,3.5,100.2032726371));
#2660 = VECTOR('',#2661,1.);
#2661 = DIRECTION('',(1.,0.,0.));
#2662 = PCURVE('',#2073,#2663);
#2663 = DEFINITIONAL_REPRESENTATION('',(#2664),#2668);
#2664 = LINE('',#2665,#2666);
#2665 = CARTESIAN_POINT('',(67.403272637109,1.E-01));
#2666 = VECTOR('',#2667,1.);
#2667 = DIRECTION('',(0.,1.));
#2668 = ( GEOMETRIC_REPRESENTATION_CONTEXT(2) 
PARAMETRIC_REPRESENTATION_CONTEXT() REPRESENTATION_CONTEXT('2D SPACE',''
  ) );
#2669 = PCURVE('',#2583,#2670);
#2670 = DEFINITIONAL_REPRESENTATION('',(#2671),#2674);
#2671 = B_SPLINE_CURVE_WITH_KNOTS('',1,(#2672,#2673),.UNSPECIFIED.,.F.,
  .F.,(2,2),(0.7,2.7),.PIECEWISE_BEZIER_KNOTS.);
#2672 = CARTESIAN_POINT('',(2.454734072823,-0.6));
#2673 = CARTESIAN_POINT('',(2.454734072823,-2.6));
#2674 = ( GEOMETRIC_REPRESENTATION_CONTEXT(2) 
PARAMETRIC_REPRESENTATION_CONTEXT() REPRESENTATION_CONTEXT('2D SPACE',''
  ) );
#2675 = ORIENTED_EDGE('',*,*,#2676,.F.);
#2676 = EDGE_CURVE('',#2677,#2655,#2679,.T.);
#2677 = VERTEX_POINT('',#2678);
#2678 = CARTESIAN_POINT('',(-9.2,3.5,114.66726981268));
#2679 = SURFACE_CURVE('',#2680,(#2684,#2691),.PCURVE_S1.);
#2680 = LINE('',#2681,#2682);
#2681 = CARTESIAN_POINT('',(-9.2,3.5,71.649797024615));
#2682 = VECTOR('',#2683,1.);
#2683 = DIRECTION('',(0.,0.,-1.));
#2684 = PCURVE('',#2073,#2685);
#2685 = DEFINITIONAL_REPRESENTATION('',(#2686),#2690);
#2686 = LINE('',#2687,#2688);
#2687 = CARTESIAN_POINT('',(38.849797024615,2.8));
#2688 = VECTOR('',#2689,1.);
#2689 = DIRECTION('',(-1.,0.));
#2690 = ( GEOMETRIC_REPRESENTATION_CONTEXT(2) 
PARAMETRIC_REPRESENTATION_CONTEXT() REPRESENTATION_CONTEXT('2D SPACE',''
  ) );
#2691 = PCURVE('',#2692,#2697);
#2692 = PLANE('',#2693);
#2693 = AXIS2_PLACEMENT_3D('',#2694,#2695,#2696);
#2694 = CARTESIAN_POINT('',(-9.2,1.390605600373,107.49959404923));
#2695 = DIRECTION('',(1.,0.,0.));
#2696 = DIRECTION('',(-0.,0.,1.));
#2697 = DEFINITIONAL_REPRESENTATION('',(#2698),#2701);
#2698 = B_SPLINE_CURVE_WITH_KNOTS('',1,(#2699,#2700),.UNSPECIFIED.,.F.,
  .F.,(2,2),(-43.87139684138,-26.15020297538),.PIECEWISE_BEZIER_KNOTS.);
#2699 = CARTESIAN_POINT('',(8.021599816774,-2.109394399627));
#2700 = CARTESIAN_POINT('',(-9.699594049231,-2.109394399627));
#2701 = ( GEOMETRIC_REPRESENTATION_CONTEXT(2) 
PARAMETRIC_REPRESENTATION_CONTEXT() REPRESENTATION_CONTEXT('2D SPACE',''
  ) );
#2702 = ORIENTED_EDGE('',*,*,#2703,.T.);
#2703 = EDGE_CURVE('',#2677,#2704,#2706,.T.);
#2704 = VERTEX_POINT('',#2705);
#2705 = CARTESIAN_POINT('',(9.2,3.5,114.66726981268));
#2706 = SURFACE_CURVE('',#2707,(#2711,#2718),.PCURVE_S1.);
#2707 = LINE('',#2708,#2709);
#2708 = CARTESIAN_POINT('',(-16.,3.5,114.66726981268));
#2709 = VECTOR('',#2710,1.);
#2710 = DIRECTION('',(1.,0.,0.));
#2711 = PCURVE('',#2073,#2712);
#2712 = DEFINITIONAL_REPRESENTATION('',(#2713),#2717);
#2713 = LINE('',#2714,#2715);
#2714 = CARTESIAN_POINT('',(81.867269812689,-4.));
#2715 = VECTOR('',#2716,1.);
#2716 = DIRECTION('',(0.,1.));
#2717 = ( GEOMETRIC_REPRESENTATION_CONTEXT(2) 
PARAMETRIC_REPRESENTATION_CONTEXT() REPRESENTATION_CONTEXT('2D SPACE',''
  ) );
#2718 = PCURVE('',#1832,#2719);
#2719 = DEFINITIONAL_REPRESENTATION('',(#2720),#2723);
#2720 = B_SPLINE_CURVE_WITH_KNOTS('',1,(#2721,#2722),.UNSPECIFIED.,.F.,
  .F.,(2,2),(4.8,27.2),.PIECEWISE_BEZIER_KNOTS.);
#2721 = CARTESIAN_POINT('',(8.8,-6.912431753427));
#2722 = CARTESIAN_POINT('',(31.2,-6.912431753427));
#2723 = ( GEOMETRIC_REPRESENTATION_CONTEXT(2) 
PARAMETRIC_REPRESENTATION_CONTEXT() REPRESENTATION_CONTEXT('2D SPACE',''
  ) );
#2724 = ORIENTED_EDGE('',*,*,#2725,.T.);
#2725 = EDGE_CURVE('',#2704,#2726,#2728,.T.);
#2726 = VERTEX_POINT('',#2727);
#2727 = CARTESIAN_POINT('',(9.2,3.5,100.2032726371));
#2728 = SURFACE_CURVE('',#2729,(#2733,#2740),.PCURVE_S1.);
#2729 = LINE('',#2730,#2731);
#2730 = CARTESIAN_POINT('',(9.2,3.5,71.649797024615));
#2731 = VECTOR('',#2732,1.);
#2732 = DIRECTION('',(0.,0.,-1.));
#2733 = PCURVE('',#2073,#2734);
#2734 = DEFINITIONAL_REPRESENTATION('',(#2735),#2739);
#2735 = LINE('',#2736,#2737);
#2736 = CARTESIAN_POINT('',(38.849797024615,21.2));
#2737 = VECTOR('',#2738,1.);
#2738 = DIRECTION('',(-1.,0.));
#2739 = ( GEOMETRIC_REPRESENTATION_CONTEXT(2) 
PARAMETRIC_REPRESENTATION_CONTEXT() REPRESENTATION_CONTEXT('2D SPACE',''
  ) );
#2740 = PCURVE('',#2741,#2746);
#2741 = PLANE('',#2742);
#2742 = AXIS2_PLACEMENT_3D('',#2743,#2744,#2745);
#2743 = CARTESIAN_POINT('',(9.2,1.390605600373,107.49959404923));
#2744 = DIRECTION('',(1.,0.,0.));
#2745 = DIRECTION('',(-0.,0.,1.));
#2746 = DEFINITIONAL_REPRESENTATION('',(#2747),#2750);
#2747 = B_SPLINE_CURVE_WITH_KNOTS('',1,(#2748,#2749),.UNSPECIFIED.,.F.,
  .F.,(2,2),(-43.87139684138,-26.15020297538),.PIECEWISE_BEZIER_KNOTS.);
#2748 = CARTESIAN_POINT('',(8.021599816774,-2.109394399627));
#2749 = CARTESIAN_POINT('',(-9.699594049231,-2.109394399627));
#2750 = ( GEOMETRIC_REPRESENTATION_CONTEXT(2) 
PARAMETRIC_REPRESENTATION_CONTEXT() REPRESENTATION_CONTEXT('2D SPACE',''
  ) );
#2751 = ORIENTED_EDGE('',*,*,#2752,.T.);
#2752 = EDGE_CURVE('',#2726,#2753,#2755,.T.);
#2753 = VERTEX_POINT('',#2754);
#2754 = CARTESIAN_POINT('',(11.2,3.5,100.2032726371));
#2755 = SURFACE_CURVE('',#2756,(#2760,#2767),.PCURVE_S1.);
#2756 = LINE('',#2757,#2758);
#2757 = CARTESIAN_POINT('',(-1.4,3.5,100.2032726371));
#2758 = VECTOR('',#2759,1.);
#2759 = DIRECTION('',(1.,0.,0.));
#2760 = PCURVE('',#2073,#2761);
#2761 = DEFINITIONAL_REPRESENTATION('',(#2762),#2766);
#2762 = LINE('',#2763,#2764);
#2763 = CARTESIAN_POINT('',(67.403272637109,10.6));
#2764 = VECTOR('',#2765,1.);
#2765 = DIRECTION('',(0.,1.));
#2766 = ( GEOMETRIC_REPRESENTATION_CONTEXT(2) 
PARAMETRIC_REPRESENTATION_CONTEXT() REPRESENTATION_CONTEXT('2D SPACE',''
  ) );
#2767 = PCURVE('',#2768,#2773);
#2768 = PLANE('',#2769);
#2769 = AXIS2_PLACEMENT_3D('',#2770,#2771,#2772);
#2770 = CARTESIAN_POINT('',(9.2,3.,97.8));
#2771 = DIRECTION('',(0.,-0.979035840874,0.203688051401));
#2772 = DIRECTION('',(0.,0.203688051401,0.979035840874));
#2773 = DEFINITIONAL_REPRESENTATION('',(#2774),#2777);
#2774 = B_SPLINE_CURVE_WITH_KNOTS('',1,(#2775,#2776),.UNSPECIFIED.,.F.,
  .F.,(2,2),(10.6,12.6),.PIECEWISE_BEZIER_KNOTS.);
#2775 = CARTESIAN_POINT('',(2.454734072823,0.));
#2776 = CARTESIAN_POINT('',(2.454734072823,-2.));
#2777 = ( GEOMETRIC_REPRESENTATION_CONTEXT(2) 
PARAMETRIC_REPRESENTATION_CONTEXT() REPRESENTATION_CONTEXT('2D SPACE',''
  ) );
#2778 = ORIENTED_EDGE('',*,*,#2779,.T.);
#2779 = EDGE_CURVE('',#2753,#2029,#2780,.T.);
#2780 = SURFACE_CURVE('',#2781,(#2785,#2792),.PCURVE_S1.);
#2781 = LINE('',#2782,#2783);
#2782 = CARTESIAN_POINT('',(11.2,3.5,100.2032726371));
#2783 = VECTOR('',#2784,1.);
#2784 = DIRECTION('',(0.,0.,-1.));
#2785 = PCURVE('',#2073,#2786);
#2786 = DEFINITIONAL_REPRESENTATION('',(#2787),#2791);
#2787 = LINE('',#2788,#2789);
#2788 = CARTESIAN_POINT('',(67.403272637109,23.2));
#2789 = VECTOR('',#2790,1.);
#2790 = DIRECTION('',(-1.,0.));
#2791 = ( GEOMETRIC_REPRESENTATION_CONTEXT(2) 
PARAMETRIC_REPRESENTATION_CONTEXT() REPRESENTATION_CONTEXT('2D SPACE',''
  ) );
#2792 = PCURVE('',#2045,#2793);
#2793 = DEFINITIONAL_REPRESENTATION('',(#2794),#2798);
#2794 = LINE('',#2795,#2796);
#2795 = CARTESIAN_POINT('',(1.570796326795,67.403272637109));
#2796 = VECTOR('',#2797,1.);
#2797 = DIRECTION('',(-0.,-1.));
#2798 = ( GEOMETRIC_REPRESENTATION_CONTEXT(2) 
PARAMETRIC_REPRESENTATION_CONTEXT() REPRESENTATION_CONTEXT('2D SPACE',''
  ) );
#2799 = ADVANCED_FACE('',(#2800),#2045,.T.);
#2800 = FACE_BOUND('',#2801,.T.);
#2801 = EDGE_LOOP('',(#2802,#2803,#2804,#2834,#2860,#2887));
#2802 = ORIENTED_EDGE('',*,*,#2028,.T.);
#2803 = ORIENTED_EDGE('',*,*,#2779,.F.);
#2804 = ORIENTED_EDGE('',*,*,#2805,.F.);
#2805 = EDGE_CURVE('',#2806,#2753,#2808,.T.);
#2806 = VERTEX_POINT('',#2807);
#2807 = CARTESIAN_POINT('',(11.8,3.229150262213,98.901421109925));
#2808 = SURFACE_CURVE('',#2809,(#2814,#2827),.PCURVE_S1.);
#2809 = ELLIPSE('',#2810,3.927574516516,0.8);
#2810 = AXIS2_PLACEMENT_3D('',#2811,#2812,#2813);
#2811 = CARTESIAN_POINT('',(11.2,2.7,96.358036417735));
#2812 = DIRECTION('',(0.,-0.979035840874,0.203688051401));
#2813 = DIRECTION('',(0.,0.203688051401,0.979035840874));
#2814 = PCURVE('',#2045,#2815);
#2815 = DEFINITIONAL_REPRESENTATION('',(#2816),#2826);
#2816 = B_SPLINE_CURVE_WITH_KNOTS('',8,(#2817,#2818,#2819,#2820,#2821,
    #2822,#2823,#2824,#2825),.UNSPECIFIED.,.F.,.F.,(9,9),(4.712388980385
    ,6.28318530718),.PIECEWISE_BEZIER_KNOTS.);
#2817 = CARTESIAN_POINT('',(0.,63.558036417735));
#2818 = CARTESIAN_POINT('',(0.196349540849,64.313046783866));
#2819 = CARTESIAN_POINT('',(0.392699081699,65.068057329154));
#2820 = CARTESIAN_POINT('',(0.589048622548,65.778711326886));
#2821 = CARTESIAN_POINT('',(0.785398163398,66.400660940737));
#2822 = CARTESIAN_POINT('',(0.981747704245,66.895001801255));
#2823 = CARTESIAN_POINT('',(1.178097245096,67.233848545337));
#2824 = CARTESIAN_POINT('',(1.374446785946,67.403272637109));
#2825 = CARTESIAN_POINT('',(1.570796326795,67.403272637109));
#2826 = ( GEOMETRIC_REPRESENTATION_CONTEXT(2) 
PARAMETRIC_REPRESENTATION_CONTEXT() REPRESENTATION_CONTEXT('2D SPACE',''
  ) );
#2827 = PCURVE('',#2768,#2828);
#2828 = DEFINITIONAL_REPRESENTATION('',(#2829),#2833);
#2829 = ELLIPSE('',#2830,3.927574516516,0.8);
#2830 = AXIS2_PLACEMENT_2D('',#2831,#2832);
#2831 = CARTESIAN_POINT('',(-1.472840443694,-2.));
#2832 = DIRECTION('',(1.,0.));
#2833 = ( GEOMETRIC_REPRESENTATION_CONTEXT(2) 
PARAMETRIC_REPRESENTATION_CONTEXT() REPRESENTATION_CONTEXT('2D SPACE',''
  ) );
#2834 = ORIENTED_EDGE('',*,*,#2835,.T.);
#2835 = EDGE_CURVE('',#2806,#2836,#2838,.T.);
#2836 = VERTEX_POINT('',#2837);
#2837 = CARTESIAN_POINT('',(11.8,3.229150262213,114.59469584417));
#2838 = SURFACE_CURVE('',#2839,(#2843,#2849),.PCURVE_S1.);
#2839 = LINE('',#2840,#2841);
#2840 = CARTESIAN_POINT('',(11.8,3.229150262213,35.8));
#2841 = VECTOR('',#2842,1.);
#2842 = DIRECTION('',(0.,0.,1.));
#2843 = PCURVE('',#2045,#2844);
#2844 = DEFINITIONAL_REPRESENTATION('',(#2845),#2848);
#2845 = B_SPLINE_CURVE_WITH_KNOTS('',1,(#2846,#2847),.UNSPECIFIED.,.F.,
  .F.,(2,2),(60.2278806134,80.0000006),.PIECEWISE_BEZIER_KNOTS.);
#2846 = CARTESIAN_POINT('',(0.722734247813,63.2278806134));
#2847 = CARTESIAN_POINT('',(0.722734247813,83.0000006));
#2848 = ( GEOMETRIC_REPRESENTATION_CONTEXT(2) 
PARAMETRIC_REPRESENTATION_CONTEXT() REPRESENTATION_CONTEXT('2D SPACE',''
  ) );
#2849 = PCURVE('',#2850,#2855);
#2850 = PLANE('',#2851);
#2851 = AXIS2_PLACEMENT_3D('',#2852,#2853,#2854);
#2852 = CARTESIAN_POINT('',(11.8,1.390605600373,107.49959404923));
#2853 = DIRECTION('',(1.,0.,0.));
#2854 = DIRECTION('',(-0.,0.,1.));
#2855 = DEFINITIONAL_REPRESENTATION('',(#2856),#2859);
#2856 = B_SPLINE_CURVE_WITH_KNOTS('',1,(#2857,#2858),.UNSPECIFIED.,.F.,
  .F.,(2,2),(60.2278806134,80.0000006),.PIECEWISE_BEZIER_KNOTS.);
#2857 = CARTESIAN_POINT('',(-11.47171343583,-1.83854466184));
#2858 = CARTESIAN_POINT('',(8.300406550769,-1.83854466184));
#2859 = ( GEOMETRIC_REPRESENTATION_CONTEXT(2) 
PARAMETRIC_REPRESENTATION_CONTEXT() REPRESENTATION_CONTEXT('2D SPACE',''
  ) );
#2860 = ORIENTED_EDGE('',*,*,#2861,.F.);
#2861 = EDGE_CURVE('',#2115,#2836,#2862,.T.);
#2862 = SURFACE_CURVE('',#2863,(#2868,#2880),.PCURVE_S1.);
#2863 = ELLIPSE('',#2864,0.828220944328,0.8);
#2864 = AXIS2_PLACEMENT_3D('',#2865,#2866,#2867);
#2865 = CARTESIAN_POINT('',(11.2,2.7,114.45291045874));
#2866 = DIRECTION('',(0.,-0.258819045103,0.965925826289));
#2867 = DIRECTION('',(0.,0.965925826289,0.258819045103));
#2868 = PCURVE('',#2045,#2869);
#2869 = DEFINITIONAL_REPRESENTATION('',(#2870),#2879);
#2870 = B_SPLINE_CURVE_WITH_KNOTS('',7,(#2871,#2872,#2873,#2874,#2875,
    #2876,#2877,#2878),.UNSPECIFIED.,.F.,.F.,(8,8),(4.712388980385,
    6.28318530718),.PIECEWISE_BEZIER_KNOTS.);
#2871 = CARTESIAN_POINT('',(-8.881784197001E-16,81.652910458744));
#2872 = CARTESIAN_POINT('',(0.224399475256,81.701012585285));
#2873 = CARTESIAN_POINT('',(0.448798950513,81.749114516497));
#2874 = CARTESIAN_POINT('',(0.673198425769,81.793261565326));
#2875 = CARTESIAN_POINT('',(0.897597901026,81.82949165703));
#2876 = CARTESIAN_POINT('',(1.121997376282,81.854676485174));
#2877 = CARTESIAN_POINT('',(1.346396851538,81.867269812689));
#2878 = CARTESIAN_POINT('',(1.570796326795,81.867269812689));
#2879 = ( GEOMETRIC_REPRESENTATION_CONTEXT(2) 
PARAMETRIC_REPRESENTATION_CONTEXT() REPRESENTATION_CONTEXT('2D SPACE',''
  ) );
#2880 = PCURVE('',#1832,#2881);
#2881 = DEFINITIONAL_REPRESENTATION('',(#2882),#2886);
#2882 = ELLIPSE('',#2883,0.828220944328,0.8);
#2883 = AXIS2_PLACEMENT_2D('',#2884,#2885);
#2884 = CARTESIAN_POINT('',(31.2,-7.740652697755));
#2885 = DIRECTION('',(0.,1.));
#2886 = ( GEOMETRIC_REPRESENTATION_CONTEXT(2) 
PARAMETRIC_REPRESENTATION_CONTEXT() REPRESENTATION_CONTEXT('2D SPACE',''
  ) );
#2887 = ORIENTED_EDGE('',*,*,#2114,.F.);
#2888 = ADVANCED_FACE('',(#2889),#1944,.T.);
#2889 = FACE_BOUND('',#2890,.T.);
#2890 = EDGE_LOOP('',(#2891,#2892,#2893,#2894,#2895,#2896));
#2891 = ORIENTED_EDGE('',*,*,#1928,.F.);
#2892 = ORIENTED_EDGE('',*,*,#2376,.T.);
#2893 = ORIENTED_EDGE('',*,*,#2402,.T.);
#2894 = ORIENTED_EDGE('',*,*,#2452,.F.);
#2895 = ORIENTED_EDGE('',*,*,#2234,.T.);
#2896 = ORIENTED_EDGE('',*,*,#2897,.T.);
#2897 = EDGE_CURVE('',#2212,#1901,#2898,.T.);
#2898 = SURFACE_CURVE('',#2899,(#2903,#2909),.PCURVE_S1.);
#2899 = LINE('',#2900,#2901);
#2900 = CARTESIAN_POINT('',(-12.,-6.21165708246,115.8));
#2901 = VECTOR('',#2902,1.);
#2902 = DIRECTION('',(-1.,0.,0.));
#2903 = PCURVE('',#1944,#2904);
#2904 = DEFINITIONAL_REPRESENTATION('',(#2905),#2908);
#2905 = B_SPLINE_CURVE_WITH_KNOTS('',1,(#2906,#2907),.UNSPECIFIED.,.F.,
  .F.,(2,2),(-24.,0.),.PIECEWISE_BEZIER_KNOTS.);
#2906 = CARTESIAN_POINT('',(24.,2.28834291754));
#2907 = CARTESIAN_POINT('',(0.,2.28834291754));
#2908 = ( GEOMETRIC_REPRESENTATION_CONTEXT(2) 
PARAMETRIC_REPRESENTATION_CONTEXT() REPRESENTATION_CONTEXT('2D SPACE',''
  ) );
#2909 = PCURVE('',#1916,#2910);
#2910 = DEFINITIONAL_REPRESENTATION('',(#2911),#2914);
#2911 = B_SPLINE_CURVE_WITH_KNOTS('',1,(#2912,#2913),.UNSPECIFIED.,.F.,
  .F.,(2,2),(-24.,0.),.PIECEWISE_BEZIER_KNOTS.);
#2912 = CARTESIAN_POINT('',(3.607695154587,24.));
#2913 = CARTESIAN_POINT('',(3.607695154587,0.));
#2914 = ( GEOMETRIC_REPRESENTATION_CONTEXT(2) 
PARAMETRIC_REPRESENTATION_CONTEXT() REPRESENTATION_CONTEXT('2D SPACE',''
  ) );
#2915 = ADVANCED_FACE('',(#2916),#1916,.F.);
#2916 = FACE_BOUND('',#2917,.F.);
#2917 = EDGE_LOOP('',(#2918,#2919,#2920,#2921));
#2918 = ORIENTED_EDGE('',*,*,#2211,.F.);
#2919 = ORIENTED_EDGE('',*,*,#2897,.T.);
#2920 = ORIENTED_EDGE('',*,*,#1900,.T.);
#2921 = ORIENTED_EDGE('',*,*,#2922,.T.);
#2922 = EDGE_CURVE('',#1873,#2189,#2923,.T.);
#2923 = SURFACE_CURVE('',#2924,(#2928,#2935),.PCURVE_S1.);
#2924 = LINE('',#2925,#2926);
#2925 = CARTESIAN_POINT('',(-12.,-6.313193047939,116.17893738196));
#2926 = VECTOR('',#2927,1.);
#2927 = DIRECTION('',(1.,0.,0.));
#2928 = PCURVE('',#1916,#2929);
#2929 = DEFINITIONAL_REPRESENTATION('',(#2930),#2934);
#2930 = LINE('',#2931,#2932);
#2931 = CARTESIAN_POINT('',(4.,0.));
#2932 = VECTOR('',#2933,1.);
#2933 = DIRECTION('',(0.,1.));
#2934 = ( GEOMETRIC_REPRESENTATION_CONTEXT(2) 
PARAMETRIC_REPRESENTATION_CONTEXT() REPRESENTATION_CONTEXT('2D SPACE',''
  ) );
#2935 = PCURVE('',#1888,#2936);
#2936 = DEFINITIONAL_REPRESENTATION('',(#2937),#2941);
#2937 = LINE('',#2938,#2939);
#2938 = CARTESIAN_POINT('',(8.,-16.));
#2939 = VECTOR('',#2940,1.);
#2940 = DIRECTION('',(1.,0.));
#2941 = ( GEOMETRIC_REPRESENTATION_CONTEXT(2) 
PARAMETRIC_REPRESENTATION_CONTEXT() REPRESENTATION_CONTEXT('2D SPACE',''
  ) );
#2942 = ADVANCED_FACE('',(#2943,#3200,#3231),#1832,.F.);
#2943 = FACE_BOUND('',#2944,.F.);
#2944 = EDGE_LOOP('',(#2945,#2975,#3003,#3031,#3052,#3053,#3054,#3075,
    #3096,#3115,#3116,#3137,#3158,#3177,#3178,#3179));
#2945 = ORIENTED_EDGE('',*,*,#2946,.T.);
#2946 = EDGE_CURVE('',#2947,#2949,#2951,.T.);
#2947 = VERTEX_POINT('',#2948);
#2948 = CARTESIAN_POINT('',(20.,10.176896353096,116.45633879844));
#2949 = VERTEX_POINT('',#2950);
#2950 = CARTESIAN_POINT('',(20.,50.745781057237,127.32673869275));
#2951 = SURFACE_CURVE('',#2952,(#2956,#2963),.PCURVE_S1.);
#2952 = LINE('',#2953,#2954);
#2953 = CARTESIAN_POINT('',(20.,10.176896353096,116.45633879844));
#2954 = VECTOR('',#2955,1.);
#2955 = DIRECTION('',(0.,0.965925826289,0.258819045103));
#2956 = PCURVE('',#1832,#2957);
#2957 = DEFINITIONAL_REPRESENTATION('',(#2958),#2962);
#2958 = LINE('',#2959,#2960);
#2959 = CARTESIAN_POINT('',(40.,0.));
#2960 = VECTOR('',#2961,1.);
#2961 = DIRECTION('',(0.,1.));
#2962 = ( GEOMETRIC_REPRESENTATION_CONTEXT(2) 
PARAMETRIC_REPRESENTATION_CONTEXT() REPRESENTATION_CONTEXT('2D SPACE',''
  ) );
#2963 = PCURVE('',#2964,#2969);
#2964 = PLANE('',#2965);
#2965 = AXIS2_PLACEMENT_3D('',#2966,#2967,#2968);
#2966 = CARTESIAN_POINT('',(20.,10.176896353096,116.45633879844));
#2967 = DIRECTION('',(1.,0.,0.));
#2968 = DIRECTION('',(0.,-0.258819045103,0.965925826289));
#2969 = DEFINITIONAL_REPRESENTATION('',(#2970),#2974);
#2970 = LINE('',#2971,#2972);
#2971 = CARTESIAN_POINT('',(0.,0.));
#2972 = VECTOR('',#2973,1.);
#2973 = DIRECTION('',(0.,-1.));
#2974 = ( GEOMETRIC_REPRESENTATION_CONTEXT(2) 
PARAMETRIC_REPRESENTATION_CONTEXT() REPRESENTATION_CONTEXT('2D SPACE',''
  ) );
#2975 = ORIENTED_EDGE('',*,*,#2976,.F.);
#2976 = EDGE_CURVE('',#2977,#2949,#2979,.T.);
#2977 = VERTEX_POINT('',#2978);
#2978 = CARTESIAN_POINT('',(-20.,50.745781057237,127.32673869275));
#2979 = SURFACE_CURVE('',#2980,(#2984,#2991),.PCURVE_S1.);
#2980 = LINE('',#2981,#2982);
#2981 = CARTESIAN_POINT('',(-20.,50.745781057237,127.32673869275));
#2982 = VECTOR('',#2983,1.);
#2983 = DIRECTION('',(1.,0.,0.));
#2984 = PCURVE('',#1832,#2985);
#2985 = DEFINITIONAL_REPRESENTATION('',(#2986),#2990);
#2986 = LINE('',#2987,#2988);
#2987 = CARTESIAN_POINT('',(0.,42.));
#2988 = VECTOR('',#2989,1.);
#2989 = DIRECTION('',(1.,0.));
#2990 = ( GEOMETRIC_REPRESENTATION_CONTEXT(2) 
PARAMETRIC_REPRESENTATION_CONTEXT() REPRESENTATION_CONTEXT('2D SPACE',''
  ) );
#2991 = PCURVE('',#2992,#2997);
#2992 = PLANE('',#2993);
#2993 = AXIS2_PLACEMENT_3D('',#2994,#2995,#2996);
#2994 = CARTESIAN_POINT('',(-20.,50.745781057237,127.32673869275));
#2995 = DIRECTION('',(0.,0.965925826289,0.258819045103));
#2996 = DIRECTION('',(0.,-0.258819045103,0.965925826289));
#2997 = DEFINITIONAL_REPRESENTATION('',(#2998),#3002);
#2998 = LINE('',#2999,#3000);
#2999 = CARTESIAN_POINT('',(0.,0.));
#3000 = VECTOR('',#3001,1.);
#3001 = DIRECTION('',(0.,1.));
#3002 = ( GEOMETRIC_REPRESENTATION_CONTEXT(2) 
PARAMETRIC_REPRESENTATION_CONTEXT() REPRESENTATION_CONTEXT('2D SPACE',''
  ) );
#3003 = ORIENTED_EDGE('',*,*,#3004,.F.);
#3004 = EDGE_CURVE('',#3005,#2977,#3007,.T.);
#3005 = VERTEX_POINT('',#3006);
#3006 = CARTESIAN_POINT('',(-20.,10.176896353096,116.45633879844));
#3007 = SURFACE_CURVE('',#3008,(#3012,#3019),.PCURVE_S1.);
#3008 = LINE('',#3009,#3010);
#3009 = CARTESIAN_POINT('',(-20.,10.176896353096,116.45633879844));
#3010 = VECTOR('',#3011,1.);
#3011 = DIRECTION('',(0.,0.965925826289,0.258819045103));
#3012 = PCURVE('',#1832,#3013);
#3013 = DEFINITIONAL_REPRESENTATION('',(#3014),#3018);
#3014 = LINE('',#3015,#3016);
#3015 = CARTESIAN_POINT('',(0.,0.));
#3016 = VECTOR('',#3017,1.);
#3017 = DIRECTION('',(0.,1.));
#3018 = ( GEOMETRIC_REPRESENTATION_CONTEXT(2) 
PARAMETRIC_REPRESENTATION_CONTEXT() REPRESENTATION_CONTEXT('2D SPACE',''
  ) );
#3019 = PCURVE('',#3020,#3025);
#3020 = PLANE('',#3021);
#3021 = AXIS2_PLACEMENT_3D('',#3022,#3023,#3024);
#3022 = CARTESIAN_POINT('',(-20.,10.176896353096,116.45633879844));
#3023 = DIRECTION('',(1.,0.,0.));
#3024 = DIRECTION('',(0.,-0.258819045103,0.965925826289));
#3025 = DEFINITIONAL_REPRESENTATION('',(#3026),#3030);
#3026 = LINE('',#3027,#3028);
#3027 = CARTESIAN_POINT('',(0.,0.));
#3028 = VECTOR('',#3029,1.);
#3029 = DIRECTION('',(0.,-1.));
#3030 = ( GEOMETRIC_REPRESENTATION_CONTEXT(2) 
PARAMETRIC_REPRESENTATION_CONTEXT() REPRESENTATION_CONTEXT('2D SPACE',''
  ) );
#3031 = ORIENTED_EDGE('',*,*,#3032,.T.);
#3032 = EDGE_CURVE('',#3005,#1817,#3033,.T.);
#3033 = SURFACE_CURVE('',#3034,(#3038,#3045),.PCURVE_S1.);
#3034 = LINE('',#3035,#3036);
#3035 = CARTESIAN_POINT('',(-20.,10.176896353096,116.45633879844));
#3036 = VECTOR('',#3037,1.);
#3037 = DIRECTION('',(1.,0.,0.));
#3038 = PCURVE('',#1832,#3039);
#3039 = DEFINITIONAL_REPRESENTATION('',(#3040),#3044);
#3040 = LINE('',#3041,#3042);
#3041 = CARTESIAN_POINT('',(0.,0.));
#3042 = VECTOR('',#3043,1.);
#3043 = DIRECTION('',(1.,0.));
#3044 = ( GEOMETRIC_REPRESENTATION_CONTEXT(2) 
PARAMETRIC_REPRESENTATION_CONTEXT() REPRESENTATION_CONTEXT('2D SPACE',''
  ) );
#3045 = PCURVE('',#1860,#3046);
#3046 = DEFINITIONAL_REPRESENTATION('',(#3047),#3051);
#3047 = LINE('',#3048,#3049);
#3048 = CARTESIAN_POINT('',(0.,0.));
#3049 = VECTOR('',#3050,1.);
#3050 = DIRECTION('',(0.,1.));
#3051 = ( GEOMETRIC_REPRESENTATION_CONTEXT(2) 
PARAMETRIC_REPRESENTATION_CONTEXT() REPRESENTATION_CONTEXT('2D SPACE',''
  ) );
#3052 = ORIENTED_EDGE('',*,*,#1816,.F.);
#3053 = ORIENTED_EDGE('',*,*,#2621,.F.);
#3054 = ORIENTED_EDGE('',*,*,#3055,.T.);
#3055 = EDGE_CURVE('',#2596,#3056,#3058,.T.);
#3056 = VERTEX_POINT('',#3057);
#3057 = CARTESIAN_POINT('',(-11.8,6.68688795278,115.521193866));
#3058 = SURFACE_CURVE('',#3059,(#3063,#3069),.PCURVE_S1.);
#3059 = LINE('',#3060,#3061);
#3060 = CARTESIAN_POINT('',(-11.8,4.958442822039,115.05805838906));
#3061 = VECTOR('',#3062,1.);
#3062 = DIRECTION('',(-0.,0.965925826289,0.258819045103));
#3063 = PCURVE('',#1832,#3064);
#3064 = DEFINITIONAL_REPRESENTATION('',(#3065),#3068);
#3065 = B_SPLINE_CURVE_WITH_KNOTS('',1,(#3066,#3067),.UNSPECIFIED.,.F.,
  .F.,(2,2),(-10.59745936072,2.5451032235),.PIECEWISE_BEZIER_KNOTS.);
#3066 = CARTESIAN_POINT('',(8.2,-16.));
#3067 = CARTESIAN_POINT('',(8.2,-2.85743741578));
#3068 = ( GEOMETRIC_REPRESENTATION_CONTEXT(2) 
PARAMETRIC_REPRESENTATION_CONTEXT() REPRESENTATION_CONTEXT('2D SPACE',''
  ) );
#3069 = PCURVE('',#2610,#3070);
#3070 = DEFINITIONAL_REPRESENTATION('',(#3071),#3074);
#3071 = B_SPLINE_CURVE_WITH_KNOTS('',1,(#3072,#3073),.UNSPECIFIED.,.F.,
  .F.,(2,2),(-10.59745936072,2.5451032235),.PIECEWISE_BEZIER_KNOTS.);
#3072 = CARTESIAN_POINT('',(4.815640027576,6.668522467902));
#3073 = CARTESIAN_POINT('',(8.217185525824,-6.026218155817));
#3074 = ( GEOMETRIC_REPRESENTATION_CONTEXT(2) 
PARAMETRIC_REPRESENTATION_CONTEXT() REPRESENTATION_CONTEXT('2D SPACE',''
  ) );
#3075 = ORIENTED_EDGE('',*,*,#3076,.T.);
#3076 = EDGE_CURVE('',#3056,#3077,#3079,.T.);
#3077 = VERTEX_POINT('',#3078);
#3078 = CARTESIAN_POINT('',(-9.2,6.68688795278,115.521193866));
#3079 = SURFACE_CURVE('',#3080,(#3084,#3090),.PCURVE_S1.);
#3080 = LINE('',#3081,#3082);
#3081 = CARTESIAN_POINT('',(-15.9,6.68688795278,115.521193866));
#3082 = VECTOR('',#3083,1.);
#3083 = DIRECTION('',(1.,0.,0.));
#3084 = PCURVE('',#1832,#3085);
#3085 = DEFINITIONAL_REPRESENTATION('',(#3086),#3089);
#3086 = B_SPLINE_CURVE_WITH_KNOTS('',1,(#3087,#3088),.UNSPECIFIED.,.F.,
  .F.,(2,2),(4.1,6.7),.PIECEWISE_BEZIER_KNOTS.);
#3087 = CARTESIAN_POINT('',(8.2,-3.613122566278));
#3088 = CARTESIAN_POINT('',(10.8,-3.613122566278));
#3089 = ( GEOMETRIC_REPRESENTATION_CONTEXT(2) 
PARAMETRIC_REPRESENTATION_CONTEXT() REPRESENTATION_CONTEXT('2D SPACE',''
  ) );
#3090 = PCURVE('',#2583,#3091);
#3091 = DEFINITIONAL_REPRESENTATION('',(#3092),#3095);
#3092 = B_SPLINE_CURVE_WITH_KNOTS('',1,(#3093,#3094),.UNSPECIFIED.,.F.,
  .F.,(2,2),(4.1,6.7),.PIECEWISE_BEZIER_KNOTS.);
#3093 = CARTESIAN_POINT('',(18.100658960736,0.));
#3094 = CARTESIAN_POINT('',(18.100658960736,-2.6));
#3095 = ( GEOMETRIC_REPRESENTATION_CONTEXT(2) 
PARAMETRIC_REPRESENTATION_CONTEXT() REPRESENTATION_CONTEXT('2D SPACE',''
  ) );
#3096 = ORIENTED_EDGE('',*,*,#3097,.F.);
#3097 = EDGE_CURVE('',#2677,#3077,#3098,.T.);
#3098 = SURFACE_CURVE('',#3099,(#3103,#3109),.PCURVE_S1.);
#3099 = LINE('',#3100,#3101);
#3100 = CARTESIAN_POINT('',(-9.2,4.958442822039,115.05805838906));
#3101 = VECTOR('',#3102,1.);
#3102 = DIRECTION('',(-0.,0.965925826289,0.258819045103));
#3103 = PCURVE('',#1832,#3104);
#3104 = DEFINITIONAL_REPRESENTATION('',(#3105),#3108);
#3105 = B_SPLINE_CURVE_WITH_KNOTS('',1,(#3106,#3107),.UNSPECIFIED.,.F.,
  .F.,(2,2),(-10.59745936072,2.5451032235),.PIECEWISE_BEZIER_KNOTS.);
#3106 = CARTESIAN_POINT('',(10.8,-16.));
#3107 = CARTESIAN_POINT('',(10.8,-2.85743741578));
#3108 = ( GEOMETRIC_REPRESENTATION_CONTEXT(2) 
PARAMETRIC_REPRESENTATION_CONTEXT() REPRESENTATION_CONTEXT('2D SPACE',''
  ) );
#3109 = PCURVE('',#2692,#3110);
#3110 = DEFINITIONAL_REPRESENTATION('',(#3111),#3114);
#3111 = B_SPLINE_CURVE_WITH_KNOTS('',1,(#3112,#3113),.UNSPECIFIED.,.F.,
  .F.,(2,2),(-10.59745936072,2.5451032235),.PIECEWISE_BEZIER_KNOTS.);
#3112 = CARTESIAN_POINT('',(4.815640027576,6.668522467902));
#3113 = CARTESIAN_POINT('',(8.217185525824,-6.026218155817));
#3114 = ( GEOMETRIC_REPRESENTATION_CONTEXT(2) 
PARAMETRIC_REPRESENTATION_CONTEXT() REPRESENTATION_CONTEXT('2D SPACE',''
  ) );
#3115 = ORIENTED_EDGE('',*,*,#2703,.T.);
#3116 = ORIENTED_EDGE('',*,*,#3117,.T.);
#3117 = EDGE_CURVE('',#2704,#3118,#3120,.T.);
#3118 = VERTEX_POINT('',#3119);
#3119 = CARTESIAN_POINT('',(9.2,6.68688795278,115.521193866));
#3120 = SURFACE_CURVE('',#3121,(#3125,#3131),.PCURVE_S1.);
#3121 = LINE('',#3122,#3123);
#3122 = CARTESIAN_POINT('',(9.2,4.958442822039,115.05805838906));
#3123 = VECTOR('',#3124,1.);
#3124 = DIRECTION('',(-0.,0.965925826289,0.258819045103));
#3125 = PCURVE('',#1832,#3126);
#3126 = DEFINITIONAL_REPRESENTATION('',(#3127),#3130);
#3127 = B_SPLINE_CURVE_WITH_KNOTS('',1,(#3128,#3129),.UNSPECIFIED.,.F.,
  .F.,(2,2),(-10.59745936072,2.5451032235),.PIECEWISE_BEZIER_KNOTS.);
#3128 = CARTESIAN_POINT('',(29.2,-16.));
#3129 = CARTESIAN_POINT('',(29.2,-2.85743741578));
#3130 = ( GEOMETRIC_REPRESENTATION_CONTEXT(2) 
PARAMETRIC_REPRESENTATION_CONTEXT() REPRESENTATION_CONTEXT('2D SPACE',''
  ) );
#3131 = PCURVE('',#2741,#3132);
#3132 = DEFINITIONAL_REPRESENTATION('',(#3133),#3136);
#3133 = B_SPLINE_CURVE_WITH_KNOTS('',1,(#3134,#3135),.UNSPECIFIED.,.F.,
  .F.,(2,2),(-10.59745936072,2.5451032235),.PIECEWISE_BEZIER_KNOTS.);
#3134 = CARTESIAN_POINT('',(4.815640027576,6.668522467902));
#3135 = CARTESIAN_POINT('',(8.217185525824,-6.026218155817));
#3136 = ( GEOMETRIC_REPRESENTATION_CONTEXT(2) 
PARAMETRIC_REPRESENTATION_CONTEXT() REPRESENTATION_CONTEXT('2D SPACE',''
  ) );
#3137 = ORIENTED_EDGE('',*,*,#3138,.T.);
#3138 = EDGE_CURVE('',#3118,#3139,#3141,.T.);
#3139 = VERTEX_POINT('',#3140);
#3140 = CARTESIAN_POINT('',(11.8,6.68688795278,115.521193866));
#3141 = SURFACE_CURVE('',#3142,(#3146,#3152),.PCURVE_S1.);
#3142 = LINE('',#3143,#3144);
#3143 = CARTESIAN_POINT('',(-5.4,6.68688795278,115.521193866));
#3144 = VECTOR('',#3145,1.);
#3145 = DIRECTION('',(1.,0.,0.));
#3146 = PCURVE('',#1832,#3147);
#3147 = DEFINITIONAL_REPRESENTATION('',(#3148),#3151);
#3148 = B_SPLINE_CURVE_WITH_KNOTS('',1,(#3149,#3150),.UNSPECIFIED.,.F.,
  .F.,(2,2),(14.6,17.2),.PIECEWISE_BEZIER_KNOTS.);
#3149 = CARTESIAN_POINT('',(29.2,-3.613122566278));
#3150 = CARTESIAN_POINT('',(31.8,-3.613122566278));
#3151 = ( GEOMETRIC_REPRESENTATION_CONTEXT(2) 
PARAMETRIC_REPRESENTATION_CONTEXT() REPRESENTATION_CONTEXT('2D SPACE',''
  ) );
#3152 = PCURVE('',#2768,#3153);
#3153 = DEFINITIONAL_REPRESENTATION('',(#3154),#3157);
#3154 = B_SPLINE_CURVE_WITH_KNOTS('',1,(#3155,#3156),.UNSPECIFIED.,.F.,
  .F.,(2,2),(14.6,17.2),.PIECEWISE_BEZIER_KNOTS.);
#3155 = CARTESIAN_POINT('',(18.100658960736,0.));
#3156 = CARTESIAN_POINT('',(18.100658960736,-2.6));
#3157 = ( GEOMETRIC_REPRESENTATION_CONTEXT(2) 
PARAMETRIC_REPRESENTATION_CONTEXT() REPRESENTATION_CONTEXT('2D SPACE',''
  ) );
#3158 = ORIENTED_EDGE('',*,*,#3159,.F.);
#3159 = EDGE_CURVE('',#2836,#3139,#3160,.T.);
#3160 = SURFACE_CURVE('',#3161,(#3165,#3171),.PCURVE_S1.);
#3161 = LINE('',#3162,#3163);
#3162 = CARTESIAN_POINT('',(11.8,4.958442822039,115.05805838906));
#3163 = VECTOR('',#3164,1.);
#3164 = DIRECTION('',(-0.,0.965925826289,0.258819045103));
#3165 = PCURVE('',#1832,#3166);
#3166 = DEFINITIONAL_REPRESENTATION('',(#3167),#3170);
#3167 = B_SPLINE_CURVE_WITH_KNOTS('',1,(#3168,#3169),.UNSPECIFIED.,.F.,
  .F.,(2,2),(-10.59745936072,2.5451032235),.PIECEWISE_BEZIER_KNOTS.);
#3168 = CARTESIAN_POINT('',(31.8,-16.));
#3169 = CARTESIAN_POINT('',(31.8,-2.85743741578));
#3170 = ( GEOMETRIC_REPRESENTATION_CONTEXT(2) 
PARAMETRIC_REPRESENTATION_CONTEXT() REPRESENTATION_CONTEXT('2D SPACE',''
  ) );
#3171 = PCURVE('',#2850,#3172);
#3172 = DEFINITIONAL_REPRESENTATION('',(#3173),#3176);
#3173 = B_SPLINE_CURVE_WITH_KNOTS('',1,(#3174,#3175),.UNSPECIFIED.,.F.,
  .F.,(2,2),(-10.59745936072,2.5451032235),.PIECEWISE_BEZIER_KNOTS.);
#3174 = CARTESIAN_POINT('',(4.815640027576,6.668522467902));
#3175 = CARTESIAN_POINT('',(8.217185525824,-6.026218155817));
#3176 = ( GEOMETRIC_REPRESENTATION_CONTEXT(2) 
PARAMETRIC_REPRESENTATION_CONTEXT() REPRESENTATION_CONTEXT('2D SPACE',''
  ) );
#3177 = ORIENTED_EDGE('',*,*,#2861,.F.);
#3178 = ORIENTED_EDGE('',*,*,#2137,.T.);
#3179 = ORIENTED_EDGE('',*,*,#3180,.T.);
#3180 = EDGE_CURVE('',#2138,#2947,#3181,.T.);
#3181 = SURFACE_CURVE('',#3182,(#3186,#3193),.PCURVE_S1.);
#3182 = LINE('',#3183,#3184);
#3183 = CARTESIAN_POINT('',(-20.,10.176896353096,116.45633879844));
#3184 = VECTOR('',#3185,1.);
#3185 = DIRECTION('',(1.,0.,0.));
#3186 = PCURVE('',#1832,#3187);
#3187 = DEFINITIONAL_REPRESENTATION('',(#3188),#3192);
#3188 = LINE('',#3189,#3190);
#3189 = CARTESIAN_POINT('',(0.,0.));
#3190 = VECTOR('',#3191,1.);
#3191 = DIRECTION('',(1.,0.));
#3192 = ( GEOMETRIC_REPRESENTATION_CONTEXT(2) 
PARAMETRIC_REPRESENTATION_CONTEXT() REPRESENTATION_CONTEXT('2D SPACE',''
  ) );
#3193 = PCURVE('',#2176,#3194);
#3194 = DEFINITIONAL_REPRESENTATION('',(#3195),#3199);
#3195 = LINE('',#3196,#3197);
#3196 = CARTESIAN_POINT('',(0.,0.));
#3197 = VECTOR('',#3198,1.);
#3198 = DIRECTION('',(0.,1.));
#3199 = ( GEOMETRIC_REPRESENTATION_CONTEXT(2) 
PARAMETRIC_REPRESENTATION_CONTEXT() REPRESENTATION_CONTEXT('2D SPACE',''
  ) );
#3200 = FACE_BOUND('',#3201,.F.);
#3201 = EDGE_LOOP('',(#3202));
#3202 = ORIENTED_EDGE('',*,*,#3203,.F.);
#3203 = EDGE_CURVE('',#3204,#3204,#3206,.T.);
#3204 = VERTEX_POINT('',#3205);
#3205 = CARTESIAN_POINT('',(-8.3,31.427264531455,122.1503577907));
#3206 = SURFACE_CURVE('',#3207,(#3212,#3219),.PCURVE_S1.);
#3207 = CIRCLE('',#3208,1.7);
#3208 = AXIS2_PLACEMENT_3D('',#3209,#3210,#3211);
#3209 = CARTESIAN_POINT('',(-10.,31.427264531455,122.1503577907));
#3210 = DIRECTION('',(0.,-0.258819045103,0.965925826289));
#3211 = DIRECTION('',(1.,0.,0.));
#3212 = PCURVE('',#1832,#3213);
#3213 = DEFINITIONAL_REPRESENTATION('',(#3214),#3218);
#3214 = CIRCLE('',#3215,1.7);
#3215 = AXIS2_PLACEMENT_2D('',#3216,#3217);
#3216 = CARTESIAN_POINT('',(10.,22.));
#3217 = DIRECTION('',(1.,0.));
#3218 = ( GEOMETRIC_REPRESENTATION_CONTEXT(2) 
PARAMETRIC_REPRESENTATION_CONTEXT() REPRESENTATION_CONTEXT('2D SPACE',''
  ) );
#3219 = PCURVE('',#3220,#3225);
#3220 = CYLINDRICAL_SURFACE('',#3221,1.7);
#3221 = AXIS2_PLACEMENT_3D('',#3222,#3223,#3224);
#3222 = CARTESIAN_POINT('',(-10.,32.462540711865,118.28665448554));
#3223 = DIRECTION('',(0.,-0.258819045103,0.965925826289));
#3224 = DIRECTION('',(1.,0.,0.));
#3225 = DEFINITIONAL_REPRESENTATION('',(#3226),#3230);
#3226 = LINE('',#3227,#3228);
#3227 = CARTESIAN_POINT('',(0.,4.));
#3228 = VECTOR('',#3229,1.);
#3229 = DIRECTION('',(1.,0.));
#3230 = ( GEOMETRIC_REPRESENTATION_CONTEXT(2) 
PARAMETRIC_REPRESENTATION_CONTEXT() REPRESENTATION_CONTEXT('2D SPACE',''
  ) );
#3231 = FACE_BOUND('',#3232,.F.);
#3232 = EDGE_LOOP('',(#3233));
#3233 = ORIENTED_EDGE('',*,*,#3234,.F.);
#3234 = EDGE_CURVE('',#3235,#3235,#3237,.T.);
#3235 = VERTEX_POINT('',#3236);
#3236 = CARTESIAN_POINT('',(11.7,31.427264531455,122.1503577907));
#3237 = SURFACE_CURVE('',#3238,(#3243,#3250),.PCURVE_S1.);
#3238 = CIRCLE('',#3239,1.7);
#3239 = AXIS2_PLACEMENT_3D('',#3240,#3241,#3242);
#3240 = CARTESIAN_POINT('',(10.,31.427264531455,122.1503577907));
#3241 = DIRECTION('',(0.,-0.258819045103,0.965925826289));
#3242 = DIRECTION('',(1.,0.,0.));
#3243 = PCURVE('',#1832,#3244);
#3244 = DEFINITIONAL_REPRESENTATION('',(#3245),#3249);
#3245 = CIRCLE('',#3246,1.7);
#3246 = AXIS2_PLACEMENT_2D('',#3247,#3248);
#3247 = CARTESIAN_POINT('',(30.,22.));
#3248 = DIRECTION('',(1.,0.));
#3249 = ( GEOMETRIC_REPRESENTATION_CONTEXT(2) 
PARAMETRIC_REPRESENTATION_CONTEXT() REPRESENTATION_CONTEXT('2D SPACE',''
  ) );
#3250 = PCURVE('',#3251,#3256);
#3251 = CYLINDRICAL_SURFACE('',#3252,1.7);
#3252 = AXIS2_PLACEMENT_3D('',#3253,#3254,#3255);
#3253 = CARTESIAN_POINT('',(10.,32.462540711865,118.28665448554));
#3254 = DIRECTION('',(0.,-0.258819045103,0.965925826289));
#3255 = DIRECTION('',(1.,0.,0.));
#3256 = DEFINITIONAL_REPRESENTATION('',(#3257),#3261);
#3257 = LINE('',#3258,#3259);
#3258 = CARTESIAN_POINT('',(0.,4.));
#3259 = VECTOR('',#3260,1.);
#3260 = DIRECTION('',(1.,0.));
#3261 = ( GEOMETRIC_REPRESENTATION_CONTEXT(2) 
PARAMETRIC_REPRESENTATION_CONTEXT() REPRESENTATION_CONTEXT('2D SPACE',''
  ) );
#3262 = ADVANCED_FACE('',(#3263),#2610,.F.);
#3263 = FACE_BOUND('',#3264,.F.);
#3264 = EDGE_LOOP('',(#3265,#3266,#3267));
#3265 = ORIENTED_EDGE('',*,*,#3055,.F.);
#3266 = ORIENTED_EDGE('',*,*,#2595,.F.);
#3267 = ORIENTED_EDGE('',*,*,#3268,.T.);
#3268 = EDGE_CURVE('',#2561,#3056,#3269,.T.);
#3269 = SURFACE_CURVE('',#3270,(#3274,#3281),.PCURVE_S1.);
#3270 = LINE('',#3271,#3272);
#3271 = CARTESIAN_POINT('',(-11.8,3.,97.8));
#3272 = VECTOR('',#3273,1.);
#3273 = DIRECTION('',(0.,0.203688051401,0.979035840874));
#3274 = PCURVE('',#2610,#3275);
#3275 = DEFINITIONAL_REPRESENTATION('',(#3276),#3280);
#3276 = LINE('',#3277,#3278);
#3277 = CARTESIAN_POINT('',(-9.699594049231,-1.609394399627));
#3278 = VECTOR('',#3279,1.);
#3279 = DIRECTION('',(0.979035840874,-0.203688051401));
#3280 = ( GEOMETRIC_REPRESENTATION_CONTEXT(2) 
PARAMETRIC_REPRESENTATION_CONTEXT() REPRESENTATION_CONTEXT('2D SPACE',''
  ) );
#3281 = PCURVE('',#2583,#3282);
#3282 = DEFINITIONAL_REPRESENTATION('',(#3283),#3287);
#3283 = LINE('',#3284,#3285);
#3284 = CARTESIAN_POINT('',(0.,0.));
#3285 = VECTOR('',#3286,1.);
#3286 = DIRECTION('',(1.,0.));
#3287 = ( GEOMETRIC_REPRESENTATION_CONTEXT(2) 
PARAMETRIC_REPRESENTATION_CONTEXT() REPRESENTATION_CONTEXT('2D SPACE',''
  ) );
#3288 = ADVANCED_FACE('',(#3289),#2583,.F.);
#3289 = FACE_BOUND('',#3290,.F.);
#3290 = EDGE_LOOP('',(#3291,#3292,#3293,#3294,#3315));
#3291 = ORIENTED_EDGE('',*,*,#3268,.F.);
#3292 = ORIENTED_EDGE('',*,*,#2560,.F.);
#3293 = ORIENTED_EDGE('',*,*,#2654,.T.);
#3294 = ORIENTED_EDGE('',*,*,#3295,.T.);
#3295 = EDGE_CURVE('',#2655,#3077,#3296,.T.);
#3296 = SURFACE_CURVE('',#3297,(#3301,#3308),.PCURVE_S1.);
#3297 = LINE('',#3298,#3299);
#3298 = CARTESIAN_POINT('',(-9.2,3.,97.8));
#3299 = VECTOR('',#3300,1.);
#3300 = DIRECTION('',(0.,0.203688051401,0.979035840874));
#3301 = PCURVE('',#2583,#3302);
#3302 = DEFINITIONAL_REPRESENTATION('',(#3303),#3307);
#3303 = LINE('',#3304,#3305);
#3304 = CARTESIAN_POINT('',(0.,-2.6));
#3305 = VECTOR('',#3306,1.);
#3306 = DIRECTION('',(1.,0.));
#3307 = ( GEOMETRIC_REPRESENTATION_CONTEXT(2) 
PARAMETRIC_REPRESENTATION_CONTEXT() REPRESENTATION_CONTEXT('2D SPACE',''
  ) );
#3308 = PCURVE('',#2692,#3309);
#3309 = DEFINITIONAL_REPRESENTATION('',(#3310),#3314);
#3310 = LINE('',#3311,#3312);
#3311 = CARTESIAN_POINT('',(-9.699594049231,-1.609394399627));
#3312 = VECTOR('',#3313,1.);
#3313 = DIRECTION('',(0.979035840874,-0.203688051401));
#3314 = ( GEOMETRIC_REPRESENTATION_CONTEXT(2) 
PARAMETRIC_REPRESENTATION_CONTEXT() REPRESENTATION_CONTEXT('2D SPACE',''
  ) );
#3315 = ORIENTED_EDGE('',*,*,#3076,.F.);
#3316 = ADVANCED_FACE('',(#3317),#2768,.F.);
#3317 = FACE_BOUND('',#3318,.F.);
#3318 = EDGE_LOOP('',(#3319,#3340,#3341,#3342,#3363));
#3319 = ORIENTED_EDGE('',*,*,#3320,.F.);
#3320 = EDGE_CURVE('',#2726,#3118,#3321,.T.);
#3321 = SURFACE_CURVE('',#3322,(#3326,#3333),.PCURVE_S1.);
#3322 = LINE('',#3323,#3324);
#3323 = CARTESIAN_POINT('',(9.2,3.,97.8));
#3324 = VECTOR('',#3325,1.);
#3325 = DIRECTION('',(0.,0.203688051401,0.979035840874));
#3326 = PCURVE('',#2768,#3327);
#3327 = DEFINITIONAL_REPRESENTATION('',(#3328),#3332);
#3328 = LINE('',#3329,#3330);
#3329 = CARTESIAN_POINT('',(0.,0.));
#3330 = VECTOR('',#3331,1.);
#3331 = DIRECTION('',(1.,0.));
#3332 = ( GEOMETRIC_REPRESENTATION_CONTEXT(2) 
PARAMETRIC_REPRESENTATION_CONTEXT() REPRESENTATION_CONTEXT('2D SPACE',''
  ) );
#3333 = PCURVE('',#2741,#3334);
#3334 = DEFINITIONAL_REPRESENTATION('',(#3335),#3339);
#3335 = LINE('',#3336,#3337);
#3336 = CARTESIAN_POINT('',(-9.699594049231,-1.609394399627));
#3337 = VECTOR('',#3338,1.);
#3338 = DIRECTION('',(0.979035840874,-0.203688051401));
#3339 = ( GEOMETRIC_REPRESENTATION_CONTEXT(2) 
PARAMETRIC_REPRESENTATION_CONTEXT() REPRESENTATION_CONTEXT('2D SPACE',''
  ) );
#3340 = ORIENTED_EDGE('',*,*,#2752,.T.);
#3341 = ORIENTED_EDGE('',*,*,#2805,.F.);
#3342 = ORIENTED_EDGE('',*,*,#3343,.T.);
#3343 = EDGE_CURVE('',#2806,#3139,#3344,.T.);
#3344 = SURFACE_CURVE('',#3345,(#3349,#3356),.PCURVE_S1.);
#3345 = LINE('',#3346,#3347);
#3346 = CARTESIAN_POINT('',(11.8,3.,97.8));
#3347 = VECTOR('',#3348,1.);
#3348 = DIRECTION('',(0.,0.203688051401,0.979035840874));
#3349 = PCURVE('',#2768,#3350);
#3350 = DEFINITIONAL_REPRESENTATION('',(#3351),#3355);
#3351 = LINE('',#3352,#3353);
#3352 = CARTESIAN_POINT('',(0.,-2.6));
#3353 = VECTOR('',#3354,1.);
#3354 = DIRECTION('',(1.,0.));
#3355 = ( GEOMETRIC_REPRESENTATION_CONTEXT(2) 
PARAMETRIC_REPRESENTATION_CONTEXT() REPRESENTATION_CONTEXT('2D SPACE',''
  ) );
#3356 = PCURVE('',#2850,#3357);
#3357 = DEFINITIONAL_REPRESENTATION('',(#3358),#3362);
#3358 = LINE('',#3359,#3360);
#3359 = CARTESIAN_POINT('',(-9.699594049231,-1.609394399627));
#3360 = VECTOR('',#3361,1.);
#3361 = DIRECTION('',(0.979035840874,-0.203688051401));
#3362 = ( GEOMETRIC_REPRESENTATION_CONTEXT(2) 
PARAMETRIC_REPRESENTATION_CONTEXT() REPRESENTATION_CONTEXT('2D SPACE',''
  ) );
#3363 = ORIENTED_EDGE('',*,*,#3138,.F.);
#3364 = ADVANCED_FACE('',(#3365),#2741,.F.);
#3365 = FACE_BOUND('',#3366,.F.);
#3366 = EDGE_LOOP('',(#3367,#3368,#3369));
#3367 = ORIENTED_EDGE('',*,*,#3117,.F.);
#3368 = ORIENTED_EDGE('',*,*,#2725,.T.);
#3369 = ORIENTED_EDGE('',*,*,#3320,.T.);
#3370 = ADVANCED_FACE('',(#3371),#2692,.T.);
#3371 = FACE_BOUND('',#3372,.T.);
#3372 = EDGE_LOOP('',(#3373,#3374,#3375));
#3373 = ORIENTED_EDGE('',*,*,#3097,.F.);
#3374 = ORIENTED_EDGE('',*,*,#2676,.T.);
#3375 = ORIENTED_EDGE('',*,*,#3295,.T.);
#3376 = ADVANCED_FACE('',(#3377),#2850,.T.);
#3377 = FACE_BOUND('',#3378,.T.);
#3378 = EDGE_LOOP('',(#3379,#3380,#3381));
#3379 = ORIENTED_EDGE('',*,*,#3159,.F.);
#3380 = ORIENTED_EDGE('',*,*,#2835,.F.);
#3381 = ORIENTED_EDGE('',*,*,#3343,.T.);
#3382 = ADVANCED_FACE('',(#3383,#3501,#3527),#1888,.T.);
#3383 = FACE_BOUND('',#3384,.T.);
#3384 = EDGE_LOOP('',(#3385,#3410,#3433,#3454,#3455,#3456,#3457,#3480));
#3385 = ORIENTED_EDGE('',*,*,#3386,.F.);
#3386 = EDGE_CURVE('',#3387,#3389,#3391,.T.);
#3387 = VERTEX_POINT('',#3388);
#3388 = CARTESIAN_POINT('',(-20.,49.710504876827,131.1904419979));
#3389 = VERTEX_POINT('',#3390);
#3390 = CARTESIAN_POINT('',(20.,49.710504876827,131.1904419979));
#3391 = SURFACE_CURVE('',#3392,(#3396,#3403),.PCURVE_S1.);
#3392 = LINE('',#3393,#3394);
#3393 = CARTESIAN_POINT('',(-20.,49.710504876827,131.1904419979));
#3394 = VECTOR('',#3395,1.);
#3395 = DIRECTION('',(1.,0.,0.));
#3396 = PCURVE('',#1888,#3397);
#3397 = DEFINITIONAL_REPRESENTATION('',(#3398),#3402);
#3398 = LINE('',#3399,#3400);
#3399 = CARTESIAN_POINT('',(0.,42.));
#3400 = VECTOR('',#3401,1.);
#3401 = DIRECTION('',(1.,0.));
#3402 = ( GEOMETRIC_REPRESENTATION_CONTEXT(2) 
PARAMETRIC_REPRESENTATION_CONTEXT() REPRESENTATION_CONTEXT('2D SPACE',''
  ) );
#3403 = PCURVE('',#2992,#3404);
#3404 = DEFINITIONAL_REPRESENTATION('',(#3405),#3409);
#3405 = LINE('',#3406,#3407);
#3406 = CARTESIAN_POINT('',(4.,0.));
#3407 = VECTOR('',#3408,1.);
#3408 = DIRECTION('',(0.,1.));
#3409 = ( GEOMETRIC_REPRESENTATION_CONTEXT(2) 
PARAMETRIC_REPRESENTATION_CONTEXT() REPRESENTATION_CONTEXT('2D SPACE',''
  ) );
#3410 = ORIENTED_EDGE('',*,*,#3411,.F.);
#3411 = EDGE_CURVE('',#3412,#3387,#3414,.T.);
#3412 = VERTEX_POINT('',#3413);
#3413 = CARTESIAN_POINT('',(-20.,9.141620172686,120.3200421036));
#3414 = SURFACE_CURVE('',#3415,(#3419,#3426),.PCURVE_S1.);
#3415 = LINE('',#3416,#3417);
#3416 = CARTESIAN_POINT('',(-20.,9.141620172686,120.3200421036));
#3417 = VECTOR('',#3418,1.);
#3418 = DIRECTION('',(0.,0.965925826289,0.258819045103));
#3419 = PCURVE('',#1888,#3420);
#3420 = DEFINITIONAL_REPRESENTATION('',(#3421),#3425);
#3421 = LINE('',#3422,#3423);
#3422 = CARTESIAN_POINT('',(0.,0.));
#3423 = VECTOR('',#3424,1.);
#3424 = DIRECTION('',(0.,1.));
#3425 = ( GEOMETRIC_REPRESENTATION_CONTEXT(2) 
PARAMETRIC_REPRESENTATION_CONTEXT() REPRESENTATION_CONTEXT('2D SPACE',''
  ) );
#3426 = PCURVE('',#3020,#3427);
#3427 = DEFINITIONAL_REPRESENTATION('',(#3428),#3432);
#3428 = LINE('',#3429,#3430);
#3429 = CARTESIAN_POINT('',(4.,-1.221245327088E-15));
#3430 = VECTOR('',#3431,1.);
#3431 = DIRECTION('',(0.,-1.));
#3432 = ( GEOMETRIC_REPRESENTATION_CONTEXT(2) 
PARAMETRIC_REPRESENTATION_CONTEXT() REPRESENTATION_CONTEXT('2D SPACE',''
  ) );
#3433 = ORIENTED_EDGE('',*,*,#3434,.T.);
#3434 = EDGE_CURVE('',#3412,#1845,#3435,.T.);
#3435 = SURFACE_CURVE('',#3436,(#3440,#3447),.PCURVE_S1.);
#3436 = LINE('',#3437,#3438);
#3437 = CARTESIAN_POINT('',(-20.,9.141620172686,120.3200421036));
#3438 = VECTOR('',#3439,1.);
#3439 = DIRECTION('',(1.,0.,0.));
#3440 = PCURVE('',#1888,#3441);
#3441 = DEFINITIONAL_REPRESENTATION('',(#3442),#3446);
#3442 = LINE('',#3443,#3444);
#3443 = CARTESIAN_POINT('',(0.,0.));
#3444 = VECTOR('',#3445,1.);
#3445 = DIRECTION('',(1.,0.));
#3446 = ( GEOMETRIC_REPRESENTATION_CONTEXT(2) 
PARAMETRIC_REPRESENTATION_CONTEXT() REPRESENTATION_CONTEXT('2D SPACE',''
  ) );
#3447 = PCURVE('',#1860,#3448);
#3448 = DEFINITIONAL_REPRESENTATION('',(#3449),#3453);
#3449 = LINE('',#3450,#3451);
#3450 = CARTESIAN_POINT('',(4.,0.));
#3451 = VECTOR('',#3452,1.);
#3452 = DIRECTION('',(0.,1.));
#3453 = ( GEOMETRIC_REPRESENTATION_CONTEXT(2) 
PARAMETRIC_REPRESENTATION_CONTEXT() REPRESENTATION_CONTEXT('2D SPACE',''
  ) );
#3454 = ORIENTED_EDGE('',*,*,#1872,.F.);
#3455 = ORIENTED_EDGE('',*,*,#2922,.T.);
#3456 = ORIENTED_EDGE('',*,*,#2188,.T.);
#3457 = ORIENTED_EDGE('',*,*,#3458,.T.);
#3458 = EDGE_CURVE('',#2161,#3459,#3461,.T.);
#3459 = VERTEX_POINT('',#3460);
#3460 = CARTESIAN_POINT('',(20.,9.141620172686,120.3200421036));
#3461 = SURFACE_CURVE('',#3462,(#3466,#3473),.PCURVE_S1.);
#3462 = LINE('',#3463,#3464);
#3463 = CARTESIAN_POINT('',(-20.,9.141620172686,120.3200421036));
#3464 = VECTOR('',#3465,1.);
#3465 = DIRECTION('',(1.,0.,0.));
#3466 = PCURVE('',#1888,#3467);
#3467 = DEFINITIONAL_REPRESENTATION('',(#3468),#3472);
#3468 = LINE('',#3469,#3470);
#3469 = CARTESIAN_POINT('',(0.,0.));
#3470 = VECTOR('',#3471,1.);
#3471 = DIRECTION('',(1.,0.));
#3472 = ( GEOMETRIC_REPRESENTATION_CONTEXT(2) 
PARAMETRIC_REPRESENTATION_CONTEXT() REPRESENTATION_CONTEXT('2D SPACE',''
  ) );
#3473 = PCURVE('',#2176,#3474);
#3474 = DEFINITIONAL_REPRESENTATION('',(#3475),#3479);
#3475 = LINE('',#3476,#3477);
#3476 = CARTESIAN_POINT('',(4.,0.));
#3477 = VECTOR('',#3478,1.);
#3478 = DIRECTION('',(0.,1.));
#3479 = ( GEOMETRIC_REPRESENTATION_CONTEXT(2) 
PARAMETRIC_REPRESENTATION_CONTEXT() REPRESENTATION_CONTEXT('2D SPACE',''
  ) );
#3480 = ORIENTED_EDGE('',*,*,#3481,.T.);
#3481 = EDGE_CURVE('',#3459,#3389,#3482,.T.);
#3482 = SURFACE_CURVE('',#3483,(#3487,#3494),.PCURVE_S1.);
#3483 = LINE('',#3484,#3485);
#3484 = CARTESIAN_POINT('',(20.,9.141620172686,120.3200421036));
#3485 = VECTOR('',#3486,1.);
#3486 = DIRECTION('',(0.,0.965925826289,0.258819045103));
#3487 = PCURVE('',#1888,#3488);
#3488 = DEFINITIONAL_REPRESENTATION('',(#3489),#3493);
#3489 = LINE('',#3490,#3491);
#3490 = CARTESIAN_POINT('',(40.,0.));
#3491 = VECTOR('',#3492,1.);
#3492 = DIRECTION('',(0.,1.));
#3493 = ( GEOMETRIC_REPRESENTATION_CONTEXT(2) 
PARAMETRIC_REPRESENTATION_CONTEXT() REPRESENTATION_CONTEXT('2D SPACE',''
  ) );
#3494 = PCURVE('',#2964,#3495);
#3495 = DEFINITIONAL_REPRESENTATION('',(#3496),#3500);
#3496 = LINE('',#3497,#3498);
#3497 = CARTESIAN_POINT('',(4.,-1.221245327088E-15));
#3498 = VECTOR('',#3499,1.);
#3499 = DIRECTION('',(0.,-1.));
#3500 = ( GEOMETRIC_REPRESENTATION_CONTEXT(2) 
PARAMETRIC_REPRESENTATION_CONTEXT() REPRESENTATION_CONTEXT('2D SPACE',''
  ) );
#3501 = FACE_BOUND('',#3502,.T.);
#3502 = EDGE_LOOP('',(#3503));
#3503 = ORIENTED_EDGE('',*,*,#3504,.F.);
#3504 = EDGE_CURVE('',#3505,#3505,#3507,.T.);
#3505 = VERTEX_POINT('',#3506);
#3506 = CARTESIAN_POINT('',(-8.3,30.391988351045,126.01406109585));
#3507 = SURFACE_CURVE('',#3508,(#3513,#3520),.PCURVE_S1.);
#3508 = CIRCLE('',#3509,1.7);
#3509 = AXIS2_PLACEMENT_3D('',#3510,#3511,#3512);
#3510 = CARTESIAN_POINT('',(-10.,30.391988351045,126.01406109585));
#3511 = DIRECTION('',(0.,-0.258819045103,0.965925826289));
#3512 = DIRECTION('',(1.,0.,0.));
#3513 = PCURVE('',#1888,#3514);
#3514 = DEFINITIONAL_REPRESENTATION('',(#3515),#3519);
#3515 = CIRCLE('',#3516,1.7);
#3516 = AXIS2_PLACEMENT_2D('',#3517,#3518);
#3517 = CARTESIAN_POINT('',(10.,22.));
#3518 = DIRECTION('',(1.,0.));
#3519 = ( GEOMETRIC_REPRESENTATION_CONTEXT(2) 
PARAMETRIC_REPRESENTATION_CONTEXT() REPRESENTATION_CONTEXT('2D SPACE',''
  ) );
#3520 = PCURVE('',#3220,#3521);
#3521 = DEFINITIONAL_REPRESENTATION('',(#3522),#3526);
#3522 = LINE('',#3523,#3524);
#3523 = CARTESIAN_POINT('',(0.,8.));
#3524 = VECTOR('',#3525,1.);
#3525 = DIRECTION('',(1.,0.));
#3526 = ( GEOMETRIC_REPRESENTATION_CONTEXT(2) 
PARAMETRIC_REPRESENTATION_CONTEXT() REPRESENTATION_CONTEXT('2D SPACE',''
  ) );
#3527 = FACE_BOUND('',#3528,.T.);
#3528 = EDGE_LOOP('',(#3529));
#3529 = ORIENTED_EDGE('',*,*,#3530,.F.);
#3530 = EDGE_CURVE('',#3531,#3531,#3533,.T.);
#3531 = VERTEX_POINT('',#3532);
#3532 = CARTESIAN_POINT('',(11.7,30.391988351045,126.01406109585));
#3533 = SURFACE_CURVE('',#3534,(#3539,#3546),.PCURVE_S1.);
#3534 = CIRCLE('',#3535,1.7);
#3535 = AXIS2_PLACEMENT_3D('',#3536,#3537,#3538);
#3536 = CARTESIAN_POINT('',(10.,30.391988351045,126.01406109585));
#3537 = DIRECTION('',(0.,-0.258819045103,0.965925826289));
#3538 = DIRECTION('',(1.,0.,0.));
#3539 = PCURVE('',#1888,#3540);
#3540 = DEFINITIONAL_REPRESENTATION('',(#3541),#3545);
#3541 = CIRCLE('',#3542,1.7);
#3542 = AXIS2_PLACEMENT_2D('',#3543,#3544);
#3543 = CARTESIAN_POINT('',(30.,22.));
#3544 = DIRECTION('',(1.,0.));
#3545 = ( GEOMETRIC_REPRESENTATION_CONTEXT(2) 
PARAMETRIC_REPRESENTATION_CONTEXT() REPRESENTATION_CONTEXT('2D SPACE',''
  ) );
#3546 = PCURVE('',#3251,#3547);
#3547 = DEFINITIONAL_REPRESENTATION('',(#3548),#3552);
#3548 = LINE('',#3549,#3550);
#3549 = CARTESIAN_POINT('',(0.,8.));
#3550 = VECTOR('',#3551,1.);
#3551 = DIRECTION('',(1.,0.));
#3552 = ( GEOMETRIC_REPRESENTATION_CONTEXT(2) 
PARAMETRIC_REPRESENTATION_CONTEXT() REPRESENTATION_CONTEXT('2D SPACE',''
  ) );
#3553 = ADVANCED_FACE('',(#3554),#1860,.F.);
#3554 = FACE_BOUND('',#3555,.F.);
#3555 = EDGE_LOOP('',(#3556,#3557,#3578,#3579));
#3556 = ORIENTED_EDGE('',*,*,#3032,.F.);
#3557 = ORIENTED_EDGE('',*,*,#3558,.T.);
#3558 = EDGE_CURVE('',#3005,#3412,#3559,.T.);
#3559 = SURFACE_CURVE('',#3560,(#3564,#3571),.PCURVE_S1.);
#3560 = LINE('',#3561,#3562);
#3561 = CARTESIAN_POINT('',(-20.,10.176896353096,116.45633879844));
#3562 = VECTOR('',#3563,1.);
#3563 = DIRECTION('',(0.,-0.258819045103,0.965925826289));
#3564 = PCURVE('',#1860,#3565);
#3565 = DEFINITIONAL_REPRESENTATION('',(#3566),#3570);
#3566 = LINE('',#3567,#3568);
#3567 = CARTESIAN_POINT('',(0.,0.));
#3568 = VECTOR('',#3569,1.);
#3569 = DIRECTION('',(1.,0.));
#3570 = ( GEOMETRIC_REPRESENTATION_CONTEXT(2) 
PARAMETRIC_REPRESENTATION_CONTEXT() REPRESENTATION_CONTEXT('2D SPACE',''
  ) );
#3571 = PCURVE('',#3020,#3572);
#3572 = DEFINITIONAL_REPRESENTATION('',(#3573),#3577);
#3573 = LINE('',#3574,#3575);
#3574 = CARTESIAN_POINT('',(0.,0.));
#3575 = VECTOR('',#3576,1.);
#3576 = DIRECTION('',(1.,0.));
#3577 = ( GEOMETRIC_REPRESENTATION_CONTEXT(2) 
PARAMETRIC_REPRESENTATION_CONTEXT() REPRESENTATION_CONTEXT('2D SPACE',''
  ) );
#3578 = ORIENTED_EDGE('',*,*,#3434,.T.);
#3579 = ORIENTED_EDGE('',*,*,#1844,.T.);
#3580 = ADVANCED_FACE('',(#3581),#2964,.T.);
#3581 = FACE_BOUND('',#3582,.T.);
#3582 = EDGE_LOOP('',(#3583,#3604,#3605,#3626));
#3583 = ORIENTED_EDGE('',*,*,#3584,.F.);
#3584 = EDGE_CURVE('',#2947,#3459,#3585,.T.);
#3585 = SURFACE_CURVE('',#3586,(#3590,#3597),.PCURVE_S1.);
#3586 = LINE('',#3587,#3588);
#3587 = CARTESIAN_POINT('',(20.,10.176896353096,116.45633879844));
#3588 = VECTOR('',#3589,1.);
#3589 = DIRECTION('',(0.,-0.258819045103,0.965925826289));
#3590 = PCURVE('',#2964,#3591);
#3591 = DEFINITIONAL_REPRESENTATION('',(#3592),#3596);
#3592 = LINE('',#3593,#3594);
#3593 = CARTESIAN_POINT('',(0.,0.));
#3594 = VECTOR('',#3595,1.);
#3595 = DIRECTION('',(1.,0.));
#3596 = ( GEOMETRIC_REPRESENTATION_CONTEXT(2) 
PARAMETRIC_REPRESENTATION_CONTEXT() REPRESENTATION_CONTEXT('2D SPACE',''
  ) );
#3597 = PCURVE('',#2176,#3598);
#3598 = DEFINITIONAL_REPRESENTATION('',(#3599),#3603);
#3599 = LINE('',#3600,#3601);
#3600 = CARTESIAN_POINT('',(0.,40.));
#3601 = VECTOR('',#3602,1.);
#3602 = DIRECTION('',(1.,0.));
#3603 = ( GEOMETRIC_REPRESENTATION_CONTEXT(2) 
PARAMETRIC_REPRESENTATION_CONTEXT() REPRESENTATION_CONTEXT('2D SPACE',''
  ) );
#3604 = ORIENTED_EDGE('',*,*,#2946,.T.);
#3605 = ORIENTED_EDGE('',*,*,#3606,.T.);
#3606 = EDGE_CURVE('',#2949,#3389,#3607,.T.);
#3607 = SURFACE_CURVE('',#3608,(#3612,#3619),.PCURVE_S1.);
#3608 = LINE('',#3609,#3610);
#3609 = CARTESIAN_POINT('',(20.,50.745781057237,127.32673869275));
#3610 = VECTOR('',#3611,1.);
#3611 = DIRECTION('',(0.,-0.258819045103,0.965925826289));
#3612 = PCURVE('',#2964,#3613);
#3613 = DEFINITIONAL_REPRESENTATION('',(#3614),#3618);
#3614 = LINE('',#3615,#3616);
#3615 = CARTESIAN_POINT('',(5.329070518201E-15,-42.));
#3616 = VECTOR('',#3617,1.);
#3617 = DIRECTION('',(1.,0.));
#3618 = ( GEOMETRIC_REPRESENTATION_CONTEXT(2) 
PARAMETRIC_REPRESENTATION_CONTEXT() REPRESENTATION_CONTEXT('2D SPACE',''
  ) );
#3619 = PCURVE('',#2992,#3620);
#3620 = DEFINITIONAL_REPRESENTATION('',(#3621),#3625);
#3621 = LINE('',#3622,#3623);
#3622 = CARTESIAN_POINT('',(0.,40.));
#3623 = VECTOR('',#3624,1.);
#3624 = DIRECTION('',(1.,0.));
#3625 = ( GEOMETRIC_REPRESENTATION_CONTEXT(2) 
PARAMETRIC_REPRESENTATION_CONTEXT() REPRESENTATION_CONTEXT('2D SPACE',''
  ) );
#3626 = ORIENTED_EDGE('',*,*,#3481,.F.);
#3627 = ADVANCED_FACE('',(#3628),#2176,.F.);
#3628 = FACE_BOUND('',#3629,.F.);
#3629 = EDGE_LOOP('',(#3630,#3631,#3632,#3633));
#3630 = ORIENTED_EDGE('',*,*,#3180,.F.);
#3631 = ORIENTED_EDGE('',*,*,#2160,.F.);
#3632 = ORIENTED_EDGE('',*,*,#3458,.T.);
#3633 = ORIENTED_EDGE('',*,*,#3584,.F.);
#3634 = ADVANCED_FACE('',(#3635),#3020,.F.);
#3635 = FACE_BOUND('',#3636,.F.);
#3636 = EDGE_LOOP('',(#3637,#3638,#3639,#3660));
#3637 = ORIENTED_EDGE('',*,*,#3558,.F.);
#3638 = ORIENTED_EDGE('',*,*,#3004,.T.);
#3639 = ORIENTED_EDGE('',*,*,#3640,.T.);
#3640 = EDGE_CURVE('',#2977,#3387,#3641,.T.);
#3641 = SURFACE_CURVE('',#3642,(#3646,#3653),.PCURVE_S1.);
#3642 = LINE('',#3643,#3644);
#3643 = CARTESIAN_POINT('',(-20.,50.745781057237,127.32673869275));
#3644 = VECTOR('',#3645,1.);
#3645 = DIRECTION('',(0.,-0.258819045103,0.965925826289));
#3646 = PCURVE('',#3020,#3647);
#3647 = DEFINITIONAL_REPRESENTATION('',(#3648),#3652);
#3648 = LINE('',#3649,#3650);
#3649 = CARTESIAN_POINT('',(5.329070518201E-15,-42.));
#3650 = VECTOR('',#3651,1.);
#3651 = DIRECTION('',(1.,0.));
#3652 = ( GEOMETRIC_REPRESENTATION_CONTEXT(2) 
PARAMETRIC_REPRESENTATION_CONTEXT() REPRESENTATION_CONTEXT('2D SPACE',''
  ) );
#3653 = PCURVE('',#2992,#3654);
#3654 = DEFINITIONAL_REPRESENTATION('',(#3655),#3659);
#3655 = LINE('',#3656,#3657);
#3656 = CARTESIAN_POINT('',(0.,0.));
#3657 = VECTOR('',#3658,1.);
#3658 = DIRECTION('',(1.,0.));
#3659 = ( GEOMETRIC_REPRESENTATION_CONTEXT(2) 
PARAMETRIC_REPRESENTATION_CONTEXT() REPRESENTATION_CONTEXT('2D SPACE',''
  ) );
#3660 = ORIENTED_EDGE('',*,*,#3411,.F.);
#3661 = ADVANCED_FACE('',(#3662),#2992,.T.);
#3662 = FACE_BOUND('',#3663,.T.);
#3663 = EDGE_LOOP('',(#3664,#3665,#3666,#3667));
#3664 = ORIENTED_EDGE('',*,*,#2976,.F.);
#3665 = ORIENTED_EDGE('',*,*,#3640,.T.);
#3666 = ORIENTED_EDGE('',*,*,#3386,.T.);
#3667 = ORIENTED_EDGE('',*,*,#3606,.F.);
#3668 = ADVANCED_FACE('',(#3669),#3220,.F.);
#3669 = FACE_BOUND('',#3670,.F.);
#3670 = EDGE_LOOP('',(#3671,#3672,#3693,#3694));
#3671 = ORIENTED_EDGE('',*,*,#3504,.F.);
#3672 = ORIENTED_EDGE('',*,*,#3673,.F.);
#3673 = EDGE_CURVE('',#3204,#3505,#3674,.T.);
#3674 = SEAM_CURVE('',#3675,(#3679,#3686),.PCURVE_S1.);
#3675 = LINE('',#3676,#3677);
#3676 = CARTESIAN_POINT('',(-8.3,32.462540711865,118.28665448554));
#3677 = VECTOR('',#3678,1.);
#3678 = DIRECTION('',(0.,-0.258819045103,0.965925826289));
#3679 = PCURVE('',#3220,#3680);
#3680 = DEFINITIONAL_REPRESENTATION('',(#3681),#3685);
#3681 = LINE('',#3682,#3683);
#3682 = CARTESIAN_POINT('',(6.28318530718,-0.));
#3683 = VECTOR('',#3684,1.);
#3684 = DIRECTION('',(0.,1.));
#3685 = ( GEOMETRIC_REPRESENTATION_CONTEXT(2) 
PARAMETRIC_REPRESENTATION_CONTEXT() REPRESENTATION_CONTEXT('2D SPACE',''
  ) );
#3686 = PCURVE('',#3220,#3687);
#3687 = DEFINITIONAL_REPRESENTATION('',(#3688),#3692);
#3688 = LINE('',#3689,#3690);
#3689 = CARTESIAN_POINT('',(0.,-0.));
#3690 = VECTOR('',#3691,1.);
#3691 = DIRECTION('',(0.,1.));
#3692 = ( GEOMETRIC_REPRESENTATION_CONTEXT(2) 
PARAMETRIC_REPRESENTATION_CONTEXT() REPRESENTATION_CONTEXT('2D SPACE',''
  ) );
#3693 = ORIENTED_EDGE('',*,*,#3203,.T.);
#3694 = ORIENTED_EDGE('',*,*,#3673,.T.);
#3695 = ADVANCED_FACE('',(#3696),#3251,.F.);
#3696 = FACE_BOUND('',#3697,.F.);
#3697 = EDGE_LOOP('',(#3698,#3699,#3720,#3721));
#3698 = ORIENTED_EDGE('',*,*,#3530,.F.);
#3699 = ORIENTED_EDGE('',*,*,#3700,.F.);
#3700 = EDGE_CURVE('',#3235,#3531,#3701,.T.);
#3701 = SEAM_CURVE('',#3702,(#3706,#3713),.PCURVE_S1.);
#3702 = LINE('',#3703,#3704);
#3703 = CARTESIAN_POINT('',(11.7,32.462540711865,118.28665448554));
#3704 = VECTOR('',#3705,1.);
#3705 = DIRECTION('',(0.,-0.258819045103,0.965925826289));
#3706 = PCURVE('',#3251,#3707);
#3707 = DEFINITIONAL_REPRESENTATION('',(#3708),#3712);
#3708 = LINE('',#3709,#3710);
#3709 = CARTESIAN_POINT('',(6.28318530718,-0.));
#3710 = VECTOR('',#3711,1.);
#3711 = DIRECTION('',(0.,1.));
#3712 = ( GEOMETRIC_REPRESENTATION_CONTEXT(2) 
PARAMETRIC_REPRESENTATION_CONTEXT() REPRESENTATION_CONTEXT('2D SPACE',''
  ) );
#3713 = PCURVE('',#3251,#3714);
#3714 = DEFINITIONAL_REPRESENTATION('',(#3715),#3719);
#3715 = LINE('',#3716,#3717);
#3716 = CARTESIAN_POINT('',(0.,-0.));
#3717 = VECTOR('',#3718,1.);
#3718 = DIRECTION('',(0.,1.));
#3719 = ( GEOMETRIC_REPRESENTATION_CONTEXT(2) 
PARAMETRIC_REPRESENTATION_CONTEXT() REPRESENTATION_CONTEXT('2D SPACE',''
  ) );
#3720 = ORIENTED_EDGE('',*,*,#3234,.T.);
#3721 = ORIENTED_EDGE('',*,*,#3700,.T.);
#3722 = ( GEOMETRIC_REPRESENTATION_CONTEXT(3) 
GLOBAL_UNCERTAINTY_ASSIGNED_CONTEXT((#3726)) 
GLOBAL_UNIT_ASSIGNED_CONTEXT((#3723,#3724,#3725)) REPRESENTATION_CONTEXT
('Context #1','3D Context with UNIT and UNCERTAINTY') );
#3723 = ( LENGTH_UNIT() NAMED_UNIT(*) SI_UNIT(.MILLI.,.METRE.) );
#3724 = ( NAMED_UNIT(*) PLANE_ANGLE_UNIT() SI_UNIT($,.RADIAN.) );
#3725 = ( NAMED_UNIT(*) SI_UNIT($,.STERADIAN.) SOLID_ANGLE_UNIT() );
#3726 = UNCERTAINTY_MEASURE_WITH_UNIT(LENGTH_MEASURE(1.E-07),#3723,
  'distance_accuracy_value','confusion accuracy');
#3727 = PRODUCT_RELATED_PRODUCT_CATEGORY('part',$,(#7));
ENDSEC;
END-ISO-10303-21;
