ISO-10303-21;
HEADER;
FILE_DESCRIPTION(('Open CASCADE Model'),'2;1');
FILE_NAME('Open CASCADE Shape Model','2026-09-11T17:46:08',('Author'),(
    'Open CASCADE'),'Open CASCADE STEP processor 7.8','Open CASCADE 7.8'
  ,'Unknown');
FILE_SCHEMA(('AUTOMOTIVE_DESIGN { 1 0 10303 214 1 1 1 1 }'));
ENDSEC;
DATA;
#1 = APPLICATION_PROTOCOL_DEFINITION('international standard',
  'automotive_design',2000,#2);
#2 = APPLICATION_CONTEXT(
  'core data for automotive mechanical design processes');
#3 = SHAPE_DEFINITION_REPRESENTATION(#4,#10);
#4 = PRODUCT_DEFINITION_SHAPE('','',#5);
#5 = PRODUCT_DEFINITION('design','',#6,#9);
#6 = PRODUCT_DEFINITION_FORMATION('','',#7);
#7 = PRODUCT('Open CASCADE STEP translator 7.8 1',
  'Open CASCADE STEP translator 7.8 1','',(#8));
#8 = PRODUCT_CONTEXT('',#2,'mechanical');
#9 = PRODUCT_DEFINITION_CONTEXT('part definition',#2,'design');
#10 = ADVANCED_BREP_SHAPE_REPRESENTATION('',(#11,#15),#3672);
#11 = AXIS2_PLACEMENT_3D('',#12,#13,#14);
#12 = CARTESIAN_POINT('',(0.,0.,0.));
#13 = DIRECTION('',(0.,0.,1.));
#14 = DIRECTION('',(1.,0.,-0.));
#15 = MANIFOLD_SOLID_BREP('',#16);
#16 = CLOSED_SHELL('',(#17,#449,#535,#804,#949,#976,#1031,#1086,#1113,
    #1140,#1167,#1761,#1978,#2089,#2259,#2266,#2296,#2326,#2376,#2425,
    #2457,#2484,#2511,#2565,#2614,#2642,#2669,#2894,#3090,#3385,#3411,
    #3438,#3444,#3470,#3497,#3503,#3550,#3557,#3584,#3611,#3618,#3645));
#17 = ADVANCED_FACE('',(#18,#143,#296),#32,.F.);
#18 = FACE_BOUND('',#19,.T.);
#19 = EDGE_LOOP('',(#20,#55,#88,#116));
#20 = ORIENTED_EDGE('',*,*,#21,.T.);
#21 = EDGE_CURVE('',#22,#24,#26,.T.);
#22 = VERTEX_POINT('',#23);
#23 = CARTESIAN_POINT('',(28.256011445849,-0.5,12.25715371414));
#24 = VERTEX_POINT('',#25);
#25 = CARTESIAN_POINT('',(28.256011445849,-10.5,12.25715371414));
#26 = SURFACE_CURVE('',#27,(#31,#43),.PCURVE_S1.);
#27 = LINE('',#28,#29);
#28 = CARTESIAN_POINT('',(28.256011445849,-0.5,12.25715371414));
#29 = VECTOR('',#30,1.);
#30 = DIRECTION('',(0.,-1.,0.));
#31 = PCURVE('',#32,#37);
#32 = CYLINDRICAL_SURFACE('',#33,30.8);
#33 = AXIS2_PLACEMENT_3D('',#34,#35,#36);
#34 = CARTESIAN_POINT('',(-8.881784197001E-16,-0.5,1.7763568394E-15));
#35 = DIRECTION('',(-0.,1.,-0.));
#36 = DIRECTION('',(0.927183854567,0.,0.374606593416));
#37 = DEFINITIONAL_REPRESENTATION('',(#38),#42);
#38 = LINE('',#39,#40);
#39 = CARTESIAN_POINT('',(-2.531916079262E-02,0.));
#40 = VECTOR('',#41,1.);
#41 = DIRECTION('',(-0.,-1.));
#42 = ( GEOMETRIC_REPRESENTATION_CONTEXT(2) 
PARAMETRIC_REPRESENTATION_CONTEXT() REPRESENTATION_CONTEXT('2D SPACE',''
  ) );
#43 = PCURVE('',#44,#49);
#44 = CYLINDRICAL_SURFACE('',#45,0.8);
#45 = AXIS2_PLACEMENT_3D('',#46,#47,#48);
#46 = CARTESIAN_POINT('',(28.989933821066,-0.5,12.575521343078));
#47 = DIRECTION('',(0.,-1.,0.));
#48 = DIRECTION('',(-0.917402969021,-0.,-0.397959536173));
#49 = DEFINITIONAL_REPRESENTATION('',(#50),#54);
#50 = LINE('',#51,#52);
#51 = CARTESIAN_POINT('',(0.,0.));
#52 = VECTOR('',#53,1.);
#53 = DIRECTION('',(0.,1.));
#54 = ( GEOMETRIC_REPRESENTATION_CONTEXT(2) 
PARAMETRIC_REPRESENTATION_CONTEXT() REPRESENTATION_CONTEXT('2D SPACE',''
  ) );
#55 = ORIENTED_EDGE('',*,*,#56,.T.);
#56 = EDGE_CURVE('',#24,#57,#59,.T.);
#57 = VERTEX_POINT('',#58);
#58 = CARTESIAN_POINT('',(-28.25601144584,-10.5,12.25715371414));
#59 = SURFACE_CURVE('',#60,(#65,#72),.PCURVE_S1.);
#60 = CIRCLE('',#61,30.8);
#61 = AXIS2_PLACEMENT_3D('',#62,#63,#64);
#62 = CARTESIAN_POINT('',(-8.881784197001E-16,-10.5,1.7763568394E-15));
#63 = DIRECTION('',(0.,-1.,0.));
#64 = DIRECTION('',(0.917402969021,0.,0.397959536173));
#65 = PCURVE('',#32,#66);
#66 = DEFINITIONAL_REPRESENTATION('',(#67),#71);
#67 = LINE('',#68,#69);
#68 = CARTESIAN_POINT('',(-2.531916079262E-02,-10.));
#69 = VECTOR('',#70,1.);
#70 = DIRECTION('',(-1.,0.));
#71 = ( GEOMETRIC_REPRESENTATION_CONTEXT(2) 
PARAMETRIC_REPRESENTATION_CONTEXT() REPRESENTATION_CONTEXT('2D SPACE',''
  ) );
#72 = PCURVE('',#73,#78);
#73 = PLANE('',#74);
#74 = AXIS2_PLACEMENT_3D('',#75,#76,#77);
#75 = CARTESIAN_POINT('',(5.025987482445E-15,-10.5,24.031841905939));
#76 = DIRECTION('',(0.,1.,0.));
#77 = DIRECTION('',(0.,-0.,1.));
#78 = DEFINITIONAL_REPRESENTATION('',(#79),#87);
#79 = ( BOUNDED_CURVE() B_SPLINE_CURVE(2,(#80,#81,#82,#83,#84,#85,#86),
.UNSPECIFIED.,.T.,.F.) B_SPLINE_CURVE_WITH_KNOTS((1,2,2,2,2,1),(
    -2.094395102393,0.,2.094395102393,4.188790204786,6.28318530718,
8.377580409573),.UNSPECIFIED.) CURVE() GEOMETRIC_REPRESENTATION_ITEM() 
RATIONAL_B_SPLINE_CURVE((1.,0.5,1.,0.5,1.,0.5,1.)) REPRESENTATION_ITEM(
  '') );
#80 = CARTESIAN_POINT('',(-11.7746881918,28.256011445849));
#81 = CARTESIAN_POINT('',(37.166159251659,7.025998456778));
#82 = CARTESIAN_POINT('',(-5.68999504128,-24.74301221746));
#83 = CARTESIAN_POINT('',(-48.54614933421,-56.51202289169));
#84 = CARTESIAN_POINT('',(-54.63084248473,-3.512999228389));
#85 = CARTESIAN_POINT('',(-60.71553563525,49.48602443492));
#86 = CARTESIAN_POINT('',(-11.7746881918,28.256011445849));
#87 = ( GEOMETRIC_REPRESENTATION_CONTEXT(2) 
PARAMETRIC_REPRESENTATION_CONTEXT() REPRESENTATION_CONTEXT('2D SPACE',''
  ) );
#88 = ORIENTED_EDGE('',*,*,#89,.F.);
#89 = EDGE_CURVE('',#90,#57,#92,.T.);
#90 = VERTEX_POINT('',#91);
#91 = CARTESIAN_POINT('',(-28.25601144584,-0.5,12.25715371414));
#92 = SURFACE_CURVE('',#93,(#97,#104),.PCURVE_S1.);
#93 = LINE('',#94,#95);
#94 = CARTESIAN_POINT('',(-28.25601144584,-0.5,12.25715371414));
#95 = VECTOR('',#96,1.);
#96 = DIRECTION('',(0.,-1.,0.));
#97 = PCURVE('',#32,#98);
#98 = DEFINITIONAL_REPRESENTATION('',(#99),#103);
#99 = LINE('',#100,#101);
#100 = CARTESIAN_POINT('',(-2.34832862192,0.));
#101 = VECTOR('',#102,1.);
#102 = DIRECTION('',(-0.,-1.));
#103 = ( GEOMETRIC_REPRESENTATION_CONTEXT(2) 
PARAMETRIC_REPRESENTATION_CONTEXT() REPRESENTATION_CONTEXT('2D SPACE',''
  ) );
#104 = PCURVE('',#105,#110);
#105 = CYLINDRICAL_SURFACE('',#106,0.8);
#106 = AXIS2_PLACEMENT_3D('',#107,#108,#109);
#107 = CARTESIAN_POINT('',(-28.98993382106,-0.5,12.575521343078));
#108 = DIRECTION('',(0.,-1.,0.));
#109 = DIRECTION('',(0.917402969021,0.,-0.397959536173));
#110 = DEFINITIONAL_REPRESENTATION('',(#111),#115);
#111 = LINE('',#112,#113);
#112 = CARTESIAN_POINT('',(-0.,0.));
#113 = VECTOR('',#114,1.);
#114 = DIRECTION('',(-0.,1.));
#115 = ( GEOMETRIC_REPRESENTATION_CONTEXT(2) 
PARAMETRIC_REPRESENTATION_CONTEXT() REPRESENTATION_CONTEXT('2D SPACE',''
  ) );
#116 = ORIENTED_EDGE('',*,*,#117,.T.);
#117 = EDGE_CURVE('',#90,#22,#118,.T.);
#118 = SURFACE_CURVE('',#119,(#124,#131),.PCURVE_S1.);
#119 = CIRCLE('',#120,30.8);
#120 = AXIS2_PLACEMENT_3D('',#121,#122,#123);
#121 = CARTESIAN_POINT('',(-8.881784197001E-16,-0.5,1.7763568394E-15));
#122 = DIRECTION('',(0.,1.,-0.));
#123 = DIRECTION('',(-0.917402969021,0.,0.397959536173));
#124 = PCURVE('',#32,#125);
#125 = DEFINITIONAL_REPRESENTATION('',(#126),#130);
#126 = LINE('',#127,#128);
#127 = CARTESIAN_POINT('',(-2.34832862192,0.));
#128 = VECTOR('',#129,1.);
#129 = DIRECTION('',(1.,-0.));
#130 = ( GEOMETRIC_REPRESENTATION_CONTEXT(2) 
PARAMETRIC_REPRESENTATION_CONTEXT() REPRESENTATION_CONTEXT('2D SPACE',''
  ) );
#131 = PCURVE('',#132,#137);
#132 = PLANE('',#133);
#133 = AXIS2_PLACEMENT_3D('',#134,#135,#136);
#134 = CARTESIAN_POINT('',(5.025987482445E-15,-0.5,24.031841905939));
#135 = DIRECTION('',(0.,1.,0.));
#136 = DIRECTION('',(0.,-0.,1.));
#137 = DEFINITIONAL_REPRESENTATION('',(#138),#142);
#138 = CIRCLE('',#139,30.8);
#139 = AXIS2_PLACEMENT_2D('',#140,#141);
#140 = CARTESIAN_POINT('',(-24.03184190593,-5.914165902145E-15));
#141 = DIRECTION('',(0.397959536173,-0.917402969021));
#142 = ( GEOMETRIC_REPRESENTATION_CONTEXT(2) 
PARAMETRIC_REPRESENTATION_CONTEXT() REPRESENTATION_CONTEXT('2D SPACE',''
  ) );
#143 = FACE_BOUND('',#144,.T.);
#144 = EDGE_LOOP('',(#145));
#145 = ORIENTED_EDGE('',*,*,#146,.T.);
#146 = EDGE_CURVE('',#147,#147,#149,.T.);
#147 = VERTEX_POINT('',#148);
#148 = CARTESIAN_POINT('',(25.782921356847,-4.5,16.848767501115));
#149 = SURFACE_CURVE('',#150,(#195,#243),.PCURVE_S1.);
#150 = B_SPLINE_CURVE_WITH_KNOTS('',7,(#151,#152,#153,#154,#155,#156,
    #157,#158,#159,#160,#161,#162,#163,#164,#165,#166,#167,#168,#169,
    #170,#171,#172,#173,#174,#175,#176,#177,#178,#179,#180,#181,#182,
    #183,#184,#185,#186,#187,#188,#189,#190,#191,#192,#193,#194),
  .UNSPECIFIED.,.T.,.F.,(8,6,6,6,6,6,6,8),(0.,0.15273491563,
    0.285723645449,0.421923746179,0.588701440598,0.714477818133,
    0.837886405733,1.),.UNSPECIFIED.);
#151 = CARTESIAN_POINT('',(25.782921356847,-4.5,16.848767501115));
#152 = CARTESIAN_POINT('',(25.782921356847,-4.703169991256,
    16.848767501115));
#153 = CARTESIAN_POINT('',(25.798440798787,-4.906244513581,
    16.82501864133));
#154 = CARTESIAN_POINT('',(25.829458737665,-5.106759473971,
    16.777554025062));
#155 = CARTESIAN_POINT('',(25.87628773007,-5.301911616159,
    16.705590782628));
#156 = CARTESIAN_POINT('',(25.939389924017,-5.488019134682,
    16.607830373909));
#157 = CARTESIAN_POINT('',(26.019112332197,-5.659936798949,
    16.482678256494));
#158 = CARTESIAN_POINT('',(26.198974595615,-5.940423932782,
    16.195019754828));
#159 = CARTESIAN_POINT('',(26.298081857424,-6.058894456771,
    16.03473224456));
#160 = CARTESIAN_POINT('',(26.410013369418,-6.151744872672,
    15.850919258567));
#161 = CARTESIAN_POINT('',(26.530014457713,-6.209645360746,
    15.649814475171));
#162 = CARTESIAN_POINT('',(26.65225009714,-6.227577846358,
    15.440062546857));
#163 = CARTESIAN_POINT('',(26.771239156385,-6.205093589671,
    15.231305916859));
#164 = CARTESIAN_POINT('',(26.996358245078,-6.086676464668,
    14.828725685799));
#165 = CARTESIAN_POINT('',(27.098137866172,-5.991073628514,
    14.642486212983));
#166 = CARTESIAN_POINT('',(27.186553935254,-5.867883879324,
    14.477297641475));
#167 = CARTESIAN_POINT('',(27.261469272074,-5.723902837628,
    14.334998843743));
#168 = CARTESIAN_POINT('',(27.323168263071,-5.565120470531,
    14.216346883834));
#169 = CARTESIAN_POINT('',(27.372213867372,-5.396861981794,
    14.121209389665));
#170 = CARTESIAN_POINT('',(27.454935321363,-5.011939908664,
    13.959817066693));
#171 = CARTESIAN_POINT('',(27.483306968435,-4.790011817774,
    13.903635449456));
#172 = CARTESIAN_POINT('',(27.495807926827,-4.563025608776,
    13.878691207333));
#173 = CARTESIAN_POINT('',(27.492858733237,-4.334472178815,
    13.884563727652));
#174 = CARTESIAN_POINT('',(27.47428196739,-4.108090931813,
    13.921567674226));
#175 = CARTESIAN_POINT('',(27.439409882214,-3.888249769349,
    13.990417968497));
#176 = CARTESIAN_POINT('',(27.347868511505,-3.524734266999,
    14.168326898805));
#177 = CARTESIAN_POINT('',(27.298146005395,-3.373558064592,
    14.264349001915));
#178 = CARTESIAN_POINT('',(27.237449597135,-3.231617619321,
    14.380519602058));
#179 = CARTESIAN_POINT('',(27.16540996861,-3.103434833414,
    14.516733864219));
#180 = CARTESIAN_POINT('',(27.081920466793,-2.993935352233,
    14.672137057523));
#181 = CARTESIAN_POINT('',(26.987246767191,-2.908530716463,
    14.845019732182));
#182 = CARTESIAN_POINT('',(26.779637736561,-2.7993242308,15.216286744708
    ));
#183 = CARTESIAN_POINT('',(26.669765254082,-2.775806630105,
    15.409326326147));
#184 = CARTESIAN_POINT('',(26.556565435624,-2.786906712047,
    15.604204440281));
#185 = CARTESIAN_POINT('',(26.444561486208,-2.832744350059,
    15.792881120896));
#186 = CARTESIAN_POINT('',(26.33860836462,-2.909696910274,
    15.967958460882));
#187 = CARTESIAN_POINT('',(26.242861164799,-3.010571172953,
    16.123800018338));
#188 = CARTESIAN_POINT('',(26.050974832246,-3.274556552618,
    16.432568717724));
#189 = CARTESIAN_POINT('',(25.960402728661,-3.452395227813,
    16.575252502334));
#190 = CARTESIAN_POINT('',(25.888746317502,-3.647912964819,
    16.686439321993));
#191 = CARTESIAN_POINT('',(25.835628598112,-3.854575925055,
    16.768113341209));
#192 = CARTESIAN_POINT('',(25.800498691415,-4.067650677042,
    16.821869341561));
#193 = CARTESIAN_POINT('',(25.782921356847,-4.283784788788,
    16.848767501115));
#194 = CARTESIAN_POINT('',(25.782921356847,-4.5,16.848767501115));
#195 = PCURVE('',#32,#196);
#196 = DEFINITIONAL_REPRESENTATION('',(#197),#242);
#197 = B_SPLINE_CURVE_WITH_KNOTS('',7,(#198,#199,#200,#201,#202,#203,
    #204,#205,#206,#207,#208,#209,#210,#211,#212,#213,#214,#215,#216,
    #217,#218,#219,#220,#221,#222,#223,#224,#225,#226,#227,#228,#229,
    #230,#231,#232,#233,#234,#235,#236,#237,#238,#239,#240,#241),
  .UNSPECIFIED.,.T.,.F.,(8,6,6,6,6,6,6,8),(0.,0.15273491563,
    0.285723645449,0.421923746179,0.588701440598,0.714477818133,
    0.837886405733,1.),.UNSPECIFIED.);
#198 = CARTESIAN_POINT('',(-0.194849208698,-4.));
#199 = CARTESIAN_POINT('',(-0.194849208698,-4.203169991256));
#200 = CARTESIAN_POINT('',(-0.193928102161,-4.406244513581));
#201 = CARTESIAN_POINT('',(-0.192087161097,-4.606759473971));
#202 = CARTESIAN_POINT('',(-0.189299556322,-4.801911616159));
#203 = CARTESIAN_POINT('',(-0.185521784594,-4.988019134682));
#204 = CARTESIAN_POINT('',(-0.180704193358,-5.159936798949));
#205 = CARTESIAN_POINT('',(-0.169689234378,-5.440423932782));
#206 = CARTESIAN_POINT('',(-0.16357072771,-5.558894456771));
#207 = CARTESIAN_POINT('',(-0.156583599802,-5.651744872672));
#208 = CARTESIAN_POINT('',(-0.148980790046,-5.709645360746));
#209 = CARTESIAN_POINT('',(-0.141099238832,-5.727577846358));
#210 = CARTESIAN_POINT('',(-0.133297978784,-5.705093589671));
#211 = CARTESIAN_POINT('',(-0.118322403905,-5.586676464668));
#212 = CARTESIAN_POINT('',(-0.1114319423,-5.491073628514));
#213 = CARTESIAN_POINT('',(-0.105349066468,-5.367883879324));
#214 = CARTESIAN_POINT('',(-0.100127948345,-5.223902837628));
#215 = CARTESIAN_POINT('',(-9.5785951163E-02,-5.065120470531));
#216 = CARTESIAN_POINT('',(-9.231077909325E-02,-4.896861981794));
#217 = CARTESIAN_POINT('',(-8.642256844034E-02,-4.511939908664));
#218 = CARTESIAN_POINT('',(-8.437912894278E-02,-4.290011817774));
#219 = CARTESIAN_POINT('',(-8.347322306524E-02,-4.063025608776));
#220 = CARTESIAN_POINT('',(-8.368658488203E-02,-3.834472178815));
#221 = CARTESIAN_POINT('',(-8.503092308385E-02,-3.608090931813));
#222 = CARTESIAN_POINT('',(-8.753664775249E-02,-3.388249769349));
#223 = CARTESIAN_POINT('',(-9.403270326147E-02,-3.024734266999));
#224 = CARTESIAN_POINT('',(-9.754347742335E-02,-2.873558064592));
#225 = CARTESIAN_POINT('',(-0.101798986645,-2.731617619321));
#226 = CARTESIAN_POINT('',(-0.106801817898,-2.603434833414));
#227 = CARTESIAN_POINT('',(-0.112529169814,-2.493935352233));
#228 = CARTESIAN_POINT('',(-0.118928525848,-2.408530716463));
#229 = CARTESIAN_POINT('',(-0.132739280865,-2.2993242308));
#230 = CARTESIAN_POINT('',(-0.139950687568,-2.275806630105));
#231 = CARTESIAN_POINT('',(-0.147267431175,-2.286906712047));
#232 = CARTESIAN_POINT('',(-0.154390824167,-2.332744350059));
#233 = CARTESIAN_POINT('',(-0.161034790775,-2.409696910274));
#234 = CARTESIAN_POINT('',(-0.16697317447,-2.510571172953));
#235 = CARTESIAN_POINT('',(-0.178776293633,-2.774556552618));
#236 = CARTESIAN_POINT('',(-0.184263149048,-2.952395227813));
#237 = CARTESIAN_POINT('',(-0.188557764328,-3.147912964819));
#238 = CARTESIAN_POINT('',(-0.191720992384,-3.354575925055));
#239 = CARTESIAN_POINT('',(-0.19380595753,-3.567650677042));
#240 = CARTESIAN_POINT('',(-0.194849208698,-3.783784788788));
#241 = CARTESIAN_POINT('',(-0.194849208698,-4.));
#242 = ( GEOMETRIC_REPRESENTATION_CONTEXT(2) 
PARAMETRIC_REPRESENTATION_CONTEXT() REPRESENTATION_CONTEXT('2D SPACE',''
  ) );
#243 = PCURVE('',#244,#249);
#244 = CYLINDRICAL_SURFACE('',#245,1.7);
#245 = AXIS2_PLACEMENT_3D('',#246,#247,#248);
#246 = CARTESIAN_POINT('',(21.650635094611,-4.5,12.5));
#247 = DIRECTION('',(0.866025403784,0.,0.5));
#248 = DIRECTION('',(-0.5,0.,0.866025403784));
#249 = DEFINITIONAL_REPRESENTATION('',(#250),#295);
#250 = B_SPLINE_CURVE_WITH_KNOTS('',7,(#251,#252,#253,#254,#255,#256,
    #257,#258,#259,#260,#261,#262,#263,#264,#265,#266,#267,#268,#269,
    #270,#271,#272,#273,#274,#275,#276,#277,#278,#279,#280,#281,#282,
    #283,#284,#285,#286,#287,#288,#289,#290,#291,#292,#293,#294),
  .UNSPECIFIED.,.F.,.F.,(8,6,6,6,6,6,6,8),(0.,0.15273491563,
    0.285723645449,0.421923746179,0.588701440598,0.714477818133,
    0.837886405733,1.),.UNSPECIFIED.);
#251 = CARTESIAN_POINT('',(0.,5.753048629364));
#252 = CARTESIAN_POINT('',(0.119511759562,5.753048629364));
#253 = CARTESIAN_POINT('',(0.238966594633,5.754614430443));
#254 = CARTESIAN_POINT('',(0.359708177935,5.75774444535));
#255 = CARTESIAN_POINT('',(0.482849190863,5.76231792119));
#256 = CARTESIAN_POINT('',(0.609626855057,5.768085819823));
#257 = CARTESIAN_POINT('',(0.741280459267,5.77455139185));
#258 = CARTESIAN_POINT('',(1.000122979034,5.78648743032));
#259 = CARTESIAN_POINT('',(1.129921407877,5.792173081612));
#260 = CARTESIAN_POINT('',(1.265100611712,5.797202121486));
#261 = CARTESIAN_POINT('',(1.403528025884,5.800573720733));
#262 = CARTESIAN_POINT('',(1.543555619959,5.801556925568));
#263 = CARTESIAN_POINT('',(1.683746306521,5.800226158648));
#264 = CARTESIAN_POINT('',(1.963842667289,5.793894892802));
#265 = CARTESIAN_POINT('',(2.098718411296,5.78891889385));
#266 = CARTESIAN_POINT('',(2.228079200475,5.782895170023));
#267 = CARTESIAN_POINT('',(2.35264063894,5.776624355976));
#268 = CARTESIAN_POINT('',(2.472944235162,5.770731269614));
#269 = CARTESIAN_POINT('',(2.589276825247,5.765637261797));
#270 = CARTESIAN_POINT('',(2.839517739555,5.756579980905));
#271 = CARTESIAN_POINT('',(2.973378765789,5.753059739399));
#272 = CARTESIAN_POINT('',(3.105433721238,5.751413765876));
#273 = CARTESIAN_POINT('',(3.237175257407,5.751795949466));
#274 = CARTESIAN_POINT('',(3.369979657173,5.754209971609));
#275 = CARTESIAN_POINT('',(3.505140245475,5.7584350071));
#276 = CARTESIAN_POINT('',(3.74915601451,5.768112319722));
#277 = CARTESIAN_POINT('',(3.857693947396,5.773062417847));
#278 = CARTESIAN_POINT('',(3.969859111066,5.778583086446));
#279 = CARTESIAN_POINT('',(4.085810847807,5.784302069144));
#280 = CARTESIAN_POINT('',(4.205910631329,5.789699636274));
#281 = CARTESIAN_POINT('',(4.330679269815,5.794151144678));
#282 = CARTESIAN_POINT('',(4.588989368171,5.79998995636));
#283 = CARTESIAN_POINT('',(4.718979369712,5.801357386076));
#284 = CARTESIAN_POINT('',(4.849182992408,5.800762524654));
#285 = CARTESIAN_POINT('',(4.978230691834,5.798102599443));
#286 = CARTESIAN_POINT('',(5.10463108862,5.793883174531));
#287 = CARTESIAN_POINT('',(5.226520213091,5.788884445873));
#288 = CARTESIAN_POINT('',(5.490707714979,5.777090356936));
#289 = CARTESIAN_POINT('',(5.632554274671,5.769994506663));
#290 = CARTESIAN_POINT('',(5.768533412131,5.763531644084));
#291 = CARTESIAN_POINT('',(5.900160448004,5.758367359309));
#292 = CARTESIAN_POINT('',(6.028863040301,5.754821967853));
#293 = CARTESIAN_POINT('',(6.155999888819,5.753048629364));
#294 = CARTESIAN_POINT('',(6.28318530718,5.753048629364));
#295 = ( GEOMETRIC_REPRESENTATION_CONTEXT(2) 
PARAMETRIC_REPRESENTATION_CONTEXT() REPRESENTATION_CONTEXT('2D SPACE',''
  ) );
#296 = FACE_BOUND('',#297,.T.);
#297 = EDGE_LOOP('',(#298));
#298 = ORIENTED_EDGE('',*,*,#299,.T.);
#299 = EDGE_CURVE('',#300,#300,#302,.T.);
#300 = VERTEX_POINT('',#301);
#301 = CARTESIAN_POINT('',(-27.48292135684,-4.5,13.904281128248));
#302 = SURFACE_CURVE('',#303,(#348,#396),.PCURVE_S1.);
#303 = B_SPLINE_CURVE_WITH_KNOTS('',7,(#304,#305,#306,#307,#308,#309,
    #310,#311,#312,#313,#314,#315,#316,#317,#318,#319,#320,#321,#322,
    #323,#324,#325,#326,#327,#328,#329,#330,#331,#332,#333,#334,#335,
    #336,#337,#338,#339,#340,#341,#342,#343,#344,#345,#346,#347),
  .UNSPECIFIED.,.T.,.F.,(8,6,6,6,6,6,6,8),(0.,0.152734915139,
    0.285723644655,0.421923744965,0.588701441774,0.714477818949,
    0.837886406197,1.),.UNSPECIFIED.);
#304 = CARTESIAN_POINT('',(-27.48292135684,-4.5,13.904281128248));
#305 = CARTESIAN_POINT('',(-27.48292135684,-4.703169991256,
    13.904281128248));
#306 = CARTESIAN_POINT('',(-27.47011396193,-4.906244513582,
    13.929595789113));
#307 = CARTESIAN_POINT('',(-27.4445173679,-5.106759473971,
    13.980190420289));
#308 = CARTESIAN_POINT('',(-27.40560986801,-5.301911616159,
    14.056727138562));
#309 = CARTESIAN_POINT('',(-27.35249796755,-5.488019134682,
    14.160255445914));
#310 = CARTESIAN_POINT('',(-27.28397425862,-5.659936798949,
    14.291873135357));
#311 = CARTESIAN_POINT('',(-27.12478582021,-5.940423932904,
    14.591467675621));
#312 = CARTESIAN_POINT('',(-27.03552639544,-6.058894456589,
    14.757440836931));
#313 = CARTESIAN_POINT('',(-26.93230543605,-6.151744872707,
    14.946282862765));
#314 = CARTESIAN_POINT('',(-26.81814412878,-6.209645360853,
    15.150759245713));
#315 = CARTESIAN_POINT('',(-26.69761145007,-6.227577846251,
    15.361494378857));
#316 = CARTESIAN_POINT('',(-26.57631743509,-6.205093589718,
    15.568920241632));
#317 = CARTESIAN_POINT('',(-26.34023227219,-6.086676464668,
    15.965169207003));
#318 = CARTESIAN_POINT('',(-26.22983396809,-5.991073628514,
    16.146432680867));
#319 = CARTESIAN_POINT('',(-26.13098450329,-5.867883879324,
    16.305597528548));
#320 = CARTESIAN_POINT('',(-26.04520779793,-5.723902837627,
    16.441625512234));
#321 = CARTESIAN_POINT('',(-25.97330168194,-5.565120470531,
    16.554384385779));
#322 = CARTESIAN_POINT('',(-25.91543299729,-5.396861981794,
    16.644427872132));
#323 = CARTESIAN_POINT('',(-25.81702387167,-5.011939904974,
    16.796762915672));
#324 = CARTESIAN_POINT('',(-25.78255499029,-4.790011832259,
    16.849424287027));
#325 = CARTESIAN_POINT('',(-25.76720311946,-4.563025582696,
    16.872722559744));
#326 = CARTESIAN_POINT('',(-25.77081427356,-4.334472204735,
    16.867232224408));
#327 = CARTESIAN_POINT('',(-25.79357225244,-4.108090917604,
    16.832642293706));
#328 = CARTESIAN_POINT('',(-25.83576231032,-3.888249772911,
    16.768017040251));
#329 = CARTESIAN_POINT('',(-25.94406527923,-3.524734266999,
    16.599785420917));
#330 = CARTESIAN_POINT('',(-26.0023616068,-3.373558064592,
    16.508713415931));
#331 = CARTESIAN_POINT('',(-26.07262009357,-3.231617619322,
    16.398063484389));
#332 = CARTESIAN_POINT('',(-26.15456529069,-3.103434833413,
    16.267568204925));
#333 = CARTESIAN_POINT('',(-26.24740365301,-2.993935352233,
    16.117562578751));
#334 = CARTESIAN_POINT('',(-26.34978759134,-2.908530716463,
    15.949131412496));
#335 = CARTESIAN_POINT('',(-26.56750974046,-2.7993242308,15.583703211652
    ));
#336 = CARTESIAN_POINT('',(-26.67975068068,-2.775806630105,
    15.392031059928));
#337 = CARTESIAN_POINT('',(-26.79192016894,-2.786906712048,
    15.196558084374));
#338 = CARTESIAN_POINT('',(-26.89931699274,-2.832744350059,
    15.005221478547));
#339 = CARTESIAN_POINT('',(-26.997961856,-2.909696910273,14.82592471365)
  );
#340 = CARTESIAN_POINT('',(-27.08505100382,-3.010571172953,
    14.665084427535));
#341 = CARTESIAN_POINT('',(-27.2565093751,-3.274556552618,
    14.344521639212));
#342 = CARTESIAN_POINT('',(-27.33479110549,-3.452395227813,
    14.194742004328));
#343 = CARTESIAN_POINT('',(-27.3952535103,-3.647912964819,
    14.077092322092));
#344 = CARTESIAN_POINT('',(-27.43942642608,-3.854575925054,13.9902540181
    ));
#345 = CARTESIAN_POINT('',(-27.46841553464,-4.067650677043,
    13.932952626292));
#346 = CARTESIAN_POINT('',(-27.48292135684,-4.283784788787,
    13.904281128248));
#347 = CARTESIAN_POINT('',(-27.48292135684,-4.5,13.904281128248));
#348 = PCURVE('',#32,#349);
#349 = DEFINITIONAL_REPRESENTATION('',(#350),#395);
#350 = B_SPLINE_CURVE_WITH_KNOTS('',7,(#351,#352,#353,#354,#355,#356,
    #357,#358,#359,#360,#361,#362,#363,#364,#365,#366,#367,#368,#369,
    #370,#371,#372,#373,#374,#375,#376,#377,#378,#379,#380,#381,#382,
    #383,#384,#385,#386,#387,#388,#389,#390,#391,#392,#393,#394),
  .UNSPECIFIED.,.F.,.F.,(8,6,6,6,6,6,6,8),(0.,0.152734915139,
    0.285723644655,0.421923744965,0.588701441774,0.714477818949,
    0.837886406197,1.),.UNSPECIFIED.);
#351 = CARTESIAN_POINT('',(-2.289244311091,-4.));
#352 = CARTESIAN_POINT('',(-2.289244311091,-4.203169991256));
#353 = CARTESIAN_POINT('',(-2.288323204554,-4.406244513582));
#354 = CARTESIAN_POINT('',(-2.28648226349,-4.606759473971));
#355 = CARTESIAN_POINT('',(-2.283694658715,-4.801911616159));
#356 = CARTESIAN_POINT('',(-2.279916886987,-4.988019134682));
#357 = CARTESIAN_POINT('',(-2.275099295751,-5.159936798949));
#358 = CARTESIAN_POINT('',(-2.264084336767,-5.440423932904));
#359 = CARTESIAN_POINT('',(-2.257965830108,-5.558894456589));
#360 = CARTESIAN_POINT('',(-2.250978702201,-5.651744872707));
#361 = CARTESIAN_POINT('',(-2.243375892433,-5.709645360853));
#362 = CARTESIAN_POINT('',(-2.235494341219,-5.727577846251));
#363 = CARTESIAN_POINT('',(-2.227693081183,-5.705093589718));
#364 = CARTESIAN_POINT('',(-2.212717506298,-5.586676464668));
#365 = CARTESIAN_POINT('',(-2.205827044693,-5.491073628514));
#366 = CARTESIAN_POINT('',(-2.199744168861,-5.367883879324));
#367 = CARTESIAN_POINT('',(-2.194523050739,-5.223902837627));
#368 = CARTESIAN_POINT('',(-2.190181053556,-5.065120470531));
#369 = CARTESIAN_POINT('',(-2.186705881486,-4.896861981794));
#370 = CARTESIAN_POINT('',(-2.180817670777,-4.511939904974));
#371 = CARTESIAN_POINT('',(-2.178774231449,-4.290011832259));
#372 = CARTESIAN_POINT('',(-2.177868325412,-4.063025582696));
#373 = CARTESIAN_POINT('',(-2.178081687175,-3.834472204735));
#374 = CARTESIAN_POINT('',(-2.179426025619,-3.608090917604));
#375 = CARTESIAN_POINT('',(-2.181931750082,-3.388249772911));
#376 = CARTESIAN_POINT('',(-2.188427805655,-3.024734266999));
#377 = CARTESIAN_POINT('',(-2.191938579817,-2.873558064592));
#378 = CARTESIAN_POINT('',(-2.196194089038,-2.731617619322));
#379 = CARTESIAN_POINT('',(-2.201196920291,-2.603434833413));
#380 = CARTESIAN_POINT('',(-2.206924272207,-2.493935352233));
#381 = CARTESIAN_POINT('',(-2.213323628241,-2.408530716463));
#382 = CARTESIAN_POINT('',(-2.227134383259,-2.2993242308));
#383 = CARTESIAN_POINT('',(-2.234345789961,-2.275806630105));
#384 = CARTESIAN_POINT('',(-2.241662533568,-2.286906712048));
#385 = CARTESIAN_POINT('',(-2.24878592656,-2.332744350059));
#386 = CARTESIAN_POINT('',(-2.255429893168,-2.409696910273));
#387 = CARTESIAN_POINT('',(-2.261368276863,-2.510571172953));
#388 = CARTESIAN_POINT('',(-2.273171396026,-2.774556552618));
#389 = CARTESIAN_POINT('',(-2.278658251441,-2.952395227813));
#390 = CARTESIAN_POINT('',(-2.282952866721,-3.147912964819));
#391 = CARTESIAN_POINT('',(-2.286116094777,-3.354575925054));
#392 = CARTESIAN_POINT('',(-2.288201059923,-3.567650677043));
#393 = CARTESIAN_POINT('',(-2.289244311091,-3.783784788787));
#394 = CARTESIAN_POINT('',(-2.289244311091,-4.));
#395 = ( GEOMETRIC_REPRESENTATION_CONTEXT(2) 
PARAMETRIC_REPRESENTATION_CONTEXT() REPRESENTATION_CONTEXT('2D SPACE',''
  ) );
#396 = PCURVE('',#397,#402);
#397 = CYLINDRICAL_SURFACE('',#398,1.7);
#398 = AXIS2_PLACEMENT_3D('',#399,#400,#401);
#399 = CARTESIAN_POINT('',(-21.65063509461,-4.5,12.5));
#400 = DIRECTION('',(-0.866025403784,0.,0.5));
#401 = DIRECTION('',(-0.5,0.,-0.866025403784));
#402 = DEFINITIONAL_REPRESENTATION('',(#403),#448);
#403 = B_SPLINE_CURVE_WITH_KNOTS('',7,(#404,#405,#406,#407,#408,#409,
    #410,#411,#412,#413,#414,#415,#416,#417,#418,#419,#420,#421,#422,
    #423,#424,#425,#426,#427,#428,#429,#430,#431,#432,#433,#434,#435,
    #436,#437,#438,#439,#440,#441,#442,#443,#444,#445,#446,#447),
  .UNSPECIFIED.,.F.,.F.,(8,6,6,6,6,6,6,8),(0.,0.152734915139,
    0.285723644655,0.421923744965,0.588701441774,0.714477818949,
    0.837886406197,1.),.UNSPECIFIED.);
#404 = CARTESIAN_POINT('',(0.,5.753048629364));
#405 = CARTESIAN_POINT('',(0.119511759562,5.753048629364));
#406 = CARTESIAN_POINT('',(0.238966594633,5.754614430443));
#407 = CARTESIAN_POINT('',(0.359708177935,5.75774444535));
#408 = CARTESIAN_POINT('',(0.482849190863,5.76231792119));
#409 = CARTESIAN_POINT('',(0.609626855057,5.768085819823));
#410 = CARTESIAN_POINT('',(0.741280459267,5.77455139185));
#411 = CARTESIAN_POINT('',(1.000122979146,5.786487430325));
#412 = CARTESIAN_POINT('',(1.129921407748,5.792173081605));
#413 = CARTESIAN_POINT('',(1.265100611654,5.797202121486));
#414 = CARTESIAN_POINT('',(1.403528025956,5.80057372074));
#415 = CARTESIAN_POINT('',(1.543555620073,5.801556925562));
#416 = CARTESIAN_POINT('',(1.68374630641,5.80022615865));
#417 = CARTESIAN_POINT('',(1.963842667289,5.793894892802));
#418 = CARTESIAN_POINT('',(2.098718411296,5.78891889385));
#419 = CARTESIAN_POINT('',(2.228079200475,5.782895170023));
#420 = CARTESIAN_POINT('',(2.35264063894,5.776624355976));
#421 = CARTESIAN_POINT('',(2.472944235162,5.770731269614));
#422 = CARTESIAN_POINT('',(2.589276825247,5.765637261797));
#423 = CARTESIAN_POINT('',(2.839517741954,5.756579980818));
#424 = CARTESIAN_POINT('',(2.973378756464,5.753059739575));
#425 = CARTESIAN_POINT('',(3.105433737998,5.751413765798));
#426 = CARTESIAN_POINT('',(3.237175240659,5.751795949321));
#427 = CARTESIAN_POINT('',(3.369979666478,5.754209971821));
#428 = CARTESIAN_POINT('',(3.505140243084,5.758435007005));
#429 = CARTESIAN_POINT('',(3.74915601451,5.768112319722));
#430 = CARTESIAN_POINT('',(3.857693947397,5.773062417847));
#431 = CARTESIAN_POINT('',(3.969859111065,5.778583086446));
#432 = CARTESIAN_POINT('',(4.085810847807,5.784302069144));
#433 = CARTESIAN_POINT('',(4.205910631329,5.789699636274));
#434 = CARTESIAN_POINT('',(4.330679269815,5.794151144678));
#435 = CARTESIAN_POINT('',(4.588989368171,5.79998995636));
#436 = CARTESIAN_POINT('',(4.718979369712,5.801357386076));
#437 = CARTESIAN_POINT('',(4.849182992407,5.800762524654));
#438 = CARTESIAN_POINT('',(4.978230691835,5.798102599443));
#439 = CARTESIAN_POINT('',(5.104631088619,5.793883174532));
#440 = CARTESIAN_POINT('',(5.226520213091,5.788884445873));
#441 = CARTESIAN_POINT('',(5.490707714979,5.777090356936));
#442 = CARTESIAN_POINT('',(5.632554274671,5.769994506663));
#443 = CARTESIAN_POINT('',(5.768533412131,5.763531644084));
#444 = CARTESIAN_POINT('',(5.900160448003,5.758367359309));
#445 = CARTESIAN_POINT('',(6.028863040302,5.754821967853));
#446 = CARTESIAN_POINT('',(6.155999888819,5.753048629364));
#447 = CARTESIAN_POINT('',(6.28318530718,5.753048629364));
#448 = ( GEOMETRIC_REPRESENTATION_CONTEXT(2) 
PARAMETRIC_REPRESENTATION_CONTEXT() REPRESENTATION_CONTEXT('2D SPACE',''
  ) );
#449 = ADVANCED_FACE('',(#450),#44,.T.);
#450 = FACE_BOUND('',#451,.T.);
#451 = EDGE_LOOP('',(#452,#480,#508,#534));
#452 = ORIENTED_EDGE('',*,*,#453,.T.);
#453 = EDGE_CURVE('',#22,#454,#456,.T.);
#454 = VERTEX_POINT('',#455);
#455 = CARTESIAN_POINT('',(29.289619095799,-0.5,11.833774259425));
#456 = SURFACE_CURVE('',#457,(#462,#469),.PCURVE_S1.);
#457 = CIRCLE('',#458,0.8);
#458 = AXIS2_PLACEMENT_3D('',#459,#460,#461);
#459 = CARTESIAN_POINT('',(28.989933821066,-0.5,12.575521343078));
#460 = DIRECTION('',(0.,-1.,0.));
#461 = DIRECTION('',(0.,-0.,-1.));
#462 = PCURVE('',#44,#463);
#463 = DEFINITIONAL_REPRESENTATION('',(#464),#468);
#464 = LINE('',#465,#466);
#465 = CARTESIAN_POINT('',(-5.121680576616,0.));
#466 = VECTOR('',#467,1.);
#467 = DIRECTION('',(1.,0.));
#468 = ( GEOMETRIC_REPRESENTATION_CONTEXT(2) 
PARAMETRIC_REPRESENTATION_CONTEXT() REPRESENTATION_CONTEXT('2D SPACE',''
  ) );
#469 = PCURVE('',#132,#470);
#470 = DEFINITIONAL_REPRESENTATION('',(#471),#479);
#471 = ( BOUNDED_CURVE() B_SPLINE_CURVE(2,(#472,#473,#474,#475,#476,#477
,#478),.UNSPECIFIED.,.T.,.F.) B_SPLINE_CURVE_WITH_KNOTS((1,2,2,2,2,1),(
    -2.094395102393,0.,2.094395102393,4.188790204786,6.28318530718,
8.377580409573),.UNSPECIFIED.) CURVE() GEOMETRIC_REPRESENTATION_ITEM() 
RATIONAL_B_SPLINE_CURVE((1.,0.5,1.,0.5,1.,0.5,1.)) REPRESENTATION_ITEM(
  '') );
#472 = CARTESIAN_POINT('',(-12.25632056286,28.989933821066));
#473 = CARTESIAN_POINT('',(-12.25632056286,30.375574467121));
#474 = CARTESIAN_POINT('',(-11.05632056286,29.682754144093));
#475 = CARTESIAN_POINT('',(-9.856320562861,28.989933821066));
#476 = CARTESIAN_POINT('',(-11.05632056286,28.297113498038));
#477 = CARTESIAN_POINT('',(-12.25632056286,27.604293175011));
#478 = CARTESIAN_POINT('',(-12.25632056286,28.989933821066));
#479 = ( GEOMETRIC_REPRESENTATION_CONTEXT(2) 
PARAMETRIC_REPRESENTATION_CONTEXT() REPRESENTATION_CONTEXT('2D SPACE',''
  ) );
#480 = ORIENTED_EDGE('',*,*,#481,.T.);
#481 = EDGE_CURVE('',#454,#482,#484,.T.);
#482 = VERTEX_POINT('',#483);
#483 = CARTESIAN_POINT('',(29.289619095799,-10.5,11.833774259425));
#484 = SURFACE_CURVE('',#485,(#489,#496),.PCURVE_S1.);
#485 = LINE('',#486,#487);
#486 = CARTESIAN_POINT('',(29.289619095799,-0.5,11.833774259425));
#487 = VECTOR('',#488,1.);
#488 = DIRECTION('',(0.,-1.,0.));
#489 = PCURVE('',#44,#490);
#490 = DEFINITIONAL_REPRESENTATION('',(#491),#495);
#491 = LINE('',#492,#493);
#492 = CARTESIAN_POINT('',(1.545477166002,0.));
#493 = VECTOR('',#494,1.);
#494 = DIRECTION('',(0.,1.));
#495 = ( GEOMETRIC_REPRESENTATION_CONTEXT(2) 
PARAMETRIC_REPRESENTATION_CONTEXT() REPRESENTATION_CONTEXT('2D SPACE',''
  ) );
#496 = PCURVE('',#497,#502);
#497 = PLANE('',#498);
#498 = AXIS2_PLACEMENT_3D('',#499,#500,#501);
#499 = CARTESIAN_POINT('',(33.193181993491,-0.5,13.41091604429));
#500 = DIRECTION('',(0.374606593416,0.,-0.927183854567));
#501 = DIRECTION('',(-0.927183854567,0.,-0.374606593416));
#502 = DEFINITIONAL_REPRESENTATION('',(#503),#507);
#503 = LINE('',#504,#505);
#504 = CARTESIAN_POINT('',(4.210128205388,0.));
#505 = VECTOR('',#506,1.);
#506 = DIRECTION('',(-0.,-1.));
#507 = ( GEOMETRIC_REPRESENTATION_CONTEXT(2) 
PARAMETRIC_REPRESENTATION_CONTEXT() REPRESENTATION_CONTEXT('2D SPACE',''
  ) );
#508 = ORIENTED_EDGE('',*,*,#509,.F.);
#509 = EDGE_CURVE('',#24,#482,#510,.T.);
#510 = SURFACE_CURVE('',#511,(#516,#523),.PCURVE_S1.);
#511 = CIRCLE('',#512,0.8);
#512 = AXIS2_PLACEMENT_3D('',#513,#514,#515);
#513 = CARTESIAN_POINT('',(28.989933821066,-10.5,12.575521343078));
#514 = DIRECTION('',(0.,-1.,0.));
#515 = DIRECTION('',(0.,-0.,-1.));
#516 = PCURVE('',#44,#517);
#517 = DEFINITIONAL_REPRESENTATION('',(#518),#522);
#518 = LINE('',#519,#520);
#519 = CARTESIAN_POINT('',(-5.121680576616,10.));
#520 = VECTOR('',#521,1.);
#521 = DIRECTION('',(1.,0.));
#522 = ( GEOMETRIC_REPRESENTATION_CONTEXT(2) 
PARAMETRIC_REPRESENTATION_CONTEXT() REPRESENTATION_CONTEXT('2D SPACE',''
  ) );
#523 = PCURVE('',#73,#524);
#524 = DEFINITIONAL_REPRESENTATION('',(#525),#533);
#525 = ( BOUNDED_CURVE() B_SPLINE_CURVE(2,(#526,#527,#528,#529,#530,#531
,#532),.UNSPECIFIED.,.T.,.F.) B_SPLINE_CURVE_WITH_KNOTS((1,2,2,2,2,1),(
    -2.094395102393,0.,2.094395102393,4.188790204786,6.28318530718,
8.377580409573),.UNSPECIFIED.) CURVE() GEOMETRIC_REPRESENTATION_ITEM() 
RATIONAL_B_SPLINE_CURVE((1.,0.5,1.,0.5,1.,0.5,1.)) REPRESENTATION_ITEM(
  '') );
#526 = CARTESIAN_POINT('',(-12.25632056286,28.989933821066));
#527 = CARTESIAN_POINT('',(-12.25632056286,30.375574467121));
#528 = CARTESIAN_POINT('',(-11.05632056286,29.682754144093));
#529 = CARTESIAN_POINT('',(-9.856320562861,28.989933821066));
#530 = CARTESIAN_POINT('',(-11.05632056286,28.297113498038));
#531 = CARTESIAN_POINT('',(-12.25632056286,27.604293175011));
#532 = CARTESIAN_POINT('',(-12.25632056286,28.989933821066));
#533 = ( GEOMETRIC_REPRESENTATION_CONTEXT(2) 
PARAMETRIC_REPRESENTATION_CONTEXT() REPRESENTATION_CONTEXT('2D SPACE',''
  ) );
#534 = ORIENTED_EDGE('',*,*,#21,.F.);
#535 = ADVANCED_FACE('',(#536),#132,.T.);
#536 = FACE_BOUND('',#537,.T.);
#537 = EDGE_LOOP('',(#538,#539,#540,#564,#592,#621,#650,#677,#703,#730,
    #754,#783));
#538 = ORIENTED_EDGE('',*,*,#453,.F.);
#539 = ORIENTED_EDGE('',*,*,#117,.F.);
#540 = ORIENTED_EDGE('',*,*,#541,.T.);
#541 = EDGE_CURVE('',#90,#542,#544,.T.);
#542 = VERTEX_POINT('',#543);
#543 = CARTESIAN_POINT('',(-29.28961909579,-0.5,11.833774259425));
#544 = SURFACE_CURVE('',#545,(#550,#557),.PCURVE_S1.);
#545 = CIRCLE('',#546,0.8);
#546 = AXIS2_PLACEMENT_3D('',#547,#548,#549);
#547 = CARTESIAN_POINT('',(-28.98993382106,-0.5,12.575521343078));
#548 = DIRECTION('',(-0.,1.,0.));
#549 = DIRECTION('',(0.,0.,-1.));
#550 = PCURVE('',#132,#551);
#551 = DEFINITIONAL_REPRESENTATION('',(#552),#556);
#552 = CIRCLE('',#553,0.8);
#553 = AXIS2_PLACEMENT_2D('',#554,#555);
#554 = CARTESIAN_POINT('',(-11.45632056286,-28.98993382106));
#555 = DIRECTION('',(-1.,0.));
#556 = ( GEOMETRIC_REPRESENTATION_CONTEXT(2) 
PARAMETRIC_REPRESENTATION_CONTEXT() REPRESENTATION_CONTEXT('2D SPACE',''
  ) );
#557 = PCURVE('',#105,#558);
#558 = DEFINITIONAL_REPRESENTATION('',(#559),#563);
#559 = LINE('',#560,#561);
#560 = CARTESIAN_POINT('',(5.121680576616,-0.));
#561 = VECTOR('',#562,1.);
#562 = DIRECTION('',(-1.,0.));
#563 = ( GEOMETRIC_REPRESENTATION_CONTEXT(2) 
PARAMETRIC_REPRESENTATION_CONTEXT() REPRESENTATION_CONTEXT('2D SPACE',''
  ) );
#564 = ORIENTED_EDGE('',*,*,#565,.T.);
#565 = EDGE_CURVE('',#542,#566,#568,.T.);
#566 = VERTEX_POINT('',#567);
#567 = CARTESIAN_POINT('',(-32.4429566928,-0.5,13.107805347528));
#568 = SURFACE_CURVE('',#569,(#573,#580),.PCURVE_S1.);
#569 = LINE('',#570,#571);
#570 = CARTESIAN_POINT('',(-28.55726272065,-0.5,11.53788307721));
#571 = VECTOR('',#572,1.);
#572 = DIRECTION('',(-0.927183854567,0.,0.374606593416));
#573 = PCURVE('',#132,#574);
#574 = DEFINITIONAL_REPRESENTATION('',(#575),#579);
#575 = LINE('',#576,#577);
#576 = CARTESIAN_POINT('',(-12.49395882872,-28.55726272065));
#577 = VECTOR('',#578,1.);
#578 = DIRECTION('',(0.374606593416,-0.927183854567));
#579 = ( GEOMETRIC_REPRESENTATION_CONTEXT(2) 
PARAMETRIC_REPRESENTATION_CONTEXT() REPRESENTATION_CONTEXT('2D SPACE',''
  ) );
#580 = PCURVE('',#581,#586);
#581 = PLANE('',#582);
#582 = AXIS2_PLACEMENT_3D('',#583,#584,#585);
#583 = CARTESIAN_POINT('',(-28.55726272065,-0.5,11.53788307721));
#584 = DIRECTION('',(-0.374606593416,-0.,-0.927183854567));
#585 = DIRECTION('',(-0.927183854567,0.,0.374606593416));
#586 = DEFINITIONAL_REPRESENTATION('',(#587),#591);
#587 = LINE('',#588,#589);
#588 = CARTESIAN_POINT('',(0.,0.));
#589 = VECTOR('',#590,1.);
#590 = DIRECTION('',(1.,0.));
#591 = ( GEOMETRIC_REPRESENTATION_CONTEXT(2) 
PARAMETRIC_REPRESENTATION_CONTEXT() REPRESENTATION_CONTEXT('2D SPACE',''
  ) );
#592 = ORIENTED_EDGE('',*,*,#593,.T.);
#593 = EDGE_CURVE('',#566,#594,#596,.T.);
#594 = VERTEX_POINT('',#595);
#595 = CARTESIAN_POINT('',(-32.87797476477,-0.5,14.166113629608));
#596 = SURFACE_CURVE('',#597,(#602,#609),.PCURVE_S1.);
#597 = CIRCLE('',#598,0.8);
#598 = AXIS2_PLACEMENT_3D('',#599,#600,#601);
#599 = CARTESIAN_POINT('',(-32.14327141807,-0.5,13.849552431181));
#600 = DIRECTION('',(0.,1.,0.));
#601 = DIRECTION('',(0.,0.,-1.));
#602 = PCURVE('',#132,#603);
#603 = DEFINITIONAL_REPRESENTATION('',(#604),#608);
#604 = CIRCLE('',#605,0.8);
#605 = AXIS2_PLACEMENT_2D('',#606,#607);
#606 = CARTESIAN_POINT('',(-10.18228947475,-32.14327141807));
#607 = DIRECTION('',(-1.,0.));
#608 = ( GEOMETRIC_REPRESENTATION_CONTEXT(2) 
PARAMETRIC_REPRESENTATION_CONTEXT() REPRESENTATION_CONTEXT('2D SPACE',''
  ) );
#609 = PCURVE('',#610,#615);
#610 = CYLINDRICAL_SURFACE('',#611,0.8);
#611 = AXIS2_PLACEMENT_3D('',#612,#613,#614);
#612 = CARTESIAN_POINT('',(-32.14327141807,-0.5,13.849552431181));
#613 = DIRECTION('',(0.,-1.,-0.));
#614 = DIRECTION('',(-0.374606593416,0.,-0.927183854567));
#615 = DEFINITIONAL_REPRESENTATION('',(#616),#620);
#616 = LINE('',#617,#618);
#617 = CARTESIAN_POINT('',(0.383972435439,-0.));
#618 = VECTOR('',#619,1.);
#619 = DIRECTION('',(-1.,0.));
#620 = ( GEOMETRIC_REPRESENTATION_CONTEXT(2) 
PARAMETRIC_REPRESENTATION_CONTEXT() REPRESENTATION_CONTEXT('2D SPACE',''
  ) );
#621 = ORIENTED_EDGE('',*,*,#622,.T.);
#622 = EDGE_CURVE('',#594,#623,#625,.T.);
#623 = VERTEX_POINT('',#624);
#624 = CARTESIAN_POINT('',(-12.,-0.5,33.728919342309));
#625 = SURFACE_CURVE('',#626,(#631,#638),.PCURVE_S1.);
#626 = CIRCLE('',#627,35.8);
#627 = AXIS2_PLACEMENT_3D('',#628,#629,#630);
#628 = CARTESIAN_POINT('',(3.552713678801E-15,-0.5,-1.7763568394E-15));
#629 = DIRECTION('',(-0.,1.,0.));
#630 = DIRECTION('',(-0.927183854567,-0.,0.374606593416));
#631 = PCURVE('',#132,#632);
#632 = DEFINITIONAL_REPRESENTATION('',(#633),#637);
#633 = CIRCLE('',#634,35.8);
#634 = AXIS2_PLACEMENT_2D('',#635,#636);
#635 = CARTESIAN_POINT('',(-24.03184190593,-1.473273803644E-15));
#636 = DIRECTION('',(0.374606593416,-0.927183854567));
#637 = ( GEOMETRIC_REPRESENTATION_CONTEXT(2) 
PARAMETRIC_REPRESENTATION_CONTEXT() REPRESENTATION_CONTEXT('2D SPACE',''
  ) );
#638 = PCURVE('',#639,#644);
#639 = CYLINDRICAL_SURFACE('',#640,35.8);
#640 = AXIS2_PLACEMENT_3D('',#641,#642,#643);
#641 = CARTESIAN_POINT('',(3.552713678801E-15,-0.5,-1.7763568394E-15));
#642 = DIRECTION('',(-0.,1.,0.));
#643 = DIRECTION('',(-0.927183854567,-0.,0.374606593416));
#644 = DEFINITIONAL_REPRESENTATION('',(#645),#649);
#645 = LINE('',#646,#647);
#646 = CARTESIAN_POINT('',(0.,0.));
#647 = VECTOR('',#648,1.);
#648 = DIRECTION('',(1.,0.));
#649 = ( GEOMETRIC_REPRESENTATION_CONTEXT(2) 
PARAMETRIC_REPRESENTATION_CONTEXT() REPRESENTATION_CONTEXT('2D SPACE',''
  ) );
#650 = ORIENTED_EDGE('',*,*,#651,.T.);
#651 = EDGE_CURVE('',#623,#652,#654,.T.);
#652 = VERTEX_POINT('',#653);
#653 = CARTESIAN_POINT('',(-12.,-0.5,32.8));
#654 = SURFACE_CURVE('',#655,(#659,#665),.PCURVE_S1.);
#655 = LINE('',#656,#657);
#656 = CARTESIAN_POINT('',(-12.,-0.5,28.41592095297));
#657 = VECTOR('',#658,1.);
#658 = DIRECTION('',(-0.,0.,-1.));
#659 = PCURVE('',#132,#660);
#660 = DEFINITIONAL_REPRESENTATION('',(#661),#664);
#661 = B_SPLINE_CURVE_WITH_KNOTS('',1,(#662,#663),.UNSPECIFIED.,.F.,.F.,
  (2,2),(-7.38407904703,-4.38407904703),.PIECEWISE_BEZIER_KNOTS.);
#662 = CARTESIAN_POINT('',(11.768158094061,-12.));
#663 = CARTESIAN_POINT('',(8.768158094061,-12.));
#664 = ( GEOMETRIC_REPRESENTATION_CONTEXT(2) 
PARAMETRIC_REPRESENTATION_CONTEXT() REPRESENTATION_CONTEXT('2D SPACE',''
  ) );
#665 = PCURVE('',#666,#671);
#666 = PLANE('',#667);
#667 = AXIS2_PLACEMENT_3D('',#668,#669,#670);
#668 = CARTESIAN_POINT('',(-12.,-8.5,32.8));
#669 = DIRECTION('',(1.,0.,-0.));
#670 = DIRECTION('',(0.,0.,1.));
#671 = DEFINITIONAL_REPRESENTATION('',(#672),#676);
#672 = LINE('',#673,#674);
#673 = CARTESIAN_POINT('',(-4.38407904703,-8.));
#674 = VECTOR('',#675,1.);
#675 = DIRECTION('',(-1.,-0.));
#676 = ( GEOMETRIC_REPRESENTATION_CONTEXT(2) 
PARAMETRIC_REPRESENTATION_CONTEXT() REPRESENTATION_CONTEXT('2D SPACE',''
  ) );
#677 = ORIENTED_EDGE('',*,*,#678,.T.);
#678 = EDGE_CURVE('',#652,#679,#681,.T.);
#679 = VERTEX_POINT('',#680);
#680 = CARTESIAN_POINT('',(12.,-0.5,32.8));
#681 = SURFACE_CURVE('',#682,(#686,#692),.PCURVE_S1.);
#682 = LINE('',#683,#684);
#683 = CARTESIAN_POINT('',(-6.,-0.5,32.8));
#684 = VECTOR('',#685,1.);
#685 = DIRECTION('',(1.,0.,0.));
#686 = PCURVE('',#132,#687);
#687 = DEFINITIONAL_REPRESENTATION('',(#688),#691);
#688 = B_SPLINE_CURVE_WITH_KNOTS('',1,(#689,#690),.UNSPECIFIED.,.F.,.F.,
  (2,2),(-6.,18.),.PIECEWISE_BEZIER_KNOTS.);
#689 = CARTESIAN_POINT('',(8.768158094061,-12.));
#690 = CARTESIAN_POINT('',(8.768158094061,12.));
#691 = ( GEOMETRIC_REPRESENTATION_CONTEXT(2) 
PARAMETRIC_REPRESENTATION_CONTEXT() REPRESENTATION_CONTEXT('2D SPACE',''
  ) );
#692 = PCURVE('',#693,#698);
#693 = PLANE('',#694);
#694 = AXIS2_PLACEMENT_3D('',#695,#696,#697);
#695 = CARTESIAN_POINT('',(-12.,-8.5,32.8));
#696 = DIRECTION('',(0.,0.,1.));
#697 = DIRECTION('',(1.,0.,-0.));
#698 = DEFINITIONAL_REPRESENTATION('',(#699),#702);
#699 = B_SPLINE_CURVE_WITH_KNOTS('',1,(#700,#701),.UNSPECIFIED.,.F.,.F.,
  (2,2),(-6.,18.),.PIECEWISE_BEZIER_KNOTS.);
#700 = CARTESIAN_POINT('',(0.,8.));
#701 = CARTESIAN_POINT('',(24.,8.));
#702 = ( GEOMETRIC_REPRESENTATION_CONTEXT(2) 
PARAMETRIC_REPRESENTATION_CONTEXT() REPRESENTATION_CONTEXT('2D SPACE',''
  ) );
#703 = ORIENTED_EDGE('',*,*,#704,.F.);
#704 = EDGE_CURVE('',#705,#679,#707,.T.);
#705 = VERTEX_POINT('',#706);
#706 = CARTESIAN_POINT('',(12.,-0.5,33.728919342309));
#707 = SURFACE_CURVE('',#708,(#712,#718),.PCURVE_S1.);
#708 = LINE('',#709,#710);
#709 = CARTESIAN_POINT('',(12.,-0.5,28.41592095297));
#710 = VECTOR('',#711,1.);
#711 = DIRECTION('',(-0.,0.,-1.));
#712 = PCURVE('',#132,#713);
#713 = DEFINITIONAL_REPRESENTATION('',(#714),#717);
#714 = B_SPLINE_CURVE_WITH_KNOTS('',1,(#715,#716),.UNSPECIFIED.,.F.,.F.,
  (2,2),(-7.38407904703,-4.38407904703),.PIECEWISE_BEZIER_KNOTS.);
#715 = CARTESIAN_POINT('',(11.768158094061,12.));
#716 = CARTESIAN_POINT('',(8.768158094061,12.));
#717 = ( GEOMETRIC_REPRESENTATION_CONTEXT(2) 
PARAMETRIC_REPRESENTATION_CONTEXT() REPRESENTATION_CONTEXT('2D SPACE',''
  ) );
#718 = PCURVE('',#719,#724);
#719 = PLANE('',#720);
#720 = AXIS2_PLACEMENT_3D('',#721,#722,#723);
#721 = CARTESIAN_POINT('',(12.,-8.5,32.8));
#722 = DIRECTION('',(1.,0.,-0.));
#723 = DIRECTION('',(0.,0.,1.));
#724 = DEFINITIONAL_REPRESENTATION('',(#725),#729);
#725 = LINE('',#726,#727);
#726 = CARTESIAN_POINT('',(-4.38407904703,-8.));
#727 = VECTOR('',#728,1.);
#728 = DIRECTION('',(-1.,-0.));
#729 = ( GEOMETRIC_REPRESENTATION_CONTEXT(2) 
PARAMETRIC_REPRESENTATION_CONTEXT() REPRESENTATION_CONTEXT('2D SPACE',''
  ) );
#730 = ORIENTED_EDGE('',*,*,#731,.T.);
#731 = EDGE_CURVE('',#705,#732,#734,.T.);
#732 = VERTEX_POINT('',#733);
#733 = CARTESIAN_POINT('',(32.877974764773,-0.5,14.166113629608));
#734 = SURFACE_CURVE('',#735,(#740,#747),.PCURVE_S1.);
#735 = CIRCLE('',#736,35.8);
#736 = AXIS2_PLACEMENT_3D('',#737,#738,#739);
#737 = CARTESIAN_POINT('',(3.552713678801E-15,-0.5,-1.7763568394E-15));
#738 = DIRECTION('',(-0.,1.,0.));
#739 = DIRECTION('',(-0.927183854567,-0.,0.374606593416));
#740 = PCURVE('',#132,#741);
#741 = DEFINITIONAL_REPRESENTATION('',(#742),#746);
#742 = CIRCLE('',#743,35.8);
#743 = AXIS2_PLACEMENT_2D('',#744,#745);
#744 = CARTESIAN_POINT('',(-24.03184190593,-1.473273803644E-15));
#745 = DIRECTION('',(0.374606593416,-0.927183854567));
#746 = ( GEOMETRIC_REPRESENTATION_CONTEXT(2) 
PARAMETRIC_REPRESENTATION_CONTEXT() REPRESENTATION_CONTEXT('2D SPACE',''
  ) );
#747 = PCURVE('',#639,#748);
#748 = DEFINITIONAL_REPRESENTATION('',(#749),#753);
#749 = LINE('',#750,#751);
#750 = CARTESIAN_POINT('',(0.,0.));
#751 = VECTOR('',#752,1.);
#752 = DIRECTION('',(1.,0.));
#753 = ( GEOMETRIC_REPRESENTATION_CONTEXT(2) 
PARAMETRIC_REPRESENTATION_CONTEXT() REPRESENTATION_CONTEXT('2D SPACE',''
  ) );
#754 = ORIENTED_EDGE('',*,*,#755,.T.);
#755 = EDGE_CURVE('',#732,#756,#758,.T.);
#756 = VERTEX_POINT('',#757);
#757 = CARTESIAN_POINT('',(32.442956692806,-0.5,13.107805347528));
#758 = SURFACE_CURVE('',#759,(#764,#771),.PCURVE_S1.);
#759 = CIRCLE('',#760,0.8);
#760 = AXIS2_PLACEMENT_3D('',#761,#762,#763);
#761 = CARTESIAN_POINT('',(32.143271418074,-0.5,13.849552431181));
#762 = DIRECTION('',(0.,1.,0.));
#763 = DIRECTION('',(0.,0.,-1.));
#764 = PCURVE('',#132,#765);
#765 = DEFINITIONAL_REPRESENTATION('',(#766),#770);
#766 = CIRCLE('',#767,0.8);
#767 = AXIS2_PLACEMENT_2D('',#768,#769);
#768 = CARTESIAN_POINT('',(-10.18228947475,32.143271418074));
#769 = DIRECTION('',(-1.,0.));
#770 = ( GEOMETRIC_REPRESENTATION_CONTEXT(2) 
PARAMETRIC_REPRESENTATION_CONTEXT() REPRESENTATION_CONTEXT('2D SPACE',''
  ) );
#771 = PCURVE('',#772,#777);
#772 = CYLINDRICAL_SURFACE('',#773,0.8);
#773 = AXIS2_PLACEMENT_3D('',#774,#775,#776);
#774 = CARTESIAN_POINT('',(32.143271418074,-0.5,13.849552431181));
#775 = DIRECTION('',(0.,-1.,-0.));
#776 = DIRECTION('',(0.918379183374,0.,0.395701498034));
#777 = DEFINITIONAL_REPRESENTATION('',(#778),#782);
#778 = LINE('',#779,#780);
#779 = CARTESIAN_POINT('',(4.305557411339,-0.));
#780 = VECTOR('',#781,1.);
#781 = DIRECTION('',(-1.,0.));
#782 = ( GEOMETRIC_REPRESENTATION_CONTEXT(2) 
PARAMETRIC_REPRESENTATION_CONTEXT() REPRESENTATION_CONTEXT('2D SPACE',''
  ) );
#783 = ORIENTED_EDGE('',*,*,#784,.T.);
#784 = EDGE_CURVE('',#756,#454,#785,.T.);
#785 = SURFACE_CURVE('',#786,(#790,#797),.PCURVE_S1.);
#786 = LINE('',#787,#788);
#787 = CARTESIAN_POINT('',(33.193181993491,-0.5,13.41091604429));
#788 = VECTOR('',#789,1.);
#789 = DIRECTION('',(-0.927183854567,0.,-0.374606593416));
#790 = PCURVE('',#132,#791);
#791 = DEFINITIONAL_REPRESENTATION('',(#792),#796);
#792 = LINE('',#793,#794);
#793 = CARTESIAN_POINT('',(-10.62092586164,33.193181993491));
#794 = VECTOR('',#795,1.);
#795 = DIRECTION('',(-0.374606593416,-0.927183854567));
#796 = ( GEOMETRIC_REPRESENTATION_CONTEXT(2) 
PARAMETRIC_REPRESENTATION_CONTEXT() REPRESENTATION_CONTEXT('2D SPACE',''
  ) );
#797 = PCURVE('',#497,#798);
#798 = DEFINITIONAL_REPRESENTATION('',(#799),#803);
#799 = LINE('',#800,#801);
#800 = CARTESIAN_POINT('',(0.,0.));
#801 = VECTOR('',#802,1.);
#802 = DIRECTION('',(1.,0.));
#803 = ( GEOMETRIC_REPRESENTATION_CONTEXT(2) 
PARAMETRIC_REPRESENTATION_CONTEXT() REPRESENTATION_CONTEXT('2D SPACE',''
  ) );
#804 = ADVANCED_FACE('',(#805),#73,.F.);
#805 = FACE_BOUND('',#806,.F.);
#806 = EDGE_LOOP('',(#807,#808,#832,#855,#879,#903,#927,#948));
#807 = ORIENTED_EDGE('',*,*,#56,.T.);
#808 = ORIENTED_EDGE('',*,*,#809,.T.);
#809 = EDGE_CURVE('',#57,#810,#812,.T.);
#810 = VERTEX_POINT('',#811);
#811 = CARTESIAN_POINT('',(-29.28961909579,-10.5,11.833774259425));
#812 = SURFACE_CURVE('',#813,(#818,#825),.PCURVE_S1.);
#813 = CIRCLE('',#814,0.8);
#814 = AXIS2_PLACEMENT_3D('',#815,#816,#817);
#815 = CARTESIAN_POINT('',(-28.98993382106,-10.5,12.575521343078));
#816 = DIRECTION('',(-0.,1.,0.));
#817 = DIRECTION('',(0.,0.,-1.));
#818 = PCURVE('',#73,#819);
#819 = DEFINITIONAL_REPRESENTATION('',(#820),#824);
#820 = CIRCLE('',#821,0.8);
#821 = AXIS2_PLACEMENT_2D('',#822,#823);
#822 = CARTESIAN_POINT('',(-11.45632056286,-28.98993382106));
#823 = DIRECTION('',(-1.,0.));
#824 = ( GEOMETRIC_REPRESENTATION_CONTEXT(2) 
PARAMETRIC_REPRESENTATION_CONTEXT() REPRESENTATION_CONTEXT('2D SPACE',''
  ) );
#825 = PCURVE('',#105,#826);
#826 = DEFINITIONAL_REPRESENTATION('',(#827),#831);
#827 = LINE('',#828,#829);
#828 = CARTESIAN_POINT('',(5.121680576616,10.));
#829 = VECTOR('',#830,1.);
#830 = DIRECTION('',(-1.,0.));
#831 = ( GEOMETRIC_REPRESENTATION_CONTEXT(2) 
PARAMETRIC_REPRESENTATION_CONTEXT() REPRESENTATION_CONTEXT('2D SPACE',''
  ) );
#832 = ORIENTED_EDGE('',*,*,#833,.T.);
#833 = EDGE_CURVE('',#810,#834,#836,.T.);
#834 = VERTEX_POINT('',#835);
#835 = CARTESIAN_POINT('',(-32.4429566928,-10.5,13.107805347528));
#836 = SURFACE_CURVE('',#837,(#841,#848),.PCURVE_S1.);
#837 = LINE('',#838,#839);
#838 = CARTESIAN_POINT('',(-28.55726272065,-10.5,11.53788307721));
#839 = VECTOR('',#840,1.);
#840 = DIRECTION('',(-0.927183854567,0.,0.374606593416));
#841 = PCURVE('',#73,#842);
#842 = DEFINITIONAL_REPRESENTATION('',(#843),#847);
#843 = LINE('',#844,#845);
#844 = CARTESIAN_POINT('',(-12.49395882872,-28.55726272065));
#845 = VECTOR('',#846,1.);
#846 = DIRECTION('',(0.374606593416,-0.927183854567));
#847 = ( GEOMETRIC_REPRESENTATION_CONTEXT(2) 
PARAMETRIC_REPRESENTATION_CONTEXT() REPRESENTATION_CONTEXT('2D SPACE',''
  ) );
#848 = PCURVE('',#581,#849);
#849 = DEFINITIONAL_REPRESENTATION('',(#850),#854);
#850 = LINE('',#851,#852);
#851 = CARTESIAN_POINT('',(0.,-10.));
#852 = VECTOR('',#853,1.);
#853 = DIRECTION('',(1.,0.));
#854 = ( GEOMETRIC_REPRESENTATION_CONTEXT(2) 
PARAMETRIC_REPRESENTATION_CONTEXT() REPRESENTATION_CONTEXT('2D SPACE',''
  ) );
#855 = ORIENTED_EDGE('',*,*,#856,.T.);
#856 = EDGE_CURVE('',#834,#857,#859,.T.);
#857 = VERTEX_POINT('',#858);
#858 = CARTESIAN_POINT('',(-32.87797476477,-10.5,14.166113629608));
#859 = SURFACE_CURVE('',#860,(#865,#872),.PCURVE_S1.);
#860 = CIRCLE('',#861,0.8);
#861 = AXIS2_PLACEMENT_3D('',#862,#863,#864);
#862 = CARTESIAN_POINT('',(-32.14327141807,-10.5,13.849552431181));
#863 = DIRECTION('',(0.,1.,0.));
#864 = DIRECTION('',(0.,0.,-1.));
#865 = PCURVE('',#73,#866);
#866 = DEFINITIONAL_REPRESENTATION('',(#867),#871);
#867 = CIRCLE('',#868,0.8);
#868 = AXIS2_PLACEMENT_2D('',#869,#870);
#869 = CARTESIAN_POINT('',(-10.18228947475,-32.14327141807));
#870 = DIRECTION('',(-1.,0.));
#871 = ( GEOMETRIC_REPRESENTATION_CONTEXT(2) 
PARAMETRIC_REPRESENTATION_CONTEXT() REPRESENTATION_CONTEXT('2D SPACE',''
  ) );
#872 = PCURVE('',#610,#873);
#873 = DEFINITIONAL_REPRESENTATION('',(#874),#878);
#874 = LINE('',#875,#876);
#875 = CARTESIAN_POINT('',(0.383972435439,10.));
#876 = VECTOR('',#877,1.);
#877 = DIRECTION('',(-1.,0.));
#878 = ( GEOMETRIC_REPRESENTATION_CONTEXT(2) 
PARAMETRIC_REPRESENTATION_CONTEXT() REPRESENTATION_CONTEXT('2D SPACE',''
  ) );
#879 = ORIENTED_EDGE('',*,*,#880,.T.);
#880 = EDGE_CURVE('',#857,#881,#883,.T.);
#881 = VERTEX_POINT('',#882);
#882 = CARTESIAN_POINT('',(32.877974764773,-10.5,14.166113629608));
#883 = SURFACE_CURVE('',#884,(#889,#896),.PCURVE_S1.);
#884 = CIRCLE('',#885,35.8);
#885 = AXIS2_PLACEMENT_3D('',#886,#887,#888);
#886 = CARTESIAN_POINT('',(3.552713678801E-15,-10.5,-1.7763568394E-15));
#887 = DIRECTION('',(-0.,1.,0.));
#888 = DIRECTION('',(-0.927183854567,-0.,0.374606593416));
#889 = PCURVE('',#73,#890);
#890 = DEFINITIONAL_REPRESENTATION('',(#891),#895);
#891 = CIRCLE('',#892,35.8);
#892 = AXIS2_PLACEMENT_2D('',#893,#894);
#893 = CARTESIAN_POINT('',(-24.03184190593,-1.473273803644E-15));
#894 = DIRECTION('',(0.374606593416,-0.927183854567));
#895 = ( GEOMETRIC_REPRESENTATION_CONTEXT(2) 
PARAMETRIC_REPRESENTATION_CONTEXT() REPRESENTATION_CONTEXT('2D SPACE',''
  ) );
#896 = PCURVE('',#639,#897);
#897 = DEFINITIONAL_REPRESENTATION('',(#898),#902);
#898 = LINE('',#899,#900);
#899 = CARTESIAN_POINT('',(0.,-10.));
#900 = VECTOR('',#901,1.);
#901 = DIRECTION('',(1.,0.));
#902 = ( GEOMETRIC_REPRESENTATION_CONTEXT(2) 
PARAMETRIC_REPRESENTATION_CONTEXT() REPRESENTATION_CONTEXT('2D SPACE',''
  ) );
#903 = ORIENTED_EDGE('',*,*,#904,.T.);
#904 = EDGE_CURVE('',#881,#905,#907,.T.);
#905 = VERTEX_POINT('',#906);
#906 = CARTESIAN_POINT('',(32.442956692806,-10.5,13.107805347528));
#907 = SURFACE_CURVE('',#908,(#913,#920),.PCURVE_S1.);
#908 = CIRCLE('',#909,0.8);
#909 = AXIS2_PLACEMENT_3D('',#910,#911,#912);
#910 = CARTESIAN_POINT('',(32.143271418074,-10.5,13.849552431181));
#911 = DIRECTION('',(0.,1.,0.));
#912 = DIRECTION('',(0.,0.,-1.));
#913 = PCURVE('',#73,#914);
#914 = DEFINITIONAL_REPRESENTATION('',(#915),#919);
#915 = CIRCLE('',#916,0.8);
#916 = AXIS2_PLACEMENT_2D('',#917,#918);
#917 = CARTESIAN_POINT('',(-10.18228947475,32.143271418074));
#918 = DIRECTION('',(-1.,0.));
#919 = ( GEOMETRIC_REPRESENTATION_CONTEXT(2) 
PARAMETRIC_REPRESENTATION_CONTEXT() REPRESENTATION_CONTEXT('2D SPACE',''
  ) );
#920 = PCURVE('',#772,#921);
#921 = DEFINITIONAL_REPRESENTATION('',(#922),#926);
#922 = LINE('',#923,#924);
#923 = CARTESIAN_POINT('',(4.305557411339,10.));
#924 = VECTOR('',#925,1.);
#925 = DIRECTION('',(-1.,0.));
#926 = ( GEOMETRIC_REPRESENTATION_CONTEXT(2) 
PARAMETRIC_REPRESENTATION_CONTEXT() REPRESENTATION_CONTEXT('2D SPACE',''
  ) );
#927 = ORIENTED_EDGE('',*,*,#928,.T.);
#928 = EDGE_CURVE('',#905,#482,#929,.T.);
#929 = SURFACE_CURVE('',#930,(#934,#941),.PCURVE_S1.);
#930 = LINE('',#931,#932);
#931 = CARTESIAN_POINT('',(33.193181993491,-10.5,13.41091604429));
#932 = VECTOR('',#933,1.);
#933 = DIRECTION('',(-0.927183854567,0.,-0.374606593416));
#934 = PCURVE('',#73,#935);
#935 = DEFINITIONAL_REPRESENTATION('',(#936),#940);
#936 = LINE('',#937,#938);
#937 = CARTESIAN_POINT('',(-10.62092586164,33.193181993491));
#938 = VECTOR('',#939,1.);
#939 = DIRECTION('',(-0.374606593416,-0.927183854567));
#940 = ( GEOMETRIC_REPRESENTATION_CONTEXT(2) 
PARAMETRIC_REPRESENTATION_CONTEXT() REPRESENTATION_CONTEXT('2D SPACE',''
  ) );
#941 = PCURVE('',#497,#942);
#942 = DEFINITIONAL_REPRESENTATION('',(#943),#947);
#943 = LINE('',#944,#945);
#944 = CARTESIAN_POINT('',(-0.,-10.));
#945 = VECTOR('',#946,1.);
#946 = DIRECTION('',(1.,0.));
#947 = ( GEOMETRIC_REPRESENTATION_CONTEXT(2) 
PARAMETRIC_REPRESENTATION_CONTEXT() REPRESENTATION_CONTEXT('2D SPACE',''
  ) );
#948 = ORIENTED_EDGE('',*,*,#509,.F.);
#949 = ADVANCED_FACE('',(#950),#105,.T.);
#950 = FACE_BOUND('',#951,.F.);
#951 = EDGE_LOOP('',(#952,#953,#974,#975));
#952 = ORIENTED_EDGE('',*,*,#541,.T.);
#953 = ORIENTED_EDGE('',*,*,#954,.T.);
#954 = EDGE_CURVE('',#542,#810,#955,.T.);
#955 = SURFACE_CURVE('',#956,(#960,#967),.PCURVE_S1.);
#956 = LINE('',#957,#958);
#957 = CARTESIAN_POINT('',(-29.28961909579,-0.5,11.833774259425));
#958 = VECTOR('',#959,1.);
#959 = DIRECTION('',(0.,-1.,0.));
#960 = PCURVE('',#105,#961);
#961 = DEFINITIONAL_REPRESENTATION('',(#962),#966);
#962 = LINE('',#963,#964);
#963 = CARTESIAN_POINT('',(-1.545477166002,0.));
#964 = VECTOR('',#965,1.);
#965 = DIRECTION('',(-0.,1.));
#966 = ( GEOMETRIC_REPRESENTATION_CONTEXT(2) 
PARAMETRIC_REPRESENTATION_CONTEXT() REPRESENTATION_CONTEXT('2D SPACE',''
  ) );
#967 = PCURVE('',#581,#968);
#968 = DEFINITIONAL_REPRESENTATION('',(#969),#973);
#969 = LINE('',#970,#971);
#970 = CARTESIAN_POINT('',(0.789871794612,0.));
#971 = VECTOR('',#972,1.);
#972 = DIRECTION('',(0.,-1.));
#973 = ( GEOMETRIC_REPRESENTATION_CONTEXT(2) 
PARAMETRIC_REPRESENTATION_CONTEXT() REPRESENTATION_CONTEXT('2D SPACE',''
  ) );
#974 = ORIENTED_EDGE('',*,*,#809,.F.);
#975 = ORIENTED_EDGE('',*,*,#89,.F.);
#976 = ADVANCED_FACE('',(#977),#244,.F.);
#977 = FACE_BOUND('',#978,.F.);
#978 = EDGE_LOOP('',(#979,#1008,#1029,#1030));
#979 = ORIENTED_EDGE('',*,*,#980,.F.);
#980 = EDGE_CURVE('',#981,#981,#983,.T.);
#981 = VERTEX_POINT('',#982);
#982 = CARTESIAN_POINT('',(28.941273890185,-4.5,18.672243186434));
#983 = SURFACE_CURVE('',#984,(#989,#996),.PCURVE_S1.);
#984 = CIRCLE('',#985,1.7);
#985 = AXIS2_PLACEMENT_3D('',#986,#987,#988);
#986 = CARTESIAN_POINT('',(29.791273890185,-4.5,17.2));
#987 = DIRECTION('',(0.866025403784,0.,0.5));
#988 = DIRECTION('',(-0.5,0.,0.866025403784));
#989 = PCURVE('',#244,#990);
#990 = DEFINITIONAL_REPRESENTATION('',(#991),#995);
#991 = LINE('',#992,#993);
#992 = CARTESIAN_POINT('',(0.,9.4));
#993 = VECTOR('',#994,1.);
#994 = DIRECTION('',(1.,0.));
#995 = ( GEOMETRIC_REPRESENTATION_CONTEXT(2) 
PARAMETRIC_REPRESENTATION_CONTEXT() REPRESENTATION_CONTEXT('2D SPACE',''
  ) );
#996 = PCURVE('',#997,#1002);
#997 = PLANE('',#998);
#998 = AXIS2_PLACEMENT_3D('',#999,#1000,#1001);
#999 = CARTESIAN_POINT('',(29.791273890185,-4.5,17.2));
#1000 = DIRECTION('',(0.866025403784,0.,0.5));
#1001 = DIRECTION('',(-0.5,0.,0.866025403784));
#1002 = DEFINITIONAL_REPRESENTATION('',(#1003),#1007);
#1003 = CIRCLE('',#1004,1.7);
#1004 = AXIS2_PLACEMENT_2D('',#1005,#1006);
#1005 = CARTESIAN_POINT('',(0.,0.));
#1006 = DIRECTION('',(1.,0.));
#1007 = ( GEOMETRIC_REPRESENTATION_CONTEXT(2) 
PARAMETRIC_REPRESENTATION_CONTEXT() REPRESENTATION_CONTEXT('2D SPACE',''
  ) );
#1008 = ORIENTED_EDGE('',*,*,#1009,.F.);
#1009 = EDGE_CURVE('',#147,#981,#1010,.T.);
#1010 = SEAM_CURVE('',#1011,(#1015,#1022),.PCURVE_S1.);
#1011 = LINE('',#1012,#1013);
#1012 = CARTESIAN_POINT('',(20.800635094611,-4.5,13.972243186434));
#1013 = VECTOR('',#1014,1.);
#1014 = DIRECTION('',(0.866025403784,0.,0.5));
#1015 = PCURVE('',#244,#1016);
#1016 = DEFINITIONAL_REPRESENTATION('',(#1017),#1021);
#1017 = LINE('',#1018,#1019);
#1018 = CARTESIAN_POINT('',(6.28318530718,-0.));
#1019 = VECTOR('',#1020,1.);
#1020 = DIRECTION('',(0.,1.));
#1021 = ( GEOMETRIC_REPRESENTATION_CONTEXT(2) 
PARAMETRIC_REPRESENTATION_CONTEXT() REPRESENTATION_CONTEXT('2D SPACE',''
  ) );
#1022 = PCURVE('',#244,#1023);
#1023 = DEFINITIONAL_REPRESENTATION('',(#1024),#1028);
#1024 = LINE('',#1025,#1026);
#1025 = CARTESIAN_POINT('',(0.,-0.));
#1026 = VECTOR('',#1027,1.);
#1027 = DIRECTION('',(0.,1.));
#1028 = ( GEOMETRIC_REPRESENTATION_CONTEXT(2) 
PARAMETRIC_REPRESENTATION_CONTEXT() REPRESENTATION_CONTEXT('2D SPACE',''
  ) );
#1029 = ORIENTED_EDGE('',*,*,#146,.T.);
#1030 = ORIENTED_EDGE('',*,*,#1009,.T.);
#1031 = ADVANCED_FACE('',(#1032),#397,.F.);
#1032 = FACE_BOUND('',#1033,.F.);
#1033 = EDGE_LOOP('',(#1034,#1063,#1084,#1085));
#1034 = ORIENTED_EDGE('',*,*,#1035,.F.);
#1035 = EDGE_CURVE('',#1036,#1036,#1038,.T.);
#1036 = VERTEX_POINT('',#1037);
#1037 = CARTESIAN_POINT('',(-30.64127389018,-4.5,15.727756813566));
#1038 = SURFACE_CURVE('',#1039,(#1044,#1051),.PCURVE_S1.);
#1039 = CIRCLE('',#1040,1.7);
#1040 = AXIS2_PLACEMENT_3D('',#1041,#1042,#1043);
#1041 = CARTESIAN_POINT('',(-29.79127389018,-4.5,17.2));
#1042 = DIRECTION('',(-0.866025403784,0.,0.5));
#1043 = DIRECTION('',(-0.5,0.,-0.866025403784));
#1044 = PCURVE('',#397,#1045);
#1045 = DEFINITIONAL_REPRESENTATION('',(#1046),#1050);
#1046 = LINE('',#1047,#1048);
#1047 = CARTESIAN_POINT('',(0.,9.4));
#1048 = VECTOR('',#1049,1.);
#1049 = DIRECTION('',(1.,0.));
#1050 = ( GEOMETRIC_REPRESENTATION_CONTEXT(2) 
PARAMETRIC_REPRESENTATION_CONTEXT() REPRESENTATION_CONTEXT('2D SPACE',''
  ) );
#1051 = PCURVE('',#1052,#1057);
#1052 = PLANE('',#1053);
#1053 = AXIS2_PLACEMENT_3D('',#1054,#1055,#1056);
#1054 = CARTESIAN_POINT('',(-29.79127389018,-4.5,17.2));
#1055 = DIRECTION('',(-0.866025403784,0.,0.5));
#1056 = DIRECTION('',(-0.5,0.,-0.866025403784));
#1057 = DEFINITIONAL_REPRESENTATION('',(#1058),#1062);
#1058 = CIRCLE('',#1059,1.7);
#1059 = AXIS2_PLACEMENT_2D('',#1060,#1061);
#1060 = CARTESIAN_POINT('',(0.,0.));
#1061 = DIRECTION('',(1.,0.));
#1062 = ( GEOMETRIC_REPRESENTATION_CONTEXT(2) 
PARAMETRIC_REPRESENTATION_CONTEXT() REPRESENTATION_CONTEXT('2D SPACE',''
  ) );
#1063 = ORIENTED_EDGE('',*,*,#1064,.F.);
#1064 = EDGE_CURVE('',#300,#1036,#1065,.T.);
#1065 = SEAM_CURVE('',#1066,(#1070,#1077),.PCURVE_S1.);
#1066 = LINE('',#1067,#1068);
#1067 = CARTESIAN_POINT('',(-22.50063509461,-4.5,11.027756813566));
#1068 = VECTOR('',#1069,1.);
#1069 = DIRECTION('',(-0.866025403784,0.,0.5));
#1070 = PCURVE('',#397,#1071);
#1071 = DEFINITIONAL_REPRESENTATION('',(#1072),#1076);
#1072 = LINE('',#1073,#1074);
#1073 = CARTESIAN_POINT('',(6.28318530718,-0.));
#1074 = VECTOR('',#1075,1.);
#1075 = DIRECTION('',(0.,1.));
#1076 = ( GEOMETRIC_REPRESENTATION_CONTEXT(2) 
PARAMETRIC_REPRESENTATION_CONTEXT() REPRESENTATION_CONTEXT('2D SPACE',''
  ) );
#1077 = PCURVE('',#397,#1078);
#1078 = DEFINITIONAL_REPRESENTATION('',(#1079),#1083);
#1079 = LINE('',#1080,#1081);
#1080 = CARTESIAN_POINT('',(0.,-0.));
#1081 = VECTOR('',#1082,1.);
#1082 = DIRECTION('',(0.,1.));
#1083 = ( GEOMETRIC_REPRESENTATION_CONTEXT(2) 
PARAMETRIC_REPRESENTATION_CONTEXT() REPRESENTATION_CONTEXT('2D SPACE',''
  ) );
#1084 = ORIENTED_EDGE('',*,*,#299,.T.);
#1085 = ORIENTED_EDGE('',*,*,#1064,.T.);
#1086 = ADVANCED_FACE('',(#1087),#497,.T.);
#1087 = FACE_BOUND('',#1088,.T.);
#1088 = EDGE_LOOP('',(#1089,#1090,#1111,#1112));
#1089 = ORIENTED_EDGE('',*,*,#784,.F.);
#1090 = ORIENTED_EDGE('',*,*,#1091,.T.);
#1091 = EDGE_CURVE('',#756,#905,#1092,.T.);
#1092 = SURFACE_CURVE('',#1093,(#1097,#1104),.PCURVE_S1.);
#1093 = LINE('',#1094,#1095);
#1094 = CARTESIAN_POINT('',(32.442956692806,-0.5,13.107805347528));
#1095 = VECTOR('',#1096,1.);
#1096 = DIRECTION('',(0.,-1.,-0.));
#1097 = PCURVE('',#497,#1098);
#1098 = DEFINITIONAL_REPRESENTATION('',(#1099),#1103);
#1099 = LINE('',#1100,#1101);
#1100 = CARTESIAN_POINT('',(0.809144051624,0.));
#1101 = VECTOR('',#1102,1.);
#1102 = DIRECTION('',(0.,-1.));
#1103 = ( GEOMETRIC_REPRESENTATION_CONTEXT(2) 
PARAMETRIC_REPRESENTATION_CONTEXT() REPRESENTATION_CONTEXT('2D SPACE',''
  ) );
#1104 = PCURVE('',#772,#1105);
#1105 = DEFINITIONAL_REPRESENTATION('',(#1106),#1110);
#1106 = LINE('',#1107,#1108);
#1107 = CARTESIAN_POINT('',(-1.593655460402,0.));
#1108 = VECTOR('',#1109,1.);
#1109 = DIRECTION('',(-0.,1.));
#1110 = ( GEOMETRIC_REPRESENTATION_CONTEXT(2) 
PARAMETRIC_REPRESENTATION_CONTEXT() REPRESENTATION_CONTEXT('2D SPACE',''
  ) );
#1111 = ORIENTED_EDGE('',*,*,#928,.T.);
#1112 = ORIENTED_EDGE('',*,*,#481,.F.);
#1113 = ADVANCED_FACE('',(#1114),#581,.T.);
#1114 = FACE_BOUND('',#1115,.T.);
#1115 = EDGE_LOOP('',(#1116,#1117,#1118,#1119));
#1116 = ORIENTED_EDGE('',*,*,#565,.F.);
#1117 = ORIENTED_EDGE('',*,*,#954,.T.);
#1118 = ORIENTED_EDGE('',*,*,#833,.T.);
#1119 = ORIENTED_EDGE('',*,*,#1120,.F.);
#1120 = EDGE_CURVE('',#566,#834,#1121,.T.);
#1121 = SURFACE_CURVE('',#1122,(#1126,#1133),.PCURVE_S1.);
#1122 = LINE('',#1123,#1124);
#1123 = CARTESIAN_POINT('',(-32.4429566928,-0.5,13.107805347528));
#1124 = VECTOR('',#1125,1.);
#1125 = DIRECTION('',(0.,-1.,-0.));
#1126 = PCURVE('',#581,#1127);
#1127 = DEFINITIONAL_REPRESENTATION('',(#1128),#1132);
#1128 = LINE('',#1129,#1130);
#1129 = CARTESIAN_POINT('',(4.190855948376,0.));
#1130 = VECTOR('',#1131,1.);
#1131 = DIRECTION('',(-0.,-1.));
#1132 = ( GEOMETRIC_REPRESENTATION_CONTEXT(2) 
PARAMETRIC_REPRESENTATION_CONTEXT() REPRESENTATION_CONTEXT('2D SPACE',''
  ) );
#1133 = PCURVE('',#610,#1134);
#1134 = DEFINITIONAL_REPRESENTATION('',(#1135),#1139);
#1135 = LINE('',#1136,#1137);
#1136 = CARTESIAN_POINT('',(-0.,0.));
#1137 = VECTOR('',#1138,1.);
#1138 = DIRECTION('',(-0.,1.));
#1139 = ( GEOMETRIC_REPRESENTATION_CONTEXT(2) 
PARAMETRIC_REPRESENTATION_CONTEXT() REPRESENTATION_CONTEXT('2D SPACE',''
  ) );
#1140 = ADVANCED_FACE('',(#1141),#610,.T.);
#1141 = FACE_BOUND('',#1142,.F.);
#1142 = EDGE_LOOP('',(#1143,#1144,#1165,#1166));
#1143 = ORIENTED_EDGE('',*,*,#593,.T.);
#1144 = ORIENTED_EDGE('',*,*,#1145,.T.);
#1145 = EDGE_CURVE('',#594,#857,#1146,.T.);
#1146 = SURFACE_CURVE('',#1147,(#1151,#1158),.PCURVE_S1.);
#1147 = LINE('',#1148,#1149);
#1148 = CARTESIAN_POINT('',(-32.87797476477,-0.5,14.166113629608));
#1149 = VECTOR('',#1150,1.);
#1150 = DIRECTION('',(0.,-1.,-0.));
#1151 = PCURVE('',#610,#1152);
#1152 = DEFINITIONAL_REPRESENTATION('',(#1153),#1157);
#1153 = LINE('',#1154,#1155);
#1154 = CARTESIAN_POINT('',(-1.593655460402,0.));
#1155 = VECTOR('',#1156,1.);
#1156 = DIRECTION('',(-0.,1.));
#1157 = ( GEOMETRIC_REPRESENTATION_CONTEXT(2) 
PARAMETRIC_REPRESENTATION_CONTEXT() REPRESENTATION_CONTEXT('2D SPACE',''
  ) );
#1158 = PCURVE('',#639,#1159);
#1159 = DEFINITIONAL_REPRESENTATION('',(#1160),#1164);
#1160 = LINE('',#1161,#1162);
#1161 = CARTESIAN_POINT('',(2.285913360703E-02,0.));
#1162 = VECTOR('',#1163,1.);
#1163 = DIRECTION('',(-0.,-1.));
#1164 = ( GEOMETRIC_REPRESENTATION_CONTEXT(2) 
PARAMETRIC_REPRESENTATION_CONTEXT() REPRESENTATION_CONTEXT('2D SPACE',''
  ) );
#1165 = ORIENTED_EDGE('',*,*,#856,.F.);
#1166 = ORIENTED_EDGE('',*,*,#1120,.F.);
#1167 = ADVANCED_FACE('',(#1168,#1392,#1566),#639,.T.);
#1168 = FACE_BOUND('',#1169,.T.);
#1169 = EDGE_LOOP('',(#1170,#1171,#1172,#1173,#1194,#1195,#1217,#1278,
    #1311,#1372));
#1170 = ORIENTED_EDGE('',*,*,#622,.F.);
#1171 = ORIENTED_EDGE('',*,*,#1145,.T.);
#1172 = ORIENTED_EDGE('',*,*,#880,.T.);
#1173 = ORIENTED_EDGE('',*,*,#1174,.F.);
#1174 = EDGE_CURVE('',#732,#881,#1175,.T.);
#1175 = SURFACE_CURVE('',#1176,(#1180,#1187),.PCURVE_S1.);
#1176 = LINE('',#1177,#1178);
#1177 = CARTESIAN_POINT('',(32.877974764773,-0.5,14.166113629608));
#1178 = VECTOR('',#1179,1.);
#1179 = DIRECTION('',(0.,-1.,-0.));
#1180 = PCURVE('',#639,#1181);
#1181 = DEFINITIONAL_REPRESENTATION('',(#1182),#1186);
#1182 = LINE('',#1183,#1184);
#1183 = CARTESIAN_POINT('',(2.350788649105,0.));
#1184 = VECTOR('',#1185,1.);
#1185 = DIRECTION('',(-0.,-1.));
#1186 = ( GEOMETRIC_REPRESENTATION_CONTEXT(2) 
PARAMETRIC_REPRESENTATION_CONTEXT() REPRESENTATION_CONTEXT('2D SPACE',''
  ) );
#1187 = PCURVE('',#772,#1188);
#1188 = DEFINITIONAL_REPRESENTATION('',(#1189),#1193);
#1189 = LINE('',#1190,#1191);
#1190 = CARTESIAN_POINT('',(-0.,0.));
#1191 = VECTOR('',#1192,1.);
#1192 = DIRECTION('',(-0.,1.));
#1193 = ( GEOMETRIC_REPRESENTATION_CONTEXT(2) 
PARAMETRIC_REPRESENTATION_CONTEXT() REPRESENTATION_CONTEXT('2D SPACE',''
  ) );
#1194 = ORIENTED_EDGE('',*,*,#731,.F.);
#1195 = ORIENTED_EDGE('',*,*,#1196,.F.);
#1196 = EDGE_CURVE('',#1197,#705,#1199,.T.);
#1197 = VERTEX_POINT('',#1198);
#1198 = CARTESIAN_POINT('',(12.,-7.7,33.728919342309));
#1199 = SURFACE_CURVE('',#1200,(#1204,#1210),.PCURVE_S1.);
#1200 = LINE('',#1201,#1202);
#1201 = CARTESIAN_POINT('',(12.,-0.5,33.728919342309));
#1202 = VECTOR('',#1203,1.);
#1203 = DIRECTION('',(-0.,1.,0.));
#1204 = PCURVE('',#639,#1205);
#1205 = DEFINITIONAL_REPRESENTATION('',(#1206),#1209);
#1206 = B_SPLINE_CURVE_WITH_KNOTS('',1,(#1207,#1208),.UNSPECIFIED.,.F.,
  .F.,(2,2),(-8.24,6.000000000173E-07),.PIECEWISE_BEZIER_KNOTS.);
#1207 = CARTESIAN_POINT('',(1.528636650836,-8.24));
#1208 = CARTESIAN_POINT('',(1.528636650836,6.000000000173E-07));
#1209 = ( GEOMETRIC_REPRESENTATION_CONTEXT(2) 
PARAMETRIC_REPRESENTATION_CONTEXT() REPRESENTATION_CONTEXT('2D SPACE',''
  ) );
#1210 = PCURVE('',#719,#1211);
#1211 = DEFINITIONAL_REPRESENTATION('',(#1212),#1216);
#1212 = LINE('',#1213,#1214);
#1213 = CARTESIAN_POINT('',(0.928919342309,-8.));
#1214 = VECTOR('',#1215,1.);
#1215 = DIRECTION('',(0.,-1.));
#1216 = ( GEOMETRIC_REPRESENTATION_CONTEXT(2) 
PARAMETRIC_REPRESENTATION_CONTEXT() REPRESENTATION_CONTEXT('2D SPACE',''
  ) );
#1217 = ORIENTED_EDGE('',*,*,#1218,.T.);
#1218 = EDGE_CURVE('',#1197,#1219,#1221,.T.);
#1219 = VERTEX_POINT('',#1220);
#1220 = CARTESIAN_POINT('',(11.2,-8.5,34.002941049268));
#1221 = SURFACE_CURVE('',#1222,(#1237,#1255),.PCURVE_S1.);
#1222 = B_SPLINE_CURVE_WITH_KNOTS('',7,(#1223,#1224,#1225,#1226,#1227,
    #1228,#1229,#1230,#1231,#1232,#1233,#1234,#1235,#1236),
  .UNSPECIFIED.,.F.,.F.,(8,6,8),(0.,0.580295988793,1.),.UNSPECIFIED.);
#1223 = CARTESIAN_POINT('',(12.,-7.7,33.728919342309));
#1224 = CARTESIAN_POINT('',(12.,-7.798003763051,33.728919342309));
#1225 = CARTESIAN_POINT('',(11.985993082308,-7.89621649323,
    33.733902689839));
#1226 = CARTESIAN_POINT('',(11.957871811947,-7.992593951937,
    33.743907625828));
#1227 = CARTESIAN_POINT('',(11.915735874979,-8.085043271945,
    33.75885733955));
#1228 = CARTESIAN_POINT('',(11.859917028867,-8.171389788157,
    33.778549600494));
#1229 = CARTESIAN_POINT('',(11.791001193567,-8.249350274274,
    33.802657427598));
#1230 = CARTESIAN_POINT('',(11.651310409323,-8.364912541189,
    33.851009067691));
#1231 = CARTESIAN_POINT('',(11.586211815724,-8.407808600257,
    33.873409063798));
#1232 = CARTESIAN_POINT('',(11.515425864207,-8.443719624247,
    33.897592778269));
#1233 = CARTESIAN_POINT('',(11.44004593103,-8.47154027457,
    33.923130765706));
#1234 = CARTESIAN_POINT('',(11.361380312482,-8.490463151076,
    33.949536404762));
#1235 = CARTESIAN_POINT('',(11.28086710951,-8.5,33.976304776094));
#1236 = CARTESIAN_POINT('',(11.2,-8.5,34.002941049268));
#1237 = PCURVE('',#639,#1238);
#1238 = DEFINITIONAL_REPRESENTATION('',(#1239),#1254);
#1239 = B_SPLINE_CURVE_WITH_KNOTS('',7,(#1240,#1241,#1242,#1243,#1244,
    #1245,#1246,#1247,#1248,#1249,#1250,#1251,#1252,#1253),
  .UNSPECIFIED.,.F.,.F.,(8,6,8),(0.,0.580295988793,1.),.UNSPECIFIED.);
#1240 = CARTESIAN_POINT('',(1.528636650836,-7.2));
#1241 = CARTESIAN_POINT('',(1.528636650836,-7.298003763051));
#1242 = CARTESIAN_POINT('',(1.528221371668,-7.39621649323));
#1243 = CARTESIAN_POINT('',(1.527387628061,-7.492593951937));
#1244 = CARTESIAN_POINT('',(1.526138762103,-7.585043271945));
#1245 = CARTESIAN_POINT('',(1.524485399519,-7.671389788157));
#1246 = CARTESIAN_POINT('',(1.522446002187,-7.749350274274));
#1247 = CARTESIAN_POINT('',(1.518316891071,-7.864912541189));
#1248 = CARTESIAN_POINT('',(1.516393859129,-7.907808600257));
#1249 = CARTESIAN_POINT('',(1.514304395659,-7.943719624247));
#1250 = CARTESIAN_POINT('',(1.512081268325,-7.97154027457));
#1251 = CARTESIAN_POINT('',(1.509763430649,-7.990463151076));
#1252 = CARTESIAN_POINT('',(1.507393426974,-8.));
#1253 = CARTESIAN_POINT('',(1.505015188298,-8.));
#1254 = ( GEOMETRIC_REPRESENTATION_CONTEXT(2) 
PARAMETRIC_REPRESENTATION_CONTEXT() REPRESENTATION_CONTEXT('2D SPACE',''
  ) );
#1255 = PCURVE('',#1256,#1261);
#1256 = CYLINDRICAL_SURFACE('',#1257,0.8);
#1257 = AXIS2_PLACEMENT_3D('',#1258,#1259,#1260);
#1258 = CARTESIAN_POINT('',(11.2,-7.7,32.8));
#1259 = DIRECTION('',(0.,0.,1.));
#1260 = DIRECTION('',(1.,0.,-0.));
#1261 = DEFINITIONAL_REPRESENTATION('',(#1262),#1277);
#1262 = B_SPLINE_CURVE_WITH_KNOTS('',7,(#1263,#1264,#1265,#1266,#1267,
    #1268,#1269,#1270,#1271,#1272,#1273,#1274,#1275,#1276),
  .UNSPECIFIED.,.F.,.F.,(8,6,8),(0.,0.580295988793,1.),.UNSPECIFIED.);
#1263 = CARTESIAN_POINT('',(0.,0.928919342309));
#1264 = CARTESIAN_POINT('',(-0.122504703814,0.928919342309));
#1265 = CARTESIAN_POINT('',(-0.245270482256,0.933902689839));
#1266 = CARTESIAN_POINT('',(-0.368745819183,0.943907625828));
#1267 = CARTESIAN_POINT('',(-0.493372029808,0.95885733955));
#1268 = CARTESIAN_POINT('',(-0.619646195752,0.978549600494));
#1269 = CARTESIAN_POINT('',(-0.748139439827,1.002657427598));
#1270 = CARTESIAN_POINT('',(-0.974759140321,1.051009067691));
#1271 = CARTESIAN_POINT('',(-1.071636603916,1.073409063798));
#1272 = CARTESIAN_POINT('',(-1.169833520173,1.097592778269));
#1273 = CARTESIAN_POINT('',(-1.269050853373,1.123130765706));
#1274 = CARTESIAN_POINT('',(-1.369071336075,1.149536404762));
#1275 = CARTESIAN_POINT('',(-1.469712439907,1.176304776094));
#1276 = CARTESIAN_POINT('',(-1.570796326795,1.202941049268));
#1277 = ( GEOMETRIC_REPRESENTATION_CONTEXT(2) 
PARAMETRIC_REPRESENTATION_CONTEXT() REPRESENTATION_CONTEXT('2D SPACE',''
  ) );
#1278 = ORIENTED_EDGE('',*,*,#1279,.T.);
#1279 = EDGE_CURVE('',#1219,#1280,#1282,.T.);
#1280 = VERTEX_POINT('',#1281);
#1281 = CARTESIAN_POINT('',(-11.2,-8.5,34.002941049268));
#1282 = SURFACE_CURVE('',#1283,(#1288,#1295),.PCURVE_S1.);
#1283 = CIRCLE('',#1284,35.8);
#1284 = AXIS2_PLACEMENT_3D('',#1285,#1286,#1287);
#1285 = CARTESIAN_POINT('',(3.552713678801E-15,-8.5,-1.7763568394E-15));
#1286 = DIRECTION('',(0.,-1.,0.));
#1287 = DIRECTION('',(0.312849162011,0.,0.949802822605));
#1288 = PCURVE('',#639,#1289);
#1289 = DEFINITIONAL_REPRESENTATION('',(#1290),#1294);
#1290 = LINE('',#1291,#1292);
#1291 = CARTESIAN_POINT('',(1.505015188298,-8.));
#1292 = VECTOR('',#1293,1.);
#1293 = DIRECTION('',(-1.,-0.));
#1294 = ( GEOMETRIC_REPRESENTATION_CONTEXT(2) 
PARAMETRIC_REPRESENTATION_CONTEXT() REPRESENTATION_CONTEXT('2D SPACE',''
  ) );
#1295 = PCURVE('',#1296,#1301);
#1296 = PLANE('',#1297);
#1297 = AXIS2_PLACEMENT_3D('',#1298,#1299,#1300);
#1298 = CARTESIAN_POINT('',(-12.,-8.5,32.8));
#1299 = DIRECTION('',(-0.,1.,0.));
#1300 = DIRECTION('',(0.,0.,1.));
#1301 = DEFINITIONAL_REPRESENTATION('',(#1302),#1310);
#1302 = ( BOUNDED_CURVE() B_SPLINE_CURVE(2,(#1303,#1304,#1305,#1306,
#1307,#1308,#1309),.UNSPECIFIED.,.T.,.F.) B_SPLINE_CURVE_WITH_KNOTS((1,2
    ,2,2,2,1),(-2.094395102393,0.,2.094395102393,4.188790204786,
6.28318530718,8.377580409573),.UNSPECIFIED.) CURVE() 
GEOMETRIC_REPRESENTATION_ITEM() RATIONAL_B_SPLINE_CURVE((1.,0.5,1.,0.5,
1.,0.5,1.)) REPRESENTATION_ITEM('') );
#1303 = CARTESIAN_POINT('',(1.202941049268,23.2));
#1304 = CARTESIAN_POINT('',(20.601910094039,-35.6948215041));
#1305 = CARTESIAN_POINT('',(-40.10198600224,-23.04741075205));
#1306 = CARTESIAN_POINT('',(-100.8058820985,-10.4));
#1307 = CARTESIAN_POINT('',(-59.50095504702,35.847410752051));
#1308 = CARTESIAN_POINT('',(-18.1960279955,82.094821504102));
#1309 = CARTESIAN_POINT('',(1.202941049268,23.2));
#1310 = ( GEOMETRIC_REPRESENTATION_CONTEXT(2) 
PARAMETRIC_REPRESENTATION_CONTEXT() REPRESENTATION_CONTEXT('2D SPACE',''
  ) );
#1311 = ORIENTED_EDGE('',*,*,#1312,.F.);
#1312 = EDGE_CURVE('',#1313,#1280,#1315,.T.);
#1313 = VERTEX_POINT('',#1314);
#1314 = CARTESIAN_POINT('',(-12.,-7.7,33.728919342309));
#1315 = SURFACE_CURVE('',#1316,(#1331,#1349),.PCURVE_S1.);
#1316 = B_SPLINE_CURVE_WITH_KNOTS('',7,(#1317,#1318,#1319,#1320,#1321,
    #1322,#1323,#1324,#1325,#1326,#1327,#1328,#1329,#1330),
  .UNSPECIFIED.,.F.,.F.,(8,6,8),(0.,0.580286573198,1.),.UNSPECIFIED.);
#1317 = CARTESIAN_POINT('',(-12.,-7.7,33.728919342309));
#1318 = CARTESIAN_POINT('',(-12.,-7.797988396207,33.728919342309));
#1319 = CARTESIAN_POINT('',(-11.98599747192,-7.896203565385,
    33.733901127904));
#1320 = CARTESIAN_POINT('',(-11.95787585822,-7.992592760766,
    33.743906186709));
#1321 = CARTESIAN_POINT('',(-11.91573354261,-8.085053978036,
    33.75885819515));
#1322 = CARTESIAN_POINT('',(-11.85990626293,-8.171405535576,
    33.77855341032));
#1323 = CARTESIAN_POINT('',(-11.79098794234,-8.249361236635,
    33.802662014287));
#1324 = CARTESIAN_POINT('',(-11.65131772716,-8.364906487348,
    33.851006534743));
#1325 = CARTESIAN_POINT('',(-11.58622083216,-8.407803875665,
    33.873405971755));
#1326 = CARTESIAN_POINT('',(-11.51543172155,-8.443718396813,
    33.897590813694));
#1327 = CARTESIAN_POINT('',(-11.44004609986,-8.47154149187,
    33.923130743987));
#1328 = CARTESIAN_POINT('',(-11.36137547955,-8.490464518988,
    33.949538030586));
#1329 = CARTESIAN_POINT('',(-11.28086132179,-8.5,33.976306682469));
#1330 = CARTESIAN_POINT('',(-11.2,-8.5,34.002941049268));
#1331 = PCURVE('',#639,#1332);
#1332 = DEFINITIONAL_REPRESENTATION('',(#1333),#1348);
#1333 = B_SPLINE_CURVE_WITH_KNOTS('',7,(#1334,#1335,#1336,#1337,#1338,
    #1339,#1340,#1341,#1342,#1343,#1344,#1345,#1346,#1347),
  .UNSPECIFIED.,.F.,.F.,(8,6,8),(0.,0.580286573198,1.),.UNSPECIFIED.);
#1334 = CARTESIAN_POINT('',(0.845011131877,-7.2));
#1335 = CARTESIAN_POINT('',(0.845011131877,-7.297988396207));
#1336 = CARTESIAN_POINT('',(0.845426280901,-7.396203565385));
#1337 = CARTESIAN_POINT('',(0.846260034685,-7.492592760766));
#1338 = CARTESIAN_POINT('',(0.84750909001,-7.585053978036));
#1339 = CARTESIAN_POINT('',(0.849162702183,-7.671405535576));
#1340 = CARTESIAN_POINT('',(0.851202172217,-7.749361236635));
#1341 = CARTESIAN_POINT('',(0.855330675334,-7.864906487348));
#1342 = CARTESIAN_POINT('',(0.857253657335,-7.907803875665));
#1343 = CARTESIAN_POINT('',(0.859343214485,-7.943718396813));
#1344 = CARTESIAN_POINT('',(0.861566509722,-7.97154149187));
#1345 = CARTESIAN_POINT('',(0.863884494494,-7.990464518988));
#1346 = CARTESIAN_POINT('',(0.86625452595,-8.));
#1347 = CARTESIAN_POINT('',(0.868632594414,-8.));
#1348 = ( GEOMETRIC_REPRESENTATION_CONTEXT(2) 
PARAMETRIC_REPRESENTATION_CONTEXT() REPRESENTATION_CONTEXT('2D SPACE',''
  ) );
#1349 = PCURVE('',#1350,#1355);
#1350 = CYLINDRICAL_SURFACE('',#1351,0.8);
#1351 = AXIS2_PLACEMENT_3D('',#1352,#1353,#1354);
#1352 = CARTESIAN_POINT('',(-11.2,-7.7,32.8));
#1353 = DIRECTION('',(0.,0.,1.));
#1354 = DIRECTION('',(-1.,-0.,0.));
#1355 = DEFINITIONAL_REPRESENTATION('',(#1356),#1371);
#1356 = B_SPLINE_CURVE_WITH_KNOTS('',7,(#1357,#1358,#1359,#1360,#1361,
    #1362,#1363,#1364,#1365,#1366,#1367,#1368,#1369,#1370),
  .UNSPECIFIED.,.F.,.F.,(8,6,8),(0.,0.580286573198,1.),.UNSPECIFIED.);
#1357 = CARTESIAN_POINT('',(0.,0.928919342309));
#1358 = CARTESIAN_POINT('',(0.122485495259,0.928919342309));
#1359 = CARTESIAN_POINT('',(0.245254304177,0.933901127904));
#1360 = CARTESIAN_POINT('',(0.368742971565,0.943906186709));
#1361 = CARTESIAN_POINT('',(0.493384577935,0.95885819515));
#1362 = CARTESIAN_POINT('',(0.619669129745,0.97855341032));
#1363 = CARTESIAN_POINT('',(0.748160937217,1.002662014287));
#1364 = CARTESIAN_POINT('',(0.974747268629,1.051006534743));
#1365 = CARTESIAN_POINT('',(1.071624122511,1.073405971755));
#1366 = CARTESIAN_POINT('',(1.169826394265,1.097590813694));
#1367 = CARTESIAN_POINT('',(1.269051013366,1.123130743987));
#1368 = CARTESIAN_POINT('',(1.369077366616,1.149538030586));
#1369 = CARTESIAN_POINT('',(1.469719674546,1.176306682469));
#1370 = CARTESIAN_POINT('',(1.570796326795,1.202941049268));
#1371 = ( GEOMETRIC_REPRESENTATION_CONTEXT(2) 
PARAMETRIC_REPRESENTATION_CONTEXT() REPRESENTATION_CONTEXT('2D SPACE',''
  ) );
#1372 = ORIENTED_EDGE('',*,*,#1373,.T.);
#1373 = EDGE_CURVE('',#1313,#623,#1374,.T.);
#1374 = SURFACE_CURVE('',#1375,(#1379,#1385),.PCURVE_S1.);
#1375 = LINE('',#1376,#1377);
#1376 = CARTESIAN_POINT('',(-12.,-0.5,33.728919342309));
#1377 = VECTOR('',#1378,1.);
#1378 = DIRECTION('',(-0.,1.,0.));
#1379 = PCURVE('',#639,#1380);
#1380 = DEFINITIONAL_REPRESENTATION('',(#1381),#1384);
#1381 = B_SPLINE_CURVE_WITH_KNOTS('',1,(#1382,#1383),.UNSPECIFIED.,.F.,
  .F.,(2,2),(-8.24,6.000000000173E-07),.PIECEWISE_BEZIER_KNOTS.);
#1382 = CARTESIAN_POINT('',(0.845011131877,-8.24));
#1383 = CARTESIAN_POINT('',(0.845011131877,6.000000000173E-07));
#1384 = ( GEOMETRIC_REPRESENTATION_CONTEXT(2) 
PARAMETRIC_REPRESENTATION_CONTEXT() REPRESENTATION_CONTEXT('2D SPACE',''
  ) );
#1385 = PCURVE('',#666,#1386);
#1386 = DEFINITIONAL_REPRESENTATION('',(#1387),#1391);
#1387 = LINE('',#1388,#1389);
#1388 = CARTESIAN_POINT('',(0.928919342309,-8.));
#1389 = VECTOR('',#1390,1.);
#1390 = DIRECTION('',(0.,-1.));
#1391 = ( GEOMETRIC_REPRESENTATION_CONTEXT(2) 
PARAMETRIC_REPRESENTATION_CONTEXT() REPRESENTATION_CONTEXT('2D SPACE',''
  ) );
#1392 = FACE_BOUND('',#1393,.T.);
#1393 = EDGE_LOOP('',(#1394));
#1394 = ORIENTED_EDGE('',*,*,#1395,.F.);
#1395 = EDGE_CURVE('',#1396,#1396,#1398,.T.);
#1396 = VERTEX_POINT('',#1397);
#1397 = CARTESIAN_POINT('',(-32.39465973271,-4.5,15.238963901849));
#1398 = SURFACE_CURVE('',#1399,(#1451,#1506),.PCURVE_S1.);
#1399 = B_SPLINE_CURVE_WITH_KNOTS('',8,(#1400,#1401,#1402,#1403,#1404,
    #1405,#1406,#1407,#1408,#1409,#1410,#1411,#1412,#1413,#1414,#1415,
    #1416,#1417,#1418,#1419,#1420,#1421,#1422,#1423,#1424,#1425,#1426,
    #1427,#1428,#1429,#1430,#1431,#1432,#1433,#1434,#1435,#1436,#1437,
    #1438,#1439,#1440,#1441,#1442,#1443,#1444,#1445,#1446,#1447,#1448,
    #1449,#1450),.UNSPECIFIED.,.T.,.F.,(9,7,7,7,7,7,7,9),(0.,
    0.116305407388,0.220371515629,0.395456144314,0.531200499455,
    0.666437180717,0.811954487462,1.),.UNSPECIFIED.);
#1400 = CARTESIAN_POINT('',(-32.39465973271,-4.5,15.238963901849));
#1401 = CARTESIAN_POINT('',(-32.39465973271,-4.7466843904,
    15.238963901849));
#1402 = CARTESIAN_POINT('',(-32.3847571318,-4.993183258093,
    15.260014614623));
#1403 = CARTESIAN_POINT('',(-32.36497697679,-5.238319019177,
    15.302062927364));
#1404 = CARTESIAN_POINT('',(-32.33511062502,-5.480825805598,
    15.365353161798));
#1405 = CARTESIAN_POINT('',(-32.29474197513,-5.719215607264,
    15.450375000382));
#1406 = CARTESIAN_POINT('',(-32.24326019512,-5.951623804766,
    15.557798515682));
#1407 = CARTESIAN_POINT('',(-32.1798703274,-6.175618890143,
    15.688391852723));
#1408 = CARTESIAN_POINT('',(-32.03538083173,-6.577957799307,
    15.981181043002));
#1409 = CARTESIAN_POINT('',(-31.95604700895,-6.760852223711,
    16.140225850189));
#1410 = CARTESIAN_POINT('',(-31.86509866972,-6.932273117275,
    16.320174416882));
#1411 = CARTESIAN_POINT('',(-31.76224908912,-7.08782755395,
    16.520473827344));
#1412 = CARTESIAN_POINT('',(-31.64744616018,-7.223115962943,
    16.739932740231));
#1413 = CARTESIAN_POINT('',(-31.52092048139,-7.333730497437,
    16.976745756125));
#1414 = CARTESIAN_POINT('',(-31.38328488562,-7.415227534622,
    17.22848426323));
#1415 = CARTESIAN_POINT('',(-30.9873899956,-7.543548560747,
    17.935437691355));
#1416 = CARTESIAN_POINT('',(-30.73306603558,-7.521574742194,
    18.372712458647));
#1417 = CARTESIAN_POINT('',(-30.48369195485,-7.406328260529,
    18.784554861229));
#1418 = CARTESIAN_POINT('',(-30.24993334762,-7.210629591903,
    19.156302414252));
#1419 = CARTESIAN_POINT('',(-30.04164276681,-6.950909255051,
    19.477537771849));
#1420 = CARTESIAN_POINT('',(-29.86642153962,-6.647005726739,
    19.7420145177));
#1421 = CARTESIAN_POINT('',(-29.72745189153,-6.32157979805,
    19.948765819864));
#1422 = CARTESIAN_POINT('',(-29.54187588104,-5.750676900418,
    20.22222539201));
#1423 = CARTESIAN_POINT('',(-29.47767718577,-5.491806266342,
    20.31564257062));
#1424 = CARTESIAN_POINT('',(-29.42999550286,-5.226564248304,
    20.384426114111));
#1425 = CARTESIAN_POINT('',(-29.39851706085,-4.957334077322,
    20.429600077224));
#1426 = CARTESIAN_POINT('',(-29.38301149857,-4.686010930102,
    20.451815808516));
#1427 = CARTESIAN_POINT('',(-29.3833805911,-4.414255125379,
    20.451328193603));
#1428 = CARTESIAN_POINT('',(-29.39968665086,-4.14371801428,
    20.427963150789));
#1429 = CARTESIAN_POINT('',(-29.46451232468,-3.609812095637,
    20.334348842186));
#1430 = CARTESIAN_POINT('',(-29.512881654,-3.346667032899,
    20.264317640886));
#1431 = CARTESIAN_POINT('',(-29.57746159239,-3.088540612509,
    20.170381773453));
#1432 = CARTESIAN_POINT('',(-29.65862428287,-2.837653137036,
    20.051453296731));
#1433 = CARTESIAN_POINT('',(-29.75678030775,-2.597016991062,
    19.906131617001));
#1434 = CARTESIAN_POINT('',(-29.87223000838,-2.370648754635,
    19.732821166223));
#1435 = CARTESIAN_POINT('',(-30.0049731137,-2.163886537773,
    19.52993825273));
#1436 = CARTESIAN_POINT('',(-30.31527625173,-1.790414279389,
    19.045027215715));
#1437 = CARTESIAN_POINT('',(-30.50143166785,-1.62077463176,
    18.748848904617));
#1438 = CARTESIAN_POINT('',(-30.70595686611,-1.498704965899,
    18.41550816564));
#1439 = CARTESIAN_POINT('',(-30.91903082095,-1.439178402307,
    18.057424654494));
#1440 = CARTESIAN_POINT('',(-31.12955237452,-1.448655927861,
    17.690816914156));
#1441 = CARTESIAN_POINT('',(-31.32800891003,-1.525084476331,
    17.333398429238));
#1442 = CARTESIAN_POINT('',(-31.50711306495,-1.65772642915,
    17.00153903575));
#1443 = CARTESIAN_POINT('',(-31.86272803299,-2.045699805689,
    16.327617534049));
#1444 = CARTESIAN_POINT('',(-32.02587838613,-2.328501427562,
    16.005809709843));
#1445 = CARTESIAN_POINT('',(-32.15463358906,-2.652123800915,
    15.743645426923));
#1446 = CARTESIAN_POINT('',(-32.2530857448,-3.001764680392,
    15.538814040119));
#1447 = CARTESIAN_POINT('',(-32.32445298889,-3.367105355119,
    15.388203192454));
#1448 = CARTESIAN_POINT('',(-32.37119442475,-3.741428997717,
    15.288846920017));
#1449 = CARTESIAN_POINT('',(-32.39465973271,-4.120262619762,
    15.238963901849));
#1450 = CARTESIAN_POINT('',(-32.39465973271,-4.5,15.238963901849));
#1451 = PCURVE('',#639,#1452);
#1452 = DEFINITIONAL_REPRESENTATION('',(#1453),#1505);
#1453 = B_SPLINE_CURVE_WITH_KNOTS('',8,(#1454,#1455,#1456,#1457,#1458,
    #1459,#1460,#1461,#1462,#1463,#1464,#1465,#1466,#1467,#1468,#1469,
    #1470,#1471,#1472,#1473,#1474,#1475,#1476,#1477,#1478,#1479,#1480,
    #1481,#1482,#1483,#1484,#1485,#1486,#1487,#1488,#1489,#1490,#1491,
    #1492,#1493,#1494,#1495,#1496,#1497,#1498,#1499,#1500,#1501,#1502,
    #1503,#1504),.UNSPECIFIED.,.F.,.F.,(9,7,7,7,7,7,7,9),(0.,
    0.116305407388,0.220371515629,0.395456144314,0.531200499455,
    0.666437180717,0.811954487462,1.),.UNSPECIFIED.);
#1454 = CARTESIAN_POINT('',(5.572907009874E-02,-4.));
#1455 = CARTESIAN_POINT('',(5.572907009874E-02,-4.2466843904));
#1456 = CARTESIAN_POINT('',(5.637889059092E-02,-4.493183258093));
#1457 = CARTESIAN_POINT('',(5.76768918778E-02,-4.738319019177));
#1458 = CARTESIAN_POINT('',(5.963172853626E-02,-4.980825805598));
#1459 = CARTESIAN_POINT('',(6.226072820709E-02,-5.219215607264));
#1460 = CARTESIAN_POINT('',(6.558812273043E-02,-5.451623804766));
#1461 = CARTESIAN_POINT('',(6.964292633967E-02,-5.675618890143));
#1462 = CARTESIAN_POINT('',(7.876305836055E-02,-6.077957799307));
#1463 = CARTESIAN_POINT('',(8.372762903715E-02,-6.260852223711));
#1464 = CARTESIAN_POINT('',(8.935950789437E-02,-6.432273117275));
#1465 = CARTESIAN_POINT('',(9.564867046253E-02,-6.58782755395));
#1466 = CARTESIAN_POINT('',(0.102566457432,-6.723115962943));
#1467 = CARTESIAN_POINT('',(0.110065743224,-6.833730497437));
#1468 = CARTESIAN_POINT('',(0.118079502179,-6.915227534622));
#1469 = CARTESIAN_POINT('',(0.140712370784,-7.043548560747));
#1470 = CARTESIAN_POINT('',(0.15484054198,-7.021574742194));
#1471 = CARTESIAN_POINT('',(0.168285665228,-6.906328260529));
#1472 = CARTESIAN_POINT('',(0.180549101504,-6.710629591903));
#1473 = CARTESIAN_POINT('',(0.191242314842,-6.450909255051));
#1474 = CARTESIAN_POINT('',(0.200103817612,-6.147005726739));
#1475 = CARTESIAN_POINT('',(0.207062293685,-5.82157979805));
#1476 = CARTESIAN_POINT('',(0.21629364465,-5.250676900418));
#1477 = CARTESIAN_POINT('',(0.219459793908,-4.991806266342));
#1478 = CARTESIAN_POINT('',(0.221797604354,-4.726564248304));
#1479 = CARTESIAN_POINT('',(0.223335591037,-4.457334077322));
#1480 = CARTESIAN_POINT('',(0.224092343111,-4.186010930102));
#1481 = CARTESIAN_POINT('',(0.224075270825,-3.914255125379));
#1482 = CARTESIAN_POINT('',(0.223279400736,-3.64371801428));
#1483 = CARTESIAN_POINT('',(0.220098719878,-3.109812095637));
#1484 = CARTESIAN_POINT('',(0.217721306,-2.846667032899));
#1485 = CARTESIAN_POINT('',(0.21453714409,-2.588540612509));
#1486 = CARTESIAN_POINT('',(0.210515294432,-2.337653137036));
#1487 = CARTESIAN_POINT('',(0.205616956646,-2.097016991062));
#1488 = CARTESIAN_POINT('',(0.199800385721,-1.870648754635));
#1489 = CARTESIAN_POINT('',(0.193028375198,-1.663886537773));
#1490 = CARTESIAN_POINT('',(0.176947460313,-1.290414279389));
#1491 = CARTESIAN_POINT('',(0.167176225498,-1.12077463176));
#1492 = CARTESIAN_POINT('',(0.156253128041,-0.998704965899));
#1493 = CARTESIAN_POINT('',(0.144616287506,-0.939178402307));
#1494 = CARTESIAN_POINT('',(0.132810157482,-0.948655927861));
#1495 = CARTESIAN_POINT('',(0.121391964179,-1.025084476331));
#1496 = CARTESIAN_POINT('',(0.110858744413,-1.15772642915));
#1497 = CARTESIAN_POINT('',(8.95740445664E-02,-1.545699805689));
#1498 = CARTESIAN_POINT('',(7.949711324869E-02,-1.828501427562));
#1499 = CARTESIAN_POINT('',(7.133937332492E-02,-2.152123800915));
#1500 = CARTESIAN_POINT('',(6.499138546692E-02,-2.501764680392));
#1501 = CARTESIAN_POINT('',(6.033601629306E-02,-2.867105355119));
#1502 = CARTESIAN_POINT('',(5.726891569969E-02,-3.241428997717));
#1503 = CARTESIAN_POINT('',(5.572907009874E-02,-3.620262619762));
#1504 = CARTESIAN_POINT('',(5.572907009874E-02,-4.));
#1505 = ( GEOMETRIC_REPRESENTATION_CONTEXT(2) 
PARAMETRIC_REPRESENTATION_CONTEXT() REPRESENTATION_CONTEXT('2D SPACE',''
  ) );
#1506 = PCURVE('',#1507,#1512);
#1507 = CYLINDRICAL_SURFACE('',#1508,3.);
#1508 = AXIS2_PLACEMENT_3D('',#1509,#1510,#1511);
#1509 = CARTESIAN_POINT('',(-29.79127389018,-4.5,17.2));
#1510 = DIRECTION('',(-0.866025403784,0.,0.5));
#1511 = DIRECTION('',(-0.5,0.,-0.866025403784));
#1512 = DEFINITIONAL_REPRESENTATION('',(#1513),#1565);
#1513 = B_SPLINE_CURVE_WITH_KNOTS('',8,(#1514,#1515,#1516,#1517,#1518,
    #1519,#1520,#1521,#1522,#1523,#1524,#1525,#1526,#1527,#1528,#1529,
    #1530,#1531,#1532,#1533,#1534,#1535,#1536,#1537,#1538,#1539,#1540,
    #1541,#1542,#1543,#1544,#1545,#1546,#1547,#1548,#1549,#1550,#1551,
    #1552,#1553,#1554,#1555,#1556,#1557,#1558,#1559,#1560,#1561,#1562,
    #1563,#1564),.UNSPECIFIED.,.F.,.F.,(9,7,7,7,7,7,7,9),(0.,
    0.116305407388,0.220371515629,0.395456144314,0.531200499455,
    0.666437180717,0.811954487462,1.),.UNSPECIFIED.);
#1514 = CARTESIAN_POINT('',(0.,1.274080226405));
#1515 = CARTESIAN_POINT('',(8.222813013328E-02,1.274080226405));
#1516 = CARTESIAN_POINT('',(0.164394324557,1.27602967884));
#1517 = CARTESIAN_POINT('',(0.246953790817,1.279923718484));
#1518 = CARTESIAN_POINT('',(0.33032531136,1.285703816351));
#1519 = CARTESIAN_POINT('',(0.414930131542,1.293254459321));
#1520 = CARTESIAN_POINT('',(0.501201360641,1.302381687653));
#1521 = CARTESIAN_POINT('',(0.589600586977,1.312781120387));
#1522 = CARTESIAN_POINT('',(0.762171733676,1.334044141691));
#1523 = CARTESIAN_POINT('',(0.846764771361,1.344861439382));
#1524 = CARTESIAN_POINT('',(0.934226631261,1.356072150522));
#1525 = CARTESIAN_POINT('',(1.024435629895,1.367151506181));
#1526 = CARTESIAN_POINT('',(1.117371442964,1.377458709737));
#1527 = CARTESIAN_POINT('',(1.213101180544,1.386290765618));
#1528 = CARTESIAN_POINT('',(1.311783727807,1.392964096772));
#1529 = CARTESIAN_POINT('',(1.585212446752,1.403585778849));
#1530 = CARTESIAN_POINT('',(1.750609214674,1.401972152321));
#1531 = CARTESIAN_POINT('',(1.910755906823,1.391929064655));
#1532 = CARTESIAN_POINT('',(2.065802139798,1.375361948953));
#1533 = CARTESIAN_POINT('',(2.215463155039,1.355594693403));
#1534 = CARTESIAN_POINT('',(2.358851563917,1.336087032299));
#1535 = CARTESIAN_POINT('',(2.494217756011,1.319111437778));
#1536 = CARTESIAN_POINT('',(2.713958383764,1.295127684439));
#1537 = CARTESIAN_POINT('',(2.807521435269,1.286238572748));
#1538 = CARTESIAN_POINT('',(2.899338137166,1.279336795801));
#1539 = CARTESIAN_POINT('',(2.989959653556,1.274662646899));
#1540 = CARTESIAN_POINT('',(3.079911940322,1.272342301711));
#1541 = CARTESIAN_POINT('',(3.169713750514,1.272418137761));
#1542 = CARTESIAN_POINT('',(3.259889447899,1.274857078342));
#1543 = CARTESIAN_POINT('',(3.441834012722,1.284190604392));
#1544 = CARTESIAN_POINT('',(3.533511220948,1.291064071696));
#1545 = CARTESIAN_POINT('',(3.626690919784,1.3000240052));
#1546 = CARTESIAN_POINT('',(3.721956021562,1.310848718629));
#1547 = CARTESIAN_POINT('',(3.819892762758,1.323193489852));
#1548 = CARTESIAN_POINT('',(3.921117261615,1.336520638066));
#1549 = CARTESIAN_POINT('',(4.026327898496,1.350038082706));
#1550 = CARTESIAN_POINT('',(4.25490268802,1.376312964601));
#1551 = CARTESIAN_POINT('',(4.383427576098,1.389439128468));
#1552 = CARTESIAN_POINT('',(4.517406756503,1.399892776383));
#1553 = CARTESIAN_POINT('',(4.654120828438,1.405378478592));
#1554 = CARTESIAN_POINT('',(4.791440409985,1.404391621858));
#1555 = CARTESIAN_POINT('',(4.927327574605,1.397550780697));
#1556 = CARTESIAN_POINT('',(5.059356556753,1.386729832037));
#1557 = CARTESIAN_POINT('',(5.344218153902,1.357740677476));
#1558 = CARTESIAN_POINT('',(5.494016583562,1.338129115826));
#1559 = CARTESIAN_POINT('',(5.635844421553,1.31855225097));
#1560 = CARTESIAN_POINT('',(5.771462011544,1.301398625497));
#1561 = CARTESIAN_POINT('',(5.902467981915,1.287899048046));
#1562 = CARTESIAN_POINT('',(6.030327316821,1.278700182692));
#1563 = CARTESIAN_POINT('',(6.156606180434,1.274080226405));
#1564 = CARTESIAN_POINT('',(6.28318530718,1.274080226405));
#1565 = ( GEOMETRIC_REPRESENTATION_CONTEXT(2) 
PARAMETRIC_REPRESENTATION_CONTEXT() REPRESENTATION_CONTEXT('2D SPACE',''
  ) );
#1566 = FACE_BOUND('',#1567,.T.);
#1567 = EDGE_LOOP('',(#1568));
#1568 = ORIENTED_EDGE('',*,*,#1569,.F.);
#1569 = EDGE_CURVE('',#1570,#1570,#1572,.T.);
#1570 = VERTEX_POINT('',#1571);
#1571 = CARTESIAN_POINT('',(29.394659732711,-4.5,20.435116324556));
#1572 = SURFACE_CURVE('',#1573,(#1632,#1694),.PCURVE_S1.);
#1573 = B_SPLINE_CURVE_WITH_KNOTS('',8,(#1574,#1575,#1576,#1577,#1578,
    #1579,#1580,#1581,#1582,#1583,#1584,#1585,#1586,#1587,#1588,#1589,
    #1590,#1591,#1592,#1593,#1594,#1595,#1596,#1597,#1598,#1599,#1600,
    #1601,#1602,#1603,#1604,#1605,#1606,#1607,#1608,#1609,#1610,#1611,
    #1612,#1613,#1614,#1615,#1616,#1617,#1618,#1619,#1620,#1621,#1622,
    #1623,#1624,#1625,#1626,#1627,#1628,#1629,#1630,#1631),
  .UNSPECIFIED.,.T.,.F.,(9,7,7,7,7,7,7,7,9),(0.,0.10889146203,
    0.214965346609,0.30293596741,0.409408244035,0.542019794825,
    0.67413538727,0.816294339842,1.),.UNSPECIFIED.);
#1574 = CARTESIAN_POINT('',(29.394659732711,-4.5,20.435116324556));
#1575 = CARTESIAN_POINT('',(29.394659732711,-4.735619789444,
    20.435116324556));
#1576 = CARTESIAN_POINT('',(29.406774182996,-4.971242887987,
    20.417690269348));
#1577 = CARTESIAN_POINT('',(29.431005529398,-5.204647523604,
    20.382835380167));
#1578 = CARTESIAN_POINT('',(29.467128753071,-5.43361709501,
    20.330750684113));
#1579 = CARTESIAN_POINT('',(29.514702543533,-5.655986586532,
    20.261824534276));
#1580 = CARTESIAN_POINT('',(29.573085792794,-5.869680512812,
    20.176630930463));
#1581 = CARTESIAN_POINT('',(29.641459410586,-6.072742393347,
    20.075934640545));
#1582 = CARTESIAN_POINT('',(29.794244931965,-6.449036980596,
    19.848457179557));
#1583 = CARTESIAN_POINT('',(29.880472882395,-6.628514765913,
    19.719028294805));
#1584 = CARTESIAN_POINT('',(29.97756370228,-6.798909196268,
    19.571829178224));
#1585 = CARTESIAN_POINT('',(30.085284165818,-6.957126449361,
    19.406518767748));
#1586 = CARTESIAN_POINT('',(30.203135200074,-7.099850187568,
    19.223024731614));
#1587 = CARTESIAN_POINT('',(30.330338862137,-7.223513951571,
    19.021595027393));
#1588 = CARTESIAN_POINT('',(30.465820482243,-7.324245930117,
    18.802902064034));
#1589 = CARTESIAN_POINT('',(30.726258018047,-7.458759651979,
    18.373592167607));
#1590 = CARTESIAN_POINT('',(30.845739598427,-7.499316082192,
    18.173447054367));
#1591 = CARTESIAN_POINT('',(30.965394472679,-7.518866811373,
    17.969559610796));
#1592 = CARTESIAN_POINT('',(31.084027440354,-7.517112200961,
    17.763792271174));
#1593 = CARTESIAN_POINT('',(31.200514409622,-7.494030425155,
    17.558074357332));
#1594 = CARTESIAN_POINT('',(31.313822025671,-7.449875781385,
    17.354373307203));
#1595 = CARTESIAN_POINT('',(31.423018817557,-7.385177818044,
    17.154658741494));
#1596 = CARTESIAN_POINT('',(31.653464286654,-7.198546360231,
    16.726300827618));
#1597 = CARTESIAN_POINT('',(31.767710675962,-7.071249397611,
    16.509156516289));
#1598 = CARTESIAN_POINT('',(31.870118510797,-6.92354420577,
    16.310556934925));
#1599 = CARTESIAN_POINT('',(31.961072357975,-6.759404483531,
    16.131052587262));
#1600 = CARTESIAN_POINT('',(32.041082551525,-6.582236702458,
    15.970779780692));
#1601 = CARTESIAN_POINT('',(32.110702732893,-6.394981873541,
    15.829582097975));
#1602 = CARTESIAN_POINT('',(32.170492613691,-6.200178622039,
    15.70709498517));
#1603 = CARTESIAN_POINT('',(32.283898849817,-5.750676905341,
    15.472902294993));
#1604 = CARTESIAN_POINT('',(32.332701155823,-5.491806258167,
    15.370595996797));
#1605 = CARTESIAN_POINT('',(32.368428606144,-5.226564247786,
    15.294910685174));
#1606 = CARTESIAN_POINT('',(32.391811185863,-4.957334085297,
    15.245062570895));
#1607 = CARTESIAN_POINT('',(32.40329779467,-4.686010930617,
    15.220526489692));
#1608 = CARTESIAN_POINT('',(32.403060051057,-4.414255116467,
    15.221089946851));
#1609 = CARTESIAN_POINT('',(32.390978362047,-4.14371801934,
    15.246893926577));
#1610 = CARTESIAN_POINT('',(32.342318828801,-3.609812092455,
    15.34984176282));
#1611 = CARTESIAN_POINT('',(32.305854696216,-3.346667041963,
    15.426746427085));
#1612 = CARTESIAN_POINT('',(32.256793812932,-3.088540603344,
    15.529642237895));
#1613 = CARTESIAN_POINT('',(32.194380080087,-2.837653136371,
    15.659395420223));
#1614 = CARTESIAN_POINT('',(32.117605828341,-2.597017000272,
    15.817061866788));
#1615 = CARTESIAN_POINT('',(32.025239418686,-2.370648747044,
    16.003699479242));
#1616 = CARTESIAN_POINT('',(31.915909219614,-2.163886539965,
    16.220099826976));
#1617 = CARTESIAN_POINT('',(31.651115510442,-1.790414279389,
    16.731285748886));
#1618 = CARTESIAN_POINT('',(31.487695277042,-1.620774631758,
    17.040590223853));
#1619 = CARTESIAN_POINT('',(31.3012763281,-1.498704965905,
    17.384384610742));
#1620 = CARTESIAN_POINT('',(31.097703888197,-1.439178402298,
    17.747953824096));
#1621 = CARTESIAN_POINT('',(30.885473048619,-1.448655927868,
    18.113574707707));
#1622 = CARTESIAN_POINT('',(30.675167828659,-1.525084476328,
    18.464152351455));
#1623 = CARTESIAN_POINT('',(30.47732124087,-1.657726429151,
    18.785190796289));
#1624 = CARTESIAN_POINT('',(30.07149558596,-2.045699804065,
    19.430123140729));
#1625 = CARTESIAN_POINT('',(29.874377003564,-2.32850143638,
    19.732319416025));
#1626 = CARTESIAN_POINT('',(29.711713693753,-2.652123779613,
    19.974906806285));
#1627 = CARTESIAN_POINT('',(29.583550564466,-3.001764709498,
    20.162584603104));
#1628 = CARTESIAN_POINT('',(29.488801384074,-3.36710533128,
    20.299695845698));
#1629 = CARTESIAN_POINT('',(29.426127038057,-3.741429009037,
    20.389853265199));
#1630 = CARTESIAN_POINT('',(29.394659732711,-4.120262617193,
    20.435116324556));
#1631 = CARTESIAN_POINT('',(29.394659732711,-4.5,20.435116324556));
#1632 = PCURVE('',#639,#1633);
#1633 = DEFINITIONAL_REPRESENTATION('',(#1634),#1693);
#1634 = B_SPLINE_CURVE_WITH_KNOTS('',8,(#1635,#1636,#1637,#1638,#1639,
    #1640,#1641,#1642,#1643,#1644,#1645,#1646,#1647,#1648,#1649,#1650,
    #1651,#1652,#1653,#1654,#1655,#1656,#1657,#1658,#1659,#1660,#1661,
    #1662,#1663,#1664,#1665,#1666,#1667,#1668,#1669,#1670,#1671,#1672,
    #1673,#1674,#1675,#1676,#1677,#1678,#1679,#1680,#1681,#1682,#1683,
    #1684,#1685,#1686,#1687,#1688,#1689,#1690,#1691,#1692),
  .UNSPECIFIED.,.F.,.F.,(9,7,7,7,7,7,7,7,9),(0.,0.10889146203,
    0.214965346609,0.30293596741,0.409408244035,0.542019794825,
    0.67413538727,0.816294339842,1.),.UNSPECIFIED.);
#1635 = CARTESIAN_POINT('',(2.150124172492,-4.));
#1636 = CARTESIAN_POINT('',(2.150124172492,-4.235619789444));
#1637 = CARTESIAN_POINT('',(2.150717000553,-4.471242887987));
#1638 = CARTESIAN_POINT('',(2.151902762912,-4.704647523604));
#1639 = CARTESIAN_POINT('',(2.153673301557,-4.93361709501));
#1640 = CARTESIAN_POINT('',(2.156012674597,-5.155986586532));
#1641 = CARTESIAN_POINT('',(2.158897528477,-5.369680512812));
#1642 = CARTESIAN_POINT('',(2.162297362047,-5.572742393347));
#1643 = CARTESIAN_POINT('',(2.169951676884,-5.949036980596));
#1644 = CARTESIAN_POINT('',(2.174295836799,-6.128514765913));
#1645 = CARTESIAN_POINT('',(2.179221318169,-6.298909196268));
#1646 = CARTESIAN_POINT('',(2.184732587554,-6.457126449361));
#1647 = CARTESIAN_POINT('',(2.190823906199,-6.599850187568));
#1648 = CARTESIAN_POINT('',(2.197478056883,-6.723513951571));
#1649 = CARTESIAN_POINT('',(2.204663731213,-6.824245930117));
#1650 = CARTESIAN_POINT('',(2.218689713326,-6.958759651979));
#1651 = CARTESIAN_POINT('',(2.225200622211,-6.999316082192));
#1652 = CARTESIAN_POINT('',(2.231803803454,-7.018866811373));
#1653 = CARTESIAN_POINT('',(2.238437942877,-7.017112200961));
#1654 = CARTESIAN_POINT('',(2.245041153493,-6.994030425155));
#1655 = CARTESIAN_POINT('',(2.251551861365,-6.949875781385));
#1656 = CARTESIAN_POINT('',(2.257909754101,-6.885177818044));
#1657 = CARTESIAN_POINT('',(2.27149665227,-6.698546360231));
#1658 = CARTESIAN_POINT('',(2.278350125565,-6.571249397611));
#1659 = CARTESIAN_POINT('',(2.284591375352,-6.42354420577));
#1660 = CARTESIAN_POINT('',(2.290212154226,-6.259404483531));
#1661 = CARTESIAN_POINT('',(2.295215768744,-6.082236702458));
#1662 = CARTESIAN_POINT('',(2.29961315349,-5.894981873541));
#1663 = CARTESIAN_POINT('',(2.303420421433,-5.700178622039));
#1664 = CARTESIAN_POINT('',(2.310688746963,-5.250676905341));
#1665 = CARTESIAN_POINT('',(2.313854896466,-4.991806258167));
#1666 = CARTESIAN_POINT('',(2.316192706639,-4.726564247786));
#1667 = CARTESIAN_POINT('',(2.317730693393,-4.457334085297));
#1668 = CARTESIAN_POINT('',(2.318487445613,-4.186010930617));
#1669 = CARTESIAN_POINT('',(2.318470373134,-3.914255116467));
#1670 = CARTESIAN_POINT('',(2.317674503159,-3.64371801934));
#1671 = CARTESIAN_POINT('',(2.314493822252,-3.109812092455));
#1672 = CARTESIAN_POINT('',(2.312116408509,-2.846667041963));
#1673 = CARTESIAN_POINT('',(2.308932246291,-2.588540603344));
#1674 = CARTESIAN_POINT('',(2.304910396878,-2.337653136371));
#1675 = CARTESIAN_POINT('',(2.300012059229,-2.097017000272));
#1676 = CARTESIAN_POINT('',(2.294195487882,-1.870648747044));
#1677 = CARTESIAN_POINT('',(2.287423477686,-1.663886539965));
#1678 = CARTESIAN_POINT('',(2.271342562706,-1.290414279389));
#1679 = CARTESIAN_POINT('',(2.261571327891,-1.120774631758));
#1680 = CARTESIAN_POINT('',(2.250648230435,-0.998704965905));
#1681 = CARTESIAN_POINT('',(2.239011389899,-0.939178402298));
#1682 = CARTESIAN_POINT('',(2.227205259875,-0.948655927868));
#1683 = CARTESIAN_POINT('',(2.215787066572,-1.025084476328));
#1684 = CARTESIAN_POINT('',(2.205253846806,-1.157726429151));
#1685 = CARTESIAN_POINT('',(2.183969147049,-1.545699804065));
#1686 = CARTESIAN_POINT('',(2.17389221531,-1.82850143638));
#1687 = CARTESIAN_POINT('',(2.165734476307,-2.152123779613));
#1688 = CARTESIAN_POINT('',(2.159386487272,-2.501764709498));
#1689 = CARTESIAN_POINT('',(2.154731119015,-2.86710533128));
#1690 = CARTESIAN_POINT('',(2.151664018009,-3.241429009037));
#1691 = CARTESIAN_POINT('',(2.150124172492,-3.620262617193));
#1692 = CARTESIAN_POINT('',(2.150124172492,-4.));
#1693 = ( GEOMETRIC_REPRESENTATION_CONTEXT(2) 
PARAMETRIC_REPRESENTATION_CONTEXT() REPRESENTATION_CONTEXT('2D SPACE',''
  ) );
#1694 = PCURVE('',#1695,#1700);
#1695 = CYLINDRICAL_SURFACE('',#1696,3.);
#1696 = AXIS2_PLACEMENT_3D('',#1697,#1698,#1699);
#1697 = CARTESIAN_POINT('',(29.791273890185,-4.5,17.2));
#1698 = DIRECTION('',(0.866025403784,0.,0.5));
#1699 = DIRECTION('',(-0.5,0.,0.866025403784));
#1700 = DEFINITIONAL_REPRESENTATION('',(#1701),#1760);
#1701 = B_SPLINE_CURVE_WITH_KNOTS('',8,(#1702,#1703,#1704,#1705,#1706,
    #1707,#1708,#1709,#1710,#1711,#1712,#1713,#1714,#1715,#1716,#1717,
    #1718,#1719,#1720,#1721,#1722,#1723,#1724,#1725,#1726,#1727,#1728,
    #1729,#1730,#1731,#1732,#1733,#1734,#1735,#1736,#1737,#1738,#1739,
    #1740,#1741,#1742,#1743,#1744,#1745,#1746,#1747,#1748,#1749,#1750,
    #1751,#1752,#1753,#1754,#1755,#1756,#1757,#1758,#1759),
  .UNSPECIFIED.,.F.,.F.,(9,7,7,7,7,7,7,7,9),(0.,0.10889146203,
    0.214965346609,0.30293596741,0.409408244035,0.542019794825,
    0.67413538727,0.816294339842,1.),.UNSPECIFIED.);
#1702 = CARTESIAN_POINT('',(0.,1.274080226405));
#1703 = CARTESIAN_POINT('',(7.853992981455E-02,1.274080226405));
#1704 = CARTESIAN_POINT('',(0.157080837786,1.275858620501));
#1705 = CARTESIAN_POINT('',(0.235620913148,1.279416137463));
#1706 = CARTESIAN_POINT('',(0.31415888486,1.284657418803));
#1707 = CARTESIAN_POINT('',(0.392696466001,1.291394454978));
#1708 = CARTESIAN_POINT('',(0.471237171012,1.299359030088));
#1709 = CARTESIAN_POINT('',(0.549781505804,1.308224175085));
#1710 = CARTESIAN_POINT('',(0.704823402272,1.326801587436));
#1711 = CARTESIAN_POINT('',(0.783632099638,1.336762740648));
#1712 = CARTESIAN_POINT('',(0.86475354009,1.347246298853));
#1713 = CARTESIAN_POINT('',(0.948241814686,1.357879751546));
#1714 = CARTESIAN_POINT('',(1.034206884859,1.368194723007));
#1715 = CARTESIAN_POINT('',(1.12281408352,1.377641473698));
#1716 = CARTESIAN_POINT('',(1.214295576349,1.385625516776));
#1717 = CARTESIAN_POINT('',(1.387535946931,1.396516090667));
#1718 = CARTESIAN_POINT('',(1.466078078636,1.399917617941));
#1719 = CARTESIAN_POINT('',(1.544617863642,1.401598056945));
#1720 = CARTESIAN_POINT('',(1.623155616636,1.401453550866));
#1721 = CARTESIAN_POINT('',(1.70169397103,1.399475268541));
#1722 = CARTESIAN_POINT('',(1.780234930642,1.395752017417));
#1723 = CARTESIAN_POINT('',(1.858777439495,1.390461930348));
#1724 = CARTESIAN_POINT('',(2.032371328169,1.375854603835));
#1725 = CARTESIAN_POINT('',(2.123874914807,1.366222723601));
#1726 = CARTESIAN_POINT('',(2.212284551055,1.355610719433));
#1727 = CARTESIAN_POINT('',(2.297937784212,1.34462688783));
#1728 = CARTESIAN_POINT('',(2.381113229183,1.333781344721));
#1729 = CARTESIAN_POINT('',(2.462048399467,1.323475349044));
#1730 = CARTESIAN_POINT('',(2.540945090445,1.314011348301));
#1731 = CARTESIAN_POINT('',(2.713958381869,1.295127684645));
#1732 = CARTESIAN_POINT('',(2.807521438449,1.286238572312));
#1733 = CARTESIAN_POINT('',(2.899338137132,1.27933679609));
#1734 = CARTESIAN_POINT('',(2.98995965071,1.274662646994));
#1735 = CARTESIAN_POINT('',(3.079911940375,1.272342301422));
#1736 = CARTESIAN_POINT('',(3.16971375345,1.272418137993));
#1737 = CARTESIAN_POINT('',(3.259889446175,1.274857078253));
#1738 = CARTESIAN_POINT('',(3.441834013806,1.284190604448));
#1739 = CARTESIAN_POINT('',(3.53351121745,1.291064071435));
#1740 = CARTESIAN_POINT('',(3.626690923836,1.300024005583));
#1741 = CARTESIAN_POINT('',(3.721956021375,1.310848718558));
#1742 = CARTESIAN_POINT('',(3.819892758714,1.323193489472));
#1743 = CARTESIAN_POINT('',(3.92111726552,1.336520638482));
#1744 = CARTESIAN_POINT('',(4.026327897155,1.350038082551));
#1745 = CARTESIAN_POINT('',(4.254902688019,1.376312964601));
#1746 = CARTESIAN_POINT('',(4.383427576099,1.389439128468));
#1747 = CARTESIAN_POINT('',(4.517406756502,1.399892776382));
#1748 = CARTESIAN_POINT('',(4.654120828437,1.405378478593));
#1749 = CARTESIAN_POINT('',(4.791440409987,1.404391621857));
#1750 = CARTESIAN_POINT('',(4.927327574603,1.397550780698));
#1751 = CARTESIAN_POINT('',(5.059356556754,1.386729832037));
#1752 = CARTESIAN_POINT('',(5.34421815271,1.357740677597));
#1753 = CARTESIAN_POINT('',(5.494016588796,1.338129115332));
#1754 = CARTESIAN_POINT('',(5.635844410581,1.318552251902));
#1755 = CARTESIAN_POINT('',(5.771462024958,1.301398624521));
#1756 = CARTESIAN_POINT('',(5.902467971964,1.287899048611));
#1757 = CARTESIAN_POINT('',(6.030327321093,1.278700182545));
#1758 = CARTESIAN_POINT('',(6.156606179577,1.274080226405));
#1759 = CARTESIAN_POINT('',(6.28318530718,1.274080226405));
#1760 = ( GEOMETRIC_REPRESENTATION_CONTEXT(2) 
PARAMETRIC_REPRESENTATION_CONTEXT() REPRESENTATION_CONTEXT('2D SPACE',''
  ) );
#1761 = ADVANCED_FACE('',(#1762),#666,.F.);
#1762 = FACE_BOUND('',#1763,.F.);
#1763 = EDGE_LOOP('',(#1764,#1794,#1822,#1850,#1878,#1906,#1934,#1955,
    #1956,#1957));
#1764 = ORIENTED_EDGE('',*,*,#1765,.F.);
#1765 = EDGE_CURVE('',#1766,#1768,#1770,.T.);
#1766 = VERTEX_POINT('',#1767);
#1767 = CARTESIAN_POINT('',(-12.,2.7,115.8));
#1768 = VERTEX_POINT('',#1769);
#1769 = CARTESIAN_POINT('',(-12.,2.7,32.8));
#1770 = SURFACE_CURVE('',#1771,(#1775,#1782),.PCURVE_S1.);
#1771 = LINE('',#1772,#1773);
#1772 = CARTESIAN_POINT('',(-12.,2.7,115.8));
#1773 = VECTOR('',#1774,1.);
#1774 = DIRECTION('',(0.,0.,-1.));
#1775 = PCURVE('',#666,#1776);
#1776 = DEFINITIONAL_REPRESENTATION('',(#1777),#1781);
#1777 = LINE('',#1778,#1779);
#1778 = CARTESIAN_POINT('',(83.,-11.2));
#1779 = VECTOR('',#1780,1.);
#1780 = DIRECTION('',(-1.,0.));
#1781 = ( GEOMETRIC_REPRESENTATION_CONTEXT(2) 
PARAMETRIC_REPRESENTATION_CONTEXT() REPRESENTATION_CONTEXT('2D SPACE',''
  ) );
#1782 = PCURVE('',#1783,#1788);
#1783 = CYLINDRICAL_SURFACE('',#1784,0.8);
#1784 = AXIS2_PLACEMENT_3D('',#1785,#1786,#1787);
#1785 = CARTESIAN_POINT('',(-11.2,2.7,32.8));
#1786 = DIRECTION('',(0.,0.,1.));
#1787 = DIRECTION('',(-1.,-0.,0.));
#1788 = DEFINITIONAL_REPRESENTATION('',(#1789),#1793);
#1789 = LINE('',#1790,#1791);
#1790 = CARTESIAN_POINT('',(-0.,83.));
#1791 = VECTOR('',#1792,1.);
#1792 = DIRECTION('',(-0.,-1.));
#1793 = ( GEOMETRIC_REPRESENTATION_CONTEXT(2) 
PARAMETRIC_REPRESENTATION_CONTEXT() REPRESENTATION_CONTEXT('2D SPACE',''
  ) );
#1794 = ORIENTED_EDGE('',*,*,#1795,.F.);
#1795 = EDGE_CURVE('',#1796,#1766,#1798,.T.);
#1796 = VERTEX_POINT('',#1797);
#1797 = CARTESIAN_POINT('',(-12.,2.309401076759,115.8));
#1798 = SURFACE_CURVE('',#1799,(#1803,#1810),.PCURVE_S1.);
#1799 = LINE('',#1800,#1801);
#1800 = CARTESIAN_POINT('',(-12.,-8.5,115.8));
#1801 = VECTOR('',#1802,1.);
#1802 = DIRECTION('',(-0.,1.,0.));
#1803 = PCURVE('',#666,#1804);
#1804 = DEFINITIONAL_REPRESENTATION('',(#1805),#1809);
#1805 = LINE('',#1806,#1807);
#1806 = CARTESIAN_POINT('',(83.,0.));
#1807 = VECTOR('',#1808,1.);
#1808 = DIRECTION('',(0.,-1.));
#1809 = ( GEOMETRIC_REPRESENTATION_CONTEXT(2) 
PARAMETRIC_REPRESENTATION_CONTEXT() REPRESENTATION_CONTEXT('2D SPACE',''
  ) );
#1810 = PCURVE('',#1811,#1816);
#1811 = PLANE('',#1812);
#1812 = AXIS2_PLACEMENT_3D('',#1813,#1814,#1815);
#1813 = CARTESIAN_POINT('',(-12.,-8.5,115.8));
#1814 = DIRECTION('',(0.,0.,1.));
#1815 = DIRECTION('',(1.,0.,-0.));
#1816 = DEFINITIONAL_REPRESENTATION('',(#1817),#1821);
#1817 = LINE('',#1818,#1819);
#1818 = CARTESIAN_POINT('',(0.,0.));
#1819 = VECTOR('',#1820,1.);
#1820 = DIRECTION('',(0.,1.));
#1821 = ( GEOMETRIC_REPRESENTATION_CONTEXT(2) 
PARAMETRIC_REPRESENTATION_CONTEXT() REPRESENTATION_CONTEXT('2D SPACE',''
  ) );
#1822 = ORIENTED_EDGE('',*,*,#1823,.T.);
#1823 = EDGE_CURVE('',#1796,#1824,#1826,.T.);
#1824 = VERTEX_POINT('',#1825);
#1825 = CARTESIAN_POINT('',(-12.,6.732050807569,123.46025403784));
#1826 = SURFACE_CURVE('',#1827,(#1831,#1838),.PCURVE_S1.);
#1827 = LINE('',#1828,#1829);
#1828 = CARTESIAN_POINT('',(-12.,-1.267949192431,109.60384757729));
#1829 = VECTOR('',#1830,1.);
#1830 = DIRECTION('',(0.,0.5,0.866025403784));
#1831 = PCURVE('',#666,#1832);
#1832 = DEFINITIONAL_REPRESENTATION('',(#1833),#1837);
#1833 = LINE('',#1834,#1835);
#1834 = CARTESIAN_POINT('',(76.803847577293,-7.232050807569));
#1835 = VECTOR('',#1836,1.);
#1836 = DIRECTION('',(0.866025403784,-0.5));
#1837 = ( GEOMETRIC_REPRESENTATION_CONTEXT(2) 
PARAMETRIC_REPRESENTATION_CONTEXT() REPRESENTATION_CONTEXT('2D SPACE',''
  ) );
#1838 = PCURVE('',#1839,#1844);
#1839 = PLANE('',#1840);
#1840 = AXIS2_PLACEMENT_3D('',#1841,#1842,#1843);
#1841 = CARTESIAN_POINT('',(-20.,6.732050807569,123.46025403784));
#1842 = DIRECTION('',(0.,-0.866025403784,0.5));
#1843 = DIRECTION('',(1.,0.,0.));
#1844 = DEFINITIONAL_REPRESENTATION('',(#1845),#1849);
#1845 = LINE('',#1846,#1847);
#1846 = CARTESIAN_POINT('',(8.,-16.));
#1847 = VECTOR('',#1848,1.);
#1848 = DIRECTION('',(0.,1.));
#1849 = ( GEOMETRIC_REPRESENTATION_CONTEXT(2) 
PARAMETRIC_REPRESENTATION_CONTEXT() REPRESENTATION_CONTEXT('2D SPACE',''
  ) );
#1850 = ORIENTED_EDGE('',*,*,#1851,.F.);
#1851 = EDGE_CURVE('',#1852,#1824,#1854,.T.);
#1852 = VERTEX_POINT('',#1853);
#1853 = CARTESIAN_POINT('',(-12.,3.267949192431,125.46025403784));
#1854 = SURFACE_CURVE('',#1855,(#1859,#1866),.PCURVE_S1.);
#1855 = LINE('',#1856,#1857);
#1856 = CARTESIAN_POINT('',(-12.,6.732050807569,123.46025403784));
#1857 = VECTOR('',#1858,1.);
#1858 = DIRECTION('',(0.,0.866025403784,-0.5));
#1859 = PCURVE('',#666,#1860);
#1860 = DEFINITIONAL_REPRESENTATION('',(#1861),#1865);
#1861 = LINE('',#1862,#1863);
#1862 = CARTESIAN_POINT('',(90.660254037844,-15.23205080756));
#1863 = VECTOR('',#1864,1.);
#1864 = DIRECTION('',(-0.5,-0.866025403784));
#1865 = ( GEOMETRIC_REPRESENTATION_CONTEXT(2) 
PARAMETRIC_REPRESENTATION_CONTEXT() REPRESENTATION_CONTEXT('2D SPACE',''
  ) );
#1866 = PCURVE('',#1867,#1872);
#1867 = PLANE('',#1868);
#1868 = AXIS2_PLACEMENT_3D('',#1869,#1870,#1871);
#1869 = CARTESIAN_POINT('',(-20.,6.732050807569,123.46025403784));
#1870 = DIRECTION('',(0.,0.5,0.866025403784));
#1871 = DIRECTION('',(0.,-0.866025403784,0.5));
#1872 = DEFINITIONAL_REPRESENTATION('',(#1873),#1877);
#1873 = LINE('',#1874,#1875);
#1874 = CARTESIAN_POINT('',(0.,8.));
#1875 = VECTOR('',#1876,1.);
#1876 = DIRECTION('',(-1.,0.));
#1877 = ( GEOMETRIC_REPRESENTATION_CONTEXT(2) 
PARAMETRIC_REPRESENTATION_CONTEXT() REPRESENTATION_CONTEXT('2D SPACE',''
  ) );
#1878 = ORIENTED_EDGE('',*,*,#1879,.F.);
#1879 = EDGE_CURVE('',#1880,#1852,#1882,.T.);
#1880 = VERTEX_POINT('',#1881);
#1881 = CARTESIAN_POINT('',(-12.,-2.309401076759,115.8));
#1882 = SURFACE_CURVE('',#1883,(#1887,#1894),.PCURVE_S1.);
#1883 = LINE('',#1884,#1885);
#1884 = CARTESIAN_POINT('',(-12.,-4.732050807569,111.60384757729));
#1885 = VECTOR('',#1886,1.);
#1886 = DIRECTION('',(0.,0.5,0.866025403784));
#1887 = PCURVE('',#666,#1888);
#1888 = DEFINITIONAL_REPRESENTATION('',(#1889),#1893);
#1889 = LINE('',#1890,#1891);
#1890 = CARTESIAN_POINT('',(78.803847577293,-3.767949192431));
#1891 = VECTOR('',#1892,1.);
#1892 = DIRECTION('',(0.866025403784,-0.5));
#1893 = ( GEOMETRIC_REPRESENTATION_CONTEXT(2) 
PARAMETRIC_REPRESENTATION_CONTEXT() REPRESENTATION_CONTEXT('2D SPACE',''
  ) );
#1894 = PCURVE('',#1895,#1900);
#1895 = PLANE('',#1896);
#1896 = AXIS2_PLACEMENT_3D('',#1897,#1898,#1899);
#1897 = CARTESIAN_POINT('',(-20.,3.267949192431,125.46025403784));
#1898 = DIRECTION('',(0.,-0.866025403784,0.5));
#1899 = DIRECTION('',(1.,0.,0.));
#1900 = DEFINITIONAL_REPRESENTATION('',(#1901),#1905);
#1901 = LINE('',#1902,#1903);
#1902 = CARTESIAN_POINT('',(8.,-16.));
#1903 = VECTOR('',#1904,1.);
#1904 = DIRECTION('',(0.,1.));
#1905 = ( GEOMETRIC_REPRESENTATION_CONTEXT(2) 
PARAMETRIC_REPRESENTATION_CONTEXT() REPRESENTATION_CONTEXT('2D SPACE',''
  ) );
#1906 = ORIENTED_EDGE('',*,*,#1907,.F.);
#1907 = EDGE_CURVE('',#1908,#1880,#1910,.T.);
#1908 = VERTEX_POINT('',#1909);
#1909 = CARTESIAN_POINT('',(-12.,-7.7,115.8));
#1910 = SURFACE_CURVE('',#1911,(#1915,#1922),.PCURVE_S1.);
#1911 = LINE('',#1912,#1913);
#1912 = CARTESIAN_POINT('',(-12.,-8.5,115.8));
#1913 = VECTOR('',#1914,1.);
#1914 = DIRECTION('',(-0.,1.,0.));
#1915 = PCURVE('',#666,#1916);
#1916 = DEFINITIONAL_REPRESENTATION('',(#1917),#1921);
#1917 = LINE('',#1918,#1919);
#1918 = CARTESIAN_POINT('',(83.,0.));
#1919 = VECTOR('',#1920,1.);
#1920 = DIRECTION('',(0.,-1.));
#1921 = ( GEOMETRIC_REPRESENTATION_CONTEXT(2) 
PARAMETRIC_REPRESENTATION_CONTEXT() REPRESENTATION_CONTEXT('2D SPACE',''
  ) );
#1922 = PCURVE('',#1923,#1928);
#1923 = PLANE('',#1924);
#1924 = AXIS2_PLACEMENT_3D('',#1925,#1926,#1927);
#1925 = CARTESIAN_POINT('',(-12.,-8.5,115.8));
#1926 = DIRECTION('',(0.,0.,1.));
#1927 = DIRECTION('',(1.,0.,-0.));
#1928 = DEFINITIONAL_REPRESENTATION('',(#1929),#1933);
#1929 = LINE('',#1930,#1931);
#1930 = CARTESIAN_POINT('',(0.,0.));
#1931 = VECTOR('',#1932,1.);
#1932 = DIRECTION('',(0.,1.));
#1933 = ( GEOMETRIC_REPRESENTATION_CONTEXT(2) 
PARAMETRIC_REPRESENTATION_CONTEXT() REPRESENTATION_CONTEXT('2D SPACE',''
  ) );
#1934 = ORIENTED_EDGE('',*,*,#1935,.F.);
#1935 = EDGE_CURVE('',#1313,#1908,#1936,.T.);
#1936 = SURFACE_CURVE('',#1937,(#1941,#1948),.PCURVE_S1.);
#1937 = LINE('',#1938,#1939);
#1938 = CARTESIAN_POINT('',(-12.,-7.7,33.728919342309));
#1939 = VECTOR('',#1940,1.);
#1940 = DIRECTION('',(0.,0.,1.));
#1941 = PCURVE('',#666,#1942);
#1942 = DEFINITIONAL_REPRESENTATION('',(#1943),#1947);
#1943 = LINE('',#1944,#1945);
#1944 = CARTESIAN_POINT('',(0.928919342309,-0.8));
#1945 = VECTOR('',#1946,1.);
#1946 = DIRECTION('',(1.,0.));
#1947 = ( GEOMETRIC_REPRESENTATION_CONTEXT(2) 
PARAMETRIC_REPRESENTATION_CONTEXT() REPRESENTATION_CONTEXT('2D SPACE',''
  ) );
#1948 = PCURVE('',#1350,#1949);
#1949 = DEFINITIONAL_REPRESENTATION('',(#1950),#1954);
#1950 = LINE('',#1951,#1952);
#1951 = CARTESIAN_POINT('',(0.,0.928919342309));
#1952 = VECTOR('',#1953,1.);
#1953 = DIRECTION('',(0.,1.));
#1954 = ( GEOMETRIC_REPRESENTATION_CONTEXT(2) 
PARAMETRIC_REPRESENTATION_CONTEXT() REPRESENTATION_CONTEXT('2D SPACE',''
  ) );
#1955 = ORIENTED_EDGE('',*,*,#1373,.T.);
#1956 = ORIENTED_EDGE('',*,*,#651,.T.);
#1957 = ORIENTED_EDGE('',*,*,#1958,.T.);
#1958 = EDGE_CURVE('',#652,#1768,#1959,.T.);
#1959 = SURFACE_CURVE('',#1960,(#1964,#1971),.PCURVE_S1.);
#1960 = LINE('',#1961,#1962);
#1961 = CARTESIAN_POINT('',(-12.,-8.5,32.8));
#1962 = VECTOR('',#1963,1.);
#1963 = DIRECTION('',(-0.,1.,0.));
#1964 = PCURVE('',#666,#1965);
#1965 = DEFINITIONAL_REPRESENTATION('',(#1966),#1970);
#1966 = LINE('',#1967,#1968);
#1967 = CARTESIAN_POINT('',(0.,0.));
#1968 = VECTOR('',#1969,1.);
#1969 = DIRECTION('',(0.,-1.));
#1970 = ( GEOMETRIC_REPRESENTATION_CONTEXT(2) 
PARAMETRIC_REPRESENTATION_CONTEXT() REPRESENTATION_CONTEXT('2D SPACE',''
  ) );
#1971 = PCURVE('',#693,#1972);
#1972 = DEFINITIONAL_REPRESENTATION('',(#1973),#1977);
#1973 = LINE('',#1974,#1975);
#1974 = CARTESIAN_POINT('',(0.,0.));
#1975 = VECTOR('',#1976,1.);
#1976 = DIRECTION('',(0.,1.));
#1977 = ( GEOMETRIC_REPRESENTATION_CONTEXT(2) 
PARAMETRIC_REPRESENTATION_CONTEXT() REPRESENTATION_CONTEXT('2D SPACE',''
  ) );
#1978 = ADVANCED_FACE('',(#1979),#693,.F.);
#1979 = FACE_BOUND('',#1980,.F.);
#1980 = EDGE_LOOP('',(#1981,#1982,#1983,#2006,#2035,#2063));
#1981 = ORIENTED_EDGE('',*,*,#1958,.F.);
#1982 = ORIENTED_EDGE('',*,*,#678,.T.);
#1983 = ORIENTED_EDGE('',*,*,#1984,.T.);
#1984 = EDGE_CURVE('',#679,#1985,#1987,.T.);
#1985 = VERTEX_POINT('',#1986);
#1986 = CARTESIAN_POINT('',(12.,2.7,32.8));
#1987 = SURFACE_CURVE('',#1988,(#1992,#1999),.PCURVE_S1.);
#1988 = LINE('',#1989,#1990);
#1989 = CARTESIAN_POINT('',(12.,-8.5,32.8));
#1990 = VECTOR('',#1991,1.);
#1991 = DIRECTION('',(-0.,1.,0.));
#1992 = PCURVE('',#693,#1993);
#1993 = DEFINITIONAL_REPRESENTATION('',(#1994),#1998);
#1994 = LINE('',#1995,#1996);
#1995 = CARTESIAN_POINT('',(24.,0.));
#1996 = VECTOR('',#1997,1.);
#1997 = DIRECTION('',(0.,1.));
#1998 = ( GEOMETRIC_REPRESENTATION_CONTEXT(2) 
PARAMETRIC_REPRESENTATION_CONTEXT() REPRESENTATION_CONTEXT('2D SPACE',''
  ) );
#1999 = PCURVE('',#719,#2000);
#2000 = DEFINITIONAL_REPRESENTATION('',(#2001),#2005);
#2001 = LINE('',#2002,#2003);
#2002 = CARTESIAN_POINT('',(0.,0.));
#2003 = VECTOR('',#2004,1.);
#2004 = DIRECTION('',(0.,-1.));
#2005 = ( GEOMETRIC_REPRESENTATION_CONTEXT(2) 
PARAMETRIC_REPRESENTATION_CONTEXT() REPRESENTATION_CONTEXT('2D SPACE',''
  ) );
#2006 = ORIENTED_EDGE('',*,*,#2007,.T.);
#2007 = EDGE_CURVE('',#1985,#2008,#2010,.T.);
#2008 = VERTEX_POINT('',#2009);
#2009 = CARTESIAN_POINT('',(11.2,3.5,32.8));
#2010 = SURFACE_CURVE('',#2011,(#2016,#2023),.PCURVE_S1.);
#2011 = CIRCLE('',#2012,0.8);
#2012 = AXIS2_PLACEMENT_3D('',#2013,#2014,#2015);
#2013 = CARTESIAN_POINT('',(11.2,2.7,32.8));
#2014 = DIRECTION('',(0.,0.,1.));
#2015 = DIRECTION('',(0.,-1.,0.));
#2016 = PCURVE('',#693,#2017);
#2017 = DEFINITIONAL_REPRESENTATION('',(#2018),#2022);
#2018 = CIRCLE('',#2019,0.8);
#2019 = AXIS2_PLACEMENT_2D('',#2020,#2021);
#2020 = CARTESIAN_POINT('',(23.2,11.2));
#2021 = DIRECTION('',(0.,-1.));
#2022 = ( GEOMETRIC_REPRESENTATION_CONTEXT(2) 
PARAMETRIC_REPRESENTATION_CONTEXT() REPRESENTATION_CONTEXT('2D SPACE',''
  ) );
#2023 = PCURVE('',#2024,#2029);
#2024 = CYLINDRICAL_SURFACE('',#2025,0.8);
#2025 = AXIS2_PLACEMENT_3D('',#2026,#2027,#2028);
#2026 = CARTESIAN_POINT('',(11.2,2.7,32.8));
#2027 = DIRECTION('',(0.,0.,1.));
#2028 = DIRECTION('',(1.,0.,-0.));
#2029 = DEFINITIONAL_REPRESENTATION('',(#2030),#2034);
#2030 = LINE('',#2031,#2032);
#2031 = CARTESIAN_POINT('',(-1.570796326795,0.));
#2032 = VECTOR('',#2033,1.);
#2033 = DIRECTION('',(1.,0.));
#2034 = ( GEOMETRIC_REPRESENTATION_CONTEXT(2) 
PARAMETRIC_REPRESENTATION_CONTEXT() REPRESENTATION_CONTEXT('2D SPACE',''
  ) );
#2035 = ORIENTED_EDGE('',*,*,#2036,.F.);
#2036 = EDGE_CURVE('',#2037,#2008,#2039,.T.);
#2037 = VERTEX_POINT('',#2038);
#2038 = CARTESIAN_POINT('',(-11.2,3.5,32.8));
#2039 = SURFACE_CURVE('',#2040,(#2044,#2051),.PCURVE_S1.);
#2040 = LINE('',#2041,#2042);
#2041 = CARTESIAN_POINT('',(-12.,3.5,32.8));
#2042 = VECTOR('',#2043,1.);
#2043 = DIRECTION('',(1.,0.,-0.));
#2044 = PCURVE('',#693,#2045);
#2045 = DEFINITIONAL_REPRESENTATION('',(#2046),#2050);
#2046 = LINE('',#2047,#2048);
#2047 = CARTESIAN_POINT('',(0.,12.));
#2048 = VECTOR('',#2049,1.);
#2049 = DIRECTION('',(1.,0.));
#2050 = ( GEOMETRIC_REPRESENTATION_CONTEXT(2) 
PARAMETRIC_REPRESENTATION_CONTEXT() REPRESENTATION_CONTEXT('2D SPACE',''
  ) );
#2051 = PCURVE('',#2052,#2057);
#2052 = PLANE('',#2053);
#2053 = AXIS2_PLACEMENT_3D('',#2054,#2055,#2056);
#2054 = CARTESIAN_POINT('',(-12.,3.5,32.8));
#2055 = DIRECTION('',(-0.,1.,0.));
#2056 = DIRECTION('',(0.,0.,1.));
#2057 = DEFINITIONAL_REPRESENTATION('',(#2058),#2062);
#2058 = LINE('',#2059,#2060);
#2059 = CARTESIAN_POINT('',(0.,0.));
#2060 = VECTOR('',#2061,1.);
#2061 = DIRECTION('',(0.,1.));
#2062 = ( GEOMETRIC_REPRESENTATION_CONTEXT(2) 
PARAMETRIC_REPRESENTATION_CONTEXT() REPRESENTATION_CONTEXT('2D SPACE',''
  ) );
#2063 = ORIENTED_EDGE('',*,*,#2064,.F.);
#2064 = EDGE_CURVE('',#1768,#2037,#2065,.T.);
#2065 = SURFACE_CURVE('',#2066,(#2071,#2082),.PCURVE_S1.);
#2066 = CIRCLE('',#2067,0.8);
#2067 = AXIS2_PLACEMENT_3D('',#2068,#2069,#2070);
#2068 = CARTESIAN_POINT('',(-11.2,2.7,32.8));
#2069 = DIRECTION('',(-0.,-0.,-1.));
#2070 = DIRECTION('',(0.,-1.,0.));
#2071 = PCURVE('',#693,#2072);
#2072 = DEFINITIONAL_REPRESENTATION('',(#2073),#2081);
#2073 = ( BOUNDED_CURVE() B_SPLINE_CURVE(2,(#2074,#2075,#2076,#2077,
#2078,#2079,#2080),.UNSPECIFIED.,.T.,.F.) B_SPLINE_CURVE_WITH_KNOTS((1,2
    ,2,2,2,1),(-2.094395102393,0.,2.094395102393,4.188790204786,
6.28318530718,8.377580409573),.UNSPECIFIED.) CURVE() 
GEOMETRIC_REPRESENTATION_ITEM() RATIONAL_B_SPLINE_CURVE((1.,0.5,1.,0.5,
1.,0.5,1.)) REPRESENTATION_ITEM('') );
#2074 = CARTESIAN_POINT('',(0.8,10.4));
#2075 = CARTESIAN_POINT('',(-0.585640646055,10.4));
#2076 = CARTESIAN_POINT('',(0.107179676972,11.6));
#2077 = CARTESIAN_POINT('',(0.8,12.8));
#2078 = CARTESIAN_POINT('',(1.492820323028,11.6));
#2079 = CARTESIAN_POINT('',(2.185640646055,10.4));
#2080 = CARTESIAN_POINT('',(0.8,10.4));
#2081 = ( GEOMETRIC_REPRESENTATION_CONTEXT(2) 
PARAMETRIC_REPRESENTATION_CONTEXT() REPRESENTATION_CONTEXT('2D SPACE',''
  ) );
#2082 = PCURVE('',#1783,#2083);
#2083 = DEFINITIONAL_REPRESENTATION('',(#2084),#2088);
#2084 = LINE('',#2085,#2086);
#2085 = CARTESIAN_POINT('',(1.570796326795,-0.));
#2086 = VECTOR('',#2087,1.);
#2087 = DIRECTION('',(-1.,0.));
#2088 = ( GEOMETRIC_REPRESENTATION_CONTEXT(2) 
PARAMETRIC_REPRESENTATION_CONTEXT() REPRESENTATION_CONTEXT('2D SPACE',''
  ) );
#2089 = ADVANCED_FACE('',(#2090),#719,.T.);
#2090 = FACE_BOUND('',#2091,.T.);
#2091 = EDGE_LOOP('',(#2092,#2115,#2138,#2161,#2189,#2212,#2235,#2256,
    #2257,#2258));
#2092 = ORIENTED_EDGE('',*,*,#2093,.T.);
#2093 = EDGE_CURVE('',#1985,#2094,#2096,.T.);
#2094 = VERTEX_POINT('',#2095);
#2095 = CARTESIAN_POINT('',(12.,2.7,115.8));
#2096 = SURFACE_CURVE('',#2097,(#2101,#2108),.PCURVE_S1.);
#2097 = LINE('',#2098,#2099);
#2098 = CARTESIAN_POINT('',(12.,2.7,32.8));
#2099 = VECTOR('',#2100,1.);
#2100 = DIRECTION('',(0.,0.,1.));
#2101 = PCURVE('',#719,#2102);
#2102 = DEFINITIONAL_REPRESENTATION('',(#2103),#2107);
#2103 = LINE('',#2104,#2105);
#2104 = CARTESIAN_POINT('',(0.,-11.2));
#2105 = VECTOR('',#2106,1.);
#2106 = DIRECTION('',(1.,0.));
#2107 = ( GEOMETRIC_REPRESENTATION_CONTEXT(2) 
PARAMETRIC_REPRESENTATION_CONTEXT() REPRESENTATION_CONTEXT('2D SPACE',''
  ) );
#2108 = PCURVE('',#2024,#2109);
#2109 = DEFINITIONAL_REPRESENTATION('',(#2110),#2114);
#2110 = LINE('',#2111,#2112);
#2111 = CARTESIAN_POINT('',(0.,0.));
#2112 = VECTOR('',#2113,1.);
#2113 = DIRECTION('',(0.,1.));
#2114 = ( GEOMETRIC_REPRESENTATION_CONTEXT(2) 
PARAMETRIC_REPRESENTATION_CONTEXT() REPRESENTATION_CONTEXT('2D SPACE',''
  ) );
#2115 = ORIENTED_EDGE('',*,*,#2116,.F.);
#2116 = EDGE_CURVE('',#2117,#2094,#2119,.T.);
#2117 = VERTEX_POINT('',#2118);
#2118 = CARTESIAN_POINT('',(12.,2.309401076759,115.8));
#2119 = SURFACE_CURVE('',#2120,(#2124,#2131),.PCURVE_S1.);
#2120 = LINE('',#2121,#2122);
#2121 = CARTESIAN_POINT('',(12.,-8.5,115.8));
#2122 = VECTOR('',#2123,1.);
#2123 = DIRECTION('',(-0.,1.,0.));
#2124 = PCURVE('',#719,#2125);
#2125 = DEFINITIONAL_REPRESENTATION('',(#2126),#2130);
#2126 = LINE('',#2127,#2128);
#2127 = CARTESIAN_POINT('',(83.,0.));
#2128 = VECTOR('',#2129,1.);
#2129 = DIRECTION('',(0.,-1.));
#2130 = ( GEOMETRIC_REPRESENTATION_CONTEXT(2) 
PARAMETRIC_REPRESENTATION_CONTEXT() REPRESENTATION_CONTEXT('2D SPACE',''
  ) );
#2131 = PCURVE('',#1811,#2132);
#2132 = DEFINITIONAL_REPRESENTATION('',(#2133),#2137);
#2133 = LINE('',#2134,#2135);
#2134 = CARTESIAN_POINT('',(24.,0.));
#2135 = VECTOR('',#2136,1.);
#2136 = DIRECTION('',(0.,1.));
#2137 = ( GEOMETRIC_REPRESENTATION_CONTEXT(2) 
PARAMETRIC_REPRESENTATION_CONTEXT() REPRESENTATION_CONTEXT('2D SPACE',''
  ) );
#2138 = ORIENTED_EDGE('',*,*,#2139,.T.);
#2139 = EDGE_CURVE('',#2117,#2140,#2142,.T.);
#2140 = VERTEX_POINT('',#2141);
#2141 = CARTESIAN_POINT('',(12.,6.732050807569,123.46025403784));
#2142 = SURFACE_CURVE('',#2143,(#2147,#2154),.PCURVE_S1.);
#2143 = LINE('',#2144,#2145);
#2144 = CARTESIAN_POINT('',(12.,-1.267949192431,109.60384757729));
#2145 = VECTOR('',#2146,1.);
#2146 = DIRECTION('',(0.,0.5,0.866025403784));
#2147 = PCURVE('',#719,#2148);
#2148 = DEFINITIONAL_REPRESENTATION('',(#2149),#2153);
#2149 = LINE('',#2150,#2151);
#2150 = CARTESIAN_POINT('',(76.803847577293,-7.232050807569));
#2151 = VECTOR('',#2152,1.);
#2152 = DIRECTION('',(0.866025403784,-0.5));
#2153 = ( GEOMETRIC_REPRESENTATION_CONTEXT(2) 
PARAMETRIC_REPRESENTATION_CONTEXT() REPRESENTATION_CONTEXT('2D SPACE',''
  ) );
#2154 = PCURVE('',#1839,#2155);
#2155 = DEFINITIONAL_REPRESENTATION('',(#2156),#2160);
#2156 = LINE('',#2157,#2158);
#2157 = CARTESIAN_POINT('',(32.,-16.));
#2158 = VECTOR('',#2159,1.);
#2159 = DIRECTION('',(0.,1.));
#2160 = ( GEOMETRIC_REPRESENTATION_CONTEXT(2) 
PARAMETRIC_REPRESENTATION_CONTEXT() REPRESENTATION_CONTEXT('2D SPACE',''
  ) );
#2161 = ORIENTED_EDGE('',*,*,#2162,.F.);
#2162 = EDGE_CURVE('',#2163,#2140,#2165,.T.);
#2163 = VERTEX_POINT('',#2164);
#2164 = CARTESIAN_POINT('',(12.,3.267949192431,125.46025403784));
#2165 = SURFACE_CURVE('',#2166,(#2170,#2177),.PCURVE_S1.);
#2166 = LINE('',#2167,#2168);
#2167 = CARTESIAN_POINT('',(12.,6.732050807569,123.46025403784));
#2168 = VECTOR('',#2169,1.);
#2169 = DIRECTION('',(0.,0.866025403784,-0.5));
#2170 = PCURVE('',#719,#2171);
#2171 = DEFINITIONAL_REPRESENTATION('',(#2172),#2176);
#2172 = LINE('',#2173,#2174);
#2173 = CARTESIAN_POINT('',(90.660254037844,-15.23205080756));
#2174 = VECTOR('',#2175,1.);
#2175 = DIRECTION('',(-0.5,-0.866025403784));
#2176 = ( GEOMETRIC_REPRESENTATION_CONTEXT(2) 
PARAMETRIC_REPRESENTATION_CONTEXT() REPRESENTATION_CONTEXT('2D SPACE',''
  ) );
#2177 = PCURVE('',#2178,#2183);
#2178 = PLANE('',#2179);
#2179 = AXIS2_PLACEMENT_3D('',#2180,#2181,#2182);
#2180 = CARTESIAN_POINT('',(-20.,6.732050807569,123.46025403784));
#2181 = DIRECTION('',(0.,0.5,0.866025403784));
#2182 = DIRECTION('',(0.,-0.866025403784,0.5));
#2183 = DEFINITIONAL_REPRESENTATION('',(#2184),#2188);
#2184 = LINE('',#2185,#2186);
#2185 = CARTESIAN_POINT('',(0.,32.));
#2186 = VECTOR('',#2187,1.);
#2187 = DIRECTION('',(-1.,0.));
#2188 = ( GEOMETRIC_REPRESENTATION_CONTEXT(2) 
PARAMETRIC_REPRESENTATION_CONTEXT() REPRESENTATION_CONTEXT('2D SPACE',''
  ) );
#2189 = ORIENTED_EDGE('',*,*,#2190,.F.);
#2190 = EDGE_CURVE('',#2191,#2163,#2193,.T.);
#2191 = VERTEX_POINT('',#2192);
#2192 = CARTESIAN_POINT('',(12.,-2.309401076759,115.8));
#2193 = SURFACE_CURVE('',#2194,(#2198,#2205),.PCURVE_S1.);
#2194 = LINE('',#2195,#2196);
#2195 = CARTESIAN_POINT('',(12.,-4.732050807569,111.60384757729));
#2196 = VECTOR('',#2197,1.);
#2197 = DIRECTION('',(0.,0.5,0.866025403784));
#2198 = PCURVE('',#719,#2199);
#2199 = DEFINITIONAL_REPRESENTATION('',(#2200),#2204);
#2200 = LINE('',#2201,#2202);
#2201 = CARTESIAN_POINT('',(78.803847577293,-3.767949192431));
#2202 = VECTOR('',#2203,1.);
#2203 = DIRECTION('',(0.866025403784,-0.5));
#2204 = ( GEOMETRIC_REPRESENTATION_CONTEXT(2) 
PARAMETRIC_REPRESENTATION_CONTEXT() REPRESENTATION_CONTEXT('2D SPACE',''
  ) );
#2205 = PCURVE('',#1895,#2206);
#2206 = DEFINITIONAL_REPRESENTATION('',(#2207),#2211);
#2207 = LINE('',#2208,#2209);
#2208 = CARTESIAN_POINT('',(32.,-16.));
#2209 = VECTOR('',#2210,1.);
#2210 = DIRECTION('',(0.,1.));
#2211 = ( GEOMETRIC_REPRESENTATION_CONTEXT(2) 
PARAMETRIC_REPRESENTATION_CONTEXT() REPRESENTATION_CONTEXT('2D SPACE',''
  ) );
#2212 = ORIENTED_EDGE('',*,*,#2213,.F.);
#2213 = EDGE_CURVE('',#2214,#2191,#2216,.T.);
#2214 = VERTEX_POINT('',#2215);
#2215 = CARTESIAN_POINT('',(12.,-7.7,115.8));
#2216 = SURFACE_CURVE('',#2217,(#2221,#2228),.PCURVE_S1.);
#2217 = LINE('',#2218,#2219);
#2218 = CARTESIAN_POINT('',(12.,-8.5,115.8));
#2219 = VECTOR('',#2220,1.);
#2220 = DIRECTION('',(-0.,1.,0.));
#2221 = PCURVE('',#719,#2222);
#2222 = DEFINITIONAL_REPRESENTATION('',(#2223),#2227);
#2223 = LINE('',#2224,#2225);
#2224 = CARTESIAN_POINT('',(83.,0.));
#2225 = VECTOR('',#2226,1.);
#2226 = DIRECTION('',(0.,-1.));
#2227 = ( GEOMETRIC_REPRESENTATION_CONTEXT(2) 
PARAMETRIC_REPRESENTATION_CONTEXT() REPRESENTATION_CONTEXT('2D SPACE',''
  ) );
#2228 = PCURVE('',#1923,#2229);
#2229 = DEFINITIONAL_REPRESENTATION('',(#2230),#2234);
#2230 = LINE('',#2231,#2232);
#2231 = CARTESIAN_POINT('',(24.,0.));
#2232 = VECTOR('',#2233,1.);
#2233 = DIRECTION('',(0.,1.));
#2234 = ( GEOMETRIC_REPRESENTATION_CONTEXT(2) 
PARAMETRIC_REPRESENTATION_CONTEXT() REPRESENTATION_CONTEXT('2D SPACE',''
  ) );
#2235 = ORIENTED_EDGE('',*,*,#2236,.T.);
#2236 = EDGE_CURVE('',#2214,#1197,#2237,.T.);
#2237 = SURFACE_CURVE('',#2238,(#2242,#2249),.PCURVE_S1.);
#2238 = LINE('',#2239,#2240);
#2239 = CARTESIAN_POINT('',(12.,-7.7,115.8));
#2240 = VECTOR('',#2241,1.);
#2241 = DIRECTION('',(0.,0.,-1.));
#2242 = PCURVE('',#719,#2243);
#2243 = DEFINITIONAL_REPRESENTATION('',(#2244),#2248);
#2244 = LINE('',#2245,#2246);
#2245 = CARTESIAN_POINT('',(83.,-0.8));
#2246 = VECTOR('',#2247,1.);
#2247 = DIRECTION('',(-1.,0.));
#2248 = ( GEOMETRIC_REPRESENTATION_CONTEXT(2) 
PARAMETRIC_REPRESENTATION_CONTEXT() REPRESENTATION_CONTEXT('2D SPACE',''
  ) );
#2249 = PCURVE('',#1256,#2250);
#2250 = DEFINITIONAL_REPRESENTATION('',(#2251),#2255);
#2251 = LINE('',#2252,#2253);
#2252 = CARTESIAN_POINT('',(-0.,83.));
#2253 = VECTOR('',#2254,1.);
#2254 = DIRECTION('',(-0.,-1.));
#2255 = ( GEOMETRIC_REPRESENTATION_CONTEXT(2) 
PARAMETRIC_REPRESENTATION_CONTEXT() REPRESENTATION_CONTEXT('2D SPACE',''
  ) );
#2256 = ORIENTED_EDGE('',*,*,#1196,.T.);
#2257 = ORIENTED_EDGE('',*,*,#704,.T.);
#2258 = ORIENTED_EDGE('',*,*,#1984,.T.);
#2259 = ADVANCED_FACE('',(#2260),#772,.T.);
#2260 = FACE_BOUND('',#2261,.F.);
#2261 = EDGE_LOOP('',(#2262,#2263,#2264,#2265));
#2262 = ORIENTED_EDGE('',*,*,#755,.T.);
#2263 = ORIENTED_EDGE('',*,*,#1091,.T.);
#2264 = ORIENTED_EDGE('',*,*,#904,.F.);
#2265 = ORIENTED_EDGE('',*,*,#1174,.F.);
#2266 = ADVANCED_FACE('',(#2267,#2293),#997,.T.);
#2267 = FACE_BOUND('',#2268,.T.);
#2268 = EDGE_LOOP('',(#2269));
#2269 = ORIENTED_EDGE('',*,*,#2270,.T.);
#2270 = EDGE_CURVE('',#2271,#2271,#2273,.T.);
#2271 = VERTEX_POINT('',#2272);
#2272 = CARTESIAN_POINT('',(28.291273890185,-4.5,19.798076211353));
#2273 = SURFACE_CURVE('',#2274,(#2279,#2286),.PCURVE_S1.);
#2274 = CIRCLE('',#2275,3.);
#2275 = AXIS2_PLACEMENT_3D('',#2276,#2277,#2278);
#2276 = CARTESIAN_POINT('',(29.791273890185,-4.5,17.2));
#2277 = DIRECTION('',(0.866025403784,0.,0.5));
#2278 = DIRECTION('',(-0.5,0.,0.866025403784));
#2279 = PCURVE('',#997,#2280);
#2280 = DEFINITIONAL_REPRESENTATION('',(#2281),#2285);
#2281 = CIRCLE('',#2282,3.);
#2282 = AXIS2_PLACEMENT_2D('',#2283,#2284);
#2283 = CARTESIAN_POINT('',(0.,0.));
#2284 = DIRECTION('',(1.,0.));
#2285 = ( GEOMETRIC_REPRESENTATION_CONTEXT(2) 
PARAMETRIC_REPRESENTATION_CONTEXT() REPRESENTATION_CONTEXT('2D SPACE',''
  ) );
#2286 = PCURVE('',#1695,#2287);
#2287 = DEFINITIONAL_REPRESENTATION('',(#2288),#2292);
#2288 = LINE('',#2289,#2290);
#2289 = CARTESIAN_POINT('',(0.,0.));
#2290 = VECTOR('',#2291,1.);
#2291 = DIRECTION('',(1.,0.));
#2292 = ( GEOMETRIC_REPRESENTATION_CONTEXT(2) 
PARAMETRIC_REPRESENTATION_CONTEXT() REPRESENTATION_CONTEXT('2D SPACE',''
  ) );
#2293 = FACE_BOUND('',#2294,.T.);
#2294 = EDGE_LOOP('',(#2295));
#2295 = ORIENTED_EDGE('',*,*,#980,.F.);
#2296 = ADVANCED_FACE('',(#2297,#2323),#1052,.T.);
#2297 = FACE_BOUND('',#2298,.T.);
#2298 = EDGE_LOOP('',(#2299));
#2299 = ORIENTED_EDGE('',*,*,#2300,.T.);
#2300 = EDGE_CURVE('',#2301,#2301,#2303,.T.);
#2301 = VERTEX_POINT('',#2302);
#2302 = CARTESIAN_POINT('',(-31.29127389018,-4.5,14.601923788647));
#2303 = SURFACE_CURVE('',#2304,(#2309,#2316),.PCURVE_S1.);
#2304 = CIRCLE('',#2305,3.);
#2305 = AXIS2_PLACEMENT_3D('',#2306,#2307,#2308);
#2306 = CARTESIAN_POINT('',(-29.79127389018,-4.5,17.2));
#2307 = DIRECTION('',(-0.866025403784,0.,0.5));
#2308 = DIRECTION('',(-0.5,0.,-0.866025403784));
#2309 = PCURVE('',#1052,#2310);
#2310 = DEFINITIONAL_REPRESENTATION('',(#2311),#2315);
#2311 = CIRCLE('',#2312,3.);
#2312 = AXIS2_PLACEMENT_2D('',#2313,#2314);
#2313 = CARTESIAN_POINT('',(0.,0.));
#2314 = DIRECTION('',(1.,0.));
#2315 = ( GEOMETRIC_REPRESENTATION_CONTEXT(2) 
PARAMETRIC_REPRESENTATION_CONTEXT() REPRESENTATION_CONTEXT('2D SPACE',''
  ) );
#2316 = PCURVE('',#1507,#2317);
#2317 = DEFINITIONAL_REPRESENTATION('',(#2318),#2322);
#2318 = LINE('',#2319,#2320);
#2319 = CARTESIAN_POINT('',(0.,0.));
#2320 = VECTOR('',#2321,1.);
#2321 = DIRECTION('',(1.,0.));
#2322 = ( GEOMETRIC_REPRESENTATION_CONTEXT(2) 
PARAMETRIC_REPRESENTATION_CONTEXT() REPRESENTATION_CONTEXT('2D SPACE',''
  ) );
#2323 = FACE_BOUND('',#2324,.T.);
#2324 = EDGE_LOOP('',(#2325));
#2325 = ORIENTED_EDGE('',*,*,#1035,.F.);
#2326 = ADVANCED_FACE('',(#2327),#1350,.T.);
#2327 = FACE_BOUND('',#2328,.T.);
#2328 = EDGE_LOOP('',(#2329,#2330,#2331,#2354));
#2329 = ORIENTED_EDGE('',*,*,#1935,.F.);
#2330 = ORIENTED_EDGE('',*,*,#1312,.T.);
#2331 = ORIENTED_EDGE('',*,*,#2332,.T.);
#2332 = EDGE_CURVE('',#1280,#2333,#2335,.T.);
#2333 = VERTEX_POINT('',#2334);
#2334 = CARTESIAN_POINT('',(-11.2,-8.5,115.8));
#2335 = SURFACE_CURVE('',#2336,(#2340,#2347),.PCURVE_S1.);
#2336 = LINE('',#2337,#2338);
#2337 = CARTESIAN_POINT('',(-11.2,-8.5,34.002941049268));
#2338 = VECTOR('',#2339,1.);
#2339 = DIRECTION('',(0.,0.,1.));
#2340 = PCURVE('',#1350,#2341);
#2341 = DEFINITIONAL_REPRESENTATION('',(#2342),#2346);
#2342 = LINE('',#2343,#2344);
#2343 = CARTESIAN_POINT('',(1.570796326795,1.202941049268));
#2344 = VECTOR('',#2345,1.);
#2345 = DIRECTION('',(0.,1.));
#2346 = ( GEOMETRIC_REPRESENTATION_CONTEXT(2) 
PARAMETRIC_REPRESENTATION_CONTEXT() REPRESENTATION_CONTEXT('2D SPACE',''
  ) );
#2347 = PCURVE('',#1296,#2348);
#2348 = DEFINITIONAL_REPRESENTATION('',(#2349),#2353);
#2349 = LINE('',#2350,#2351);
#2350 = CARTESIAN_POINT('',(1.202941049268,0.8));
#2351 = VECTOR('',#2352,1.);
#2352 = DIRECTION('',(1.,0.));
#2353 = ( GEOMETRIC_REPRESENTATION_CONTEXT(2) 
PARAMETRIC_REPRESENTATION_CONTEXT() REPRESENTATION_CONTEXT('2D SPACE',''
  ) );
#2354 = ORIENTED_EDGE('',*,*,#2355,.F.);
#2355 = EDGE_CURVE('',#1908,#2333,#2356,.T.);
#2356 = SURFACE_CURVE('',#2357,(#2362,#2369),.PCURVE_S1.);
#2357 = CIRCLE('',#2358,0.8);
#2358 = AXIS2_PLACEMENT_3D('',#2359,#2360,#2361);
#2359 = CARTESIAN_POINT('',(-11.2,-7.7,115.8));
#2360 = DIRECTION('',(0.,0.,1.));
#2361 = DIRECTION('',(0.,-1.,0.));
#2362 = PCURVE('',#1350,#2363);
#2363 = DEFINITIONAL_REPRESENTATION('',(#2364),#2368);
#2364 = LINE('',#2365,#2366);
#2365 = CARTESIAN_POINT('',(-4.712388980385,83.));
#2366 = VECTOR('',#2367,1.);
#2367 = DIRECTION('',(1.,0.));
#2368 = ( GEOMETRIC_REPRESENTATION_CONTEXT(2) 
PARAMETRIC_REPRESENTATION_CONTEXT() REPRESENTATION_CONTEXT('2D SPACE',''
  ) );
#2369 = PCURVE('',#1923,#2370);
#2370 = DEFINITIONAL_REPRESENTATION('',(#2371),#2375);
#2371 = CIRCLE('',#2372,0.8);
#2372 = AXIS2_PLACEMENT_2D('',#2373,#2374);
#2373 = CARTESIAN_POINT('',(0.8,0.8));
#2374 = DIRECTION('',(0.,-1.));
#2375 = ( GEOMETRIC_REPRESENTATION_CONTEXT(2) 
PARAMETRIC_REPRESENTATION_CONTEXT() REPRESENTATION_CONTEXT('2D SPACE',''
  ) );
#2376 = ADVANCED_FACE('',(#2377),#1296,.F.);
#2377 = FACE_BOUND('',#2378,.F.);
#2378 = EDGE_LOOP('',(#2379,#2380,#2403,#2424));
#2379 = ORIENTED_EDGE('',*,*,#2332,.T.);
#2380 = ORIENTED_EDGE('',*,*,#2381,.T.);
#2381 = EDGE_CURVE('',#2333,#2382,#2384,.T.);
#2382 = VERTEX_POINT('',#2383);
#2383 = CARTESIAN_POINT('',(11.2,-8.5,115.8));
#2384 = SURFACE_CURVE('',#2385,(#2389,#2396),.PCURVE_S1.);
#2385 = LINE('',#2386,#2387);
#2386 = CARTESIAN_POINT('',(-12.,-8.5,115.8));
#2387 = VECTOR('',#2388,1.);
#2388 = DIRECTION('',(1.,0.,-0.));
#2389 = PCURVE('',#1296,#2390);
#2390 = DEFINITIONAL_REPRESENTATION('',(#2391),#2395);
#2391 = LINE('',#2392,#2393);
#2392 = CARTESIAN_POINT('',(83.,0.));
#2393 = VECTOR('',#2394,1.);
#2394 = DIRECTION('',(0.,1.));
#2395 = ( GEOMETRIC_REPRESENTATION_CONTEXT(2) 
PARAMETRIC_REPRESENTATION_CONTEXT() REPRESENTATION_CONTEXT('2D SPACE',''
  ) );
#2396 = PCURVE('',#1923,#2397);
#2397 = DEFINITIONAL_REPRESENTATION('',(#2398),#2402);
#2398 = LINE('',#2399,#2400);
#2399 = CARTESIAN_POINT('',(0.,0.));
#2400 = VECTOR('',#2401,1.);
#2401 = DIRECTION('',(1.,0.));
#2402 = ( GEOMETRIC_REPRESENTATION_CONTEXT(2) 
PARAMETRIC_REPRESENTATION_CONTEXT() REPRESENTATION_CONTEXT('2D SPACE',''
  ) );
#2403 = ORIENTED_EDGE('',*,*,#2404,.F.);
#2404 = EDGE_CURVE('',#1219,#2382,#2405,.T.);
#2405 = SURFACE_CURVE('',#2406,(#2410,#2417),.PCURVE_S1.);
#2406 = LINE('',#2407,#2408);
#2407 = CARTESIAN_POINT('',(11.2,-8.5,34.002941049268));
#2408 = VECTOR('',#2409,1.);
#2409 = DIRECTION('',(0.,0.,1.));
#2410 = PCURVE('',#1296,#2411);
#2411 = DEFINITIONAL_REPRESENTATION('',(#2412),#2416);
#2412 = LINE('',#2413,#2414);
#2413 = CARTESIAN_POINT('',(1.202941049268,23.2));
#2414 = VECTOR('',#2415,1.);
#2415 = DIRECTION('',(1.,0.));
#2416 = ( GEOMETRIC_REPRESENTATION_CONTEXT(2) 
PARAMETRIC_REPRESENTATION_CONTEXT() REPRESENTATION_CONTEXT('2D SPACE',''
  ) );
#2417 = PCURVE('',#1256,#2418);
#2418 = DEFINITIONAL_REPRESENTATION('',(#2419),#2423);
#2419 = LINE('',#2420,#2421);
#2420 = CARTESIAN_POINT('',(-1.570796326795,1.202941049268));
#2421 = VECTOR('',#2422,1.);
#2422 = DIRECTION('',(-0.,1.));
#2423 = ( GEOMETRIC_REPRESENTATION_CONTEXT(2) 
PARAMETRIC_REPRESENTATION_CONTEXT() REPRESENTATION_CONTEXT('2D SPACE',''
  ) );
#2424 = ORIENTED_EDGE('',*,*,#1279,.T.);
#2425 = ADVANCED_FACE('',(#2426),#1256,.T.);
#2426 = FACE_BOUND('',#2427,.F.);
#2427 = EDGE_LOOP('',(#2428,#2429,#2430,#2456));
#2428 = ORIENTED_EDGE('',*,*,#1218,.T.);
#2429 = ORIENTED_EDGE('',*,*,#2404,.T.);
#2430 = ORIENTED_EDGE('',*,*,#2431,.F.);
#2431 = EDGE_CURVE('',#2214,#2382,#2432,.T.);
#2432 = SURFACE_CURVE('',#2433,(#2438,#2445),.PCURVE_S1.);
#2433 = CIRCLE('',#2434,0.8);
#2434 = AXIS2_PLACEMENT_3D('',#2435,#2436,#2437);
#2435 = CARTESIAN_POINT('',(11.2,-7.7,115.8));
#2436 = DIRECTION('',(-0.,-0.,-1.));
#2437 = DIRECTION('',(0.,-1.,0.));
#2438 = PCURVE('',#1256,#2439);
#2439 = DEFINITIONAL_REPRESENTATION('',(#2440),#2444);
#2440 = LINE('',#2441,#2442);
#2441 = CARTESIAN_POINT('',(4.712388980385,83.));
#2442 = VECTOR('',#2443,1.);
#2443 = DIRECTION('',(-1.,0.));
#2444 = ( GEOMETRIC_REPRESENTATION_CONTEXT(2) 
PARAMETRIC_REPRESENTATION_CONTEXT() REPRESENTATION_CONTEXT('2D SPACE',''
  ) );
#2445 = PCURVE('',#1923,#2446);
#2446 = DEFINITIONAL_REPRESENTATION('',(#2447),#2455);
#2447 = ( BOUNDED_CURVE() B_SPLINE_CURVE(2,(#2448,#2449,#2450,#2451,
#2452,#2453,#2454),.UNSPECIFIED.,.T.,.F.) B_SPLINE_CURVE_WITH_KNOTS((1,2
    ,2,2,2,1),(-2.094395102393,0.,2.094395102393,4.188790204786,
6.28318530718,8.377580409573),.UNSPECIFIED.) CURVE() 
GEOMETRIC_REPRESENTATION_ITEM() RATIONAL_B_SPLINE_CURVE((1.,0.5,1.,0.5,
1.,0.5,1.)) REPRESENTATION_ITEM('') );
#2448 = CARTESIAN_POINT('',(23.2,-2.22044604925E-16));
#2449 = CARTESIAN_POINT('',(21.814359353945,-2.22044604925E-16));
#2450 = CARTESIAN_POINT('',(22.507179676972,1.2));
#2451 = CARTESIAN_POINT('',(23.2,2.4));
#2452 = CARTESIAN_POINT('',(23.892820323028,1.2));
#2453 = CARTESIAN_POINT('',(24.585640646055,9.992007221626E-16));
#2454 = CARTESIAN_POINT('',(23.2,-2.22044604925E-16));
#2455 = ( GEOMETRIC_REPRESENTATION_CONTEXT(2) 
PARAMETRIC_REPRESENTATION_CONTEXT() REPRESENTATION_CONTEXT('2D SPACE',''
  ) );
#2456 = ORIENTED_EDGE('',*,*,#2236,.T.);
#2457 = ADVANCED_FACE('',(#2458),#1507,.F.);
#2458 = FACE_BOUND('',#2459,.F.);
#2459 = EDGE_LOOP('',(#2460,#2461,#2482,#2483));
#2460 = ORIENTED_EDGE('',*,*,#1395,.F.);
#2461 = ORIENTED_EDGE('',*,*,#2462,.F.);
#2462 = EDGE_CURVE('',#2301,#1396,#2463,.T.);
#2463 = SEAM_CURVE('',#2464,(#2468,#2475),.PCURVE_S1.);
#2464 = LINE('',#2465,#2466);
#2465 = CARTESIAN_POINT('',(-31.29127389018,-4.5,14.601923788647));
#2466 = VECTOR('',#2467,1.);
#2467 = DIRECTION('',(-0.866025403784,0.,0.5));
#2468 = PCURVE('',#1507,#2469);
#2469 = DEFINITIONAL_REPRESENTATION('',(#2470),#2474);
#2470 = LINE('',#2471,#2472);
#2471 = CARTESIAN_POINT('',(6.28318530718,-0.));
#2472 = VECTOR('',#2473,1.);
#2473 = DIRECTION('',(0.,1.));
#2474 = ( GEOMETRIC_REPRESENTATION_CONTEXT(2) 
PARAMETRIC_REPRESENTATION_CONTEXT() REPRESENTATION_CONTEXT('2D SPACE',''
  ) );
#2475 = PCURVE('',#1507,#2476);
#2476 = DEFINITIONAL_REPRESENTATION('',(#2477),#2481);
#2477 = LINE('',#2478,#2479);
#2478 = CARTESIAN_POINT('',(0.,-0.));
#2479 = VECTOR('',#2480,1.);
#2480 = DIRECTION('',(0.,1.));
#2481 = ( GEOMETRIC_REPRESENTATION_CONTEXT(2) 
PARAMETRIC_REPRESENTATION_CONTEXT() REPRESENTATION_CONTEXT('2D SPACE',''
  ) );
#2482 = ORIENTED_EDGE('',*,*,#2300,.T.);
#2483 = ORIENTED_EDGE('',*,*,#2462,.T.);
#2484 = ADVANCED_FACE('',(#2485),#1695,.F.);
#2485 = FACE_BOUND('',#2486,.F.);
#2486 = EDGE_LOOP('',(#2487,#2488,#2509,#2510));
#2487 = ORIENTED_EDGE('',*,*,#1569,.F.);
#2488 = ORIENTED_EDGE('',*,*,#2489,.F.);
#2489 = EDGE_CURVE('',#2271,#1570,#2490,.T.);
#2490 = SEAM_CURVE('',#2491,(#2495,#2502),.PCURVE_S1.);
#2491 = LINE('',#2492,#2493);
#2492 = CARTESIAN_POINT('',(28.291273890185,-4.5,19.798076211353));
#2493 = VECTOR('',#2494,1.);
#2494 = DIRECTION('',(0.866025403784,0.,0.5));
#2495 = PCURVE('',#1695,#2496);
#2496 = DEFINITIONAL_REPRESENTATION('',(#2497),#2501);
#2497 = LINE('',#2498,#2499);
#2498 = CARTESIAN_POINT('',(6.28318530718,-0.));
#2499 = VECTOR('',#2500,1.);
#2500 = DIRECTION('',(0.,1.));
#2501 = ( GEOMETRIC_REPRESENTATION_CONTEXT(2) 
PARAMETRIC_REPRESENTATION_CONTEXT() REPRESENTATION_CONTEXT('2D SPACE',''
  ) );
#2502 = PCURVE('',#1695,#2503);
#2503 = DEFINITIONAL_REPRESENTATION('',(#2504),#2508);
#2504 = LINE('',#2505,#2506);
#2505 = CARTESIAN_POINT('',(0.,-0.));
#2506 = VECTOR('',#2507,1.);
#2507 = DIRECTION('',(0.,1.));
#2508 = ( GEOMETRIC_REPRESENTATION_CONTEXT(2) 
PARAMETRIC_REPRESENTATION_CONTEXT() REPRESENTATION_CONTEXT('2D SPACE',''
  ) );
#2509 = ORIENTED_EDGE('',*,*,#2270,.T.);
#2510 = ORIENTED_EDGE('',*,*,#2489,.T.);
#2511 = ADVANCED_FACE('',(#2512),#1783,.T.);
#2512 = FACE_BOUND('',#2513,.F.);
#2513 = EDGE_LOOP('',(#2514,#2515,#2538,#2564));
#2514 = ORIENTED_EDGE('',*,*,#2064,.T.);
#2515 = ORIENTED_EDGE('',*,*,#2516,.F.);
#2516 = EDGE_CURVE('',#2517,#2037,#2519,.T.);
#2517 = VERTEX_POINT('',#2518);
#2518 = CARTESIAN_POINT('',(-11.2,3.5,115.8));
#2519 = SURFACE_CURVE('',#2520,(#2524,#2531),.PCURVE_S1.);
#2520 = LINE('',#2521,#2522);
#2521 = CARTESIAN_POINT('',(-11.2,3.5,115.8));
#2522 = VECTOR('',#2523,1.);
#2523 = DIRECTION('',(0.,0.,-1.));
#2524 = PCURVE('',#1783,#2525);
#2525 = DEFINITIONAL_REPRESENTATION('',(#2526),#2530);
#2526 = LINE('',#2527,#2528);
#2527 = CARTESIAN_POINT('',(-1.570796326795,83.));
#2528 = VECTOR('',#2529,1.);
#2529 = DIRECTION('',(-0.,-1.));
#2530 = ( GEOMETRIC_REPRESENTATION_CONTEXT(2) 
PARAMETRIC_REPRESENTATION_CONTEXT() REPRESENTATION_CONTEXT('2D SPACE',''
  ) );
#2531 = PCURVE('',#2052,#2532);
#2532 = DEFINITIONAL_REPRESENTATION('',(#2533),#2537);
#2533 = LINE('',#2534,#2535);
#2534 = CARTESIAN_POINT('',(83.,0.8));
#2535 = VECTOR('',#2536,1.);
#2536 = DIRECTION('',(-1.,0.));
#2537 = ( GEOMETRIC_REPRESENTATION_CONTEXT(2) 
PARAMETRIC_REPRESENTATION_CONTEXT() REPRESENTATION_CONTEXT('2D SPACE',''
  ) );
#2538 = ORIENTED_EDGE('',*,*,#2539,.F.);
#2539 = EDGE_CURVE('',#1766,#2517,#2540,.T.);
#2540 = SURFACE_CURVE('',#2541,(#2546,#2553),.PCURVE_S1.);
#2541 = CIRCLE('',#2542,0.8);
#2542 = AXIS2_PLACEMENT_3D('',#2543,#2544,#2545);
#2543 = CARTESIAN_POINT('',(-11.2,2.7,115.8));
#2544 = DIRECTION('',(-0.,-0.,-1.));
#2545 = DIRECTION('',(0.,-1.,0.));
#2546 = PCURVE('',#1783,#2547);
#2547 = DEFINITIONAL_REPRESENTATION('',(#2548),#2552);
#2548 = LINE('',#2549,#2550);
#2549 = CARTESIAN_POINT('',(1.570796326795,83.));
#2550 = VECTOR('',#2551,1.);
#2551 = DIRECTION('',(-1.,0.));
#2552 = ( GEOMETRIC_REPRESENTATION_CONTEXT(2) 
PARAMETRIC_REPRESENTATION_CONTEXT() REPRESENTATION_CONTEXT('2D SPACE',''
  ) );
#2553 = PCURVE('',#1811,#2554);
#2554 = DEFINITIONAL_REPRESENTATION('',(#2555),#2563);
#2555 = ( BOUNDED_CURVE() B_SPLINE_CURVE(2,(#2556,#2557,#2558,#2559,
#2560,#2561,#2562),.UNSPECIFIED.,.T.,.F.) B_SPLINE_CURVE_WITH_KNOTS((1,2
    ,2,2,2,1),(-2.094395102393,0.,2.094395102393,4.188790204786,
6.28318530718,8.377580409573),.UNSPECIFIED.) CURVE() 
GEOMETRIC_REPRESENTATION_ITEM() RATIONAL_B_SPLINE_CURVE((1.,0.5,1.,0.5,
1.,0.5,1.)) REPRESENTATION_ITEM('') );
#2556 = CARTESIAN_POINT('',(0.8,10.4));
#2557 = CARTESIAN_POINT('',(-0.585640646055,10.4));
#2558 = CARTESIAN_POINT('',(0.107179676972,11.6));
#2559 = CARTESIAN_POINT('',(0.8,12.8));
#2560 = CARTESIAN_POINT('',(1.492820323028,11.6));
#2561 = CARTESIAN_POINT('',(2.185640646055,10.4));
#2562 = CARTESIAN_POINT('',(0.8,10.4));
#2563 = ( GEOMETRIC_REPRESENTATION_CONTEXT(2) 
PARAMETRIC_REPRESENTATION_CONTEXT() REPRESENTATION_CONTEXT('2D SPACE',''
  ) );
#2564 = ORIENTED_EDGE('',*,*,#1765,.T.);
#2565 = ADVANCED_FACE('',(#2566),#2052,.T.);
#2566 = FACE_BOUND('',#2567,.T.);
#2567 = EDGE_LOOP('',(#2568,#2569,#2570,#2593));
#2568 = ORIENTED_EDGE('',*,*,#2036,.F.);
#2569 = ORIENTED_EDGE('',*,*,#2516,.F.);
#2570 = ORIENTED_EDGE('',*,*,#2571,.T.);
#2571 = EDGE_CURVE('',#2517,#2572,#2574,.T.);
#2572 = VERTEX_POINT('',#2573);
#2573 = CARTESIAN_POINT('',(11.2,3.5,115.8));
#2574 = SURFACE_CURVE('',#2575,(#2579,#2586),.PCURVE_S1.);
#2575 = LINE('',#2576,#2577);
#2576 = CARTESIAN_POINT('',(-12.,3.5,115.8));
#2577 = VECTOR('',#2578,1.);
#2578 = DIRECTION('',(1.,0.,-0.));
#2579 = PCURVE('',#2052,#2580);
#2580 = DEFINITIONAL_REPRESENTATION('',(#2581),#2585);
#2581 = LINE('',#2582,#2583);
#2582 = CARTESIAN_POINT('',(83.,0.));
#2583 = VECTOR('',#2584,1.);
#2584 = DIRECTION('',(0.,1.));
#2585 = ( GEOMETRIC_REPRESENTATION_CONTEXT(2) 
PARAMETRIC_REPRESENTATION_CONTEXT() REPRESENTATION_CONTEXT('2D SPACE',''
  ) );
#2586 = PCURVE('',#1811,#2587);
#2587 = DEFINITIONAL_REPRESENTATION('',(#2588),#2592);
#2588 = LINE('',#2589,#2590);
#2589 = CARTESIAN_POINT('',(0.,12.));
#2590 = VECTOR('',#2591,1.);
#2591 = DIRECTION('',(1.,0.));
#2592 = ( GEOMETRIC_REPRESENTATION_CONTEXT(2) 
PARAMETRIC_REPRESENTATION_CONTEXT() REPRESENTATION_CONTEXT('2D SPACE',''
  ) );
#2593 = ORIENTED_EDGE('',*,*,#2594,.T.);
#2594 = EDGE_CURVE('',#2572,#2008,#2595,.T.);
#2595 = SURFACE_CURVE('',#2596,(#2600,#2607),.PCURVE_S1.);
#2596 = LINE('',#2597,#2598);
#2597 = CARTESIAN_POINT('',(11.2,3.5,115.8));
#2598 = VECTOR('',#2599,1.);
#2599 = DIRECTION('',(0.,0.,-1.));
#2600 = PCURVE('',#2052,#2601);
#2601 = DEFINITIONAL_REPRESENTATION('',(#2602),#2606);
#2602 = LINE('',#2603,#2604);
#2603 = CARTESIAN_POINT('',(83.,23.2));
#2604 = VECTOR('',#2605,1.);
#2605 = DIRECTION('',(-1.,0.));
#2606 = ( GEOMETRIC_REPRESENTATION_CONTEXT(2) 
PARAMETRIC_REPRESENTATION_CONTEXT() REPRESENTATION_CONTEXT('2D SPACE',''
  ) );
#2607 = PCURVE('',#2024,#2608);
#2608 = DEFINITIONAL_REPRESENTATION('',(#2609),#2613);
#2609 = LINE('',#2610,#2611);
#2610 = CARTESIAN_POINT('',(1.570796326795,83.));
#2611 = VECTOR('',#2612,1.);
#2612 = DIRECTION('',(-0.,-1.));
#2613 = ( GEOMETRIC_REPRESENTATION_CONTEXT(2) 
PARAMETRIC_REPRESENTATION_CONTEXT() REPRESENTATION_CONTEXT('2D SPACE',''
  ) );
#2614 = ADVANCED_FACE('',(#2615),#2024,.T.);
#2615 = FACE_BOUND('',#2616,.T.);
#2616 = EDGE_LOOP('',(#2617,#2618,#2619,#2641));
#2617 = ORIENTED_EDGE('',*,*,#2007,.T.);
#2618 = ORIENTED_EDGE('',*,*,#2594,.F.);
#2619 = ORIENTED_EDGE('',*,*,#2620,.F.);
#2620 = EDGE_CURVE('',#2094,#2572,#2621,.T.);
#2621 = SURFACE_CURVE('',#2622,(#2627,#2634),.PCURVE_S1.);
#2622 = CIRCLE('',#2623,0.8);
#2623 = AXIS2_PLACEMENT_3D('',#2624,#2625,#2626);
#2624 = CARTESIAN_POINT('',(11.2,2.7,115.8));
#2625 = DIRECTION('',(0.,0.,1.));
#2626 = DIRECTION('',(0.,-1.,0.));
#2627 = PCURVE('',#2024,#2628);
#2628 = DEFINITIONAL_REPRESENTATION('',(#2629),#2633);
#2629 = LINE('',#2630,#2631);
#2630 = CARTESIAN_POINT('',(-1.570796326795,83.));
#2631 = VECTOR('',#2632,1.);
#2632 = DIRECTION('',(1.,0.));
#2633 = ( GEOMETRIC_REPRESENTATION_CONTEXT(2) 
PARAMETRIC_REPRESENTATION_CONTEXT() REPRESENTATION_CONTEXT('2D SPACE',''
  ) );
#2634 = PCURVE('',#1811,#2635);
#2635 = DEFINITIONAL_REPRESENTATION('',(#2636),#2640);
#2636 = CIRCLE('',#2637,0.8);
#2637 = AXIS2_PLACEMENT_2D('',#2638,#2639);
#2638 = CARTESIAN_POINT('',(23.2,11.2));
#2639 = DIRECTION('',(0.,-1.));
#2640 = ( GEOMETRIC_REPRESENTATION_CONTEXT(2) 
PARAMETRIC_REPRESENTATION_CONTEXT() REPRESENTATION_CONTEXT('2D SPACE',''
  ) );
#2641 = ORIENTED_EDGE('',*,*,#2093,.F.);
#2642 = ADVANCED_FACE('',(#2643),#1923,.T.);
#2643 = FACE_BOUND('',#2644,.T.);
#2644 = EDGE_LOOP('',(#2645,#2646,#2647,#2648,#2649,#2650));
#2645 = ORIENTED_EDGE('',*,*,#1907,.F.);
#2646 = ORIENTED_EDGE('',*,*,#2355,.T.);
#2647 = ORIENTED_EDGE('',*,*,#2381,.T.);
#2648 = ORIENTED_EDGE('',*,*,#2431,.F.);
#2649 = ORIENTED_EDGE('',*,*,#2213,.T.);
#2650 = ORIENTED_EDGE('',*,*,#2651,.F.);
#2651 = EDGE_CURVE('',#1880,#2191,#2652,.T.);
#2652 = SURFACE_CURVE('',#2653,(#2657,#2663),.PCURVE_S1.);
#2653 = LINE('',#2654,#2655);
#2654 = CARTESIAN_POINT('',(-16.,-2.309401076759,115.8));
#2655 = VECTOR('',#2656,1.);
#2656 = DIRECTION('',(1.,0.,-0.));
#2657 = PCURVE('',#1923,#2658);
#2658 = DEFINITIONAL_REPRESENTATION('',(#2659),#2662);
#2659 = B_SPLINE_CURVE_WITH_KNOTS('',1,(#2660,#2661),.UNSPECIFIED.,.F.,
  .F.,(2,2),(4.,28.),.PIECEWISE_BEZIER_KNOTS.);
#2660 = CARTESIAN_POINT('',(0.,6.190598923241));
#2661 = CARTESIAN_POINT('',(24.,6.190598923241));
#2662 = ( GEOMETRIC_REPRESENTATION_CONTEXT(2) 
PARAMETRIC_REPRESENTATION_CONTEXT() REPRESENTATION_CONTEXT('2D SPACE',''
  ) );
#2663 = PCURVE('',#1895,#2664);
#2664 = DEFINITIONAL_REPRESENTATION('',(#2665),#2668);
#2665 = B_SPLINE_CURVE_WITH_KNOTS('',1,(#2666,#2667),.UNSPECIFIED.,.F.,
  .F.,(2,2),(4.,28.),.PIECEWISE_BEZIER_KNOTS.);
#2666 = CARTESIAN_POINT('',(8.,-11.15470053837));
#2667 = CARTESIAN_POINT('',(32.,-11.15470053837));
#2668 = ( GEOMETRIC_REPRESENTATION_CONTEXT(2) 
PARAMETRIC_REPRESENTATION_CONTEXT() REPRESENTATION_CONTEXT('2D SPACE',''
  ) );
#2669 = ADVANCED_FACE('',(#2670),#1811,.T.);
#2670 = FACE_BOUND('',#2671,.T.);
#2671 = EDGE_LOOP('',(#2672,#2673,#2694,#2720,#2746,#2772,#2793,#2819,
    #2845,#2871,#2890,#2891,#2892,#2893));
#2672 = ORIENTED_EDGE('',*,*,#1795,.F.);
#2673 = ORIENTED_EDGE('',*,*,#2674,.T.);
#2674 = EDGE_CURVE('',#1796,#2675,#2677,.T.);
#2675 = VERTEX_POINT('',#2676);
#2676 = CARTESIAN_POINT('',(-11.8,2.309401076758,115.8));
#2677 = SURFACE_CURVE('',#2678,(#2682,#2688),.PCURVE_S1.);
#2678 = LINE('',#2679,#2680);
#2679 = CARTESIAN_POINT('',(-16.,2.309401076759,115.8));
#2680 = VECTOR('',#2681,1.);
#2681 = DIRECTION('',(1.,0.,-0.));
#2682 = PCURVE('',#1811,#2683);
#2683 = DEFINITIONAL_REPRESENTATION('',(#2684),#2687);
#2684 = B_SPLINE_CURVE_WITH_KNOTS('',1,(#2685,#2686),.UNSPECIFIED.,.F.,
  .F.,(2,2),(4.,28.),.PIECEWISE_BEZIER_KNOTS.);
#2685 = CARTESIAN_POINT('',(0.,10.809401076759));
#2686 = CARTESIAN_POINT('',(24.,10.809401076759));
#2687 = ( GEOMETRIC_REPRESENTATION_CONTEXT(2) 
PARAMETRIC_REPRESENTATION_CONTEXT() REPRESENTATION_CONTEXT('2D SPACE',''
  ) );
#2688 = PCURVE('',#1839,#2689);
#2689 = DEFINITIONAL_REPRESENTATION('',(#2690),#2693);
#2690 = B_SPLINE_CURVE_WITH_KNOTS('',1,(#2691,#2692),.UNSPECIFIED.,.F.,
  .F.,(2,2),(4.,28.),.PIECEWISE_BEZIER_KNOTS.);
#2691 = CARTESIAN_POINT('',(8.,-8.845299461621));
#2692 = CARTESIAN_POINT('',(32.,-8.845299461621));
#2693 = ( GEOMETRIC_REPRESENTATION_CONTEXT(2) 
PARAMETRIC_REPRESENTATION_CONTEXT() REPRESENTATION_CONTEXT('2D SPACE',''
  ) );
#2694 = ORIENTED_EDGE('',*,*,#2695,.T.);
#2695 = EDGE_CURVE('',#2675,#2696,#2698,.T.);
#2696 = VERTEX_POINT('',#2697);
#2697 = CARTESIAN_POINT('',(-11.8,2.972338487148,115.8));
#2698 = SURFACE_CURVE('',#2699,(#2703,#2709),.PCURVE_S1.);
#2699 = LINE('',#2700,#2701);
#2700 = CARTESIAN_POINT('',(-11.8,-4.19029463579,115.8));
#2701 = VECTOR('',#2702,1.);
#2702 = DIRECTION('',(0.,1.,0.));
#2703 = PCURVE('',#1811,#2704);
#2704 = DEFINITIONAL_REPRESENTATION('',(#2705),#2708);
#2705 = B_SPLINE_CURVE_WITH_KNOTS('',1,(#2706,#2707),.UNSPECIFIED.,.F.,
  .F.,(2,2),(-1.80970536421,7.19029463579),.PIECEWISE_BEZIER_KNOTS.);
#2706 = CARTESIAN_POINT('',(0.2,2.5));
#2707 = CARTESIAN_POINT('',(0.2,11.5));
#2708 = ( GEOMETRIC_REPRESENTATION_CONTEXT(2) 
PARAMETRIC_REPRESENTATION_CONTEXT() REPRESENTATION_CONTEXT('2D SPACE',''
  ) );
#2709 = PCURVE('',#2710,#2715);
#2710 = PLANE('',#2711);
#2711 = AXIS2_PLACEMENT_3D('',#2712,#2713,#2714);
#2712 = CARTESIAN_POINT('',(-11.8,0.119410728421,108.79910994066));
#2713 = DIRECTION('',(1.,0.,0.));
#2714 = DIRECTION('',(-0.,0.,1.));
#2715 = DEFINITIONAL_REPRESENTATION('',(#2716),#2719);
#2716 = B_SPLINE_CURVE_WITH_KNOTS('',1,(#2717,#2718),.UNSPECIFIED.,.F.,
  .F.,(2,2),(-1.80970536421,7.19029463579),.PIECEWISE_BEZIER_KNOTS.);
#2717 = CARTESIAN_POINT('',(7.000890059335,6.119410728421));
#2718 = CARTESIAN_POINT('',(7.000890059335,-2.880589271579));
#2719 = ( GEOMETRIC_REPRESENTATION_CONTEXT(2) 
PARAMETRIC_REPRESENTATION_CONTEXT() REPRESENTATION_CONTEXT('2D SPACE',''
  ) );
#2720 = ORIENTED_EDGE('',*,*,#2721,.T.);
#2721 = EDGE_CURVE('',#2696,#2722,#2724,.T.);
#2722 = VERTEX_POINT('',#2723);
#2723 = CARTESIAN_POINT('',(-9.2,2.972338487148,115.8));
#2724 = SURFACE_CURVE('',#2725,(#2729,#2735),.PCURVE_S1.);
#2725 = LINE('',#2726,#2727);
#2726 = CARTESIAN_POINT('',(-11.9,2.972338487148,115.8));
#2727 = VECTOR('',#2728,1.);
#2728 = DIRECTION('',(1.,0.,-0.));
#2729 = PCURVE('',#1811,#2730);
#2730 = DEFINITIONAL_REPRESENTATION('',(#2731),#2734);
#2731 = B_SPLINE_CURVE_WITH_KNOTS('',1,(#2732,#2733),.UNSPECIFIED.,.F.,
  .F.,(2,2),(1.E-01,2.7),.PIECEWISE_BEZIER_KNOTS.);
#2732 = CARTESIAN_POINT('',(0.2,11.472338487148));
#2733 = CARTESIAN_POINT('',(2.8,11.472338487148));
#2734 = ( GEOMETRIC_REPRESENTATION_CONTEXT(2) 
PARAMETRIC_REPRESENTATION_CONTEXT() REPRESENTATION_CONTEXT('2D SPACE',''
  ) );
#2735 = PCURVE('',#2736,#2741);
#2736 = PLANE('',#2737);
#2737 = AXIS2_PLACEMENT_3D('',#2738,#2739,#2740);
#2738 = CARTESIAN_POINT('',(-11.8,3.,97.8));
#2739 = DIRECTION('',(0.,-0.999998819201,-1.536748899408E-03));
#2740 = DIRECTION('',(0.,-1.536748899408E-03,0.999998819201));
#2741 = DEFINITIONAL_REPRESENTATION('',(#2742),#2745);
#2742 = B_SPLINE_CURVE_WITH_KNOTS('',1,(#2743,#2744),.UNSPECIFIED.,.F.,
  .F.,(2,2),(1.E-01,2.7),.PIECEWISE_BEZIER_KNOTS.);
#2743 = CARTESIAN_POINT('',(18.000021254412,0.));
#2744 = CARTESIAN_POINT('',(18.000021254412,-2.6));
#2745 = ( GEOMETRIC_REPRESENTATION_CONTEXT(2) 
PARAMETRIC_REPRESENTATION_CONTEXT() REPRESENTATION_CONTEXT('2D SPACE',''
  ) );
#2746 = ORIENTED_EDGE('',*,*,#2747,.F.);
#2747 = EDGE_CURVE('',#2748,#2722,#2750,.T.);
#2748 = VERTEX_POINT('',#2749);
#2749 = CARTESIAN_POINT('',(-9.2,2.309401076758,115.8));
#2750 = SURFACE_CURVE('',#2751,(#2755,#2761),.PCURVE_S1.);
#2751 = LINE('',#2752,#2753);
#2752 = CARTESIAN_POINT('',(-9.2,-4.19029463579,115.8));
#2753 = VECTOR('',#2754,1.);
#2754 = DIRECTION('',(0.,1.,0.));
#2755 = PCURVE('',#1811,#2756);
#2756 = DEFINITIONAL_REPRESENTATION('',(#2757),#2760);
#2757 = B_SPLINE_CURVE_WITH_KNOTS('',1,(#2758,#2759),.UNSPECIFIED.,.F.,
  .F.,(2,2),(-1.80970536421,7.19029463579),.PIECEWISE_BEZIER_KNOTS.);
#2758 = CARTESIAN_POINT('',(2.8,2.5));
#2759 = CARTESIAN_POINT('',(2.8,11.5));
#2760 = ( GEOMETRIC_REPRESENTATION_CONTEXT(2) 
PARAMETRIC_REPRESENTATION_CONTEXT() REPRESENTATION_CONTEXT('2D SPACE',''
  ) );
#2761 = PCURVE('',#2762,#2767);
#2762 = PLANE('',#2763);
#2763 = AXIS2_PLACEMENT_3D('',#2764,#2765,#2766);
#2764 = CARTESIAN_POINT('',(-9.2,0.119410728421,108.79910994066));
#2765 = DIRECTION('',(1.,0.,0.));
#2766 = DIRECTION('',(-0.,0.,1.));
#2767 = DEFINITIONAL_REPRESENTATION('',(#2768),#2771);
#2768 = B_SPLINE_CURVE_WITH_KNOTS('',1,(#2769,#2770),.UNSPECIFIED.,.F.,
  .F.,(2,2),(-1.80970536421,7.19029463579),.PIECEWISE_BEZIER_KNOTS.);
#2769 = CARTESIAN_POINT('',(7.000890059335,6.119410728421));
#2770 = CARTESIAN_POINT('',(7.000890059335,-2.880589271579));
#2771 = ( GEOMETRIC_REPRESENTATION_CONTEXT(2) 
PARAMETRIC_REPRESENTATION_CONTEXT() REPRESENTATION_CONTEXT('2D SPACE',''
  ) );
#2772 = ORIENTED_EDGE('',*,*,#2773,.T.);
#2773 = EDGE_CURVE('',#2748,#2774,#2776,.T.);
#2774 = VERTEX_POINT('',#2775);
#2775 = CARTESIAN_POINT('',(9.2,2.309401076758,115.8));
#2776 = SURFACE_CURVE('',#2777,(#2781,#2787),.PCURVE_S1.);
#2777 = LINE('',#2778,#2779);
#2778 = CARTESIAN_POINT('',(-16.,2.309401076759,115.8));
#2779 = VECTOR('',#2780,1.);
#2780 = DIRECTION('',(1.,0.,-0.));
#2781 = PCURVE('',#1811,#2782);
#2782 = DEFINITIONAL_REPRESENTATION('',(#2783),#2786);
#2783 = B_SPLINE_CURVE_WITH_KNOTS('',1,(#2784,#2785),.UNSPECIFIED.,.F.,
  .F.,(2,2),(4.,28.),.PIECEWISE_BEZIER_KNOTS.);
#2784 = CARTESIAN_POINT('',(0.,10.809401076759));
#2785 = CARTESIAN_POINT('',(24.,10.809401076759));
#2786 = ( GEOMETRIC_REPRESENTATION_CONTEXT(2) 
PARAMETRIC_REPRESENTATION_CONTEXT() REPRESENTATION_CONTEXT('2D SPACE',''
  ) );
#2787 = PCURVE('',#1839,#2788);
#2788 = DEFINITIONAL_REPRESENTATION('',(#2789),#2792);
#2789 = B_SPLINE_CURVE_WITH_KNOTS('',1,(#2790,#2791),.UNSPECIFIED.,.F.,
  .F.,(2,2),(4.,28.),.PIECEWISE_BEZIER_KNOTS.);
#2790 = CARTESIAN_POINT('',(8.,-8.845299461621));
#2791 = CARTESIAN_POINT('',(32.,-8.845299461621));
#2792 = ( GEOMETRIC_REPRESENTATION_CONTEXT(2) 
PARAMETRIC_REPRESENTATION_CONTEXT() REPRESENTATION_CONTEXT('2D SPACE',''
  ) );
#2793 = ORIENTED_EDGE('',*,*,#2794,.T.);
#2794 = EDGE_CURVE('',#2774,#2795,#2797,.T.);
#2795 = VERTEX_POINT('',#2796);
#2796 = CARTESIAN_POINT('',(9.2,2.972338487148,115.8));
#2797 = SURFACE_CURVE('',#2798,(#2802,#2808),.PCURVE_S1.);
#2798 = LINE('',#2799,#2800);
#2799 = CARTESIAN_POINT('',(9.2,-4.19029463579,115.8));
#2800 = VECTOR('',#2801,1.);
#2801 = DIRECTION('',(0.,1.,0.));
#2802 = PCURVE('',#1811,#2803);
#2803 = DEFINITIONAL_REPRESENTATION('',(#2804),#2807);
#2804 = B_SPLINE_CURVE_WITH_KNOTS('',1,(#2805,#2806),.UNSPECIFIED.,.F.,
  .F.,(2,2),(-1.80970536421,7.19029463579),.PIECEWISE_BEZIER_KNOTS.);
#2805 = CARTESIAN_POINT('',(21.2,2.5));
#2806 = CARTESIAN_POINT('',(21.2,11.5));
#2807 = ( GEOMETRIC_REPRESENTATION_CONTEXT(2) 
PARAMETRIC_REPRESENTATION_CONTEXT() REPRESENTATION_CONTEXT('2D SPACE',''
  ) );
#2808 = PCURVE('',#2809,#2814);
#2809 = PLANE('',#2810);
#2810 = AXIS2_PLACEMENT_3D('',#2811,#2812,#2813);
#2811 = CARTESIAN_POINT('',(9.2,0.119410728421,108.79910994066));
#2812 = DIRECTION('',(1.,0.,0.));
#2813 = DIRECTION('',(-0.,0.,1.));
#2814 = DEFINITIONAL_REPRESENTATION('',(#2815),#2818);
#2815 = B_SPLINE_CURVE_WITH_KNOTS('',1,(#2816,#2817),.UNSPECIFIED.,.F.,
  .F.,(2,2),(-1.80970536421,7.19029463579),.PIECEWISE_BEZIER_KNOTS.);
#2816 = CARTESIAN_POINT('',(7.000890059335,6.119410728421));
#2817 = CARTESIAN_POINT('',(7.000890059335,-2.880589271579));
#2818 = ( GEOMETRIC_REPRESENTATION_CONTEXT(2) 
PARAMETRIC_REPRESENTATION_CONTEXT() REPRESENTATION_CONTEXT('2D SPACE',''
  ) );
#2819 = ORIENTED_EDGE('',*,*,#2820,.T.);
#2820 = EDGE_CURVE('',#2795,#2821,#2823,.T.);
#2821 = VERTEX_POINT('',#2822);
#2822 = CARTESIAN_POINT('',(11.8,2.972338487148,115.8));
#2823 = SURFACE_CURVE('',#2824,(#2828,#2834),.PCURVE_S1.);
#2824 = LINE('',#2825,#2826);
#2825 = CARTESIAN_POINT('',(-1.4,2.972338487148,115.8));
#2826 = VECTOR('',#2827,1.);
#2827 = DIRECTION('',(1.,0.,-0.));
#2828 = PCURVE('',#1811,#2829);
#2829 = DEFINITIONAL_REPRESENTATION('',(#2830),#2833);
#2830 = B_SPLINE_CURVE_WITH_KNOTS('',1,(#2831,#2832),.UNSPECIFIED.,.F.,
  .F.,(2,2),(10.6,13.2),.PIECEWISE_BEZIER_KNOTS.);
#2831 = CARTESIAN_POINT('',(21.2,11.472338487148));
#2832 = CARTESIAN_POINT('',(23.8,11.472338487148));
#2833 = ( GEOMETRIC_REPRESENTATION_CONTEXT(2) 
PARAMETRIC_REPRESENTATION_CONTEXT() REPRESENTATION_CONTEXT('2D SPACE',''
  ) );
#2834 = PCURVE('',#2835,#2840);
#2835 = PLANE('',#2836);
#2836 = AXIS2_PLACEMENT_3D('',#2837,#2838,#2839);
#2837 = CARTESIAN_POINT('',(9.2,3.,97.8));
#2838 = DIRECTION('',(0.,-0.999998819201,-1.536748899408E-03));
#2839 = DIRECTION('',(0.,-1.536748899408E-03,0.999998819201));
#2840 = DEFINITIONAL_REPRESENTATION('',(#2841),#2844);
#2841 = B_SPLINE_CURVE_WITH_KNOTS('',1,(#2842,#2843),.UNSPECIFIED.,.F.,
  .F.,(2,2),(10.6,13.2),.PIECEWISE_BEZIER_KNOTS.);
#2842 = CARTESIAN_POINT('',(18.000021254412,0.));
#2843 = CARTESIAN_POINT('',(18.000021254412,-2.6));
#2844 = ( GEOMETRIC_REPRESENTATION_CONTEXT(2) 
PARAMETRIC_REPRESENTATION_CONTEXT() REPRESENTATION_CONTEXT('2D SPACE',''
  ) );
#2845 = ORIENTED_EDGE('',*,*,#2846,.F.);
#2846 = EDGE_CURVE('',#2847,#2821,#2849,.T.);
#2847 = VERTEX_POINT('',#2848);
#2848 = CARTESIAN_POINT('',(11.8,2.309401076758,115.8));
#2849 = SURFACE_CURVE('',#2850,(#2854,#2860),.PCURVE_S1.);
#2850 = LINE('',#2851,#2852);
#2851 = CARTESIAN_POINT('',(11.8,-4.19029463579,115.8));
#2852 = VECTOR('',#2853,1.);
#2853 = DIRECTION('',(0.,1.,0.));
#2854 = PCURVE('',#1811,#2855);
#2855 = DEFINITIONAL_REPRESENTATION('',(#2856),#2859);
#2856 = B_SPLINE_CURVE_WITH_KNOTS('',1,(#2857,#2858),.UNSPECIFIED.,.F.,
  .F.,(2,2),(-1.80970536421,7.19029463579),.PIECEWISE_BEZIER_KNOTS.);
#2857 = CARTESIAN_POINT('',(23.8,2.5));
#2858 = CARTESIAN_POINT('',(23.8,11.5));
#2859 = ( GEOMETRIC_REPRESENTATION_CONTEXT(2) 
PARAMETRIC_REPRESENTATION_CONTEXT() REPRESENTATION_CONTEXT('2D SPACE',''
  ) );
#2860 = PCURVE('',#2861,#2866);
#2861 = PLANE('',#2862);
#2862 = AXIS2_PLACEMENT_3D('',#2863,#2864,#2865);
#2863 = CARTESIAN_POINT('',(11.8,0.119410728421,108.79910994066));
#2864 = DIRECTION('',(1.,0.,0.));
#2865 = DIRECTION('',(-0.,0.,1.));
#2866 = DEFINITIONAL_REPRESENTATION('',(#2867),#2870);
#2867 = B_SPLINE_CURVE_WITH_KNOTS('',1,(#2868,#2869),.UNSPECIFIED.,.F.,
  .F.,(2,2),(-1.80970536421,7.19029463579),.PIECEWISE_BEZIER_KNOTS.);
#2868 = CARTESIAN_POINT('',(7.000890059335,6.119410728421));
#2869 = CARTESIAN_POINT('',(7.000890059335,-2.880589271579));
#2870 = ( GEOMETRIC_REPRESENTATION_CONTEXT(2) 
PARAMETRIC_REPRESENTATION_CONTEXT() REPRESENTATION_CONTEXT('2D SPACE',''
  ) );
#2871 = ORIENTED_EDGE('',*,*,#2872,.T.);
#2872 = EDGE_CURVE('',#2847,#2117,#2873,.T.);
#2873 = SURFACE_CURVE('',#2874,(#2878,#2884),.PCURVE_S1.);
#2874 = LINE('',#2875,#2876);
#2875 = CARTESIAN_POINT('',(-16.,2.309401076759,115.8));
#2876 = VECTOR('',#2877,1.);
#2877 = DIRECTION('',(1.,0.,-0.));
#2878 = PCURVE('',#1811,#2879);
#2879 = DEFINITIONAL_REPRESENTATION('',(#2880),#2883);
#2880 = B_SPLINE_CURVE_WITH_KNOTS('',1,(#2881,#2882),.UNSPECIFIED.,.F.,
  .F.,(2,2),(4.,28.),.PIECEWISE_BEZIER_KNOTS.);
#2881 = CARTESIAN_POINT('',(0.,10.809401076759));
#2882 = CARTESIAN_POINT('',(24.,10.809401076759));
#2883 = ( GEOMETRIC_REPRESENTATION_CONTEXT(2) 
PARAMETRIC_REPRESENTATION_CONTEXT() REPRESENTATION_CONTEXT('2D SPACE',''
  ) );
#2884 = PCURVE('',#1839,#2885);
#2885 = DEFINITIONAL_REPRESENTATION('',(#2886),#2889);
#2886 = B_SPLINE_CURVE_WITH_KNOTS('',1,(#2887,#2888),.UNSPECIFIED.,.F.,
  .F.,(2,2),(4.,28.),.PIECEWISE_BEZIER_KNOTS.);
#2887 = CARTESIAN_POINT('',(8.,-8.845299461621));
#2888 = CARTESIAN_POINT('',(32.,-8.845299461621));
#2889 = ( GEOMETRIC_REPRESENTATION_CONTEXT(2) 
PARAMETRIC_REPRESENTATION_CONTEXT() REPRESENTATION_CONTEXT('2D SPACE',''
  ) );
#2890 = ORIENTED_EDGE('',*,*,#2116,.T.);
#2891 = ORIENTED_EDGE('',*,*,#2620,.T.);
#2892 = ORIENTED_EDGE('',*,*,#2571,.F.);
#2893 = ORIENTED_EDGE('',*,*,#2539,.F.);
#2894 = ADVANCED_FACE('',(#2895,#3028,#3059),#1895,.T.);
#2895 = FACE_BOUND('',#2896,.T.);
#2896 = EDGE_LOOP('',(#2897,#2927,#2955,#2983,#3004,#3005,#3006,#3007));
#2897 = ORIENTED_EDGE('',*,*,#2898,.T.);
#2898 = EDGE_CURVE('',#2899,#2901,#2903,.T.);
#2899 = VERTEX_POINT('',#2900);
#2900 = CARTESIAN_POINT('',(20.,3.267949192431,125.46025403784));
#2901 = VERTEX_POINT('',#2902);
#2902 = CARTESIAN_POINT('',(20.,24.267949192431,161.83332099679));
#2903 = SURFACE_CURVE('',#2904,(#2908,#2915),.PCURVE_S1.);
#2904 = LINE('',#2905,#2906);
#2905 = CARTESIAN_POINT('',(20.,3.267949192431,125.46025403784));
#2906 = VECTOR('',#2907,1.);
#2907 = DIRECTION('',(0.,0.5,0.866025403784));
#2908 = PCURVE('',#1895,#2909);
#2909 = DEFINITIONAL_REPRESENTATION('',(#2910),#2914);
#2910 = LINE('',#2911,#2912);
#2911 = CARTESIAN_POINT('',(40.,0.));
#2912 = VECTOR('',#2913,1.);
#2913 = DIRECTION('',(0.,1.));
#2914 = ( GEOMETRIC_REPRESENTATION_CONTEXT(2) 
PARAMETRIC_REPRESENTATION_CONTEXT() REPRESENTATION_CONTEXT('2D SPACE',''
  ) );
#2915 = PCURVE('',#2916,#2921);
#2916 = PLANE('',#2917);
#2917 = AXIS2_PLACEMENT_3D('',#2918,#2919,#2920);
#2918 = CARTESIAN_POINT('',(20.,6.732050807569,123.46025403784));
#2919 = DIRECTION('',(1.,0.,0.));
#2920 = DIRECTION('',(0.,-0.866025403784,0.5));
#2921 = DEFINITIONAL_REPRESENTATION('',(#2922),#2926);
#2922 = LINE('',#2923,#2924);
#2923 = CARTESIAN_POINT('',(4.,6.661338147751E-16));
#2924 = VECTOR('',#2925,1.);
#2925 = DIRECTION('',(0.,-1.));
#2926 = ( GEOMETRIC_REPRESENTATION_CONTEXT(2) 
PARAMETRIC_REPRESENTATION_CONTEXT() REPRESENTATION_CONTEXT('2D SPACE',''
  ) );
#2927 = ORIENTED_EDGE('',*,*,#2928,.F.);
#2928 = EDGE_CURVE('',#2929,#2901,#2931,.T.);
#2929 = VERTEX_POINT('',#2930);
#2930 = CARTESIAN_POINT('',(-20.,24.267949192431,161.83332099679));
#2931 = SURFACE_CURVE('',#2932,(#2936,#2943),.PCURVE_S1.);
#2932 = LINE('',#2933,#2934);
#2933 = CARTESIAN_POINT('',(-20.,24.267949192431,161.83332099679));
#2934 = VECTOR('',#2935,1.);
#2935 = DIRECTION('',(1.,0.,0.));
#2936 = PCURVE('',#1895,#2937);
#2937 = DEFINITIONAL_REPRESENTATION('',(#2938),#2942);
#2938 = LINE('',#2939,#2940);
#2939 = CARTESIAN_POINT('',(0.,42.));
#2940 = VECTOR('',#2941,1.);
#2941 = DIRECTION('',(1.,0.));
#2942 = ( GEOMETRIC_REPRESENTATION_CONTEXT(2) 
PARAMETRIC_REPRESENTATION_CONTEXT() REPRESENTATION_CONTEXT('2D SPACE',''
  ) );
#2943 = PCURVE('',#2944,#2949);
#2944 = PLANE('',#2945);
#2945 = AXIS2_PLACEMENT_3D('',#2946,#2947,#2948);
#2946 = CARTESIAN_POINT('',(-20.,27.732050807569,159.83332099679));
#2947 = DIRECTION('',(0.,0.5,0.866025403784));
#2948 = DIRECTION('',(0.,-0.866025403784,0.5));
#2949 = DEFINITIONAL_REPRESENTATION('',(#2950),#2954);
#2950 = LINE('',#2951,#2952);
#2951 = CARTESIAN_POINT('',(4.,0.));
#2952 = VECTOR('',#2953,1.);
#2953 = DIRECTION('',(0.,1.));
#2954 = ( GEOMETRIC_REPRESENTATION_CONTEXT(2) 
PARAMETRIC_REPRESENTATION_CONTEXT() REPRESENTATION_CONTEXT('2D SPACE',''
  ) );
#2955 = ORIENTED_EDGE('',*,*,#2956,.F.);
#2956 = EDGE_CURVE('',#2957,#2929,#2959,.T.);
#2957 = VERTEX_POINT('',#2958);
#2958 = CARTESIAN_POINT('',(-20.,3.267949192431,125.46025403784));
#2959 = SURFACE_CURVE('',#2960,(#2964,#2971),.PCURVE_S1.);
#2960 = LINE('',#2961,#2962);
#2961 = CARTESIAN_POINT('',(-20.,3.267949192431,125.46025403784));
#2962 = VECTOR('',#2963,1.);
#2963 = DIRECTION('',(0.,0.5,0.866025403784));
#2964 = PCURVE('',#1895,#2965);
#2965 = DEFINITIONAL_REPRESENTATION('',(#2966),#2970);
#2966 = LINE('',#2967,#2968);
#2967 = CARTESIAN_POINT('',(0.,0.));
#2968 = VECTOR('',#2969,1.);
#2969 = DIRECTION('',(0.,1.));
#2970 = ( GEOMETRIC_REPRESENTATION_CONTEXT(2) 
PARAMETRIC_REPRESENTATION_CONTEXT() REPRESENTATION_CONTEXT('2D SPACE',''
  ) );
#2971 = PCURVE('',#2972,#2977);
#2972 = PLANE('',#2973);
#2973 = AXIS2_PLACEMENT_3D('',#2974,#2975,#2976);
#2974 = CARTESIAN_POINT('',(-20.,6.732050807569,123.46025403784));
#2975 = DIRECTION('',(1.,0.,0.));
#2976 = DIRECTION('',(0.,-0.866025403784,0.5));
#2977 = DEFINITIONAL_REPRESENTATION('',(#2978),#2982);
#2978 = LINE('',#2979,#2980);
#2979 = CARTESIAN_POINT('',(4.,6.661338147751E-16));
#2980 = VECTOR('',#2981,1.);
#2981 = DIRECTION('',(0.,-1.));
#2982 = ( GEOMETRIC_REPRESENTATION_CONTEXT(2) 
PARAMETRIC_REPRESENTATION_CONTEXT() REPRESENTATION_CONTEXT('2D SPACE',''
  ) );
#2983 = ORIENTED_EDGE('',*,*,#2984,.T.);
#2984 = EDGE_CURVE('',#2957,#1852,#2985,.T.);
#2985 = SURFACE_CURVE('',#2986,(#2990,#2997),.PCURVE_S1.);
#2986 = LINE('',#2987,#2988);
#2987 = CARTESIAN_POINT('',(-20.,3.267949192431,125.46025403784));
#2988 = VECTOR('',#2989,1.);
#2989 = DIRECTION('',(1.,0.,0.));
#2990 = PCURVE('',#1895,#2991);
#2991 = DEFINITIONAL_REPRESENTATION('',(#2992),#2996);
#2992 = LINE('',#2993,#2994);
#2993 = CARTESIAN_POINT('',(0.,0.));
#2994 = VECTOR('',#2995,1.);
#2995 = DIRECTION('',(1.,0.));
#2996 = ( GEOMETRIC_REPRESENTATION_CONTEXT(2) 
PARAMETRIC_REPRESENTATION_CONTEXT() REPRESENTATION_CONTEXT('2D SPACE',''
  ) );
#2997 = PCURVE('',#1867,#2998);
#2998 = DEFINITIONAL_REPRESENTATION('',(#2999),#3003);
#2999 = LINE('',#3000,#3001);
#3000 = CARTESIAN_POINT('',(4.,0.));
#3001 = VECTOR('',#3002,1.);
#3002 = DIRECTION('',(0.,1.));
#3003 = ( GEOMETRIC_REPRESENTATION_CONTEXT(2) 
PARAMETRIC_REPRESENTATION_CONTEXT() REPRESENTATION_CONTEXT('2D SPACE',''
  ) );
#3004 = ORIENTED_EDGE('',*,*,#1879,.F.);
#3005 = ORIENTED_EDGE('',*,*,#2651,.T.);
#3006 = ORIENTED_EDGE('',*,*,#2190,.T.);
#3007 = ORIENTED_EDGE('',*,*,#3008,.T.);
#3008 = EDGE_CURVE('',#2163,#2899,#3009,.T.);
#3009 = SURFACE_CURVE('',#3010,(#3014,#3021),.PCURVE_S1.);
#3010 = LINE('',#3011,#3012);
#3011 = CARTESIAN_POINT('',(-20.,3.267949192431,125.46025403784));
#3012 = VECTOR('',#3013,1.);
#3013 = DIRECTION('',(1.,0.,0.));
#3014 = PCURVE('',#1895,#3015);
#3015 = DEFINITIONAL_REPRESENTATION('',(#3016),#3020);
#3016 = LINE('',#3017,#3018);
#3017 = CARTESIAN_POINT('',(0.,0.));
#3018 = VECTOR('',#3019,1.);
#3019 = DIRECTION('',(1.,0.));
#3020 = ( GEOMETRIC_REPRESENTATION_CONTEXT(2) 
PARAMETRIC_REPRESENTATION_CONTEXT() REPRESENTATION_CONTEXT('2D SPACE',''
  ) );
#3021 = PCURVE('',#2178,#3022);
#3022 = DEFINITIONAL_REPRESENTATION('',(#3023),#3027);
#3023 = LINE('',#3024,#3025);
#3024 = CARTESIAN_POINT('',(4.,0.));
#3025 = VECTOR('',#3026,1.);
#3026 = DIRECTION('',(0.,1.));
#3027 = ( GEOMETRIC_REPRESENTATION_CONTEXT(2) 
PARAMETRIC_REPRESENTATION_CONTEXT() REPRESENTATION_CONTEXT('2D SPACE',''
  ) );
#3028 = FACE_BOUND('',#3029,.T.);
#3029 = EDGE_LOOP('',(#3030));
#3030 = ORIENTED_EDGE('',*,*,#3031,.F.);
#3031 = EDGE_CURVE('',#3032,#3032,#3034,.T.);
#3032 = VERTEX_POINT('',#3033);
#3033 = CARTESIAN_POINT('',(-8.3,14.267949192431,144.5128129211));
#3034 = SURFACE_CURVE('',#3035,(#3040,#3047),.PCURVE_S1.);
#3035 = CIRCLE('',#3036,1.7);
#3036 = AXIS2_PLACEMENT_3D('',#3037,#3038,#3039);
#3037 = CARTESIAN_POINT('',(-10.,14.267949192431,144.5128129211));
#3038 = DIRECTION('',(0.,-0.866025403784,0.5));
#3039 = DIRECTION('',(1.,0.,0.));
#3040 = PCURVE('',#1895,#3041);
#3041 = DEFINITIONAL_REPRESENTATION('',(#3042),#3046);
#3042 = CIRCLE('',#3043,1.7);
#3043 = AXIS2_PLACEMENT_2D('',#3044,#3045);
#3044 = CARTESIAN_POINT('',(10.,22.));
#3045 = DIRECTION('',(1.,0.));
#3046 = ( GEOMETRIC_REPRESENTATION_CONTEXT(2) 
PARAMETRIC_REPRESENTATION_CONTEXT() REPRESENTATION_CONTEXT('2D SPACE',''
  ) );
#3047 = PCURVE('',#3048,#3053);
#3048 = CYLINDRICAL_SURFACE('',#3049,1.7);
#3049 = AXIS2_PLACEMENT_3D('',#3050,#3051,#3052);
#3050 = CARTESIAN_POINT('',(-10.,21.196152422707,140.5128129211));
#3051 = DIRECTION('',(0.,-0.866025403784,0.5));
#3052 = DIRECTION('',(1.,0.,0.));
#3053 = DEFINITIONAL_REPRESENTATION('',(#3054),#3058);
#3054 = LINE('',#3055,#3056);
#3055 = CARTESIAN_POINT('',(0.,8.));
#3056 = VECTOR('',#3057,1.);
#3057 = DIRECTION('',(1.,0.));
#3058 = ( GEOMETRIC_REPRESENTATION_CONTEXT(2) 
PARAMETRIC_REPRESENTATION_CONTEXT() REPRESENTATION_CONTEXT('2D SPACE',''
  ) );
#3059 = FACE_BOUND('',#3060,.T.);
#3060 = EDGE_LOOP('',(#3061));
#3061 = ORIENTED_EDGE('',*,*,#3062,.F.);
#3062 = EDGE_CURVE('',#3063,#3063,#3065,.T.);
#3063 = VERTEX_POINT('',#3064);
#3064 = CARTESIAN_POINT('',(11.7,14.267949192431,144.5128129211));
#3065 = SURFACE_CURVE('',#3066,(#3071,#3078),.PCURVE_S1.);
#3066 = CIRCLE('',#3067,1.7);
#3067 = AXIS2_PLACEMENT_3D('',#3068,#3069,#3070);
#3068 = CARTESIAN_POINT('',(10.,14.267949192431,144.5128129211));
#3069 = DIRECTION('',(0.,-0.866025403784,0.5));
#3070 = DIRECTION('',(1.,0.,0.));
#3071 = PCURVE('',#1895,#3072);
#3072 = DEFINITIONAL_REPRESENTATION('',(#3073),#3077);
#3073 = CIRCLE('',#3074,1.7);
#3074 = AXIS2_PLACEMENT_2D('',#3075,#3076);
#3075 = CARTESIAN_POINT('',(30.,22.));
#3076 = DIRECTION('',(1.,0.));
#3077 = ( GEOMETRIC_REPRESENTATION_CONTEXT(2) 
PARAMETRIC_REPRESENTATION_CONTEXT() REPRESENTATION_CONTEXT('2D SPACE',''
  ) );
#3078 = PCURVE('',#3079,#3084);
#3079 = CYLINDRICAL_SURFACE('',#3080,1.7);
#3080 = AXIS2_PLACEMENT_3D('',#3081,#3082,#3083);
#3081 = CARTESIAN_POINT('',(10.,21.196152422707,140.5128129211));
#3082 = DIRECTION('',(0.,-0.866025403784,0.5));
#3083 = DIRECTION('',(1.,0.,0.));
#3084 = DEFINITIONAL_REPRESENTATION('',(#3085),#3089);
#3085 = LINE('',#3086,#3087);
#3086 = CARTESIAN_POINT('',(0.,8.));
#3087 = VECTOR('',#3088,1.);
#3088 = DIRECTION('',(1.,0.));
#3089 = ( GEOMETRIC_REPRESENTATION_CONTEXT(2) 
PARAMETRIC_REPRESENTATION_CONTEXT() REPRESENTATION_CONTEXT('2D SPACE',''
  ) );
#3090 = ADVANCED_FACE('',(#3091,#3333,#3359),#1839,.F.);
#3091 = FACE_BOUND('',#3092,.F.);
#3092 = EDGE_LOOP('',(#3093,#3118,#3141,#3164,#3185,#3186,#3187,#3208,
    #3229,#3248,#3249,#3270,#3291,#3310,#3311,#3312));
#3093 = ORIENTED_EDGE('',*,*,#3094,.T.);
#3094 = EDGE_CURVE('',#3095,#3097,#3099,.T.);
#3095 = VERTEX_POINT('',#3096);
#3096 = CARTESIAN_POINT('',(20.,6.732050807569,123.46025403784));
#3097 = VERTEX_POINT('',#3098);
#3098 = CARTESIAN_POINT('',(20.,27.732050807569,159.83332099679));
#3099 = SURFACE_CURVE('',#3100,(#3104,#3111),.PCURVE_S1.);
#3100 = LINE('',#3101,#3102);
#3101 = CARTESIAN_POINT('',(20.,6.732050807569,123.46025403784));
#3102 = VECTOR('',#3103,1.);
#3103 = DIRECTION('',(0.,0.5,0.866025403784));
#3104 = PCURVE('',#1839,#3105);
#3105 = DEFINITIONAL_REPRESENTATION('',(#3106),#3110);
#3106 = LINE('',#3107,#3108);
#3107 = CARTESIAN_POINT('',(40.,0.));
#3108 = VECTOR('',#3109,1.);
#3109 = DIRECTION('',(0.,1.));
#3110 = ( GEOMETRIC_REPRESENTATION_CONTEXT(2) 
PARAMETRIC_REPRESENTATION_CONTEXT() REPRESENTATION_CONTEXT('2D SPACE',''
  ) );
#3111 = PCURVE('',#2916,#3112);
#3112 = DEFINITIONAL_REPRESENTATION('',(#3113),#3117);
#3113 = LINE('',#3114,#3115);
#3114 = CARTESIAN_POINT('',(0.,0.));
#3115 = VECTOR('',#3116,1.);
#3116 = DIRECTION('',(0.,-1.));
#3117 = ( GEOMETRIC_REPRESENTATION_CONTEXT(2) 
PARAMETRIC_REPRESENTATION_CONTEXT() REPRESENTATION_CONTEXT('2D SPACE',''
  ) );
#3118 = ORIENTED_EDGE('',*,*,#3119,.F.);
#3119 = EDGE_CURVE('',#3120,#3097,#3122,.T.);
#3120 = VERTEX_POINT('',#3121);
#3121 = CARTESIAN_POINT('',(-20.,27.732050807569,159.83332099679));
#3122 = SURFACE_CURVE('',#3123,(#3127,#3134),.PCURVE_S1.);
#3123 = LINE('',#3124,#3125);
#3124 = CARTESIAN_POINT('',(-20.,27.732050807569,159.83332099679));
#3125 = VECTOR('',#3126,1.);
#3126 = DIRECTION('',(1.,0.,0.));
#3127 = PCURVE('',#1839,#3128);
#3128 = DEFINITIONAL_REPRESENTATION('',(#3129),#3133);
#3129 = LINE('',#3130,#3131);
#3130 = CARTESIAN_POINT('',(0.,42.));
#3131 = VECTOR('',#3132,1.);
#3132 = DIRECTION('',(1.,0.));
#3133 = ( GEOMETRIC_REPRESENTATION_CONTEXT(2) 
PARAMETRIC_REPRESENTATION_CONTEXT() REPRESENTATION_CONTEXT('2D SPACE',''
  ) );
#3134 = PCURVE('',#2944,#3135);
#3135 = DEFINITIONAL_REPRESENTATION('',(#3136),#3140);
#3136 = LINE('',#3137,#3138);
#3137 = CARTESIAN_POINT('',(0.,0.));
#3138 = VECTOR('',#3139,1.);
#3139 = DIRECTION('',(0.,1.));
#3140 = ( GEOMETRIC_REPRESENTATION_CONTEXT(2) 
PARAMETRIC_REPRESENTATION_CONTEXT() REPRESENTATION_CONTEXT('2D SPACE',''
  ) );
#3141 = ORIENTED_EDGE('',*,*,#3142,.F.);
#3142 = EDGE_CURVE('',#3143,#3120,#3145,.T.);
#3143 = VERTEX_POINT('',#3144);
#3144 = CARTESIAN_POINT('',(-20.,6.732050807569,123.46025403784));
#3145 = SURFACE_CURVE('',#3146,(#3150,#3157),.PCURVE_S1.);
#3146 = LINE('',#3147,#3148);
#3147 = CARTESIAN_POINT('',(-20.,6.732050807569,123.46025403784));
#3148 = VECTOR('',#3149,1.);
#3149 = DIRECTION('',(0.,0.5,0.866025403784));
#3150 = PCURVE('',#1839,#3151);
#3151 = DEFINITIONAL_REPRESENTATION('',(#3152),#3156);
#3152 = LINE('',#3153,#3154);
#3153 = CARTESIAN_POINT('',(0.,0.));
#3154 = VECTOR('',#3155,1.);
#3155 = DIRECTION('',(0.,1.));
#3156 = ( GEOMETRIC_REPRESENTATION_CONTEXT(2) 
PARAMETRIC_REPRESENTATION_CONTEXT() REPRESENTATION_CONTEXT('2D SPACE',''
  ) );
#3157 = PCURVE('',#2972,#3158);
#3158 = DEFINITIONAL_REPRESENTATION('',(#3159),#3163);
#3159 = LINE('',#3160,#3161);
#3160 = CARTESIAN_POINT('',(0.,0.));
#3161 = VECTOR('',#3162,1.);
#3162 = DIRECTION('',(0.,-1.));
#3163 = ( GEOMETRIC_REPRESENTATION_CONTEXT(2) 
PARAMETRIC_REPRESENTATION_CONTEXT() REPRESENTATION_CONTEXT('2D SPACE',''
  ) );
#3164 = ORIENTED_EDGE('',*,*,#3165,.T.);
#3165 = EDGE_CURVE('',#3143,#1824,#3166,.T.);
#3166 = SURFACE_CURVE('',#3167,(#3171,#3178),.PCURVE_S1.);
#3167 = LINE('',#3168,#3169);
#3168 = CARTESIAN_POINT('',(-20.,6.732050807569,123.46025403784));
#3169 = VECTOR('',#3170,1.);
#3170 = DIRECTION('',(1.,0.,0.));
#3171 = PCURVE('',#1839,#3172);
#3172 = DEFINITIONAL_REPRESENTATION('',(#3173),#3177);
#3173 = LINE('',#3174,#3175);
#3174 = CARTESIAN_POINT('',(0.,0.));
#3175 = VECTOR('',#3176,1.);
#3176 = DIRECTION('',(1.,0.));
#3177 = ( GEOMETRIC_REPRESENTATION_CONTEXT(2) 
PARAMETRIC_REPRESENTATION_CONTEXT() REPRESENTATION_CONTEXT('2D SPACE',''
  ) );
#3178 = PCURVE('',#1867,#3179);
#3179 = DEFINITIONAL_REPRESENTATION('',(#3180),#3184);
#3180 = LINE('',#3181,#3182);
#3181 = CARTESIAN_POINT('',(0.,0.));
#3182 = VECTOR('',#3183,1.);
#3183 = DIRECTION('',(0.,1.));
#3184 = ( GEOMETRIC_REPRESENTATION_CONTEXT(2) 
PARAMETRIC_REPRESENTATION_CONTEXT() REPRESENTATION_CONTEXT('2D SPACE',''
  ) );
#3185 = ORIENTED_EDGE('',*,*,#1823,.F.);
#3186 = ORIENTED_EDGE('',*,*,#2674,.T.);
#3187 = ORIENTED_EDGE('',*,*,#3188,.T.);
#3188 = EDGE_CURVE('',#2675,#3189,#3191,.T.);
#3189 = VERTEX_POINT('',#3190);
#3190 = CARTESIAN_POINT('',(-11.8,2.970578610862,116.94519308189));
#3191 = SURFACE_CURVE('',#3192,(#3196,#3202),.PCURVE_S1.);
#3192 = LINE('',#3193,#3194);
#3193 = CARTESIAN_POINT('',(-11.8,2.7312399885,116.53064642774));
#3194 = VECTOR('',#3195,1.);
#3195 = DIRECTION('',(-0.,0.5,0.866025403784));
#3196 = PCURVE('',#1839,#3197);
#3197 = DEFINITIONAL_REPRESENTATION('',(#3198),#3201);
#3198 = B_SPLINE_CURVE_WITH_KNOTS('',1,(#3199,#3200),.UNSPECIFIED.,.F.,
  .F.,(2,2),(-7.998378361862,0.537520023),.PIECEWISE_BEZIER_KNOTS.);
#3199 = CARTESIAN_POINT('',(8.2,-16.));
#3200 = CARTESIAN_POINT('',(8.2,-7.464101615138));
#3201 = ( GEOMETRIC_REPRESENTATION_CONTEXT(2) 
PARAMETRIC_REPRESENTATION_CONTEXT() REPRESENTATION_CONTEXT('2D SPACE',''
  ) );
#3202 = PCURVE('',#2710,#3203);
#3203 = DEFINITIONAL_REPRESENTATION('',(#3204),#3207);
#3204 = B_SPLINE_CURVE_WITH_KNOTS('',1,(#3205,#3206),.UNSPECIFIED.,.F.,
  .F.,(2,2),(-7.998378361862,0.537520023),.PIECEWISE_BEZIER_KNOTS.);
#3205 = CARTESIAN_POINT('',(0.804737636629,1.387359920852));
#3206 = CARTESIAN_POINT('',(8.197042482042,-2.880589271579));
#3207 = ( GEOMETRIC_REPRESENTATION_CONTEXT(2) 
PARAMETRIC_REPRESENTATION_CONTEXT() REPRESENTATION_CONTEXT('2D SPACE',''
  ) );
#3208 = ORIENTED_EDGE('',*,*,#3209,.T.);
#3209 = EDGE_CURVE('',#3189,#3210,#3212,.T.);
#3210 = VERTEX_POINT('',#3211);
#3211 = CARTESIAN_POINT('',(-9.2,2.970578610862,116.94519308189));
#3212 = SURFACE_CURVE('',#3213,(#3217,#3223),.PCURVE_S1.);
#3213 = LINE('',#3214,#3215);
#3214 = CARTESIAN_POINT('',(-15.9,2.970578610862,116.94519308189));
#3215 = VECTOR('',#3216,1.);
#3216 = DIRECTION('',(1.,0.,0.));
#3217 = PCURVE('',#1839,#3218);
#3218 = DEFINITIONAL_REPRESENTATION('',(#3219),#3222);
#3219 = B_SPLINE_CURVE_WITH_KNOTS('',1,(#3220,#3221),.UNSPECIFIED.,.F.,
  .F.,(2,2),(4.1,6.7),.PIECEWISE_BEZIER_KNOTS.);
#3220 = CARTESIAN_POINT('',(8.2,-7.522944393414));
#3221 = CARTESIAN_POINT('',(10.8,-7.522944393414));
#3222 = ( GEOMETRIC_REPRESENTATION_CONTEXT(2) 
PARAMETRIC_REPRESENTATION_CONTEXT() REPRESENTATION_CONTEXT('2D SPACE',''
  ) );
#3223 = PCURVE('',#2736,#3224);
#3224 = DEFINITIONAL_REPRESENTATION('',(#3225),#3228);
#3225 = B_SPLINE_CURVE_WITH_KNOTS('',1,(#3226,#3227),.UNSPECIFIED.,.F.,
  .F.,(2,2),(4.1,6.7),.PIECEWISE_BEZIER_KNOTS.);
#3226 = CARTESIAN_POINT('',(19.145215688547,0.));
#3227 = CARTESIAN_POINT('',(19.145215688547,-2.6));
#3228 = ( GEOMETRIC_REPRESENTATION_CONTEXT(2) 
PARAMETRIC_REPRESENTATION_CONTEXT() REPRESENTATION_CONTEXT('2D SPACE',''
  ) );
#3229 = ORIENTED_EDGE('',*,*,#3230,.F.);
#3230 = EDGE_CURVE('',#2748,#3210,#3231,.T.);
#3231 = SURFACE_CURVE('',#3232,(#3236,#3242),.PCURVE_S1.);
#3232 = LINE('',#3233,#3234);
#3233 = CARTESIAN_POINT('',(-9.2,2.7312399885,116.53064642774));
#3234 = VECTOR('',#3235,1.);
#3235 = DIRECTION('',(-0.,0.5,0.866025403784));
#3236 = PCURVE('',#1839,#3237);
#3237 = DEFINITIONAL_REPRESENTATION('',(#3238),#3241);
#3238 = B_SPLINE_CURVE_WITH_KNOTS('',1,(#3239,#3240),.UNSPECIFIED.,.F.,
  .F.,(2,2),(-7.998378361862,0.537520023),.PIECEWISE_BEZIER_KNOTS.);
#3239 = CARTESIAN_POINT('',(10.8,-16.));
#3240 = CARTESIAN_POINT('',(10.8,-7.464101615138));
#3241 = ( GEOMETRIC_REPRESENTATION_CONTEXT(2) 
PARAMETRIC_REPRESENTATION_CONTEXT() REPRESENTATION_CONTEXT('2D SPACE',''
  ) );
#3242 = PCURVE('',#2762,#3243);
#3243 = DEFINITIONAL_REPRESENTATION('',(#3244),#3247);
#3244 = B_SPLINE_CURVE_WITH_KNOTS('',1,(#3245,#3246),.UNSPECIFIED.,.F.,
  .F.,(2,2),(-7.998378361862,0.537520023),.PIECEWISE_BEZIER_KNOTS.);
#3245 = CARTESIAN_POINT('',(0.804737636629,1.387359920852));
#3246 = CARTESIAN_POINT('',(8.197042482042,-2.880589271579));
#3247 = ( GEOMETRIC_REPRESENTATION_CONTEXT(2) 
PARAMETRIC_REPRESENTATION_CONTEXT() REPRESENTATION_CONTEXT('2D SPACE',''
  ) );
#3248 = ORIENTED_EDGE('',*,*,#2773,.T.);
#3249 = ORIENTED_EDGE('',*,*,#3250,.T.);
#3250 = EDGE_CURVE('',#2774,#3251,#3253,.T.);
#3251 = VERTEX_POINT('',#3252);
#3252 = CARTESIAN_POINT('',(9.2,2.970578610862,116.94519308189));
#3253 = SURFACE_CURVE('',#3254,(#3258,#3264),.PCURVE_S1.);
#3254 = LINE('',#3255,#3256);
#3255 = CARTESIAN_POINT('',(9.2,2.7312399885,116.53064642774));
#3256 = VECTOR('',#3257,1.);
#3257 = DIRECTION('',(-0.,0.5,0.866025403784));
#3258 = PCURVE('',#1839,#3259);
#3259 = DEFINITIONAL_REPRESENTATION('',(#3260),#3263);
#3260 = B_SPLINE_CURVE_WITH_KNOTS('',1,(#3261,#3262),.UNSPECIFIED.,.F.,
  .F.,(2,2),(-7.998378361862,0.537520023),.PIECEWISE_BEZIER_KNOTS.);
#3261 = CARTESIAN_POINT('',(29.2,-16.));
#3262 = CARTESIAN_POINT('',(29.2,-7.464101615138));
#3263 = ( GEOMETRIC_REPRESENTATION_CONTEXT(2) 
PARAMETRIC_REPRESENTATION_CONTEXT() REPRESENTATION_CONTEXT('2D SPACE',''
  ) );
#3264 = PCURVE('',#2809,#3265);
#3265 = DEFINITIONAL_REPRESENTATION('',(#3266),#3269);
#3266 = B_SPLINE_CURVE_WITH_KNOTS('',1,(#3267,#3268),.UNSPECIFIED.,.F.,
  .F.,(2,2),(-7.998378361862,0.537520023),.PIECEWISE_BEZIER_KNOTS.);
#3267 = CARTESIAN_POINT('',(0.804737636629,1.387359920852));
#3268 = CARTESIAN_POINT('',(8.197042482042,-2.880589271579));
#3269 = ( GEOMETRIC_REPRESENTATION_CONTEXT(2) 
PARAMETRIC_REPRESENTATION_CONTEXT() REPRESENTATION_CONTEXT('2D SPACE',''
  ) );
#3270 = ORIENTED_EDGE('',*,*,#3271,.T.);
#3271 = EDGE_CURVE('',#3251,#3272,#3274,.T.);
#3272 = VERTEX_POINT('',#3273);
#3273 = CARTESIAN_POINT('',(11.8,2.970578610862,116.94519308189));
#3274 = SURFACE_CURVE('',#3275,(#3279,#3285),.PCURVE_S1.);
#3275 = LINE('',#3276,#3277);
#3276 = CARTESIAN_POINT('',(-5.4,2.970578610862,116.94519308189));
#3277 = VECTOR('',#3278,1.);
#3278 = DIRECTION('',(1.,0.,0.));
#3279 = PCURVE('',#1839,#3280);
#3280 = DEFINITIONAL_REPRESENTATION('',(#3281),#3284);
#3281 = B_SPLINE_CURVE_WITH_KNOTS('',1,(#3282,#3283),.UNSPECIFIED.,.F.,
  .F.,(2,2),(14.6,17.2),.PIECEWISE_BEZIER_KNOTS.);
#3282 = CARTESIAN_POINT('',(29.2,-7.522944393414));
#3283 = CARTESIAN_POINT('',(31.8,-7.522944393414));
#3284 = ( GEOMETRIC_REPRESENTATION_CONTEXT(2) 
PARAMETRIC_REPRESENTATION_CONTEXT() REPRESENTATION_CONTEXT('2D SPACE',''
  ) );
#3285 = PCURVE('',#2835,#3286);
#3286 = DEFINITIONAL_REPRESENTATION('',(#3287),#3290);
#3287 = B_SPLINE_CURVE_WITH_KNOTS('',1,(#3288,#3289),.UNSPECIFIED.,.F.,
  .F.,(2,2),(14.6,17.2),.PIECEWISE_BEZIER_KNOTS.);
#3288 = CARTESIAN_POINT('',(19.145215688547,0.));
#3289 = CARTESIAN_POINT('',(19.145215688547,-2.6));
#3290 = ( GEOMETRIC_REPRESENTATION_CONTEXT(2) 
PARAMETRIC_REPRESENTATION_CONTEXT() REPRESENTATION_CONTEXT('2D SPACE',''
  ) );
#3291 = ORIENTED_EDGE('',*,*,#3292,.F.);
#3292 = EDGE_CURVE('',#2847,#3272,#3293,.T.);
#3293 = SURFACE_CURVE('',#3294,(#3298,#3304),.PCURVE_S1.);
#3294 = LINE('',#3295,#3296);
#3295 = CARTESIAN_POINT('',(11.8,2.7312399885,116.53064642774));
#3296 = VECTOR('',#3297,1.);
#3297 = DIRECTION('',(-0.,0.5,0.866025403784));
#3298 = PCURVE('',#1839,#3299);
#3299 = DEFINITIONAL_REPRESENTATION('',(#3300),#3303);
#3300 = B_SPLINE_CURVE_WITH_KNOTS('',1,(#3301,#3302),.UNSPECIFIED.,.F.,
  .F.,(2,2),(-7.998378361862,0.537520023),.PIECEWISE_BEZIER_KNOTS.);
#3301 = CARTESIAN_POINT('',(31.8,-16.));
#3302 = CARTESIAN_POINT('',(31.8,-7.464101615138));
#3303 = ( GEOMETRIC_REPRESENTATION_CONTEXT(2) 
PARAMETRIC_REPRESENTATION_CONTEXT() REPRESENTATION_CONTEXT('2D SPACE',''
  ) );
#3304 = PCURVE('',#2861,#3305);
#3305 = DEFINITIONAL_REPRESENTATION('',(#3306),#3309);
#3306 = B_SPLINE_CURVE_WITH_KNOTS('',1,(#3307,#3308),.UNSPECIFIED.,.F.,
  .F.,(2,2),(-7.998378361862,0.537520023),.PIECEWISE_BEZIER_KNOTS.);
#3307 = CARTESIAN_POINT('',(0.804737636629,1.387359920852));
#3308 = CARTESIAN_POINT('',(8.197042482042,-2.880589271579));
#3309 = ( GEOMETRIC_REPRESENTATION_CONTEXT(2) 
PARAMETRIC_REPRESENTATION_CONTEXT() REPRESENTATION_CONTEXT('2D SPACE',''
  ) );
#3310 = ORIENTED_EDGE('',*,*,#2872,.T.);
#3311 = ORIENTED_EDGE('',*,*,#2139,.T.);
#3312 = ORIENTED_EDGE('',*,*,#3313,.T.);
#3313 = EDGE_CURVE('',#2140,#3095,#3314,.T.);
#3314 = SURFACE_CURVE('',#3315,(#3319,#3326),.PCURVE_S1.);
#3315 = LINE('',#3316,#3317);
#3316 = CARTESIAN_POINT('',(-20.,6.732050807569,123.46025403784));
#3317 = VECTOR('',#3318,1.);
#3318 = DIRECTION('',(1.,0.,0.));
#3319 = PCURVE('',#1839,#3320);
#3320 = DEFINITIONAL_REPRESENTATION('',(#3321),#3325);
#3321 = LINE('',#3322,#3323);
#3322 = CARTESIAN_POINT('',(0.,0.));
#3323 = VECTOR('',#3324,1.);
#3324 = DIRECTION('',(1.,0.));
#3325 = ( GEOMETRIC_REPRESENTATION_CONTEXT(2) 
PARAMETRIC_REPRESENTATION_CONTEXT() REPRESENTATION_CONTEXT('2D SPACE',''
  ) );
#3326 = PCURVE('',#2178,#3327);
#3327 = DEFINITIONAL_REPRESENTATION('',(#3328),#3332);
#3328 = LINE('',#3329,#3330);
#3329 = CARTESIAN_POINT('',(0.,0.));
#3330 = VECTOR('',#3331,1.);
#3331 = DIRECTION('',(0.,1.));
#3332 = ( GEOMETRIC_REPRESENTATION_CONTEXT(2) 
PARAMETRIC_REPRESENTATION_CONTEXT() REPRESENTATION_CONTEXT('2D SPACE',''
  ) );
#3333 = FACE_BOUND('',#3334,.F.);
#3334 = EDGE_LOOP('',(#3335));
#3335 = ORIENTED_EDGE('',*,*,#3336,.F.);
#3336 = EDGE_CURVE('',#3337,#3337,#3339,.T.);
#3337 = VERTEX_POINT('',#3338);
#3338 = CARTESIAN_POINT('',(-8.3,17.732050807569,142.5128129211));
#3339 = SURFACE_CURVE('',#3340,(#3345,#3352),.PCURVE_S1.);
#3340 = CIRCLE('',#3341,1.7);
#3341 = AXIS2_PLACEMENT_3D('',#3342,#3343,#3344);
#3342 = CARTESIAN_POINT('',(-10.,17.732050807569,142.5128129211));
#3343 = DIRECTION('',(0.,-0.866025403784,0.5));
#3344 = DIRECTION('',(1.,0.,0.));
#3345 = PCURVE('',#1839,#3346);
#3346 = DEFINITIONAL_REPRESENTATION('',(#3347),#3351);
#3347 = CIRCLE('',#3348,1.7);
#3348 = AXIS2_PLACEMENT_2D('',#3349,#3350);
#3349 = CARTESIAN_POINT('',(10.,22.));
#3350 = DIRECTION('',(1.,0.));
#3351 = ( GEOMETRIC_REPRESENTATION_CONTEXT(2) 
PARAMETRIC_REPRESENTATION_CONTEXT() REPRESENTATION_CONTEXT('2D SPACE',''
  ) );
#3352 = PCURVE('',#3048,#3353);
#3353 = DEFINITIONAL_REPRESENTATION('',(#3354),#3358);
#3354 = LINE('',#3355,#3356);
#3355 = CARTESIAN_POINT('',(0.,4.));
#3356 = VECTOR('',#3357,1.);
#3357 = DIRECTION('',(1.,0.));
#3358 = ( GEOMETRIC_REPRESENTATION_CONTEXT(2) 
PARAMETRIC_REPRESENTATION_CONTEXT() REPRESENTATION_CONTEXT('2D SPACE',''
  ) );
#3359 = FACE_BOUND('',#3360,.F.);
#3360 = EDGE_LOOP('',(#3361));
#3361 = ORIENTED_EDGE('',*,*,#3362,.F.);
#3362 = EDGE_CURVE('',#3363,#3363,#3365,.T.);
#3363 = VERTEX_POINT('',#3364);
#3364 = CARTESIAN_POINT('',(11.7,17.732050807569,142.5128129211));
#3365 = SURFACE_CURVE('',#3366,(#3371,#3378),.PCURVE_S1.);
#3366 = CIRCLE('',#3367,1.7);
#3367 = AXIS2_PLACEMENT_3D('',#3368,#3369,#3370);
#3368 = CARTESIAN_POINT('',(10.,17.732050807569,142.5128129211));
#3369 = DIRECTION('',(0.,-0.866025403784,0.5));
#3370 = DIRECTION('',(1.,0.,0.));
#3371 = PCURVE('',#1839,#3372);
#3372 = DEFINITIONAL_REPRESENTATION('',(#3373),#3377);
#3373 = CIRCLE('',#3374,1.7);
#3374 = AXIS2_PLACEMENT_2D('',#3375,#3376);
#3375 = CARTESIAN_POINT('',(30.,22.));
#3376 = DIRECTION('',(1.,0.));
#3377 = ( GEOMETRIC_REPRESENTATION_CONTEXT(2) 
PARAMETRIC_REPRESENTATION_CONTEXT() REPRESENTATION_CONTEXT('2D SPACE',''
  ) );
#3378 = PCURVE('',#3079,#3379);
#3379 = DEFINITIONAL_REPRESENTATION('',(#3380),#3384);
#3380 = LINE('',#3381,#3382);
#3381 = CARTESIAN_POINT('',(0.,4.));
#3382 = VECTOR('',#3383,1.);
#3383 = DIRECTION('',(1.,0.));
#3384 = ( GEOMETRIC_REPRESENTATION_CONTEXT(2) 
PARAMETRIC_REPRESENTATION_CONTEXT() REPRESENTATION_CONTEXT('2D SPACE',''
  ) );
#3385 = ADVANCED_FACE('',(#3386),#2861,.T.);
#3386 = FACE_BOUND('',#3387,.T.);
#3387 = EDGE_LOOP('',(#3388,#3389,#3390));
#3388 = ORIENTED_EDGE('',*,*,#3292,.F.);
#3389 = ORIENTED_EDGE('',*,*,#2846,.T.);
#3390 = ORIENTED_EDGE('',*,*,#3391,.T.);
#3391 = EDGE_CURVE('',#2821,#3272,#3392,.T.);
#3392 = SURFACE_CURVE('',#3393,(#3397,#3404),.PCURVE_S1.);
#3393 = LINE('',#3394,#3395);
#3394 = CARTESIAN_POINT('',(11.8,3.,97.8));
#3395 = VECTOR('',#3396,1.);
#3396 = DIRECTION('',(0.,-1.536748899408E-03,0.999998819201));
#3397 = PCURVE('',#2861,#3398);
#3398 = DEFINITIONAL_REPRESENTATION('',(#3399),#3403);
#3399 = LINE('',#3400,#3401);
#3400 = CARTESIAN_POINT('',(-10.99910994066,-2.880589271579));
#3401 = VECTOR('',#3402,1.);
#3402 = DIRECTION('',(0.999998819201,1.536748899408E-03));
#3403 = ( GEOMETRIC_REPRESENTATION_CONTEXT(2) 
PARAMETRIC_REPRESENTATION_CONTEXT() REPRESENTATION_CONTEXT('2D SPACE',''
  ) );
#3404 = PCURVE('',#2835,#3405);
#3405 = DEFINITIONAL_REPRESENTATION('',(#3406),#3410);
#3406 = LINE('',#3407,#3408);
#3407 = CARTESIAN_POINT('',(0.,-2.6));
#3408 = VECTOR('',#3409,1.);
#3409 = DIRECTION('',(1.,0.));
#3410 = ( GEOMETRIC_REPRESENTATION_CONTEXT(2) 
PARAMETRIC_REPRESENTATION_CONTEXT() REPRESENTATION_CONTEXT('2D SPACE',''
  ) );
#3411 = ADVANCED_FACE('',(#3412),#2835,.F.);
#3412 = FACE_BOUND('',#3413,.F.);
#3413 = EDGE_LOOP('',(#3414,#3435,#3436,#3437));
#3414 = ORIENTED_EDGE('',*,*,#3415,.F.);
#3415 = EDGE_CURVE('',#2795,#3251,#3416,.T.);
#3416 = SURFACE_CURVE('',#3417,(#3421,#3428),.PCURVE_S1.);
#3417 = LINE('',#3418,#3419);
#3418 = CARTESIAN_POINT('',(9.2,3.,97.8));
#3419 = VECTOR('',#3420,1.);
#3420 = DIRECTION('',(0.,-1.536748899408E-03,0.999998819201));
#3421 = PCURVE('',#2835,#3422);
#3422 = DEFINITIONAL_REPRESENTATION('',(#3423),#3427);
#3423 = LINE('',#3424,#3425);
#3424 = CARTESIAN_POINT('',(0.,0.));
#3425 = VECTOR('',#3426,1.);
#3426 = DIRECTION('',(1.,0.));
#3427 = ( GEOMETRIC_REPRESENTATION_CONTEXT(2) 
PARAMETRIC_REPRESENTATION_CONTEXT() REPRESENTATION_CONTEXT('2D SPACE',''
  ) );
#3428 = PCURVE('',#2809,#3429);
#3429 = DEFINITIONAL_REPRESENTATION('',(#3430),#3434);
#3430 = LINE('',#3431,#3432);
#3431 = CARTESIAN_POINT('',(-10.99910994066,-2.880589271579));
#3432 = VECTOR('',#3433,1.);
#3433 = DIRECTION('',(0.999998819201,1.536748899408E-03));
#3434 = ( GEOMETRIC_REPRESENTATION_CONTEXT(2) 
PARAMETRIC_REPRESENTATION_CONTEXT() REPRESENTATION_CONTEXT('2D SPACE',''
  ) );
#3435 = ORIENTED_EDGE('',*,*,#2820,.T.);
#3436 = ORIENTED_EDGE('',*,*,#3391,.T.);
#3437 = ORIENTED_EDGE('',*,*,#3271,.F.);
#3438 = ADVANCED_FACE('',(#3439),#2809,.F.);
#3439 = FACE_BOUND('',#3440,.F.);
#3440 = EDGE_LOOP('',(#3441,#3442,#3443));
#3441 = ORIENTED_EDGE('',*,*,#3250,.F.);
#3442 = ORIENTED_EDGE('',*,*,#2794,.T.);
#3443 = ORIENTED_EDGE('',*,*,#3415,.T.);
#3444 = ADVANCED_FACE('',(#3445),#2762,.T.);
#3445 = FACE_BOUND('',#3446,.T.);
#3446 = EDGE_LOOP('',(#3447,#3448,#3449));
#3447 = ORIENTED_EDGE('',*,*,#3230,.F.);
#3448 = ORIENTED_EDGE('',*,*,#2747,.T.);
#3449 = ORIENTED_EDGE('',*,*,#3450,.T.);
#3450 = EDGE_CURVE('',#2722,#3210,#3451,.T.);
#3451 = SURFACE_CURVE('',#3452,(#3456,#3463),.PCURVE_S1.);
#3452 = LINE('',#3453,#3454);
#3453 = CARTESIAN_POINT('',(-9.2,3.,97.8));
#3454 = VECTOR('',#3455,1.);
#3455 = DIRECTION('',(0.,-1.536748899408E-03,0.999998819201));
#3456 = PCURVE('',#2762,#3457);
#3457 = DEFINITIONAL_REPRESENTATION('',(#3458),#3462);
#3458 = LINE('',#3459,#3460);
#3459 = CARTESIAN_POINT('',(-10.99910994066,-2.880589271579));
#3460 = VECTOR('',#3461,1.);
#3461 = DIRECTION('',(0.999998819201,1.536748899408E-03));
#3462 = ( GEOMETRIC_REPRESENTATION_CONTEXT(2) 
PARAMETRIC_REPRESENTATION_CONTEXT() REPRESENTATION_CONTEXT('2D SPACE',''
  ) );
#3463 = PCURVE('',#2736,#3464);
#3464 = DEFINITIONAL_REPRESENTATION('',(#3465),#3469);
#3465 = LINE('',#3466,#3467);
#3466 = CARTESIAN_POINT('',(0.,-2.6));
#3467 = VECTOR('',#3468,1.);
#3468 = DIRECTION('',(1.,0.));
#3469 = ( GEOMETRIC_REPRESENTATION_CONTEXT(2) 
PARAMETRIC_REPRESENTATION_CONTEXT() REPRESENTATION_CONTEXT('2D SPACE',''
  ) );
#3470 = ADVANCED_FACE('',(#3471),#2736,.F.);
#3471 = FACE_BOUND('',#3472,.F.);
#3472 = EDGE_LOOP('',(#3473,#3494,#3495,#3496));
#3473 = ORIENTED_EDGE('',*,*,#3474,.F.);
#3474 = EDGE_CURVE('',#2696,#3189,#3475,.T.);
#3475 = SURFACE_CURVE('',#3476,(#3480,#3487),.PCURVE_S1.);
#3476 = LINE('',#3477,#3478);
#3477 = CARTESIAN_POINT('',(-11.8,3.,97.8));
#3478 = VECTOR('',#3479,1.);
#3479 = DIRECTION('',(0.,-1.536748899408E-03,0.999998819201));
#3480 = PCURVE('',#2736,#3481);
#3481 = DEFINITIONAL_REPRESENTATION('',(#3482),#3486);
#3482 = LINE('',#3483,#3484);
#3483 = CARTESIAN_POINT('',(0.,0.));
#3484 = VECTOR('',#3485,1.);
#3485 = DIRECTION('',(1.,0.));
#3486 = ( GEOMETRIC_REPRESENTATION_CONTEXT(2) 
PARAMETRIC_REPRESENTATION_CONTEXT() REPRESENTATION_CONTEXT('2D SPACE',''
  ) );
#3487 = PCURVE('',#2710,#3488);
#3488 = DEFINITIONAL_REPRESENTATION('',(#3489),#3493);
#3489 = LINE('',#3490,#3491);
#3490 = CARTESIAN_POINT('',(-10.99910994066,-2.880589271579));
#3491 = VECTOR('',#3492,1.);
#3492 = DIRECTION('',(0.999998819201,1.536748899408E-03));
#3493 = ( GEOMETRIC_REPRESENTATION_CONTEXT(2) 
PARAMETRIC_REPRESENTATION_CONTEXT() REPRESENTATION_CONTEXT('2D SPACE',''
  ) );
#3494 = ORIENTED_EDGE('',*,*,#2721,.T.);
#3495 = ORIENTED_EDGE('',*,*,#3450,.T.);
#3496 = ORIENTED_EDGE('',*,*,#3209,.F.);
#3497 = ADVANCED_FACE('',(#3498),#2710,.F.);
#3498 = FACE_BOUND('',#3499,.F.);
#3499 = EDGE_LOOP('',(#3500,#3501,#3502));
#3500 = ORIENTED_EDGE('',*,*,#3188,.F.);
#3501 = ORIENTED_EDGE('',*,*,#2695,.T.);
#3502 = ORIENTED_EDGE('',*,*,#3474,.T.);
#3503 = ADVANCED_FACE('',(#3504),#2916,.T.);
#3504 = FACE_BOUND('',#3505,.T.);
#3505 = EDGE_LOOP('',(#3506,#3527,#3528,#3549));
#3506 = ORIENTED_EDGE('',*,*,#3507,.F.);
#3507 = EDGE_CURVE('',#3095,#2899,#3508,.T.);
#3508 = SURFACE_CURVE('',#3509,(#3513,#3520),.PCURVE_S1.);
#3509 = LINE('',#3510,#3511);
#3510 = CARTESIAN_POINT('',(20.,6.732050807569,123.46025403784));
#3511 = VECTOR('',#3512,1.);
#3512 = DIRECTION('',(0.,-0.866025403784,0.5));
#3513 = PCURVE('',#2916,#3514);
#3514 = DEFINITIONAL_REPRESENTATION('',(#3515),#3519);
#3515 = LINE('',#3516,#3517);
#3516 = CARTESIAN_POINT('',(0.,0.));
#3517 = VECTOR('',#3518,1.);
#3518 = DIRECTION('',(1.,0.));
#3519 = ( GEOMETRIC_REPRESENTATION_CONTEXT(2) 
PARAMETRIC_REPRESENTATION_CONTEXT() REPRESENTATION_CONTEXT('2D SPACE',''
  ) );
#3520 = PCURVE('',#2178,#3521);
#3521 = DEFINITIONAL_REPRESENTATION('',(#3522),#3526);
#3522 = LINE('',#3523,#3524);
#3523 = CARTESIAN_POINT('',(0.,40.));
#3524 = VECTOR('',#3525,1.);
#3525 = DIRECTION('',(1.,0.));
#3526 = ( GEOMETRIC_REPRESENTATION_CONTEXT(2) 
PARAMETRIC_REPRESENTATION_CONTEXT() REPRESENTATION_CONTEXT('2D SPACE',''
  ) );
#3527 = ORIENTED_EDGE('',*,*,#3094,.T.);
#3528 = ORIENTED_EDGE('',*,*,#3529,.T.);
#3529 = EDGE_CURVE('',#3097,#2901,#3530,.T.);
#3530 = SURFACE_CURVE('',#3531,(#3535,#3542),.PCURVE_S1.);
#3531 = LINE('',#3532,#3533);
#3532 = CARTESIAN_POINT('',(20.,27.732050807569,159.83332099679));
#3533 = VECTOR('',#3534,1.);
#3534 = DIRECTION('',(0.,-0.866025403784,0.5));
#3535 = PCURVE('',#2916,#3536);
#3536 = DEFINITIONAL_REPRESENTATION('',(#3537),#3541);
#3537 = LINE('',#3538,#3539);
#3538 = CARTESIAN_POINT('',(0.,-42.));
#3539 = VECTOR('',#3540,1.);
#3540 = DIRECTION('',(1.,0.));
#3541 = ( GEOMETRIC_REPRESENTATION_CONTEXT(2) 
PARAMETRIC_REPRESENTATION_CONTEXT() REPRESENTATION_CONTEXT('2D SPACE',''
  ) );
#3542 = PCURVE('',#2944,#3543);
#3543 = DEFINITIONAL_REPRESENTATION('',(#3544),#3548);
#3544 = LINE('',#3545,#3546);
#3545 = CARTESIAN_POINT('',(0.,40.));
#3546 = VECTOR('',#3547,1.);
#3547 = DIRECTION('',(1.,0.));
#3548 = ( GEOMETRIC_REPRESENTATION_CONTEXT(2) 
PARAMETRIC_REPRESENTATION_CONTEXT() REPRESENTATION_CONTEXT('2D SPACE',''
  ) );
#3549 = ORIENTED_EDGE('',*,*,#2898,.F.);
#3550 = ADVANCED_FACE('',(#3551),#2178,.F.);
#3551 = FACE_BOUND('',#3552,.F.);
#3552 = EDGE_LOOP('',(#3553,#3554,#3555,#3556));
#3553 = ORIENTED_EDGE('',*,*,#3313,.F.);
#3554 = ORIENTED_EDGE('',*,*,#2162,.F.);
#3555 = ORIENTED_EDGE('',*,*,#3008,.T.);
#3556 = ORIENTED_EDGE('',*,*,#3507,.F.);
#3557 = ADVANCED_FACE('',(#3558),#1867,.F.);
#3558 = FACE_BOUND('',#3559,.F.);
#3559 = EDGE_LOOP('',(#3560,#3561,#3582,#3583));
#3560 = ORIENTED_EDGE('',*,*,#3165,.F.);
#3561 = ORIENTED_EDGE('',*,*,#3562,.T.);
#3562 = EDGE_CURVE('',#3143,#2957,#3563,.T.);
#3563 = SURFACE_CURVE('',#3564,(#3568,#3575),.PCURVE_S1.);
#3564 = LINE('',#3565,#3566);
#3565 = CARTESIAN_POINT('',(-20.,6.732050807569,123.46025403784));
#3566 = VECTOR('',#3567,1.);
#3567 = DIRECTION('',(0.,-0.866025403784,0.5));
#3568 = PCURVE('',#1867,#3569);
#3569 = DEFINITIONAL_REPRESENTATION('',(#3570),#3574);
#3570 = LINE('',#3571,#3572);
#3571 = CARTESIAN_POINT('',(0.,0.));
#3572 = VECTOR('',#3573,1.);
#3573 = DIRECTION('',(1.,0.));
#3574 = ( GEOMETRIC_REPRESENTATION_CONTEXT(2) 
PARAMETRIC_REPRESENTATION_CONTEXT() REPRESENTATION_CONTEXT('2D SPACE',''
  ) );
#3575 = PCURVE('',#2972,#3576);
#3576 = DEFINITIONAL_REPRESENTATION('',(#3577),#3581);
#3577 = LINE('',#3578,#3579);
#3578 = CARTESIAN_POINT('',(0.,0.));
#3579 = VECTOR('',#3580,1.);
#3580 = DIRECTION('',(1.,0.));
#3581 = ( GEOMETRIC_REPRESENTATION_CONTEXT(2) 
PARAMETRIC_REPRESENTATION_CONTEXT() REPRESENTATION_CONTEXT('2D SPACE',''
  ) );
#3582 = ORIENTED_EDGE('',*,*,#2984,.T.);
#3583 = ORIENTED_EDGE('',*,*,#1851,.T.);
#3584 = ADVANCED_FACE('',(#3585),#2972,.F.);
#3585 = FACE_BOUND('',#3586,.F.);
#3586 = EDGE_LOOP('',(#3587,#3588,#3589,#3610));
#3587 = ORIENTED_EDGE('',*,*,#3562,.F.);
#3588 = ORIENTED_EDGE('',*,*,#3142,.T.);
#3589 = ORIENTED_EDGE('',*,*,#3590,.T.);
#3590 = EDGE_CURVE('',#3120,#2929,#3591,.T.);
#3591 = SURFACE_CURVE('',#3592,(#3596,#3603),.PCURVE_S1.);
#3592 = LINE('',#3593,#3594);
#3593 = CARTESIAN_POINT('',(-20.,27.732050807569,159.83332099679));
#3594 = VECTOR('',#3595,1.);
#3595 = DIRECTION('',(0.,-0.866025403784,0.5));
#3596 = PCURVE('',#2972,#3597);
#3597 = DEFINITIONAL_REPRESENTATION('',(#3598),#3602);
#3598 = LINE('',#3599,#3600);
#3599 = CARTESIAN_POINT('',(0.,-42.));
#3600 = VECTOR('',#3601,1.);
#3601 = DIRECTION('',(1.,0.));
#3602 = ( GEOMETRIC_REPRESENTATION_CONTEXT(2) 
PARAMETRIC_REPRESENTATION_CONTEXT() REPRESENTATION_CONTEXT('2D SPACE',''
  ) );
#3603 = PCURVE('',#2944,#3604);
#3604 = DEFINITIONAL_REPRESENTATION('',(#3605),#3609);
#3605 = LINE('',#3606,#3607);
#3606 = CARTESIAN_POINT('',(0.,0.));
#3607 = VECTOR('',#3608,1.);
#3608 = DIRECTION('',(1.,0.));
#3609 = ( GEOMETRIC_REPRESENTATION_CONTEXT(2) 
PARAMETRIC_REPRESENTATION_CONTEXT() REPRESENTATION_CONTEXT('2D SPACE',''
  ) );
#3610 = ORIENTED_EDGE('',*,*,#2956,.F.);
#3611 = ADVANCED_FACE('',(#3612),#2944,.T.);
#3612 = FACE_BOUND('',#3613,.T.);
#3613 = EDGE_LOOP('',(#3614,#3615,#3616,#3617));
#3614 = ORIENTED_EDGE('',*,*,#3119,.F.);
#3615 = ORIENTED_EDGE('',*,*,#3590,.T.);
#3616 = ORIENTED_EDGE('',*,*,#2928,.T.);
#3617 = ORIENTED_EDGE('',*,*,#3529,.F.);
#3618 = ADVANCED_FACE('',(#3619),#3048,.F.);
#3619 = FACE_BOUND('',#3620,.F.);
#3620 = EDGE_LOOP('',(#3621,#3622,#3643,#3644));
#3621 = ORIENTED_EDGE('',*,*,#3031,.F.);
#3622 = ORIENTED_EDGE('',*,*,#3623,.F.);
#3623 = EDGE_CURVE('',#3337,#3032,#3624,.T.);
#3624 = SEAM_CURVE('',#3625,(#3629,#3636),.PCURVE_S1.);
#3625 = LINE('',#3626,#3627);
#3626 = CARTESIAN_POINT('',(-8.3,21.196152422707,140.5128129211));
#3627 = VECTOR('',#3628,1.);
#3628 = DIRECTION('',(0.,-0.866025403784,0.5));
#3629 = PCURVE('',#3048,#3630);
#3630 = DEFINITIONAL_REPRESENTATION('',(#3631),#3635);
#3631 = LINE('',#3632,#3633);
#3632 = CARTESIAN_POINT('',(6.28318530718,-0.));
#3633 = VECTOR('',#3634,1.);
#3634 = DIRECTION('',(0.,1.));
#3635 = ( GEOMETRIC_REPRESENTATION_CONTEXT(2) 
PARAMETRIC_REPRESENTATION_CONTEXT() REPRESENTATION_CONTEXT('2D SPACE',''
  ) );
#3636 = PCURVE('',#3048,#3637);
#3637 = DEFINITIONAL_REPRESENTATION('',(#3638),#3642);
#3638 = LINE('',#3639,#3640);
#3639 = CARTESIAN_POINT('',(0.,-0.));
#3640 = VECTOR('',#3641,1.);
#3641 = DIRECTION('',(0.,1.));
#3642 = ( GEOMETRIC_REPRESENTATION_CONTEXT(2) 
PARAMETRIC_REPRESENTATION_CONTEXT() REPRESENTATION_CONTEXT('2D SPACE',''
  ) );
#3643 = ORIENTED_EDGE('',*,*,#3336,.T.);
#3644 = ORIENTED_EDGE('',*,*,#3623,.T.);
#3645 = ADVANCED_FACE('',(#3646),#3079,.F.);
#3646 = FACE_BOUND('',#3647,.F.);
#3647 = EDGE_LOOP('',(#3648,#3649,#3670,#3671));
#3648 = ORIENTED_EDGE('',*,*,#3062,.F.);
#3649 = ORIENTED_EDGE('',*,*,#3650,.F.);
#3650 = EDGE_CURVE('',#3363,#3063,#3651,.T.);
#3651 = SEAM_CURVE('',#3652,(#3656,#3663),.PCURVE_S1.);
#3652 = LINE('',#3653,#3654);
#3653 = CARTESIAN_POINT('',(11.7,21.196152422707,140.5128129211));
#3654 = VECTOR('',#3655,1.);
#3655 = DIRECTION('',(0.,-0.866025403784,0.5));
#3656 = PCURVE('',#3079,#3657);
#3657 = DEFINITIONAL_REPRESENTATION('',(#3658),#3662);
#3658 = LINE('',#3659,#3660);
#3659 = CARTESIAN_POINT('',(6.28318530718,-0.));
#3660 = VECTOR('',#3661,1.);
#3661 = DIRECTION('',(0.,1.));
#3662 = ( GEOMETRIC_REPRESENTATION_CONTEXT(2) 
PARAMETRIC_REPRESENTATION_CONTEXT() REPRESENTATION_CONTEXT('2D SPACE',''
  ) );
#3663 = PCURVE('',#3079,#3664);
#3664 = DEFINITIONAL_REPRESENTATION('',(#3665),#3669);
#3665 = LINE('',#3666,#3667);
#3666 = CARTESIAN_POINT('',(0.,-0.));
#3667 = VECTOR('',#3668,1.);
#3668 = DIRECTION('',(0.,1.));
#3669 = ( GEOMETRIC_REPRESENTATION_CONTEXT(2) 
PARAMETRIC_REPRESENTATION_CONTEXT() REPRESENTATION_CONTEXT('2D SPACE',''
  ) );
#3670 = ORIENTED_EDGE('',*,*,#3362,.T.);
#3671 = ORIENTED_EDGE('',*,*,#3650,.T.);
#3672 = ( GEOMETRIC_REPRESENTATION_CONTEXT(3) 
GLOBAL_UNCERTAINTY_ASSIGNED_CONTEXT((#3676)) 
GLOBAL_UNIT_ASSIGNED_CONTEXT((#3673,#3674,#3675)) REPRESENTATION_CONTEXT
('Context #1','3D Context with UNIT and UNCERTAINTY') );
#3673 = ( LENGTH_UNIT() NAMED_UNIT(*) SI_UNIT(.MILLI.,.METRE.) );
#3674 = ( NAMED_UNIT(*) PLANE_ANGLE_UNIT() SI_UNIT($,.RADIAN.) );
#3675 = ( NAMED_UNIT(*) SI_UNIT($,.STERADIAN.) SOLID_ANGLE_UNIT() );
#3676 = UNCERTAINTY_MEASURE_WITH_UNIT(LENGTH_MEASURE(1.E-07),#3673,
  'distance_accuracy_value','confusion accuracy');
#3677 = PRODUCT_RELATED_PRODUCT_CATEGORY('part',$,(#7));
ENDSEC;
END-ISO-10303-21;
