ISO-10303-21;
HEADER;
FILE_DESCRIPTION(('Open CASCADE Model'),'2;1');
FILE_NAME('Open CASCADE Shape Model','2026-09-11T17:50:00',('Author'),(
    'Open CASCADE'),'Open CASCADE STEP processor 7.8','Open CASCADE 7.8'
  ,'Unknown');
FILE_SCHEMA(('AUTOMOTIVE_DESIGN { 1 0 10303 214 1 1 1 1 }'));
ENDSEC;
DATA;
#1 = APPLICATION_PROTOCOL_DEFINITION('international standard',
  'automotive_design',2000,#2);
#2 = APPLICATION_CONTEXT(
  'core data for automotive mechanical design processes');
#3 = SHAPE_DEFINITION_REPRESENTATION(#4,#10);
#4 = PRODUCT_DEFINITION_SHAPE('','',#5);
#5 = PRODUCT_DEFINITION('design','',#6,#9);
#6 = PRODUCT_DEFINITION_FORMATION('','',#7);
#7 = PRODUCT('Open CASCADE STEP translator 7.8 1',
  'Open CASCADE STEP translator 7.8 1','',(#8));
#8 = PRODUCT_CONTEXT('',#2,'mechanical');
#9 = PRODUCT_DEFINITION_CONTEXT('part definition',#2,'design');
#10 = ADVANCED_BREP_SHAPE_REPRESENTATION('',(#11,#15),#3846);
#11 = AXIS2_PLACEMENT_3D('',#12,#13,#14);
#12 = CARTESIAN_POINT('',(0.,0.,0.));
#13 = DIRECTION('',(0.,0.,1.));
#14 = DIRECTION('',(1.,0.,-0.));
#15 = MANIFOLD_SOLID_BREP('',#16);
#16 = CLOSED_SHELL('',(#17,#449,#535,#804,#949,#976,#1031,#1086,#1113,
    #1140,#1167,#1761,#1950,#2061,#2208,#2215,#2245,#2275,#2325,#2374,
    #2406,#2433,#2460,#2607,#2764,#2880,#2907,#3103,#3462,#3486,#3513,
    #3541,#3589,#3614,#3639,#3646,#3670,#3677,#3724,#3731,#3758,#3785,
    #3792,#3819));
#17 = ADVANCED_FACE('',(#18,#143,#296),#32,.F.);
#18 = FACE_BOUND('',#19,.T.);
#19 = EDGE_LOOP('',(#20,#55,#88,#116));
#20 = ORIENTED_EDGE('',*,*,#21,.T.);
#21 = EDGE_CURVE('',#22,#24,#26,.T.);
#22 = VERTEX_POINT('',#23);
#23 = CARTESIAN_POINT('',(28.256011445849,-0.5,12.25715371414));
#24 = VERTEX_POINT('',#25);
#25 = CARTESIAN_POINT('',(28.256011445849,-10.5,12.25715371414));
#26 = SURFACE_CURVE('',#27,(#31,#43),.PCURVE_S1.);
#27 = LINE('',#28,#29);
#28 = CARTESIAN_POINT('',(28.256011445849,-0.5,12.25715371414));
#29 = VECTOR('',#30,1.);
#30 = DIRECTION('',(0.,-1.,0.));
#31 = PCURVE('',#32,#37);
#32 = CYLINDRICAL_SURFACE('',#33,30.8);
#33 = AXIS2_PLACEMENT_3D('',#34,#35,#36);
#34 = CARTESIAN_POINT('',(-8.881784197001E-16,-0.5,1.7763568394E-15));
#35 = DIRECTION('',(-0.,1.,-0.));
#36 = DIRECTION('',(0.927183854567,0.,0.374606593416));
#37 = DEFINITIONAL_REPRESENTATION('',(#38),#42);
#38 = LINE('',#39,#40);
#39 = CARTESIAN_POINT('',(-2.531916079262E-02,0.));
#40 = VECTOR('',#41,1.);
#41 = DIRECTION('',(-0.,-1.));
#42 = ( GEOMETRIC_REPRESENTATION_CONTEXT(2) 
PARAMETRIC_REPRESENTATION_CONTEXT() REPRESENTATION_CONTEXT('2D SPACE',''
  ) );
#43 = PCURVE('',#44,#49);
#44 = CYLINDRICAL_SURFACE('',#45,0.8);
#45 = AXIS2_PLACEMENT_3D('',#46,#47,#48);
#46 = CARTESIAN_POINT('',(28.989933821066,-0.5,12.575521343078));
#47 = DIRECTION('',(0.,-1.,0.));
#48 = DIRECTION('',(-0.917402969021,-0.,-0.397959536173));
#49 = DEFINITIONAL_REPRESENTATION('',(#50),#54);
#50 = LINE('',#51,#52);
#51 = CARTESIAN_POINT('',(0.,0.));
#52 = VECTOR('',#53,1.);
#53 = DIRECTION('',(0.,1.));
#54 = ( GEOMETRIC_REPRESENTATION_CONTEXT(2) 
PARAMETRIC_REPRESENTATION_CONTEXT() REPRESENTATION_CONTEXT('2D SPACE',''
  ) );
#55 = ORIENTED_EDGE('',*,*,#56,.T.);
#56 = EDGE_CURVE('',#24,#57,#59,.T.);
#57 = VERTEX_POINT('',#58);
#58 = CARTESIAN_POINT('',(-28.25601144584,-10.5,12.25715371414));
#59 = SURFACE_CURVE('',#60,(#65,#72),.PCURVE_S1.);
#60 = CIRCLE('',#61,30.8);
#61 = AXIS2_PLACEMENT_3D('',#62,#63,#64);
#62 = CARTESIAN_POINT('',(-8.881784197001E-16,-10.5,1.7763568394E-15));
#63 = DIRECTION('',(0.,-1.,0.));
#64 = DIRECTION('',(0.917402969021,0.,0.397959536173));
#65 = PCURVE('',#32,#66);
#66 = DEFINITIONAL_REPRESENTATION('',(#67),#71);
#67 = LINE('',#68,#69);
#68 = CARTESIAN_POINT('',(-2.531916079262E-02,-10.));
#69 = VECTOR('',#70,1.);
#70 = DIRECTION('',(-1.,0.));
#71 = ( GEOMETRIC_REPRESENTATION_CONTEXT(2) 
PARAMETRIC_REPRESENTATION_CONTEXT() REPRESENTATION_CONTEXT('2D SPACE',''
  ) );
#72 = PCURVE('',#73,#78);
#73 = PLANE('',#74);
#74 = AXIS2_PLACEMENT_3D('',#75,#76,#77);
#75 = CARTESIAN_POINT('',(5.025987482445E-15,-10.5,24.031841905939));
#76 = DIRECTION('',(0.,1.,0.));
#77 = DIRECTION('',(0.,-0.,1.));
#78 = DEFINITIONAL_REPRESENTATION('',(#79),#87);
#79 = ( BOUNDED_CURVE() B_SPLINE_CURVE(2,(#80,#81,#82,#83,#84,#85,#86),
.UNSPECIFIED.,.T.,.F.) B_SPLINE_CURVE_WITH_KNOTS((1,2,2,2,2,1),(
    -2.094395102393,0.,2.094395102393,4.188790204786,6.28318530718,
8.377580409573),.UNSPECIFIED.) CURVE() GEOMETRIC_REPRESENTATION_ITEM() 
RATIONAL_B_SPLINE_CURVE((1.,0.5,1.,0.5,1.,0.5,1.)) REPRESENTATION_ITEM(
  '') );
#80 = CARTESIAN_POINT('',(-11.7746881918,28.256011445849));
#81 = CARTESIAN_POINT('',(37.166159251659,7.025998456778));
#82 = CARTESIAN_POINT('',(-5.68999504128,-24.74301221746));
#83 = CARTESIAN_POINT('',(-48.54614933421,-56.51202289169));
#84 = CARTESIAN_POINT('',(-54.63084248473,-3.512999228389));
#85 = CARTESIAN_POINT('',(-60.71553563525,49.48602443492));
#86 = CARTESIAN_POINT('',(-11.7746881918,28.256011445849));
#87 = ( GEOMETRIC_REPRESENTATION_CONTEXT(2) 
PARAMETRIC_REPRESENTATION_CONTEXT() REPRESENTATION_CONTEXT('2D SPACE',''
  ) );
#88 = ORIENTED_EDGE('',*,*,#89,.F.);
#89 = EDGE_CURVE('',#90,#57,#92,.T.);
#90 = VERTEX_POINT('',#91);
#91 = CARTESIAN_POINT('',(-28.25601144584,-0.5,12.25715371414));
#92 = SURFACE_CURVE('',#93,(#97,#104),.PCURVE_S1.);
#93 = LINE('',#94,#95);
#94 = CARTESIAN_POINT('',(-28.25601144584,-0.5,12.25715371414));
#95 = VECTOR('',#96,1.);
#96 = DIRECTION('',(0.,-1.,0.));
#97 = PCURVE('',#32,#98);
#98 = DEFINITIONAL_REPRESENTATION('',(#99),#103);
#99 = LINE('',#100,#101);
#100 = CARTESIAN_POINT('',(-2.34832862192,0.));
#101 = VECTOR('',#102,1.);
#102 = DIRECTION('',(-0.,-1.));
#103 = ( GEOMETRIC_REPRESENTATION_CONTEXT(2) 
PARAMETRIC_REPRESENTATION_CONTEXT() REPRESENTATION_CONTEXT('2D SPACE',''
  ) );
#104 = PCURVE('',#105,#110);
#105 = CYLINDRICAL_SURFACE('',#106,0.8);
#106 = AXIS2_PLACEMENT_3D('',#107,#108,#109);
#107 = CARTESIAN_POINT('',(-28.98993382106,-0.5,12.575521343078));
#108 = DIRECTION('',(0.,-1.,0.));
#109 = DIRECTION('',(0.917402969021,0.,-0.397959536173));
#110 = DEFINITIONAL_REPRESENTATION('',(#111),#115);
#111 = LINE('',#112,#113);
#112 = CARTESIAN_POINT('',(-0.,0.));
#113 = VECTOR('',#114,1.);
#114 = DIRECTION('',(-0.,1.));
#115 = ( GEOMETRIC_REPRESENTATION_CONTEXT(2) 
PARAMETRIC_REPRESENTATION_CONTEXT() REPRESENTATION_CONTEXT('2D SPACE',''
  ) );
#116 = ORIENTED_EDGE('',*,*,#117,.T.);
#117 = EDGE_CURVE('',#90,#22,#118,.T.);
#118 = SURFACE_CURVE('',#119,(#124,#131),.PCURVE_S1.);
#119 = CIRCLE('',#120,30.8);
#120 = AXIS2_PLACEMENT_3D('',#121,#122,#123);
#121 = CARTESIAN_POINT('',(-8.881784197001E-16,-0.5,1.7763568394E-15));
#122 = DIRECTION('',(0.,1.,-0.));
#123 = DIRECTION('',(-0.917402969021,0.,0.397959536173));
#124 = PCURVE('',#32,#125);
#125 = DEFINITIONAL_REPRESENTATION('',(#126),#130);
#126 = LINE('',#127,#128);
#127 = CARTESIAN_POINT('',(-2.34832862192,0.));
#128 = VECTOR('',#129,1.);
#129 = DIRECTION('',(1.,-0.));
#130 = ( GEOMETRIC_REPRESENTATION_CONTEXT(2) 
PARAMETRIC_REPRESENTATION_CONTEXT() REPRESENTATION_CONTEXT('2D SPACE',''
  ) );
#131 = PCURVE('',#132,#137);
#132 = PLANE('',#133);
#133 = AXIS2_PLACEMENT_3D('',#134,#135,#136);
#134 = CARTESIAN_POINT('',(5.025987482445E-15,-0.5,24.031841905939));
#135 = DIRECTION('',(0.,1.,0.));
#136 = DIRECTION('',(0.,-0.,1.));
#137 = DEFINITIONAL_REPRESENTATION('',(#138),#142);
#138 = CIRCLE('',#139,30.8);
#139 = AXIS2_PLACEMENT_2D('',#140,#141);
#140 = CARTESIAN_POINT('',(-24.03184190593,-5.914165902145E-15));
#141 = DIRECTION('',(0.397959536173,-0.917402969021));
#142 = ( GEOMETRIC_REPRESENTATION_CONTEXT(2) 
PARAMETRIC_REPRESENTATION_CONTEXT() REPRESENTATION_CONTEXT('2D SPACE',''
  ) );
#143 = FACE_BOUND('',#144,.T.);
#144 = EDGE_LOOP('',(#145));
#145 = ORIENTED_EDGE('',*,*,#146,.T.);
#146 = EDGE_CURVE('',#147,#147,#149,.T.);
#147 = VERTEX_POINT('',#148);
#148 = CARTESIAN_POINT('',(25.782921356847,-4.5,16.848767501115));
#149 = SURFACE_CURVE('',#150,(#195,#243),.PCURVE_S1.);
#150 = B_SPLINE_CURVE_WITH_KNOTS('',7,(#151,#152,#153,#154,#155,#156,
    #157,#158,#159,#160,#161,#162,#163,#164,#165,#166,#167,#168,#169,
    #170,#171,#172,#173,#174,#175,#176,#177,#178,#179,#180,#181,#182,
    #183,#184,#185,#186,#187,#188,#189,#190,#191,#192,#193,#194),
  .UNSPECIFIED.,.T.,.F.,(8,6,6,6,6,6,6,8),(0.,0.15273491563,
    0.285723645449,0.421923746179,0.588701440598,0.714477818133,
    0.837886405733,1.),.UNSPECIFIED.);
#151 = CARTESIAN_POINT('',(25.782921356847,-4.5,16.848767501115));
#152 = CARTESIAN_POINT('',(25.782921356847,-4.703169991256,
    16.848767501115));
#153 = CARTESIAN_POINT('',(25.798440798787,-4.906244513581,
    16.82501864133));
#154 = CARTESIAN_POINT('',(25.829458737665,-5.106759473971,
    16.777554025062));
#155 = CARTESIAN_POINT('',(25.87628773007,-5.301911616159,
    16.705590782628));
#156 = CARTESIAN_POINT('',(25.939389924017,-5.488019134682,
    16.607830373909));
#157 = CARTESIAN_POINT('',(26.019112332197,-5.659936798949,
    16.482678256494));
#158 = CARTESIAN_POINT('',(26.198974595615,-5.940423932782,
    16.195019754828));
#159 = CARTESIAN_POINT('',(26.298081857424,-6.058894456771,
    16.03473224456));
#160 = CARTESIAN_POINT('',(26.410013369418,-6.151744872672,
    15.850919258567));
#161 = CARTESIAN_POINT('',(26.530014457713,-6.209645360746,
    15.649814475171));
#162 = CARTESIAN_POINT('',(26.65225009714,-6.227577846358,
    15.440062546857));
#163 = CARTESIAN_POINT('',(26.771239156385,-6.205093589671,
    15.231305916859));
#164 = CARTESIAN_POINT('',(26.996358245078,-6.086676464668,
    14.828725685799));
#165 = CARTESIAN_POINT('',(27.098137866172,-5.991073628514,
    14.642486212983));
#166 = CARTESIAN_POINT('',(27.186553935254,-5.867883879324,
    14.477297641475));
#167 = CARTESIAN_POINT('',(27.261469272074,-5.723902837628,
    14.334998843743));
#168 = CARTESIAN_POINT('',(27.323168263071,-5.565120470531,
    14.216346883834));
#169 = CARTESIAN_POINT('',(27.372213867372,-5.396861981794,
    14.121209389665));
#170 = CARTESIAN_POINT('',(27.454935321363,-5.011939908664,
    13.959817066693));
#171 = CARTESIAN_POINT('',(27.483306968435,-4.790011817774,
    13.903635449456));
#172 = CARTESIAN_POINT('',(27.495807926827,-4.563025608776,
    13.878691207333));
#173 = CARTESIAN_POINT('',(27.492858733237,-4.334472178815,
    13.884563727652));
#174 = CARTESIAN_POINT('',(27.47428196739,-4.108090931813,
    13.921567674226));
#175 = CARTESIAN_POINT('',(27.439409882214,-3.888249769349,
    13.990417968497));
#176 = CARTESIAN_POINT('',(27.347868511505,-3.524734266999,
    14.168326898805));
#177 = CARTESIAN_POINT('',(27.298146005395,-3.373558064592,
    14.264349001915));
#178 = CARTESIAN_POINT('',(27.237449597135,-3.231617619321,
    14.380519602058));
#179 = CARTESIAN_POINT('',(27.16540996861,-3.103434833414,
    14.516733864219));
#180 = CARTESIAN_POINT('',(27.081920466793,-2.993935352233,
    14.672137057523));
#181 = CARTESIAN_POINT('',(26.987246767191,-2.908530716463,
    14.845019732182));
#182 = CARTESIAN_POINT('',(26.779637736561,-2.7993242308,15.216286744708
    ));
#183 = CARTESIAN_POINT('',(26.669765254082,-2.775806630105,
    15.409326326147));
#184 = CARTESIAN_POINT('',(26.556565435624,-2.786906712047,
    15.604204440281));
#185 = CARTESIAN_POINT('',(26.444561486208,-2.832744350059,
    15.792881120896));
#186 = CARTESIAN_POINT('',(26.33860836462,-2.909696910274,
    15.967958460882));
#187 = CARTESIAN_POINT('',(26.242861164799,-3.010571172953,
    16.123800018338));
#188 = CARTESIAN_POINT('',(26.050974832246,-3.274556552618,
    16.432568717724));
#189 = CARTESIAN_POINT('',(25.960402728661,-3.452395227813,
    16.575252502334));
#190 = CARTESIAN_POINT('',(25.888746317502,-3.647912964819,
    16.686439321993));
#191 = CARTESIAN_POINT('',(25.835628598112,-3.854575925055,
    16.768113341209));
#192 = CARTESIAN_POINT('',(25.800498691415,-4.067650677042,
    16.821869341561));
#193 = CARTESIAN_POINT('',(25.782921356847,-4.283784788788,
    16.848767501115));
#194 = CARTESIAN_POINT('',(25.782921356847,-4.5,16.848767501115));
#195 = PCURVE('',#32,#196);
#196 = DEFINITIONAL_REPRESENTATION('',(#197),#242);
#197 = B_SPLINE_CURVE_WITH_KNOTS('',7,(#198,#199,#200,#201,#202,#203,
    #204,#205,#206,#207,#208,#209,#210,#211,#212,#213,#214,#215,#216,
    #217,#218,#219,#220,#221,#222,#223,#224,#225,#226,#227,#228,#229,
    #230,#231,#232,#233,#234,#235,#236,#237,#238,#239,#240,#241),
  .UNSPECIFIED.,.T.,.F.,(8,6,6,6,6,6,6,8),(0.,0.15273491563,
    0.285723645449,0.421923746179,0.588701440598,0.714477818133,
    0.837886405733,1.),.UNSPECIFIED.);
#198 = CARTESIAN_POINT('',(-0.194849208698,-4.));
#199 = CARTESIAN_POINT('',(-0.194849208698,-4.203169991256));
#200 = CARTESIAN_POINT('',(-0.193928102161,-4.406244513581));
#201 = CARTESIAN_POINT('',(-0.192087161097,-4.606759473971));
#202 = CARTESIAN_POINT('',(-0.189299556322,-4.801911616159));
#203 = CARTESIAN_POINT('',(-0.185521784594,-4.988019134682));
#204 = CARTESIAN_POINT('',(-0.180704193358,-5.159936798949));
#205 = CARTESIAN_POINT('',(-0.169689234378,-5.440423932782));
#206 = CARTESIAN_POINT('',(-0.16357072771,-5.558894456771));
#207 = CARTESIAN_POINT('',(-0.156583599802,-5.651744872672));
#208 = CARTESIAN_POINT('',(-0.148980790046,-5.709645360746));
#209 = CARTESIAN_POINT('',(-0.141099238832,-5.727577846358));
#210 = CARTESIAN_POINT('',(-0.133297978784,-5.705093589671));
#211 = CARTESIAN_POINT('',(-0.118322403905,-5.586676464668));
#212 = CARTESIAN_POINT('',(-0.1114319423,-5.491073628514));
#213 = CARTESIAN_POINT('',(-0.105349066468,-5.367883879324));
#214 = CARTESIAN_POINT('',(-0.100127948345,-5.223902837628));
#215 = CARTESIAN_POINT('',(-9.5785951163E-02,-5.065120470531));
#216 = CARTESIAN_POINT('',(-9.231077909325E-02,-4.896861981794));
#217 = CARTESIAN_POINT('',(-8.642256844034E-02,-4.511939908664));
#218 = CARTESIAN_POINT('',(-8.437912894278E-02,-4.290011817774));
#219 = CARTESIAN_POINT('',(-8.347322306524E-02,-4.063025608776));
#220 = CARTESIAN_POINT('',(-8.368658488203E-02,-3.834472178815));
#221 = CARTESIAN_POINT('',(-8.503092308385E-02,-3.608090931813));
#222 = CARTESIAN_POINT('',(-8.753664775249E-02,-3.388249769349));
#223 = CARTESIAN_POINT('',(-9.403270326147E-02,-3.024734266999));
#224 = CARTESIAN_POINT('',(-9.754347742335E-02,-2.873558064592));
#225 = CARTESIAN_POINT('',(-0.101798986645,-2.731617619321));
#226 = CARTESIAN_POINT('',(-0.106801817898,-2.603434833414));
#227 = CARTESIAN_POINT('',(-0.112529169814,-2.493935352233));
#228 = CARTESIAN_POINT('',(-0.118928525848,-2.408530716463));
#229 = CARTESIAN_POINT('',(-0.132739280865,-2.2993242308));
#230 = CARTESIAN_POINT('',(-0.139950687568,-2.275806630105));
#231 = CARTESIAN_POINT('',(-0.147267431175,-2.286906712047));
#232 = CARTESIAN_POINT('',(-0.154390824167,-2.332744350059));
#233 = CARTESIAN_POINT('',(-0.161034790775,-2.409696910274));
#234 = CARTESIAN_POINT('',(-0.16697317447,-2.510571172953));
#235 = CARTESIAN_POINT('',(-0.178776293633,-2.774556552618));
#236 = CARTESIAN_POINT('',(-0.184263149048,-2.952395227813));
#237 = CARTESIAN_POINT('',(-0.188557764328,-3.147912964819));
#238 = CARTESIAN_POINT('',(-0.191720992384,-3.354575925055));
#239 = CARTESIAN_POINT('',(-0.19380595753,-3.567650677042));
#240 = CARTESIAN_POINT('',(-0.194849208698,-3.783784788788));
#241 = CARTESIAN_POINT('',(-0.194849208698,-4.));
#242 = ( GEOMETRIC_REPRESENTATION_CONTEXT(2) 
PARAMETRIC_REPRESENTATION_CONTEXT() REPRESENTATION_CONTEXT('2D SPACE',''
  ) );
#243 = PCURVE('',#244,#249);
#244 = CYLINDRICAL_SURFACE('',#245,1.7);
#245 = AXIS2_PLACEMENT_3D('',#246,#247,#248);
#246 = CARTESIAN_POINT('',(21.650635094611,-4.5,12.5));
#247 = DIRECTION('',(0.866025403784,0.,0.5));
#248 = DIRECTION('',(-0.5,0.,0.866025403784));
#249 = DEFINITIONAL_REPRESENTATION('',(#250),#295);
#250 = B_SPLINE_CURVE_WITH_KNOTS('',7,(#251,#252,#253,#254,#255,#256,
    #257,#258,#259,#260,#261,#262,#263,#264,#265,#266,#267,#268,#269,
    #270,#271,#272,#273,#274,#275,#276,#277,#278,#279,#280,#281,#282,
    #283,#284,#285,#286,#287,#288,#289,#290,#291,#292,#293,#294),
  .UNSPECIFIED.,.F.,.F.,(8,6,6,6,6,6,6,8),(0.,0.15273491563,
    0.285723645449,0.421923746179,0.588701440598,0.714477818133,
    0.837886405733,1.),.UNSPECIFIED.);
#251 = CARTESIAN_POINT('',(0.,5.753048629364));
#252 = CARTESIAN_POINT('',(0.119511759562,5.753048629364));
#253 = CARTESIAN_POINT('',(0.238966594633,5.754614430443));
#254 = CARTESIAN_POINT('',(0.359708177935,5.75774444535));
#255 = CARTESIAN_POINT('',(0.482849190863,5.76231792119));
#256 = CARTESIAN_POINT('',(0.609626855057,5.768085819823));
#257 = CARTESIAN_POINT('',(0.741280459267,5.77455139185));
#258 = CARTESIAN_POINT('',(1.000122979034,5.78648743032));
#259 = CARTESIAN_POINT('',(1.129921407877,5.792173081612));
#260 = CARTESIAN_POINT('',(1.265100611712,5.797202121486));
#261 = CARTESIAN_POINT('',(1.403528025884,5.800573720733));
#262 = CARTESIAN_POINT('',(1.543555619959,5.801556925568));
#263 = CARTESIAN_POINT('',(1.683746306521,5.800226158648));
#264 = CARTESIAN_POINT('',(1.963842667289,5.793894892802));
#265 = CARTESIAN_POINT('',(2.098718411296,5.78891889385));
#266 = CARTESIAN_POINT('',(2.228079200475,5.782895170023));
#267 = CARTESIAN_POINT('',(2.35264063894,5.776624355976));
#268 = CARTESIAN_POINT('',(2.472944235162,5.770731269614));
#269 = CARTESIAN_POINT('',(2.589276825247,5.765637261797));
#270 = CARTESIAN_POINT('',(2.839517739555,5.756579980905));
#271 = CARTESIAN_POINT('',(2.973378765789,5.753059739399));
#272 = CARTESIAN_POINT('',(3.105433721238,5.751413765876));
#273 = CARTESIAN_POINT('',(3.237175257407,5.751795949466));
#274 = CARTESIAN_POINT('',(3.369979657173,5.754209971609));
#275 = CARTESIAN_POINT('',(3.505140245475,5.7584350071));
#276 = CARTESIAN_POINT('',(3.74915601451,5.768112319722));
#277 = CARTESIAN_POINT('',(3.857693947396,5.773062417847));
#278 = CARTESIAN_POINT('',(3.969859111066,5.778583086446));
#279 = CARTESIAN_POINT('',(4.085810847807,5.784302069144));
#280 = CARTESIAN_POINT('',(4.205910631329,5.789699636274));
#281 = CARTESIAN_POINT('',(4.330679269815,5.794151144678));
#282 = CARTESIAN_POINT('',(4.588989368171,5.79998995636));
#283 = CARTESIAN_POINT('',(4.718979369712,5.801357386076));
#284 = CARTESIAN_POINT('',(4.849182992408,5.800762524654));
#285 = CARTESIAN_POINT('',(4.978230691834,5.798102599443));
#286 = CARTESIAN_POINT('',(5.10463108862,5.793883174531));
#287 = CARTESIAN_POINT('',(5.226520213091,5.788884445873));
#288 = CARTESIAN_POINT('',(5.490707714979,5.777090356936));
#289 = CARTESIAN_POINT('',(5.632554274671,5.769994506663));
#290 = CARTESIAN_POINT('',(5.768533412131,5.763531644084));
#291 = CARTESIAN_POINT('',(5.900160448004,5.758367359309));
#292 = CARTESIAN_POINT('',(6.028863040301,5.754821967853));
#293 = CARTESIAN_POINT('',(6.155999888819,5.753048629364));
#294 = CARTESIAN_POINT('',(6.28318530718,5.753048629364));
#295 = ( GEOMETRIC_REPRESENTATION_CONTEXT(2) 
PARAMETRIC_REPRESENTATION_CONTEXT() REPRESENTATION_CONTEXT('2D SPACE',''
  ) );
#296 = FACE_BOUND('',#297,.T.);
#297 = EDGE_LOOP('',(#298));
#298 = ORIENTED_EDGE('',*,*,#299,.T.);
#299 = EDGE_CURVE('',#300,#300,#302,.T.);
#300 = VERTEX_POINT('',#301);
#301 = CARTESIAN_POINT('',(-27.48292135684,-4.5,13.904281128248));
#302 = SURFACE_CURVE('',#303,(#348,#396),.PCURVE_S1.);
#303 = B_SPLINE_CURVE_WITH_KNOTS('',7,(#304,#305,#306,#307,#308,#309,
    #310,#311,#312,#313,#314,#315,#316,#317,#318,#319,#320,#321,#322,
    #323,#324,#325,#326,#327,#328,#329,#330,#331,#332,#333,#334,#335,
    #336,#337,#338,#339,#340,#341,#342,#343,#344,#345,#346,#347),
  .UNSPECIFIED.,.T.,.F.,(8,6,6,6,6,6,6,8),(0.,0.152734915139,
    0.285723644655,0.421923744965,0.588701441774,0.714477818949,
    0.837886406197,1.),.UNSPECIFIED.);
#304 = CARTESIAN_POINT('',(-27.48292135684,-4.5,13.904281128248));
#305 = CARTESIAN_POINT('',(-27.48292135684,-4.703169991256,
    13.904281128248));
#306 = CARTESIAN_POINT('',(-27.47011396193,-4.906244513582,
    13.929595789113));
#307 = CARTESIAN_POINT('',(-27.4445173679,-5.106759473971,
    13.980190420289));
#308 = CARTESIAN_POINT('',(-27.40560986801,-5.301911616159,
    14.056727138562));
#309 = CARTESIAN_POINT('',(-27.35249796755,-5.488019134682,
    14.160255445914));
#310 = CARTESIAN_POINT('',(-27.28397425862,-5.659936798949,
    14.291873135357));
#311 = CARTESIAN_POINT('',(-27.12478582021,-5.940423932904,
    14.591467675621));
#312 = CARTESIAN_POINT('',(-27.03552639544,-6.058894456589,
    14.757440836931));
#313 = CARTESIAN_POINT('',(-26.93230543605,-6.151744872707,
    14.946282862765));
#314 = CARTESIAN_POINT('',(-26.81814412878,-6.209645360853,
    15.150759245713));
#315 = CARTESIAN_POINT('',(-26.69761145007,-6.227577846251,
    15.361494378857));
#316 = CARTESIAN_POINT('',(-26.57631743509,-6.205093589718,
    15.568920241632));
#317 = CARTESIAN_POINT('',(-26.34023227219,-6.086676464668,
    15.965169207003));
#318 = CARTESIAN_POINT('',(-26.22983396809,-5.991073628514,
    16.146432680867));
#319 = CARTESIAN_POINT('',(-26.13098450329,-5.867883879324,
    16.305597528548));
#320 = CARTESIAN_POINT('',(-26.04520779793,-5.723902837627,
    16.441625512234));
#321 = CARTESIAN_POINT('',(-25.97330168194,-5.565120470531,
    16.554384385779));
#322 = CARTESIAN_POINT('',(-25.91543299729,-5.396861981794,
    16.644427872132));
#323 = CARTESIAN_POINT('',(-25.81702387167,-5.011939904974,
    16.796762915672));
#324 = CARTESIAN_POINT('',(-25.78255499029,-4.790011832259,
    16.849424287027));
#325 = CARTESIAN_POINT('',(-25.76720311946,-4.563025582696,
    16.872722559744));
#326 = CARTESIAN_POINT('',(-25.77081427356,-4.334472204735,
    16.867232224408));
#327 = CARTESIAN_POINT('',(-25.79357225244,-4.108090917604,
    16.832642293706));
#328 = CARTESIAN_POINT('',(-25.83576231032,-3.888249772911,
    16.768017040251));
#329 = CARTESIAN_POINT('',(-25.94406527923,-3.524734266999,
    16.599785420917));
#330 = CARTESIAN_POINT('',(-26.0023616068,-3.373558064592,
    16.508713415931));
#331 = CARTESIAN_POINT('',(-26.07262009357,-3.231617619322,
    16.398063484389));
#332 = CARTESIAN_POINT('',(-26.15456529069,-3.103434833413,
    16.267568204925));
#333 = CARTESIAN_POINT('',(-26.24740365301,-2.993935352233,
    16.117562578751));
#334 = CARTESIAN_POINT('',(-26.34978759134,-2.908530716463,
    15.949131412496));
#335 = CARTESIAN_POINT('',(-26.56750974046,-2.7993242308,15.583703211652
    ));
#336 = CARTESIAN_POINT('',(-26.67975068068,-2.775806630105,
    15.392031059928));
#337 = CARTESIAN_POINT('',(-26.79192016894,-2.786906712048,
    15.196558084374));
#338 = CARTESIAN_POINT('',(-26.89931699274,-2.832744350059,
    15.005221478547));
#339 = CARTESIAN_POINT('',(-26.997961856,-2.909696910273,14.82592471365)
  );
#340 = CARTESIAN_POINT('',(-27.08505100382,-3.010571172953,
    14.665084427535));
#341 = CARTESIAN_POINT('',(-27.2565093751,-3.274556552618,
    14.344521639212));
#342 = CARTESIAN_POINT('',(-27.33479110549,-3.452395227813,
    14.194742004328));
#343 = CARTESIAN_POINT('',(-27.3952535103,-3.647912964819,
    14.077092322092));
#344 = CARTESIAN_POINT('',(-27.43942642608,-3.854575925054,13.9902540181
    ));
#345 = CARTESIAN_POINT('',(-27.46841553464,-4.067650677043,
    13.932952626292));
#346 = CARTESIAN_POINT('',(-27.48292135684,-4.283784788787,
    13.904281128248));
#347 = CARTESIAN_POINT('',(-27.48292135684,-4.5,13.904281128248));
#348 = PCURVE('',#32,#349);
#349 = DEFINITIONAL_REPRESENTATION('',(#350),#395);
#350 = B_SPLINE_CURVE_WITH_KNOTS('',7,(#351,#352,#353,#354,#355,#356,
    #357,#358,#359,#360,#361,#362,#363,#364,#365,#366,#367,#368,#369,
    #370,#371,#372,#373,#374,#375,#376,#377,#378,#379,#380,#381,#382,
    #383,#384,#385,#386,#387,#388,#389,#390,#391,#392,#393,#394),
  .UNSPECIFIED.,.F.,.F.,(8,6,6,6,6,6,6,8),(0.,0.152734915139,
    0.285723644655,0.421923744965,0.588701441774,0.714477818949,
    0.837886406197,1.),.UNSPECIFIED.);
#351 = CARTESIAN_POINT('',(-2.289244311091,-4.));
#352 = CARTESIAN_POINT('',(-2.289244311091,-4.203169991256));
#353 = CARTESIAN_POINT('',(-2.288323204554,-4.406244513582));
#354 = CARTESIAN_POINT('',(-2.28648226349,-4.606759473971));
#355 = CARTESIAN_POINT('',(-2.283694658715,-4.801911616159));
#356 = CARTESIAN_POINT('',(-2.279916886987,-4.988019134682));
#357 = CARTESIAN_POINT('',(-2.275099295751,-5.159936798949));
#358 = CARTESIAN_POINT('',(-2.264084336767,-5.440423932904));
#359 = CARTESIAN_POINT('',(-2.257965830108,-5.558894456589));
#360 = CARTESIAN_POINT('',(-2.250978702201,-5.651744872707));
#361 = CARTESIAN_POINT('',(-2.243375892433,-5.709645360853));
#362 = CARTESIAN_POINT('',(-2.235494341219,-5.727577846251));
#363 = CARTESIAN_POINT('',(-2.227693081183,-5.705093589718));
#364 = CARTESIAN_POINT('',(-2.212717506298,-5.586676464668));
#365 = CARTESIAN_POINT('',(-2.205827044693,-5.491073628514));
#366 = CARTESIAN_POINT('',(-2.199744168861,-5.367883879324));
#367 = CARTESIAN_POINT('',(-2.194523050739,-5.223902837627));
#368 = CARTESIAN_POINT('',(-2.190181053556,-5.065120470531));
#369 = CARTESIAN_POINT('',(-2.186705881486,-4.896861981794));
#370 = CARTESIAN_POINT('',(-2.180817670777,-4.511939904974));
#371 = CARTESIAN_POINT('',(-2.178774231449,-4.290011832259));
#372 = CARTESIAN_POINT('',(-2.177868325412,-4.063025582696));
#373 = CARTESIAN_POINT('',(-2.178081687175,-3.834472204735));
#374 = CARTESIAN_POINT('',(-2.179426025619,-3.608090917604));
#375 = CARTESIAN_POINT('',(-2.181931750082,-3.388249772911));
#376 = CARTESIAN_POINT('',(-2.188427805655,-3.024734266999));
#377 = CARTESIAN_POINT('',(-2.191938579817,-2.873558064592));
#378 = CARTESIAN_POINT('',(-2.196194089038,-2.731617619322));
#379 = CARTESIAN_POINT('',(-2.201196920291,-2.603434833413));
#380 = CARTESIAN_POINT('',(-2.206924272207,-2.493935352233));
#381 = CARTESIAN_POINT('',(-2.213323628241,-2.408530716463));
#382 = CARTESIAN_POINT('',(-2.227134383259,-2.2993242308));
#383 = CARTESIAN_POINT('',(-2.234345789961,-2.275806630105));
#384 = CARTESIAN_POINT('',(-2.241662533568,-2.286906712048));
#385 = CARTESIAN_POINT('',(-2.24878592656,-2.332744350059));
#386 = CARTESIAN_POINT('',(-2.255429893168,-2.409696910273));
#387 = CARTESIAN_POINT('',(-2.261368276863,-2.510571172953));
#388 = CARTESIAN_POINT('',(-2.273171396026,-2.774556552618));
#389 = CARTESIAN_POINT('',(-2.278658251441,-2.952395227813));
#390 = CARTESIAN_POINT('',(-2.282952866721,-3.147912964819));
#391 = CARTESIAN_POINT('',(-2.286116094777,-3.354575925054));
#392 = CARTESIAN_POINT('',(-2.288201059923,-3.567650677043));
#393 = CARTESIAN_POINT('',(-2.289244311091,-3.783784788787));
#394 = CARTESIAN_POINT('',(-2.289244311091,-4.));
#395 = ( GEOMETRIC_REPRESENTATION_CONTEXT(2) 
PARAMETRIC_REPRESENTATION_CONTEXT() REPRESENTATION_CONTEXT('2D SPACE',''
  ) );
#396 = PCURVE('',#397,#402);
#397 = CYLINDRICAL_SURFACE('',#398,1.7);
#398 = AXIS2_PLACEMENT_3D('',#399,#400,#401);
#399 = CARTESIAN_POINT('',(-21.65063509461,-4.5,12.5));
#400 = DIRECTION('',(-0.866025403784,0.,0.5));
#401 = DIRECTION('',(-0.5,0.,-0.866025403784));
#402 = DEFINITIONAL_REPRESENTATION('',(#403),#448);
#403 = B_SPLINE_CURVE_WITH_KNOTS('',7,(#404,#405,#406,#407,#408,#409,
    #410,#411,#412,#413,#414,#415,#416,#417,#418,#419,#420,#421,#422,
    #423,#424,#425,#426,#427,#428,#429,#430,#431,#432,#433,#434,#435,
    #436,#437,#438,#439,#440,#441,#442,#443,#444,#445,#446,#447),
  .UNSPECIFIED.,.F.,.F.,(8,6,6,6,6,6,6,8),(0.,0.152734915139,
    0.285723644655,0.421923744965,0.588701441774,0.714477818949,
    0.837886406197,1.),.UNSPECIFIED.);
#404 = CARTESIAN_POINT('',(0.,5.753048629364));
#405 = CARTESIAN_POINT('',(0.119511759562,5.753048629364));
#406 = CARTESIAN_POINT('',(0.238966594633,5.754614430443));
#407 = CARTESIAN_POINT('',(0.359708177935,5.75774444535));
#408 = CARTESIAN_POINT('',(0.482849190863,5.76231792119));
#409 = CARTESIAN_POINT('',(0.609626855057,5.768085819823));
#410 = CARTESIAN_POINT('',(0.741280459267,5.77455139185));
#411 = CARTESIAN_POINT('',(1.000122979146,5.786487430325));
#412 = CARTESIAN_POINT('',(1.129921407748,5.792173081605));
#413 = CARTESIAN_POINT('',(1.265100611654,5.797202121486));
#414 = CARTESIAN_POINT('',(1.403528025956,5.80057372074));
#415 = CARTESIAN_POINT('',(1.543555620073,5.801556925562));
#416 = CARTESIAN_POINT('',(1.68374630641,5.80022615865));
#417 = CARTESIAN_POINT('',(1.963842667289,5.793894892802));
#418 = CARTESIAN_POINT('',(2.098718411296,5.78891889385));
#419 = CARTESIAN_POINT('',(2.228079200475,5.782895170023));
#420 = CARTESIAN_POINT('',(2.35264063894,5.776624355976));
#421 = CARTESIAN_POINT('',(2.472944235162,5.770731269614));
#422 = CARTESIAN_POINT('',(2.589276825247,5.765637261797));
#423 = CARTESIAN_POINT('',(2.839517741954,5.756579980818));
#424 = CARTESIAN_POINT('',(2.973378756464,5.753059739575));
#425 = CARTESIAN_POINT('',(3.105433737998,5.751413765798));
#426 = CARTESIAN_POINT('',(3.237175240659,5.751795949321));
#427 = CARTESIAN_POINT('',(3.369979666478,5.754209971821));
#428 = CARTESIAN_POINT('',(3.505140243084,5.758435007005));
#429 = CARTESIAN_POINT('',(3.74915601451,5.768112319722));
#430 = CARTESIAN_POINT('',(3.857693947397,5.773062417847));
#431 = CARTESIAN_POINT('',(3.969859111065,5.778583086446));
#432 = CARTESIAN_POINT('',(4.085810847807,5.784302069144));
#433 = CARTESIAN_POINT('',(4.205910631329,5.789699636274));
#434 = CARTESIAN_POINT('',(4.330679269815,5.794151144678));
#435 = CARTESIAN_POINT('',(4.588989368171,5.79998995636));
#436 = CARTESIAN_POINT('',(4.718979369712,5.801357386076));
#437 = CARTESIAN_POINT('',(4.849182992407,5.800762524654));
#438 = CARTESIAN_POINT('',(4.978230691835,5.798102599443));
#439 = CARTESIAN_POINT('',(5.104631088619,5.793883174532));
#440 = CARTESIAN_POINT('',(5.226520213091,5.788884445873));
#441 = CARTESIAN_POINT('',(5.490707714979,5.777090356936));
#442 = CARTESIAN_POINT('',(5.632554274671,5.769994506663));
#443 = CARTESIAN_POINT('',(5.768533412131,5.763531644084));
#444 = CARTESIAN_POINT('',(5.900160448003,5.758367359309));
#445 = CARTESIAN_POINT('',(6.028863040302,5.754821967853));
#446 = CARTESIAN_POINT('',(6.155999888819,5.753048629364));
#447 = CARTESIAN_POINT('',(6.28318530718,5.753048629364));
#448 = ( GEOMETRIC_REPRESENTATION_CONTEXT(2) 
PARAMETRIC_REPRESENTATION_CONTEXT() REPRESENTATION_CONTEXT('2D SPACE',''
  ) );
#449 = ADVANCED_FACE('',(#450),#44,.T.);
#450 = FACE_BOUND('',#451,.T.);
#451 = EDGE_LOOP('',(#452,#480,#508,#534));
#452 = ORIENTED_EDGE('',*,*,#453,.T.);
#453 = EDGE_CURVE('',#22,#454,#456,.T.);
#454 = VERTEX_POINT('',#455);
#455 = CARTESIAN_POINT('',(29.289619095799,-0.5,11.833774259425));
#456 = SURFACE_CURVE('',#457,(#462,#469),.PCURVE_S1.);
#457 = CIRCLE('',#458,0.8);
#458 = AXIS2_PLACEMENT_3D('',#459,#460,#461);
#459 = CARTESIAN_POINT('',(28.989933821066,-0.5,12.575521343078));
#460 = DIRECTION('',(0.,-1.,0.));
#461 = DIRECTION('',(0.,-0.,-1.));
#462 = PCURVE('',#44,#463);
#463 = DEFINITIONAL_REPRESENTATION('',(#464),#468);
#464 = LINE('',#465,#466);
#465 = CARTESIAN_POINT('',(-5.121680576616,0.));
#466 = VECTOR('',#467,1.);
#467 = DIRECTION('',(1.,0.));
#468 = ( GEOMETRIC_REPRESENTATION_CONTEXT(2) 
PARAMETRIC_REPRESENTATION_CONTEXT() REPRESENTATION_CONTEXT('2D SPACE',''
  ) );
#469 = PCURVE('',#132,#470);
#470 = DEFINITIONAL_REPRESENTATION('',(#471),#479);
#471 = ( BOUNDED_CURVE() B_SPLINE_CURVE(2,(#472,#473,#474,#475,#476,#477
,#478),.UNSPECIFIED.,.T.,.F.) B_SPLINE_CURVE_WITH_KNOTS((1,2,2,2,2,1),(
    -2.094395102393,0.,2.094395102393,4.188790204786,6.28318530718,
8.377580409573),.UNSPECIFIED.) CURVE() GEOMETRIC_REPRESENTATION_ITEM() 
RATIONAL_B_SPLINE_CURVE((1.,0.5,1.,0.5,1.,0.5,1.)) REPRESENTATION_ITEM(
  '') );
#472 = CARTESIAN_POINT('',(-12.25632056286,28.989933821066));
#473 = CARTESIAN_POINT('',(-12.25632056286,30.375574467121));
#474 = CARTESIAN_POINT('',(-11.05632056286,29.682754144093));
#475 = CARTESIAN_POINT('',(-9.856320562861,28.989933821066));
#476 = CARTESIAN_POINT('',(-11.05632056286,28.297113498038));
#477 = CARTESIAN_POINT('',(-12.25632056286,27.604293175011));
#478 = CARTESIAN_POINT('',(-12.25632056286,28.989933821066));
#479 = ( GEOMETRIC_REPRESENTATION_CONTEXT(2) 
PARAMETRIC_REPRESENTATION_CONTEXT() REPRESENTATION_CONTEXT('2D SPACE',''
  ) );
#480 = ORIENTED_EDGE('',*,*,#481,.T.);
#481 = EDGE_CURVE('',#454,#482,#484,.T.);
#482 = VERTEX_POINT('',#483);
#483 = CARTESIAN_POINT('',(29.289619095799,-10.5,11.833774259425));
#484 = SURFACE_CURVE('',#485,(#489,#496),.PCURVE_S1.);
#485 = LINE('',#486,#487);
#486 = CARTESIAN_POINT('',(29.289619095799,-0.5,11.833774259425));
#487 = VECTOR('',#488,1.);
#488 = DIRECTION('',(0.,-1.,0.));
#489 = PCURVE('',#44,#490);
#490 = DEFINITIONAL_REPRESENTATION('',(#491),#495);
#491 = LINE('',#492,#493);
#492 = CARTESIAN_POINT('',(1.545477166002,0.));
#493 = VECTOR('',#494,1.);
#494 = DIRECTION('',(0.,1.));
#495 = ( GEOMETRIC_REPRESENTATION_CONTEXT(2) 
PARAMETRIC_REPRESENTATION_CONTEXT() REPRESENTATION_CONTEXT('2D SPACE',''
  ) );
#496 = PCURVE('',#497,#502);
#497 = PLANE('',#498);
#498 = AXIS2_PLACEMENT_3D('',#499,#500,#501);
#499 = CARTESIAN_POINT('',(33.193181993491,-0.5,13.41091604429));
#500 = DIRECTION('',(0.374606593416,0.,-0.927183854567));
#501 = DIRECTION('',(-0.927183854567,0.,-0.374606593416));
#502 = DEFINITIONAL_REPRESENTATION('',(#503),#507);
#503 = LINE('',#504,#505);
#504 = CARTESIAN_POINT('',(4.210128205388,0.));
#505 = VECTOR('',#506,1.);
#506 = DIRECTION('',(-0.,-1.));
#507 = ( GEOMETRIC_REPRESENTATION_CONTEXT(2) 
PARAMETRIC_REPRESENTATION_CONTEXT() REPRESENTATION_CONTEXT('2D SPACE',''
  ) );
#508 = ORIENTED_EDGE('',*,*,#509,.F.);
#509 = EDGE_CURVE('',#24,#482,#510,.T.);
#510 = SURFACE_CURVE('',#511,(#516,#523),.PCURVE_S1.);
#511 = CIRCLE('',#512,0.8);
#512 = AXIS2_PLACEMENT_3D('',#513,#514,#515);
#513 = CARTESIAN_POINT('',(28.989933821066,-10.5,12.575521343078));
#514 = DIRECTION('',(0.,-1.,0.));
#515 = DIRECTION('',(0.,-0.,-1.));
#516 = PCURVE('',#44,#517);
#517 = DEFINITIONAL_REPRESENTATION('',(#518),#522);
#518 = LINE('',#519,#520);
#519 = CARTESIAN_POINT('',(-5.121680576616,10.));
#520 = VECTOR('',#521,1.);
#521 = DIRECTION('',(1.,0.));
#522 = ( GEOMETRIC_REPRESENTATION_CONTEXT(2) 
PARAMETRIC_REPRESENTATION_CONTEXT() REPRESENTATION_CONTEXT('2D SPACE',''
  ) );
#523 = PCURVE('',#73,#524);
#524 = DEFINITIONAL_REPRESENTATION('',(#525),#533);
#525 = ( BOUNDED_CURVE() B_SPLINE_CURVE(2,(#526,#527,#528,#529,#530,#531
,#532),.UNSPECIFIED.,.T.,.F.) B_SPLINE_CURVE_WITH_KNOTS((1,2,2,2,2,1),(
    -2.094395102393,0.,2.094395102393,4.188790204786,6.28318530718,
8.377580409573),.UNSPECIFIED.) CURVE() GEOMETRIC_REPRESENTATION_ITEM() 
RATIONAL_B_SPLINE_CURVE((1.,0.5,1.,0.5,1.,0.5,1.)) REPRESENTATION_ITEM(
  '') );
#526 = CARTESIAN_POINT('',(-12.25632056286,28.989933821066));
#527 = CARTESIAN_POINT('',(-12.25632056286,30.375574467121));
#528 = CARTESIAN_POINT('',(-11.05632056286,29.682754144093));
#529 = CARTESIAN_POINT('',(-9.856320562861,28.989933821066));
#530 = CARTESIAN_POINT('',(-11.05632056286,28.297113498038));
#531 = CARTESIAN_POINT('',(-12.25632056286,27.604293175011));
#532 = CARTESIAN_POINT('',(-12.25632056286,28.989933821066));
#533 = ( GEOMETRIC_REPRESENTATION_CONTEXT(2) 
PARAMETRIC_REPRESENTATION_CONTEXT() REPRESENTATION_CONTEXT('2D SPACE',''
  ) );
#534 = ORIENTED_EDGE('',*,*,#21,.F.);
#535 = ADVANCED_FACE('',(#536),#132,.T.);
#536 = FACE_BOUND('',#537,.T.);
#537 = EDGE_LOOP('',(#538,#539,#540,#564,#592,#621,#650,#677,#703,#730,
    #754,#783));
#538 = ORIENTED_EDGE('',*,*,#453,.F.);
#539 = ORIENTED_EDGE('',*,*,#117,.F.);
#540 = ORIENTED_EDGE('',*,*,#541,.T.);
#541 = EDGE_CURVE('',#90,#542,#544,.T.);
#542 = VERTEX_POINT('',#543);
#543 = CARTESIAN_POINT('',(-29.28961909579,-0.5,11.833774259425));
#544 = SURFACE_CURVE('',#545,(#550,#557),.PCURVE_S1.);
#545 = CIRCLE('',#546,0.8);
#546 = AXIS2_PLACEMENT_3D('',#547,#548,#549);
#547 = CARTESIAN_POINT('',(-28.98993382106,-0.5,12.575521343078));
#548 = DIRECTION('',(-0.,1.,0.));
#549 = DIRECTION('',(0.,0.,-1.));
#550 = PCURVE('',#132,#551);
#551 = DEFINITIONAL_REPRESENTATION('',(#552),#556);
#552 = CIRCLE('',#553,0.8);
#553 = AXIS2_PLACEMENT_2D('',#554,#555);
#554 = CARTESIAN_POINT('',(-11.45632056286,-28.98993382106));
#555 = DIRECTION('',(-1.,0.));
#556 = ( GEOMETRIC_REPRESENTATION_CONTEXT(2) 
PARAMETRIC_REPRESENTATION_CONTEXT() REPRESENTATION_CONTEXT('2D SPACE',''
  ) );
#557 = PCURVE('',#105,#558);
#558 = DEFINITIONAL_REPRESENTATION('',(#559),#563);
#559 = LINE('',#560,#561);
#560 = CARTESIAN_POINT('',(5.121680576616,-0.));
#561 = VECTOR('',#562,1.);
#562 = DIRECTION('',(-1.,0.));
#563 = ( GEOMETRIC_REPRESENTATION_CONTEXT(2) 
PARAMETRIC_REPRESENTATION_CONTEXT() REPRESENTATION_CONTEXT('2D SPACE',''
  ) );
#564 = ORIENTED_EDGE('',*,*,#565,.T.);
#565 = EDGE_CURVE('',#542,#566,#568,.T.);
#566 = VERTEX_POINT('',#567);
#567 = CARTESIAN_POINT('',(-32.4429566928,-0.5,13.107805347528));
#568 = SURFACE_CURVE('',#569,(#573,#580),.PCURVE_S1.);
#569 = LINE('',#570,#571);
#570 = CARTESIAN_POINT('',(-28.55726272065,-0.5,11.53788307721));
#571 = VECTOR('',#572,1.);
#572 = DIRECTION('',(-0.927183854567,0.,0.374606593416));
#573 = PCURVE('',#132,#574);
#574 = DEFINITIONAL_REPRESENTATION('',(#575),#579);
#575 = LINE('',#576,#577);
#576 = CARTESIAN_POINT('',(-12.49395882872,-28.55726272065));
#577 = VECTOR('',#578,1.);
#578 = DIRECTION('',(0.374606593416,-0.927183854567));
#579 = ( GEOMETRIC_REPRESENTATION_CONTEXT(2) 
PARAMETRIC_REPRESENTATION_CONTEXT() REPRESENTATION_CONTEXT('2D SPACE',''
  ) );
#580 = PCURVE('',#581,#586);
#581 = PLANE('',#582);
#582 = AXIS2_PLACEMENT_3D('',#583,#584,#585);
#583 = CARTESIAN_POINT('',(-28.55726272065,-0.5,11.53788307721));
#584 = DIRECTION('',(-0.374606593416,-0.,-0.927183854567));
#585 = DIRECTION('',(-0.927183854567,0.,0.374606593416));
#586 = DEFINITIONAL_REPRESENTATION('',(#587),#591);
#587 = LINE('',#588,#589);
#588 = CARTESIAN_POINT('',(0.,0.));
#589 = VECTOR('',#590,1.);
#590 = DIRECTION('',(1.,0.));
#591 = ( GEOMETRIC_REPRESENTATION_CONTEXT(2) 
PARAMETRIC_REPRESENTATION_CONTEXT() REPRESENTATION_CONTEXT('2D SPACE',''
  ) );
#592 = ORIENTED_EDGE('',*,*,#593,.T.);
#593 = EDGE_CURVE('',#566,#594,#596,.T.);
#594 = VERTEX_POINT('',#595);
#595 = CARTESIAN_POINT('',(-32.87797476477,-0.5,14.166113629608));
#596 = SURFACE_CURVE('',#597,(#602,#609),.PCURVE_S1.);
#597 = CIRCLE('',#598,0.8);
#598 = AXIS2_PLACEMENT_3D('',#599,#600,#601);
#599 = CARTESIAN_POINT('',(-32.14327141807,-0.5,13.849552431181));
#600 = DIRECTION('',(0.,1.,0.));
#601 = DIRECTION('',(0.,0.,-1.));
#602 = PCURVE('',#132,#603);
#603 = DEFINITIONAL_REPRESENTATION('',(#604),#608);
#604 = CIRCLE('',#605,0.8);
#605 = AXIS2_PLACEMENT_2D('',#606,#607);
#606 = CARTESIAN_POINT('',(-10.18228947475,-32.14327141807));
#607 = DIRECTION('',(-1.,0.));
#608 = ( GEOMETRIC_REPRESENTATION_CONTEXT(2) 
PARAMETRIC_REPRESENTATION_CONTEXT() REPRESENTATION_CONTEXT('2D SPACE',''
  ) );
#609 = PCURVE('',#610,#615);
#610 = CYLINDRICAL_SURFACE('',#611,0.8);
#611 = AXIS2_PLACEMENT_3D('',#612,#613,#614);
#612 = CARTESIAN_POINT('',(-32.14327141807,-0.5,13.849552431181));
#613 = DIRECTION('',(0.,-1.,-0.));
#614 = DIRECTION('',(-0.374606593416,0.,-0.927183854567));
#615 = DEFINITIONAL_REPRESENTATION('',(#616),#620);
#616 = LINE('',#617,#618);
#617 = CARTESIAN_POINT('',(0.383972435439,-0.));
#618 = VECTOR('',#619,1.);
#619 = DIRECTION('',(-1.,0.));
#620 = ( GEOMETRIC_REPRESENTATION_CONTEXT(2) 
PARAMETRIC_REPRESENTATION_CONTEXT() REPRESENTATION_CONTEXT('2D SPACE',''
  ) );
#621 = ORIENTED_EDGE('',*,*,#622,.T.);
#622 = EDGE_CURVE('',#594,#623,#625,.T.);
#623 = VERTEX_POINT('',#624);
#624 = CARTESIAN_POINT('',(-12.,-0.5,33.728919342309));
#625 = SURFACE_CURVE('',#626,(#631,#638),.PCURVE_S1.);
#626 = CIRCLE('',#627,35.8);
#627 = AXIS2_PLACEMENT_3D('',#628,#629,#630);
#628 = CARTESIAN_POINT('',(3.552713678801E-15,-0.5,-1.7763568394E-15));
#629 = DIRECTION('',(-0.,1.,0.));
#630 = DIRECTION('',(-0.927183854567,-0.,0.374606593416));
#631 = PCURVE('',#132,#632);
#632 = DEFINITIONAL_REPRESENTATION('',(#633),#637);
#633 = CIRCLE('',#634,35.8);
#634 = AXIS2_PLACEMENT_2D('',#635,#636);
#635 = CARTESIAN_POINT('',(-24.03184190593,-1.473273803644E-15));
#636 = DIRECTION('',(0.374606593416,-0.927183854567));
#637 = ( GEOMETRIC_REPRESENTATION_CONTEXT(2) 
PARAMETRIC_REPRESENTATION_CONTEXT() REPRESENTATION_CONTEXT('2D SPACE',''
  ) );
#638 = PCURVE('',#639,#644);
#639 = CYLINDRICAL_SURFACE('',#640,35.8);
#640 = AXIS2_PLACEMENT_3D('',#641,#642,#643);
#641 = CARTESIAN_POINT('',(3.552713678801E-15,-0.5,-1.7763568394E-15));
#642 = DIRECTION('',(-0.,1.,0.));
#643 = DIRECTION('',(-0.927183854567,-0.,0.374606593416));
#644 = DEFINITIONAL_REPRESENTATION('',(#645),#649);
#645 = LINE('',#646,#647);
#646 = CARTESIAN_POINT('',(0.,0.));
#647 = VECTOR('',#648,1.);
#648 = DIRECTION('',(1.,0.));
#649 = ( GEOMETRIC_REPRESENTATION_CONTEXT(2) 
PARAMETRIC_REPRESENTATION_CONTEXT() REPRESENTATION_CONTEXT('2D SPACE',''
  ) );
#650 = ORIENTED_EDGE('',*,*,#651,.T.);
#651 = EDGE_CURVE('',#623,#652,#654,.T.);
#652 = VERTEX_POINT('',#653);
#653 = CARTESIAN_POINT('',(-12.,-0.5,32.8));
#654 = SURFACE_CURVE('',#655,(#659,#665),.PCURVE_S1.);
#655 = LINE('',#656,#657);
#656 = CARTESIAN_POINT('',(-12.,-0.5,28.41592095297));
#657 = VECTOR('',#658,1.);
#658 = DIRECTION('',(-0.,0.,-1.));
#659 = PCURVE('',#132,#660);
#660 = DEFINITIONAL_REPRESENTATION('',(#661),#664);
#661 = B_SPLINE_CURVE_WITH_KNOTS('',1,(#662,#663),.UNSPECIFIED.,.F.,.F.,
  (2,2),(-7.38407904703,-4.38407904703),.PIECEWISE_BEZIER_KNOTS.);
#662 = CARTESIAN_POINT('',(11.768158094061,-12.));
#663 = CARTESIAN_POINT('',(8.768158094061,-12.));
#664 = ( GEOMETRIC_REPRESENTATION_CONTEXT(2) 
PARAMETRIC_REPRESENTATION_CONTEXT() REPRESENTATION_CONTEXT('2D SPACE',''
  ) );
#665 = PCURVE('',#666,#671);
#666 = PLANE('',#667);
#667 = AXIS2_PLACEMENT_3D('',#668,#669,#670);
#668 = CARTESIAN_POINT('',(-12.,-8.5,32.8));
#669 = DIRECTION('',(1.,0.,-0.));
#670 = DIRECTION('',(0.,0.,1.));
#671 = DEFINITIONAL_REPRESENTATION('',(#672),#676);
#672 = LINE('',#673,#674);
#673 = CARTESIAN_POINT('',(-4.38407904703,-8.));
#674 = VECTOR('',#675,1.);
#675 = DIRECTION('',(-1.,-0.));
#676 = ( GEOMETRIC_REPRESENTATION_CONTEXT(2) 
PARAMETRIC_REPRESENTATION_CONTEXT() REPRESENTATION_CONTEXT('2D SPACE',''
  ) );
#677 = ORIENTED_EDGE('',*,*,#678,.T.);
#678 = EDGE_CURVE('',#652,#679,#681,.T.);
#679 = VERTEX_POINT('',#680);
#680 = CARTESIAN_POINT('',(12.,-0.5,32.8));
#681 = SURFACE_CURVE('',#682,(#686,#692),.PCURVE_S1.);
#682 = LINE('',#683,#684);
#683 = CARTESIAN_POINT('',(-6.,-0.5,32.8));
#684 = VECTOR('',#685,1.);
#685 = DIRECTION('',(1.,0.,0.));
#686 = PCURVE('',#132,#687);
#687 = DEFINITIONAL_REPRESENTATION('',(#688),#691);
#688 = B_SPLINE_CURVE_WITH_KNOTS('',1,(#689,#690),.UNSPECIFIED.,.F.,.F.,
  (2,2),(-6.,18.),.PIECEWISE_BEZIER_KNOTS.);
#689 = CARTESIAN_POINT('',(8.768158094061,-12.));
#690 = CARTESIAN_POINT('',(8.768158094061,12.));
#691 = ( GEOMETRIC_REPRESENTATION_CONTEXT(2) 
PARAMETRIC_REPRESENTATION_CONTEXT() REPRESENTATION_CONTEXT('2D SPACE',''
  ) );
#692 = PCURVE('',#693,#698);
#693 = PLANE('',#694);
#694 = AXIS2_PLACEMENT_3D('',#695,#696,#697);
#695 = CARTESIAN_POINT('',(-12.,-8.5,32.8));
#696 = DIRECTION('',(0.,0.,1.));
#697 = DIRECTION('',(1.,0.,-0.));
#698 = DEFINITIONAL_REPRESENTATION('',(#699),#702);
#699 = B_SPLINE_CURVE_WITH_KNOTS('',1,(#700,#701),.UNSPECIFIED.,.F.,.F.,
  (2,2),(-6.,18.),.PIECEWISE_BEZIER_KNOTS.);
#700 = CARTESIAN_POINT('',(0.,8.));
#701 = CARTESIAN_POINT('',(24.,8.));
#702 = ( GEOMETRIC_REPRESENTATION_CONTEXT(2) 
PARAMETRIC_REPRESENTATION_CONTEXT() REPRESENTATION_CONTEXT('2D SPACE',''
  ) );
#703 = ORIENTED_EDGE('',*,*,#704,.F.);
#704 = EDGE_CURVE('',#705,#679,#707,.T.);
#705 = VERTEX_POINT('',#706);
#706 = CARTESIAN_POINT('',(12.,-0.5,33.728919342309));
#707 = SURFACE_CURVE('',#708,(#712,#718),.PCURVE_S1.);
#708 = LINE('',#709,#710);
#709 = CARTESIAN_POINT('',(12.,-0.5,28.41592095297));
#710 = VECTOR('',#711,1.);
#711 = DIRECTION('',(-0.,0.,-1.));
#712 = PCURVE('',#132,#713);
#713 = DEFINITIONAL_REPRESENTATION('',(#714),#717);
#714 = B_SPLINE_CURVE_WITH_KNOTS('',1,(#715,#716),.UNSPECIFIED.,.F.,.F.,
  (2,2),(-7.38407904703,-4.38407904703),.PIECEWISE_BEZIER_KNOTS.);
#715 = CARTESIAN_POINT('',(11.768158094061,12.));
#716 = CARTESIAN_POINT('',(8.768158094061,12.));
#717 = ( GEOMETRIC_REPRESENTATION_CONTEXT(2) 
PARAMETRIC_REPRESENTATION_CONTEXT() REPRESENTATION_CONTEXT('2D SPACE',''
  ) );
#718 = PCURVE('',#719,#724);
#719 = PLANE('',#720);
#720 = AXIS2_PLACEMENT_3D('',#721,#722,#723);
#721 = CARTESIAN_POINT('',(12.,-8.5,32.8));
#722 = DIRECTION('',(1.,0.,-0.));
#723 = DIRECTION('',(0.,0.,1.));
#724 = DEFINITIONAL_REPRESENTATION('',(#725),#729);
#725 = LINE('',#726,#727);
#726 = CARTESIAN_POINT('',(-4.38407904703,-8.));
#727 = VECTOR('',#728,1.);
#728 = DIRECTION('',(-1.,-0.));
#729 = ( GEOMETRIC_REPRESENTATION_CONTEXT(2) 
PARAMETRIC_REPRESENTATION_CONTEXT() REPRESENTATION_CONTEXT('2D SPACE',''
  ) );
#730 = ORIENTED_EDGE('',*,*,#731,.T.);
#731 = EDGE_CURVE('',#705,#732,#734,.T.);
#732 = VERTEX_POINT('',#733);
#733 = CARTESIAN_POINT('',(32.877974764773,-0.5,14.166113629608));
#734 = SURFACE_CURVE('',#735,(#740,#747),.PCURVE_S1.);
#735 = CIRCLE('',#736,35.8);
#736 = AXIS2_PLACEMENT_3D('',#737,#738,#739);
#737 = CARTESIAN_POINT('',(3.552713678801E-15,-0.5,-1.7763568394E-15));
#738 = DIRECTION('',(-0.,1.,0.));
#739 = DIRECTION('',(-0.927183854567,-0.,0.374606593416));
#740 = PCURVE('',#132,#741);
#741 = DEFINITIONAL_REPRESENTATION('',(#742),#746);
#742 = CIRCLE('',#743,35.8);
#743 = AXIS2_PLACEMENT_2D('',#744,#745);
#744 = CARTESIAN_POINT('',(-24.03184190593,-1.473273803644E-15));
#745 = DIRECTION('',(0.374606593416,-0.927183854567));
#746 = ( GEOMETRIC_REPRESENTATION_CONTEXT(2) 
PARAMETRIC_REPRESENTATION_CONTEXT() REPRESENTATION_CONTEXT('2D SPACE',''
  ) );
#747 = PCURVE('',#639,#748);
#748 = DEFINITIONAL_REPRESENTATION('',(#749),#753);
#749 = LINE('',#750,#751);
#750 = CARTESIAN_POINT('',(0.,0.));
#751 = VECTOR('',#752,1.);
#752 = DIRECTION('',(1.,0.));
#753 = ( GEOMETRIC_REPRESENTATION_CONTEXT(2) 
PARAMETRIC_REPRESENTATION_CONTEXT() REPRESENTATION_CONTEXT('2D SPACE',''
  ) );
#754 = ORIENTED_EDGE('',*,*,#755,.T.);
#755 = EDGE_CURVE('',#732,#756,#758,.T.);
#756 = VERTEX_POINT('',#757);
#757 = CARTESIAN_POINT('',(32.442956692806,-0.5,13.107805347528));
#758 = SURFACE_CURVE('',#759,(#764,#771),.PCURVE_S1.);
#759 = CIRCLE('',#760,0.8);
#760 = AXIS2_PLACEMENT_3D('',#761,#762,#763);
#761 = CARTESIAN_POINT('',(32.143271418074,-0.5,13.849552431181));
#762 = DIRECTION('',(0.,1.,0.));
#763 = DIRECTION('',(0.,0.,-1.));
#764 = PCURVE('',#132,#765);
#765 = DEFINITIONAL_REPRESENTATION('',(#766),#770);
#766 = CIRCLE('',#767,0.8);
#767 = AXIS2_PLACEMENT_2D('',#768,#769);
#768 = CARTESIAN_POINT('',(-10.18228947475,32.143271418074));
#769 = DIRECTION('',(-1.,0.));
#770 = ( GEOMETRIC_REPRESENTATION_CONTEXT(2) 
PARAMETRIC_REPRESENTATION_CONTEXT() REPRESENTATION_CONTEXT('2D SPACE',''
  ) );
#771 = PCURVE('',#772,#777);
#772 = CYLINDRICAL_SURFACE('',#773,0.8);
#773 = AXIS2_PLACEMENT_3D('',#774,#775,#776);
#774 = CARTESIAN_POINT('',(32.143271418074,-0.5,13.849552431181));
#775 = DIRECTION('',(0.,-1.,-0.));
#776 = DIRECTION('',(0.918379183374,0.,0.395701498034));
#777 = DEFINITIONAL_REPRESENTATION('',(#778),#782);
#778 = LINE('',#779,#780);
#779 = CARTESIAN_POINT('',(4.305557411339,-0.));
#780 = VECTOR('',#781,1.);
#781 = DIRECTION('',(-1.,0.));
#782 = ( GEOMETRIC_REPRESENTATION_CONTEXT(2) 
PARAMETRIC_REPRESENTATION_CONTEXT() REPRESENTATION_CONTEXT('2D SPACE',''
  ) );
#783 = ORIENTED_EDGE('',*,*,#784,.T.);
#784 = EDGE_CURVE('',#756,#454,#785,.T.);
#785 = SURFACE_CURVE('',#786,(#790,#797),.PCURVE_S1.);
#786 = LINE('',#787,#788);
#787 = CARTESIAN_POINT('',(33.193181993491,-0.5,13.41091604429));
#788 = VECTOR('',#789,1.);
#789 = DIRECTION('',(-0.927183854567,0.,-0.374606593416));
#790 = PCURVE('',#132,#791);
#791 = DEFINITIONAL_REPRESENTATION('',(#792),#796);
#792 = LINE('',#793,#794);
#793 = CARTESIAN_POINT('',(-10.62092586164,33.193181993491));
#794 = VECTOR('',#795,1.);
#795 = DIRECTION('',(-0.374606593416,-0.927183854567));
#796 = ( GEOMETRIC_REPRESENTATION_CONTEXT(2) 
PARAMETRIC_REPRESENTATION_CONTEXT() REPRESENTATION_CONTEXT('2D SPACE',''
  ) );
#797 = PCURVE('',#497,#798);
#798 = DEFINITIONAL_REPRESENTATION('',(#799),#803);
#799 = LINE('',#800,#801);
#800 = CARTESIAN_POINT('',(0.,0.));
#801 = VECTOR('',#802,1.);
#802 = DIRECTION('',(1.,0.));
#803 = ( GEOMETRIC_REPRESENTATION_CONTEXT(2) 
PARAMETRIC_REPRESENTATION_CONTEXT() REPRESENTATION_CONTEXT('2D SPACE',''
  ) );
#804 = ADVANCED_FACE('',(#805),#73,.F.);
#805 = FACE_BOUND('',#806,.F.);
#806 = EDGE_LOOP('',(#807,#808,#832,#855,#879,#903,#927,#948));
#807 = ORIENTED_EDGE('',*,*,#56,.T.);
#808 = ORIENTED_EDGE('',*,*,#809,.T.);
#809 = EDGE_CURVE('',#57,#810,#812,.T.);
#810 = VERTEX_POINT('',#811);
#811 = CARTESIAN_POINT('',(-29.28961909579,-10.5,11.833774259425));
#812 = SURFACE_CURVE('',#813,(#818,#825),.PCURVE_S1.);
#813 = CIRCLE('',#814,0.8);
#814 = AXIS2_PLACEMENT_3D('',#815,#816,#817);
#815 = CARTESIAN_POINT('',(-28.98993382106,-10.5,12.575521343078));
#816 = DIRECTION('',(-0.,1.,0.));
#817 = DIRECTION('',(0.,0.,-1.));
#818 = PCURVE('',#73,#819);
#819 = DEFINITIONAL_REPRESENTATION('',(#820),#824);
#820 = CIRCLE('',#821,0.8);
#821 = AXIS2_PLACEMENT_2D('',#822,#823);
#822 = CARTESIAN_POINT('',(-11.45632056286,-28.98993382106));
#823 = DIRECTION('',(-1.,0.));
#824 = ( GEOMETRIC_REPRESENTATION_CONTEXT(2) 
PARAMETRIC_REPRESENTATION_CONTEXT() REPRESENTATION_CONTEXT('2D SPACE',''
  ) );
#825 = PCURVE('',#105,#826);
#826 = DEFINITIONAL_REPRESENTATION('',(#827),#831);
#827 = LINE('',#828,#829);
#828 = CARTESIAN_POINT('',(5.121680576616,10.));
#829 = VECTOR('',#830,1.);
#830 = DIRECTION('',(-1.,0.));
#831 = ( GEOMETRIC_REPRESENTATION_CONTEXT(2) 
PARAMETRIC_REPRESENTATION_CONTEXT() REPRESENTATION_CONTEXT('2D SPACE',''
  ) );
#832 = ORIENTED_EDGE('',*,*,#833,.T.);
#833 = EDGE_CURVE('',#810,#834,#836,.T.);
#834 = VERTEX_POINT('',#835);
#835 = CARTESIAN_POINT('',(-32.4429566928,-10.5,13.107805347528));
#836 = SURFACE_CURVE('',#837,(#841,#848),.PCURVE_S1.);
#837 = LINE('',#838,#839);
#838 = CARTESIAN_POINT('',(-28.55726272065,-10.5,11.53788307721));
#839 = VECTOR('',#840,1.);
#840 = DIRECTION('',(-0.927183854567,0.,0.374606593416));
#841 = PCURVE('',#73,#842);
#842 = DEFINITIONAL_REPRESENTATION('',(#843),#847);
#843 = LINE('',#844,#845);
#844 = CARTESIAN_POINT('',(-12.49395882872,-28.55726272065));
#845 = VECTOR('',#846,1.);
#846 = DIRECTION('',(0.374606593416,-0.927183854567));
#847 = ( GEOMETRIC_REPRESENTATION_CONTEXT(2) 
PARAMETRIC_REPRESENTATION_CONTEXT() REPRESENTATION_CONTEXT('2D SPACE',''
  ) );
#848 = PCURVE('',#581,#849);
#849 = DEFINITIONAL_REPRESENTATION('',(#850),#854);
#850 = LINE('',#851,#852);
#851 = CARTESIAN_POINT('',(0.,-10.));
#852 = VECTOR('',#853,1.);
#853 = DIRECTION('',(1.,0.));
#854 = ( GEOMETRIC_REPRESENTATION_CONTEXT(2) 
PARAMETRIC_REPRESENTATION_CONTEXT() REPRESENTATION_CONTEXT('2D SPACE',''
  ) );
#855 = ORIENTED_EDGE('',*,*,#856,.T.);
#856 = EDGE_CURVE('',#834,#857,#859,.T.);
#857 = VERTEX_POINT('',#858);
#858 = CARTESIAN_POINT('',(-32.87797476477,-10.5,14.166113629608));
#859 = SURFACE_CURVE('',#860,(#865,#872),.PCURVE_S1.);
#860 = CIRCLE('',#861,0.8);
#861 = AXIS2_PLACEMENT_3D('',#862,#863,#864);
#862 = CARTESIAN_POINT('',(-32.14327141807,-10.5,13.849552431181));
#863 = DIRECTION('',(0.,1.,0.));
#864 = DIRECTION('',(0.,0.,-1.));
#865 = PCURVE('',#73,#866);
#866 = DEFINITIONAL_REPRESENTATION('',(#867),#871);
#867 = CIRCLE('',#868,0.8);
#868 = AXIS2_PLACEMENT_2D('',#869,#870);
#869 = CARTESIAN_POINT('',(-10.18228947475,-32.14327141807));
#870 = DIRECTION('',(-1.,0.));
#871 = ( GEOMETRIC_REPRESENTATION_CONTEXT(2) 
PARAMETRIC_REPRESENTATION_CONTEXT() REPRESENTATION_CONTEXT('2D SPACE',''
  ) );
#872 = PCURVE('',#610,#873);
#873 = DEFINITIONAL_REPRESENTATION('',(#874),#878);
#874 = LINE('',#875,#876);
#875 = CARTESIAN_POINT('',(0.383972435439,10.));
#876 = VECTOR('',#877,1.);
#877 = DIRECTION('',(-1.,0.));
#878 = ( GEOMETRIC_REPRESENTATION_CONTEXT(2) 
PARAMETRIC_REPRESENTATION_CONTEXT() REPRESENTATION_CONTEXT('2D SPACE',''
  ) );
#879 = ORIENTED_EDGE('',*,*,#880,.T.);
#880 = EDGE_CURVE('',#857,#881,#883,.T.);
#881 = VERTEX_POINT('',#882);
#882 = CARTESIAN_POINT('',(32.877974764773,-10.5,14.166113629608));
#883 = SURFACE_CURVE('',#884,(#889,#896),.PCURVE_S1.);
#884 = CIRCLE('',#885,35.8);
#885 = AXIS2_PLACEMENT_3D('',#886,#887,#888);
#886 = CARTESIAN_POINT('',(3.552713678801E-15,-10.5,-1.7763568394E-15));
#887 = DIRECTION('',(-0.,1.,0.));
#888 = DIRECTION('',(-0.927183854567,-0.,0.374606593416));
#889 = PCURVE('',#73,#890);
#890 = DEFINITIONAL_REPRESENTATION('',(#891),#895);
#891 = CIRCLE('',#892,35.8);
#892 = AXIS2_PLACEMENT_2D('',#893,#894);
#893 = CARTESIAN_POINT('',(-24.03184190593,-1.473273803644E-15));
#894 = DIRECTION('',(0.374606593416,-0.927183854567));
#895 = ( GEOMETRIC_REPRESENTATION_CONTEXT(2) 
PARAMETRIC_REPRESENTATION_CONTEXT() REPRESENTATION_CONTEXT('2D SPACE',''
  ) );
#896 = PCURVE('',#639,#897);
#897 = DEFINITIONAL_REPRESENTATION('',(#898),#902);
#898 = LINE('',#899,#900);
#899 = CARTESIAN_POINT('',(0.,-10.));
#900 = VECTOR('',#901,1.);
#901 = DIRECTION('',(1.,0.));
#902 = ( GEOMETRIC_REPRESENTATION_CONTEXT(2) 
PARAMETRIC_REPRESENTATION_CONTEXT() REPRESENTATION_CONTEXT('2D SPACE',''
  ) );
#903 = ORIENTED_EDGE('',*,*,#904,.T.);
#904 = EDGE_CURVE('',#881,#905,#907,.T.);
#905 = VERTEX_POINT('',#906);
#906 = CARTESIAN_POINT('',(32.442956692806,-10.5,13.107805347528));
#907 = SURFACE_CURVE('',#908,(#913,#920),.PCURVE_S1.);
#908 = CIRCLE('',#909,0.8);
#909 = AXIS2_PLACEMENT_3D('',#910,#911,#912);
#910 = CARTESIAN_POINT('',(32.143271418074,-10.5,13.849552431181));
#911 = DIRECTION('',(0.,1.,0.));
#912 = DIRECTION('',(0.,0.,-1.));
#913 = PCURVE('',#73,#914);
#914 = DEFINITIONAL_REPRESENTATION('',(#915),#919);
#915 = CIRCLE('',#916,0.8);
#916 = AXIS2_PLACEMENT_2D('',#917,#918);
#917 = CARTESIAN_POINT('',(-10.18228947475,32.143271418074));
#918 = DIRECTION('',(-1.,0.));
#919 = ( GEOMETRIC_REPRESENTATION_CONTEXT(2) 
PARAMETRIC_REPRESENTATION_CONTEXT() REPRESENTATION_CONTEXT('2D SPACE',''
  ) );
#920 = PCURVE('',#772,#921);
#921 = DEFINITIONAL_REPRESENTATION('',(#922),#926);
#922 = LINE('',#923,#924);
#923 = CARTESIAN_POINT('',(4.305557411339,10.));
#924 = VECTOR('',#925,1.);
#925 = DIRECTION('',(-1.,0.));
#926 = ( GEOMETRIC_REPRESENTATION_CONTEXT(2) 
PARAMETRIC_REPRESENTATION_CONTEXT() REPRESENTATION_CONTEXT('2D SPACE',''
  ) );
#927 = ORIENTED_EDGE('',*,*,#928,.T.);
#928 = EDGE_CURVE('',#905,#482,#929,.T.);
#929 = SURFACE_CURVE('',#930,(#934,#941),.PCURVE_S1.);
#930 = LINE('',#931,#932);
#931 = CARTESIAN_POINT('',(33.193181993491,-10.5,13.41091604429));
#932 = VECTOR('',#933,1.);
#933 = DIRECTION('',(-0.927183854567,0.,-0.374606593416));
#934 = PCURVE('',#73,#935);
#935 = DEFINITIONAL_REPRESENTATION('',(#936),#940);
#936 = LINE('',#937,#938);
#937 = CARTESIAN_POINT('',(-10.62092586164,33.193181993491));
#938 = VECTOR('',#939,1.);
#939 = DIRECTION('',(-0.374606593416,-0.927183854567));
#940 = ( GEOMETRIC_REPRESENTATION_CONTEXT(2) 
PARAMETRIC_REPRESENTATION_CONTEXT() REPRESENTATION_CONTEXT('2D SPACE',''
  ) );
#941 = PCURVE('',#497,#942);
#942 = DEFINITIONAL_REPRESENTATION('',(#943),#947);
#943 = LINE('',#944,#945);
#944 = CARTESIAN_POINT('',(-0.,-10.));
#945 = VECTOR('',#946,1.);
#946 = DIRECTION('',(1.,0.));
#947 = ( GEOMETRIC_REPRESENTATION_CONTEXT(2) 
PARAMETRIC_REPRESENTATION_CONTEXT() REPRESENTATION_CONTEXT('2D SPACE',''
  ) );
#948 = ORIENTED_EDGE('',*,*,#509,.F.);
#949 = ADVANCED_FACE('',(#950),#105,.T.);
#950 = FACE_BOUND('',#951,.F.);
#951 = EDGE_LOOP('',(#952,#953,#974,#975));
#952 = ORIENTED_EDGE('',*,*,#541,.T.);
#953 = ORIENTED_EDGE('',*,*,#954,.T.);
#954 = EDGE_CURVE('',#542,#810,#955,.T.);
#955 = SURFACE_CURVE('',#956,(#960,#967),.PCURVE_S1.);
#956 = LINE('',#957,#958);
#957 = CARTESIAN_POINT('',(-29.28961909579,-0.5,11.833774259425));
#958 = VECTOR('',#959,1.);
#959 = DIRECTION('',(0.,-1.,0.));
#960 = PCURVE('',#105,#961);
#961 = DEFINITIONAL_REPRESENTATION('',(#962),#966);
#962 = LINE('',#963,#964);
#963 = CARTESIAN_POINT('',(-1.545477166002,0.));
#964 = VECTOR('',#965,1.);
#965 = DIRECTION('',(-0.,1.));
#966 = ( GEOMETRIC_REPRESENTATION_CONTEXT(2) 
PARAMETRIC_REPRESENTATION_CONTEXT() REPRESENTATION_CONTEXT('2D SPACE',''
  ) );
#967 = PCURVE('',#581,#968);
#968 = DEFINITIONAL_REPRESENTATION('',(#969),#973);
#969 = LINE('',#970,#971);
#970 = CARTESIAN_POINT('',(0.789871794612,0.));
#971 = VECTOR('',#972,1.);
#972 = DIRECTION('',(0.,-1.));
#973 = ( GEOMETRIC_REPRESENTATION_CONTEXT(2) 
PARAMETRIC_REPRESENTATION_CONTEXT() REPRESENTATION_CONTEXT('2D SPACE',''
  ) );
#974 = ORIENTED_EDGE('',*,*,#809,.F.);
#975 = ORIENTED_EDGE('',*,*,#89,.F.);
#976 = ADVANCED_FACE('',(#977),#244,.F.);
#977 = FACE_BOUND('',#978,.F.);
#978 = EDGE_LOOP('',(#979,#1008,#1029,#1030));
#979 = ORIENTED_EDGE('',*,*,#980,.F.);
#980 = EDGE_CURVE('',#981,#981,#983,.T.);
#981 = VERTEX_POINT('',#982);
#982 = CARTESIAN_POINT('',(28.941273890185,-4.5,18.672243186434));
#983 = SURFACE_CURVE('',#984,(#989,#996),.PCURVE_S1.);
#984 = CIRCLE('',#985,1.7);
#985 = AXIS2_PLACEMENT_3D('',#986,#987,#988);
#986 = CARTESIAN_POINT('',(29.791273890185,-4.5,17.2));
#987 = DIRECTION('',(0.866025403784,0.,0.5));
#988 = DIRECTION('',(-0.5,0.,0.866025403784));
#989 = PCURVE('',#244,#990);
#990 = DEFINITIONAL_REPRESENTATION('',(#991),#995);
#991 = LINE('',#992,#993);
#992 = CARTESIAN_POINT('',(0.,9.4));
#993 = VECTOR('',#994,1.);
#994 = DIRECTION('',(1.,0.));
#995 = ( GEOMETRIC_REPRESENTATION_CONTEXT(2) 
PARAMETRIC_REPRESENTATION_CONTEXT() REPRESENTATION_CONTEXT('2D SPACE',''
  ) );
#996 = PCURVE('',#997,#1002);
#997 = PLANE('',#998);
#998 = AXIS2_PLACEMENT_3D('',#999,#1000,#1001);
#999 = CARTESIAN_POINT('',(29.791273890185,-4.5,17.2));
#1000 = DIRECTION('',(0.866025403784,0.,0.5));
#1001 = DIRECTION('',(-0.5,0.,0.866025403784));
#1002 = DEFINITIONAL_REPRESENTATION('',(#1003),#1007);
#1003 = CIRCLE('',#1004,1.7);
#1004 = AXIS2_PLACEMENT_2D('',#1005,#1006);
#1005 = CARTESIAN_POINT('',(0.,0.));
#1006 = DIRECTION('',(1.,0.));
#1007 = ( GEOMETRIC_REPRESENTATION_CONTEXT(2) 
PARAMETRIC_REPRESENTATION_CONTEXT() REPRESENTATION_CONTEXT('2D SPACE',''
  ) );
#1008 = ORIENTED_EDGE('',*,*,#1009,.F.);
#1009 = EDGE_CURVE('',#147,#981,#1010,.T.);
#1010 = SEAM_CURVE('',#1011,(#1015,#1022),.PCURVE_S1.);
#1011 = LINE('',#1012,#1013);
#1012 = CARTESIAN_POINT('',(20.800635094611,-4.5,13.972243186434));
#1013 = VECTOR('',#1014,1.);
#1014 = DIRECTION('',(0.866025403784,0.,0.5));
#1015 = PCURVE('',#244,#1016);
#1016 = DEFINITIONAL_REPRESENTATION('',(#1017),#1021);
#1017 = LINE('',#1018,#1019);
#1018 = CARTESIAN_POINT('',(6.28318530718,-0.));
#1019 = VECTOR('',#1020,1.);
#1020 = DIRECTION('',(0.,1.));
#1021 = ( GEOMETRIC_REPRESENTATION_CONTEXT(2) 
PARAMETRIC_REPRESENTATION_CONTEXT() REPRESENTATION_CONTEXT('2D SPACE',''
  ) );
#1022 = PCURVE('',#244,#1023);
#1023 = DEFINITIONAL_REPRESENTATION('',(#1024),#1028);
#1024 = LINE('',#1025,#1026);
#1025 = CARTESIAN_POINT('',(0.,-0.));
#1026 = VECTOR('',#1027,1.);
#1027 = DIRECTION('',(0.,1.));
#1028 = ( GEOMETRIC_REPRESENTATION_CONTEXT(2) 
PARAMETRIC_REPRESENTATION_CONTEXT() REPRESENTATION_CONTEXT('2D SPACE',''
  ) );
#1029 = ORIENTED_EDGE('',*,*,#146,.T.);
#1030 = ORIENTED_EDGE('',*,*,#1009,.T.);
#1031 = ADVANCED_FACE('',(#1032),#397,.F.);
#1032 = FACE_BOUND('',#1033,.F.);
#1033 = EDGE_LOOP('',(#1034,#1063,#1084,#1085));
#1034 = ORIENTED_EDGE('',*,*,#1035,.F.);
#1035 = EDGE_CURVE('',#1036,#1036,#1038,.T.);
#1036 = VERTEX_POINT('',#1037);
#1037 = CARTESIAN_POINT('',(-30.64127389018,-4.5,15.727756813566));
#1038 = SURFACE_CURVE('',#1039,(#1044,#1051),.PCURVE_S1.);
#1039 = CIRCLE('',#1040,1.7);
#1040 = AXIS2_PLACEMENT_3D('',#1041,#1042,#1043);
#1041 = CARTESIAN_POINT('',(-29.79127389018,-4.5,17.2));
#1042 = DIRECTION('',(-0.866025403784,0.,0.5));
#1043 = DIRECTION('',(-0.5,0.,-0.866025403784));
#1044 = PCURVE('',#397,#1045);
#1045 = DEFINITIONAL_REPRESENTATION('',(#1046),#1050);
#1046 = LINE('',#1047,#1048);
#1047 = CARTESIAN_POINT('',(0.,9.4));
#1048 = VECTOR('',#1049,1.);
#1049 = DIRECTION('',(1.,0.));
#1050 = ( GEOMETRIC_REPRESENTATION_CONTEXT(2) 
PARAMETRIC_REPRESENTATION_CONTEXT() REPRESENTATION_CONTEXT('2D SPACE',''
  ) );
#1051 = PCURVE('',#1052,#1057);
#1052 = PLANE('',#1053);
#1053 = AXIS2_PLACEMENT_3D('',#1054,#1055,#1056);
#1054 = CARTESIAN_POINT('',(-29.79127389018,-4.5,17.2));
#1055 = DIRECTION('',(-0.866025403784,0.,0.5));
#1056 = DIRECTION('',(-0.5,0.,-0.866025403784));
#1057 = DEFINITIONAL_REPRESENTATION('',(#1058),#1062);
#1058 = CIRCLE('',#1059,1.7);
#1059 = AXIS2_PLACEMENT_2D('',#1060,#1061);
#1060 = CARTESIAN_POINT('',(0.,0.));
#1061 = DIRECTION('',(1.,0.));
#1062 = ( GEOMETRIC_REPRESENTATION_CONTEXT(2) 
PARAMETRIC_REPRESENTATION_CONTEXT() REPRESENTATION_CONTEXT('2D SPACE',''
  ) );
#1063 = ORIENTED_EDGE('',*,*,#1064,.F.);
#1064 = EDGE_CURVE('',#300,#1036,#1065,.T.);
#1065 = SEAM_CURVE('',#1066,(#1070,#1077),.PCURVE_S1.);
#1066 = LINE('',#1067,#1068);
#1067 = CARTESIAN_POINT('',(-22.50063509461,-4.5,11.027756813566));
#1068 = VECTOR('',#1069,1.);
#1069 = DIRECTION('',(-0.866025403784,0.,0.5));
#1070 = PCURVE('',#397,#1071);
#1071 = DEFINITIONAL_REPRESENTATION('',(#1072),#1076);
#1072 = LINE('',#1073,#1074);
#1073 = CARTESIAN_POINT('',(6.28318530718,-0.));
#1074 = VECTOR('',#1075,1.);
#1075 = DIRECTION('',(0.,1.));
#1076 = ( GEOMETRIC_REPRESENTATION_CONTEXT(2) 
PARAMETRIC_REPRESENTATION_CONTEXT() REPRESENTATION_CONTEXT('2D SPACE',''
  ) );
#1077 = PCURVE('',#397,#1078);
#1078 = DEFINITIONAL_REPRESENTATION('',(#1079),#1083);
#1079 = LINE('',#1080,#1081);
#1080 = CARTESIAN_POINT('',(0.,-0.));
#1081 = VECTOR('',#1082,1.);
#1082 = DIRECTION('',(0.,1.));
#1083 = ( GEOMETRIC_REPRESENTATION_CONTEXT(2) 
PARAMETRIC_REPRESENTATION_CONTEXT() REPRESENTATION_CONTEXT('2D SPACE',''
  ) );
#1084 = ORIENTED_EDGE('',*,*,#299,.T.);
#1085 = ORIENTED_EDGE('',*,*,#1064,.T.);
#1086 = ADVANCED_FACE('',(#1087),#497,.T.);
#1087 = FACE_BOUND('',#1088,.T.);
#1088 = EDGE_LOOP('',(#1089,#1090,#1111,#1112));
#1089 = ORIENTED_EDGE('',*,*,#784,.F.);
#1090 = ORIENTED_EDGE('',*,*,#1091,.T.);
#1091 = EDGE_CURVE('',#756,#905,#1092,.T.);
#1092 = SURFACE_CURVE('',#1093,(#1097,#1104),.PCURVE_S1.);
#1093 = LINE('',#1094,#1095);
#1094 = CARTESIAN_POINT('',(32.442956692806,-0.5,13.107805347528));
#1095 = VECTOR('',#1096,1.);
#1096 = DIRECTION('',(0.,-1.,-0.));
#1097 = PCURVE('',#497,#1098);
#1098 = DEFINITIONAL_REPRESENTATION('',(#1099),#1103);
#1099 = LINE('',#1100,#1101);
#1100 = CARTESIAN_POINT('',(0.809144051624,0.));
#1101 = VECTOR('',#1102,1.);
#1102 = DIRECTION('',(0.,-1.));
#1103 = ( GEOMETRIC_REPRESENTATION_CONTEXT(2) 
PARAMETRIC_REPRESENTATION_CONTEXT() REPRESENTATION_CONTEXT('2D SPACE',''
  ) );
#1104 = PCURVE('',#772,#1105);
#1105 = DEFINITIONAL_REPRESENTATION('',(#1106),#1110);
#1106 = LINE('',#1107,#1108);
#1107 = CARTESIAN_POINT('',(-1.593655460402,0.));
#1108 = VECTOR('',#1109,1.);
#1109 = DIRECTION('',(-0.,1.));
#1110 = ( GEOMETRIC_REPRESENTATION_CONTEXT(2) 
PARAMETRIC_REPRESENTATION_CONTEXT() REPRESENTATION_CONTEXT('2D SPACE',''
  ) );
#1111 = ORIENTED_EDGE('',*,*,#928,.T.);
#1112 = ORIENTED_EDGE('',*,*,#481,.F.);
#1113 = ADVANCED_FACE('',(#1114),#581,.T.);
#1114 = FACE_BOUND('',#1115,.T.);
#1115 = EDGE_LOOP('',(#1116,#1117,#1118,#1119));
#1116 = ORIENTED_EDGE('',*,*,#565,.F.);
#1117 = ORIENTED_EDGE('',*,*,#954,.T.);
#1118 = ORIENTED_EDGE('',*,*,#833,.T.);
#1119 = ORIENTED_EDGE('',*,*,#1120,.F.);
#1120 = EDGE_CURVE('',#566,#834,#1121,.T.);
#1121 = SURFACE_CURVE('',#1122,(#1126,#1133),.PCURVE_S1.);
#1122 = LINE('',#1123,#1124);
#1123 = CARTESIAN_POINT('',(-32.4429566928,-0.5,13.107805347528));
#1124 = VECTOR('',#1125,1.);
#1125 = DIRECTION('',(0.,-1.,-0.));
#1126 = PCURVE('',#581,#1127);
#1127 = DEFINITIONAL_REPRESENTATION('',(#1128),#1132);
#1128 = LINE('',#1129,#1130);
#1129 = CARTESIAN_POINT('',(4.190855948376,0.));
#1130 = VECTOR('',#1131,1.);
#1131 = DIRECTION('',(-0.,-1.));
#1132 = ( GEOMETRIC_REPRESENTATION_CONTEXT(2) 
PARAMETRIC_REPRESENTATION_CONTEXT() REPRESENTATION_CONTEXT('2D SPACE',''
  ) );
#1133 = PCURVE('',#610,#1134);
#1134 = DEFINITIONAL_REPRESENTATION('',(#1135),#1139);
#1135 = LINE('',#1136,#1137);
#1136 = CARTESIAN_POINT('',(-0.,0.));
#1137 = VECTOR('',#1138,1.);
#1138 = DIRECTION('',(-0.,1.));
#1139 = ( GEOMETRIC_REPRESENTATION_CONTEXT(2) 
PARAMETRIC_REPRESENTATION_CONTEXT() REPRESENTATION_CONTEXT('2D SPACE',''
  ) );
#1140 = ADVANCED_FACE('',(#1141),#610,.T.);
#1141 = FACE_BOUND('',#1142,.F.);
#1142 = EDGE_LOOP('',(#1143,#1144,#1165,#1166));
#1143 = ORIENTED_EDGE('',*,*,#593,.T.);
#1144 = ORIENTED_EDGE('',*,*,#1145,.T.);
#1145 = EDGE_CURVE('',#594,#857,#1146,.T.);
#1146 = SURFACE_CURVE('',#1147,(#1151,#1158),.PCURVE_S1.);
#1147 = LINE('',#1148,#1149);
#1148 = CARTESIAN_POINT('',(-32.87797476477,-0.5,14.166113629608));
#1149 = VECTOR('',#1150,1.);
#1150 = DIRECTION('',(0.,-1.,-0.));
#1151 = PCURVE('',#610,#1152);
#1152 = DEFINITIONAL_REPRESENTATION('',(#1153),#1157);
#1153 = LINE('',#1154,#1155);
#1154 = CARTESIAN_POINT('',(-1.593655460402,0.));
#1155 = VECTOR('',#1156,1.);
#1156 = DIRECTION('',(-0.,1.));
#1157 = ( GEOMETRIC_REPRESENTATION_CONTEXT(2) 
PARAMETRIC_REPRESENTATION_CONTEXT() REPRESENTATION_CONTEXT('2D SPACE',''
  ) );
#1158 = PCURVE('',#639,#1159);
#1159 = DEFINITIONAL_REPRESENTATION('',(#1160),#1164);
#1160 = LINE('',#1161,#1162);
#1161 = CARTESIAN_POINT('',(2.285913360703E-02,0.));
#1162 = VECTOR('',#1163,1.);
#1163 = DIRECTION('',(-0.,-1.));
#1164 = ( GEOMETRIC_REPRESENTATION_CONTEXT(2) 
PARAMETRIC_REPRESENTATION_CONTEXT() REPRESENTATION_CONTEXT('2D SPACE',''
  ) );
#1165 = ORIENTED_EDGE('',*,*,#856,.F.);
#1166 = ORIENTED_EDGE('',*,*,#1120,.F.);
#1167 = ADVANCED_FACE('',(#1168,#1392,#1566),#639,.T.);
#1168 = FACE_BOUND('',#1169,.T.);
#1169 = EDGE_LOOP('',(#1170,#1171,#1172,#1173,#1194,#1195,#1217,#1278,
    #1311,#1372));
#1170 = ORIENTED_EDGE('',*,*,#622,.F.);
#1171 = ORIENTED_EDGE('',*,*,#1145,.T.);
#1172 = ORIENTED_EDGE('',*,*,#880,.T.);
#1173 = ORIENTED_EDGE('',*,*,#1174,.F.);
#1174 = EDGE_CURVE('',#732,#881,#1175,.T.);
#1175 = SURFACE_CURVE('',#1176,(#1180,#1187),.PCURVE_S1.);
#1176 = LINE('',#1177,#1178);
#1177 = CARTESIAN_POINT('',(32.877974764773,-0.5,14.166113629608));
#1178 = VECTOR('',#1179,1.);
#1179 = DIRECTION('',(0.,-1.,-0.));
#1180 = PCURVE('',#639,#1181);
#1181 = DEFINITIONAL_REPRESENTATION('',(#1182),#1186);
#1182 = LINE('',#1183,#1184);
#1183 = CARTESIAN_POINT('',(2.350788649105,0.));
#1184 = VECTOR('',#1185,1.);
#1185 = DIRECTION('',(-0.,-1.));
#1186 = ( GEOMETRIC_REPRESENTATION_CONTEXT(2) 
PARAMETRIC_REPRESENTATION_CONTEXT() REPRESENTATION_CONTEXT('2D SPACE',''
  ) );
#1187 = PCURVE('',#772,#1188);
#1188 = DEFINITIONAL_REPRESENTATION('',(#1189),#1193);
#1189 = LINE('',#1190,#1191);
#1190 = CARTESIAN_POINT('',(-0.,0.));
#1191 = VECTOR('',#1192,1.);
#1192 = DIRECTION('',(-0.,1.));
#1193 = ( GEOMETRIC_REPRESENTATION_CONTEXT(2) 
PARAMETRIC_REPRESENTATION_CONTEXT() REPRESENTATION_CONTEXT('2D SPACE',''
  ) );
#1194 = ORIENTED_EDGE('',*,*,#731,.F.);
#1195 = ORIENTED_EDGE('',*,*,#1196,.F.);
#1196 = EDGE_CURVE('',#1197,#705,#1199,.T.);
#1197 = VERTEX_POINT('',#1198);
#1198 = CARTESIAN_POINT('',(12.,-7.7,33.728919342309));
#1199 = SURFACE_CURVE('',#1200,(#1204,#1210),.PCURVE_S1.);
#1200 = LINE('',#1201,#1202);
#1201 = CARTESIAN_POINT('',(12.,-0.5,33.728919342309));
#1202 = VECTOR('',#1203,1.);
#1203 = DIRECTION('',(-0.,1.,0.));
#1204 = PCURVE('',#639,#1205);
#1205 = DEFINITIONAL_REPRESENTATION('',(#1206),#1209);
#1206 = B_SPLINE_CURVE_WITH_KNOTS('',1,(#1207,#1208),.UNSPECIFIED.,.F.,
  .F.,(2,2),(-8.24,6.000000000173E-07),.PIECEWISE_BEZIER_KNOTS.);
#1207 = CARTESIAN_POINT('',(1.528636650836,-8.24));
#1208 = CARTESIAN_POINT('',(1.528636650836,6.000000000173E-07));
#1209 = ( GEOMETRIC_REPRESENTATION_CONTEXT(2) 
PARAMETRIC_REPRESENTATION_CONTEXT() REPRESENTATION_CONTEXT('2D SPACE',''
  ) );
#1210 = PCURVE('',#719,#1211);
#1211 = DEFINITIONAL_REPRESENTATION('',(#1212),#1216);
#1212 = LINE('',#1213,#1214);
#1213 = CARTESIAN_POINT('',(0.928919342309,-8.));
#1214 = VECTOR('',#1215,1.);
#1215 = DIRECTION('',(0.,-1.));
#1216 = ( GEOMETRIC_REPRESENTATION_CONTEXT(2) 
PARAMETRIC_REPRESENTATION_CONTEXT() REPRESENTATION_CONTEXT('2D SPACE',''
  ) );
#1217 = ORIENTED_EDGE('',*,*,#1218,.T.);
#1218 = EDGE_CURVE('',#1197,#1219,#1221,.T.);
#1219 = VERTEX_POINT('',#1220);
#1220 = CARTESIAN_POINT('',(11.2,-8.5,34.002941049268));
#1221 = SURFACE_CURVE('',#1222,(#1237,#1255),.PCURVE_S1.);
#1222 = B_SPLINE_CURVE_WITH_KNOTS('',7,(#1223,#1224,#1225,#1226,#1227,
    #1228,#1229,#1230,#1231,#1232,#1233,#1234,#1235,#1236),
  .UNSPECIFIED.,.F.,.F.,(8,6,8),(0.,0.580295988793,1.),.UNSPECIFIED.);
#1223 = CARTESIAN_POINT('',(12.,-7.7,33.728919342309));
#1224 = CARTESIAN_POINT('',(12.,-7.798003763051,33.728919342309));
#1225 = CARTESIAN_POINT('',(11.985993082308,-7.89621649323,
    33.733902689839));
#1226 = CARTESIAN_POINT('',(11.957871811947,-7.992593951937,
    33.743907625828));
#1227 = CARTESIAN_POINT('',(11.915735874979,-8.085043271945,
    33.75885733955));
#1228 = CARTESIAN_POINT('',(11.859917028867,-8.171389788157,
    33.778549600494));
#1229 = CARTESIAN_POINT('',(11.791001193567,-8.249350274274,
    33.802657427598));
#1230 = CARTESIAN_POINT('',(11.651310409323,-8.364912541189,
    33.851009067691));
#1231 = CARTESIAN_POINT('',(11.586211815724,-8.407808600257,
    33.873409063798));
#1232 = CARTESIAN_POINT('',(11.515425864207,-8.443719624247,
    33.897592778269));
#1233 = CARTESIAN_POINT('',(11.44004593103,-8.47154027457,
    33.923130765706));
#1234 = CARTESIAN_POINT('',(11.361380312482,-8.490463151076,
    33.949536404762));
#1235 = CARTESIAN_POINT('',(11.28086710951,-8.5,33.976304776094));
#1236 = CARTESIAN_POINT('',(11.2,-8.5,34.002941049268));
#1237 = PCURVE('',#639,#1238);
#1238 = DEFINITIONAL_REPRESENTATION('',(#1239),#1254);
#1239 = B_SPLINE_CURVE_WITH_KNOTS('',7,(#1240,#1241,#1242,#1243,#1244,
    #1245,#1246,#1247,#1248,#1249,#1250,#1251,#1252,#1253),
  .UNSPECIFIED.,.F.,.F.,(8,6,8),(0.,0.580295988793,1.),.UNSPECIFIED.);
#1240 = CARTESIAN_POINT('',(1.528636650836,-7.2));
#1241 = CARTESIAN_POINT('',(1.528636650836,-7.298003763051));
#1242 = CARTESIAN_POINT('',(1.528221371668,-7.39621649323));
#1243 = CARTESIAN_POINT('',(1.527387628061,-7.492593951937));
#1244 = CARTESIAN_POINT('',(1.526138762103,-7.585043271945));
#1245 = CARTESIAN_POINT('',(1.524485399519,-7.671389788157));
#1246 = CARTESIAN_POINT('',(1.522446002187,-7.749350274274));
#1247 = CARTESIAN_POINT('',(1.518316891071,-7.864912541189));
#1248 = CARTESIAN_POINT('',(1.516393859129,-7.907808600257));
#1249 = CARTESIAN_POINT('',(1.514304395659,-7.943719624247));
#1250 = CARTESIAN_POINT('',(1.512081268325,-7.97154027457));
#1251 = CARTESIAN_POINT('',(1.509763430649,-7.990463151076));
#1252 = CARTESIAN_POINT('',(1.507393426974,-8.));
#1253 = CARTESIAN_POINT('',(1.505015188298,-8.));
#1254 = ( GEOMETRIC_REPRESENTATION_CONTEXT(2) 
PARAMETRIC_REPRESENTATION_CONTEXT() REPRESENTATION_CONTEXT('2D SPACE',''
  ) );
#1255 = PCURVE('',#1256,#1261);
#1256 = CYLINDRICAL_SURFACE('',#1257,0.8);
#1257 = AXIS2_PLACEMENT_3D('',#1258,#1259,#1260);
#1258 = CARTESIAN_POINT('',(11.2,-7.7,32.8));
#1259 = DIRECTION('',(0.,0.,1.));
#1260 = DIRECTION('',(1.,0.,-0.));
#1261 = DEFINITIONAL_REPRESENTATION('',(#1262),#1277);
#1262 = B_SPLINE_CURVE_WITH_KNOTS('',7,(#1263,#1264,#1265,#1266,#1267,
    #1268,#1269,#1270,#1271,#1272,#1273,#1274,#1275,#1276),
  .UNSPECIFIED.,.F.,.F.,(8,6,8),(0.,0.580295988793,1.),.UNSPECIFIED.);
#1263 = CARTESIAN_POINT('',(0.,0.928919342309));
#1264 = CARTESIAN_POINT('',(-0.122504703814,0.928919342309));
#1265 = CARTESIAN_POINT('',(-0.245270482256,0.933902689839));
#1266 = CARTESIAN_POINT('',(-0.368745819183,0.943907625828));
#1267 = CARTESIAN_POINT('',(-0.493372029808,0.95885733955));
#1268 = CARTESIAN_POINT('',(-0.619646195752,0.978549600494));
#1269 = CARTESIAN_POINT('',(-0.748139439827,1.002657427598));
#1270 = CARTESIAN_POINT('',(-0.974759140321,1.051009067691));
#1271 = CARTESIAN_POINT('',(-1.071636603916,1.073409063798));
#1272 = CARTESIAN_POINT('',(-1.169833520173,1.097592778269));
#1273 = CARTESIAN_POINT('',(-1.269050853373,1.123130765706));
#1274 = CARTESIAN_POINT('',(-1.369071336075,1.149536404762));
#1275 = CARTESIAN_POINT('',(-1.469712439907,1.176304776094));
#1276 = CARTESIAN_POINT('',(-1.570796326795,1.202941049268));
#1277 = ( GEOMETRIC_REPRESENTATION_CONTEXT(2) 
PARAMETRIC_REPRESENTATION_CONTEXT() REPRESENTATION_CONTEXT('2D SPACE',''
  ) );
#1278 = ORIENTED_EDGE('',*,*,#1279,.T.);
#1279 = EDGE_CURVE('',#1219,#1280,#1282,.T.);
#1280 = VERTEX_POINT('',#1281);
#1281 = CARTESIAN_POINT('',(-11.2,-8.5,34.002941049268));
#1282 = SURFACE_CURVE('',#1283,(#1288,#1295),.PCURVE_S1.);
#1283 = CIRCLE('',#1284,35.8);
#1284 = AXIS2_PLACEMENT_3D('',#1285,#1286,#1287);
#1285 = CARTESIAN_POINT('',(3.552713678801E-15,-8.5,-1.7763568394E-15));
#1286 = DIRECTION('',(0.,-1.,0.));
#1287 = DIRECTION('',(0.312849162011,0.,0.949802822605));
#1288 = PCURVE('',#639,#1289);
#1289 = DEFINITIONAL_REPRESENTATION('',(#1290),#1294);
#1290 = LINE('',#1291,#1292);
#1291 = CARTESIAN_POINT('',(1.505015188298,-8.));
#1292 = VECTOR('',#1293,1.);
#1293 = DIRECTION('',(-1.,-0.));
#1294 = ( GEOMETRIC_REPRESENTATION_CONTEXT(2) 
PARAMETRIC_REPRESENTATION_CONTEXT() REPRESENTATION_CONTEXT('2D SPACE',''
  ) );
#1295 = PCURVE('',#1296,#1301);
#1296 = PLANE('',#1297);
#1297 = AXIS2_PLACEMENT_3D('',#1298,#1299,#1300);
#1298 = CARTESIAN_POINT('',(-12.,-8.5,32.8));
#1299 = DIRECTION('',(-0.,1.,0.));
#1300 = DIRECTION('',(0.,0.,1.));
#1301 = DEFINITIONAL_REPRESENTATION('',(#1302),#1310);
#1302 = ( BOUNDED_CURVE() B_SPLINE_CURVE(2,(#1303,#1304,#1305,#1306,
#1307,#1308,#1309),.UNSPECIFIED.,.T.,.F.) B_SPLINE_CURVE_WITH_KNOTS((1,2
    ,2,2,2,1),(-2.094395102393,0.,2.094395102393,4.188790204786,
6.28318530718,8.377580409573),.UNSPECIFIED.) CURVE() 
GEOMETRIC_REPRESENTATION_ITEM() RATIONAL_B_SPLINE_CURVE((1.,0.5,1.,0.5,
1.,0.5,1.)) REPRESENTATION_ITEM('') );
#1303 = CARTESIAN_POINT('',(1.202941049268,23.2));
#1304 = CARTESIAN_POINT('',(20.601910094039,-35.6948215041));
#1305 = CARTESIAN_POINT('',(-40.10198600224,-23.04741075205));
#1306 = CARTESIAN_POINT('',(-100.8058820985,-10.4));
#1307 = CARTESIAN_POINT('',(-59.50095504702,35.847410752051));
#1308 = CARTESIAN_POINT('',(-18.1960279955,82.094821504102));
#1309 = CARTESIAN_POINT('',(1.202941049268,23.2));
#1310 = ( GEOMETRIC_REPRESENTATION_CONTEXT(2) 
PARAMETRIC_REPRESENTATION_CONTEXT() REPRESENTATION_CONTEXT('2D SPACE',''
  ) );
#1311 = ORIENTED_EDGE('',*,*,#1312,.F.);
#1312 = EDGE_CURVE('',#1313,#1280,#1315,.T.);
#1313 = VERTEX_POINT('',#1314);
#1314 = CARTESIAN_POINT('',(-12.,-7.7,33.728919342309));
#1315 = SURFACE_CURVE('',#1316,(#1331,#1349),.PCURVE_S1.);
#1316 = B_SPLINE_CURVE_WITH_KNOTS('',7,(#1317,#1318,#1319,#1320,#1321,
    #1322,#1323,#1324,#1325,#1326,#1327,#1328,#1329,#1330),
  .UNSPECIFIED.,.F.,.F.,(8,6,8),(0.,0.580286573198,1.),.UNSPECIFIED.);
#1317 = CARTESIAN_POINT('',(-12.,-7.7,33.728919342309));
#1318 = CARTESIAN_POINT('',(-12.,-7.797988396207,33.728919342309));
#1319 = CARTESIAN_POINT('',(-11.98599747192,-7.896203565385,
    33.733901127904));
#1320 = CARTESIAN_POINT('',(-11.95787585822,-7.992592760766,
    33.743906186709));
#1321 = CARTESIAN_POINT('',(-11.91573354261,-8.085053978036,
    33.75885819515));
#1322 = CARTESIAN_POINT('',(-11.85990626293,-8.171405535576,
    33.77855341032));
#1323 = CARTESIAN_POINT('',(-11.79098794234,-8.249361236635,
    33.802662014287));
#1324 = CARTESIAN_POINT('',(-11.65131772716,-8.364906487348,
    33.851006534743));
#1325 = CARTESIAN_POINT('',(-11.58622083216,-8.407803875665,
    33.873405971755));
#1326 = CARTESIAN_POINT('',(-11.51543172155,-8.443718396813,
    33.897590813694));
#1327 = CARTESIAN_POINT('',(-11.44004609986,-8.47154149187,
    33.923130743987));
#1328 = CARTESIAN_POINT('',(-11.36137547955,-8.490464518988,
    33.949538030586));
#1329 = CARTESIAN_POINT('',(-11.28086132179,-8.5,33.976306682469));
#1330 = CARTESIAN_POINT('',(-11.2,-8.5,34.002941049268));
#1331 = PCURVE('',#639,#1332);
#1332 = DEFINITIONAL_REPRESENTATION('',(#1333),#1348);
#1333 = B_SPLINE_CURVE_WITH_KNOTS('',7,(#1334,#1335,#1336,#1337,#1338,
    #1339,#1340,#1341,#1342,#1343,#1344,#1345,#1346,#1347),
  .UNSPECIFIED.,.F.,.F.,(8,6,8),(0.,0.580286573198,1.),.UNSPECIFIED.);
#1334 = CARTESIAN_POINT('',(0.845011131877,-7.2));
#1335 = CARTESIAN_POINT('',(0.845011131877,-7.297988396207));
#1336 = CARTESIAN_POINT('',(0.845426280901,-7.396203565385));
#1337 = CARTESIAN_POINT('',(0.846260034685,-7.492592760766));
#1338 = CARTESIAN_POINT('',(0.84750909001,-7.585053978036));
#1339 = CARTESIAN_POINT('',(0.849162702183,-7.671405535576));
#1340 = CARTESIAN_POINT('',(0.851202172217,-7.749361236635));
#1341 = CARTESIAN_POINT('',(0.855330675334,-7.864906487348));
#1342 = CARTESIAN_POINT('',(0.857253657335,-7.907803875665));
#1343 = CARTESIAN_POINT('',(0.859343214485,-7.943718396813));
#1344 = CARTESIAN_POINT('',(0.861566509722,-7.97154149187));
#1345 = CARTESIAN_POINT('',(0.863884494494,-7.990464518988));
#1346 = CARTESIAN_POINT('',(0.86625452595,-8.));
#1347 = CARTESIAN_POINT('',(0.868632594414,-8.));
#1348 = ( GEOMETRIC_REPRESENTATION_CONTEXT(2) 
PARAMETRIC_REPRESENTATION_CONTEXT() REPRESENTATION_CONTEXT('2D SPACE',''
  ) );
#1349 = PCURVE('',#1350,#1355);
#1350 = CYLINDRICAL_SURFACE('',#1351,0.8);
#1351 = AXIS2_PLACEMENT_3D('',#1352,#1353,#1354);
#1352 = CARTESIAN_POINT('',(-11.2,-7.7,32.8));
#1353 = DIRECTION('',(0.,0.,1.));
#1354 = DIRECTION('',(-1.,-0.,0.));
#1355 = DEFINITIONAL_REPRESENTATION('',(#1356),#1371);
#1356 = B_SPLINE_CURVE_WITH_KNOTS('',7,(#1357,#1358,#1359,#1360,#1361,
    #1362,#1363,#1364,#1365,#1366,#1367,#1368,#1369,#1370),
  .UNSPECIFIED.,.F.,.F.,(8,6,8),(0.,0.580286573198,1.),.UNSPECIFIED.);
#1357 = CARTESIAN_POINT('',(0.,0.928919342309));
#1358 = CARTESIAN_POINT('',(0.122485495259,0.928919342309));
#1359 = CARTESIAN_POINT('',(0.245254304177,0.933901127904));
#1360 = CARTESIAN_POINT('',(0.368742971565,0.943906186709));
#1361 = CARTESIAN_POINT('',(0.493384577935,0.95885819515));
#1362 = CARTESIAN_POINT('',(0.619669129745,0.97855341032));
#1363 = CARTESIAN_POINT('',(0.748160937217,1.002662014287));
#1364 = CARTESIAN_POINT('',(0.974747268629,1.051006534743));
#1365 = CARTESIAN_POINT('',(1.071624122511,1.073405971755));
#1366 = CARTESIAN_POINT('',(1.169826394265,1.097590813694));
#1367 = CARTESIAN_POINT('',(1.269051013366,1.123130743987));
#1368 = CARTESIAN_POINT('',(1.369077366616,1.149538030586));
#1369 = CARTESIAN_POINT('',(1.469719674546,1.176306682469));
#1370 = CARTESIAN_POINT('',(1.570796326795,1.202941049268));
#1371 = ( GEOMETRIC_REPRESENTATION_CONTEXT(2) 
PARAMETRIC_REPRESENTATION_CONTEXT() REPRESENTATION_CONTEXT('2D SPACE',''
  ) );
#1372 = ORIENTED_EDGE('',*,*,#1373,.T.);
#1373 = EDGE_CURVE('',#1313,#623,#1374,.T.);
#1374 = SURFACE_CURVE('',#1375,(#1379,#1385),.PCURVE_S1.);
#1375 = LINE('',#1376,#1377);
#1376 = CARTESIAN_POINT('',(-12.,-0.5,33.728919342309));
#1377 = VECTOR('',#1378,1.);
#1378 = DIRECTION('',(-0.,1.,0.));
#1379 = PCURVE('',#639,#1380);
#1380 = DEFINITIONAL_REPRESENTATION('',(#1381),#1384);
#1381 = B_SPLINE_CURVE_WITH_KNOTS('',1,(#1382,#1383),.UNSPECIFIED.,.F.,
  .F.,(2,2),(-8.24,6.000000000173E-07),.PIECEWISE_BEZIER_KNOTS.);
#1382 = CARTESIAN_POINT('',(0.845011131877,-8.24));
#1383 = CARTESIAN_POINT('',(0.845011131877,6.000000000173E-07));
#1384 = ( GEOMETRIC_REPRESENTATION_CONTEXT(2) 
PARAMETRIC_REPRESENTATION_CONTEXT() REPRESENTATION_CONTEXT('2D SPACE',''
  ) );
#1385 = PCURVE('',#666,#1386);
#1386 = DEFINITIONAL_REPRESENTATION('',(#1387),#1391);
#1387 = LINE('',#1388,#1389);
#1388 = CARTESIAN_POINT('',(0.928919342309,-8.));
#1389 = VECTOR('',#1390,1.);
#1390 = DIRECTION('',(0.,-1.));
#1391 = ( GEOMETRIC_REPRESENTATION_CONTEXT(2) 
PARAMETRIC_REPRESENTATION_CONTEXT() REPRESENTATION_CONTEXT('2D SPACE',''
  ) );
#1392 = FACE_BOUND('',#1393,.T.);
#1393 = EDGE_LOOP('',(#1394));
#1394 = ORIENTED_EDGE('',*,*,#1395,.F.);
#1395 = EDGE_CURVE('',#1396,#1396,#1398,.T.);
#1396 = VERTEX_POINT('',#1397);
#1397 = CARTESIAN_POINT('',(-32.39465973271,-4.5,15.238963901849));
#1398 = SURFACE_CURVE('',#1399,(#1451,#1506),.PCURVE_S1.);
#1399 = B_SPLINE_CURVE_WITH_KNOTS('',8,(#1400,#1401,#1402,#1403,#1404,
    #1405,#1406,#1407,#1408,#1409,#1410,#1411,#1412,#1413,#1414,#1415,
    #1416,#1417,#1418,#1419,#1420,#1421,#1422,#1423,#1424,#1425,#1426,
    #1427,#1428,#1429,#1430,#1431,#1432,#1433,#1434,#1435,#1436,#1437,
    #1438,#1439,#1440,#1441,#1442,#1443,#1444,#1445,#1446,#1447,#1448,
    #1449,#1450),.UNSPECIFIED.,.T.,.F.,(9,7,7,7,7,7,7,9),(0.,
    0.116305407388,0.220371515629,0.395456144314,0.531200499455,
    0.666437180717,0.811954487462,1.),.UNSPECIFIED.);
#1400 = CARTESIAN_POINT('',(-32.39465973271,-4.5,15.238963901849));
#1401 = CARTESIAN_POINT('',(-32.39465973271,-4.7466843904,
    15.238963901849));
#1402 = CARTESIAN_POINT('',(-32.3847571318,-4.993183258093,
    15.260014614623));
#1403 = CARTESIAN_POINT('',(-32.36497697679,-5.238319019177,
    15.302062927364));
#1404 = CARTESIAN_POINT('',(-32.33511062502,-5.480825805598,
    15.365353161798));
#1405 = CARTESIAN_POINT('',(-32.29474197513,-5.719215607264,
    15.450375000382));
#1406 = CARTESIAN_POINT('',(-32.24326019512,-5.951623804766,
    15.557798515682));
#1407 = CARTESIAN_POINT('',(-32.1798703274,-6.175618890143,
    15.688391852723));
#1408 = CARTESIAN_POINT('',(-32.03538083173,-6.577957799307,
    15.981181043002));
#1409 = CARTESIAN_POINT('',(-31.95604700895,-6.760852223711,
    16.140225850189));
#1410 = CARTESIAN_POINT('',(-31.86509866972,-6.932273117275,
    16.320174416882));
#1411 = CARTESIAN_POINT('',(-31.76224908912,-7.08782755395,
    16.520473827344));
#1412 = CARTESIAN_POINT('',(-31.64744616018,-7.223115962943,
    16.739932740231));
#1413 = CARTESIAN_POINT('',(-31.52092048139,-7.333730497437,
    16.976745756125));
#1414 = CARTESIAN_POINT('',(-31.38328488562,-7.415227534622,
    17.22848426323));
#1415 = CARTESIAN_POINT('',(-30.9873899956,-7.543548560747,
    17.935437691355));
#1416 = CARTESIAN_POINT('',(-30.73306603558,-7.521574742194,
    18.372712458647));
#1417 = CARTESIAN_POINT('',(-30.48369195485,-7.406328260529,
    18.784554861229));
#1418 = CARTESIAN_POINT('',(-30.24993334762,-7.210629591903,
    19.156302414252));
#1419 = CARTESIAN_POINT('',(-30.04164276681,-6.950909255051,
    19.477537771849));
#1420 = CARTESIAN_POINT('',(-29.86642153962,-6.647005726739,
    19.7420145177));
#1421 = CARTESIAN_POINT('',(-29.72745189153,-6.32157979805,
    19.948765819864));
#1422 = CARTESIAN_POINT('',(-29.54187588104,-5.750676900418,
    20.22222539201));
#1423 = CARTESIAN_POINT('',(-29.47767718577,-5.491806266342,
    20.31564257062));
#1424 = CARTESIAN_POINT('',(-29.42999550286,-5.226564248304,
    20.384426114111));
#1425 = CARTESIAN_POINT('',(-29.39851706085,-4.957334077322,
    20.429600077224));
#1426 = CARTESIAN_POINT('',(-29.38301149857,-4.686010930102,
    20.451815808516));
#1427 = CARTESIAN_POINT('',(-29.3833805911,-4.414255125379,
    20.451328193603));
#1428 = CARTESIAN_POINT('',(-29.39968665086,-4.14371801428,
    20.427963150789));
#1429 = CARTESIAN_POINT('',(-29.46451232468,-3.609812095637,
    20.334348842186));
#1430 = CARTESIAN_POINT('',(-29.512881654,-3.346667032899,
    20.264317640886));
#1431 = CARTESIAN_POINT('',(-29.57746159239,-3.088540612509,
    20.170381773453));
#1432 = CARTESIAN_POINT('',(-29.65862428287,-2.837653137036,
    20.051453296731));
#1433 = CARTESIAN_POINT('',(-29.75678030775,-2.597016991062,
    19.906131617001));
#1434 = CARTESIAN_POINT('',(-29.87223000838,-2.370648754635,
    19.732821166223));
#1435 = CARTESIAN_POINT('',(-30.0049731137,-2.163886537773,
    19.52993825273));
#1436 = CARTESIAN_POINT('',(-30.31527625173,-1.790414279389,
    19.045027215715));
#1437 = CARTESIAN_POINT('',(-30.50143166785,-1.62077463176,
    18.748848904617));
#1438 = CARTESIAN_POINT('',(-30.70595686611,-1.498704965899,
    18.41550816564));
#1439 = CARTESIAN_POINT('',(-30.91903082095,-1.439178402307,
    18.057424654494));
#1440 = CARTESIAN_POINT('',(-31.12955237452,-1.448655927861,
    17.690816914156));
#1441 = CARTESIAN_POINT('',(-31.32800891003,-1.525084476331,
    17.333398429238));
#1442 = CARTESIAN_POINT('',(-31.50711306495,-1.65772642915,
    17.00153903575));
#1443 = CARTESIAN_POINT('',(-31.86272803299,-2.045699805689,
    16.327617534049));
#1444 = CARTESIAN_POINT('',(-32.02587838613,-2.328501427562,
    16.005809709843));
#1445 = CARTESIAN_POINT('',(-32.15463358906,-2.652123800915,
    15.743645426923));
#1446 = CARTESIAN_POINT('',(-32.2530857448,-3.001764680392,
    15.538814040119));
#1447 = CARTESIAN_POINT('',(-32.32445298889,-3.367105355119,
    15.388203192454));
#1448 = CARTESIAN_POINT('',(-32.37119442475,-3.741428997717,
    15.288846920017));
#1449 = CARTESIAN_POINT('',(-32.39465973271,-4.120262619762,
    15.238963901849));
#1450 = CARTESIAN_POINT('',(-32.39465973271,-4.5,15.238963901849));
#1451 = PCURVE('',#639,#1452);
#1452 = DEFINITIONAL_REPRESENTATION('',(#1453),#1505);
#1453 = B_SPLINE_CURVE_WITH_KNOTS('',8,(#1454,#1455,#1456,#1457,#1458,
    #1459,#1460,#1461,#1462,#1463,#1464,#1465,#1466,#1467,#1468,#1469,
    #1470,#1471,#1472,#1473,#1474,#1475,#1476,#1477,#1478,#1479,#1480,
    #1481,#1482,#1483,#1484,#1485,#1486,#1487,#1488,#1489,#1490,#1491,
    #1492,#1493,#1494,#1495,#1496,#1497,#1498,#1499,#1500,#1501,#1502,
    #1503,#1504),.UNSPECIFIED.,.F.,.F.,(9,7,7,7,7,7,7,9),(0.,
    0.116305407388,0.220371515629,0.395456144314,0.531200499455,
    0.666437180717,0.811954487462,1.),.UNSPECIFIED.);
#1454 = CARTESIAN_POINT('',(5.572907009874E-02,-4.));
#1455 = CARTESIAN_POINT('',(5.572907009874E-02,-4.2466843904));
#1456 = CARTESIAN_POINT('',(5.637889059092E-02,-4.493183258093));
#1457 = CARTESIAN_POINT('',(5.76768918778E-02,-4.738319019177));
#1458 = CARTESIAN_POINT('',(5.963172853626E-02,-4.980825805598));
#1459 = CARTESIAN_POINT('',(6.226072820709E-02,-5.219215607264));
#1460 = CARTESIAN_POINT('',(6.558812273043E-02,-5.451623804766));
#1461 = CARTESIAN_POINT('',(6.964292633967E-02,-5.675618890143));
#1462 = CARTESIAN_POINT('',(7.876305836055E-02,-6.077957799307));
#1463 = CARTESIAN_POINT('',(8.372762903715E-02,-6.260852223711));
#1464 = CARTESIAN_POINT('',(8.935950789437E-02,-6.432273117275));
#1465 = CARTESIAN_POINT('',(9.564867046253E-02,-6.58782755395));
#1466 = CARTESIAN_POINT('',(0.102566457432,-6.723115962943));
#1467 = CARTESIAN_POINT('',(0.110065743224,-6.833730497437));
#1468 = CARTESIAN_POINT('',(0.118079502179,-6.915227534622));
#1469 = CARTESIAN_POINT('',(0.140712370784,-7.043548560747));
#1470 = CARTESIAN_POINT('',(0.15484054198,-7.021574742194));
#1471 = CARTESIAN_POINT('',(0.168285665228,-6.906328260529));
#1472 = CARTESIAN_POINT('',(0.180549101504,-6.710629591903));
#1473 = CARTESIAN_POINT('',(0.191242314842,-6.450909255051));
#1474 = CARTESIAN_POINT('',(0.200103817612,-6.147005726739));
#1475 = CARTESIAN_POINT('',(0.207062293685,-5.82157979805));
#1476 = CARTESIAN_POINT('',(0.21629364465,-5.250676900418));
#1477 = CARTESIAN_POINT('',(0.219459793908,-4.991806266342));
#1478 = CARTESIAN_POINT('',(0.221797604354,-4.726564248304));
#1479 = CARTESIAN_POINT('',(0.223335591037,-4.457334077322));
#1480 = CARTESIAN_POINT('',(0.224092343111,-4.186010930102));
#1481 = CARTESIAN_POINT('',(0.224075270825,-3.914255125379));
#1482 = CARTESIAN_POINT('',(0.223279400736,-3.64371801428));
#1483 = CARTESIAN_POINT('',(0.220098719878,-3.109812095637));
#1484 = CARTESIAN_POINT('',(0.217721306,-2.846667032899));
#1485 = CARTESIAN_POINT('',(0.21453714409,-2.588540612509));
#1486 = CARTESIAN_POINT('',(0.210515294432,-2.337653137036));
#1487 = CARTESIAN_POINT('',(0.205616956646,-2.097016991062));
#1488 = CARTESIAN_POINT('',(0.199800385721,-1.870648754635));
#1489 = CARTESIAN_POINT('',(0.193028375198,-1.663886537773));
#1490 = CARTESIAN_POINT('',(0.176947460313,-1.290414279389));
#1491 = CARTESIAN_POINT('',(0.167176225498,-1.12077463176));
#1492 = CARTESIAN_POINT('',(0.156253128041,-0.998704965899));
#1493 = CARTESIAN_POINT('',(0.144616287506,-0.939178402307));
#1494 = CARTESIAN_POINT('',(0.132810157482,-0.948655927861));
#1495 = CARTESIAN_POINT('',(0.121391964179,-1.025084476331));
#1496 = CARTESIAN_POINT('',(0.110858744413,-1.15772642915));
#1497 = CARTESIAN_POINT('',(8.95740445664E-02,-1.545699805689));
#1498 = CARTESIAN_POINT('',(7.949711324869E-02,-1.828501427562));
#1499 = CARTESIAN_POINT('',(7.133937332492E-02,-2.152123800915));
#1500 = CARTESIAN_POINT('',(6.499138546692E-02,-2.501764680392));
#1501 = CARTESIAN_POINT('',(6.033601629306E-02,-2.867105355119));
#1502 = CARTESIAN_POINT('',(5.726891569969E-02,-3.241428997717));
#1503 = CARTESIAN_POINT('',(5.572907009874E-02,-3.620262619762));
#1504 = CARTESIAN_POINT('',(5.572907009874E-02,-4.));
#1505 = ( GEOMETRIC_REPRESENTATION_CONTEXT(2) 
PARAMETRIC_REPRESENTATION_CONTEXT() REPRESENTATION_CONTEXT('2D SPACE',''
  ) );
#1506 = PCURVE('',#1507,#1512);
#1507 = CYLINDRICAL_SURFACE('',#1508,3.);
#1508 = AXIS2_PLACEMENT_3D('',#1509,#1510,#1511);
#1509 = CARTESIAN_POINT('',(-29.79127389018,-4.5,17.2));
#1510 = DIRECTION('',(-0.866025403784,0.,0.5));
#1511 = DIRECTION('',(-0.5,0.,-0.866025403784));
#1512 = DEFINITIONAL_REPRESENTATION('',(#1513),#1565);
#1513 = B_SPLINE_CURVE_WITH_KNOTS('',8,(#1514,#1515,#1516,#1517,#1518,
    #1519,#1520,#1521,#1522,#1523,#1524,#1525,#1526,#1527,#1528,#1529,
    #1530,#1531,#1532,#1533,#1534,#1535,#1536,#1537,#1538,#1539,#1540,
    #1541,#1542,#1543,#1544,#1545,#1546,#1547,#1548,#1549,#1550,#1551,
    #1552,#1553,#1554,#1555,#1556,#1557,#1558,#1559,#1560,#1561,#1562,
    #1563,#1564),.UNSPECIFIED.,.F.,.F.,(9,7,7,7,7,7,7,9),(0.,
    0.116305407388,0.220371515629,0.395456144314,0.531200499455,
    0.666437180717,0.811954487462,1.),.UNSPECIFIED.);
#1514 = CARTESIAN_POINT('',(0.,1.274080226405));
#1515 = CARTESIAN_POINT('',(8.222813013328E-02,1.274080226405));
#1516 = CARTESIAN_POINT('',(0.164394324557,1.27602967884));
#1517 = CARTESIAN_POINT('',(0.246953790817,1.279923718484));
#1518 = CARTESIAN_POINT('',(0.33032531136,1.285703816351));
#1519 = CARTESIAN_POINT('',(0.414930131542,1.293254459321));
#1520 = CARTESIAN_POINT('',(0.501201360641,1.302381687653));
#1521 = CARTESIAN_POINT('',(0.589600586977,1.312781120387));
#1522 = CARTESIAN_POINT('',(0.762171733676,1.334044141691));
#1523 = CARTESIAN_POINT('',(0.846764771361,1.344861439382));
#1524 = CARTESIAN_POINT('',(0.934226631261,1.356072150522));
#1525 = CARTESIAN_POINT('',(1.024435629895,1.367151506181));
#1526 = CARTESIAN_POINT('',(1.117371442964,1.377458709737));
#1527 = CARTESIAN_POINT('',(1.213101180544,1.386290765618));
#1528 = CARTESIAN_POINT('',(1.311783727807,1.392964096772));
#1529 = CARTESIAN_POINT('',(1.585212446752,1.403585778849));
#1530 = CARTESIAN_POINT('',(1.750609214674,1.401972152321));
#1531 = CARTESIAN_POINT('',(1.910755906823,1.391929064655));
#1532 = CARTESIAN_POINT('',(2.065802139798,1.375361948953));
#1533 = CARTESIAN_POINT('',(2.215463155039,1.355594693403));
#1534 = CARTESIAN_POINT('',(2.358851563917,1.336087032299));
#1535 = CARTESIAN_POINT('',(2.494217756011,1.319111437778));
#1536 = CARTESIAN_POINT('',(2.713958383764,1.295127684439));
#1537 = CARTESIAN_POINT('',(2.807521435269,1.286238572748));
#1538 = CARTESIAN_POINT('',(2.899338137166,1.279336795801));
#1539 = CARTESIAN_POINT('',(2.989959653556,1.274662646899));
#1540 = CARTESIAN_POINT('',(3.079911940322,1.272342301711));
#1541 = CARTESIAN_POINT('',(3.169713750514,1.272418137761));
#1542 = CARTESIAN_POINT('',(3.259889447899,1.274857078342));
#1543 = CARTESIAN_POINT('',(3.441834012722,1.284190604392));
#1544 = CARTESIAN_POINT('',(3.533511220948,1.291064071696));
#1545 = CARTESIAN_POINT('',(3.626690919784,1.3000240052));
#1546 = CARTESIAN_POINT('',(3.721956021562,1.310848718629));
#1547 = CARTESIAN_POINT('',(3.819892762758,1.323193489852));
#1548 = CARTESIAN_POINT('',(3.921117261615,1.336520638066));
#1549 = CARTESIAN_POINT('',(4.026327898496,1.350038082706));
#1550 = CARTESIAN_POINT('',(4.25490268802,1.376312964601));
#1551 = CARTESIAN_POINT('',(4.383427576098,1.389439128468));
#1552 = CARTESIAN_POINT('',(4.517406756503,1.399892776383));
#1553 = CARTESIAN_POINT('',(4.654120828438,1.405378478592));
#1554 = CARTESIAN_POINT('',(4.791440409985,1.404391621858));
#1555 = CARTESIAN_POINT('',(4.927327574605,1.397550780697));
#1556 = CARTESIAN_POINT('',(5.059356556753,1.386729832037));
#1557 = CARTESIAN_POINT('',(5.344218153902,1.357740677476));
#1558 = CARTESIAN_POINT('',(5.494016583562,1.338129115826));
#1559 = CARTESIAN_POINT('',(5.635844421553,1.31855225097));
#1560 = CARTESIAN_POINT('',(5.771462011544,1.301398625497));
#1561 = CARTESIAN_POINT('',(5.902467981915,1.287899048046));
#1562 = CARTESIAN_POINT('',(6.030327316821,1.278700182692));
#1563 = CARTESIAN_POINT('',(6.156606180434,1.274080226405));
#1564 = CARTESIAN_POINT('',(6.28318530718,1.274080226405));
#1565 = ( GEOMETRIC_REPRESENTATION_CONTEXT(2) 
PARAMETRIC_REPRESENTATION_CONTEXT() REPRESENTATION_CONTEXT('2D SPACE',''
  ) );
#1566 = FACE_BOUND('',#1567,.T.);
#1567 = EDGE_LOOP('',(#1568));
#1568 = ORIENTED_EDGE('',*,*,#1569,.F.);
#1569 = EDGE_CURVE('',#1570,#1570,#1572,.T.);
#1570 = VERTEX_POINT('',#1571);
#1571 = CARTESIAN_POINT('',(29.394659732711,-4.5,20.435116324556));
#1572 = SURFACE_CURVE('',#1573,(#1632,#1694),.PCURVE_S1.);
#1573 = B_SPLINE_CURVE_WITH_KNOTS('',8,(#1574,#1575,#1576,#1577,#1578,
    #1579,#1580,#1581,#1582,#1583,#1584,#1585,#1586,#1587,#1588,#1589,
    #1590,#1591,#1592,#1593,#1594,#1595,#1596,#1597,#1598,#1599,#1600,
    #1601,#1602,#1603,#1604,#1605,#1606,#1607,#1608,#1609,#1610,#1611,
    #1612,#1613,#1614,#1615,#1616,#1617,#1618,#1619,#1620,#1621,#1622,
    #1623,#1624,#1625,#1626,#1627,#1628,#1629,#1630,#1631),
  .UNSPECIFIED.,.T.,.F.,(9,7,7,7,7,7,7,7,9),(0.,0.10889146203,
    0.214965346609,0.30293596741,0.409408244035,0.542019794825,
    0.67413538727,0.816294339842,1.),.UNSPECIFIED.);
#1574 = CARTESIAN_POINT('',(29.394659732711,-4.5,20.435116324556));
#1575 = CARTESIAN_POINT('',(29.394659732711,-4.735619789444,
    20.435116324556));
#1576 = CARTESIAN_POINT('',(29.406774182996,-4.971242887987,
    20.417690269348));
#1577 = CARTESIAN_POINT('',(29.431005529398,-5.204647523604,
    20.382835380167));
#1578 = CARTESIAN_POINT('',(29.467128753071,-5.43361709501,
    20.330750684113));
#1579 = CARTESIAN_POINT('',(29.514702543533,-5.655986586532,
    20.261824534276));
#1580 = CARTESIAN_POINT('',(29.573085792794,-5.869680512812,
    20.176630930463));
#1581 = CARTESIAN_POINT('',(29.641459410586,-6.072742393347,
    20.075934640545));
#1582 = CARTESIAN_POINT('',(29.794244931965,-6.449036980596,
    19.848457179557));
#1583 = CARTESIAN_POINT('',(29.880472882395,-6.628514765913,
    19.719028294805));
#1584 = CARTESIAN_POINT('',(29.97756370228,-6.798909196268,
    19.571829178224));
#1585 = CARTESIAN_POINT('',(30.085284165818,-6.957126449361,
    19.406518767748));
#1586 = CARTESIAN_POINT('',(30.203135200074,-7.099850187568,
    19.223024731614));
#1587 = CARTESIAN_POINT('',(30.330338862137,-7.223513951571,
    19.021595027393));
#1588 = CARTESIAN_POINT('',(30.465820482243,-7.324245930117,
    18.802902064034));
#1589 = CARTESIAN_POINT('',(30.726258018047,-7.458759651979,
    18.373592167607));
#1590 = CARTESIAN_POINT('',(30.845739598427,-7.499316082192,
    18.173447054367));
#1591 = CARTESIAN_POINT('',(30.965394472679,-7.518866811373,
    17.969559610796));
#1592 = CARTESIAN_POINT('',(31.084027440354,-7.517112200961,
    17.763792271174));
#1593 = CARTESIAN_POINT('',(31.200514409622,-7.494030425155,
    17.558074357332));
#1594 = CARTESIAN_POINT('',(31.313822025671,-7.449875781385,
    17.354373307203));
#1595 = CARTESIAN_POINT('',(31.423018817557,-7.385177818044,
    17.154658741494));
#1596 = CARTESIAN_POINT('',(31.653464286654,-7.198546360231,
    16.726300827618));
#1597 = CARTESIAN_POINT('',(31.767710675962,-7.071249397611,
    16.509156516289));
#1598 = CARTESIAN_POINT('',(31.870118510797,-6.92354420577,
    16.310556934925));
#1599 = CARTESIAN_POINT('',(31.961072357975,-6.759404483531,
    16.131052587262));
#1600 = CARTESIAN_POINT('',(32.041082551525,-6.582236702458,
    15.970779780692));
#1601 = CARTESIAN_POINT('',(32.110702732893,-6.394981873541,
    15.829582097975));
#1602 = CARTESIAN_POINT('',(32.170492613691,-6.200178622039,
    15.70709498517));
#1603 = CARTESIAN_POINT('',(32.283898849817,-5.750676905341,
    15.472902294993));
#1604 = CARTESIAN_POINT('',(32.332701155823,-5.491806258167,
    15.370595996797));
#1605 = CARTESIAN_POINT('',(32.368428606144,-5.226564247786,
    15.294910685174));
#1606 = CARTESIAN_POINT('',(32.391811185863,-4.957334085297,
    15.245062570895));
#1607 = CARTESIAN_POINT('',(32.40329779467,-4.686010930617,
    15.220526489692));
#1608 = CARTESIAN_POINT('',(32.403060051057,-4.414255116467,
    15.221089946851));
#1609 = CARTESIAN_POINT('',(32.390978362047,-4.14371801934,
    15.246893926577));
#1610 = CARTESIAN_POINT('',(32.342318828801,-3.609812092455,
    15.34984176282));
#1611 = CARTESIAN_POINT('',(32.305854696216,-3.346667041963,
    15.426746427085));
#1612 = CARTESIAN_POINT('',(32.256793812932,-3.088540603344,
    15.529642237895));
#1613 = CARTESIAN_POINT('',(32.194380080087,-2.837653136371,
    15.659395420223));
#1614 = CARTESIAN_POINT('',(32.117605828341,-2.597017000272,
    15.817061866788));
#1615 = CARTESIAN_POINT('',(32.025239418686,-2.370648747044,
    16.003699479242));
#1616 = CARTESIAN_POINT('',(31.915909219614,-2.163886539965,
    16.220099826976));
#1617 = CARTESIAN_POINT('',(31.651115510442,-1.790414279389,
    16.731285748886));
#1618 = CARTESIAN_POINT('',(31.487695277042,-1.620774631758,
    17.040590223853));
#1619 = CARTESIAN_POINT('',(31.3012763281,-1.498704965905,
    17.384384610742));
#1620 = CARTESIAN_POINT('',(31.097703888197,-1.439178402298,
    17.747953824096));
#1621 = CARTESIAN_POINT('',(30.885473048619,-1.448655927868,
    18.113574707707));
#1622 = CARTESIAN_POINT('',(30.675167828659,-1.525084476328,
    18.464152351455));
#1623 = CARTESIAN_POINT('',(30.47732124087,-1.657726429151,
    18.785190796289));
#1624 = CARTESIAN_POINT('',(30.07149558596,-2.045699804065,
    19.430123140729));
#1625 = CARTESIAN_POINT('',(29.874377003564,-2.32850143638,
    19.732319416025));
#1626 = CARTESIAN_POINT('',(29.711713693753,-2.652123779613,
    19.974906806285));
#1627 = CARTESIAN_POINT('',(29.583550564466,-3.001764709498,
    20.162584603104));
#1628 = CARTESIAN_POINT('',(29.488801384074,-3.36710533128,
    20.299695845698));
#1629 = CARTESIAN_POINT('',(29.426127038057,-3.741429009037,
    20.389853265199));
#1630 = CARTESIAN_POINT('',(29.394659732711,-4.120262617193,
    20.435116324556));
#1631 = CARTESIAN_POINT('',(29.394659732711,-4.5,20.435116324556));
#1632 = PCURVE('',#639,#1633);
#1633 = DEFINITIONAL_REPRESENTATION('',(#1634),#1693);
#1634 = B_SPLINE_CURVE_WITH_KNOTS('',8,(#1635,#1636,#1637,#1638,#1639,
    #1640,#1641,#1642,#1643,#1644,#1645,#1646,#1647,#1648,#1649,#1650,
    #1651,#1652,#1653,#1654,#1655,#1656,#1657,#1658,#1659,#1660,#1661,
    #1662,#1663,#1664,#1665,#1666,#1667,#1668,#1669,#1670,#1671,#1672,
    #1673,#1674,#1675,#1676,#1677,#1678,#1679,#1680,#1681,#1682,#1683,
    #1684,#1685,#1686,#1687,#1688,#1689,#1690,#1691,#1692),
  .UNSPECIFIED.,.F.,.F.,(9,7,7,7,7,7,7,7,9),(0.,0.10889146203,
    0.214965346609,0.30293596741,0.409408244035,0.542019794825,
    0.67413538727,0.816294339842,1.),.UNSPECIFIED.);
#1635 = CARTESIAN_POINT('',(2.150124172492,-4.));
#1636 = CARTESIAN_POINT('',(2.150124172492,-4.235619789444));
#1637 = CARTESIAN_POINT('',(2.150717000553,-4.471242887987));
#1638 = CARTESIAN_POINT('',(2.151902762912,-4.704647523604));
#1639 = CARTESIAN_POINT('',(2.153673301557,-4.93361709501));
#1640 = CARTESIAN_POINT('',(2.156012674597,-5.155986586532));
#1641 = CARTESIAN_POINT('',(2.158897528477,-5.369680512812));
#1642 = CARTESIAN_POINT('',(2.162297362047,-5.572742393347));
#1643 = CARTESIAN_POINT('',(2.169951676884,-5.949036980596));
#1644 = CARTESIAN_POINT('',(2.174295836799,-6.128514765913));
#1645 = CARTESIAN_POINT('',(2.179221318169,-6.298909196268));
#1646 = CARTESIAN_POINT('',(2.184732587554,-6.457126449361));
#1647 = CARTESIAN_POINT('',(2.190823906199,-6.599850187568));
#1648 = CARTESIAN_POINT('',(2.197478056883,-6.723513951571));
#1649 = CARTESIAN_POINT('',(2.204663731213,-6.824245930117));
#1650 = CARTESIAN_POINT('',(2.218689713326,-6.958759651979));
#1651 = CARTESIAN_POINT('',(2.225200622211,-6.999316082192));
#1652 = CARTESIAN_POINT('',(2.231803803454,-7.018866811373));
#1653 = CARTESIAN_POINT('',(2.238437942877,-7.017112200961));
#1654 = CARTESIAN_POINT('',(2.245041153493,-6.994030425155));
#1655 = CARTESIAN_POINT('',(2.251551861365,-6.949875781385));
#1656 = CARTESIAN_POINT('',(2.257909754101,-6.885177818044));
#1657 = CARTESIAN_POINT('',(2.27149665227,-6.698546360231));
#1658 = CARTESIAN_POINT('',(2.278350125565,-6.571249397611));
#1659 = CARTESIAN_POINT('',(2.284591375352,-6.42354420577));
#1660 = CARTESIAN_POINT('',(2.290212154226,-6.259404483531));
#1661 = CARTESIAN_POINT('',(2.295215768744,-6.082236702458));
#1662 = CARTESIAN_POINT('',(2.29961315349,-5.894981873541));
#1663 = CARTESIAN_POINT('',(2.303420421433,-5.700178622039));
#1664 = CARTESIAN_POINT('',(2.310688746963,-5.250676905341));
#1665 = CARTESIAN_POINT('',(2.313854896466,-4.991806258167));
#1666 = CARTESIAN_POINT('',(2.316192706639,-4.726564247786));
#1667 = CARTESIAN_POINT('',(2.317730693393,-4.457334085297));
#1668 = CARTESIAN_POINT('',(2.318487445613,-4.186010930617));
#1669 = CARTESIAN_POINT('',(2.318470373134,-3.914255116467));
#1670 = CARTESIAN_POINT('',(2.317674503159,-3.64371801934));
#1671 = CARTESIAN_POINT('',(2.314493822252,-3.109812092455));
#1672 = CARTESIAN_POINT('',(2.312116408509,-2.846667041963));
#1673 = CARTESIAN_POINT('',(2.308932246291,-2.588540603344));
#1674 = CARTESIAN_POINT('',(2.304910396878,-2.337653136371));
#1675 = CARTESIAN_POINT('',(2.300012059229,-2.097017000272));
#1676 = CARTESIAN_POINT('',(2.294195487882,-1.870648747044));
#1677 = CARTESIAN_POINT('',(2.287423477686,-1.663886539965));
#1678 = CARTESIAN_POINT('',(2.271342562706,-1.290414279389));
#1679 = CARTESIAN_POINT('',(2.261571327891,-1.120774631758));
#1680 = CARTESIAN_POINT('',(2.250648230435,-0.998704965905));
#1681 = CARTESIAN_POINT('',(2.239011389899,-0.939178402298));
#1682 = CARTESIAN_POINT('',(2.227205259875,-0.948655927868));
#1683 = CARTESIAN_POINT('',(2.215787066572,-1.025084476328));
#1684 = CARTESIAN_POINT('',(2.205253846806,-1.157726429151));
#1685 = CARTESIAN_POINT('',(2.183969147049,-1.545699804065));
#1686 = CARTESIAN_POINT('',(2.17389221531,-1.82850143638));
#1687 = CARTESIAN_POINT('',(2.165734476307,-2.152123779613));
#1688 = CARTESIAN_POINT('',(2.159386487272,-2.501764709498));
#1689 = CARTESIAN_POINT('',(2.154731119015,-2.86710533128));
#1690 = CARTESIAN_POINT('',(2.151664018009,-3.241429009037));
#1691 = CARTESIAN_POINT('',(2.150124172492,-3.620262617193));
#1692 = CARTESIAN_POINT('',(2.150124172492,-4.));
#1693 = ( GEOMETRIC_REPRESENTATION_CONTEXT(2) 
PARAMETRIC_REPRESENTATION_CONTEXT() REPRESENTATION_CONTEXT('2D SPACE',''
  ) );
#1694 = PCURVE('',#1695,#1700);
#1695 = CYLINDRICAL_SURFACE('',#1696,3.);
#1696 = AXIS2_PLACEMENT_3D('',#1697,#1698,#1699);
#1697 = CARTESIAN_POINT('',(29.791273890185,-4.5,17.2));
#1698 = DIRECTION('',(0.866025403784,0.,0.5));
#1699 = DIRECTION('',(-0.5,0.,0.866025403784));
#1700 = DEFINITIONAL_REPRESENTATION('',(#1701),#1760);
#1701 = B_SPLINE_CURVE_WITH_KNOTS('',8,(#1702,#1703,#1704,#1705,#1706,
    #1707,#1708,#1709,#1710,#1711,#1712,#1713,#1714,#1715,#1716,#1717,
    #1718,#1719,#1720,#1721,#1722,#1723,#1724,#1725,#1726,#1727,#1728,
    #1729,#1730,#1731,#1732,#1733,#1734,#1735,#1736,#1737,#1738,#1739,
    #1740,#1741,#1742,#1743,#1744,#1745,#1746,#1747,#1748,#1749,#1750,
    #1751,#1752,#1753,#1754,#1755,#1756,#1757,#1758,#1759),
  .UNSPECIFIED.,.F.,.F.,(9,7,7,7,7,7,7,7,9),(0.,0.10889146203,
    0.214965346609,0.30293596741,0.409408244035,0.542019794825,
    0.67413538727,0.816294339842,1.),.UNSPECIFIED.);
#1702 = CARTESIAN_POINT('',(0.,1.274080226405));
#1703 = CARTESIAN_POINT('',(7.853992981455E-02,1.274080226405));
#1704 = CARTESIAN_POINT('',(0.157080837786,1.275858620501));
#1705 = CARTESIAN_POINT('',(0.235620913148,1.279416137463));
#1706 = CARTESIAN_POINT('',(0.31415888486,1.284657418803));
#1707 = CARTESIAN_POINT('',(0.392696466001,1.291394454978));
#1708 = CARTESIAN_POINT('',(0.471237171012,1.299359030088));
#1709 = CARTESIAN_POINT('',(0.549781505804,1.308224175085));
#1710 = CARTESIAN_POINT('',(0.704823402272,1.326801587436));
#1711 = CARTESIAN_POINT('',(0.783632099638,1.336762740648));
#1712 = CARTESIAN_POINT('',(0.86475354009,1.347246298853));
#1713 = CARTESIAN_POINT('',(0.948241814686,1.357879751546));
#1714 = CARTESIAN_POINT('',(1.034206884859,1.368194723007));
#1715 = CARTESIAN_POINT('',(1.12281408352,1.377641473698));
#1716 = CARTESIAN_POINT('',(1.214295576349,1.385625516776));
#1717 = CARTESIAN_POINT('',(1.387535946931,1.396516090667));
#1718 = CARTESIAN_POINT('',(1.466078078636,1.399917617941));
#1719 = CARTESIAN_POINT('',(1.544617863642,1.401598056945));
#1720 = CARTESIAN_POINT('',(1.623155616636,1.401453550866));
#1721 = CARTESIAN_POINT('',(1.70169397103,1.399475268541));
#1722 = CARTESIAN_POINT('',(1.780234930642,1.395752017417));
#1723 = CARTESIAN_POINT('',(1.858777439495,1.390461930348));
#1724 = CARTESIAN_POINT('',(2.032371328169,1.375854603835));
#1725 = CARTESIAN_POINT('',(2.123874914807,1.366222723601));
#1726 = CARTESIAN_POINT('',(2.212284551055,1.355610719433));
#1727 = CARTESIAN_POINT('',(2.297937784212,1.34462688783));
#1728 = CARTESIAN_POINT('',(2.381113229183,1.333781344721));
#1729 = CARTESIAN_POINT('',(2.462048399467,1.323475349044));
#1730 = CARTESIAN_POINT('',(2.540945090445,1.314011348301));
#1731 = CARTESIAN_POINT('',(2.713958381869,1.295127684645));
#1732 = CARTESIAN_POINT('',(2.807521438449,1.286238572312));
#1733 = CARTESIAN_POINT('',(2.899338137132,1.27933679609));
#1734 = CARTESIAN_POINT('',(2.98995965071,1.274662646994));
#1735 = CARTESIAN_POINT('',(3.079911940375,1.272342301422));
#1736 = CARTESIAN_POINT('',(3.16971375345,1.272418137993));
#1737 = CARTESIAN_POINT('',(3.259889446175,1.274857078253));
#1738 = CARTESIAN_POINT('',(3.441834013806,1.284190604448));
#1739 = CARTESIAN_POINT('',(3.53351121745,1.291064071435));
#1740 = CARTESIAN_POINT('',(3.626690923836,1.300024005583));
#1741 = CARTESIAN_POINT('',(3.721956021375,1.310848718558));
#1742 = CARTESIAN_POINT('',(3.819892758714,1.323193489472));
#1743 = CARTESIAN_POINT('',(3.92111726552,1.336520638482));
#1744 = CARTESIAN_POINT('',(4.026327897155,1.350038082551));
#1745 = CARTESIAN_POINT('',(4.254902688019,1.376312964601));
#1746 = CARTESIAN_POINT('',(4.383427576099,1.389439128468));
#1747 = CARTESIAN_POINT('',(4.517406756502,1.399892776382));
#1748 = CARTESIAN_POINT('',(4.654120828437,1.405378478593));
#1749 = CARTESIAN_POINT('',(4.791440409987,1.404391621857));
#1750 = CARTESIAN_POINT('',(4.927327574603,1.397550780698));
#1751 = CARTESIAN_POINT('',(5.059356556754,1.386729832037));
#1752 = CARTESIAN_POINT('',(5.34421815271,1.357740677597));
#1753 = CARTESIAN_POINT('',(5.494016588796,1.338129115332));
#1754 = CARTESIAN_POINT('',(5.635844410581,1.318552251902));
#1755 = CARTESIAN_POINT('',(5.771462024958,1.301398624521));
#1756 = CARTESIAN_POINT('',(5.902467971964,1.287899048611));
#1757 = CARTESIAN_POINT('',(6.030327321093,1.278700182545));
#1758 = CARTESIAN_POINT('',(6.156606179577,1.274080226405));
#1759 = CARTESIAN_POINT('',(6.28318530718,1.274080226405));
#1760 = ( GEOMETRIC_REPRESENTATION_CONTEXT(2) 
PARAMETRIC_REPRESENTATION_CONTEXT() REPRESENTATION_CONTEXT('2D SPACE',''
  ) );
#1761 = ADVANCED_FACE('',(#1762),#666,.F.);
#1762 = FACE_BOUND('',#1763,.F.);
#1763 = EDGE_LOOP('',(#1764,#1794,#1822,#1850,#1878,#1906,#1927,#1928,
    #1929));
#1764 = ORIENTED_EDGE('',*,*,#1765,.F.);
#1765 = EDGE_CURVE('',#1766,#1768,#1770,.T.);
#1766 = VERTEX_POINT('',#1767);
#1767 = CARTESIAN_POINT('',(-12.,2.7,130.45475442551));
#1768 = VERTEX_POINT('',#1769);
#1769 = CARTESIAN_POINT('',(-12.,2.7,32.8));
#1770 = SURFACE_CURVE('',#1771,(#1775,#1782),.PCURVE_S1.);
#1771 = LINE('',#1772,#1773);
#1772 = CARTESIAN_POINT('',(-12.,2.7,130.45475442551));
#1773 = VECTOR('',#1774,1.);
#1774 = DIRECTION('',(0.,0.,-1.));
#1775 = PCURVE('',#666,#1776);
#1776 = DEFINITIONAL_REPRESENTATION('',(#1777),#1781);
#1777 = LINE('',#1778,#1779);
#1778 = CARTESIAN_POINT('',(97.654754425514,-11.2));
#1779 = VECTOR('',#1780,1.);
#1780 = DIRECTION('',(-1.,0.));
#1781 = ( GEOMETRIC_REPRESENTATION_CONTEXT(2) 
PARAMETRIC_REPRESENTATION_CONTEXT() REPRESENTATION_CONTEXT('2D SPACE',''
  ) );
#1782 = PCURVE('',#1783,#1788);
#1783 = CYLINDRICAL_SURFACE('',#1784,0.8);
#1784 = AXIS2_PLACEMENT_3D('',#1785,#1786,#1787);
#1785 = CARTESIAN_POINT('',(-11.2,2.7,32.8));
#1786 = DIRECTION('',(0.,0.,1.));
#1787 = DIRECTION('',(-1.,-0.,0.));
#1788 = DEFINITIONAL_REPRESENTATION('',(#1789),#1793);
#1789 = LINE('',#1790,#1791);
#1790 = CARTESIAN_POINT('',(-0.,97.654754425514));
#1791 = VECTOR('',#1792,1.);
#1792 = DIRECTION('',(-0.,-1.));
#1793 = ( GEOMETRIC_REPRESENTATION_CONTEXT(2) 
PARAMETRIC_REPRESENTATION_CONTEXT() REPRESENTATION_CONTEXT('2D SPACE',''
  ) );
#1794 = ORIENTED_EDGE('',*,*,#1795,.T.);
#1795 = EDGE_CURVE('',#1766,#1796,#1798,.T.);
#1796 = VERTEX_POINT('',#1797);
#1797 = CARTESIAN_POINT('',(-12.,8.946019650563,135.69578721062));
#1798 = SURFACE_CURVE('',#1799,(#1803,#1810),.PCURVE_S1.);
#1799 = LINE('',#1800,#1801);
#1800 = CARTESIAN_POINT('',(-12.,-3.310691439341,125.41118545564));
#1801 = VECTOR('',#1802,1.);
#1802 = DIRECTION('',(0.,0.766044443119,0.642787609687));
#1803 = PCURVE('',#666,#1804);
#1804 = DEFINITIONAL_REPRESENTATION('',(#1805),#1809);
#1805 = LINE('',#1806,#1807);
#1806 = CARTESIAN_POINT('',(92.611185455643,-5.189308560659));
#1807 = VECTOR('',#1808,1.);
#1808 = DIRECTION('',(0.642787609687,-0.766044443119));
#1809 = ( GEOMETRIC_REPRESENTATION_CONTEXT(2) 
PARAMETRIC_REPRESENTATION_CONTEXT() REPRESENTATION_CONTEXT('2D SPACE',''
  ) );
#1810 = PCURVE('',#1811,#1816);
#1811 = PLANE('',#1812);
#1812 = AXIS2_PLACEMENT_3D('',#1813,#1814,#1815);
#1813 = CARTESIAN_POINT('',(-20.,8.946019650563,135.69578721062));
#1814 = DIRECTION('',(0.,-0.642787609687,0.766044443119));
#1815 = DIRECTION('',(1.,0.,0.));
#1816 = DEFINITIONAL_REPRESENTATION('',(#1817),#1821);
#1817 = LINE('',#1818,#1819);
#1818 = CARTESIAN_POINT('',(8.,-16.));
#1819 = VECTOR('',#1820,1.);
#1820 = DIRECTION('',(0.,1.));
#1821 = ( GEOMETRIC_REPRESENTATION_CONTEXT(2) 
PARAMETRIC_REPRESENTATION_CONTEXT() REPRESENTATION_CONTEXT('2D SPACE',''
  ) );
#1822 = ORIENTED_EDGE('',*,*,#1823,.F.);
#1823 = EDGE_CURVE('',#1824,#1796,#1826,.T.);
#1824 = VERTEX_POINT('',#1825);
#1825 = CARTESIAN_POINT('',(-12.,6.374869211817,138.7599649831));
#1826 = SURFACE_CURVE('',#1827,(#1831,#1838),.PCURVE_S1.);
#1827 = LINE('',#1828,#1829);
#1828 = CARTESIAN_POINT('',(-12.,8.946019650563,135.69578721062));
#1829 = VECTOR('',#1830,1.);
#1830 = DIRECTION('',(0.,0.642787609687,-0.766044443119));
#1831 = PCURVE('',#666,#1832);
#1832 = DEFINITIONAL_REPRESENTATION('',(#1833),#1837);
#1833 = LINE('',#1834,#1835);
#1834 = CARTESIAN_POINT('',(102.89578721062,-17.44601965056));
#1835 = VECTOR('',#1836,1.);
#1836 = DIRECTION('',(-0.766044443119,-0.642787609687));
#1837 = ( GEOMETRIC_REPRESENTATION_CONTEXT(2) 
PARAMETRIC_REPRESENTATION_CONTEXT() REPRESENTATION_CONTEXT('2D SPACE',''
  ) );
#1838 = PCURVE('',#1839,#1844);
#1839 = PLANE('',#1840);
#1840 = AXIS2_PLACEMENT_3D('',#1841,#1842,#1843);
#1841 = CARTESIAN_POINT('',(-20.,8.946019650563,135.69578721062));
#1842 = DIRECTION('',(0.,0.766044443119,0.642787609687));
#1843 = DIRECTION('',(0.,-0.642787609687,0.766044443119));
#1844 = DEFINITIONAL_REPRESENTATION('',(#1845),#1849);
#1845 = LINE('',#1846,#1847);
#1846 = CARTESIAN_POINT('',(0.,8.));
#1847 = VECTOR('',#1848,1.);
#1848 = DIRECTION('',(-1.,0.));
#1849 = ( GEOMETRIC_REPRESENTATION_CONTEXT(2) 
PARAMETRIC_REPRESENTATION_CONTEXT() REPRESENTATION_CONTEXT('2D SPACE',''
  ) );
#1850 = ORIENTED_EDGE('',*,*,#1851,.F.);
#1851 = EDGE_CURVE('',#1852,#1824,#1854,.T.);
#1852 = VERTEX_POINT('',#1853);
#1853 = CARTESIAN_POINT('',(-12.,-3.111447653721,130.8));
#1854 = SURFACE_CURVE('',#1855,(#1859,#1866),.PCURVE_S1.);
#1855 = LINE('',#1856,#1857);
#1856 = CARTESIAN_POINT('',(-12.,-5.881841878087,128.47536322811));
#1857 = VECTOR('',#1858,1.);
#1858 = DIRECTION('',(0.,0.766044443119,0.642787609687));
#1859 = PCURVE('',#666,#1860);
#1860 = DEFINITIONAL_REPRESENTATION('',(#1861),#1865);
#1861 = LINE('',#1862,#1863);
#1862 = CARTESIAN_POINT('',(95.675363228119,-2.618158121913));
#1863 = VECTOR('',#1864,1.);
#1864 = DIRECTION('',(0.642787609687,-0.766044443119));
#1865 = ( GEOMETRIC_REPRESENTATION_CONTEXT(2) 
PARAMETRIC_REPRESENTATION_CONTEXT() REPRESENTATION_CONTEXT('2D SPACE',''
  ) );
#1866 = PCURVE('',#1867,#1872);
#1867 = PLANE('',#1868);
#1868 = AXIS2_PLACEMENT_3D('',#1869,#1870,#1871);
#1869 = CARTESIAN_POINT('',(-20.,6.374869211817,138.7599649831));
#1870 = DIRECTION('',(0.,-0.642787609687,0.766044443119));
#1871 = DIRECTION('',(1.,0.,0.));
#1872 = DEFINITIONAL_REPRESENTATION('',(#1873),#1877);
#1873 = LINE('',#1874,#1875);
#1874 = CARTESIAN_POINT('',(8.,-16.));
#1875 = VECTOR('',#1876,1.);
#1876 = DIRECTION('',(0.,1.));
#1877 = ( GEOMETRIC_REPRESENTATION_CONTEXT(2) 
PARAMETRIC_REPRESENTATION_CONTEXT() REPRESENTATION_CONTEXT('2D SPACE',''
  ) );
#1878 = ORIENTED_EDGE('',*,*,#1879,.F.);
#1879 = EDGE_CURVE('',#1880,#1852,#1882,.T.);
#1880 = VERTEX_POINT('',#1881);
#1881 = CARTESIAN_POINT('',(-12.,-7.7,130.8));
#1882 = SURFACE_CURVE('',#1883,(#1887,#1894),.PCURVE_S1.);
#1883 = LINE('',#1884,#1885);
#1884 = CARTESIAN_POINT('',(-12.,-8.5,130.8));
#1885 = VECTOR('',#1886,1.);
#1886 = DIRECTION('',(-0.,1.,0.));
#1887 = PCURVE('',#666,#1888);
#1888 = DEFINITIONAL_REPRESENTATION('',(#1889),#1893);
#1889 = LINE('',#1890,#1891);
#1890 = CARTESIAN_POINT('',(98.,0.));
#1891 = VECTOR('',#1892,1.);
#1892 = DIRECTION('',(0.,-1.));
#1893 = ( GEOMETRIC_REPRESENTATION_CONTEXT(2) 
PARAMETRIC_REPRESENTATION_CONTEXT() REPRESENTATION_CONTEXT('2D SPACE',''
  ) );
#1894 = PCURVE('',#1895,#1900);
#1895 = PLANE('',#1896);
#1896 = AXIS2_PLACEMENT_3D('',#1897,#1898,#1899);
#1897 = CARTESIAN_POINT('',(-12.,-8.5,130.8));
#1898 = DIRECTION('',(0.,0.,1.));
#1899 = DIRECTION('',(1.,0.,-0.));
#1900 = DEFINITIONAL_REPRESENTATION('',(#1901),#1905);
#1901 = LINE('',#1902,#1903);
#1902 = CARTESIAN_POINT('',(0.,0.));
#1903 = VECTOR('',#1904,1.);
#1904 = DIRECTION('',(0.,1.));
#1905 = ( GEOMETRIC_REPRESENTATION_CONTEXT(2) 
PARAMETRIC_REPRESENTATION_CONTEXT() REPRESENTATION_CONTEXT('2D SPACE',''
  ) );
#1906 = ORIENTED_EDGE('',*,*,#1907,.F.);
#1907 = EDGE_CURVE('',#1313,#1880,#1908,.T.);
#1908 = SURFACE_CURVE('',#1909,(#1913,#1920),.PCURVE_S1.);
#1909 = LINE('',#1910,#1911);
#1910 = CARTESIAN_POINT('',(-12.,-7.7,33.728919342309));
#1911 = VECTOR('',#1912,1.);
#1912 = DIRECTION('',(0.,0.,1.));
#1913 = PCURVE('',#666,#1914);
#1914 = DEFINITIONAL_REPRESENTATION('',(#1915),#1919);
#1915 = LINE('',#1916,#1917);
#1916 = CARTESIAN_POINT('',(0.928919342309,-0.8));
#1917 = VECTOR('',#1918,1.);
#1918 = DIRECTION('',(1.,0.));
#1919 = ( GEOMETRIC_REPRESENTATION_CONTEXT(2) 
PARAMETRIC_REPRESENTATION_CONTEXT() REPRESENTATION_CONTEXT('2D SPACE',''
  ) );
#1920 = PCURVE('',#1350,#1921);
#1921 = DEFINITIONAL_REPRESENTATION('',(#1922),#1926);
#1922 = LINE('',#1923,#1924);
#1923 = CARTESIAN_POINT('',(0.,0.928919342309));
#1924 = VECTOR('',#1925,1.);
#1925 = DIRECTION('',(0.,1.));
#1926 = ( GEOMETRIC_REPRESENTATION_CONTEXT(2) 
PARAMETRIC_REPRESENTATION_CONTEXT() REPRESENTATION_CONTEXT('2D SPACE',''
  ) );
#1927 = ORIENTED_EDGE('',*,*,#1373,.T.);
#1928 = ORIENTED_EDGE('',*,*,#651,.T.);
#1929 = ORIENTED_EDGE('',*,*,#1930,.T.);
#1930 = EDGE_CURVE('',#652,#1768,#1931,.T.);
#1931 = SURFACE_CURVE('',#1932,(#1936,#1943),.PCURVE_S1.);
#1932 = LINE('',#1933,#1934);
#1933 = CARTESIAN_POINT('',(-12.,-8.5,32.8));
#1934 = VECTOR('',#1935,1.);
#1935 = DIRECTION('',(-0.,1.,0.));
#1936 = PCURVE('',#666,#1937);
#1937 = DEFINITIONAL_REPRESENTATION('',(#1938),#1942);
#1938 = LINE('',#1939,#1940);
#1939 = CARTESIAN_POINT('',(0.,0.));
#1940 = VECTOR('',#1941,1.);
#1941 = DIRECTION('',(0.,-1.));
#1942 = ( GEOMETRIC_REPRESENTATION_CONTEXT(2) 
PARAMETRIC_REPRESENTATION_CONTEXT() REPRESENTATION_CONTEXT('2D SPACE',''
  ) );
#1943 = PCURVE('',#693,#1944);
#1944 = DEFINITIONAL_REPRESENTATION('',(#1945),#1949);
#1945 = LINE('',#1946,#1947);
#1946 = CARTESIAN_POINT('',(0.,0.));
#1947 = VECTOR('',#1948,1.);
#1948 = DIRECTION('',(0.,1.));
#1949 = ( GEOMETRIC_REPRESENTATION_CONTEXT(2) 
PARAMETRIC_REPRESENTATION_CONTEXT() REPRESENTATION_CONTEXT('2D SPACE',''
  ) );
#1950 = ADVANCED_FACE('',(#1951),#693,.F.);
#1951 = FACE_BOUND('',#1952,.F.);
#1952 = EDGE_LOOP('',(#1953,#1954,#1955,#1978,#2007,#2035));
#1953 = ORIENTED_EDGE('',*,*,#1930,.F.);
#1954 = ORIENTED_EDGE('',*,*,#678,.T.);
#1955 = ORIENTED_EDGE('',*,*,#1956,.T.);
#1956 = EDGE_CURVE('',#679,#1957,#1959,.T.);
#1957 = VERTEX_POINT('',#1958);
#1958 = CARTESIAN_POINT('',(12.,2.7,32.8));
#1959 = SURFACE_CURVE('',#1960,(#1964,#1971),.PCURVE_S1.);
#1960 = LINE('',#1961,#1962);
#1961 = CARTESIAN_POINT('',(12.,-8.5,32.8));
#1962 = VECTOR('',#1963,1.);
#1963 = DIRECTION('',(-0.,1.,0.));
#1964 = PCURVE('',#693,#1965);
#1965 = DEFINITIONAL_REPRESENTATION('',(#1966),#1970);
#1966 = LINE('',#1967,#1968);
#1967 = CARTESIAN_POINT('',(24.,0.));
#1968 = VECTOR('',#1969,1.);
#1969 = DIRECTION('',(0.,1.));
#1970 = ( GEOMETRIC_REPRESENTATION_CONTEXT(2) 
PARAMETRIC_REPRESENTATION_CONTEXT() REPRESENTATION_CONTEXT('2D SPACE',''
  ) );
#1971 = PCURVE('',#719,#1972);
#1972 = DEFINITIONAL_REPRESENTATION('',(#1973),#1977);
#1973 = LINE('',#1974,#1975);
#1974 = CARTESIAN_POINT('',(0.,0.));
#1975 = VECTOR('',#1976,1.);
#1976 = DIRECTION('',(0.,-1.));
#1977 = ( GEOMETRIC_REPRESENTATION_CONTEXT(2) 
PARAMETRIC_REPRESENTATION_CONTEXT() REPRESENTATION_CONTEXT('2D SPACE',''
  ) );
#1978 = ORIENTED_EDGE('',*,*,#1979,.T.);
#1979 = EDGE_CURVE('',#1957,#1980,#1982,.T.);
#1980 = VERTEX_POINT('',#1981);
#1981 = CARTESIAN_POINT('',(11.2,3.5,32.8));
#1982 = SURFACE_CURVE('',#1983,(#1988,#1995),.PCURVE_S1.);
#1983 = CIRCLE('',#1984,0.8);
#1984 = AXIS2_PLACEMENT_3D('',#1985,#1986,#1987);
#1985 = CARTESIAN_POINT('',(11.2,2.7,32.8));
#1986 = DIRECTION('',(0.,0.,1.));
#1987 = DIRECTION('',(0.,-1.,0.));
#1988 = PCURVE('',#693,#1989);
#1989 = DEFINITIONAL_REPRESENTATION('',(#1990),#1994);
#1990 = CIRCLE('',#1991,0.8);
#1991 = AXIS2_PLACEMENT_2D('',#1992,#1993);
#1992 = CARTESIAN_POINT('',(23.2,11.2));
#1993 = DIRECTION('',(0.,-1.));
#1994 = ( GEOMETRIC_REPRESENTATION_CONTEXT(2) 
PARAMETRIC_REPRESENTATION_CONTEXT() REPRESENTATION_CONTEXT('2D SPACE',''
  ) );
#1995 = PCURVE('',#1996,#2001);
#1996 = CYLINDRICAL_SURFACE('',#1997,0.8);
#1997 = AXIS2_PLACEMENT_3D('',#1998,#1999,#2000);
#1998 = CARTESIAN_POINT('',(11.2,2.7,32.8));
#1999 = DIRECTION('',(0.,0.,1.));
#2000 = DIRECTION('',(1.,0.,-0.));
#2001 = DEFINITIONAL_REPRESENTATION('',(#2002),#2006);
#2002 = LINE('',#2003,#2004);
#2003 = CARTESIAN_POINT('',(-1.570796326795,0.));
#2004 = VECTOR('',#2005,1.);
#2005 = DIRECTION('',(1.,0.));
#2006 = ( GEOMETRIC_REPRESENTATION_CONTEXT(2) 
PARAMETRIC_REPRESENTATION_CONTEXT() REPRESENTATION_CONTEXT('2D SPACE',''
  ) );
#2007 = ORIENTED_EDGE('',*,*,#2008,.F.);
#2008 = EDGE_CURVE('',#2009,#1980,#2011,.T.);
#2009 = VERTEX_POINT('',#2010);
#2010 = CARTESIAN_POINT('',(-11.2,3.5,32.8));
#2011 = SURFACE_CURVE('',#2012,(#2016,#2023),.PCURVE_S1.);
#2012 = LINE('',#2013,#2014);
#2013 = CARTESIAN_POINT('',(-12.,3.5,32.8));
#2014 = VECTOR('',#2015,1.);
#2015 = DIRECTION('',(1.,0.,-0.));
#2016 = PCURVE('',#693,#2017);
#2017 = DEFINITIONAL_REPRESENTATION('',(#2018),#2022);
#2018 = LINE('',#2019,#2020);
#2019 = CARTESIAN_POINT('',(0.,12.));
#2020 = VECTOR('',#2021,1.);
#2021 = DIRECTION('',(1.,0.));
#2022 = ( GEOMETRIC_REPRESENTATION_CONTEXT(2) 
PARAMETRIC_REPRESENTATION_CONTEXT() REPRESENTATION_CONTEXT('2D SPACE',''
  ) );
#2023 = PCURVE('',#2024,#2029);
#2024 = PLANE('',#2025);
#2025 = AXIS2_PLACEMENT_3D('',#2026,#2027,#2028);
#2026 = CARTESIAN_POINT('',(-12.,3.5,32.8));
#2027 = DIRECTION('',(-0.,1.,0.));
#2028 = DIRECTION('',(0.,0.,1.));
#2029 = DEFINITIONAL_REPRESENTATION('',(#2030),#2034);
#2030 = LINE('',#2031,#2032);
#2031 = CARTESIAN_POINT('',(0.,0.));
#2032 = VECTOR('',#2033,1.);
#2033 = DIRECTION('',(0.,1.));
#2034 = ( GEOMETRIC_REPRESENTATION_CONTEXT(2) 
PARAMETRIC_REPRESENTATION_CONTEXT() REPRESENTATION_CONTEXT('2D SPACE',''
  ) );
#2035 = ORIENTED_EDGE('',*,*,#2036,.F.);
#2036 = EDGE_CURVE('',#1768,#2009,#2037,.T.);
#2037 = SURFACE_CURVE('',#2038,(#2043,#2054),.PCURVE_S1.);
#2038 = CIRCLE('',#2039,0.8);
#2039 = AXIS2_PLACEMENT_3D('',#2040,#2041,#2042);
#2040 = CARTESIAN_POINT('',(-11.2,2.7,32.8));
#2041 = DIRECTION('',(-0.,-0.,-1.));
#2042 = DIRECTION('',(0.,-1.,0.));
#2043 = PCURVE('',#693,#2044);
#2044 = DEFINITIONAL_REPRESENTATION('',(#2045),#2053);
#2045 = ( BOUNDED_CURVE() B_SPLINE_CURVE(2,(#2046,#2047,#2048,#2049,
#2050,#2051,#2052),.UNSPECIFIED.,.T.,.F.) B_SPLINE_CURVE_WITH_KNOTS((1,2
    ,2,2,2,1),(-2.094395102393,0.,2.094395102393,4.188790204786,
6.28318530718,8.377580409573),.UNSPECIFIED.) CURVE() 
GEOMETRIC_REPRESENTATION_ITEM() RATIONAL_B_SPLINE_CURVE((1.,0.5,1.,0.5,
1.,0.5,1.)) REPRESENTATION_ITEM('') );
#2046 = CARTESIAN_POINT('',(0.8,10.4));
#2047 = CARTESIAN_POINT('',(-0.585640646055,10.4));
#2048 = CARTESIAN_POINT('',(0.107179676972,11.6));
#2049 = CARTESIAN_POINT('',(0.8,12.8));
#2050 = CARTESIAN_POINT('',(1.492820323028,11.6));
#2051 = CARTESIAN_POINT('',(2.185640646055,10.4));
#2052 = CARTESIAN_POINT('',(0.8,10.4));
#2053 = ( GEOMETRIC_REPRESENTATION_CONTEXT(2) 
PARAMETRIC_REPRESENTATION_CONTEXT() REPRESENTATION_CONTEXT('2D SPACE',''
  ) );
#2054 = PCURVE('',#1783,#2055);
#2055 = DEFINITIONAL_REPRESENTATION('',(#2056),#2060);
#2056 = LINE('',#2057,#2058);
#2057 = CARTESIAN_POINT('',(1.570796326795,-0.));
#2058 = VECTOR('',#2059,1.);
#2059 = DIRECTION('',(-1.,0.));
#2060 = ( GEOMETRIC_REPRESENTATION_CONTEXT(2) 
PARAMETRIC_REPRESENTATION_CONTEXT() REPRESENTATION_CONTEXT('2D SPACE',''
  ) );
#2061 = ADVANCED_FACE('',(#2062),#719,.T.);
#2062 = FACE_BOUND('',#2063,.T.);
#2063 = EDGE_LOOP('',(#2064,#2087,#2110,#2138,#2161,#2184,#2205,#2206,
    #2207));
#2064 = ORIENTED_EDGE('',*,*,#2065,.T.);
#2065 = EDGE_CURVE('',#1957,#2066,#2068,.T.);
#2066 = VERTEX_POINT('',#2067);
#2067 = CARTESIAN_POINT('',(12.,2.7,130.45475442551));
#2068 = SURFACE_CURVE('',#2069,(#2073,#2080),.PCURVE_S1.);
#2069 = LINE('',#2070,#2071);
#2070 = CARTESIAN_POINT('',(12.,2.7,32.8));
#2071 = VECTOR('',#2072,1.);
#2072 = DIRECTION('',(0.,0.,1.));
#2073 = PCURVE('',#719,#2074);
#2074 = DEFINITIONAL_REPRESENTATION('',(#2075),#2079);
#2075 = LINE('',#2076,#2077);
#2076 = CARTESIAN_POINT('',(0.,-11.2));
#2077 = VECTOR('',#2078,1.);
#2078 = DIRECTION('',(1.,0.));
#2079 = ( GEOMETRIC_REPRESENTATION_CONTEXT(2) 
PARAMETRIC_REPRESENTATION_CONTEXT() REPRESENTATION_CONTEXT('2D SPACE',''
  ) );
#2080 = PCURVE('',#1996,#2081);
#2081 = DEFINITIONAL_REPRESENTATION('',(#2082),#2086);
#2082 = LINE('',#2083,#2084);
#2083 = CARTESIAN_POINT('',(0.,0.));
#2084 = VECTOR('',#2085,1.);
#2085 = DIRECTION('',(0.,1.));
#2086 = ( GEOMETRIC_REPRESENTATION_CONTEXT(2) 
PARAMETRIC_REPRESENTATION_CONTEXT() REPRESENTATION_CONTEXT('2D SPACE',''
  ) );
#2087 = ORIENTED_EDGE('',*,*,#2088,.T.);
#2088 = EDGE_CURVE('',#2066,#2089,#2091,.T.);
#2089 = VERTEX_POINT('',#2090);
#2090 = CARTESIAN_POINT('',(12.,8.946019650563,135.69578721062));
#2091 = SURFACE_CURVE('',#2092,(#2096,#2103),.PCURVE_S1.);
#2092 = LINE('',#2093,#2094);
#2093 = CARTESIAN_POINT('',(12.,-3.310691439341,125.41118545564));
#2094 = VECTOR('',#2095,1.);
#2095 = DIRECTION('',(0.,0.766044443119,0.642787609687));
#2096 = PCURVE('',#719,#2097);
#2097 = DEFINITIONAL_REPRESENTATION('',(#2098),#2102);
#2098 = LINE('',#2099,#2100);
#2099 = CARTESIAN_POINT('',(92.611185455643,-5.189308560659));
#2100 = VECTOR('',#2101,1.);
#2101 = DIRECTION('',(0.642787609687,-0.766044443119));
#2102 = ( GEOMETRIC_REPRESENTATION_CONTEXT(2) 
PARAMETRIC_REPRESENTATION_CONTEXT() REPRESENTATION_CONTEXT('2D SPACE',''
  ) );
#2103 = PCURVE('',#1811,#2104);
#2104 = DEFINITIONAL_REPRESENTATION('',(#2105),#2109);
#2105 = LINE('',#2106,#2107);
#2106 = CARTESIAN_POINT('',(32.,-16.));
#2107 = VECTOR('',#2108,1.);
#2108 = DIRECTION('',(0.,1.));
#2109 = ( GEOMETRIC_REPRESENTATION_CONTEXT(2) 
PARAMETRIC_REPRESENTATION_CONTEXT() REPRESENTATION_CONTEXT('2D SPACE',''
  ) );
#2110 = ORIENTED_EDGE('',*,*,#2111,.F.);
#2111 = EDGE_CURVE('',#2112,#2089,#2114,.T.);
#2112 = VERTEX_POINT('',#2113);
#2113 = CARTESIAN_POINT('',(12.,6.374869211817,138.7599649831));
#2114 = SURFACE_CURVE('',#2115,(#2119,#2126),.PCURVE_S1.);
#2115 = LINE('',#2116,#2117);
#2116 = CARTESIAN_POINT('',(12.,8.946019650563,135.69578721062));
#2117 = VECTOR('',#2118,1.);
#2118 = DIRECTION('',(0.,0.642787609687,-0.766044443119));
#2119 = PCURVE('',#719,#2120);
#2120 = DEFINITIONAL_REPRESENTATION('',(#2121),#2125);
#2121 = LINE('',#2122,#2123);
#2122 = CARTESIAN_POINT('',(102.89578721062,-17.44601965056));
#2123 = VECTOR('',#2124,1.);
#2124 = DIRECTION('',(-0.766044443119,-0.642787609687));
#2125 = ( GEOMETRIC_REPRESENTATION_CONTEXT(2) 
PARAMETRIC_REPRESENTATION_CONTEXT() REPRESENTATION_CONTEXT('2D SPACE',''
  ) );
#2126 = PCURVE('',#2127,#2132);
#2127 = PLANE('',#2128);
#2128 = AXIS2_PLACEMENT_3D('',#2129,#2130,#2131);
#2129 = CARTESIAN_POINT('',(-20.,8.946019650563,135.69578721062));
#2130 = DIRECTION('',(0.,0.766044443119,0.642787609687));
#2131 = DIRECTION('',(0.,-0.642787609687,0.766044443119));
#2132 = DEFINITIONAL_REPRESENTATION('',(#2133),#2137);
#2133 = LINE('',#2134,#2135);
#2134 = CARTESIAN_POINT('',(0.,32.));
#2135 = VECTOR('',#2136,1.);
#2136 = DIRECTION('',(-1.,0.));
#2137 = ( GEOMETRIC_REPRESENTATION_CONTEXT(2) 
PARAMETRIC_REPRESENTATION_CONTEXT() REPRESENTATION_CONTEXT('2D SPACE',''
  ) );
#2138 = ORIENTED_EDGE('',*,*,#2139,.F.);
#2139 = EDGE_CURVE('',#2140,#2112,#2142,.T.);
#2140 = VERTEX_POINT('',#2141);
#2141 = CARTESIAN_POINT('',(12.,-3.111447653721,130.8));
#2142 = SURFACE_CURVE('',#2143,(#2147,#2154),.PCURVE_S1.);
#2143 = LINE('',#2144,#2145);
#2144 = CARTESIAN_POINT('',(12.,-5.881841878087,128.47536322811));
#2145 = VECTOR('',#2146,1.);
#2146 = DIRECTION('',(0.,0.766044443119,0.642787609687));
#2147 = PCURVE('',#719,#2148);
#2148 = DEFINITIONAL_REPRESENTATION('',(#2149),#2153);
#2149 = LINE('',#2150,#2151);
#2150 = CARTESIAN_POINT('',(95.675363228119,-2.618158121913));
#2151 = VECTOR('',#2152,1.);
#2152 = DIRECTION('',(0.642787609687,-0.766044443119));
#2153 = ( GEOMETRIC_REPRESENTATION_CONTEXT(2) 
PARAMETRIC_REPRESENTATION_CONTEXT() REPRESENTATION_CONTEXT('2D SPACE',''
  ) );
#2154 = PCURVE('',#1867,#2155);
#2155 = DEFINITIONAL_REPRESENTATION('',(#2156),#2160);
#2156 = LINE('',#2157,#2158);
#2157 = CARTESIAN_POINT('',(32.,-16.));
#2158 = VECTOR('',#2159,1.);
#2159 = DIRECTION('',(0.,1.));
#2160 = ( GEOMETRIC_REPRESENTATION_CONTEXT(2) 
PARAMETRIC_REPRESENTATION_CONTEXT() REPRESENTATION_CONTEXT('2D SPACE',''
  ) );
#2161 = ORIENTED_EDGE('',*,*,#2162,.F.);
#2162 = EDGE_CURVE('',#2163,#2140,#2165,.T.);
#2163 = VERTEX_POINT('',#2164);
#2164 = CARTESIAN_POINT('',(12.,-7.7,130.8));
#2165 = SURFACE_CURVE('',#2166,(#2170,#2177),.PCURVE_S1.);
#2166 = LINE('',#2167,#2168);
#2167 = CARTESIAN_POINT('',(12.,-8.5,130.8));
#2168 = VECTOR('',#2169,1.);
#2169 = DIRECTION('',(-0.,1.,0.));
#2170 = PCURVE('',#719,#2171);
#2171 = DEFINITIONAL_REPRESENTATION('',(#2172),#2176);
#2172 = LINE('',#2173,#2174);
#2173 = CARTESIAN_POINT('',(98.,0.));
#2174 = VECTOR('',#2175,1.);
#2175 = DIRECTION('',(0.,-1.));
#2176 = ( GEOMETRIC_REPRESENTATION_CONTEXT(2) 
PARAMETRIC_REPRESENTATION_CONTEXT() REPRESENTATION_CONTEXT('2D SPACE',''
  ) );
#2177 = PCURVE('',#1895,#2178);
#2178 = DEFINITIONAL_REPRESENTATION('',(#2179),#2183);
#2179 = LINE('',#2180,#2181);
#2180 = CARTESIAN_POINT('',(24.,0.));
#2181 = VECTOR('',#2182,1.);
#2182 = DIRECTION('',(0.,1.));
#2183 = ( GEOMETRIC_REPRESENTATION_CONTEXT(2) 
PARAMETRIC_REPRESENTATION_CONTEXT() REPRESENTATION_CONTEXT('2D SPACE',''
  ) );
#2184 = ORIENTED_EDGE('',*,*,#2185,.T.);
#2185 = EDGE_CURVE('',#2163,#1197,#2186,.T.);
#2186 = SURFACE_CURVE('',#2187,(#2191,#2198),.PCURVE_S1.);
#2187 = LINE('',#2188,#2189);
#2188 = CARTESIAN_POINT('',(12.,-7.7,130.8));
#2189 = VECTOR('',#2190,1.);
#2190 = DIRECTION('',(0.,0.,-1.));
#2191 = PCURVE('',#719,#2192);
#2192 = DEFINITIONAL_REPRESENTATION('',(#2193),#2197);
#2193 = LINE('',#2194,#2195);
#2194 = CARTESIAN_POINT('',(98.,-0.8));
#2195 = VECTOR('',#2196,1.);
#2196 = DIRECTION('',(-1.,0.));
#2197 = ( GEOMETRIC_REPRESENTATION_CONTEXT(2) 
PARAMETRIC_REPRESENTATION_CONTEXT() REPRESENTATION_CONTEXT('2D SPACE',''
  ) );
#2198 = PCURVE('',#1256,#2199);
#2199 = DEFINITIONAL_REPRESENTATION('',(#2200),#2204);
#2200 = LINE('',#2201,#2202);
#2201 = CARTESIAN_POINT('',(-0.,98.));
#2202 = VECTOR('',#2203,1.);
#2203 = DIRECTION('',(-0.,-1.));
#2204 = ( GEOMETRIC_REPRESENTATION_CONTEXT(2) 
PARAMETRIC_REPRESENTATION_CONTEXT() REPRESENTATION_CONTEXT('2D SPACE',''
  ) );
#2205 = ORIENTED_EDGE('',*,*,#1196,.T.);
#2206 = ORIENTED_EDGE('',*,*,#704,.T.);
#2207 = ORIENTED_EDGE('',*,*,#1956,.T.);
#2208 = ADVANCED_FACE('',(#2209),#772,.T.);
#2209 = FACE_BOUND('',#2210,.F.);
#2210 = EDGE_LOOP('',(#2211,#2212,#2213,#2214));
#2211 = ORIENTED_EDGE('',*,*,#755,.T.);
#2212 = ORIENTED_EDGE('',*,*,#1091,.T.);
#2213 = ORIENTED_EDGE('',*,*,#904,.F.);
#2214 = ORIENTED_EDGE('',*,*,#1174,.F.);
#2215 = ADVANCED_FACE('',(#2216,#2242),#997,.T.);
#2216 = FACE_BOUND('',#2217,.T.);
#2217 = EDGE_LOOP('',(#2218));
#2218 = ORIENTED_EDGE('',*,*,#2219,.T.);
#2219 = EDGE_CURVE('',#2220,#2220,#2222,.T.);
#2220 = VERTEX_POINT('',#2221);
#2221 = CARTESIAN_POINT('',(28.291273890185,-4.5,19.798076211353));
#2222 = SURFACE_CURVE('',#2223,(#2228,#2235),.PCURVE_S1.);
#2223 = CIRCLE('',#2224,3.);
#2224 = AXIS2_PLACEMENT_3D('',#2225,#2226,#2227);
#2225 = CARTESIAN_POINT('',(29.791273890185,-4.5,17.2));
#2226 = DIRECTION('',(0.866025403784,0.,0.5));
#2227 = DIRECTION('',(-0.5,0.,0.866025403784));
#2228 = PCURVE('',#997,#2229);
#2229 = DEFINITIONAL_REPRESENTATION('',(#2230),#2234);
#2230 = CIRCLE('',#2231,3.);
#2231 = AXIS2_PLACEMENT_2D('',#2232,#2233);
#2232 = CARTESIAN_POINT('',(0.,0.));
#2233 = DIRECTION('',(1.,0.));
#2234 = ( GEOMETRIC_REPRESENTATION_CONTEXT(2) 
PARAMETRIC_REPRESENTATION_CONTEXT() REPRESENTATION_CONTEXT('2D SPACE',''
  ) );
#2235 = PCURVE('',#1695,#2236);
#2236 = DEFINITIONAL_REPRESENTATION('',(#2237),#2241);
#2237 = LINE('',#2238,#2239);
#2238 = CARTESIAN_POINT('',(0.,0.));
#2239 = VECTOR('',#2240,1.);
#2240 = DIRECTION('',(1.,0.));
#2241 = ( GEOMETRIC_REPRESENTATION_CONTEXT(2) 
PARAMETRIC_REPRESENTATION_CONTEXT() REPRESENTATION_CONTEXT('2D SPACE',''
  ) );
#2242 = FACE_BOUND('',#2243,.T.);
#2243 = EDGE_LOOP('',(#2244));
#2244 = ORIENTED_EDGE('',*,*,#980,.F.);
#2245 = ADVANCED_FACE('',(#2246,#2272),#1052,.T.);
#2246 = FACE_BOUND('',#2247,.T.);
#2247 = EDGE_LOOP('',(#2248));
#2248 = ORIENTED_EDGE('',*,*,#2249,.T.);
#2249 = EDGE_CURVE('',#2250,#2250,#2252,.T.);
#2250 = VERTEX_POINT('',#2251);
#2251 = CARTESIAN_POINT('',(-31.29127389018,-4.5,14.601923788647));
#2252 = SURFACE_CURVE('',#2253,(#2258,#2265),.PCURVE_S1.);
#2253 = CIRCLE('',#2254,3.);
#2254 = AXIS2_PLACEMENT_3D('',#2255,#2256,#2257);
#2255 = CARTESIAN_POINT('',(-29.79127389018,-4.5,17.2));
#2256 = DIRECTION('',(-0.866025403784,0.,0.5));
#2257 = DIRECTION('',(-0.5,0.,-0.866025403784));
#2258 = PCURVE('',#1052,#2259);
#2259 = DEFINITIONAL_REPRESENTATION('',(#2260),#2264);
#2260 = CIRCLE('',#2261,3.);
#2261 = AXIS2_PLACEMENT_2D('',#2262,#2263);
#2262 = CARTESIAN_POINT('',(0.,0.));
#2263 = DIRECTION('',(1.,0.));
#2264 = ( GEOMETRIC_REPRESENTATION_CONTEXT(2) 
PARAMETRIC_REPRESENTATION_CONTEXT() REPRESENTATION_CONTEXT('2D SPACE',''
  ) );
#2265 = PCURVE('',#1507,#2266);
#2266 = DEFINITIONAL_REPRESENTATION('',(#2267),#2271);
#2267 = LINE('',#2268,#2269);
#2268 = CARTESIAN_POINT('',(0.,0.));
#2269 = VECTOR('',#2270,1.);
#2270 = DIRECTION('',(1.,0.));
#2271 = ( GEOMETRIC_REPRESENTATION_CONTEXT(2) 
PARAMETRIC_REPRESENTATION_CONTEXT() REPRESENTATION_CONTEXT('2D SPACE',''
  ) );
#2272 = FACE_BOUND('',#2273,.T.);
#2273 = EDGE_LOOP('',(#2274));
#2274 = ORIENTED_EDGE('',*,*,#1035,.F.);
#2275 = ADVANCED_FACE('',(#2276),#1350,.T.);
#2276 = FACE_BOUND('',#2277,.T.);
#2277 = EDGE_LOOP('',(#2278,#2279,#2280,#2303));
#2278 = ORIENTED_EDGE('',*,*,#1907,.F.);
#2279 = ORIENTED_EDGE('',*,*,#1312,.T.);
#2280 = ORIENTED_EDGE('',*,*,#2281,.T.);
#2281 = EDGE_CURVE('',#1280,#2282,#2284,.T.);
#2282 = VERTEX_POINT('',#2283);
#2283 = CARTESIAN_POINT('',(-11.2,-8.5,130.8));
#2284 = SURFACE_CURVE('',#2285,(#2289,#2296),.PCURVE_S1.);
#2285 = LINE('',#2286,#2287);
#2286 = CARTESIAN_POINT('',(-11.2,-8.5,34.002941049268));
#2287 = VECTOR('',#2288,1.);
#2288 = DIRECTION('',(0.,0.,1.));
#2289 = PCURVE('',#1350,#2290);
#2290 = DEFINITIONAL_REPRESENTATION('',(#2291),#2295);
#2291 = LINE('',#2292,#2293);
#2292 = CARTESIAN_POINT('',(1.570796326795,1.202941049268));
#2293 = VECTOR('',#2294,1.);
#2294 = DIRECTION('',(0.,1.));
#2295 = ( GEOMETRIC_REPRESENTATION_CONTEXT(2) 
PARAMETRIC_REPRESENTATION_CONTEXT() REPRESENTATION_CONTEXT('2D SPACE',''
  ) );
#2296 = PCURVE('',#1296,#2297);
#2297 = DEFINITIONAL_REPRESENTATION('',(#2298),#2302);
#2298 = LINE('',#2299,#2300);
#2299 = CARTESIAN_POINT('',(1.202941049268,0.8));
#2300 = VECTOR('',#2301,1.);
#2301 = DIRECTION('',(1.,0.));
#2302 = ( GEOMETRIC_REPRESENTATION_CONTEXT(2) 
PARAMETRIC_REPRESENTATION_CONTEXT() REPRESENTATION_CONTEXT('2D SPACE',''
  ) );
#2303 = ORIENTED_EDGE('',*,*,#2304,.F.);
#2304 = EDGE_CURVE('',#1880,#2282,#2305,.T.);
#2305 = SURFACE_CURVE('',#2306,(#2311,#2318),.PCURVE_S1.);
#2306 = CIRCLE('',#2307,0.8);
#2307 = AXIS2_PLACEMENT_3D('',#2308,#2309,#2310);
#2308 = CARTESIAN_POINT('',(-11.2,-7.7,130.8));
#2309 = DIRECTION('',(0.,0.,1.));
#2310 = DIRECTION('',(0.,-1.,0.));
#2311 = PCURVE('',#1350,#2312);
#2312 = DEFINITIONAL_REPRESENTATION('',(#2313),#2317);
#2313 = LINE('',#2314,#2315);
#2314 = CARTESIAN_POINT('',(-4.712388980385,98.));
#2315 = VECTOR('',#2316,1.);
#2316 = DIRECTION('',(1.,0.));
#2317 = ( GEOMETRIC_REPRESENTATION_CONTEXT(2) 
PARAMETRIC_REPRESENTATION_CONTEXT() REPRESENTATION_CONTEXT('2D SPACE',''
  ) );
#2318 = PCURVE('',#1895,#2319);
#2319 = DEFINITIONAL_REPRESENTATION('',(#2320),#2324);
#2320 = CIRCLE('',#2321,0.8);
#2321 = AXIS2_PLACEMENT_2D('',#2322,#2323);
#2322 = CARTESIAN_POINT('',(0.8,0.8));
#2323 = DIRECTION('',(0.,-1.));
#2324 = ( GEOMETRIC_REPRESENTATION_CONTEXT(2) 
PARAMETRIC_REPRESENTATION_CONTEXT() REPRESENTATION_CONTEXT('2D SPACE',''
  ) );
#2325 = ADVANCED_FACE('',(#2326),#1296,.F.);
#2326 = FACE_BOUND('',#2327,.F.);
#2327 = EDGE_LOOP('',(#2328,#2329,#2352,#2373));
#2328 = ORIENTED_EDGE('',*,*,#2281,.T.);
#2329 = ORIENTED_EDGE('',*,*,#2330,.T.);
#2330 = EDGE_CURVE('',#2282,#2331,#2333,.T.);
#2331 = VERTEX_POINT('',#2332);
#2332 = CARTESIAN_POINT('',(11.2,-8.5,130.8));
#2333 = SURFACE_CURVE('',#2334,(#2338,#2345),.PCURVE_S1.);
#2334 = LINE('',#2335,#2336);
#2335 = CARTESIAN_POINT('',(-12.,-8.5,130.8));
#2336 = VECTOR('',#2337,1.);
#2337 = DIRECTION('',(1.,0.,-0.));
#2338 = PCURVE('',#1296,#2339);
#2339 = DEFINITIONAL_REPRESENTATION('',(#2340),#2344);
#2340 = LINE('',#2341,#2342);
#2341 = CARTESIAN_POINT('',(98.,0.));
#2342 = VECTOR('',#2343,1.);
#2343 = DIRECTION('',(0.,1.));
#2344 = ( GEOMETRIC_REPRESENTATION_CONTEXT(2) 
PARAMETRIC_REPRESENTATION_CONTEXT() REPRESENTATION_CONTEXT('2D SPACE',''
  ) );
#2345 = PCURVE('',#1895,#2346);
#2346 = DEFINITIONAL_REPRESENTATION('',(#2347),#2351);
#2347 = LINE('',#2348,#2349);
#2348 = CARTESIAN_POINT('',(0.,0.));
#2349 = VECTOR('',#2350,1.);
#2350 = DIRECTION('',(1.,0.));
#2351 = ( GEOMETRIC_REPRESENTATION_CONTEXT(2) 
PARAMETRIC_REPRESENTATION_CONTEXT() REPRESENTATION_CONTEXT('2D SPACE',''
  ) );
#2352 = ORIENTED_EDGE('',*,*,#2353,.F.);
#2353 = EDGE_CURVE('',#1219,#2331,#2354,.T.);
#2354 = SURFACE_CURVE('',#2355,(#2359,#2366),.PCURVE_S1.);
#2355 = LINE('',#2356,#2357);
#2356 = CARTESIAN_POINT('',(11.2,-8.5,34.002941049268));
#2357 = VECTOR('',#2358,1.);
#2358 = DIRECTION('',(0.,0.,1.));
#2359 = PCURVE('',#1296,#2360);
#2360 = DEFINITIONAL_REPRESENTATION('',(#2361),#2365);
#2361 = LINE('',#2362,#2363);
#2362 = CARTESIAN_POINT('',(1.202941049268,23.2));
#2363 = VECTOR('',#2364,1.);
#2364 = DIRECTION('',(1.,0.));
#2365 = ( GEOMETRIC_REPRESENTATION_CONTEXT(2) 
PARAMETRIC_REPRESENTATION_CONTEXT() REPRESENTATION_CONTEXT('2D SPACE',''
  ) );
#2366 = PCURVE('',#1256,#2367);
#2367 = DEFINITIONAL_REPRESENTATION('',(#2368),#2372);
#2368 = LINE('',#2369,#2370);
#2369 = CARTESIAN_POINT('',(-1.570796326795,1.202941049268));
#2370 = VECTOR('',#2371,1.);
#2371 = DIRECTION('',(-0.,1.));
#2372 = ( GEOMETRIC_REPRESENTATION_CONTEXT(2) 
PARAMETRIC_REPRESENTATION_CONTEXT() REPRESENTATION_CONTEXT('2D SPACE',''
  ) );
#2373 = ORIENTED_EDGE('',*,*,#1279,.T.);
#2374 = ADVANCED_FACE('',(#2375),#1256,.T.);
#2375 = FACE_BOUND('',#2376,.F.);
#2376 = EDGE_LOOP('',(#2377,#2378,#2379,#2405));
#2377 = ORIENTED_EDGE('',*,*,#1218,.T.);
#2378 = ORIENTED_EDGE('',*,*,#2353,.T.);
#2379 = ORIENTED_EDGE('',*,*,#2380,.F.);
#2380 = EDGE_CURVE('',#2163,#2331,#2381,.T.);
#2381 = SURFACE_CURVE('',#2382,(#2387,#2394),.PCURVE_S1.);
#2382 = CIRCLE('',#2383,0.8);
#2383 = AXIS2_PLACEMENT_3D('',#2384,#2385,#2386);
#2384 = CARTESIAN_POINT('',(11.2,-7.7,130.8));
#2385 = DIRECTION('',(-0.,-0.,-1.));
#2386 = DIRECTION('',(0.,-1.,0.));
#2387 = PCURVE('',#1256,#2388);
#2388 = DEFINITIONAL_REPRESENTATION('',(#2389),#2393);
#2389 = LINE('',#2390,#2391);
#2390 = CARTESIAN_POINT('',(4.712388980385,98.));
#2391 = VECTOR('',#2392,1.);
#2392 = DIRECTION('',(-1.,0.));
#2393 = ( GEOMETRIC_REPRESENTATION_CONTEXT(2) 
PARAMETRIC_REPRESENTATION_CONTEXT() REPRESENTATION_CONTEXT('2D SPACE',''
  ) );
#2394 = PCURVE('',#1895,#2395);
#2395 = DEFINITIONAL_REPRESENTATION('',(#2396),#2404);
#2396 = ( BOUNDED_CURVE() B_SPLINE_CURVE(2,(#2397,#2398,#2399,#2400,
#2401,#2402,#2403),.UNSPECIFIED.,.T.,.F.) B_SPLINE_CURVE_WITH_KNOTS((1,2
    ,2,2,2,1),(-2.094395102393,0.,2.094395102393,4.188790204786,
6.28318530718,8.377580409573),.UNSPECIFIED.) CURVE() 
GEOMETRIC_REPRESENTATION_ITEM() RATIONAL_B_SPLINE_CURVE((1.,0.5,1.,0.5,
1.,0.5,1.)) REPRESENTATION_ITEM('') );
#2397 = CARTESIAN_POINT('',(23.2,-2.22044604925E-16));
#2398 = CARTESIAN_POINT('',(21.814359353945,-2.22044604925E-16));
#2399 = CARTESIAN_POINT('',(22.507179676972,1.2));
#2400 = CARTESIAN_POINT('',(23.2,2.4));
#2401 = CARTESIAN_POINT('',(23.892820323028,1.2));
#2402 = CARTESIAN_POINT('',(24.585640646055,9.992007221626E-16));
#2403 = CARTESIAN_POINT('',(23.2,-2.22044604925E-16));
#2404 = ( GEOMETRIC_REPRESENTATION_CONTEXT(2) 
PARAMETRIC_REPRESENTATION_CONTEXT() REPRESENTATION_CONTEXT('2D SPACE',''
  ) );
#2405 = ORIENTED_EDGE('',*,*,#2185,.T.);
#2406 = ADVANCED_FACE('',(#2407),#1507,.F.);
#2407 = FACE_BOUND('',#2408,.F.);
#2408 = EDGE_LOOP('',(#2409,#2410,#2431,#2432));
#2409 = ORIENTED_EDGE('',*,*,#1395,.F.);
#2410 = ORIENTED_EDGE('',*,*,#2411,.F.);
#2411 = EDGE_CURVE('',#2250,#1396,#2412,.T.);
#2412 = SEAM_CURVE('',#2413,(#2417,#2424),.PCURVE_S1.);
#2413 = LINE('',#2414,#2415);
#2414 = CARTESIAN_POINT('',(-31.29127389018,-4.5,14.601923788647));
#2415 = VECTOR('',#2416,1.);
#2416 = DIRECTION('',(-0.866025403784,0.,0.5));
#2417 = PCURVE('',#1507,#2418);
#2418 = DEFINITIONAL_REPRESENTATION('',(#2419),#2423);
#2419 = LINE('',#2420,#2421);
#2420 = CARTESIAN_POINT('',(6.28318530718,-0.));
#2421 = VECTOR('',#2422,1.);
#2422 = DIRECTION('',(0.,1.));
#2423 = ( GEOMETRIC_REPRESENTATION_CONTEXT(2) 
PARAMETRIC_REPRESENTATION_CONTEXT() REPRESENTATION_CONTEXT('2D SPACE',''
  ) );
#2424 = PCURVE('',#1507,#2425);
#2425 = DEFINITIONAL_REPRESENTATION('',(#2426),#2430);
#2426 = LINE('',#2427,#2428);
#2427 = CARTESIAN_POINT('',(0.,-0.));
#2428 = VECTOR('',#2429,1.);
#2429 = DIRECTION('',(0.,1.));
#2430 = ( GEOMETRIC_REPRESENTATION_CONTEXT(2) 
PARAMETRIC_REPRESENTATION_CONTEXT() REPRESENTATION_CONTEXT('2D SPACE',''
  ) );
#2431 = ORIENTED_EDGE('',*,*,#2249,.T.);
#2432 = ORIENTED_EDGE('',*,*,#2411,.T.);
#2433 = ADVANCED_FACE('',(#2434),#1695,.F.);
#2434 = FACE_BOUND('',#2435,.F.);
#2435 = EDGE_LOOP('',(#2436,#2437,#2458,#2459));
#2436 = ORIENTED_EDGE('',*,*,#1569,.F.);
#2437 = ORIENTED_EDGE('',*,*,#2438,.F.);
#2438 = EDGE_CURVE('',#2220,#1570,#2439,.T.);
#2439 = SEAM_CURVE('',#2440,(#2444,#2451),.PCURVE_S1.);
#2440 = LINE('',#2441,#2442);
#2441 = CARTESIAN_POINT('',(28.291273890185,-4.5,19.798076211353));
#2442 = VECTOR('',#2443,1.);
#2443 = DIRECTION('',(0.866025403784,0.,0.5));
#2444 = PCURVE('',#1695,#2445);
#2445 = DEFINITIONAL_REPRESENTATION('',(#2446),#2450);
#2446 = LINE('',#2447,#2448);
#2447 = CARTESIAN_POINT('',(6.28318530718,-0.));
#2448 = VECTOR('',#2449,1.);
#2449 = DIRECTION('',(0.,1.));
#2450 = ( GEOMETRIC_REPRESENTATION_CONTEXT(2) 
PARAMETRIC_REPRESENTATION_CONTEXT() REPRESENTATION_CONTEXT('2D SPACE',''
  ) );
#2451 = PCURVE('',#1695,#2452);
#2452 = DEFINITIONAL_REPRESENTATION('',(#2453),#2457);
#2453 = LINE('',#2454,#2455);
#2454 = CARTESIAN_POINT('',(0.,-0.));
#2455 = VECTOR('',#2456,1.);
#2456 = DIRECTION('',(0.,1.));
#2457 = ( GEOMETRIC_REPRESENTATION_CONTEXT(2) 
PARAMETRIC_REPRESENTATION_CONTEXT() REPRESENTATION_CONTEXT('2D SPACE',''
  ) );
#2458 = ORIENTED_EDGE('',*,*,#2219,.T.);
#2459 = ORIENTED_EDGE('',*,*,#2438,.T.);
#2460 = ADVANCED_FACE('',(#2461),#1783,.T.);
#2461 = FACE_BOUND('',#2462,.F.);
#2462 = EDGE_LOOP('',(#2463,#2464,#2487,#2522,#2548,#2581,#2606));
#2463 = ORIENTED_EDGE('',*,*,#2036,.T.);
#2464 = ORIENTED_EDGE('',*,*,#2465,.F.);
#2465 = EDGE_CURVE('',#2466,#2009,#2468,.T.);
#2466 = VERTEX_POINT('',#2467);
#2467 = CARTESIAN_POINT('',(-11.2,3.5,117.90425284359));
#2468 = SURFACE_CURVE('',#2469,(#2473,#2480),.PCURVE_S1.);
#2469 = LINE('',#2470,#2471);
#2470 = CARTESIAN_POINT('',(-11.2,3.5,117.90425284359));
#2471 = VECTOR('',#2472,1.);
#2472 = DIRECTION('',(0.,0.,-1.));
#2473 = PCURVE('',#1783,#2474);
#2474 = DEFINITIONAL_REPRESENTATION('',(#2475),#2479);
#2475 = LINE('',#2476,#2477);
#2476 = CARTESIAN_POINT('',(-1.570796326795,85.104252843597));
#2477 = VECTOR('',#2478,1.);
#2478 = DIRECTION('',(-0.,-1.));
#2479 = ( GEOMETRIC_REPRESENTATION_CONTEXT(2) 
PARAMETRIC_REPRESENTATION_CONTEXT() REPRESENTATION_CONTEXT('2D SPACE',''
  ) );
#2480 = PCURVE('',#2024,#2481);
#2481 = DEFINITIONAL_REPRESENTATION('',(#2482),#2486);
#2482 = LINE('',#2483,#2484);
#2483 = CARTESIAN_POINT('',(85.104252843597,0.8));
#2484 = VECTOR('',#2485,1.);
#2485 = DIRECTION('',(-1.,0.));
#2486 = ( GEOMETRIC_REPRESENTATION_CONTEXT(2) 
PARAMETRIC_REPRESENTATION_CONTEXT() REPRESENTATION_CONTEXT('2D SPACE',''
  ) );
#2487 = ORIENTED_EDGE('',*,*,#2488,.T.);
#2488 = EDGE_CURVE('',#2466,#2489,#2491,.T.);
#2489 = VERTEX_POINT('',#2490);
#2490 = CARTESIAN_POINT('',(-11.8,3.229150262213,115.13928175502));
#2491 = SURFACE_CURVE('',#2492,(#2497,#2510),.PCURVE_S1.);
#2492 = ELLIPSE('',#2493,8.20589401308,0.8);
#2493 = AXIS2_PLACEMENT_3D('',#2494,#2495,#2496);
#2494 = CARTESIAN_POINT('',(-11.2,2.7,109.73744829384));
#2495 = DIRECTION('',(0.,-0.995236416256,9.749090089694E-02));
#2496 = DIRECTION('',(0.,9.749090089694E-02,0.995236416256));
#2497 = PCURVE('',#1783,#2498);
#2498 = DEFINITIONAL_REPRESENTATION('',(#2499),#2509);
#2499 = B_SPLINE_CURVE_WITH_KNOTS('',8,(#2500,#2501,#2502,#2503,#2504,
    #2505,#2506,#2507,#2508),.UNSPECIFIED.,.F.,.F.,(9,9),(
    1.387778780781E-17,1.434268246808),.PIECEWISE_BEZIER_KNOTS.);
#2500 = CARTESIAN_POINT('',(-1.570796326795,85.104252843597));
#2501 = CARTESIAN_POINT('',(-1.391512795944,85.104252843597));
#2502 = CARTESIAN_POINT('',(-1.212229265092,84.804250182839));
#2503 = CARTESIAN_POINT('',(-1.032945734245,84.204246115027));
#2504 = CARTESIAN_POINT('',(-0.853662203388,83.324806824734));
#2505 = CARTESIAN_POINT('',(-0.674378672541,82.20708928298));
#2506 = CARTESIAN_POINT('',(-0.495095141688,80.909251673642));
#2507 = CARTESIAN_POINT('',(-0.315811610838,79.499534456027));
#2508 = CARTESIAN_POINT('',(-0.136528079987,78.048985753493));
#2509 = ( GEOMETRIC_REPRESENTATION_CONTEXT(2) 
PARAMETRIC_REPRESENTATION_CONTEXT() REPRESENTATION_CONTEXT('2D SPACE',''
  ) );
#2510 = PCURVE('',#2511,#2516);
#2511 = PLANE('',#2512);
#2512 = AXIS2_PLACEMENT_3D('',#2513,#2514,#2515);
#2513 = CARTESIAN_POINT('',(-11.8,3.,112.8));
#2514 = DIRECTION('',(0.,-0.995236416256,9.749090089694E-02));
#2515 = DIRECTION('',(0.,9.749090089694E-02,0.995236416256));
#2516 = DEFINITIONAL_REPRESENTATION('',(#2517),#2521);
#2517 = ELLIPSE('',#2518,8.20589401308,0.8);
#2518 = AXIS2_PLACEMENT_2D('',#2519,#2520);
#2519 = CARTESIAN_POINT('',(-3.077210254905,-0.6));
#2520 = DIRECTION('',(1.,0.));
#2521 = ( GEOMETRIC_REPRESENTATION_CONTEXT(2) 
PARAMETRIC_REPRESENTATION_CONTEXT() REPRESENTATION_CONTEXT('2D SPACE',''
  ) );
#2522 = ORIENTED_EDGE('',*,*,#2523,.T.);
#2523 = EDGE_CURVE('',#2489,#2524,#2526,.T.);
#2524 = VERTEX_POINT('',#2525);
#2525 = CARTESIAN_POINT('',(-11.8,3.229150262213,130.8));
#2526 = SURFACE_CURVE('',#2527,(#2531,#2537),.PCURVE_S1.);
#2527 = LINE('',#2528,#2529);
#2528 = CARTESIAN_POINT('',(-11.8,3.229150262213,35.8));
#2529 = VECTOR('',#2530,1.);
#2530 = DIRECTION('',(0.,0.,1.));
#2531 = PCURVE('',#1783,#2532);
#2532 = DEFINITIONAL_REPRESENTATION('',(#2533),#2536);
#2533 = B_SPLINE_CURVE_WITH_KNOTS('',1,(#2534,#2535),.UNSPECIFIED.,.F.,
  .F.,(2,2),(75.048985753493,95.0000006),.PIECEWISE_BEZIER_KNOTS.);
#2534 = CARTESIAN_POINT('',(-0.722734247813,78.048985753493));
#2535 = CARTESIAN_POINT('',(-0.722734247813,98.0000006));
#2536 = ( GEOMETRIC_REPRESENTATION_CONTEXT(2) 
PARAMETRIC_REPRESENTATION_CONTEXT() REPRESENTATION_CONTEXT('2D SPACE',''
  ) );
#2537 = PCURVE('',#2538,#2543);
#2538 = PLANE('',#2539);
#2539 = AXIS2_PLACEMENT_3D('',#2540,#2541,#2542);
#2540 = CARTESIAN_POINT('',(-11.8,0.827711720542,123.36344606322));
#2541 = DIRECTION('',(1.,0.,0.));
#2542 = DIRECTION('',(-0.,0.,1.));
#2543 = DEFINITIONAL_REPRESENTATION('',(#2544),#2547);
#2544 = B_SPLINE_CURVE_WITH_KNOTS('',1,(#2545,#2546),.UNSPECIFIED.,.F.,
  .F.,(2,2),(75.048985753493,95.0000006),.PIECEWISE_BEZIER_KNOTS.);
#2545 = CARTESIAN_POINT('',(-12.51446030973,-2.40143854167));
#2546 = CARTESIAN_POINT('',(7.436554536775,-2.40143854167));
#2547 = ( GEOMETRIC_REPRESENTATION_CONTEXT(2) 
PARAMETRIC_REPRESENTATION_CONTEXT() REPRESENTATION_CONTEXT('2D SPACE',''
  ) );
#2548 = ORIENTED_EDGE('',*,*,#2549,.F.);
#2549 = EDGE_CURVE('',#2550,#2524,#2552,.T.);
#2550 = VERTEX_POINT('',#2551);
#2551 = CARTESIAN_POINT('',(-11.88608368895,3.111447653721,130.8));
#2552 = SURFACE_CURVE('',#2553,(#2558,#2565),.PCURVE_S1.);
#2553 = CIRCLE('',#2554,0.8);
#2554 = AXIS2_PLACEMENT_3D('',#2555,#2556,#2557);
#2555 = CARTESIAN_POINT('',(-11.2,2.7,130.8));
#2556 = DIRECTION('',(-0.,-0.,-1.));
#2557 = DIRECTION('',(0.,-1.,0.));
#2558 = PCURVE('',#1783,#2559);
#2559 = DEFINITIONAL_REPRESENTATION('',(#2560),#2564);
#2560 = LINE('',#2561,#2562);
#2561 = CARTESIAN_POINT('',(1.570796326795,98.));
#2562 = VECTOR('',#2563,1.);
#2563 = DIRECTION('',(-1.,0.));
#2564 = ( GEOMETRIC_REPRESENTATION_CONTEXT(2) 
PARAMETRIC_REPRESENTATION_CONTEXT() REPRESENTATION_CONTEXT('2D SPACE',''
  ) );
#2565 = PCURVE('',#2566,#2571);
#2566 = PLANE('',#2567);
#2567 = AXIS2_PLACEMENT_3D('',#2568,#2569,#2570);
#2568 = CARTESIAN_POINT('',(-12.,-8.5,130.8));
#2569 = DIRECTION('',(0.,0.,1.));
#2570 = DIRECTION('',(1.,0.,-0.));
#2571 = DEFINITIONAL_REPRESENTATION('',(#2572),#2580);
#2572 = ( BOUNDED_CURVE() B_SPLINE_CURVE(2,(#2573,#2574,#2575,#2576,
#2577,#2578,#2579),.UNSPECIFIED.,.T.,.F.) B_SPLINE_CURVE_WITH_KNOTS((1,2
    ,2,2,2,1),(-2.094395102393,0.,2.094395102393,4.188790204786,
6.28318530718,8.377580409573),.UNSPECIFIED.) CURVE() 
GEOMETRIC_REPRESENTATION_ITEM() RATIONAL_B_SPLINE_CURVE((1.,0.5,1.,0.5,
1.,0.5,1.)) REPRESENTATION_ITEM('') );
#2573 = CARTESIAN_POINT('',(0.8,10.4));
#2574 = CARTESIAN_POINT('',(-0.585640646055,10.4));
#2575 = CARTESIAN_POINT('',(0.107179676972,11.6));
#2576 = CARTESIAN_POINT('',(0.8,12.8));
#2577 = CARTESIAN_POINT('',(1.492820323028,11.6));
#2578 = CARTESIAN_POINT('',(2.185640646055,10.4));
#2579 = CARTESIAN_POINT('',(0.8,10.4));
#2580 = ( GEOMETRIC_REPRESENTATION_CONTEXT(2) 
PARAMETRIC_REPRESENTATION_CONTEXT() REPRESENTATION_CONTEXT('2D SPACE',''
  ) );
#2581 = ORIENTED_EDGE('',*,*,#2582,.T.);
#2582 = EDGE_CURVE('',#2550,#1766,#2583,.T.);
#2583 = SURFACE_CURVE('',#2584,(#2589,#2599),.PCURVE_S1.);
#2584 = ELLIPSE('',#2585,1.044325831466,0.8);
#2585 = AXIS2_PLACEMENT_3D('',#2586,#2587,#2588);
#2586 = CARTESIAN_POINT('',(-11.2,2.7,130.45475442551));
#2587 = DIRECTION('',(0.,-0.642787609687,0.766044443119));
#2588 = DIRECTION('',(0.,0.766044443119,0.642787609687));
#2589 = PCURVE('',#1783,#2590);
#2590 = DEFINITIONAL_REPRESENTATION('',(#2591),#2598);
#2591 = B_SPLINE_CURVE_WITH_KNOTS('',5,(#2592,#2593,#2594,#2595,#2596,
    #2597),.UNSPECIFIED.,.F.,.F.,(6,6),(1.030592901138,1.570796326795),
  .PIECEWISE_BEZIER_KNOTS.);
#2592 = CARTESIAN_POINT('',(-0.540203425657,98.0000006));
#2593 = CARTESIAN_POINT('',(-0.432162740526,97.937802419149));
#2594 = CARTESIAN_POINT('',(-0.324122055394,97.870566905421));
#2595 = CARTESIAN_POINT('',(-0.216081370263,97.799805583984));
#2596 = CARTESIAN_POINT('',(-0.108040685131,97.727279944751));
#2597 = CARTESIAN_POINT('',(0.,97.654754425514));
#2598 = ( GEOMETRIC_REPRESENTATION_CONTEXT(2) 
PARAMETRIC_REPRESENTATION_CONTEXT() REPRESENTATION_CONTEXT('2D SPACE',''
  ) );
#2599 = PCURVE('',#1811,#2600);
#2600 = DEFINITIONAL_REPRESENTATION('',(#2601),#2605);
#2601 = ELLIPSE('',#2602,1.044325831466,0.8);
#2602 = AXIS2_PLACEMENT_2D('',#2603,#2604);
#2603 = CARTESIAN_POINT('',(8.8,-8.153599581157));
#2604 = DIRECTION('',(0.,1.));
#2605 = ( GEOMETRIC_REPRESENTATION_CONTEXT(2) 
PARAMETRIC_REPRESENTATION_CONTEXT() REPRESENTATION_CONTEXT('2D SPACE',''
  ) );
#2606 = ORIENTED_EDGE('',*,*,#1765,.T.);
#2607 = ADVANCED_FACE('',(#2608),#2024,.T.);
#2608 = FACE_BOUND('',#2609,.T.);
#2609 = EDGE_LOOP('',(#2610,#2611,#2612,#2634,#2661,#2689,#2716,#2743));
#2610 = ORIENTED_EDGE('',*,*,#2008,.F.);
#2611 = ORIENTED_EDGE('',*,*,#2465,.F.);
#2612 = ORIENTED_EDGE('',*,*,#2613,.T.);
#2613 = EDGE_CURVE('',#2466,#2614,#2616,.T.);
#2614 = VERTEX_POINT('',#2615);
#2615 = CARTESIAN_POINT('',(-9.2,3.5,117.90425284359));
#2616 = SURFACE_CURVE('',#2617,(#2621,#2628),.PCURVE_S1.);
#2617 = LINE('',#2618,#2619);
#2618 = CARTESIAN_POINT('',(-11.9,3.5,117.90425284359));
#2619 = VECTOR('',#2620,1.);
#2620 = DIRECTION('',(1.,0.,0.));
#2621 = PCURVE('',#2024,#2622);
#2622 = DEFINITIONAL_REPRESENTATION('',(#2623),#2627);
#2623 = LINE('',#2624,#2625);
#2624 = CARTESIAN_POINT('',(85.104252843598,1.E-01));
#2625 = VECTOR('',#2626,1.);
#2626 = DIRECTION('',(0.,1.));
#2627 = ( GEOMETRIC_REPRESENTATION_CONTEXT(2) 
PARAMETRIC_REPRESENTATION_CONTEXT() REPRESENTATION_CONTEXT('2D SPACE',''
  ) );
#2628 = PCURVE('',#2511,#2629);
#2629 = DEFINITIONAL_REPRESENTATION('',(#2630),#2633);
#2630 = B_SPLINE_CURVE_WITH_KNOTS('',1,(#2631,#2632),.UNSPECIFIED.,.F.,
  .F.,(2,2),(0.7,2.7),.PIECEWISE_BEZIER_KNOTS.);
#2631 = CARTESIAN_POINT('',(5.128683758176,-0.6));
#2632 = CARTESIAN_POINT('',(5.128683758176,-2.6));
#2633 = ( GEOMETRIC_REPRESENTATION_CONTEXT(2) 
PARAMETRIC_REPRESENTATION_CONTEXT() REPRESENTATION_CONTEXT('2D SPACE',''
  ) );
#2634 = ORIENTED_EDGE('',*,*,#2635,.F.);
#2635 = EDGE_CURVE('',#2636,#2614,#2638,.T.);
#2636 = VERTEX_POINT('',#2637);
#2637 = CARTESIAN_POINT('',(-9.2,3.5,130.8));
#2638 = SURFACE_CURVE('',#2639,(#2643,#2650),.PCURVE_S1.);
#2639 = LINE('',#2640,#2641);
#2640 = CARTESIAN_POINT('',(-9.2,3.5,79.581723031613));
#2641 = VECTOR('',#2642,1.);
#2642 = DIRECTION('',(0.,0.,-1.));
#2643 = PCURVE('',#2024,#2644);
#2644 = DEFINITIONAL_REPRESENTATION('',(#2645),#2649);
#2645 = LINE('',#2646,#2647);
#2646 = CARTESIAN_POINT('',(46.781723031613,2.8));
#2647 = VECTOR('',#2648,1.);
#2648 = DIRECTION('',(-1.,0.));
#2649 = ( GEOMETRIC_REPRESENTATION_CONTEXT(2) 
PARAMETRIC_REPRESENTATION_CONTEXT() REPRESENTATION_CONTEXT('2D SPACE',''
  ) );
#2650 = PCURVE('',#2651,#2656);
#2651 = PLANE('',#2652);
#2652 = AXIS2_PLACEMENT_3D('',#2653,#2654,#2655);
#2653 = CARTESIAN_POINT('',(-9.2,0.827711720542,123.36344606322));
#2654 = DIRECTION('',(1.,0.,0.));
#2655 = DIRECTION('',(-0.,0.,1.));
#2656 = DEFINITIONAL_REPRESENTATION('',(#2657),#2660);
#2657 = B_SPLINE_CURVE_WITH_KNOTS('',1,(#2658,#2659),.UNSPECIFIED.,.F.,
  .F.,(2,2),(-51.21827696838,-33.21827696838),.PIECEWISE_BEZIER_KNOTS.);
#2658 = CARTESIAN_POINT('',(7.436553936775,-2.672288279458));
#2659 = CARTESIAN_POINT('',(-10.56344606322,-2.672288279458));
#2660 = ( GEOMETRIC_REPRESENTATION_CONTEXT(2) 
PARAMETRIC_REPRESENTATION_CONTEXT() REPRESENTATION_CONTEXT('2D SPACE',''
  ) );
#2661 = ORIENTED_EDGE('',*,*,#2662,.T.);
#2662 = EDGE_CURVE('',#2636,#2663,#2665,.T.);
#2663 = VERTEX_POINT('',#2664);
#2664 = CARTESIAN_POINT('',(9.2,3.5,130.8));
#2665 = SURFACE_CURVE('',#2666,(#2670,#2677),.PCURVE_S1.);
#2666 = LINE('',#2667,#2668);
#2667 = CARTESIAN_POINT('',(-12.,3.5,130.8));
#2668 = VECTOR('',#2669,1.);
#2669 = DIRECTION('',(1.,0.,-0.));
#2670 = PCURVE('',#2024,#2671);
#2671 = DEFINITIONAL_REPRESENTATION('',(#2672),#2676);
#2672 = LINE('',#2673,#2674);
#2673 = CARTESIAN_POINT('',(98.,0.));
#2674 = VECTOR('',#2675,1.);
#2675 = DIRECTION('',(0.,1.));
#2676 = ( GEOMETRIC_REPRESENTATION_CONTEXT(2) 
PARAMETRIC_REPRESENTATION_CONTEXT() REPRESENTATION_CONTEXT('2D SPACE',''
  ) );
#2677 = PCURVE('',#2678,#2683);
#2678 = PLANE('',#2679);
#2679 = AXIS2_PLACEMENT_3D('',#2680,#2681,#2682);
#2680 = CARTESIAN_POINT('',(-12.,-8.5,130.8));
#2681 = DIRECTION('',(0.,0.,1.));
#2682 = DIRECTION('',(1.,0.,-0.));
#2683 = DEFINITIONAL_REPRESENTATION('',(#2684),#2688);
#2684 = LINE('',#2685,#2686);
#2685 = CARTESIAN_POINT('',(0.,12.));
#2686 = VECTOR('',#2687,1.);
#2687 = DIRECTION('',(1.,0.));
#2688 = ( GEOMETRIC_REPRESENTATION_CONTEXT(2) 
PARAMETRIC_REPRESENTATION_CONTEXT() REPRESENTATION_CONTEXT('2D SPACE',''
  ) );
#2689 = ORIENTED_EDGE('',*,*,#2690,.T.);
#2690 = EDGE_CURVE('',#2663,#2691,#2693,.T.);
#2691 = VERTEX_POINT('',#2692);
#2692 = CARTESIAN_POINT('',(9.2,3.5,117.90425284359));
#2693 = SURFACE_CURVE('',#2694,(#2698,#2705),.PCURVE_S1.);
#2694 = LINE('',#2695,#2696);
#2695 = CARTESIAN_POINT('',(9.2,3.5,79.581723031613));
#2696 = VECTOR('',#2697,1.);
#2697 = DIRECTION('',(0.,0.,-1.));
#2698 = PCURVE('',#2024,#2699);
#2699 = DEFINITIONAL_REPRESENTATION('',(#2700),#2704);
#2700 = LINE('',#2701,#2702);
#2701 = CARTESIAN_POINT('',(46.781723031613,21.2));
#2702 = VECTOR('',#2703,1.);
#2703 = DIRECTION('',(-1.,0.));
#2704 = ( GEOMETRIC_REPRESENTATION_CONTEXT(2) 
PARAMETRIC_REPRESENTATION_CONTEXT() REPRESENTATION_CONTEXT('2D SPACE',''
  ) );
#2705 = PCURVE('',#2706,#2711);
#2706 = PLANE('',#2707);
#2707 = AXIS2_PLACEMENT_3D('',#2708,#2709,#2710);
#2708 = CARTESIAN_POINT('',(9.2,0.827711720542,123.36344606322));
#2709 = DIRECTION('',(1.,0.,0.));
#2710 = DIRECTION('',(-0.,0.,1.));
#2711 = DEFINITIONAL_REPRESENTATION('',(#2712),#2715);
#2712 = B_SPLINE_CURVE_WITH_KNOTS('',1,(#2713,#2714),.UNSPECIFIED.,.F.,
  .F.,(2,2),(-51.21827696838,-33.21827696838),.PIECEWISE_BEZIER_KNOTS.);
#2713 = CARTESIAN_POINT('',(7.436553936775,-2.672288279458));
#2714 = CARTESIAN_POINT('',(-10.56344606322,-2.672288279458));
#2715 = ( GEOMETRIC_REPRESENTATION_CONTEXT(2) 
PARAMETRIC_REPRESENTATION_CONTEXT() REPRESENTATION_CONTEXT('2D SPACE',''
  ) );
#2716 = ORIENTED_EDGE('',*,*,#2717,.T.);
#2717 = EDGE_CURVE('',#2691,#2718,#2720,.T.);
#2718 = VERTEX_POINT('',#2719);
#2719 = CARTESIAN_POINT('',(11.2,3.5,117.90425284359));
#2720 = SURFACE_CURVE('',#2721,(#2725,#2732),.PCURVE_S1.);
#2721 = LINE('',#2722,#2723);
#2722 = CARTESIAN_POINT('',(-1.4,3.5,117.90425284359));
#2723 = VECTOR('',#2724,1.);
#2724 = DIRECTION('',(1.,0.,0.));
#2725 = PCURVE('',#2024,#2726);
#2726 = DEFINITIONAL_REPRESENTATION('',(#2727),#2731);
#2727 = LINE('',#2728,#2729);
#2728 = CARTESIAN_POINT('',(85.104252843598,10.6));
#2729 = VECTOR('',#2730,1.);
#2730 = DIRECTION('',(0.,1.));
#2731 = ( GEOMETRIC_REPRESENTATION_CONTEXT(2) 
PARAMETRIC_REPRESENTATION_CONTEXT() REPRESENTATION_CONTEXT('2D SPACE',''
  ) );
#2732 = PCURVE('',#2733,#2738);
#2733 = PLANE('',#2734);
#2734 = AXIS2_PLACEMENT_3D('',#2735,#2736,#2737);
#2735 = CARTESIAN_POINT('',(9.2,3.,112.8));
#2736 = DIRECTION('',(0.,-0.995236416256,9.749090089694E-02));
#2737 = DIRECTION('',(0.,9.749090089694E-02,0.995236416256));
#2738 = DEFINITIONAL_REPRESENTATION('',(#2739),#2742);
#2739 = B_SPLINE_CURVE_WITH_KNOTS('',1,(#2740,#2741),.UNSPECIFIED.,.F.,
  .F.,(2,2),(10.6,12.6),.PIECEWISE_BEZIER_KNOTS.);
#2740 = CARTESIAN_POINT('',(5.128683758176,0.));
#2741 = CARTESIAN_POINT('',(5.128683758176,-2.));
#2742 = ( GEOMETRIC_REPRESENTATION_CONTEXT(2) 
PARAMETRIC_REPRESENTATION_CONTEXT() REPRESENTATION_CONTEXT('2D SPACE',''
  ) );
#2743 = ORIENTED_EDGE('',*,*,#2744,.T.);
#2744 = EDGE_CURVE('',#2718,#1980,#2745,.T.);
#2745 = SURFACE_CURVE('',#2746,(#2750,#2757),.PCURVE_S1.);
#2746 = LINE('',#2747,#2748);
#2747 = CARTESIAN_POINT('',(11.2,3.5,117.90425284359));
#2748 = VECTOR('',#2749,1.);
#2749 = DIRECTION('',(0.,0.,-1.));
#2750 = PCURVE('',#2024,#2751);
#2751 = DEFINITIONAL_REPRESENTATION('',(#2752),#2756);
#2752 = LINE('',#2753,#2754);
#2753 = CARTESIAN_POINT('',(85.104252843597,23.2));
#2754 = VECTOR('',#2755,1.);
#2755 = DIRECTION('',(-1.,0.));
#2756 = ( GEOMETRIC_REPRESENTATION_CONTEXT(2) 
PARAMETRIC_REPRESENTATION_CONTEXT() REPRESENTATION_CONTEXT('2D SPACE',''
  ) );
#2757 = PCURVE('',#1996,#2758);
#2758 = DEFINITIONAL_REPRESENTATION('',(#2759),#2763);
#2759 = LINE('',#2760,#2761);
#2760 = CARTESIAN_POINT('',(1.570796326795,85.104252843597));
#2761 = VECTOR('',#2762,1.);
#2762 = DIRECTION('',(-0.,-1.));
#2763 = ( GEOMETRIC_REPRESENTATION_CONTEXT(2) 
PARAMETRIC_REPRESENTATION_CONTEXT() REPRESENTATION_CONTEXT('2D SPACE',''
  ) );
#2764 = ADVANCED_FACE('',(#2765),#1996,.T.);
#2765 = FACE_BOUND('',#2766,.T.);
#2766 = EDGE_LOOP('',(#2767,#2768,#2769,#2799,#2825,#2854,#2879));
#2767 = ORIENTED_EDGE('',*,*,#1979,.T.);
#2768 = ORIENTED_EDGE('',*,*,#2744,.F.);
#2769 = ORIENTED_EDGE('',*,*,#2770,.F.);
#2770 = EDGE_CURVE('',#2771,#2718,#2773,.T.);
#2771 = VERTEX_POINT('',#2772);
#2772 = CARTESIAN_POINT('',(11.8,3.229150262213,115.13928175502));
#2773 = SURFACE_CURVE('',#2774,(#2779,#2792),.PCURVE_S1.);
#2774 = ELLIPSE('',#2775,8.20589401308,0.8);
#2775 = AXIS2_PLACEMENT_3D('',#2776,#2777,#2778);
#2776 = CARTESIAN_POINT('',(11.2,2.7,109.73744829384));
#2777 = DIRECTION('',(0.,-0.995236416256,9.749090089694E-02));
#2778 = DIRECTION('',(0.,9.749090089694E-02,0.995236416256));
#2779 = PCURVE('',#1996,#2780);
#2780 = DEFINITIONAL_REPRESENTATION('',(#2781),#2791);
#2781 = B_SPLINE_CURVE_WITH_KNOTS('',8,(#2782,#2783,#2784,#2785,#2786,
    #2787,#2788,#2789,#2790),.UNSPECIFIED.,.F.,.F.,(9,9),(4.848917060372
    ,6.28318530718),.PIECEWISE_BEZIER_KNOTS.);
#2782 = CARTESIAN_POINT('',(0.136528079987,78.048985753493));
#2783 = CARTESIAN_POINT('',(0.315811610838,79.499534456027));
#2784 = CARTESIAN_POINT('',(0.495095141689,80.9092516737));
#2785 = CARTESIAN_POINT('',(0.674378672542,82.207089282485));
#2786 = CARTESIAN_POINT('',(0.853662203385,83.324806824909));
#2787 = CARTESIAN_POINT('',(1.032945734241,84.204246114939));
#2788 = CARTESIAN_POINT('',(1.212229265093,84.804250182933));
#2789 = CARTESIAN_POINT('',(1.391512795944,85.104252843597));
#2790 = CARTESIAN_POINT('',(1.570796326795,85.104252843597));
#2791 = ( GEOMETRIC_REPRESENTATION_CONTEXT(2) 
PARAMETRIC_REPRESENTATION_CONTEXT() REPRESENTATION_CONTEXT('2D SPACE',''
  ) );
#2792 = PCURVE('',#2733,#2793);
#2793 = DEFINITIONAL_REPRESENTATION('',(#2794),#2798);
#2794 = ELLIPSE('',#2795,8.20589401308,0.8);
#2795 = AXIS2_PLACEMENT_2D('',#2796,#2797);
#2796 = CARTESIAN_POINT('',(-3.077210254905,-2.));
#2797 = DIRECTION('',(1.,0.));
#2798 = ( GEOMETRIC_REPRESENTATION_CONTEXT(2) 
PARAMETRIC_REPRESENTATION_CONTEXT() REPRESENTATION_CONTEXT('2D SPACE',''
  ) );
#2799 = ORIENTED_EDGE('',*,*,#2800,.T.);
#2800 = EDGE_CURVE('',#2771,#2801,#2803,.T.);
#2801 = VERTEX_POINT('',#2802);
#2802 = CARTESIAN_POINT('',(11.8,3.229150262213,130.8));
#2803 = SURFACE_CURVE('',#2804,(#2808,#2814),.PCURVE_S1.);
#2804 = LINE('',#2805,#2806);
#2805 = CARTESIAN_POINT('',(11.8,3.229150262213,35.8));
#2806 = VECTOR('',#2807,1.);
#2807 = DIRECTION('',(0.,0.,1.));
#2808 = PCURVE('',#1996,#2809);
#2809 = DEFINITIONAL_REPRESENTATION('',(#2810),#2813);
#2810 = B_SPLINE_CURVE_WITH_KNOTS('',1,(#2811,#2812),.UNSPECIFIED.,.F.,
  .F.,(2,2),(75.048985753493,95.0000006),.PIECEWISE_BEZIER_KNOTS.);
#2811 = CARTESIAN_POINT('',(0.722734247813,78.048985753493));
#2812 = CARTESIAN_POINT('',(0.722734247813,98.0000006));
#2813 = ( GEOMETRIC_REPRESENTATION_CONTEXT(2) 
PARAMETRIC_REPRESENTATION_CONTEXT() REPRESENTATION_CONTEXT('2D SPACE',''
  ) );
#2814 = PCURVE('',#2815,#2820);
#2815 = PLANE('',#2816);
#2816 = AXIS2_PLACEMENT_3D('',#2817,#2818,#2819);
#2817 = CARTESIAN_POINT('',(11.8,0.827711720542,123.36344606322));
#2818 = DIRECTION('',(1.,0.,0.));
#2819 = DIRECTION('',(-0.,0.,1.));
#2820 = DEFINITIONAL_REPRESENTATION('',(#2821),#2824);
#2821 = B_SPLINE_CURVE_WITH_KNOTS('',1,(#2822,#2823),.UNSPECIFIED.,.F.,
  .F.,(2,2),(75.048985753493,95.0000006),.PIECEWISE_BEZIER_KNOTS.);
#2822 = CARTESIAN_POINT('',(-12.51446030973,-2.40143854167));
#2823 = CARTESIAN_POINT('',(7.436554536775,-2.40143854167));
#2824 = ( GEOMETRIC_REPRESENTATION_CONTEXT(2) 
PARAMETRIC_REPRESENTATION_CONTEXT() REPRESENTATION_CONTEXT('2D SPACE',''
  ) );
#2825 = ORIENTED_EDGE('',*,*,#2826,.F.);
#2826 = EDGE_CURVE('',#2827,#2801,#2829,.T.);
#2827 = VERTEX_POINT('',#2828);
#2828 = CARTESIAN_POINT('',(11.886083688953,3.111447653721,130.8));
#2829 = SURFACE_CURVE('',#2830,(#2835,#2842),.PCURVE_S1.);
#2830 = CIRCLE('',#2831,0.8);
#2831 = AXIS2_PLACEMENT_3D('',#2832,#2833,#2834);
#2832 = CARTESIAN_POINT('',(11.2,2.7,130.8));
#2833 = DIRECTION('',(0.,0.,1.));
#2834 = DIRECTION('',(0.,-1.,0.));
#2835 = PCURVE('',#1996,#2836);
#2836 = DEFINITIONAL_REPRESENTATION('',(#2837),#2841);
#2837 = LINE('',#2838,#2839);
#2838 = CARTESIAN_POINT('',(-1.570796326795,98.));
#2839 = VECTOR('',#2840,1.);
#2840 = DIRECTION('',(1.,0.));
#2841 = ( GEOMETRIC_REPRESENTATION_CONTEXT(2) 
PARAMETRIC_REPRESENTATION_CONTEXT() REPRESENTATION_CONTEXT('2D SPACE',''
  ) );
#2842 = PCURVE('',#2843,#2848);
#2843 = PLANE('',#2844);
#2844 = AXIS2_PLACEMENT_3D('',#2845,#2846,#2847);
#2845 = CARTESIAN_POINT('',(-12.,-8.5,130.8));
#2846 = DIRECTION('',(0.,0.,1.));
#2847 = DIRECTION('',(1.,0.,-0.));
#2848 = DEFINITIONAL_REPRESENTATION('',(#2849),#2853);
#2849 = CIRCLE('',#2850,0.8);
#2850 = AXIS2_PLACEMENT_2D('',#2851,#2852);
#2851 = CARTESIAN_POINT('',(23.2,11.2));
#2852 = DIRECTION('',(0.,-1.));
#2853 = ( GEOMETRIC_REPRESENTATION_CONTEXT(2) 
PARAMETRIC_REPRESENTATION_CONTEXT() REPRESENTATION_CONTEXT('2D SPACE',''
  ) );
#2854 = ORIENTED_EDGE('',*,*,#2855,.F.);
#2855 = EDGE_CURVE('',#2066,#2827,#2856,.T.);
#2856 = SURFACE_CURVE('',#2857,(#2862,#2872),.PCURVE_S1.);
#2857 = ELLIPSE('',#2858,1.044325831466,0.8);
#2858 = AXIS2_PLACEMENT_3D('',#2859,#2860,#2861);
#2859 = CARTESIAN_POINT('',(11.2,2.7,130.45475442551));
#2860 = DIRECTION('',(0.,-0.642787609687,0.766044443119));
#2861 = DIRECTION('',(0.,0.766044443119,0.642787609687));
#2862 = PCURVE('',#1996,#2863);
#2863 = DEFINITIONAL_REPRESENTATION('',(#2864),#2871);
#2864 = B_SPLINE_CURVE_WITH_KNOTS('',5,(#2865,#2866,#2867,#2868,#2869,
    #2870),.UNSPECIFIED.,.F.,.F.,(6,6),(4.712388980385,5.252592406042),
  .PIECEWISE_BEZIER_KNOTS.);
#2865 = CARTESIAN_POINT('',(0.,97.654754425514));
#2866 = CARTESIAN_POINT('',(0.108040685131,97.727279944751));
#2867 = CARTESIAN_POINT('',(0.216081370263,97.799805583983));
#2868 = CARTESIAN_POINT('',(0.324122055394,97.870566905422));
#2869 = CARTESIAN_POINT('',(0.432162740526,97.937802419149));
#2870 = CARTESIAN_POINT('',(0.540203425657,98.0000006));
#2871 = ( GEOMETRIC_REPRESENTATION_CONTEXT(2) 
PARAMETRIC_REPRESENTATION_CONTEXT() REPRESENTATION_CONTEXT('2D SPACE',''
  ) );
#2872 = PCURVE('',#1811,#2873);
#2873 = DEFINITIONAL_REPRESENTATION('',(#2874),#2878);
#2874 = ELLIPSE('',#2875,1.044325831466,0.8);
#2875 = AXIS2_PLACEMENT_2D('',#2876,#2877);
#2876 = CARTESIAN_POINT('',(31.2,-8.153599581157));
#2877 = DIRECTION('',(0.,1.));
#2878 = ( GEOMETRIC_REPRESENTATION_CONTEXT(2) 
PARAMETRIC_REPRESENTATION_CONTEXT() REPRESENTATION_CONTEXT('2D SPACE',''
  ) );
#2879 = ORIENTED_EDGE('',*,*,#2065,.F.);
#2880 = ADVANCED_FACE('',(#2881),#1895,.T.);
#2881 = FACE_BOUND('',#2882,.T.);
#2882 = EDGE_LOOP('',(#2883,#2884,#2885,#2886,#2887,#2888));
#2883 = ORIENTED_EDGE('',*,*,#1879,.F.);
#2884 = ORIENTED_EDGE('',*,*,#2304,.T.);
#2885 = ORIENTED_EDGE('',*,*,#2330,.T.);
#2886 = ORIENTED_EDGE('',*,*,#2380,.F.);
#2887 = ORIENTED_EDGE('',*,*,#2162,.T.);
#2888 = ORIENTED_EDGE('',*,*,#2889,.F.);
#2889 = EDGE_CURVE('',#1852,#2140,#2890,.T.);
#2890 = SURFACE_CURVE('',#2891,(#2895,#2901),.PCURVE_S1.);
#2891 = LINE('',#2892,#2893);
#2892 = CARTESIAN_POINT('',(-16.,-3.111447653721,130.8));
#2893 = VECTOR('',#2894,1.);
#2894 = DIRECTION('',(1.,0.,-0.));
#2895 = PCURVE('',#1895,#2896);
#2896 = DEFINITIONAL_REPRESENTATION('',(#2897),#2900);
#2897 = B_SPLINE_CURVE_WITH_KNOTS('',1,(#2898,#2899),.UNSPECIFIED.,.F.,
  .F.,(2,2),(4.,28.),.PIECEWISE_BEZIER_KNOTS.);
#2898 = CARTESIAN_POINT('',(0.,5.388552346279));
#2899 = CARTESIAN_POINT('',(24.,5.388552346279));
#2900 = ( GEOMETRIC_REPRESENTATION_CONTEXT(2) 
PARAMETRIC_REPRESENTATION_CONTEXT() REPRESENTATION_CONTEXT('2D SPACE',''
  ) );
#2901 = PCURVE('',#1867,#2902);
#2902 = DEFINITIONAL_REPRESENTATION('',(#2903),#2906);
#2903 = B_SPLINE_CURVE_WITH_KNOTS('',1,(#2904,#2905),.UNSPECIFIED.,.F.,
  .F.,(2,2),(4.,28.),.PIECEWISE_BEZIER_KNOTS.);
#2904 = CARTESIAN_POINT('',(8.,-12.38350718518));
#2905 = CARTESIAN_POINT('',(32.,-12.38350718518));
#2906 = ( GEOMETRIC_REPRESENTATION_CONTEXT(2) 
PARAMETRIC_REPRESENTATION_CONTEXT() REPRESENTATION_CONTEXT('2D SPACE',''
  ) );
#2907 = ADVANCED_FACE('',(#2908,#3041,#3072),#1867,.T.);
#2908 = FACE_BOUND('',#2909,.T.);
#2909 = EDGE_LOOP('',(#2910,#2940,#2968,#2996,#3017,#3018,#3019,#3020));
#2910 = ORIENTED_EDGE('',*,*,#2911,.T.);
#2911 = EDGE_CURVE('',#2912,#2914,#2916,.T.);
#2912 = VERTEX_POINT('',#2913);
#2913 = CARTESIAN_POINT('',(20.,6.374869211817,138.7599649831));
#2914 = VERTEX_POINT('',#2915);
#2915 = CARTESIAN_POINT('',(20.,38.548735822814,165.75704458993));
#2916 = SURFACE_CURVE('',#2917,(#2921,#2928),.PCURVE_S1.);
#2917 = LINE('',#2918,#2919);
#2918 = CARTESIAN_POINT('',(20.,6.374869211817,138.7599649831));
#2919 = VECTOR('',#2920,1.);
#2920 = DIRECTION('',(0.,0.766044443119,0.642787609687));
#2921 = PCURVE('',#1867,#2922);
#2922 = DEFINITIONAL_REPRESENTATION('',(#2923),#2927);
#2923 = LINE('',#2924,#2925);
#2924 = CARTESIAN_POINT('',(40.,0.));
#2925 = VECTOR('',#2926,1.);
#2926 = DIRECTION('',(0.,1.));
#2927 = ( GEOMETRIC_REPRESENTATION_CONTEXT(2) 
PARAMETRIC_REPRESENTATION_CONTEXT() REPRESENTATION_CONTEXT('2D SPACE',''
  ) );
#2928 = PCURVE('',#2929,#2934);
#2929 = PLANE('',#2930);
#2930 = AXIS2_PLACEMENT_3D('',#2931,#2932,#2933);
#2931 = CARTESIAN_POINT('',(20.,8.946019650563,135.69578721062));
#2932 = DIRECTION('',(1.,0.,0.));
#2933 = DIRECTION('',(0.,-0.642787609687,0.766044443119));
#2934 = DEFINITIONAL_REPRESENTATION('',(#2935),#2939);
#2935 = LINE('',#2936,#2937);
#2936 = CARTESIAN_POINT('',(4.,-2.22044604925E-15));
#2937 = VECTOR('',#2938,1.);
#2938 = DIRECTION('',(0.,-1.));
#2939 = ( GEOMETRIC_REPRESENTATION_CONTEXT(2) 
PARAMETRIC_REPRESENTATION_CONTEXT() REPRESENTATION_CONTEXT('2D SPACE',''
  ) );
#2940 = ORIENTED_EDGE('',*,*,#2941,.F.);
#2941 = EDGE_CURVE('',#2942,#2914,#2944,.T.);
#2942 = VERTEX_POINT('',#2943);
#2943 = CARTESIAN_POINT('',(-20.,38.548735822814,165.75704458993));
#2944 = SURFACE_CURVE('',#2945,(#2949,#2956),.PCURVE_S1.);
#2945 = LINE('',#2946,#2947);
#2946 = CARTESIAN_POINT('',(-20.,38.548735822814,165.75704458993));
#2947 = VECTOR('',#2948,1.);
#2948 = DIRECTION('',(1.,0.,0.));
#2949 = PCURVE('',#1867,#2950);
#2950 = DEFINITIONAL_REPRESENTATION('',(#2951),#2955);
#2951 = LINE('',#2952,#2953);
#2952 = CARTESIAN_POINT('',(0.,42.));
#2953 = VECTOR('',#2954,1.);
#2954 = DIRECTION('',(1.,0.));
#2955 = ( GEOMETRIC_REPRESENTATION_CONTEXT(2) 
PARAMETRIC_REPRESENTATION_CONTEXT() REPRESENTATION_CONTEXT('2D SPACE',''
  ) );
#2956 = PCURVE('',#2957,#2962);
#2957 = PLANE('',#2958);
#2958 = AXIS2_PLACEMENT_3D('',#2959,#2960,#2961);
#2959 = CARTESIAN_POINT('',(-20.,41.11988626156,162.69286681746));
#2960 = DIRECTION('',(0.,0.766044443119,0.642787609687));
#2961 = DIRECTION('',(0.,-0.642787609687,0.766044443119));
#2962 = DEFINITIONAL_REPRESENTATION('',(#2963),#2967);
#2963 = LINE('',#2964,#2965);
#2964 = CARTESIAN_POINT('',(4.,0.));
#2965 = VECTOR('',#2966,1.);
#2966 = DIRECTION('',(0.,1.));
#2967 = ( GEOMETRIC_REPRESENTATION_CONTEXT(2) 
PARAMETRIC_REPRESENTATION_CONTEXT() REPRESENTATION_CONTEXT('2D SPACE',''
  ) );
#2968 = ORIENTED_EDGE('',*,*,#2969,.F.);
#2969 = EDGE_CURVE('',#2970,#2942,#2972,.T.);
#2970 = VERTEX_POINT('',#2971);
#2971 = CARTESIAN_POINT('',(-20.,6.374869211817,138.7599649831));
#2972 = SURFACE_CURVE('',#2973,(#2977,#2984),.PCURVE_S1.);
#2973 = LINE('',#2974,#2975);
#2974 = CARTESIAN_POINT('',(-20.,6.374869211817,138.7599649831));
#2975 = VECTOR('',#2976,1.);
#2976 = DIRECTION('',(0.,0.766044443119,0.642787609687));
#2977 = PCURVE('',#1867,#2978);
#2978 = DEFINITIONAL_REPRESENTATION('',(#2979),#2983);
#2979 = LINE('',#2980,#2981);
#2980 = CARTESIAN_POINT('',(0.,0.));
#2981 = VECTOR('',#2982,1.);
#2982 = DIRECTION('',(0.,1.));
#2983 = ( GEOMETRIC_REPRESENTATION_CONTEXT(2) 
PARAMETRIC_REPRESENTATION_CONTEXT() REPRESENTATION_CONTEXT('2D SPACE',''
  ) );
#2984 = PCURVE('',#2985,#2990);
#2985 = PLANE('',#2986);
#2986 = AXIS2_PLACEMENT_3D('',#2987,#2988,#2989);
#2987 = CARTESIAN_POINT('',(-20.,8.946019650563,135.69578721062));
#2988 = DIRECTION('',(1.,0.,0.));
#2989 = DIRECTION('',(0.,-0.642787609687,0.766044443119));
#2990 = DEFINITIONAL_REPRESENTATION('',(#2991),#2995);
#2991 = LINE('',#2992,#2993);
#2992 = CARTESIAN_POINT('',(4.,-2.22044604925E-15));
#2993 = VECTOR('',#2994,1.);
#2994 = DIRECTION('',(0.,-1.));
#2995 = ( GEOMETRIC_REPRESENTATION_CONTEXT(2) 
PARAMETRIC_REPRESENTATION_CONTEXT() REPRESENTATION_CONTEXT('2D SPACE',''
  ) );
#2996 = ORIENTED_EDGE('',*,*,#2997,.T.);
#2997 = EDGE_CURVE('',#2970,#1824,#2998,.T.);
#2998 = SURFACE_CURVE('',#2999,(#3003,#3010),.PCURVE_S1.);
#2999 = LINE('',#3000,#3001);
#3000 = CARTESIAN_POINT('',(-20.,6.374869211817,138.7599649831));
#3001 = VECTOR('',#3002,1.);
#3002 = DIRECTION('',(1.,0.,0.));
#3003 = PCURVE('',#1867,#3004);
#3004 = DEFINITIONAL_REPRESENTATION('',(#3005),#3009);
#3005 = LINE('',#3006,#3007);
#3006 = CARTESIAN_POINT('',(0.,0.));
#3007 = VECTOR('',#3008,1.);
#3008 = DIRECTION('',(1.,0.));
#3009 = ( GEOMETRIC_REPRESENTATION_CONTEXT(2) 
PARAMETRIC_REPRESENTATION_CONTEXT() REPRESENTATION_CONTEXT('2D SPACE',''
  ) );
#3010 = PCURVE('',#1839,#3011);
#3011 = DEFINITIONAL_REPRESENTATION('',(#3012),#3016);
#3012 = LINE('',#3013,#3014);
#3013 = CARTESIAN_POINT('',(4.,0.));
#3014 = VECTOR('',#3015,1.);
#3015 = DIRECTION('',(0.,1.));
#3016 = ( GEOMETRIC_REPRESENTATION_CONTEXT(2) 
PARAMETRIC_REPRESENTATION_CONTEXT() REPRESENTATION_CONTEXT('2D SPACE',''
  ) );
#3017 = ORIENTED_EDGE('',*,*,#1851,.F.);
#3018 = ORIENTED_EDGE('',*,*,#2889,.T.);
#3019 = ORIENTED_EDGE('',*,*,#2139,.T.);
#3020 = ORIENTED_EDGE('',*,*,#3021,.T.);
#3021 = EDGE_CURVE('',#2112,#2912,#3022,.T.);
#3022 = SURFACE_CURVE('',#3023,(#3027,#3034),.PCURVE_S1.);
#3023 = LINE('',#3024,#3025);
#3024 = CARTESIAN_POINT('',(-20.,6.374869211817,138.7599649831));
#3025 = VECTOR('',#3026,1.);
#3026 = DIRECTION('',(1.,0.,0.));
#3027 = PCURVE('',#1867,#3028);
#3028 = DEFINITIONAL_REPRESENTATION('',(#3029),#3033);
#3029 = LINE('',#3030,#3031);
#3030 = CARTESIAN_POINT('',(0.,0.));
#3031 = VECTOR('',#3032,1.);
#3032 = DIRECTION('',(1.,0.));
#3033 = ( GEOMETRIC_REPRESENTATION_CONTEXT(2) 
PARAMETRIC_REPRESENTATION_CONTEXT() REPRESENTATION_CONTEXT('2D SPACE',''
  ) );
#3034 = PCURVE('',#2127,#3035);
#3035 = DEFINITIONAL_REPRESENTATION('',(#3036),#3040);
#3036 = LINE('',#3037,#3038);
#3037 = CARTESIAN_POINT('',(4.,0.));
#3038 = VECTOR('',#3039,1.);
#3039 = DIRECTION('',(0.,1.));
#3040 = ( GEOMETRIC_REPRESENTATION_CONTEXT(2) 
PARAMETRIC_REPRESENTATION_CONTEXT() REPRESENTATION_CONTEXT('2D SPACE',''
  ) );
#3041 = FACE_BOUND('',#3042,.T.);
#3042 = EDGE_LOOP('',(#3043));
#3043 = ORIENTED_EDGE('',*,*,#3044,.F.);
#3044 = EDGE_CURVE('',#3045,#3045,#3047,.T.);
#3045 = VERTEX_POINT('',#3046);
#3046 = CARTESIAN_POINT('',(-8.3,23.227846960434,152.9012923962));
#3047 = SURFACE_CURVE('',#3048,(#3053,#3060),.PCURVE_S1.);
#3048 = CIRCLE('',#3049,1.7);
#3049 = AXIS2_PLACEMENT_3D('',#3050,#3051,#3052);
#3050 = CARTESIAN_POINT('',(-10.,23.227846960434,152.9012923962));
#3051 = DIRECTION('',(0.,-0.642787609687,0.766044443119));
#3052 = DIRECTION('',(1.,0.,0.));
#3053 = PCURVE('',#1867,#3054);
#3054 = DEFINITIONAL_REPRESENTATION('',(#3055),#3059);
#3055 = CIRCLE('',#3056,1.7);
#3056 = AXIS2_PLACEMENT_2D('',#3057,#3058);
#3057 = CARTESIAN_POINT('',(10.,22.));
#3058 = DIRECTION('',(1.,0.));
#3059 = ( GEOMETRIC_REPRESENTATION_CONTEXT(2) 
PARAMETRIC_REPRESENTATION_CONTEXT() REPRESENTATION_CONTEXT('2D SPACE',''
  ) );
#3060 = PCURVE('',#3061,#3066);
#3061 = CYLINDRICAL_SURFACE('',#3062,1.7);
#3062 = AXIS2_PLACEMENT_3D('',#3063,#3064,#3065);
#3063 = CARTESIAN_POINT('',(-10.,28.370147837927,146.77293685125));
#3064 = DIRECTION('',(0.,-0.642787609687,0.766044443119));
#3065 = DIRECTION('',(1.,0.,0.));
#3066 = DEFINITIONAL_REPRESENTATION('',(#3067),#3071);
#3067 = LINE('',#3068,#3069);
#3068 = CARTESIAN_POINT('',(0.,8.));
#3069 = VECTOR('',#3070,1.);
#3070 = DIRECTION('',(1.,0.));
#3071 = ( GEOMETRIC_REPRESENTATION_CONTEXT(2) 
PARAMETRIC_REPRESENTATION_CONTEXT() REPRESENTATION_CONTEXT('2D SPACE',''
  ) );
#3072 = FACE_BOUND('',#3073,.T.);
#3073 = EDGE_LOOP('',(#3074));
#3074 = ORIENTED_EDGE('',*,*,#3075,.F.);
#3075 = EDGE_CURVE('',#3076,#3076,#3078,.T.);
#3076 = VERTEX_POINT('',#3077);
#3077 = CARTESIAN_POINT('',(11.7,23.227846960434,152.9012923962));
#3078 = SURFACE_CURVE('',#3079,(#3084,#3091),.PCURVE_S1.);
#3079 = CIRCLE('',#3080,1.7);
#3080 = AXIS2_PLACEMENT_3D('',#3081,#3082,#3083);
#3081 = CARTESIAN_POINT('',(10.,23.227846960434,152.9012923962));
#3082 = DIRECTION('',(0.,-0.642787609687,0.766044443119));
#3083 = DIRECTION('',(1.,0.,0.));
#3084 = PCURVE('',#1867,#3085);
#3085 = DEFINITIONAL_REPRESENTATION('',(#3086),#3090);
#3086 = CIRCLE('',#3087,1.7);
#3087 = AXIS2_PLACEMENT_2D('',#3088,#3089);
#3088 = CARTESIAN_POINT('',(30.,22.));
#3089 = DIRECTION('',(1.,0.));
#3090 = ( GEOMETRIC_REPRESENTATION_CONTEXT(2) 
PARAMETRIC_REPRESENTATION_CONTEXT() REPRESENTATION_CONTEXT('2D SPACE',''
  ) );
#3091 = PCURVE('',#3092,#3097);
#3092 = CYLINDRICAL_SURFACE('',#3093,1.7);
#3093 = AXIS2_PLACEMENT_3D('',#3094,#3095,#3096);
#3094 = CARTESIAN_POINT('',(10.,28.370147837927,146.77293685125));
#3095 = DIRECTION('',(0.,-0.642787609687,0.766044443119));
#3096 = DIRECTION('',(1.,0.,0.));
#3097 = DEFINITIONAL_REPRESENTATION('',(#3098),#3102);
#3098 = LINE('',#3099,#3100);
#3099 = CARTESIAN_POINT('',(0.,8.));
#3100 = VECTOR('',#3101,1.);
#3101 = DIRECTION('',(1.,0.));
#3102 = ( GEOMETRIC_REPRESENTATION_CONTEXT(2) 
PARAMETRIC_REPRESENTATION_CONTEXT() REPRESENTATION_CONTEXT('2D SPACE',''
  ) );
#3103 = ADVANCED_FACE('',(#3104,#3410,#3436),#1811,.F.);
#3104 = FACE_BOUND('',#3105,.F.);
#3105 = EDGE_LOOP('',(#3106,#3131,#3154,#3177,#3198,#3199,#3200,#3221,
    #3242,#3263,#3284,#3305,#3326,#3347,#3368,#3387,#3388,#3389));
#3106 = ORIENTED_EDGE('',*,*,#3107,.T.);
#3107 = EDGE_CURVE('',#3108,#3110,#3112,.T.);
#3108 = VERTEX_POINT('',#3109);
#3109 = CARTESIAN_POINT('',(20.,8.946019650563,135.69578721062));
#3110 = VERTEX_POINT('',#3111);
#3111 = CARTESIAN_POINT('',(20.,41.11988626156,162.69286681746));
#3112 = SURFACE_CURVE('',#3113,(#3117,#3124),.PCURVE_S1.);
#3113 = LINE('',#3114,#3115);
#3114 = CARTESIAN_POINT('',(20.,8.946019650563,135.69578721062));
#3115 = VECTOR('',#3116,1.);
#3116 = DIRECTION('',(0.,0.766044443119,0.642787609687));
#3117 = PCURVE('',#1811,#3118);
#3118 = DEFINITIONAL_REPRESENTATION('',(#3119),#3123);
#3119 = LINE('',#3120,#3121);
#3120 = CARTESIAN_POINT('',(40.,0.));
#3121 = VECTOR('',#3122,1.);
#3122 = DIRECTION('',(0.,1.));
#3123 = ( GEOMETRIC_REPRESENTATION_CONTEXT(2) 
PARAMETRIC_REPRESENTATION_CONTEXT() REPRESENTATION_CONTEXT('2D SPACE',''
  ) );
#3124 = PCURVE('',#2929,#3125);
#3125 = DEFINITIONAL_REPRESENTATION('',(#3126),#3130);
#3126 = LINE('',#3127,#3128);
#3127 = CARTESIAN_POINT('',(0.,0.));
#3128 = VECTOR('',#3129,1.);
#3129 = DIRECTION('',(0.,-1.));
#3130 = ( GEOMETRIC_REPRESENTATION_CONTEXT(2) 
PARAMETRIC_REPRESENTATION_CONTEXT() REPRESENTATION_CONTEXT('2D SPACE',''
  ) );
#3131 = ORIENTED_EDGE('',*,*,#3132,.F.);
#3132 = EDGE_CURVE('',#3133,#3110,#3135,.T.);
#3133 = VERTEX_POINT('',#3134);
#3134 = CARTESIAN_POINT('',(-20.,41.11988626156,162.69286681746));
#3135 = SURFACE_CURVE('',#3136,(#3140,#3147),.PCURVE_S1.);
#3136 = LINE('',#3137,#3138);
#3137 = CARTESIAN_POINT('',(-20.,41.11988626156,162.69286681746));
#3138 = VECTOR('',#3139,1.);
#3139 = DIRECTION('',(1.,0.,0.));
#3140 = PCURVE('',#1811,#3141);
#3141 = DEFINITIONAL_REPRESENTATION('',(#3142),#3146);
#3142 = LINE('',#3143,#3144);
#3143 = CARTESIAN_POINT('',(0.,42.));
#3144 = VECTOR('',#3145,1.);
#3145 = DIRECTION('',(1.,0.));
#3146 = ( GEOMETRIC_REPRESENTATION_CONTEXT(2) 
PARAMETRIC_REPRESENTATION_CONTEXT() REPRESENTATION_CONTEXT('2D SPACE',''
  ) );
#3147 = PCURVE('',#2957,#3148);
#3148 = DEFINITIONAL_REPRESENTATION('',(#3149),#3153);
#3149 = LINE('',#3150,#3151);
#3150 = CARTESIAN_POINT('',(0.,0.));
#3151 = VECTOR('',#3152,1.);
#3152 = DIRECTION('',(0.,1.));
#3153 = ( GEOMETRIC_REPRESENTATION_CONTEXT(2) 
PARAMETRIC_REPRESENTATION_CONTEXT() REPRESENTATION_CONTEXT('2D SPACE',''
  ) );
#3154 = ORIENTED_EDGE('',*,*,#3155,.F.);
#3155 = EDGE_CURVE('',#3156,#3133,#3158,.T.);
#3156 = VERTEX_POINT('',#3157);
#3157 = CARTESIAN_POINT('',(-20.,8.946019650563,135.69578721062));
#3158 = SURFACE_CURVE('',#3159,(#3163,#3170),.PCURVE_S1.);
#3159 = LINE('',#3160,#3161);
#3160 = CARTESIAN_POINT('',(-20.,8.946019650563,135.69578721062));
#3161 = VECTOR('',#3162,1.);
#3162 = DIRECTION('',(0.,0.766044443119,0.642787609687));
#3163 = PCURVE('',#1811,#3164);
#3164 = DEFINITIONAL_REPRESENTATION('',(#3165),#3169);
#3165 = LINE('',#3166,#3167);
#3166 = CARTESIAN_POINT('',(0.,0.));
#3167 = VECTOR('',#3168,1.);
#3168 = DIRECTION('',(0.,1.));
#3169 = ( GEOMETRIC_REPRESENTATION_CONTEXT(2) 
PARAMETRIC_REPRESENTATION_CONTEXT() REPRESENTATION_CONTEXT('2D SPACE',''
  ) );
#3170 = PCURVE('',#2985,#3171);
#3171 = DEFINITIONAL_REPRESENTATION('',(#3172),#3176);
#3172 = LINE('',#3173,#3174);
#3173 = CARTESIAN_POINT('',(0.,0.));
#3174 = VECTOR('',#3175,1.);
#3175 = DIRECTION('',(0.,-1.));
#3176 = ( GEOMETRIC_REPRESENTATION_CONTEXT(2) 
PARAMETRIC_REPRESENTATION_CONTEXT() REPRESENTATION_CONTEXT('2D SPACE',''
  ) );
#3177 = ORIENTED_EDGE('',*,*,#3178,.T.);
#3178 = EDGE_CURVE('',#3156,#1796,#3179,.T.);
#3179 = SURFACE_CURVE('',#3180,(#3184,#3191),.PCURVE_S1.);
#3180 = LINE('',#3181,#3182);
#3181 = CARTESIAN_POINT('',(-20.,8.946019650563,135.69578721062));
#3182 = VECTOR('',#3183,1.);
#3183 = DIRECTION('',(1.,0.,0.));
#3184 = PCURVE('',#1811,#3185);
#3185 = DEFINITIONAL_REPRESENTATION('',(#3186),#3190);
#3186 = LINE('',#3187,#3188);
#3187 = CARTESIAN_POINT('',(0.,0.));
#3188 = VECTOR('',#3189,1.);
#3189 = DIRECTION('',(1.,0.));
#3190 = ( GEOMETRIC_REPRESENTATION_CONTEXT(2) 
PARAMETRIC_REPRESENTATION_CONTEXT() REPRESENTATION_CONTEXT('2D SPACE',''
  ) );
#3191 = PCURVE('',#1839,#3192);
#3192 = DEFINITIONAL_REPRESENTATION('',(#3193),#3197);
#3193 = LINE('',#3194,#3195);
#3194 = CARTESIAN_POINT('',(0.,0.));
#3195 = VECTOR('',#3196,1.);
#3196 = DIRECTION('',(0.,1.));
#3197 = ( GEOMETRIC_REPRESENTATION_CONTEXT(2) 
PARAMETRIC_REPRESENTATION_CONTEXT() REPRESENTATION_CONTEXT('2D SPACE',''
  ) );
#3198 = ORIENTED_EDGE('',*,*,#1795,.F.);
#3199 = ORIENTED_EDGE('',*,*,#2582,.F.);
#3200 = ORIENTED_EDGE('',*,*,#3201,.T.);
#3201 = EDGE_CURVE('',#2550,#3202,#3204,.T.);
#3202 = VERTEX_POINT('',#3203);
#3203 = CARTESIAN_POINT('',(-11.8,3.111447653721,130.8));
#3204 = SURFACE_CURVE('',#3205,(#3209,#3215),.PCURVE_S1.);
#3205 = LINE('',#3206,#3207);
#3206 = CARTESIAN_POINT('',(-16.,3.111447653721,130.8));
#3207 = VECTOR('',#3208,1.);
#3208 = DIRECTION('',(1.,0.,-0.));
#3209 = PCURVE('',#1811,#3210);
#3210 = DEFINITIONAL_REPRESENTATION('',(#3211),#3214);
#3211 = B_SPLINE_CURVE_WITH_KNOTS('',1,(#3212,#3213),.UNSPECIFIED.,.F.,
  .F.,(2,2),(4.,28.),.PIECEWISE_BEZIER_KNOTS.);
#3212 = CARTESIAN_POINT('',(8.,-7.616492814812));
#3213 = CARTESIAN_POINT('',(32.,-7.616492814812));
#3214 = ( GEOMETRIC_REPRESENTATION_CONTEXT(2) 
PARAMETRIC_REPRESENTATION_CONTEXT() REPRESENTATION_CONTEXT('2D SPACE',''
  ) );
#3215 = PCURVE('',#2566,#3216);
#3216 = DEFINITIONAL_REPRESENTATION('',(#3217),#3220);
#3217 = B_SPLINE_CURVE_WITH_KNOTS('',1,(#3218,#3219),.UNSPECIFIED.,.F.,
  .F.,(2,2),(4.,28.),.PIECEWISE_BEZIER_KNOTS.);
#3218 = CARTESIAN_POINT('',(0.,11.611447653721));
#3219 = CARTESIAN_POINT('',(24.,11.611447653721));
#3220 = ( GEOMETRIC_REPRESENTATION_CONTEXT(2) 
PARAMETRIC_REPRESENTATION_CONTEXT() REPRESENTATION_CONTEXT('2D SPACE',''
  ) );
#3221 = ORIENTED_EDGE('',*,*,#3222,.T.);
#3222 = EDGE_CURVE('',#3202,#3223,#3225,.T.);
#3223 = VERTEX_POINT('',#3224);
#3224 = CARTESIAN_POINT('',(-11.8,4.911165361797,132.31014246507));
#3225 = SURFACE_CURVE('',#3226,(#3230,#3236),.PCURVE_S1.);
#3226 = LINE('',#3227,#3228);
#3227 = CARTESIAN_POINT('',(-11.8,3.527764029923,131.14933091772));
#3228 = VECTOR('',#3229,1.);
#3229 = DIRECTION('',(-0.,0.766044443119,0.642787609687));
#3230 = PCURVE('',#1811,#3231);
#3231 = DEFINITIONAL_REPRESENTATION('',(#3232),#3235);
#3232 = B_SPLINE_CURVE_WITH_KNOTS('',1,(#3233,#3234),.UNSPECIFIED.,.F.,
  .F.,(2,2),(-8.926969617351,2.387911562882),.PIECEWISE_BEZIER_KNOTS.);
#3233 = CARTESIAN_POINT('',(8.2,-16.));
#3234 = CARTESIAN_POINT('',(8.2,-4.685118819767));
#3235 = ( GEOMETRIC_REPRESENTATION_CONTEXT(2) 
PARAMETRIC_REPRESENTATION_CONTEXT() REPRESENTATION_CONTEXT('2D SPACE',''
  ) );
#3236 = PCURVE('',#2538,#3237);
#3237 = DEFINITIONAL_REPRESENTATION('',(#3238),#3241);
#3238 = B_SPLINE_CURVE_WITH_KNOTS('',1,(#3239,#3240),.UNSPECIFIED.,.F.,
  .F.,(2,2),(-8.926969617351,2.387911562882),.PIECEWISE_BEZIER_KNOTS.);
#3239 = CARTESIAN_POINT('',(2.047739392418,4.138403159883));
#3240 = CARTESIAN_POINT('',(9.320804820147,-4.529298692785));
#3241 = ( GEOMETRIC_REPRESENTATION_CONTEXT(2) 
PARAMETRIC_REPRESENTATION_CONTEXT() REPRESENTATION_CONTEXT('2D SPACE',''
  ) );
#3242 = ORIENTED_EDGE('',*,*,#3243,.T.);
#3243 = EDGE_CURVE('',#3223,#3244,#3246,.T.);
#3244 = VERTEX_POINT('',#3245);
#3245 = CARTESIAN_POINT('',(-9.2,4.911165361797,132.31014246507));
#3246 = SURFACE_CURVE('',#3247,(#3251,#3257),.PCURVE_S1.);
#3247 = LINE('',#3248,#3249);
#3248 = CARTESIAN_POINT('',(-15.9,4.911165361797,132.31014246507));
#3249 = VECTOR('',#3250,1.);
#3250 = DIRECTION('',(1.,0.,0.));
#3251 = PCURVE('',#1811,#3252);
#3252 = DEFINITIONAL_REPRESENTATION('',(#3253),#3256);
#3253 = B_SPLINE_CURVE_WITH_KNOTS('',1,(#3254,#3255),.UNSPECIFIED.,.F.,
  .F.,(2,2),(4.1,6.7),.PIECEWISE_BEZIER_KNOTS.);
#3254 = CARTESIAN_POINT('',(8.2,-5.267128199949));
#3255 = CARTESIAN_POINT('',(10.8,-5.267128199949));
#3256 = ( GEOMETRIC_REPRESENTATION_CONTEXT(2) 
PARAMETRIC_REPRESENTATION_CONTEXT() REPRESENTATION_CONTEXT('2D SPACE',''
  ) );
#3257 = PCURVE('',#2511,#3258);
#3258 = DEFINITIONAL_REPRESENTATION('',(#3259),#3262);
#3259 = B_SPLINE_CURVE_WITH_KNOTS('',1,(#3260,#3261),.UNSPECIFIED.,.F.,
  .F.,(2,2),(4.1,6.7),.PIECEWISE_BEZIER_KNOTS.);
#3260 = CARTESIAN_POINT('',(19.603525500467,0.));
#3261 = CARTESIAN_POINT('',(19.603525500467,-2.6));
#3262 = ( GEOMETRIC_REPRESENTATION_CONTEXT(2) 
PARAMETRIC_REPRESENTATION_CONTEXT() REPRESENTATION_CONTEXT('2D SPACE',''
  ) );
#3263 = ORIENTED_EDGE('',*,*,#3264,.F.);
#3264 = EDGE_CURVE('',#3265,#3244,#3267,.T.);
#3265 = VERTEX_POINT('',#3266);
#3266 = CARTESIAN_POINT('',(-9.2,3.111447653721,130.8));
#3267 = SURFACE_CURVE('',#3268,(#3272,#3278),.PCURVE_S1.);
#3268 = LINE('',#3269,#3270);
#3269 = CARTESIAN_POINT('',(-9.2,3.527764029923,131.14933091772));
#3270 = VECTOR('',#3271,1.);
#3271 = DIRECTION('',(-0.,0.766044443119,0.642787609687));
#3272 = PCURVE('',#1811,#3273);
#3273 = DEFINITIONAL_REPRESENTATION('',(#3274),#3277);
#3274 = B_SPLINE_CURVE_WITH_KNOTS('',1,(#3275,#3276),.UNSPECIFIED.,.F.,
  .F.,(2,2),(-8.926969617351,2.387911562882),.PIECEWISE_BEZIER_KNOTS.);
#3275 = CARTESIAN_POINT('',(10.8,-16.));
#3276 = CARTESIAN_POINT('',(10.8,-4.685118819767));
#3277 = ( GEOMETRIC_REPRESENTATION_CONTEXT(2) 
PARAMETRIC_REPRESENTATION_CONTEXT() REPRESENTATION_CONTEXT('2D SPACE',''
  ) );
#3278 = PCURVE('',#2651,#3279);
#3279 = DEFINITIONAL_REPRESENTATION('',(#3280),#3283);
#3280 = B_SPLINE_CURVE_WITH_KNOTS('',1,(#3281,#3282),.UNSPECIFIED.,.F.,
  .F.,(2,2),(-8.926969617351,2.387911562882),.PIECEWISE_BEZIER_KNOTS.);
#3281 = CARTESIAN_POINT('',(2.047739392418,4.138403159883));
#3282 = CARTESIAN_POINT('',(9.320804820147,-4.529298692785));
#3283 = ( GEOMETRIC_REPRESENTATION_CONTEXT(2) 
PARAMETRIC_REPRESENTATION_CONTEXT() REPRESENTATION_CONTEXT('2D SPACE',''
  ) );
#3284 = ORIENTED_EDGE('',*,*,#3285,.T.);
#3285 = EDGE_CURVE('',#3265,#3286,#3288,.T.);
#3286 = VERTEX_POINT('',#3287);
#3287 = CARTESIAN_POINT('',(9.2,3.111447653721,130.8));
#3288 = SURFACE_CURVE('',#3289,(#3293,#3299),.PCURVE_S1.);
#3289 = LINE('',#3290,#3291);
#3290 = CARTESIAN_POINT('',(-16.,3.111447653721,130.8));
#3291 = VECTOR('',#3292,1.);
#3292 = DIRECTION('',(1.,0.,-0.));
#3293 = PCURVE('',#1811,#3294);
#3294 = DEFINITIONAL_REPRESENTATION('',(#3295),#3298);
#3295 = B_SPLINE_CURVE_WITH_KNOTS('',1,(#3296,#3297),.UNSPECIFIED.,.F.,
  .F.,(2,2),(4.,28.),.PIECEWISE_BEZIER_KNOTS.);
#3296 = CARTESIAN_POINT('',(8.,-7.616492814812));
#3297 = CARTESIAN_POINT('',(32.,-7.616492814812));
#3298 = ( GEOMETRIC_REPRESENTATION_CONTEXT(2) 
PARAMETRIC_REPRESENTATION_CONTEXT() REPRESENTATION_CONTEXT('2D SPACE',''
  ) );
#3299 = PCURVE('',#2678,#3300);
#3300 = DEFINITIONAL_REPRESENTATION('',(#3301),#3304);
#3301 = B_SPLINE_CURVE_WITH_KNOTS('',1,(#3302,#3303),.UNSPECIFIED.,.F.,
  .F.,(2,2),(4.,28.),.PIECEWISE_BEZIER_KNOTS.);
#3302 = CARTESIAN_POINT('',(0.,11.611447653721));
#3303 = CARTESIAN_POINT('',(24.,11.611447653721));
#3304 = ( GEOMETRIC_REPRESENTATION_CONTEXT(2) 
PARAMETRIC_REPRESENTATION_CONTEXT() REPRESENTATION_CONTEXT('2D SPACE',''
  ) );
#3305 = ORIENTED_EDGE('',*,*,#3306,.T.);
#3306 = EDGE_CURVE('',#3286,#3307,#3309,.T.);
#3307 = VERTEX_POINT('',#3308);
#3308 = CARTESIAN_POINT('',(9.2,4.911165361797,132.31014246507));
#3309 = SURFACE_CURVE('',#3310,(#3314,#3320),.PCURVE_S1.);
#3310 = LINE('',#3311,#3312);
#3311 = CARTESIAN_POINT('',(9.2,3.527764029923,131.14933091772));
#3312 = VECTOR('',#3313,1.);
#3313 = DIRECTION('',(-0.,0.766044443119,0.642787609687));
#3314 = PCURVE('',#1811,#3315);
#3315 = DEFINITIONAL_REPRESENTATION('',(#3316),#3319);
#3316 = B_SPLINE_CURVE_WITH_KNOTS('',1,(#3317,#3318),.UNSPECIFIED.,.F.,
  .F.,(2,2),(-8.926969617351,2.387911562882),.PIECEWISE_BEZIER_KNOTS.);
#3317 = CARTESIAN_POINT('',(29.2,-16.));
#3318 = CARTESIAN_POINT('',(29.2,-4.685118819767));
#3319 = ( GEOMETRIC_REPRESENTATION_CONTEXT(2) 
PARAMETRIC_REPRESENTATION_CONTEXT() REPRESENTATION_CONTEXT('2D SPACE',''
  ) );
#3320 = PCURVE('',#2706,#3321);
#3321 = DEFINITIONAL_REPRESENTATION('',(#3322),#3325);
#3322 = B_SPLINE_CURVE_WITH_KNOTS('',1,(#3323,#3324),.UNSPECIFIED.,.F.,
  .F.,(2,2),(-8.926969617351,2.387911562882),.PIECEWISE_BEZIER_KNOTS.);
#3323 = CARTESIAN_POINT('',(2.047739392418,4.138403159883));
#3324 = CARTESIAN_POINT('',(9.320804820147,-4.529298692785));
#3325 = ( GEOMETRIC_REPRESENTATION_CONTEXT(2) 
PARAMETRIC_REPRESENTATION_CONTEXT() REPRESENTATION_CONTEXT('2D SPACE',''
  ) );
#3326 = ORIENTED_EDGE('',*,*,#3327,.T.);
#3327 = EDGE_CURVE('',#3307,#3328,#3330,.T.);
#3328 = VERTEX_POINT('',#3329);
#3329 = CARTESIAN_POINT('',(11.8,4.911165361797,132.31014246507));
#3330 = SURFACE_CURVE('',#3331,(#3335,#3341),.PCURVE_S1.);
#3331 = LINE('',#3332,#3333);
#3332 = CARTESIAN_POINT('',(-5.4,4.911165361797,132.31014246507));
#3333 = VECTOR('',#3334,1.);
#3334 = DIRECTION('',(1.,0.,0.));
#3335 = PCURVE('',#1811,#3336);
#3336 = DEFINITIONAL_REPRESENTATION('',(#3337),#3340);
#3337 = B_SPLINE_CURVE_WITH_KNOTS('',1,(#3338,#3339),.UNSPECIFIED.,.F.,
  .F.,(2,2),(14.6,17.2),.PIECEWISE_BEZIER_KNOTS.);
#3338 = CARTESIAN_POINT('',(29.2,-5.267128199949));
#3339 = CARTESIAN_POINT('',(31.8,-5.267128199949));
#3340 = ( GEOMETRIC_REPRESENTATION_CONTEXT(2) 
PARAMETRIC_REPRESENTATION_CONTEXT() REPRESENTATION_CONTEXT('2D SPACE',''
  ) );
#3341 = PCURVE('',#2733,#3342);
#3342 = DEFINITIONAL_REPRESENTATION('',(#3343),#3346);
#3343 = B_SPLINE_CURVE_WITH_KNOTS('',1,(#3344,#3345),.UNSPECIFIED.,.F.,
  .F.,(2,2),(14.6,17.2),.PIECEWISE_BEZIER_KNOTS.);
#3344 = CARTESIAN_POINT('',(19.603525500467,0.));
#3345 = CARTESIAN_POINT('',(19.603525500467,-2.6));
#3346 = ( GEOMETRIC_REPRESENTATION_CONTEXT(2) 
PARAMETRIC_REPRESENTATION_CONTEXT() REPRESENTATION_CONTEXT('2D SPACE',''
  ) );
#3347 = ORIENTED_EDGE('',*,*,#3348,.F.);
#3348 = EDGE_CURVE('',#3349,#3328,#3351,.T.);
#3349 = VERTEX_POINT('',#3350);
#3350 = CARTESIAN_POINT('',(11.8,3.111447653721,130.8));
#3351 = SURFACE_CURVE('',#3352,(#3356,#3362),.PCURVE_S1.);
#3352 = LINE('',#3353,#3354);
#3353 = CARTESIAN_POINT('',(11.8,3.527764029923,131.14933091772));
#3354 = VECTOR('',#3355,1.);
#3355 = DIRECTION('',(-0.,0.766044443119,0.642787609687));
#3356 = PCURVE('',#1811,#3357);
#3357 = DEFINITIONAL_REPRESENTATION('',(#3358),#3361);
#3358 = B_SPLINE_CURVE_WITH_KNOTS('',1,(#3359,#3360),.UNSPECIFIED.,.F.,
  .F.,(2,2),(-8.926969617351,2.387911562882),.PIECEWISE_BEZIER_KNOTS.);
#3359 = CARTESIAN_POINT('',(31.8,-16.));
#3360 = CARTESIAN_POINT('',(31.8,-4.685118819767));
#3361 = ( GEOMETRIC_REPRESENTATION_CONTEXT(2) 
PARAMETRIC_REPRESENTATION_CONTEXT() REPRESENTATION_CONTEXT('2D SPACE',''
  ) );
#3362 = PCURVE('',#2815,#3363);
#3363 = DEFINITIONAL_REPRESENTATION('',(#3364),#3367);
#3364 = B_SPLINE_CURVE_WITH_KNOTS('',1,(#3365,#3366),.UNSPECIFIED.,.F.,
  .F.,(2,2),(-8.926969617351,2.387911562882),.PIECEWISE_BEZIER_KNOTS.);
#3365 = CARTESIAN_POINT('',(2.047739392418,4.138403159883));
#3366 = CARTESIAN_POINT('',(9.320804820147,-4.529298692785));
#3367 = ( GEOMETRIC_REPRESENTATION_CONTEXT(2) 
PARAMETRIC_REPRESENTATION_CONTEXT() REPRESENTATION_CONTEXT('2D SPACE',''
  ) );
#3368 = ORIENTED_EDGE('',*,*,#3369,.T.);
#3369 = EDGE_CURVE('',#3349,#2827,#3370,.T.);
#3370 = SURFACE_CURVE('',#3371,(#3375,#3381),.PCURVE_S1.);
#3371 = LINE('',#3372,#3373);
#3372 = CARTESIAN_POINT('',(-16.,3.111447653721,130.8));
#3373 = VECTOR('',#3374,1.);
#3374 = DIRECTION('',(1.,0.,-0.));
#3375 = PCURVE('',#1811,#3376);
#3376 = DEFINITIONAL_REPRESENTATION('',(#3377),#3380);
#3377 = B_SPLINE_CURVE_WITH_KNOTS('',1,(#3378,#3379),.UNSPECIFIED.,.F.,
  .F.,(2,2),(4.,28.),.PIECEWISE_BEZIER_KNOTS.);
#3378 = CARTESIAN_POINT('',(8.,-7.616492814812));
#3379 = CARTESIAN_POINT('',(32.,-7.616492814812));
#3380 = ( GEOMETRIC_REPRESENTATION_CONTEXT(2) 
PARAMETRIC_REPRESENTATION_CONTEXT() REPRESENTATION_CONTEXT('2D SPACE',''
  ) );
#3381 = PCURVE('',#2843,#3382);
#3382 = DEFINITIONAL_REPRESENTATION('',(#3383),#3386);
#3383 = B_SPLINE_CURVE_WITH_KNOTS('',1,(#3384,#3385),.UNSPECIFIED.,.F.,
  .F.,(2,2),(4.,28.),.PIECEWISE_BEZIER_KNOTS.);
#3384 = CARTESIAN_POINT('',(0.,11.611447653721));
#3385 = CARTESIAN_POINT('',(24.,11.611447653721));
#3386 = ( GEOMETRIC_REPRESENTATION_CONTEXT(2) 
PARAMETRIC_REPRESENTATION_CONTEXT() REPRESENTATION_CONTEXT('2D SPACE',''
  ) );
#3387 = ORIENTED_EDGE('',*,*,#2855,.F.);
#3388 = ORIENTED_EDGE('',*,*,#2088,.T.);
#3389 = ORIENTED_EDGE('',*,*,#3390,.T.);
#3390 = EDGE_CURVE('',#2089,#3108,#3391,.T.);
#3391 = SURFACE_CURVE('',#3392,(#3396,#3403),.PCURVE_S1.);
#3392 = LINE('',#3393,#3394);
#3393 = CARTESIAN_POINT('',(-20.,8.946019650563,135.69578721062));
#3394 = VECTOR('',#3395,1.);
#3395 = DIRECTION('',(1.,0.,0.));
#3396 = PCURVE('',#1811,#3397);
#3397 = DEFINITIONAL_REPRESENTATION('',(#3398),#3402);
#3398 = LINE('',#3399,#3400);
#3399 = CARTESIAN_POINT('',(0.,0.));
#3400 = VECTOR('',#3401,1.);
#3401 = DIRECTION('',(1.,0.));
#3402 = ( GEOMETRIC_REPRESENTATION_CONTEXT(2) 
PARAMETRIC_REPRESENTATION_CONTEXT() REPRESENTATION_CONTEXT('2D SPACE',''
  ) );
#3403 = PCURVE('',#2127,#3404);
#3404 = DEFINITIONAL_REPRESENTATION('',(#3405),#3409);
#3405 = LINE('',#3406,#3407);
#3406 = CARTESIAN_POINT('',(0.,0.));
#3407 = VECTOR('',#3408,1.);
#3408 = DIRECTION('',(0.,1.));
#3409 = ( GEOMETRIC_REPRESENTATION_CONTEXT(2) 
PARAMETRIC_REPRESENTATION_CONTEXT() REPRESENTATION_CONTEXT('2D SPACE',''
  ) );
#3410 = FACE_BOUND('',#3411,.F.);
#3411 = EDGE_LOOP('',(#3412));
#3412 = ORIENTED_EDGE('',*,*,#3413,.F.);
#3413 = EDGE_CURVE('',#3414,#3414,#3416,.T.);
#3414 = VERTEX_POINT('',#3415);
#3415 = CARTESIAN_POINT('',(-8.3,25.79899739918,149.83711462373));
#3416 = SURFACE_CURVE('',#3417,(#3422,#3429),.PCURVE_S1.);
#3417 = CIRCLE('',#3418,1.7);
#3418 = AXIS2_PLACEMENT_3D('',#3419,#3420,#3421);
#3419 = CARTESIAN_POINT('',(-10.,25.79899739918,149.83711462373));
#3420 = DIRECTION('',(0.,-0.642787609687,0.766044443119));
#3421 = DIRECTION('',(1.,0.,0.));
#3422 = PCURVE('',#1811,#3423);
#3423 = DEFINITIONAL_REPRESENTATION('',(#3424),#3428);
#3424 = CIRCLE('',#3425,1.7);
#3425 = AXIS2_PLACEMENT_2D('',#3426,#3427);
#3426 = CARTESIAN_POINT('',(10.,22.));
#3427 = DIRECTION('',(1.,0.));
#3428 = ( GEOMETRIC_REPRESENTATION_CONTEXT(2) 
PARAMETRIC_REPRESENTATION_CONTEXT() REPRESENTATION_CONTEXT('2D SPACE',''
  ) );
#3429 = PCURVE('',#3061,#3430);
#3430 = DEFINITIONAL_REPRESENTATION('',(#3431),#3435);
#3431 = LINE('',#3432,#3433);
#3432 = CARTESIAN_POINT('',(0.,4.));
#3433 = VECTOR('',#3434,1.);
#3434 = DIRECTION('',(1.,0.));
#3435 = ( GEOMETRIC_REPRESENTATION_CONTEXT(2) 
PARAMETRIC_REPRESENTATION_CONTEXT() REPRESENTATION_CONTEXT('2D SPACE',''
  ) );
#3436 = FACE_BOUND('',#3437,.F.);
#3437 = EDGE_LOOP('',(#3438));
#3438 = ORIENTED_EDGE('',*,*,#3439,.F.);
#3439 = EDGE_CURVE('',#3440,#3440,#3442,.T.);
#3440 = VERTEX_POINT('',#3441);
#3441 = CARTESIAN_POINT('',(11.7,25.79899739918,149.83711462373));
#3442 = SURFACE_CURVE('',#3443,(#3448,#3455),.PCURVE_S1.);
#3443 = CIRCLE('',#3444,1.7);
#3444 = AXIS2_PLACEMENT_3D('',#3445,#3446,#3447);
#3445 = CARTESIAN_POINT('',(10.,25.79899739918,149.83711462373));
#3446 = DIRECTION('',(0.,-0.642787609687,0.766044443119));
#3447 = DIRECTION('',(1.,0.,0.));
#3448 = PCURVE('',#1811,#3449);
#3449 = DEFINITIONAL_REPRESENTATION('',(#3450),#3454);
#3450 = CIRCLE('',#3451,1.7);
#3451 = AXIS2_PLACEMENT_2D('',#3452,#3453);
#3452 = CARTESIAN_POINT('',(30.,22.));
#3453 = DIRECTION('',(1.,0.));
#3454 = ( GEOMETRIC_REPRESENTATION_CONTEXT(2) 
PARAMETRIC_REPRESENTATION_CONTEXT() REPRESENTATION_CONTEXT('2D SPACE',''
  ) );
#3455 = PCURVE('',#3092,#3456);
#3456 = DEFINITIONAL_REPRESENTATION('',(#3457),#3461);
#3457 = LINE('',#3458,#3459);
#3458 = CARTESIAN_POINT('',(0.,4.));
#3459 = VECTOR('',#3460,1.);
#3460 = DIRECTION('',(1.,0.));
#3461 = ( GEOMETRIC_REPRESENTATION_CONTEXT(2) 
PARAMETRIC_REPRESENTATION_CONTEXT() REPRESENTATION_CONTEXT('2D SPACE',''
  ) );
#3462 = ADVANCED_FACE('',(#3463),#2566,.T.);
#3463 = FACE_BOUND('',#3464,.T.);
#3464 = EDGE_LOOP('',(#3465,#3466,#3467));
#3465 = ORIENTED_EDGE('',*,*,#2549,.F.);
#3466 = ORIENTED_EDGE('',*,*,#3201,.T.);
#3467 = ORIENTED_EDGE('',*,*,#3468,.T.);
#3468 = EDGE_CURVE('',#3202,#2524,#3469,.T.);
#3469 = SURFACE_CURVE('',#3470,(#3474,#3480),.PCURVE_S1.);
#3470 = LINE('',#3471,#3472);
#3471 = CARTESIAN_POINT('',(-11.8,-3.836144139729,130.8));
#3472 = VECTOR('',#3473,1.);
#3473 = DIRECTION('',(0.,1.,0.));
#3474 = PCURVE('',#2566,#3475);
#3475 = DEFINITIONAL_REPRESENTATION('',(#3476),#3479);
#3476 = B_SPLINE_CURVE_WITH_KNOTS('',1,(#3477,#3478),.UNSPECIFIED.,.F.,
  .F.,(2,2),(-2.163855860271,7.336144139729),.PIECEWISE_BEZIER_KNOTS.);
#3477 = CARTESIAN_POINT('',(0.2,2.5));
#3478 = CARTESIAN_POINT('',(0.2,12.));
#3479 = ( GEOMETRIC_REPRESENTATION_CONTEXT(2) 
PARAMETRIC_REPRESENTATION_CONTEXT() REPRESENTATION_CONTEXT('2D SPACE',''
  ) );
#3480 = PCURVE('',#2538,#3481);
#3481 = DEFINITIONAL_REPRESENTATION('',(#3482),#3485);
#3482 = B_SPLINE_CURVE_WITH_KNOTS('',1,(#3483,#3484),.UNSPECIFIED.,.F.,
  .F.,(2,2),(-2.163855860271,7.336144139729),.PIECEWISE_BEZIER_KNOTS.);
#3483 = CARTESIAN_POINT('',(7.436553936775,6.827711720542));
#3484 = CARTESIAN_POINT('',(7.436553936775,-2.672288279458));
#3485 = ( GEOMETRIC_REPRESENTATION_CONTEXT(2) 
PARAMETRIC_REPRESENTATION_CONTEXT() REPRESENTATION_CONTEXT('2D SPACE',''
  ) );
#3486 = ADVANCED_FACE('',(#3487),#2538,.F.);
#3487 = FACE_BOUND('',#3488,.F.);
#3488 = EDGE_LOOP('',(#3489,#3490,#3491,#3492));
#3489 = ORIENTED_EDGE('',*,*,#3222,.F.);
#3490 = ORIENTED_EDGE('',*,*,#3468,.T.);
#3491 = ORIENTED_EDGE('',*,*,#2523,.F.);
#3492 = ORIENTED_EDGE('',*,*,#3493,.T.);
#3493 = EDGE_CURVE('',#2489,#3223,#3494,.T.);
#3494 = SURFACE_CURVE('',#3495,(#3499,#3506),.PCURVE_S1.);
#3495 = LINE('',#3496,#3497);
#3496 = CARTESIAN_POINT('',(-11.8,3.,112.8));
#3497 = VECTOR('',#3498,1.);
#3498 = DIRECTION('',(0.,9.749090089694E-02,0.995236416256));
#3499 = PCURVE('',#2538,#3500);
#3500 = DEFINITIONAL_REPRESENTATION('',(#3501),#3505);
#3501 = LINE('',#3502,#3503);
#3502 = CARTESIAN_POINT('',(-10.56344606322,-2.172288279458));
#3503 = VECTOR('',#3504,1.);
#3504 = DIRECTION('',(0.995236416256,-9.749090089694E-02));
#3505 = ( GEOMETRIC_REPRESENTATION_CONTEXT(2) 
PARAMETRIC_REPRESENTATION_CONTEXT() REPRESENTATION_CONTEXT('2D SPACE',''
  ) );
#3506 = PCURVE('',#2511,#3507);
#3507 = DEFINITIONAL_REPRESENTATION('',(#3508),#3512);
#3508 = LINE('',#3509,#3510);
#3509 = CARTESIAN_POINT('',(0.,0.));
#3510 = VECTOR('',#3511,1.);
#3511 = DIRECTION('',(1.,0.));
#3512 = ( GEOMETRIC_REPRESENTATION_CONTEXT(2) 
PARAMETRIC_REPRESENTATION_CONTEXT() REPRESENTATION_CONTEXT('2D SPACE',''
  ) );
#3513 = ADVANCED_FACE('',(#3514),#2511,.F.);
#3514 = FACE_BOUND('',#3515,.F.);
#3515 = EDGE_LOOP('',(#3516,#3517,#3518,#3519,#3540));
#3516 = ORIENTED_EDGE('',*,*,#3493,.F.);
#3517 = ORIENTED_EDGE('',*,*,#2488,.F.);
#3518 = ORIENTED_EDGE('',*,*,#2613,.T.);
#3519 = ORIENTED_EDGE('',*,*,#3520,.T.);
#3520 = EDGE_CURVE('',#2614,#3244,#3521,.T.);
#3521 = SURFACE_CURVE('',#3522,(#3526,#3533),.PCURVE_S1.);
#3522 = LINE('',#3523,#3524);
#3523 = CARTESIAN_POINT('',(-9.2,3.,112.8));
#3524 = VECTOR('',#3525,1.);
#3525 = DIRECTION('',(0.,9.749090089694E-02,0.995236416256));
#3526 = PCURVE('',#2511,#3527);
#3527 = DEFINITIONAL_REPRESENTATION('',(#3528),#3532);
#3528 = LINE('',#3529,#3530);
#3529 = CARTESIAN_POINT('',(0.,-2.6));
#3530 = VECTOR('',#3531,1.);
#3531 = DIRECTION('',(1.,0.));
#3532 = ( GEOMETRIC_REPRESENTATION_CONTEXT(2) 
PARAMETRIC_REPRESENTATION_CONTEXT() REPRESENTATION_CONTEXT('2D SPACE',''
  ) );
#3533 = PCURVE('',#2651,#3534);
#3534 = DEFINITIONAL_REPRESENTATION('',(#3535),#3539);
#3535 = LINE('',#3536,#3537);
#3536 = CARTESIAN_POINT('',(-10.56344606322,-2.172288279458));
#3537 = VECTOR('',#3538,1.);
#3538 = DIRECTION('',(0.995236416256,-9.749090089694E-02));
#3539 = ( GEOMETRIC_REPRESENTATION_CONTEXT(2) 
PARAMETRIC_REPRESENTATION_CONTEXT() REPRESENTATION_CONTEXT('2D SPACE',''
  ) );
#3540 = ORIENTED_EDGE('',*,*,#3243,.F.);
#3541 = ADVANCED_FACE('',(#3542),#2733,.F.);
#3542 = FACE_BOUND('',#3543,.F.);
#3543 = EDGE_LOOP('',(#3544,#3565,#3566,#3567,#3588));
#3544 = ORIENTED_EDGE('',*,*,#3545,.F.);
#3545 = EDGE_CURVE('',#2691,#3307,#3546,.T.);
#3546 = SURFACE_CURVE('',#3547,(#3551,#3558),.PCURVE_S1.);
#3547 = LINE('',#3548,#3549);
#3548 = CARTESIAN_POINT('',(9.2,3.,112.8));
#3549 = VECTOR('',#3550,1.);
#3550 = DIRECTION('',(0.,9.749090089694E-02,0.995236416256));
#3551 = PCURVE('',#2733,#3552);
#3552 = DEFINITIONAL_REPRESENTATION('',(#3553),#3557);
#3553 = LINE('',#3554,#3555);
#3554 = CARTESIAN_POINT('',(0.,0.));
#3555 = VECTOR('',#3556,1.);
#3556 = DIRECTION('',(1.,0.));
#3557 = ( GEOMETRIC_REPRESENTATION_CONTEXT(2) 
PARAMETRIC_REPRESENTATION_CONTEXT() REPRESENTATION_CONTEXT('2D SPACE',''
  ) );
#3558 = PCURVE('',#2706,#3559);
#3559 = DEFINITIONAL_REPRESENTATION('',(#3560),#3564);
#3560 = LINE('',#3561,#3562);
#3561 = CARTESIAN_POINT('',(-10.56344606322,-2.172288279458));
#3562 = VECTOR('',#3563,1.);
#3563 = DIRECTION('',(0.995236416256,-9.749090089694E-02));
#3564 = ( GEOMETRIC_REPRESENTATION_CONTEXT(2) 
PARAMETRIC_REPRESENTATION_CONTEXT() REPRESENTATION_CONTEXT('2D SPACE',''
  ) );
#3565 = ORIENTED_EDGE('',*,*,#2717,.T.);
#3566 = ORIENTED_EDGE('',*,*,#2770,.F.);
#3567 = ORIENTED_EDGE('',*,*,#3568,.T.);
#3568 = EDGE_CURVE('',#2771,#3328,#3569,.T.);
#3569 = SURFACE_CURVE('',#3570,(#3574,#3581),.PCURVE_S1.);
#3570 = LINE('',#3571,#3572);
#3571 = CARTESIAN_POINT('',(11.8,3.,112.8));
#3572 = VECTOR('',#3573,1.);
#3573 = DIRECTION('',(0.,9.749090089694E-02,0.995236416256));
#3574 = PCURVE('',#2733,#3575);
#3575 = DEFINITIONAL_REPRESENTATION('',(#3576),#3580);
#3576 = LINE('',#3577,#3578);
#3577 = CARTESIAN_POINT('',(0.,-2.6));
#3578 = VECTOR('',#3579,1.);
#3579 = DIRECTION('',(1.,0.));
#3580 = ( GEOMETRIC_REPRESENTATION_CONTEXT(2) 
PARAMETRIC_REPRESENTATION_CONTEXT() REPRESENTATION_CONTEXT('2D SPACE',''
  ) );
#3581 = PCURVE('',#2815,#3582);
#3582 = DEFINITIONAL_REPRESENTATION('',(#3583),#3587);
#3583 = LINE('',#3584,#3585);
#3584 = CARTESIAN_POINT('',(-10.56344606322,-2.172288279458));
#3585 = VECTOR('',#3586,1.);
#3586 = DIRECTION('',(0.995236416256,-9.749090089694E-02));
#3587 = ( GEOMETRIC_REPRESENTATION_CONTEXT(2) 
PARAMETRIC_REPRESENTATION_CONTEXT() REPRESENTATION_CONTEXT('2D SPACE',''
  ) );
#3588 = ORIENTED_EDGE('',*,*,#3327,.F.);
#3589 = ADVANCED_FACE('',(#3590),#2706,.F.);
#3590 = FACE_BOUND('',#3591,.F.);
#3591 = EDGE_LOOP('',(#3592,#3593,#3612,#3613));
#3592 = ORIENTED_EDGE('',*,*,#3306,.F.);
#3593 = ORIENTED_EDGE('',*,*,#3594,.T.);
#3594 = EDGE_CURVE('',#3286,#2663,#3595,.T.);
#3595 = SURFACE_CURVE('',#3596,(#3600,#3606),.PCURVE_S1.);
#3596 = LINE('',#3597,#3598);
#3597 = CARTESIAN_POINT('',(9.2,-3.836144139729,130.8));
#3598 = VECTOR('',#3599,1.);
#3599 = DIRECTION('',(0.,1.,0.));
#3600 = PCURVE('',#2706,#3601);
#3601 = DEFINITIONAL_REPRESENTATION('',(#3602),#3605);
#3602 = B_SPLINE_CURVE_WITH_KNOTS('',1,(#3603,#3604),.UNSPECIFIED.,.F.,
  .F.,(2,2),(-2.163855860271,7.336144139729),.PIECEWISE_BEZIER_KNOTS.);
#3603 = CARTESIAN_POINT('',(7.436553936775,6.827711720542));
#3604 = CARTESIAN_POINT('',(7.436553936775,-2.672288279458));
#3605 = ( GEOMETRIC_REPRESENTATION_CONTEXT(2) 
PARAMETRIC_REPRESENTATION_CONTEXT() REPRESENTATION_CONTEXT('2D SPACE',''
  ) );
#3606 = PCURVE('',#2678,#3607);
#3607 = DEFINITIONAL_REPRESENTATION('',(#3608),#3611);
#3608 = B_SPLINE_CURVE_WITH_KNOTS('',1,(#3609,#3610),.UNSPECIFIED.,.F.,
  .F.,(2,2),(-2.163855860271,7.336144139729),.PIECEWISE_BEZIER_KNOTS.);
#3609 = CARTESIAN_POINT('',(21.2,2.5));
#3610 = CARTESIAN_POINT('',(21.2,12.));
#3611 = ( GEOMETRIC_REPRESENTATION_CONTEXT(2) 
PARAMETRIC_REPRESENTATION_CONTEXT() REPRESENTATION_CONTEXT('2D SPACE',''
  ) );
#3612 = ORIENTED_EDGE('',*,*,#2690,.T.);
#3613 = ORIENTED_EDGE('',*,*,#3545,.T.);
#3614 = ADVANCED_FACE('',(#3615),#2678,.T.);
#3615 = FACE_BOUND('',#3616,.T.);
#3616 = EDGE_LOOP('',(#3617,#3618,#3637,#3638));
#3617 = ORIENTED_EDGE('',*,*,#2662,.F.);
#3618 = ORIENTED_EDGE('',*,*,#3619,.F.);
#3619 = EDGE_CURVE('',#3265,#2636,#3620,.T.);
#3620 = SURFACE_CURVE('',#3621,(#3625,#3631),.PCURVE_S1.);
#3621 = LINE('',#3622,#3623);
#3622 = CARTESIAN_POINT('',(-9.2,-3.836144139729,130.8));
#3623 = VECTOR('',#3624,1.);
#3624 = DIRECTION('',(0.,1.,0.));
#3625 = PCURVE('',#2678,#3626);
#3626 = DEFINITIONAL_REPRESENTATION('',(#3627),#3630);
#3627 = B_SPLINE_CURVE_WITH_KNOTS('',1,(#3628,#3629),.UNSPECIFIED.,.F.,
  .F.,(2,2),(-2.163855860271,7.336144139729),.PIECEWISE_BEZIER_KNOTS.);
#3628 = CARTESIAN_POINT('',(2.8,2.5));
#3629 = CARTESIAN_POINT('',(2.8,12.));
#3630 = ( GEOMETRIC_REPRESENTATION_CONTEXT(2) 
PARAMETRIC_REPRESENTATION_CONTEXT() REPRESENTATION_CONTEXT('2D SPACE',''
  ) );
#3631 = PCURVE('',#2651,#3632);
#3632 = DEFINITIONAL_REPRESENTATION('',(#3633),#3636);
#3633 = B_SPLINE_CURVE_WITH_KNOTS('',1,(#3634,#3635),.UNSPECIFIED.,.F.,
  .F.,(2,2),(-2.163855860271,7.336144139729),.PIECEWISE_BEZIER_KNOTS.);
#3634 = CARTESIAN_POINT('',(7.436553936775,6.827711720542));
#3635 = CARTESIAN_POINT('',(7.436553936775,-2.672288279458));
#3636 = ( GEOMETRIC_REPRESENTATION_CONTEXT(2) 
PARAMETRIC_REPRESENTATION_CONTEXT() REPRESENTATION_CONTEXT('2D SPACE',''
  ) );
#3637 = ORIENTED_EDGE('',*,*,#3285,.T.);
#3638 = ORIENTED_EDGE('',*,*,#3594,.T.);
#3639 = ADVANCED_FACE('',(#3640),#2651,.T.);
#3640 = FACE_BOUND('',#3641,.T.);
#3641 = EDGE_LOOP('',(#3642,#3643,#3644,#3645));
#3642 = ORIENTED_EDGE('',*,*,#3264,.F.);
#3643 = ORIENTED_EDGE('',*,*,#3619,.T.);
#3644 = ORIENTED_EDGE('',*,*,#2635,.T.);
#3645 = ORIENTED_EDGE('',*,*,#3520,.T.);
#3646 = ADVANCED_FACE('',(#3647),#2843,.T.);
#3647 = FACE_BOUND('',#3648,.T.);
#3648 = EDGE_LOOP('',(#3649,#3650,#3651));
#3649 = ORIENTED_EDGE('',*,*,#3369,.T.);
#3650 = ORIENTED_EDGE('',*,*,#2826,.T.);
#3651 = ORIENTED_EDGE('',*,*,#3652,.F.);
#3652 = EDGE_CURVE('',#3349,#2801,#3653,.T.);
#3653 = SURFACE_CURVE('',#3654,(#3658,#3664),.PCURVE_S1.);
#3654 = LINE('',#3655,#3656);
#3655 = CARTESIAN_POINT('',(11.8,-3.836144139729,130.8));
#3656 = VECTOR('',#3657,1.);
#3657 = DIRECTION('',(0.,1.,0.));
#3658 = PCURVE('',#2843,#3659);
#3659 = DEFINITIONAL_REPRESENTATION('',(#3660),#3663);
#3660 = B_SPLINE_CURVE_WITH_KNOTS('',1,(#3661,#3662),.UNSPECIFIED.,.F.,
  .F.,(2,2),(-2.163855860271,7.336144139729),.PIECEWISE_BEZIER_KNOTS.);
#3661 = CARTESIAN_POINT('',(23.8,2.5));
#3662 = CARTESIAN_POINT('',(23.8,12.));
#3663 = ( GEOMETRIC_REPRESENTATION_CONTEXT(2) 
PARAMETRIC_REPRESENTATION_CONTEXT() REPRESENTATION_CONTEXT('2D SPACE',''
  ) );
#3664 = PCURVE('',#2815,#3665);
#3665 = DEFINITIONAL_REPRESENTATION('',(#3666),#3669);
#3666 = B_SPLINE_CURVE_WITH_KNOTS('',1,(#3667,#3668),.UNSPECIFIED.,.F.,
  .F.,(2,2),(-2.163855860271,7.336144139729),.PIECEWISE_BEZIER_KNOTS.);
#3667 = CARTESIAN_POINT('',(7.436553936775,6.827711720542));
#3668 = CARTESIAN_POINT('',(7.436553936775,-2.672288279458));
#3669 = ( GEOMETRIC_REPRESENTATION_CONTEXT(2) 
PARAMETRIC_REPRESENTATION_CONTEXT() REPRESENTATION_CONTEXT('2D SPACE',''
  ) );
#3670 = ADVANCED_FACE('',(#3671),#2815,.T.);
#3671 = FACE_BOUND('',#3672,.T.);
#3672 = EDGE_LOOP('',(#3673,#3674,#3675,#3676));
#3673 = ORIENTED_EDGE('',*,*,#3348,.F.);
#3674 = ORIENTED_EDGE('',*,*,#3652,.T.);
#3675 = ORIENTED_EDGE('',*,*,#2800,.F.);
#3676 = ORIENTED_EDGE('',*,*,#3568,.T.);
#3677 = ADVANCED_FACE('',(#3678),#2929,.T.);
#3678 = FACE_BOUND('',#3679,.T.);
#3679 = EDGE_LOOP('',(#3680,#3701,#3702,#3723));
#3680 = ORIENTED_EDGE('',*,*,#3681,.F.);
#3681 = EDGE_CURVE('',#3108,#2912,#3682,.T.);
#3682 = SURFACE_CURVE('',#3683,(#3687,#3694),.PCURVE_S1.);
#3683 = LINE('',#3684,#3685);
#3684 = CARTESIAN_POINT('',(20.,8.946019650563,135.69578721062));
#3685 = VECTOR('',#3686,1.);
#3686 = DIRECTION('',(0.,-0.642787609687,0.766044443119));
#3687 = PCURVE('',#2929,#3688);
#3688 = DEFINITIONAL_REPRESENTATION('',(#3689),#3693);
#3689 = LINE('',#3690,#3691);
#3690 = CARTESIAN_POINT('',(0.,0.));
#3691 = VECTOR('',#3692,1.);
#3692 = DIRECTION('',(1.,0.));
#3693 = ( GEOMETRIC_REPRESENTATION_CONTEXT(2) 
PARAMETRIC_REPRESENTATION_CONTEXT() REPRESENTATION_CONTEXT('2D SPACE',''
  ) );
#3694 = PCURVE('',#2127,#3695);
#3695 = DEFINITIONAL_REPRESENTATION('',(#3696),#3700);
#3696 = LINE('',#3697,#3698);
#3697 = CARTESIAN_POINT('',(0.,40.));
#3698 = VECTOR('',#3699,1.);
#3699 = DIRECTION('',(1.,0.));
#3700 = ( GEOMETRIC_REPRESENTATION_CONTEXT(2) 
PARAMETRIC_REPRESENTATION_CONTEXT() REPRESENTATION_CONTEXT('2D SPACE',''
  ) );
#3701 = ORIENTED_EDGE('',*,*,#3107,.T.);
#3702 = ORIENTED_EDGE('',*,*,#3703,.T.);
#3703 = EDGE_CURVE('',#3110,#2914,#3704,.T.);
#3704 = SURFACE_CURVE('',#3705,(#3709,#3716),.PCURVE_S1.);
#3705 = LINE('',#3706,#3707);
#3706 = CARTESIAN_POINT('',(20.,41.11988626156,162.69286681746));
#3707 = VECTOR('',#3708,1.);
#3708 = DIRECTION('',(0.,-0.642787609687,0.766044443119));
#3709 = PCURVE('',#2929,#3710);
#3710 = DEFINITIONAL_REPRESENTATION('',(#3711),#3715);
#3711 = LINE('',#3712,#3713);
#3712 = CARTESIAN_POINT('',(-1.06581410364E-14,-42.));
#3713 = VECTOR('',#3714,1.);
#3714 = DIRECTION('',(1.,0.));
#3715 = ( GEOMETRIC_REPRESENTATION_CONTEXT(2) 
PARAMETRIC_REPRESENTATION_CONTEXT() REPRESENTATION_CONTEXT('2D SPACE',''
  ) );
#3716 = PCURVE('',#2957,#3717);
#3717 = DEFINITIONAL_REPRESENTATION('',(#3718),#3722);
#3718 = LINE('',#3719,#3720);
#3719 = CARTESIAN_POINT('',(0.,40.));
#3720 = VECTOR('',#3721,1.);
#3721 = DIRECTION('',(1.,0.));
#3722 = ( GEOMETRIC_REPRESENTATION_CONTEXT(2) 
PARAMETRIC_REPRESENTATION_CONTEXT() REPRESENTATION_CONTEXT('2D SPACE',''
  ) );
#3723 = ORIENTED_EDGE('',*,*,#2911,.F.);
#3724 = ADVANCED_FACE('',(#3725),#2127,.F.);
#3725 = FACE_BOUND('',#3726,.F.);
#3726 = EDGE_LOOP('',(#3727,#3728,#3729,#3730));
#3727 = ORIENTED_EDGE('',*,*,#3390,.F.);
#3728 = ORIENTED_EDGE('',*,*,#2111,.F.);
#3729 = ORIENTED_EDGE('',*,*,#3021,.T.);
#3730 = ORIENTED_EDGE('',*,*,#3681,.F.);
#3731 = ADVANCED_FACE('',(#3732),#1839,.F.);
#3732 = FACE_BOUND('',#3733,.F.);
#3733 = EDGE_LOOP('',(#3734,#3735,#3756,#3757));
#3734 = ORIENTED_EDGE('',*,*,#3178,.F.);
#3735 = ORIENTED_EDGE('',*,*,#3736,.T.);
#3736 = EDGE_CURVE('',#3156,#2970,#3737,.T.);
#3737 = SURFACE_CURVE('',#3738,(#3742,#3749),.PCURVE_S1.);
#3738 = LINE('',#3739,#3740);
#3739 = CARTESIAN_POINT('',(-20.,8.946019650563,135.69578721062));
#3740 = VECTOR('',#3741,1.);
#3741 = DIRECTION('',(0.,-0.642787609687,0.766044443119));
#3742 = PCURVE('',#1839,#3743);
#3743 = DEFINITIONAL_REPRESENTATION('',(#3744),#3748);
#3744 = LINE('',#3745,#3746);
#3745 = CARTESIAN_POINT('',(0.,0.));
#3746 = VECTOR('',#3747,1.);
#3747 = DIRECTION('',(1.,0.));
#3748 = ( GEOMETRIC_REPRESENTATION_CONTEXT(2) 
PARAMETRIC_REPRESENTATION_CONTEXT() REPRESENTATION_CONTEXT('2D SPACE',''
  ) );
#3749 = PCURVE('',#2985,#3750);
#3750 = DEFINITIONAL_REPRESENTATION('',(#3751),#3755);
#3751 = LINE('',#3752,#3753);
#3752 = CARTESIAN_POINT('',(0.,0.));
#3753 = VECTOR('',#3754,1.);
#3754 = DIRECTION('',(1.,0.));
#3755 = ( GEOMETRIC_REPRESENTATION_CONTEXT(2) 
PARAMETRIC_REPRESENTATION_CONTEXT() REPRESENTATION_CONTEXT('2D SPACE',''
  ) );
#3756 = ORIENTED_EDGE('',*,*,#2997,.T.);
#3757 = ORIENTED_EDGE('',*,*,#1823,.T.);
#3758 = ADVANCED_FACE('',(#3759),#2985,.F.);
#3759 = FACE_BOUND('',#3760,.F.);
#3760 = EDGE_LOOP('',(#3761,#3762,#3763,#3784));
#3761 = ORIENTED_EDGE('',*,*,#3736,.F.);
#3762 = ORIENTED_EDGE('',*,*,#3155,.T.);
#3763 = ORIENTED_EDGE('',*,*,#3764,.T.);
#3764 = EDGE_CURVE('',#3133,#2942,#3765,.T.);
#3765 = SURFACE_CURVE('',#3766,(#3770,#3777),.PCURVE_S1.);
#3766 = LINE('',#3767,#3768);
#3767 = CARTESIAN_POINT('',(-20.,41.11988626156,162.69286681746));
#3768 = VECTOR('',#3769,1.);
#3769 = DIRECTION('',(0.,-0.642787609687,0.766044443119));
#3770 = PCURVE('',#2985,#3771);
#3771 = DEFINITIONAL_REPRESENTATION('',(#3772),#3776);
#3772 = LINE('',#3773,#3774);
#3773 = CARTESIAN_POINT('',(-1.06581410364E-14,-42.));
#3774 = VECTOR('',#3775,1.);
#3775 = DIRECTION('',(1.,0.));
#3776 = ( GEOMETRIC_REPRESENTATION_CONTEXT(2) 
PARAMETRIC_REPRESENTATION_CONTEXT() REPRESENTATION_CONTEXT('2D SPACE',''
  ) );
#3777 = PCURVE('',#2957,#3778);
#3778 = DEFINITIONAL_REPRESENTATION('',(#3779),#3783);
#3779 = LINE('',#3780,#3781);
#3780 = CARTESIAN_POINT('',(0.,0.));
#3781 = VECTOR('',#3782,1.);
#3782 = DIRECTION('',(1.,0.));
#3783 = ( GEOMETRIC_REPRESENTATION_CONTEXT(2) 
PARAMETRIC_REPRESENTATION_CONTEXT() REPRESENTATION_CONTEXT('2D SPACE',''
  ) );
#3784 = ORIENTED_EDGE('',*,*,#2969,.F.);
#3785 = ADVANCED_FACE('',(#3786),#2957,.T.);
#3786 = FACE_BOUND('',#3787,.T.);
#3787 = EDGE_LOOP('',(#3788,#3789,#3790,#3791));
#3788 = ORIENTED_EDGE('',*,*,#3132,.F.);
#3789 = ORIENTED_EDGE('',*,*,#3764,.T.);
#3790 = ORIENTED_EDGE('',*,*,#2941,.T.);
#3791 = ORIENTED_EDGE('',*,*,#3703,.F.);
#3792 = ADVANCED_FACE('',(#3793),#3061,.F.);
#3793 = FACE_BOUND('',#3794,.F.);
#3794 = EDGE_LOOP('',(#3795,#3796,#3817,#3818));
#3795 = ORIENTED_EDGE('',*,*,#3044,.F.);
#3796 = ORIENTED_EDGE('',*,*,#3797,.F.);
#3797 = EDGE_CURVE('',#3414,#3045,#3798,.T.);
#3798 = SEAM_CURVE('',#3799,(#3803,#3810),.PCURVE_S1.);
#3799 = LINE('',#3800,#3801);
#3800 = CARTESIAN_POINT('',(-8.3,28.370147837927,146.77293685125));
#3801 = VECTOR('',#3802,1.);
#3802 = DIRECTION('',(0.,-0.642787609687,0.766044443119));
#3803 = PCURVE('',#3061,#3804);
#3804 = DEFINITIONAL_REPRESENTATION('',(#3805),#3809);
#3805 = LINE('',#3806,#3807);
#3806 = CARTESIAN_POINT('',(6.28318530718,-0.));
#3807 = VECTOR('',#3808,1.);
#3808 = DIRECTION('',(0.,1.));
#3809 = ( GEOMETRIC_REPRESENTATION_CONTEXT(2) 
PARAMETRIC_REPRESENTATION_CONTEXT() REPRESENTATION_CONTEXT('2D SPACE',''
  ) );
#3810 = PCURVE('',#3061,#3811);
#3811 = DEFINITIONAL_REPRESENTATION('',(#3812),#3816);
#3812 = LINE('',#3813,#3814);
#3813 = CARTESIAN_POINT('',(0.,-0.));
#3814 = VECTOR('',#3815,1.);
#3815 = DIRECTION('',(0.,1.));
#3816 = ( GEOMETRIC_REPRESENTATION_CONTEXT(2) 
PARAMETRIC_REPRESENTATION_CONTEXT() REPRESENTATION_CONTEXT('2D SPACE',''
  ) );
#3817 = ORIENTED_EDGE('',*,*,#3413,.T.);
#3818 = ORIENTED_EDGE('',*,*,#3797,.T.);
#3819 = ADVANCED_FACE('',(#3820),#3092,.F.);
#3820 = FACE_BOUND('',#3821,.F.);
#3821 = EDGE_LOOP('',(#3822,#3823,#3844,#3845));
#3822 = ORIENTED_EDGE('',*,*,#3075,.F.);
#3823 = ORIENTED_EDGE('',*,*,#3824,.F.);
#3824 = EDGE_CURVE('',#3440,#3076,#3825,.T.);
#3825 = SEAM_CURVE('',#3826,(#3830,#3837),.PCURVE_S1.);
#3826 = LINE('',#3827,#3828);
#3827 = CARTESIAN_POINT('',(11.7,28.370147837927,146.77293685125));
#3828 = VECTOR('',#3829,1.);
#3829 = DIRECTION('',(0.,-0.642787609687,0.766044443119));
#3830 = PCURVE('',#3092,#3831);
#3831 = DEFINITIONAL_REPRESENTATION('',(#3832),#3836);
#3832 = LINE('',#3833,#3834);
#3833 = CARTESIAN_POINT('',(6.28318530718,-0.));
#3834 = VECTOR('',#3835,1.);
#3835 = DIRECTION('',(0.,1.));
#3836 = ( GEOMETRIC_REPRESENTATION_CONTEXT(2) 
PARAMETRIC_REPRESENTATION_CONTEXT() REPRESENTATION_CONTEXT('2D SPACE',''
  ) );
#3837 = PCURVE('',#3092,#3838);
#3838 = DEFINITIONAL_REPRESENTATION('',(#3839),#3843);
#3839 = LINE('',#3840,#3841);
#3840 = CARTESIAN_POINT('',(0.,-0.));
#3841 = VECTOR('',#3842,1.);
#3842 = DIRECTION('',(0.,1.));
#3843 = ( GEOMETRIC_REPRESENTATION_CONTEXT(2) 
PARAMETRIC_REPRESENTATION_CONTEXT() REPRESENTATION_CONTEXT('2D SPACE',''
  ) );
#3844 = ORIENTED_EDGE('',*,*,#3439,.T.);
#3845 = ORIENTED_EDGE('',*,*,#3824,.T.);
#3846 = ( GEOMETRIC_REPRESENTATION_CONTEXT(3) 
GLOBAL_UNCERTAINTY_ASSIGNED_CONTEXT((#3850)) 
GLOBAL_UNIT_ASSIGNED_CONTEXT((#3847,#3848,#3849)) REPRESENTATION_CONTEXT
('Context #1','3D Context with UNIT and UNCERTAINTY') );
#3847 = ( LENGTH_UNIT() NAMED_UNIT(*) SI_UNIT(.MILLI.,.METRE.) );
#3848 = ( NAMED_UNIT(*) PLANE_ANGLE_UNIT() SI_UNIT($,.RADIAN.) );
#3849 = ( NAMED_UNIT(*) SI_UNIT($,.STERADIAN.) SOLID_ANGLE_UNIT() );
#3850 = UNCERTAINTY_MEASURE_WITH_UNIT(LENGTH_MEASURE(1.E-07),#3847,
  'distance_accuracy_value','confusion accuracy');
#3851 = PRODUCT_RELATED_PRODUCT_CATEGORY('part',$,(#7));
ENDSEC;
END-ISO-10303-21;
