# https://github.com/mikedh/trimesh
v -0.03346087 0.03469443 0.00124271
v -0.03313709 0.03431071 0.00418960
v -0.03207308 0.03462617 0.00780089
v -0.03230755 0.03430517 0.00748100
v -0.03227852 0.03506524 0.00655272
v -0.03248060 0.03475162 0.00625065
v -0.03237788 0.03598766 0.00124271
v -0.03355020 0.03469443 0.00041456
v -0.03321413 0.03522390 0.00124271
v -0.03318175 0.03443062 0.00372716
v -0.03335258 0.03469443 0.00207086
v -0.03220595 0.03488629 0.00703892
v -0.03171804 0.03475531 0.00870965
v -0.03105708 0.03630497 0.00041456
v -0.03313040 0.03511321 0.00250276
v -0.03242589 0.03526818 0.00538262
v -0.03235221 0.03517778 0.00600034
v -0.03271729 0.03469443 0.00538262
v -0.03155503 0.03521283 0.00852382
v -0.03166333 0.03533090 0.00786707
v -0.03316054 0.03515380 0.00207086
v -0.03260342 0.03544343 0.00372716
v -0.03199381 0.03568142 0.00538262
v -0.03251968 0.03536779 0.00455447
v -0.03323200 0.03471472 0.00282689
v -0.03232988 0.03595630 0.00207086
v -0.03283341 0.03569249 0.00041456
v -0.03338942 0.03501543 0.00004121
v -0.03325767 0.03527740 0.00041456
v -0.03301763 0.03484571 0.00372716
v -0.03121227 0.03546926 0.00870965
v -0.03188551 0.03612418 0.00207086
v -0.03188551 0.03616292 0.00124271
v -0.03269162 0.03550985 0.00277852
v -0.03217245 0.03585852 0.00372716
v -0.03279210 0.03563714 0.00124271
v -0.03111961 0.03608175 0.00623453
v -0.03308127 0.03500436 0.00305429
v -0.03294282 0.03462986 0.00450101
v -0.03121785 0.03574414 0.00786707
v -0.03143780 0.03591940 0.00652642
v -0.03070762 0.03597475 0.00848309
v -0.03188551 0.03619060 0.00041456
v -0.03105708 0.03627730 0.00289901
v -0.03105708 0.03629021 0.00207086
v -0.03241919 0.03600980 0.00041456
v -0.03105708 0.03625701 0.00372716
v -0.03105708 0.03622565 0.00455447
v -0.03175823 0.03607068 0.00372716
v -0.02940133 0.03628468 0.00870965
v -0.03029117 0.03609282 0.00870965
v -0.03080364 0.03602271 0.00786707
v -0.03022977 0.03620351 0.00786707
v -0.03208425 0.03578104 0.00455447
v -0.03157960 0.03600058 0.00538262
v -0.03151261 0.03596368 0.00597403
v -0.03224390 0.03590649 0.00305429
v -0.03093650 0.03606883 0.00703892
v -0.03274298 0.03556889 0.00207086
v -0.03189556 0.03554859 0.00626338
v -0.03179173 0.03544712 0.00703892
v -0.03135072 0.03586037 0.00703892
v -0.03109281 0.03557995 0.00870965
v -0.03167003 0.03604116 0.00455447
v -0.03105708 0.03617768 0.00538262
v -0.03022977 0.03625516 0.00703892
v -0.02857290 0.03631051 0.00869607
v -0.03022977 0.03631051 0.00372716
v -0.03105708 0.03629944 0.00124271
v -0.03230196 0.03593970 0.00250191
v -0.03193464 0.03606145 0.00282689
v -0.03022977 0.03628468 0.00621077
v -0.03022977 0.03630866 0.00455447
v -0.02940133 0.03630866 0.00703892
v -0.03022977 0.03630129 0.00538262
v -0.02940133 0.03630313 0.00786707
v -0.03355020 0.03469443 0.00004121
v -0.03022977 0.03631051 0.00004121
v -0.03325767 0.03527740 0.00004121
v -0.03105708 0.03630497 0.00004121
v -0.03283341 0.03569249 0.00004121
v -0.03241919 0.03600980 0.00004121
v -0.03033360 0.03607806 0.00870965
v -0.03060966 0.03591940 -0.00903557
v -0.03070679 0.03597475 -0.00848365
v -0.03009027 0.03605961 -0.00952436
v -0.03125433 0.03577735 -0.00763885
v -0.03084050 0.03603563 -0.00763885
v -0.03169771 0.03476269 -0.00875961
v -0.03145843 0.03508369 -0.00907723
v -0.03138664 0.03476269 -0.00959856
v -0.03078843 0.03527556 -0.01035289
v -0.03121773 0.03574414 -0.00786794
v -0.03019303 0.03550800 -0.01110593
v -0.03033378 0.03569064 -0.01035289
v -0.02991996 0.03599320 -0.01035289
v -0.02983128 0.03594708 -0.01080393
v -0.03050410 0.03584745 -0.00952436
v -0.03095592 0.03543236 -0.00952436
v -0.03080391 0.03602271 -0.00786794
v -0.03029155 0.03608913 -0.00873423
v -0.03067300 0.03435867 -0.01165590
v -0.03155414 0.03521283 -0.00852530
v -0.03108261 0.03556704 -0.00878044
v -0.03210168 0.03468152 -0.00763885
v -0.03207354 0.03462617 -0.00780156
v -0.03068286 0.03515933 -0.01085665
v -0.02968630 0.03585668 -0.01135586
v -0.02952443 0.03571647 -0.01200866
v -0.03022821 0.03620351 -0.00786794
v -0.02900363 0.03594708 -0.01245645
v -0.02811827 0.03591756 -0.01402239
v -0.03110794 0.03469443 -0.01035289
v -0.03166252 0.03533090 -0.00786794
v -0.02909794 0.03469443 -0.01425670
v -0.02951176 0.03464646 -0.01360520
v -0.02894451 0.03498407 -0.01428729
v -0.02940056 0.03624409 -0.00952436
v -0.02691762 0.03621827 -0.01428729
v -0.02802819 0.03585299 -0.01428729
v -0.02983691 0.03433653 -0.01328888
v -0.03077716 0.03465938 -0.01115149
v -0.02856447 0.03571278 -0.01371389
v -0.02811827 0.03577919 -0.01428729
v -0.02971304 0.03488814 -0.01307085
v -0.02899941 0.03512428 -0.01410050
v -0.02986506 0.03517040 -0.01251893
v -0.02883613 0.03584192 -0.01300837
v -0.02999315 0.03530138 -0.01200866
v -0.02935834 0.03550616 -0.01276365
v -0.02940056 0.03616477 -0.01035289
v -0.02940620 0.03605039 -0.01111960
v -0.02911060 0.03599873 -0.01200866
v -0.03055336 0.03491212 -0.01140792
v -0.02995937 0.03464646 -0.01281181
v -0.02865737 0.03532721 -0.01428729
v -0.02912750 0.03525710 -0.01366508
v -0.02608856 0.03630866 -0.01366508
v -0.02691762 0.03631051 -0.01200866
v -0.02857151 0.03630866 -0.00952436
v -0.02940056 0.03628468 -0.00869648
v -0.02940056 0.03630313 -0.00786794
v -0.02857151 0.03625516 -0.01118013
v -0.02715268 0.03617030 -0.01428729
v -0.03039008 0.03465938 -0.01196245
v -0.02691762 0.03628099 -0.01366508
v -0.02774527 0.03631051 -0.01035289
v -0.02774527 0.03630866 -0.01118013
v -0.02857151 0.03631051 -0.00869648
v -0.02857151 0.03629575 -0.01035289
v -0.02774527 0.03629391 -0.01200866
v -0.02774527 0.03624409 -0.01283654
v -0.02691762 0.03630682 -0.01283654
v -0.02857151 0.03616846 -0.01200866
v -0.02856447 0.03604301 -0.01277406
v -0.02780438 0.03609835 -0.01371389
v -0.02828296 0.03599688 -0.01347047
v -0.02940056 0.03630497 -0.00763885
v -0.02874182 0.03524973 -0.01428729
v -0.02855602 0.03541392 -0.01428729
v -0.02526091 0.03631051 -0.01428729
v -0.02584594 -0.01060000 0.00786749
v -0.02575445 -0.01052969 0.00851396
v -0.02488808 -0.01048081 0.00997288
v -0.02608746 -0.01081351 0.00289959
v -0.02525952 -0.01081351 0.00703968
v -0.02360363 -0.01081351 0.00952414
v -0.02506282 -0.01056399 0.00952414
v -0.02532538 -0.01064287 0.00875268
v -0.02443157 -0.01075006 0.00952414
v -0.02443157 -0.01081351 0.00869530
v -0.02525952 -0.01078693 0.00786749
v -0.02608746 -0.01081351 0.00001659
v 0.02443149 -0.01075006 -0.00952424
v 0.02608777 -0.01081351 -0.00289920
v 0.02575487 -0.01052969 -0.00851394
v 0.02506337 -0.01056399 -0.00952424
v 0.02488820 -0.01048081 -0.00997338
v 0.02532566 -0.01064287 -0.00875238
v 0.02525963 -0.01078693 -0.00786747
v 0.02443149 -0.01081351 -0.00869585
v 0.02360334 -0.01081351 -0.00952424
v 0.02584658 -0.01060000 -0.00786747
v 0.02608777 -0.01081351 0.00001659
v 0.02525963 -0.01081351 -0.00703908
v 0.03145741 0.03508272 0.00907799
v 0.01089678 0.03435274 0.02569795
v 0.02398120 0.03505731 0.01984797
v 0.02305790 0.03492217 0.02061086
v 0.02360931 0.03471427 0.02029693
v 0.02029226 0.03623774 0.02029018
v 0.02194651 0.03619269 0.01946314
v 0.02111725 0.03627817 0.01946314
v 0.03028618 0.03609567 0.00869148
v 0.02857208 0.03629434 0.01035398
v 0.02774281 0.03629318 0.01200974
v 0.02360290 0.03630473 0.01697868
v 0.01035391 0.03448326 0.02574689
v 0.02194651 0.03601944 0.02007751
v 0.02250648 0.03521670 0.02080496
v 0.02297240 0.03583580 0.01970788
v 0.02273944 0.03552625 0.02026486
v 0.02342764 0.03528369 0.02005894
v 0.02485962 0.03512314 0.01906144
v 0.02414577 0.03450636 0.01998130
v 0.02498145 0.03469463 0.01917115
v 0.02442575 0.03474661 0.01962686
v 0.02360290 0.03625160 0.01780570
v 0.02277364 0.03623196 0.01863443
v 0.02111725 0.03630935 0.01863443
v 0.02194651 0.03631051 0.01780570
v 0.01946299 0.03631051 0.01946314
v 0.03078630 0.03527676 0.01035398
v 0.02608642 0.03630935 0.01366549
v 0.02857208 0.03630820 0.00952526
v 0.02774281 0.03630935 0.01118270
v 0.02525930 0.03631051 0.01449420
v 0.02857208 0.03631051 0.00869655
v 0.02360290 0.03631051 0.01615164
v 0.02145921 0.03591203 0.02065474
v 0.02115572 0.03569603 0.02110370
v 0.03138687 0.03476162 0.00959953
v 0.02582568 0.03469463 0.01837281
v 0.02194651 0.03579306 0.02049271
v 0.01357479 0.03551007 0.02440508
v 0.01449596 0.03540150 0.02428018
v 0.01283956 0.03519937 0.02491480
v 0.02277364 0.03630242 0.01780570
v 0.02029226 0.03630589 0.01946314
v 0.01863587 0.03630820 0.02029018
v 0.01946299 0.03629087 0.02029018
v 0.02194651 0.03629549 0.01863443
v 0.01328839 0.03594321 0.02402532
v 0.03095515 0.03543153 0.00952526
v 0.03068157 0.03515895 0.01085695
v 0.02691569 0.03631051 0.01200974
v 0.02608642 0.03629549 0.01449420
v 0.02691569 0.03630589 0.01283845
v 0.02443003 0.03630473 0.01615164
v 0.02691569 0.03628048 0.01366549
v 0.02360290 0.03607257 0.01864455
v 0.02272662 0.03604370 0.01944289
v 0.02242099 0.03595938 0.01991886
v 0.01532308 0.03617768 0.02277464
v 0.01697947 0.03622966 0.02194593
v 0.01449596 0.03581616 0.02383797
v 0.02115572 0.03609452 0.02034418
v 0.02021318 0.03603330 0.02110370
v 0.01946299 0.03569026 0.02204720
v 0.02043759 0.03583117 0.02136869
v 0.01988404 0.03593975 0.02153579
v 0.02090780 0.03599288 0.02081846
v 0.01946299 0.03598710 0.02163199
v 0.01946299 0.03615573 0.02111721
v 0.01863587 0.03606218 0.02183453
v 0.02539608 0.03469463 0.01878633
v 0.02443003 0.03528023 0.01924373
v 0.02323957 0.03437007 0.02074251
v 0.01532308 0.03527907 0.02415697
v 0.01532308 0.03569257 0.02371645
v 0.01283956 0.03469463 0.02514772
v 0.01331190 0.03512892 0.02485910
v 0.01201030 0.03469463 0.02533338
v 0.01117676 0.03465536 0.02552241
v 0.01426086 0.03441973 0.02489454
v 0.01035391 0.03489791 0.02558487
v 0.01780874 0.03631051 0.02029018
v 0.01615021 0.03631051 0.02111721
v 0.01283956 0.03597093 0.02407258
v 0.01118317 0.03539227 0.02509202
v 0.01201030 0.03530795 0.02500763
v 0.01201030 0.03572144 0.02457386
v 0.01283956 0.03561287 0.02448778
v 0.01449596 0.03623659 0.02277464
v 0.02899953 0.03512545 0.01410094
v 0.02820019 0.03438393 0.01579551
v 0.02570171 0.03513701 0.01824791
v 0.03060890 0.03592011 0.00903749
v 0.02443003 0.03625738 0.01697868
v 0.02525716 0.03625160 0.01615164
v 0.03036525 0.03606911 0.00869148
v 0.03008955 0.03605871 0.00952526
v 0.01863587 0.03624698 0.02111721
v 0.01780874 0.03628972 0.02111721
v 0.01532308 0.03630011 0.02194593
v 0.01615021 0.03627586 0.02194593
v 0.01640668 0.03589932 0.02312065
v 0.01863587 0.03586351 0.02224804
v 0.01821482 0.03593513 0.02235607
v 0.01788568 0.03610376 0.02202525
v 0.02909785 0.03469579 0.01425622
v 0.02983521 0.03433657 0.01328910
v 0.03077775 0.03465882 0.01115232
v 0.03110689 0.03469579 0.01035398
v 0.03055333 0.03491293 0.01141056
v 0.03067302 0.03436083 0.01165867
v 0.02971125 0.03488983 0.01307137
v 0.02995917 0.03464612 0.01281314
v 0.02365420 0.03557938 0.01950196
v 0.02387861 0.03587506 0.01892811
v 0.02445354 0.03571682 0.01864455
v 0.02332719 0.03598710 0.01915596
v 0.01361967 0.03469463 0.02495699
v 0.01384195 0.03589239 0.02393924
v 0.01585313 0.03595938 0.02322361
v 0.01118317 0.03580692 0.02465656
v 0.01035391 0.03631051 0.02277464
v 0.01118317 0.03623774 0.02360168
v 0.01201030 0.03619963 0.02360168
v 0.01019361 0.03588431 0.02475783
v 0.01201030 0.03601713 0.02415865
v 0.01118317 0.03605294 0.02424305
v 0.01283956 0.03614187 0.02360168
v 0.01360685 0.03605871 0.02363881
v 0.01118317 0.03630935 0.02277464
v 0.01449596 0.03630935 0.02194593
v 0.01697947 0.03630704 0.02111721
v 0.01283956 0.03629434 0.02277464
v 0.01201030 0.03630589 0.02277464
v 0.02071971 0.03430077 0.02236788
v 0.02811684 0.03591895 0.01402330
v 0.02737734 0.03596285 0.01497692
v 0.02795654 0.03580114 0.01449420
v 0.02839041 0.03467384 0.01533305
v 0.02806768 0.03493603 0.01561660
v 0.02882855 0.03469579 0.01467143
v 0.02743718 0.03451329 0.01669850
v 0.02623817 0.03469463 0.01794579
v 0.02662715 0.03469463 0.01753228
v 0.02518449 0.03527445 0.01856860
v 0.02602017 0.03527561 0.01773313
v 0.02609925 0.03571913 0.01700399
v 0.02557989 0.03589470 0.01729767
v 0.03050204 0.03584734 0.00952526
v 0.02912563 0.03525597 0.01366549
v 0.02986300 0.03517050 0.01251946
v 0.03019214 0.03550776 0.01110675
v 0.02525930 0.03630127 0.01532124
v 0.02525930 0.03626893 0.01587484
v 0.02940562 0.03604947 0.01112194
v 0.02939920 0.03616498 0.01035398
v 0.02939920 0.03624236 0.00952526
v 0.02939920 0.03628510 0.00869655
v 0.02857208 0.03625622 0.01118270
v 0.02695843 0.03558284 0.01620734
v 0.02553500 0.03624583 0.01587484
v 0.01697947 0.03581154 0.02300588
v 0.01697947 0.03604601 0.02259236
v 0.02951035 0.03464612 0.01360641
v 0.03038877 0.03465882 0.01196416
v 0.02445354 0.03608643 0.01783271
v 0.02528708 0.03608643 0.01700399
v 0.02419493 0.03600096 0.01837788
v 0.02638350 0.03587737 0.01643182
v 0.02669982 0.03528369 0.01697868
v 0.02661219 0.03598826 0.01587990
v 0.02609925 0.03607373 0.01615333
v 0.02583208 0.03600212 0.01674576
v 0.02502847 0.03600443 0.01757447
v 0.02528708 0.03573646 0.01783271
v 0.02474635 0.03589354 0.01812808
v 0.02277791 0.03466576 0.02092311
v 0.02024738 0.03462417 0.02247759
v 0.01857816 0.03539457 0.02279152
v 0.01451947 0.03469463 0.02470720
v 0.01386332 0.03497183 0.02478484
v 0.01035391 0.03546041 0.02516966
v 0.01035391 0.03587391 0.02474095
v 0.01366883 0.03627239 0.02277464
v 0.01035391 0.03607604 0.02432744
v 0.01449596 0.03605178 0.02342445
v 0.01532308 0.03600096 0.02330293
v 0.02049530 0.03485287 0.02224467
v 0.02826645 0.03522478 0.01506300
v 0.02651601 0.03512545 0.01740907
v 0.02730253 0.03506424 0.01653478
v 0.03033319 0.03569026 0.01035398
v 0.02774281 0.03624236 0.01283845
v 0.02900167 0.03594783 0.01245532
v 0.02856353 0.03604254 0.01277432
v 0.02635358 0.03606564 0.01587484
v 0.01615021 0.03553780 0.02359830
v 0.01613952 0.03607257 0.02281684
v 0.01766127 0.03599172 0.02246071
v 0.01939246 0.03462648 0.02290292
v 0.02019181 0.03549160 0.02189023
v 0.01946299 0.03527676 0.02251134
v 0.02111725 0.03523865 0.02165562
v 0.02186529 0.03532643 0.02109527
v 0.01700940 0.03472004 0.02388017
v 0.01780874 0.03469463 0.02357636
v 0.01644302 0.03501341 0.02397300
v 0.01697947 0.03539804 0.02345821
v 0.01589160 0.03517512 0.02406751
v 0.01616090 0.03472004 0.02418566
v 0.01675292 0.03446132 0.02408439
v 0.01532308 0.03469463 0.02446584
v 0.01035391 0.03626200 0.02360168
v 0.01857816 0.03462648 0.02328268
v 0.01906973 0.03430539 0.02319829
v 0.02716575 0.03584041 0.01552884
v 0.02772358 0.03553087 0.01529592
v 0.02751626 0.03528831 0.01598117
v 0.02708453 0.03475123 0.01697699
v 0.02775350 0.03472466 0.01616514
v 0.02999123 0.03530333 0.01200974
v 0.02883496 0.03584157 0.01300724
v 0.02857208 0.03616728 0.01200974
v 0.02911067 0.03599865 0.01200974
v 0.02828141 0.03599750 0.01347139
v 0.02780266 0.03609914 0.01371443
v 0.02608642 0.03623428 0.01532124
v 0.02153615 0.03511275 0.02153410
v 0.01994388 0.03515086 0.02239489
v 0.02168576 0.03469463 0.02162693
v 0.02210039 0.03469463 0.02136363
v 0.01826184 0.03513238 0.02320504
v 0.01881540 0.03485749 0.02308014
v 0.02968560 0.03585774 0.01135824
v 0.02952317 0.03571567 0.01200974
v 0.02982880 0.03594783 0.01080632
v 0.02856353 0.03571105 0.01371443
v 0.02855284 0.03534145 0.01442332
v 0.02935646 0.03550545 0.01276419
v 0.02754191 0.03602406 0.01449420
v 0.02689859 0.03604716 0.01528073
v 0.02609497 0.03612801 0.01587484
v 0.02691569 0.03619616 0.01449420
v 0.01780874 0.03523749 0.02329787
v 0.01788568 0.03570643 0.02275101
v 0.02991856 0.03599288 0.01035398
v 0.01366883 0.03631051 0.02194593
v 0.00206964 0.03386738 0.02666134
v -0.00372729 0.03437757 0.02653496
v -0.00289702 0.03626203 0.02443065
v -0.00703768 0.03630687 0.02360309
v -0.00620955 0.03630929 0.02360309
v -0.00786581 0.03630202 0.02360309
v 0.01019262 0.03626567 0.02360309
v 0.00952283 0.03628021 0.02360309
v 0.00869470 0.03629354 0.02360309
v 0.00918473 0.03512530 0.02568456
v 0.00973468 0.03591423 0.02480522
v 0.00973682 0.03503199 0.02563887
v -0.00869395 0.03629233 0.02360309
v -0.00538356 0.03623658 0.02443065
v -0.00455542 0.03624749 0.02443065
v -0.00372729 0.03625597 0.02443065
v -0.00918826 0.03594574 0.02485623
v -0.01035021 0.03607783 0.02432711
v -0.01117835 0.03605238 0.02424336
v -0.00620955 0.03603541 0.02502220
v -0.00538356 0.03604996 0.02505798
v -0.00869395 0.03596512 0.02488744
v 0.00786657 0.03630081 0.02360309
v 0.00372590 0.03625597 0.02443065
v 0.00289777 0.03607541 0.02514021
v -0.00703768 0.03529860 0.02582159
v -0.00620955 0.03534222 0.02586423
v -0.00206889 0.03386738 0.02666058
v -0.00124289 0.03450482 0.02658064
v -0.00289702 0.03443575 0.02655475
v -0.00289702 0.03485021 0.02639411
v 0.00124151 0.03450361 0.02658140
v 0.00869470 0.03469509 0.02592514
v 0.01019262 0.03453027 0.02575612
v 0.00948646 0.03473144 0.02579571
v -0.00786581 0.03524164 0.02577363
v -0.01117835 0.03539312 0.02509224
v -0.01117835 0.03580637 0.02465752
v -0.01117407 0.03465509 0.02552239
v -0.01035021 0.03489868 0.02558406
v -0.01089374 0.03435213 0.02569826
v -0.00372729 0.03479204 0.02637356
v -0.00435427 0.03432425 0.02651593
v -0.00490636 0.03419337 0.02649689
v -0.00620955 0.03469509 0.02621749
v -0.00703768 0.03469509 0.02613222
v -0.00786581 0.03565610 0.02535033
v -0.00703768 0.03571063 0.02539525
v 0.00786657 0.03469509 0.02603553
v 0.00703844 0.03469509 0.02613222
v -0.00455542 0.03606086 0.02508996
v -0.00372729 0.03606935 0.02511737
v -0.00620955 0.03622083 0.02443065
v -0.00124289 0.03588635 0.02558406
v -0.00124289 0.03608267 0.02516990
v -0.00206889 0.03608025 0.02515772
v -0.00703768 0.03619901 0.02443065
v -0.00869395 0.03613479 0.02443065
v -0.00786581 0.03617236 0.02443065
v -0.00948784 0.03606813 0.02448927
v -0.01166838 0.03621598 0.02360309
v 0.00703844 0.03630566 0.02360309
v 0.00206964 0.03626567 0.02443065
v 0.00621030 0.03630808 0.02360309
v 0.00041337 0.03627052 0.02443065
v 0.00455404 0.03631051 0.02360309
v -0.00124289 0.03626930 0.02443065
v -0.00041690 0.03627052 0.02443065
v -0.00041690 0.03608510 0.02517599
v 0.00206964 0.03607904 0.02515848
v 0.00124151 0.03588514 0.02558330
v 0.00869470 0.03558581 0.02530085
v 0.00869470 0.03517135 0.02571958
v 0.00786657 0.03565489 0.02535109
v 0.00786657 0.03524043 0.02577439
v -0.01035021 0.03546099 0.02517066
v -0.00918612 0.03512651 0.02568532
v -0.00974249 0.03591423 0.02480446
v -0.00869395 0.03558702 0.02530161
v -0.01035021 0.03587545 0.02474127
v -0.00948570 0.03473265 0.02579495
v -0.00786581 0.03469509 0.02603476
v -0.00869395 0.03469509 0.02592514
v -0.00786581 0.03386738 0.02621596
v -0.00703768 0.03386738 0.02631493
v -0.00460036 0.03463813 0.02637508
v -0.00538356 0.03469509 0.02629133
v -0.00289702 0.03607541 0.02514021
v -0.01117835 0.03630929 0.02277628
v -0.01117835 0.03623779 0.02360309
v -0.00703768 0.03601602 0.02498109
v 0.01019262 0.03607541 0.02435756
v 0.00918259 0.03594453 0.02485471
v 0.00703844 0.03571184 0.02539601
v 0.00455404 0.03624628 0.02443065
v 0.00538217 0.03623537 0.02443065
v 0.00124151 0.03608147 0.02516914
v 0.00041337 0.03608389 0.02517523
v -0.00455542 0.03541009 0.02593275
v -0.00538356 0.03538100 0.02590077
v -0.00620955 0.03575790 0.02543636
v 0.00206964 0.03587787 0.02557188
v -0.00372729 0.03584757 0.02553153
v -0.00206889 0.03587787 0.02557188
v 0.00703844 0.03529618 0.02582159
v 0.00289777 0.03545008 0.02597995
v 0.00869470 0.03596392 0.02488668
v 0.00786657 0.03599421 0.02493693
v 0.00869470 0.03386738 0.02610557
v 0.00490712 0.03419458 0.02649765
v 0.00703844 0.03386738 0.02631493
v 0.00786657 0.03386738 0.02621672
v -0.00869395 0.03386738 0.02610557
v -0.00869395 0.03517256 0.02571958
v -0.01035021 0.03448301 0.02574698
v -0.00973607 0.03503320 0.02563887
v -0.00952208 0.03628021 0.02360309
v -0.01035021 0.03626325 0.02360309
v 0.00869470 0.03613358 0.02443065
v 0.00703844 0.03601724 0.02498185
v 0.00786657 0.03617114 0.02443065
v 0.00621030 0.03603541 0.02502220
v 0.00372590 0.03606935 0.02511737
v 0.00455404 0.03606086 0.02509072
v 0.00621030 0.03622083 0.02443065
v -0.00786581 0.03599300 0.02493617
v 0.00455404 0.03582334 0.02550412
v 0.00206964 0.03546220 0.02599594
v 0.00001964 0.03451816 0.02658597
v 0.00002178 0.03493140 0.02642609
v 0.00041337 0.03451694 0.02658597
v 0.00206964 0.03447695 0.02657150
v 0.00124151 0.03491807 0.02642076
v -0.00041690 0.03493261 0.02642533
v 0.00538217 0.03469509 0.02629210
v 0.00435503 0.03432425 0.02651593
v 0.00460111 0.03463813 0.02637584
v 0.00621030 0.03469509 0.02621825
v 0.00621030 0.03534343 0.02586499
v 0.00372590 0.03437879 0.02653572
v 0.00289777 0.03443575 0.02655552
v 0.00455404 0.03541009 0.02593351
v -0.00455542 0.03582334 0.02550412
v -0.00538356 0.03579425 0.02547215
v 0.00206964 0.03489141 0.02641010
v 0.00372590 0.03584636 0.02553153
v 0.00372590 0.03543190 0.02595939
v 0.00289777 0.03586454 0.02555437
v 0.00538217 0.03537979 0.02590153
v 0.00621030 0.03575790 0.02543636
v 0.00538217 0.03579425 0.02547215
v 0.00041337 0.03493140 0.02642533
v 0.00289777 0.03484899 0.02639411
v 0.00372590 0.03479325 0.02637356
v 0.00703844 0.03619901 0.02443065
v 0.00538217 0.03604874 0.02505798
v -0.00041690 0.03588999 0.02559015
v 0.00041337 0.03547553 0.02601193
v 0.00124151 0.03547068 0.02600584
v 0.00001964 0.03493261 0.02642533
v -0.00206889 0.03489141 0.02641010
v -0.00206889 0.03447816 0.02656998
v 0.00041337 0.03588878 0.02558939
v -0.00289702 0.03545129 0.02597995
v -0.00289702 0.03586454 0.02555437
v -0.00206889 0.03546341 0.02599594
v -0.00124289 0.03491928 0.02642000
v -0.00124289 0.03547189 0.02600660
v 0.00001964 0.03588999 0.02558939
v -0.00372729 0.03543311 0.02595939
v -0.00041690 0.03547553 0.02601193
v 0.00002178 0.03631051 0.02360309
v -0.00041690 0.03451816 0.02658597
v 0.00001204 0.01746508 0.02865305
v -0.00041747 0.01813388 0.02862428
v 0.00123922 0.01813245 0.02862053
v -0.00207416 0.01813388 0.02861302
v -0.00124582 0.01813388 0.02862053
v 0.00041087 0.01813245 0.02862428
v 0.00041087 0.01746508 0.02865305
v 0.00206756 0.01813245 0.02861302
v 0.00001204 0.01813388 0.02862428
v 0.03346085 0.03469468 0.00124309
v 0.03355018 0.03469468 0.00041416
v 0.03274356 0.03556844 0.00207118
v 0.03321408 0.03522400 0.00124309
v 0.03316102 0.03515435 0.00207118
v 0.03323178 0.03471494 0.00282814
v 0.03318224 0.03443255 0.00372735
v 0.03308230 0.03500492 0.00305591
v 0.03325831 0.03527845 0.00041416
v 0.03283377 0.03569254 0.00041416
v 0.03230222 0.03593947 0.00250300
v 0.03279309 0.03563809 0.00124309
v 0.03269226 0.03551019 0.00277988
v 0.03335294 0.03469468 0.00207118
v 0.03313095 0.03511383 0.00250385
v 0.03301862 0.03484664 0.00372735
v 0.03248088 0.03475039 0.00624886
v 0.03227834 0.03506444 0.00655029
v 0.03271791 0.03469468 0.00538268
v 0.03294345 0.03463136 0.00450209
v 0.03207314 0.03462629 0.00780089
v 0.03175917 0.03607117 0.00372735
v 0.03167072 0.03604205 0.00455459
v 0.03105691 0.03622693 0.00455459
v 0.03188564 0.03616361 0.00124309
v 0.03105691 0.03625732 0.00372735
v 0.03105691 0.03617881 0.00538268
v 0.03080396 0.03602305 0.00786778
v 0.03022907 0.03620287 0.00786778
v 0.03172556 0.03475293 0.00868909
v 0.03220493 0.03488589 0.00703970
v 0.03237828 0.03598759 0.00124309
v 0.03241985 0.03601039 0.00041416
v 0.03105691 0.03629151 0.00207118
v 0.03188564 0.03619147 0.00041416
v 0.03260470 0.03544434 0.00372735
v 0.03199355 0.03568241 0.00538268
v 0.03224473 0.03590655 0.00305506
v 0.03217309 0.03585843 0.00372735
v 0.03230753 0.03430465 0.00747999
v 0.03313802 0.03431224 0.00419135
v 0.03105691 0.03627758 0.00289927
v 0.03022907 0.03628518 0.00621076
v 0.02940122 0.03628518 0.00868909
v 0.03111971 0.03608257 0.00623362
v 0.03022907 0.03625479 0.00703970
v 0.03166276 0.03533164 0.00786778
v 0.03235175 0.03517841 0.00599824
v 0.03232964 0.03595720 0.00207118
v 0.03193517 0.03606104 0.00282730
v 0.03188564 0.03612436 0.00207118
v 0.03105691 0.03630544 0.00041416
v 0.03251980 0.03536710 0.00455459
v 0.03242604 0.03526832 0.00538268
v 0.03022907 0.03630798 0.00455459
v 0.02940122 0.03630418 0.00786778
v 0.03022907 0.03630164 0.00538268
v 0.03105691 0.03630038 0.00124309
v 0.03109672 0.03558490 0.00868909
v 0.03121788 0.03574573 0.00786778
v 0.03093751 0.03606864 0.00703970
v 0.03155486 0.03521260 0.00852483
v 0.03152656 0.03517462 0.00868909
v 0.03022907 0.03630924 0.00372735
v 0.02940122 0.03630924 0.00703970
v 0.03179101 0.03544814 0.00703970
v 0.03189537 0.03554945 0.00626157
v 0.03143723 0.03591922 0.00652489
v 0.03135144 0.03586223 0.00703970
v 0.03070756 0.03597620 0.00848334
v 0.03208464 0.03578118 0.00455459
v 0.03151240 0.03596354 0.00597284
v 0.03125149 0.03544054 0.00868909
v 0.03157962 0.03600026 0.00538268
v 0.03325831 0.03527845 0.00003991
v 0.03241985 0.03601039 0.00003991
v 0.03105691 0.03630544 0.00003991
v 0.02940062 0.03630939 -0.00704015
v 0.03022863 0.03631051 -0.00372707
v 0.03188551 0.03619168 -0.00041539
v 0.03105664 0.03625670 -0.00372707
v 0.03105664 0.03627688 -0.00289950
v 0.03105664 0.03629145 -0.00207053
v 0.03022863 0.03625445 -0.00704015
v 0.03022863 0.03630826 -0.00455604
v 0.03294357 0.03463120 -0.00450274
v 0.03105664 0.03630490 -0.00041539
v 0.03105664 0.03630042 -0.00124296
v 0.03060430 0.03630826 0.00003907
v 0.03188551 0.03616365 -0.00124296
v 0.03241972 0.03601007 -0.00041539
v 0.03135131 0.03586210 -0.00704015
v 0.03166322 0.03533185 -0.00786772
v 0.03022863 0.03628473 -0.00621258
v 0.03105664 0.03622643 -0.00455604
v 0.03346054 0.03469510 -0.00124296
v 0.03321412 0.03522423 -0.00124296
v 0.03355015 0.03469510 -0.00041539
v 0.03316070 0.03515473 -0.00207053
v 0.03313830 0.03431171 -0.00419135
v 0.03335198 0.03469510 -0.00207053
v 0.03301854 0.03484756 -0.00372707
v 0.03308230 0.03500563 -0.00305520
v 0.02940062 0.03631051 -0.00621258
v 0.02857347 0.03631051 -0.00869529
v 0.03022863 0.03630154 -0.00538361
v 0.02940062 0.03624437 -0.00952426
v 0.02940062 0.03628473 -0.00869529
v 0.03235165 0.03517827 -0.00600078
v 0.03179160 0.03544731 -0.00704015
v 0.03061033 0.03592039 -0.00903474
v 0.03121863 0.03574551 -0.00786772
v 0.03050435 0.03584752 -0.00952426
v 0.03279193 0.03563901 -0.00124296
v 0.03323136 0.03471528 -0.00282657
v 0.03318224 0.03443278 -0.00372707
v 0.03313055 0.03511325 -0.00250255
v 0.02940062 0.03630378 -0.00786772
v 0.03227841 0.03506504 -0.00655343
v 0.03220604 0.03488680 -0.00704015
v 0.03155465 0.03521302 -0.00852417
v 0.03108335 0.03556727 -0.00877945
v 0.03095669 0.03543274 -0.00952426
v 0.03188551 0.03612442 -0.00207053
v 0.03193549 0.03606164 -0.00282797
v 0.03230254 0.03593945 -0.00250536
v 0.03169854 0.03476237 -0.00875841
v 0.03145901 0.03508410 -0.00907682
v 0.02983660 0.03433637 -0.01328900
v 0.03283415 0.03569282 -0.00041539
v 0.03237750 0.03598653 -0.00124296
v 0.03274282 0.03556839 -0.00207053
v 0.03251966 0.03536772 -0.00455604
v 0.03199408 0.03568273 -0.00538361
v 0.03242661 0.03526795 -0.00538361
v 0.03207335 0.03462672 -0.00780040
v 0.03230770 0.03430611 -0.00748059
v 0.02857347 0.03630826 -0.00952426
v 0.02774546 0.03630939 -0.01117940
v 0.02983057 0.03594729 -0.01080209
v 0.02940062 0.03616478 -0.01035183
v 0.02857347 0.03616926 -0.01200837
v 0.02940752 0.03604931 -0.01111909
v 0.03068270 0.03515921 -0.01085539
v 0.03078868 0.03527692 -0.01035183
v 0.02992017 0.03599326 -0.01035183
v 0.03022863 0.03620289 -0.00786772
v 0.03105664 0.03617935 -0.00538361
v 0.03111954 0.03608182 -0.00623503
v 0.03138750 0.03476237 -0.00959720
v 0.03055432 0.03491258 -0.01140803
v 0.03039062 0.03466035 -0.01196349
v 0.02909906 0.03469510 -0.01425684
v 0.02951177 0.03464578 -0.01360460
v 0.02900083 0.03512558 -0.01409974
v 0.03232924 0.03595738 -0.00207053
v 0.03260496 0.03544395 -0.00372707
v 0.03269199 0.03551009 -0.00278028
v 0.03208455 0.03578138 -0.00455604
v 0.03189585 0.03554933 -0.00626308
v 0.02774546 0.03631051 -0.01035183
v 0.02691659 0.03631051 -0.01200837
v 0.02691659 0.03628024 -0.01366491
v 0.02691659 0.03621746 -0.01429050
v 0.02911198 0.03599774 -0.01200837
v 0.03033461 0.03569058 -0.01035183
v 0.03271783 0.03469510 -0.00538361
v 0.03248089 0.03475115 -0.00625046
v 0.03009077 0.03605939 -0.00952426
v 0.03175886 0.03607061 -0.00372707
v 0.03167011 0.03604146 -0.00455604
v 0.03110748 0.03469510 -0.01035183
v 0.02995981 0.03464578 -0.01281069
v 0.02971339 0.03488904 -0.01307019
v 0.03067323 0.03436104 -0.01165631
v 0.03224481 0.03590694 -0.00305660
v 0.03217243 0.03585873 -0.00372707
v 0.03143748 0.03592039 -0.00652678
v 0.03070769 0.03597532 -0.00848349
v 0.02608858 0.03630939 -0.01366491
v 0.02526057 0.03631051 -0.01429050
v 0.02691659 0.03630602 -0.01283594
v 0.02857347 0.03629481 -0.01035183
v 0.02856572 0.03604258 -0.01277282
v 0.02774546 0.03624325 -0.01283594
v 0.02780405 0.03609975 -0.01371261
v 0.03019244 0.03550897 -0.01110506
v 0.03080419 0.03602240 -0.00786772
v 0.03029153 0.03608967 -0.00873316
v 0.03077834 0.03466035 -0.01115135
v 0.02986589 0.03517042 -0.01251894
v 0.02873890 0.03525338 -0.01429050
v 0.03151244 0.03596411 -0.00597413
v 0.03157964 0.03600110 -0.00538361
v 0.02774546 0.03629481 -0.01200837
v 0.02857347 0.03625558 -0.01117940
v 0.02999341 0.03530270 -0.01200837
v 0.03093774 0.03606836 -0.00704015
v 0.02828397 0.03599774 -0.01346994
v 0.02883627 0.03584192 -0.01300707
v 0.02935926 0.03550561 -0.01276300
v 0.02900428 0.03594729 -0.01245442
v 0.02968754 0.03585761 -0.01135474
v 0.02811940 0.03591815 -0.01402119
v 0.02912835 0.03525674 -0.01366491
v 0.02952556 0.03571748 -0.01200837
v 0.02802721 0.03585200 -0.01429050
v 0.02856572 0.03571188 -0.01371261
v 0.02841063 0.03553363 -0.01429050
v 0.03283415 0.03569282 0.00003907
v 0.03022863 0.03631051 0.00003907
v 0.03188551 0.03619168 0.00003907
v 0.03325806 0.03527804 -0.00041539
v 0.03355015 0.03469510 0.00003907
v 0.02907752 0.03469510 -0.01429050
v 0.02779199 0.03597868 -0.01429050
v 0.02761192 0.03604370 -0.01429050
v 0.02855710 0.03541144 -0.01429050
v 0.02498127 0.03469449 -0.01917125
v 0.02820007 0.03438272 -0.01579615
v 0.02570077 0.03513724 -0.01824821
v 0.02539559 0.03469449 -0.01878613
v 0.02883047 0.03469449 -0.01467198
v 0.02838941 0.03467235 -0.01533307
v 0.02826467 0.03522394 -0.01506437
v 0.02806865 0.03493431 -0.01561684
v 0.02730237 0.03506529 -0.01653364
v 0.02623761 0.03469449 -0.01794573
v 0.02662743 0.03469449 -0.01753151
v 0.02582551 0.03469449 -0.01837191
v 0.02743825 0.03451186 -0.01669839
v 0.02775456 0.03472400 -0.01616463
v 0.02272699 0.03604301 -0.01944358
v 0.02194513 0.03619060 -0.01946177
v 0.02528421 0.03608729 -0.01700295
v 0.02691478 0.03619613 -0.01449423
v 0.02277377 0.03623118 -0.01863385
v 0.02360242 0.03607253 -0.01864528
v 0.02716426 0.03583825 -0.01552901
v 0.02638462 0.03587699 -0.01643125
v 0.02751622 0.03528666 -0.01598117
v 0.02669871 0.03528297 -0.01697748
v 0.02695710 0.03558182 -0.01620621
v 0.02708407 0.03474983 -0.01697489
v 0.02651382 0.03512432 -0.01740834
v 0.02602153 0.03527559 -0.01773264
v 0.02485653 0.03512248 -0.01906054
v 0.02111648 0.03627730 -0.01946177
v 0.02111648 0.03630866 -0.01863385
v 0.02525749 0.03630129 -0.01532216
v 0.02443107 0.03630313 -0.01615060
v 0.02855203 0.03534200 -0.01442407
v 0.02795504 0.03580135 -0.01449423
v 0.02772338 0.03553202 -0.01529669
v 0.02737811 0.03596184 -0.01497706
v 0.02445334 0.03608545 -0.01783295
v 0.02443107 0.03527928 -0.01924245
v 0.02387864 0.03587514 -0.01892905
v 0.02445334 0.03571649 -0.01864528
v 0.02518398 0.03527375 -0.01856836
v 0.02365365 0.03557814 -0.01950127
v 0.02332620 0.03570173 -0.01960002
v 0.02332620 0.03598583 -0.01915513
v 0.02419495 0.03600059 -0.01837658
v 0.02528421 0.03573678 -0.01783295
v 0.02609950 0.03571834 -0.01700295
v 0.02277377 0.03630129 -0.01780592
v 0.02443107 0.03625701 -0.01697748
v 0.02502805 0.03600428 -0.01757517
v 0.02474738 0.03589175 -0.01812712
v 0.02029006 0.03630497 -0.01946177
v 0.02194513 0.03629391 -0.01863385
v 0.02360019 0.03625147 -0.01780592
v 0.02360019 0.03630313 -0.01697748
v 0.02525749 0.03625147 -0.01615060
v 0.02608613 0.03629575 -0.01449423
v 0.02608613 0.03623303 -0.01532216
v 0.02754295 0.03602273 -0.01449423
v 0.02558048 0.03589359 -0.01729555
v 0.02582997 0.03600059 -0.01674465
v 0.02661183 0.03598768 -0.01587878
v 0.02609950 0.03607438 -0.01615320
v 0.02689919 0.03604671 -0.01528058
v -0.00869576 -0.01081351 -0.02443174
v 0.00207187 -0.01080837 -0.02774138
v 0.00869492 -0.01081179 -0.02608595
v -0.00952191 -0.01081351 -0.02360281
v -0.00875099 -0.01064287 -0.02532489
v -0.00786730 -0.01078607 -0.02525824
v -0.00952191 -0.01074920 -0.02443174
v -0.00703885 -0.01081351 -0.02525824
v -0.00289886 -0.01081351 -0.02608717
v 0.00207187 -0.01062229 -0.02835096
v 0.00124572 -0.01076806 -0.02774138
v 0.00124572 -0.01058199 -0.02830248
v -0.00591583 -0.01047652 -0.02652950
v -0.00786730 -0.01060000 -0.02584600
v -0.00851396 -0.01052969 -0.02575390
v -0.00952191 -0.01056227 -0.02506192
v 0.00124572 -0.01081179 -0.02691488
v -0.00997296 -0.01047910 -0.02488741
v 0.00952338 -0.01081008 -0.02525824
v 0.00952338 -0.01077664 -0.02608595
v 0.00703801 -0.01080065 -0.02691367
v 0.00521310 -0.01081179 -0.02691488
v 0.00620955 -0.01081179 -0.02691367
v -0.00124886 -0.01081351 -0.02608717
v 0.00289803 -0.01079379 -0.02774138
v 0.00952338 -0.01059143 -0.02670765
v 0.00786647 -0.01073891 -0.02691367
v 0.01001355 -0.01051768 -0.02658161
v 0.00786647 -0.01055284 -0.02743356
v 0.00372648 -0.01075949 -0.02774138
v 0.00289803 -0.01060686 -0.02832066
v 0.00207187 -0.01002549 -0.02856183
v 0.00703341 -0.01061543 -0.02752930
v 0.00703341 -0.01079979 -0.02691973
v 0.00372648 -0.01057428 -0.02827582
v 0.00455494 -0.01051597 -0.02821765
v 0.00507043 -0.01046623 -0.02817523
v 0.00289803 -0.01002549 -0.02849638
v 0.00207187 -0.00919718 -0.02857758
v 0.00703801 -0.01061543 -0.02752809
v 0.00838195 -0.01048081 -0.02736085
v 0.02414451 0.03450397 -0.01998186
v 0.02071651 0.03430081 -0.02237014
v 0.02153581 0.03511210 -0.02153729
v 0.02397864 0.03505719 -0.01984772
v 0.02323976 0.03436944 -0.02074394
v 0.02305881 0.03492129 -0.02061144
v 0.02262654 0.03601537 -0.01960164
v 0.00206862 0.03386702 -0.02666114
v 0.02277733 0.03466596 -0.02092499
v 0.01531817 0.03527820 -0.02415764
v 0.01330259 0.03512857 -0.02485964
v 0.01448882 0.03540175 -0.02428109
v 0.01283514 0.03519858 -0.02491560
v 0.01906283 0.03430630 -0.02319887
v 0.01674567 0.03446005 -0.02408604
v 0.01588615 0.03517525 -0.02406794
v 0.01825861 0.03513132 -0.02320710
v 0.01780121 0.03523702 -0.02329681
v 0.02024403 0.03462477 -0.02247877
v 0.02241543 0.03595908 -0.01991931
v 0.01448882 0.03630913 -0.02194795
v 0.01365946 0.03627207 -0.02277587
v 0.01531817 0.03629953 -0.02194795
v 0.01863056 0.03630776 -0.02029212
v 0.01780121 0.03628992 -0.02112004
v 0.01697688 0.03630639 -0.02112004
v 0.02296833 0.03583554 -0.01970863
v 0.02445614 0.03474283 -0.01960164
v 0.02250591 0.03521643 -0.02080566
v -0.00786855 0.03386565 -0.02621591
v -0.02539556 0.03469341 -0.01878772
v -0.01674515 0.03446005 -0.02408522
v -0.00703920 0.03619931 -0.02443169
v -0.01614701 0.03627482 -0.02194795
v -0.02194244 0.03619108 -0.01946421
v -0.01988162 0.03593849 -0.02153811
v -0.02020833 0.03603184 -0.02110522
v -0.01945940 0.03598654 -0.02163440
v 0.00001785 0.03627070 -0.02443087
v -0.00869288 0.03629404 -0.02360296
v -0.00455616 0.03624599 -0.02443169
v -0.00289746 0.03626109 -0.02443169
v -0.00372681 0.03625422 -0.02443169
v 0.00435562 0.03432277 -0.02651629
v 0.00206862 0.03447789 -0.02657143
v 0.00289797 0.03443534 -0.02655579
v 0.00869339 0.03386702 -0.02610563
v 0.01089495 0.03435297 -0.02569826
v 0.00786404 0.03386702 -0.02621673
v -0.00206810 0.03386565 -0.02666031
v -0.00041945 0.03451770 -0.02658542
v -0.00455616 0.03582318 -0.02550486
v 0.01945991 0.03527546 -0.02251334
v 0.02209877 0.03469479 -0.02136611
v 0.02168660 0.03469479 -0.02163028
v 0.01425760 0.03441886 -0.02489585
v 0.01361423 0.03469479 -0.02495757
v 0.01283514 0.03469479 -0.02514768
v 0.01201081 0.03469479 -0.02533367
v 0.01780121 0.03469479 -0.02357744
v 0.01700704 0.03471950 -0.02388112
v 0.01643906 0.03501189 -0.02397329
v 0.01857024 0.03462615 -0.02328282
v 0.01993742 0.03515054 -0.02239730
v 0.01881151 0.03485814 -0.02308037
v 0.02049032 0.03485265 -0.02224751
v 0.02194295 0.03615264 -0.01960164
v 0.02028424 0.03623775 -0.02029212
v 0.02115381 0.03609499 -0.02034397
v 0.01201081 0.03630502 -0.02277587
v 0.01283514 0.03629404 -0.02277587
v 0.00952275 0.03628031 -0.02360296
v 0.00786404 0.03599340 -0.02493700
v 0.02361171 0.03552667 -0.01960164
v 0.02342573 0.03528232 -0.02005922
v 0.02273712 0.03552530 -0.02026579
v -0.01425206 0.03441886 -0.02489503
v -0.00869288 0.03386565 -0.02610480
v -0.00703920 0.03386565 -0.02631466
v -0.02485774 0.03512171 -0.01906177
v -0.02497837 0.03469341 -0.01917287
v -0.02397812 0.03505719 -0.01984854
v -0.02250539 0.03521643 -0.02080566
v -0.02332469 0.03598516 -0.01915724
v -0.02272655 0.03604145 -0.01944446
v -0.02241994 0.03595771 -0.01991849
v -0.01588564 0.03517387 -0.02406794
v -0.02153530 0.03511210 -0.02153646
v -0.01365895 0.03627070 -0.02277669
v -0.01035159 0.03626246 -0.02360296
v -0.01448830 0.03623638 -0.02277669
v -0.01118094 0.03623638 -0.02360296
v -0.00869288 0.03613342 -0.02443169
v -0.00620984 0.03621854 -0.02443169
v -0.00952223 0.03628031 -0.02360296
v -0.01788111 0.03570513 -0.02275364
v -0.01821286 0.03593437 -0.02235779
v -0.01697636 0.03581083 -0.02300630
v -0.01383487 0.03589045 -0.02393955
v -0.01765995 0.03599066 -0.02246313
v -0.01584543 0.03595908 -0.02322439
v -0.01118094 0.03539214 -0.02509172
v -0.01035159 0.03587398 -0.02474113
v -0.01035159 0.03545941 -0.02517155
v -0.02194244 0.03601811 -0.02007733
v -0.01945940 0.03615401 -0.02111921
v -0.01863005 0.03606067 -0.02183603
v -0.00620984 0.03603458 -0.02502177
v -0.00703920 0.03601537 -0.02498144
v -0.00786855 0.03617049 -0.02443169
v -0.00538049 0.03579435 -0.02547194
v 0.00703971 0.03630639 -0.02360296
v 0.00621036 0.03630913 -0.02360296
v 0.01118145 0.03630913 -0.02277587
v 0.01614752 0.03631051 -0.02112004
v 0.00001785 0.03631051 -0.02360296
v -0.02101758 0.03630913 -0.01873011
v -0.00703920 0.03630639 -0.02360296
v -0.02184693 0.03629404 -0.01873011
v -0.00538049 0.03623363 -0.02443169
v -0.00620984 0.03630913 -0.02360296
v -0.00123875 0.03626795 -0.02443169
v -0.01201029 0.03619794 -0.02360296
v -0.01035159 0.03607577 -0.02432800
v -0.00974339 0.03591378 -0.02480450
v 0.00040991 0.03493227 -0.02642659
v 0.00123926 0.03547039 -0.02600687
v 0.00040991 0.03547451 -0.02601181
v 0.00703971 0.03386702 -0.02631548
v 0.00786404 0.03469479 -0.02603485
v 0.00490852 0.03419511 -0.02649736
v 0.00703971 0.03469479 -0.02613196
v 0.00123926 0.03450397 -0.02658131
v 0.01035210 0.03448476 -0.02574763
v 0.00869339 0.03469479 -0.02592457
v 0.00001785 0.03451770 -0.02658624
v -0.00289746 0.03443534 -0.02655497
v -0.00372681 0.03437768 -0.02653522
v -0.00206810 0.03447652 -0.02657061
v -0.00455616 0.03540861 -0.02593363
v -0.00372681 0.03584652 -0.02553201
v 0.01765544 0.03599203 -0.02246313
v 0.01531817 0.03617735 -0.02277587
v 0.01613245 0.03607302 -0.02281866
v 0.01448882 0.03581495 -0.02383915
v 0.01584594 0.03595908 -0.02322439
v 0.01384041 0.03589182 -0.02393955
v 0.01328751 0.03594261 -0.02402597
v 0.01531817 0.03600027 -0.02330257
v 0.01697688 0.03604557 -0.02259399
v 0.01451395 0.03469479 -0.02470904
v 0.01385549 0.03497071 -0.02478557
v 0.01820834 0.03593575 -0.02235779
v 0.01863056 0.03586299 -0.02224998
v 0.01857024 0.03539488 -0.02279397
v 0.01697688 0.03539763 -0.02345811
v 0.01531817 0.03569277 -0.02371653
v 0.01788163 0.03570650 -0.02275447
v 0.01938955 0.03462615 -0.02290507
v 0.01863056 0.03606204 -0.02183603
v 0.01945991 0.03628992 -0.02029212
v 0.01863056 0.03624599 -0.02112004
v 0.02090751 0.03599340 -0.02081965
v 0.02194295 0.03601949 -0.02007815
v 0.02145539 0.03591241 -0.02065505
v 0.00869339 0.03613342 -0.02443087
v 0.00206862 0.03626521 -0.02443087
v 0.00289797 0.03626109 -0.02443087
v 0.00372732 0.03606891 -0.02511806
v 0.00538100 0.03623501 -0.02443087
v 0.00621036 0.03621991 -0.02443087
v 0.00455668 0.03606067 -0.02509007
v 0.00869339 0.03629266 -0.02360296
v -0.00289746 0.03586436 -0.02555506
v -0.00206810 0.03587672 -0.02557234
v -0.00372681 0.03606891 -0.02511806
v 0.00206862 0.03546215 -0.02599617
v 0.00206862 0.03587810 -0.02557234
v 0.01118145 0.03580671 -0.02465719
v 0.01201081 0.03572160 -0.02457407
v 0.02194295 0.03579161 -0.02049210
v 0.02186253 0.03532762 -0.02109699
v -0.01089444 0.03435297 -0.02569908
v -0.01283462 0.03469341 -0.02514686
v -0.02414399 0.03450535 -0.01998351
v -0.02442044 0.03474558 -0.01962716
v -0.02387759 0.03587398 -0.01892927
v -0.02296782 0.03583416 -0.01970945
v -0.02365141 0.03557883 -0.01950207
v -0.02186201 0.03532625 -0.02109782
v -0.02194244 0.03579161 -0.02049210
v -0.01531766 0.03469341 -0.02446626
v -0.01697636 0.03539763 -0.02345811
v -0.01780069 0.03523565 -0.02329681
v -0.01448830 0.03540038 -0.02428191
v -0.01201029 0.03572023 -0.02457407
v -0.01283462 0.03561178 -0.02448766
v -0.02043452 0.03583005 -0.02137104
v -0.02111308 0.03523839 -0.02165744
v -0.01994193 0.03515054 -0.02239730
v -0.02323924 0.03436944 -0.02074394
v -0.01945940 0.03568865 -0.02204918
v -0.02018823 0.03548960 -0.02189199
v -0.01531766 0.03617598 -0.02277669
v -0.01613193 0.03607165 -0.02281866
v -0.01639833 0.03589869 -0.02312152
v -0.01614198 0.03553628 -0.02359884
v -0.02111308 0.03627756 -0.01946421
v -0.02028875 0.03623638 -0.02029212
v -0.02115329 0.03609361 -0.02034397
v -0.01863005 0.03624599 -0.02111921
v -0.01697636 0.03622814 -0.02194795
v -0.01788111 0.03610185 -0.02202860
v -0.00206810 0.03546215 -0.02599699
v -0.00041945 0.03493090 -0.02642577
v -0.00123875 0.03450397 -0.02658131
v -0.00123875 0.03491717 -0.02642000
v -0.00206810 0.03489109 -0.02641095
v -0.00372681 0.03543195 -0.02595996
v 0.01035210 0.03631051 -0.02277587
v 0.01365946 0.03631051 -0.02194795
v 0.01780121 0.03631051 -0.02029212
v -0.01697636 0.03630776 -0.02111921
v -0.01448830 0.03630913 -0.02194795
v -0.01283462 0.03629404 -0.02277669
v -0.01201029 0.03630364 -0.02277669
v -0.01780069 0.03628854 -0.02111921
v -0.01945940 0.03628992 -0.02029212
v -0.00123875 0.03608126 -0.02516990
v -0.00206810 0.03626521 -0.02443169
v -0.01448830 0.03605106 -0.02342602
v -0.01283462 0.03597007 -0.02407370
v -0.01328197 0.03594124 -0.02402432
v -0.01283462 0.03614029 -0.02360296
v -0.01118094 0.03605106 -0.02424323
v -0.00919049 0.03594398 -0.02485635
v -0.01201029 0.03601674 -0.02416011
v -0.00869288 0.03558570 -0.02530240
v 0.01035210 0.03489795 -0.02558468
v 0.00973888 0.03503248 -0.02563982
v 0.00621036 0.03469479 -0.02621838
v 0.00372732 0.03437768 -0.02653522
v 0.00459689 0.03463850 -0.02637556
v 0.00538100 0.03469479 -0.02629162
v 0.00948254 0.03473185 -0.02579536
v -0.00289746 0.03484853 -0.02639532
v -0.00372681 0.03479088 -0.02637392
v 0.01283514 0.03561315 -0.02448766
v 0.01531817 0.03469479 -0.02446626
v 0.01639885 0.03589869 -0.02312152
v 0.01697688 0.03581220 -0.02300712
v 0.02111359 0.03523839 -0.02165744
v 0.02018874 0.03549098 -0.02189281
v 0.02043503 0.03583005 -0.02137104
v 0.01614752 0.03627619 -0.02194795
v 0.01448882 0.03623638 -0.02277587
v 0.01697688 0.03622951 -0.02194795
v 0.01945991 0.03615401 -0.02112004
v 0.01945991 0.03568865 -0.02204918
v 0.01988213 0.03593849 -0.02153811
v 0.01201081 0.03619931 -0.02360296
v 0.00918095 0.03594398 -0.02485470
v 0.01035210 0.03607577 -0.02432717
v 0.00869339 0.03596320 -0.02488680
v 0.00948254 0.03606616 -0.02448930
v 0.01118145 0.03605106 -0.02424323
v 0.00621036 0.03603596 -0.02502259
v 0.00703971 0.03619931 -0.02443087
v 0.00786404 0.03617186 -0.02443087
v 0.01118145 0.03623775 -0.02360296
v 0.00040991 0.03627070 -0.02443087
v 0.00455668 0.03631051 -0.02360296
v 0.00786404 0.03630090 -0.02360296
v 0.00538100 0.03604969 -0.02505798
v 0.00372732 0.03584652 -0.02553119
v 0.00289797 0.03586436 -0.02555423
v -0.00041945 0.03588907 -0.02558962
v -0.00206810 0.03607851 -0.02515838
v -0.00538049 0.03604831 -0.02505880
v 0.00123926 0.03588495 -0.02558304
v 0.00040991 0.03588907 -0.02558962
v 0.00123926 0.03608263 -0.02516908
v 0.00289797 0.03607440 -0.02514027
v 0.01201081 0.03530703 -0.02500778
v 0.00869339 0.03517113 -0.02571965
v 0.00918598 0.03512445 -0.02568509
v 0.01201081 0.03601674 -0.02416011
v 0.01118145 0.03539351 -0.02509172
v 0.01035210 0.03587398 -0.02474196
v 0.00973386 0.03591516 -0.02480450
v -0.01201029 0.03469341 -0.02533367
v -0.01035159 0.03489932 -0.02558551
v -0.01117591 0.03465497 -0.02552214
v -0.00703920 0.03469341 -0.02613196
v -0.00786855 0.03469341 -0.02603567
v -0.00918547 0.03512445 -0.02568591
v -0.02342522 0.03528232 -0.02005922
v -0.02443050 0.03527820 -0.01924365
v -0.02273660 0.03552530 -0.02026496
v -0.02115329 0.03569414 -0.02110522
v -0.02145487 0.03591104 -0.02065505
v -0.02090700 0.03599203 -0.02081883
v -0.01451344 0.03469479 -0.02470821
v -0.01880597 0.03485677 -0.02307954
v -0.01825809 0.03512995 -0.02320628
v -0.01856973 0.03539351 -0.02279397
v -0.01118094 0.03580671 -0.02465801
v -0.01201029 0.03530703 -0.02500695
v -0.01906734 0.03430492 -0.02319887
v -0.01856973 0.03462615 -0.02328364
v -0.02048981 0.03485128 -0.02224751
v -0.02071600 0.03429943 -0.02236931
v -0.02024352 0.03462340 -0.02247877
v -0.02305829 0.03492129 -0.02061226
v -0.02209825 0.03469341 -0.02136528
v -0.02277682 0.03466459 -0.02092499
v -0.01697636 0.03604557 -0.02259399
v -0.01531766 0.03600027 -0.02330257
v -0.01531766 0.03527683 -0.02415682
v -0.01531766 0.03569140 -0.02371653
v 0.00001785 0.03493227 -0.02642659
v -0.00041945 0.03547451 -0.02601181
v -0.01118094 0.03630913 -0.02277669
v -0.01531766 0.03629815 -0.02194795
v -0.01863005 0.03630776 -0.02029212
v -0.02028875 0.03630639 -0.01946421
v -0.01359863 0.03605792 -0.02363917
v -0.00949208 0.03606616 -0.02448930
v -0.00869288 0.03596320 -0.02488762
v -0.00620984 0.03575729 -0.02543573
v -0.00786855 0.03599340 -0.02493700
v 0.01117643 0.03465497 -0.02552214
v 0.00123926 0.03491854 -0.02642083
v 0.00786404 0.03524114 -0.02577397
v -0.00703920 0.03529605 -0.02582170
v -0.00786855 0.03565433 -0.02535096
v -0.00786855 0.03523977 -0.02577397
v -0.00538049 0.03537979 -0.02590071
v -0.00538049 0.03469341 -0.02629162
v 0.01615758 0.03471950 -0.02418645
v 0.02115381 0.03569552 -0.02110440
v 0.01788163 0.03610322 -0.02202860
v 0.01359915 0.03605930 -0.02363917
v 0.01283514 0.03597144 -0.02407370
v 0.01448882 0.03605106 -0.02342519
v 0.01283514 0.03614166 -0.02360296
v 0.01035210 0.03626246 -0.02360296
v -0.00289746 0.03607440 -0.02514110
v -0.00123875 0.03547039 -0.02600687
v -0.00123875 0.03588358 -0.02558386
v -0.00455616 0.03605930 -0.02509090
v 0.00001785 0.03598242 -0.02539293
v 0.00040991 0.03608400 -0.02517484
v 0.00001785 0.03608400 -0.02517566
v -0.00041945 0.03608263 -0.02517566
v 0.00001785 0.03617324 -0.02482261
v 0.00206862 0.03607851 -0.02515838
v 0.00455668 0.03624599 -0.02443087
v 0.00703971 0.03601674 -0.02498226
v 0.00621036 0.03575592 -0.02543655
v 0.00538100 0.03579435 -0.02547276
v -0.00869288 0.03469341 -0.02592540
v -0.00490801 0.03419373 -0.02649736
v -0.01330208 0.03512720 -0.02485882
v -0.01283462 0.03519858 -0.02491560
v -0.00973837 0.03503248 -0.02563900
v -0.01385498 0.03497071 -0.02478557
v -0.01780069 0.03469341 -0.02357744
v -0.01643854 0.03501189 -0.02397247
v -0.01615706 0.03471950 -0.02418727
v -0.01863005 0.03586299 -0.02224998
v -0.01938903 0.03462615 -0.02290507
v -0.02104271 0.03462340 -0.02203848
v -0.01448830 0.03581495 -0.02383915
v 0.00001785 0.03519035 -0.02622990
v -0.00703920 0.03571062 -0.02539540
v -0.00620984 0.03534272 -0.02586449
v 0.00289797 0.03545117 -0.02598053
v 0.00206862 0.03489109 -0.02641013
v 0.00455668 0.03540861 -0.02593363
v 0.00372732 0.03479225 -0.02637392
v 0.00289797 0.03484990 -0.02639449
v -0.00869288 0.03517113 -0.02572047
v 0.02020885 0.03603321 -0.02110440
v 0.01945991 0.03598654 -0.02163522
v 0.00455668 0.03582456 -0.02550486
v 0.00538100 0.03537979 -0.02590153
v 0.00703971 0.03571062 -0.02539622
v 0.00786404 0.03565433 -0.02535013
v 0.00703971 0.03529742 -0.02582170
v -0.01035159 0.03448476 -0.02574681
v -0.00435511 0.03432277 -0.02651629
v -0.00459637 0.03463713 -0.02637556
v -0.00620984 0.03469341 -0.02621838
v -0.01361371 0.03469479 -0.02495675
v -0.01700150 0.03471950 -0.02388195
v -0.01945940 0.03527546 -0.02251334
v -0.02168609 0.03469341 -0.02163028
v 0.00372732 0.03543195 -0.02595996
v 0.00621036 0.03534272 -0.02586449
v 0.01035210 0.03546078 -0.02517072
v 0.00869339 0.03558570 -0.02530076
v -0.00948705 0.03473185 -0.02579536
v -0.00289746 0.03544980 -0.02597971
v 0.00372732 0.03625422 -0.02443087
v 0.00040991 0.03451770 -0.02658624
v -0.00041269 0.01813230 -0.02853315
v 0.00041271 0.01813230 -0.02853315
v -0.01035389 0.01647494 -0.02865978
v -0.01615457 0.01481959 -0.02865978
v -0.01366718 0.01564668 -0.02865594
v -0.00787295 0.01730320 -0.02860021
v -0.00869886 0.01647494 -0.02865978
v -0.01698370 0.01481959 -0.02863672
v -0.00869886 0.01730320 -0.02859445
v -0.01118302 0.01647494 -0.02864441
v -0.01449631 0.01564668 -0.02862711
v -0.02145859 0.03591288 0.02065503
v -0.01988525 0.03593947 0.02153699
v -0.02090784 0.03599393 0.02081900
v -0.02443100 0.03630418 0.01615011
v -0.02638411 0.03587743 0.01643052
v -0.01166838 0.03467948 0.02541124
v -0.01425937 0.03441988 0.02489603
v -0.02305988 0.03492261 0.02061136
v -0.02153750 0.03511256 0.02153602
v -0.02250748 0.03521767 0.02080542
v -0.02111827 0.03523920 0.02165633
v -0.01283729 0.03519994 0.02491544
v -0.01330912 0.03512903 0.02486013
v -0.01201034 0.03530758 0.02500761
v -0.01697860 0.03623073 0.02194644
v -0.01946273 0.03598759 0.02163402
v -0.02670141 0.03528225 0.01697871
v -0.02609969 0.03571913 0.01700394
v -0.02387860 0.03587489 0.01892990
v -0.02194687 0.03602052 0.02007869
v -0.02242199 0.03595974 0.01991957
v -0.02365337 0.03557984 0.01950236
v -0.02297439 0.03583563 0.01970805
v -0.02528754 0.03573686 0.01783448
v -0.02474830 0.03589389 0.01812847
v -0.02360241 0.03625099 0.01780634
v -0.01946273 0.03629151 0.02029118
v -0.01283729 0.03629405 0.02277504
v -0.01366588 0.03627252 0.02277504
v -0.01283729 0.03614209 0.02360364
v -0.01201034 0.03601799 0.02416057
v -0.01532306 0.03617755 0.02277504
v -0.02324072 0.03437050 0.02074332
v -0.02210140 0.03469468 0.02136428
v -0.02278039 0.03466555 0.02092379
v -0.02730476 0.03506571 0.01653336
v -0.02624108 0.03469468 0.01794606
v -0.02570183 0.03513789 0.01824975
v -0.01644265 0.03501379 0.02397331
v -0.01451913 0.03469594 0.02470877
v -0.02168711 0.03469468 0.02162820
v -0.02071713 0.03430085 0.02236850
v -0.01201034 0.03469468 0.02533362
v -0.01386152 0.03497200 0.02478542
v -0.01283729 0.03561403 0.02448755
v -0.01863579 0.03624719 0.02111881
v -0.02028968 0.03623833 0.02029118
v -0.02111827 0.03627885 0.01946355
v -0.01532306 0.03630038 0.02194644
v -0.01615001 0.03627632 0.02194644
v -0.01449447 0.03605218 0.02342512
v -0.01532306 0.03600153 0.02330383
v -0.01946273 0.03615602 0.02111881
v -0.01863579 0.03606231 0.02183486
v -0.01821327 0.03593567 0.02235686
v -0.02115773 0.03569508 0.02110426
v -0.02043600 0.03583184 0.02137011
v -0.02445566 0.03571660 0.01864659
v -0.02518561 0.03527465 0.01856897
v -0.02115773 0.03609524 0.02034357
v -0.02021241 0.03603318 0.02110426
v -0.02194687 0.03619274 0.01946355
v -0.02583171 0.03600153 0.01674488
v -0.02558182 0.03589389 0.01729696
v -0.02502943 0.03600532 0.01757639
v -0.02528754 0.03608764 0.01700394
v -0.02272942 0.03604332 0.01944511
v -0.02332621 0.03598633 0.01915598
v -0.02360241 0.03630418 0.01697871
v -0.02111827 0.03630924 0.01863495
v -0.02443100 0.03630671 0.01591143
v -0.01201034 0.03630544 0.02277504
v -0.01449447 0.03630924 0.02194644
v -0.01166838 0.03551399 0.02486401
v -0.01449447 0.03540255 0.02428186
v -0.01328611 0.03594327 0.02402571
v -0.01283729 0.03597240 0.02407325
v -0.01166838 0.03575712 0.02460883
v -0.01449447 0.03623706 0.02277504
v -0.01201034 0.03620034 0.02360364
v -0.02361063 0.03471494 0.02029700
v -0.02398053 0.03505811 0.01984777
v -0.02274093 0.03552665 0.02026595
v -0.02342814 0.03528352 0.02005929
v -0.02582678 0.03469468 0.01837395
v -0.02651563 0.03512523 0.01740854
v -0.02743958 0.03451359 0.01669831
v -0.02751685 0.03528732 0.01598128
v -0.02753822 0.03531264 0.01591143
v -0.02695952 0.03558237 0.01620639
v -0.02602242 0.03527592 0.01773357
v -0.01826095 0.03513156 0.02320681
v -0.01994443 0.03515182 0.02239567
v -0.01863579 0.03586350 0.02224916
v -0.01946273 0.03569001 0.02204735
v -0.01788611 0.03570774 0.02275273
v -0.01946273 0.03527592 0.02251210
v -0.01780719 0.03523666 0.02329801
v -0.01857660 0.03539496 0.02279251
v -0.01283729 0.03469468 0.02514733
v -0.01361820 0.03469594 0.02495813
v -0.01589025 0.03517588 0.02406840
v -0.01780719 0.03629025 0.02111881
v -0.01863579 0.03630798 0.02029118
v -0.01697860 0.03604711 0.02259263
v -0.01613686 0.03607371 0.02281773
v -0.01788611 0.03610410 0.02202697
v -0.02194687 0.03579258 0.02049299
v -0.02186631 0.03532657 0.02109553
v -0.02609969 0.03607497 0.01615302
v -0.02655344 0.03599899 0.01591143
v -0.02609640 0.03612183 0.01591143
v -0.02443100 0.03625732 0.01697871
v -0.02445566 0.03608637 0.01783448
v -0.02194687 0.03629531 0.01863495
v -0.02277546 0.03630164 0.01780634
v -0.02525959 0.03625226 0.01615011
v -0.02277546 0.03623199 0.01863495
v -0.02360241 0.03607371 0.01864659
v -0.02419590 0.03600153 0.01837783
v -0.02277546 0.03630924 0.01697871
v -0.02360241 0.03630924 0.01615011
v -0.01946273 0.03630924 0.01946355
v -0.02028968 0.03630544 0.01946355
v -0.01201034 0.03572167 0.02457391
v -0.01360340 0.03605977 0.02363954
v -0.02443100 0.03527972 0.01924427
v -0.02486009 0.03512270 0.01906186
v -0.02662743 0.03469468 0.01753273
v -0.02708447 0.03475166 0.01697580
v -0.02806266 0.03449080 0.01591143
v -0.02746259 0.03537469 0.01591143
v -0.02704994 0.03569508 0.01591143
v -0.02049519 0.03485297 0.02224625
v -0.02018940 0.03549119 0.02189114
v -0.01532306 0.03527845 0.02415766
v -0.01614837 0.03553805 0.02359976
v -0.01697860 0.03630671 0.02111881
v -0.01585244 0.03595974 0.02322524
v -0.01766252 0.03599140 0.02246165
v -0.01697860 0.03539876 0.02345908
v -0.01640484 0.03589895 0.02312142
v -0.01532306 0.03569254 0.02371814
v -0.01449447 0.03581664 0.02383942
v -0.02442607 0.03474659 0.01962752
v -0.02498175 0.03469468 0.01917247
v -0.02539605 0.03469468 0.01878728
v -0.01906981 0.03430718 0.02319905
v -0.01857660 0.03462756 0.02328346
v -0.01881334 0.03485930 0.02307970
v -0.01780719 0.03469468 0.02357745
v -0.02024694 0.03462376 0.02247717
v -0.01939368 0.03462756 0.02290409
v -0.01697860 0.03581284 0.02300694
v -0.01383850 0.03589262 0.02394032
v -0.02414658 0.03450599 0.01998264
v -0.01675173 0.03446167 0.02408586
v -0.01532306 0.03469468 0.02446620
v -0.01615988 0.03472000 0.02418677
v -0.01700819 0.03472000 0.02388211
v -0.01166838 0.03534304 0.02504254
v -0.02789990 0.03482258 0.01591143
v -0.01780719 0.03630924 0.02029118
v -0.03191164 -0.00012478 -0.02280351
v -0.04016345 -0.00029360 0.00952088
v -0.03107563 -0.00011938 0.02362466
v -0.03933576 -0.00030472 0.01200652
v -0.03108396 -0.00012478 -0.02363021
v -0.03024517 -0.00011854 -0.02445135
v -0.03023684 -0.00011107 0.02444580
v -0.03354756 -0.00009922 -0.02111683
v -0.03606115 -0.00011740 0.01782668
v -0.03190609 -0.00011938 0.02279241
v -0.03272543 -0.00011096 0.02195462
v -0.02912680 0.03525530 0.01366408
v -0.03095613 0.03543240 0.00952517
v -0.02899829 0.03512432 0.01410039
v -0.02986456 0.03517044 0.01251798
v -0.03060867 0.03591942 0.00903600
v -0.02857151 0.03616662 0.01200978
v -0.02780201 0.03609836 0.01371342
v -0.03078795 0.03527559 0.01035267
v -0.03145748 0.03508189 0.00907758
v -0.03138609 0.03476275 0.00959918
v -0.02999149 0.03530142 0.01200978
v -0.02935686 0.03550619 0.01276257
v -0.03067213 0.03436059 0.01165736
v -0.03110685 0.03469449 0.01035267
v -0.02995817 0.03464468 0.01281121
v -0.02971225 0.03488819 0.01307059
v -0.02983442 0.03433476 0.01328839
v -0.02909825 0.03469449 0.01425687
v -0.02820024 0.03438272 0.01579486
v -0.02883012 0.03469449 0.01467132
v -0.02826529 0.03522394 0.01506322
v -0.02855405 0.03534200 0.01442321
v -0.02774331 0.03624410 0.01283588
v -0.03068165 0.03515937 0.01085805
v -0.03077685 0.03465944 0.01115338
v -0.03038972 0.03465944 0.01196467
v -0.02951076 0.03464468 0.01360417
v -0.02807015 0.03493431 0.01561512
v -0.02839063 0.03467235 0.01533248
v -0.02691512 0.03619613 0.01449299
v -0.02608851 0.03623303 0.01532049
v -0.02856357 0.03604117 0.01277314
v -0.02910935 0.03599690 0.01200978
v -0.02900305 0.03594709 0.01245596
v -0.02991850 0.03599136 0.01035267
v -0.03050395 0.03584563 0.00952517
v -0.02952345 0.03571649 0.01200978
v -0.03019140 0.03550803 0.01110616
v -0.02968528 0.03585669 0.01135568
v -0.03033260 0.03568882 0.01035267
v -0.03055314 0.03491217 0.01140995
v -0.02661367 0.03598768 0.01587733
v -0.02526032 0.03630129 0.01532049
v -0.02811933 0.03591757 0.01402215
v -0.02795591 0.03580135 0.01449299
v -0.02716580 0.03584009 0.01552772
v -0.02754182 0.03602273 0.01449299
v -0.02857151 0.03630682 0.00952517
v -0.02857151 0.03629391 0.01035267
v -0.02774331 0.03630866 0.01118087
v -0.02940446 0.03604855 0.01111955
v -0.03008986 0.03605778 0.00952517
v -0.02608851 0.03630866 0.01366408
v -0.02691512 0.03630682 0.01283588
v -0.02982966 0.03594524 0.01080378
v -0.02772269 0.03553202 0.01529582
v -0.02689925 0.03604671 0.01527961
v -0.02883487 0.03584009 0.01300786
v -0.02856357 0.03571280 0.01371342
v -0.02828275 0.03599690 0.01347095
v -0.02737840 0.03596184 0.01497582
v -0.02774331 0.03629391 0.01200978
v -0.02857151 0.03625332 0.01118087
v -0.02608851 0.03629575 0.01449299
v -0.02691512 0.03627915 0.01366408
v -0.02939970 0.03624225 0.00952517
v -0.02939970 0.03616293 0.01035267
v -0.03345977 0.03469327 -0.00124332
v -0.03230714 0.03430588 -0.00747960
v -0.03335205 0.03469327 -0.00207162
v -0.03313768 0.03430957 -0.00418896
v -0.03318185 0.03443132 -0.00372746
v -0.03323140 0.03471356 -0.00282701
v -0.03325725 0.03527804 -0.00041503
v -0.03316030 0.03515261 -0.00207162
v -0.03354918 0.03469327 -0.00041503
v -0.03313014 0.03511202 -0.00250306
v -0.03308166 0.03500319 -0.00305475
v -0.03301811 0.03484638 -0.00372746
v -0.03271756 0.03469327 -0.00538255
v -0.03230175 0.03593845 -0.00250306
v -0.02940184 0.03630924 -0.00703839
v -0.03022916 0.03628341 -0.00621085
v -0.03022916 0.03625390 -0.00703839
v -0.03237715 0.03598642 -0.00124332
v -0.03232976 0.03595690 -0.00207162
v -0.03283282 0.03569126 -0.00041503
v -0.03279189 0.03563777 -0.00124332
v -0.03235130 0.03517659 -0.00600039
v -0.03227805 0.03506406 -0.00655209
v -0.03220480 0.03488697 -0.00703839
v -0.03247949 0.03475046 -0.00624993
v -0.03294270 0.03462871 -0.00450089
v -0.03135163 0.03585913 -0.00703839
v -0.03169850 0.03536290 -0.00763744
v -0.03321309 0.03522271 -0.00124332
v -0.03143673 0.03592001 -0.00652653
v -0.03179114 0.03544591 -0.00703839
v -0.03022916 0.03630740 -0.00455426
v -0.03022916 0.03630002 -0.00538255
v -0.03241917 0.03600855 -0.00041503
v -0.03189563 0.03554922 -0.00626346
v -0.03105647 0.03625574 -0.00372746
v -0.03105647 0.03627604 -0.00289917
v -0.03105647 0.03629079 -0.00207162
v -0.03105647 0.03617827 -0.00538255
v -0.03105647 0.03622623 -0.00455426
v -0.03188486 0.03616351 -0.00124332
v -0.03199366 0.03568204 -0.00538255
v -0.03242671 0.03526698 -0.00538255
v -0.03251935 0.03536659 -0.00455426
v -0.03208415 0.03577981 -0.00455426
v -0.03260337 0.03544407 -0.00372746
v -0.03217248 0.03585729 -0.00372746
v -0.03274341 0.03556766 -0.00207162
v -0.03269171 0.03550864 -0.00277891
v -0.03188486 0.03619118 -0.00041503
v -0.03105647 0.03630002 -0.00124332
v -0.03093690 0.03606759 -0.00703839
v -0.03175775 0.03606943 -0.00372746
v -0.03224358 0.03590525 -0.00305550
v -0.03151321 0.03596428 -0.00597409
v -0.03111895 0.03608234 -0.00623415
v -0.03158000 0.03600118 -0.00538255
v -0.03166942 0.03604176 -0.00455426
v -0.03188486 0.03612293 -0.00207162
v -0.03193441 0.03606021 -0.00282701
v -0.03325725 0.03527804 0.00003971
v -0.03022916 0.03630924 -0.00372746
v -0.03105647 0.03630371 -0.00041503
v -0.03188486 0.03619118 0.00003971
v -0.02820106 0.03438346 -0.01579606
v -0.02743754 0.03451259 -0.01669697
v -0.02775295 0.03472289 -0.01616434
v -0.02730292 0.03506416 -0.01653262
v -0.02882804 0.03469522 -0.01467166
v -0.02582587 0.03469522 -0.01837227
v -0.02662786 0.03469522 -0.01753180
v -0.02570086 0.03513795 -0.01824835
v -0.02907806 0.03469522 -0.01428772
v -0.02737600 0.03596070 -0.01497689
v -0.02277371 0.03630197 -0.01780572
v -0.02623937 0.03469522 -0.01794573
v -0.02602204 0.03527446 -0.01773311
v -0.02751639 0.03528737 -0.01598128
v -0.02708367 0.03475056 -0.01697481
v -0.02651631 0.03512504 -0.01740831
v -0.02360262 0.03625032 -0.01780572
v -0.02716444 0.03583895 -0.01552909
v -0.02638361 0.03587769 -0.01643087
v -0.02474694 0.03589244 -0.01812704
v -0.02518351 0.03527262 -0.01856837
v -0.02528544 0.03573564 -0.01783311
v -0.02557970 0.03589244 -0.01729613
v -0.02610089 0.03571904 -0.01700307
v -0.02669902 0.03528184 -0.01697786
v -0.02525852 0.03630197 -0.01532212
v -0.02442961 0.03625586 -0.01697786
v -0.02360262 0.03630382 -0.01697786
v -0.02267754 0.03622634 -0.01872968
v -0.02525852 0.03625216 -0.01614999
v -0.02661247 0.03598652 -0.01587867
v -0.02754140 0.03602342 -0.01449426
v -0.02761063 0.03604371 -0.01428772
v -0.02689904 0.03604556 -0.01528082
v -0.02695866 0.03558253 -0.01620608
v -0.02838954 0.03467308 -0.01533299
v -0.02826453 0.03522281 -0.01506385
v -0.02806836 0.03493503 -0.01561605
v -0.02795681 0.03580205 -0.01449426
v -0.02855301 0.03534087 -0.01442425
v -0.02772218 0.03553088 -0.01529647
v -0.02445076 0.03565447 -0.01872968
v -0.02445461 0.03571535 -0.01864489
v -0.02608743 0.03629643 -0.01449426
v -0.02442961 0.03630382 -0.01614999
v -0.02445461 0.03608614 -0.01783311
v -0.02277371 0.03623003 -0.01863402
v -0.02608743 0.03623372 -0.01532212
v -0.02360262 0.03607323 -0.01864489
v -0.02399304 0.03592011 -0.01872968
v -0.02419305 0.03600128 -0.01837618
v -0.02528544 0.03608614 -0.01700307
v -0.02502773 0.03600497 -0.01757528
v -0.02610089 0.03607323 -0.01615303
v -0.02691442 0.03619682 -0.01449426
v -0.02583357 0.03600128 -0.01674393
v -0.02507774 0.03522281 -0.01872968
v -0.02428152 0.03576331 -0.01872968
v -0.02629322 0.03629275 -0.01428772
v -0.00124366 -0.01076875 0.02774377
v -0.01001404 -0.01051797 0.02658278
v -0.00207155 -0.01062356 0.02835214
v -0.00289945 -0.01060807 0.02832306
v -0.00124366 -0.01058282 0.02830609
v -0.00207155 -0.01002674 0.02856180
v -0.00869611 -0.01081294 0.02608711
v -0.00952400 -0.01081064 0.02525818
v -0.00952400 -0.01077735 0.02608711
v -0.00952400 -0.01059143 0.02670760
v -0.00786821 -0.01073948 0.02691483
v -0.00838477 -0.01048124 0.02736081
v -0.00207155 -0.01080949 0.02774377
v -0.00124366 -0.01081294 0.02691605
v -0.00703892 -0.01080146 0.02691483
v -0.00289945 -0.01002674 0.02849757
v -0.00207155 -0.00919809 0.02857877
v -0.00507040 -0.01046690 0.02817642
v -0.00786821 -0.01055240 0.02743353
v -0.00621103 -0.01081294 0.02691605
v -0.00289945 -0.01079457 0.02774377
v -0.00372734 -0.01057536 0.02827821
v -0.00703892 -0.01061553 0.02752927
v -0.00372734 -0.01076129 0.02774377
v -0.00455524 -0.01051682 0.02821883
v 0.00952279 -0.01056399 0.02506288
v 0.00851291 -0.01052969 0.02575398
v 0.00786700 -0.01060000 0.02584511
v 0.00875043 -0.01064287 0.02532499
v 0.00952279 -0.01074920 0.02443115
v 0.00786700 -0.01078607 0.02525946
v 0.00997220 -0.01048081 0.02488779
v 0.00591558 -0.01047652 0.02652905
v 0.00869575 -0.01081351 0.02443115
v 0.00703824 -0.01081351 0.02525946
v 0.00289789 -0.01081351 0.02608674
v 0.00124380 -0.01081351 0.02608674
v 0.01035371 0.01647494 0.02865978
v 0.01117788 0.01647494 0.02864466
v 0.01615016 0.01481959 0.02865978
v -0.00703565 0.01730320 0.02865330
v -0.01035278 0.01647494 0.02865978
v -0.00621148 0.01730320 0.02865978
v 0.01448819 0.01564668 0.02862954
v -0.00786664 0.01730320 0.02863278
v 0.01697433 0.01481959 0.02863602
v 0.01366402 0.01564668 0.02865762
v -0.01614923 0.01481959 0.02865978
v -0.01366309 0.01564668 0.02865762
v -0.01698021 0.01481959 0.02863710
v -0.01117695 0.01647494 0.02864466
v 0.00621241 0.01730320 0.02865978
v 0.00703658 0.01730320 0.02865330
v 0.00786757 0.01730320 0.02863386
v -0.01449407 0.01564668 0.02862846
v 0.02753063 -0.01061571 0.00703958
v 0.02821753 -0.01051621 0.00455756
v 0.02691522 -0.01081291 0.00354415
v 0.02608659 -0.01077597 0.00952287
v 0.02691401 -0.01081232 0.00621182
v 0.02774385 -0.01080993 0.00207172
v 0.02828779 -0.01058294 0.00354415
v 0.02835200 -0.01062345 0.00207172
v 0.02657844 -0.01051442 0.01000987
v 0.02736103 -0.01048165 0.00838358
v 0.02670442 -0.01058890 0.00952287
v 0.02691522 -0.01080219 0.00703958
v 0.02691522 -0.01080874 0.00650045
v 0.02774385 -0.01076942 0.00124269
v 0.02827568 -0.01057519 0.00372852
v 0.02774264 -0.01076108 0.00372852
v 0.02774385 -0.01076823 0.00354415
v 0.02832292 -0.01060856 0.00289949
v 0.02774385 -0.01079444 0.00289949
v 0.02817513 -0.01046676 0.00507126
v 0.02691522 -0.01073963 0.00786862
v 0.02743372 -0.01055315 0.00786862
v 0.02608659 -0.01081351 0.00869511
v 0.02830596 -0.01058294 0.00124269
v 0.02691522 -0.01081291 0.00124269
v -0.04181019 0.00074069 -0.00207254
v -0.04168109 0.01233333 -0.00124406
v -0.04181019 0.01150605 -0.00207254
v -0.04184387 0.01150605 -0.00124406
v -0.04185790 0.01150605 -0.00041558
v -0.04186071 0.01150605 0.00041290
v -0.02360397 0.00074069 -0.02865978
v -0.04185790 0.00074069 -0.00041558
v -0.04184106 0.00074069 -0.00124406
v -0.04142569 0.00026852 -0.00591138
v -0.03978665 0.00022995 -0.01248862
v -0.04033954 0.00074069 -0.01118265
v -0.04171196 0.01233333 -0.00041558
v -0.04184387 0.01150605 0.00124137
v -0.04171196 0.01233333 0.00041290
v -0.04185790 0.00074069 0.00041290
v -0.04155198 0.00000118 -0.00372950
v -0.04169512 0.00074069 -0.00372950
v -0.02691853 0.00074069 -0.02766054
v -0.02734513 0.00029778 -0.02733801
v -0.04168109 0.01233333 0.00124137
v -0.04181019 0.01150605 0.00206986
v -0.04175967 0.01150605 0.00289833
v -0.02941918 -0.00009325 -0.02526048
v -0.02582958 0.00014483 -0.02822973
v -0.02853792 -0.00004936 -0.02607315
v -0.04004486 -0.00005468 -0.01118265
v -0.04076334 -0.00002143 -0.00869722
v -0.04146217 0.00016877 -0.00538646
v -0.03614092 -0.00009325 -0.01780101
v -0.03685098 -0.00004404 -0.01693774
v -0.04067072 0.00009828 -0.00952570
v -0.04060898 0.00023527 -0.01005061
v -0.03989611 0.00006636 -0.01201113
v -0.03731687 0.00020335 -0.01663418
v -0.03705867 0.00074069 -0.01708320
v -0.03802132 0.00074069 -0.01561597
v -0.04175967 0.00074069 0.00289833
v -0.04160811 -0.00004138 0.00206986
v -0.04181019 0.00074069 0.00206986
v -0.04158566 -0.00002808 0.00289833
v -0.04184387 0.00074069 0.00124137
v -0.04162495 -0.00004670 0.00124137
v -0.04158566 -0.00002808 -0.00290102
v -0.04162495 -0.00004670 -0.00124406
v -0.04160811 -0.00004138 -0.00207254
v -0.04163337 -0.00004803 -0.00041558
v -0.02443191 0.00074069 -0.02862816
v -0.02526265 0.00000384 -0.02832143
v -0.02526265 0.00074069 -0.02848586
v -0.02590535 0.00074069 -0.02826451
v -0.02869789 0.00074069 -0.02626288
v -0.02629547 0.01233333 -0.02803051
v -0.04151269 0.00074069 -0.00538646
v -0.04143411 0.00074069 -0.00596829
v -0.04137236 0.00074069 -0.00638253
v -0.04163337 0.01233333 0.00206986
v -0.02912169 0.00011424 -0.02578856
v -0.02998330 0.00009030 -0.02499802
v -0.02824042 0.00017276 -0.02656961
v -0.02691853 0.00011424 -0.02749295
v -0.04150988 0.00005971 -0.00455798
v -0.04175967 0.00074069 -0.00290102
v -0.03905133 0.00012222 -0.01366493
v -0.03893065 0.00030310 -0.01409182
v -0.03821778 0.00009961 -0.01510370
v -0.03935163 -0.00003606 -0.01279218
v -0.03747404 0.00004242 -0.01614721
v -0.03032009 -0.00009325 -0.02442252
v -0.03083089 0.00008232 -0.02419484
v -0.03454398 0.00074069 -0.02041609
v -0.03256535 0.00074069 -0.02264223
v -0.03298072 0.00074069 -0.02219954
v -0.03561889 0.00030044 -0.01905954
v -0.03664329 0.00074069 -0.01767768
v -0.03705867 0.01150605 -0.01708320
v -0.03733932 0.01150605 -0.01666896
v -0.03731687 0.01207796 -0.01663418
v -0.03733932 0.00074069 -0.01666896
v -0.03767892 0.00074069 -0.01614721
v -0.03980349 0.00074069 -0.01251708
v -0.04163337 -0.00004803 0.00041290
v -0.02579871 0.01281082 -0.02821392
v -0.02828533 0.01150605 -0.02660439
v -0.02691853 0.01150605 -0.02766054
v -0.02735074 0.01150605 -0.02734433
v -0.02776331 0.01150605 -0.02701863
v -0.02734513 0.01210456 -0.02733801
v -0.04163337 0.01233333 -0.00207254
v -0.04137236 0.01150605 -0.00638253
v -0.04142569 0.01196757 -0.00591454
v -0.04143411 0.01150605 -0.00597146
v -0.04151269 0.01150605 -0.00538646
v -0.02766788 0.00006104 -0.02687317
v -0.03007031 0.00074069 -0.02507708
v -0.03048287 0.00074069 -0.02469762
v -0.03657594 0.00009296 -0.01758282
v -0.03484989 0.00017276 -0.01995758
v -0.03021625 -0.00009325 -0.02452054
v -0.03104699 -0.00009325 -0.02372052
v -0.03166163 0.00007966 -0.02337901
v -0.03187774 -0.00009325 -0.02289204
v -0.03175705 0.00074069 -0.02347388
v -0.03133887 0.00074069 -0.02388811
v -0.03435594 -0.00004936 -0.02025798
v -0.03594726 0.00074069 -0.01863265
v -0.03529895 0.00074069 -0.01948010
v -0.03869209 0.00074069 -0.01451238
v -0.03412861 0.00074069 -0.02090938
v -0.03556557 0.01253949 -0.01898048
v -0.03377217 0.01150605 -0.02132362
v -0.02360397 0.01233333 -0.02865978
v -0.02194809 0.01316195 -0.02864080
v -0.02588290 0.01233333 -0.02825502
v -0.02590535 0.01150605 -0.02826451
v -0.02699430 0.01236259 -0.02756252
v -0.02732267 0.01265653 -0.02732220
v -0.04111416 0.00074069 -0.00786874
v -0.04094857 0.00074069 -0.00869722
v -0.04150988 0.01216841 -0.00455798
v -0.02609901 -0.00009059 -0.02778703
v -0.03092350 0.00074069 -0.02428338
v -0.02960441 0.00074069 -0.02548815
v -0.02919185 0.00074069 -0.02584864
v -0.03216962 0.00074069 -0.02305648
v -0.03200123 -0.00009325 -0.02276556
v -0.03270287 -0.00009325 -0.02203827
v -0.03247553 0.00008232 -0.02254737
v -0.03280110 -0.00009325 -0.02193392
v -0.03354203 -0.00009325 -0.02113390
v -0.03328102 0.00009030 -0.02170308
v -0.03356449 -0.00009325 -0.02110860
v -0.03647770 0.01277491 -0.01745317
v -0.03978665 0.01197821 -0.01248862
v -0.03989611 0.01210589 -0.01201113
v -0.03245309 0.01286269 -0.02252523
v -0.03298072 0.01150605 -0.02219954
v -0.03335680 0.01150605 -0.02178530
v -0.02822639 0.01279885 -0.02655696
v -0.02827129 0.01233333 -0.02659490
v -0.04126571 0.00074069 -0.00704026
v -0.04076334 0.00074069 -0.00952570
v -0.04146217 0.01205668 -0.00538646
v -0.04169512 0.01150605 -0.00372950
v -0.03893065 0.01193831 -0.01409182
v -0.03893626 0.00074069 -0.01409815
v -0.03980349 0.01150605 -0.01251708
v -0.04003925 0.01150605 -0.01201113
v -0.02960441 0.01150605 -0.02549132
v -0.02918062 0.01233333 -0.02583915
v -0.03007031 0.01150605 -0.02507708
v -0.03377217 0.00074069 -0.02132362
v -0.03407247 0.00011424 -0.02083982
v -0.03488357 0.00074069 -0.02000185
v -0.03481622 0.01277624 -0.01991647
v -0.03325295 0.01284407 -0.02167462
v -0.03403880 0.01281614 -0.02080503
v -0.03333715 0.01233333 -0.02176632
v -0.03081405 0.01287067 -0.02417903
v -0.03163918 0.01287067 -0.02336004
v -0.02443191 0.01233333 -0.02862500
v -0.02526265 0.01233333 -0.02847005
v -0.02443191 0.01150605 -0.02862816
v -0.02526265 0.01150605 -0.02848586
v -0.04155198 0.01224954 -0.00372950
v -0.04175967 0.01150605 -0.00290102
v -0.03767892 0.01150605 -0.01614721
v -0.03802132 0.01150605 -0.01561597
v -0.03958177 0.00074069 -0.01293132
v -0.03917763 0.00074069 -0.01366493
v -0.04126571 0.01150605 -0.00704026
v -0.03529895 0.01150605 -0.01948010
v -0.03488638 0.01150605 -0.02000185
v -0.03594726 0.01150605 -0.01863265
v -0.03562170 0.01198752 -0.01905954
v -0.03485831 0.01233333 -0.01997023
v -0.03634860 0.01150605 -0.01809192
v -0.03664329 0.01150605 -0.01767768
v -0.03452152 0.01233333 -0.02038447
v -0.03412861 0.01150605 -0.02090938
v -0.03374972 0.01233333 -0.02129833
v -0.03256535 0.01150605 -0.02264223
v -0.03254851 0.01233333 -0.02262642
v -0.03296107 0.01233333 -0.02218056
v -0.02959319 0.01233333 -0.02547867
v -0.03047165 0.01233333 -0.02468497
v -0.03005908 0.01233333 -0.02506443
v -0.03048287 0.01150605 -0.02469762
v -0.03091228 0.01233333 -0.02427074
v -0.02996927 0.01286003 -0.02498221
v -0.03454398 0.01150605 -0.02041609
v -0.03410615 0.01233333 -0.02088409
v -0.02910765 0.01283742 -0.02577591
v -0.03215559 0.01233333 -0.02303750
v -0.03216962 0.01150605 -0.02305648
v -0.03174021 0.01233333 -0.02345807
v -0.03917763 0.01150605 -0.01366493
v -0.03869209 0.01150605 -0.01451238
v -0.03893626 0.01150605 -0.01409815
v -0.04060898 0.01197555 -0.01005377
v -0.04111416 0.01150605 -0.00786874
v -0.04062301 0.01150605 -0.01010753
v -0.04051636 0.01150605 -0.01052177
v -0.04033954 0.01150605 -0.01118265
v -0.03132484 0.01233333 -0.02387230
v -0.03175705 0.01150605 -0.02347388
v -0.04076334 0.01150605 -0.00952570
v -0.04094857 0.01150605 -0.00869722
v -0.04161373 0.00074069 -0.00455798
v -0.04161373 0.01150605 -0.00455798
v -0.02631792 0.00074069 -0.02805897
v -0.02631792 0.01150605 -0.02805897
v -0.02869789 0.01150605 -0.02626288
v -0.02828533 0.00074069 -0.02660439
v -0.02776331 0.00074069 -0.02701863
v -0.02735074 0.00074069 -0.02734433
v -0.03335680 0.00074069 -0.02178530
v -0.04003925 0.00074069 -0.01201113
v -0.03562451 0.01150605 -0.01906586
v -0.03562451 0.00074069 -0.01906586
v -0.03092350 0.01150605 -0.02428338
v -0.03133887 0.01150605 -0.02388811
v -0.03827672 0.01150605 -0.01520173
v -0.03827672 0.00074069 -0.01520173
v -0.02919185 0.01150605 -0.02584864
v -0.02868667 0.01233333 -0.02625339
v -0.03634860 0.00074069 -0.01809192
v -0.04051636 0.00074069 -0.01052177
v -0.03958177 0.01150605 -0.01293132
v -0.04062301 0.00074069 -0.01010753
v -0.02691535 -0.01081235 -0.00124331
v -0.02752987 -0.01061516 -0.00703985
v -0.02821832 -0.01051567 -0.00455708
v -0.02817469 -0.01046623 -0.00507150
v -0.02658203 -0.01051746 -0.01001408
v -0.02608629 -0.01077839 -0.00952391
v -0.02743411 -0.01055320 -0.00786830
v -0.02691413 -0.01073967 -0.00786830
v -0.02670808 -0.01059193 -0.00952391
v -0.02691413 -0.01080103 -0.00703985
v -0.02774198 -0.01076112 -0.00372864
v -0.02608629 -0.01081294 -0.00869546
v -0.02525723 -0.01081116 -0.00952391
v -0.02774319 -0.01076826 -0.00124331
v -0.02835165 -0.01062290 -0.00207047
v -0.02736018 -0.01048112 -0.00838400
v -0.02774319 -0.01080937 -0.00207047
v -0.02691413 -0.01081235 -0.00621269
v -0.02691535 -0.01081235 -0.00339292
v -0.02691413 -0.01080937 -0.00649096
v -0.02832256 -0.01060801 -0.00289892
v -0.02774319 -0.01079448 -0.00289892
v -0.02827650 -0.01057525 -0.00372864
v -0.02830559 -0.01058239 -0.00124331
v -0.02774319 -0.01077482 -0.00339292
v -0.02829711 -0.01058835 -0.00339292
v -0.04170281 0.01150605 0.00364460
v -0.04169444 0.00074069 0.00372785
v -0.04151301 0.01150605 0.00538557
v -0.02443419 0.00074069 0.02862305
v -0.02360522 0.00074069 0.02865978
v -0.04155209 0.00000118 0.00372785
v -0.04161070 0.00074069 0.00455549
v -0.04142649 0.00026719 0.00591448
v -0.04151301 0.00074069 0.00538557
v -0.02774445 0.00003444 0.02674740
v -0.02852875 -0.00002941 0.02606668
v -0.02677593 0.00007434 0.02752851
v -0.02822731 0.00019404 0.02655641
v -0.02958100 0.00074069 0.02546922
v -0.02910651 0.00012754 0.02577774
v -0.02916791 0.00074069 0.02582916
v -0.02526035 0.01291190 0.02830228
v -0.02443419 0.01233333 0.02862060
v -0.02360522 0.01233333 0.02865978
v -0.02821336 0.01279220 0.02654661
v -0.04076499 -0.00002143 0.00869612
v -0.04151022 0.00005971 0.00455549
v -0.04130926 -0.00009325 0.00455549
v -0.04145998 0.00016877 0.00538557
v -0.04155209 0.01224954 0.00372785
v -0.04161349 0.01150605 0.00455549
v -0.04143487 0.00074069 0.00597079
v -0.04137346 0.00074069 0.00638461
v -0.02581020 0.00015680 0.02822392
v -0.02526035 0.00001315 0.02831452
v -0.02732857 0.00074069 0.02732528
v -0.02867389 0.00074069 0.02624298
v -0.02826080 0.00074069 0.02658579
v -0.02774445 0.01233333 0.02697512
v -0.02825243 0.01233333 0.02657844
v -0.02958100 0.01150605 0.02546922
v -0.04142649 0.01196757 0.00591203
v -0.02112113 0.01316195 0.02865978
v -0.04067289 0.00009828 0.00952620
v -0.04151022 0.01216841 0.00455549
v -0.02526035 0.00074069 0.02847124
v -0.02732857 0.01150605 0.02732528
v -0.02526035 0.01150605 0.02847124
v -0.02526035 0.01233333 0.02845899
v -0.02587998 0.01150605 0.02825576
v -0.02691269 0.00074069 0.02762891
v -0.02629307 0.00074069 0.02804272
v -0.02916791 0.01150605 0.02582916
v -0.04060869 0.01197555 0.01005266
v -0.02194730 0.01316195 0.02864019
v -0.04004489 -0.00005468 0.01118147
v -0.02996059 0.01285737 0.02497460
v -0.03080351 0.01287067 0.02416899
v -0.04145998 0.01205668 0.00538557
v -0.04143487 0.01150605 0.00597079
v -0.04137346 0.01150605 0.00638461
v -0.02774445 0.01150605 0.02699716
v -0.02826080 0.01150605 0.02658579
v -0.02730903 0.01233333 0.02731303
v -0.02689595 0.01233333 0.02760197
v -0.02587998 0.00074069 0.02825576
v -0.02996897 0.00009828 0.02498684
v -0.02939120 -0.00008660 0.02526108
v -0.03246422 0.00008764 0.02253331
v -0.03003874 0.01233333 0.02504805
v -0.02909535 0.01283343 0.02576795
v -0.02866551 0.01233333 0.02623564
v -0.02915954 0.01233333 0.02582182
v -0.03993603 -0.00009325 0.01130880
v -0.03963459 -0.00009325 0.01200911
v -0.04060869 0.00023527 0.01005266
v -0.03988579 0.00008631 0.01200911
v -0.04033795 0.00074069 0.01118147
v -0.04076220 0.00074069 0.00952620
v -0.04051659 0.01150605 0.01052279
v -0.03647505 0.01277491 0.01744996
v -0.03820554 0.00010759 0.01508948
v -0.04001977 0.00074069 0.01200911
v -0.03977694 0.00025522 0.01246945
v -0.03907637 0.00008099 0.01352481
v -0.03684627 -0.00002542 0.01692596
v -0.03789573 -0.00009325 0.01513111
v -0.03777292 -0.00009325 0.01532455
v -0.03214883 0.00074069 0.02303528
v -0.03164642 0.00008365 0.02336585
v -0.03131707 0.00074069 0.02386781
v -0.03173574 0.00074069 0.02345400
v -0.03502925 0.00003444 0.01946029
v -0.03354159 -0.00008660 0.02110821
v -0.03434822 -0.00002808 0.02024874
v -0.03521626 0.01233333 0.01946029
v -0.03480876 0.01277091 0.01990838
v -0.03556794 0.01233333 0.01898525
v -0.03591683 0.01150605 0.01862775
v -0.02957542 0.01233333 0.02546187
v -0.03004711 0.01150605 0.02505540
v -0.03004711 0.00074069 0.02505540
v -0.03046299 0.00074069 0.02467831
v -0.03254516 0.00074069 0.02262146
v -0.03326806 0.00009828 0.02168853
v -0.03411098 0.00074069 0.02088539
v -0.03483946 0.00019404 0.01994511
v -0.03934711 -0.00002010 0.01278288
v -0.03838417 -0.00003207 0.01449447
v -0.04062265 0.00074069 0.01010897
v -0.04051659 0.00074069 0.01052279
v -0.04033516 0.01150605 0.01118147
v -0.03730401 0.00022596 0.01661743
v -0.03704165 0.00074069 0.01706063
v -0.03732355 0.00074069 0.01664436
v -0.03764732 0.00074069 0.01615219
v -0.03800458 0.00074069 0.01559390
v -0.03632991 0.00074069 0.01806946
v -0.03662577 0.00074069 0.01765564
v -0.03826137 0.00074069 0.01518008
v -0.03656158 0.01233333 0.01756749
v -0.04111389 0.00074069 0.00786848
v -0.04126460 0.00074069 0.00704084
v -0.04062265 0.01150605 0.01010897
v -0.04076220 0.01150605 0.00952620
v -0.04094642 0.00074069 0.00869612
v -0.02627632 0.01233333 0.02801579
v -0.03892007 0.00074069 0.01407330
v -0.03867166 0.00074069 0.01449447
v -0.03104354 -0.00009325 0.02369641
v -0.03028994 -0.00009325 0.02442365
v -0.03270426 -0.00009325 0.02200931
v -0.03375093 0.00074069 0.02130165
v -0.03405795 0.00012621 0.02082662
v -0.03090399 0.00074069 0.02426449
v -0.03081467 0.00008764 0.02418124
v -0.03591683 0.00074069 0.01862775
v -0.03560702 0.00074069 0.01904157
v -0.03486737 0.00074069 0.01997939
v -0.03527766 0.00074069 0.01946029
v -0.03560702 0.01150605 0.01904157
v -0.03484504 0.01233333 0.01995246
v -0.03324573 0.01284274 0.02166650
v -0.03333784 0.00074069 0.02176444
v -0.03800737 0.01150605 0.01559390
v -0.03934432 -0.00009325 0.01258454
v -0.03656437 0.00010094 0.01756749
v -0.03745753 0.00006104 0.01615219
v -0.03627130 -0.00009325 0.01759198
v -0.03612058 -0.00009325 0.01780012
v -0.04111389 0.01150605 0.00786848
v -0.04094642 0.01150605 0.00869612
v -0.02586045 0.01233333 0.02824841
v -0.02578788 0.01280816 0.02821168
v -0.03956761 0.00074069 0.01290531
v -0.03197857 -0.00009325 0.02276348
v -0.03333505 -0.00009325 0.02132369
v -0.03486737 0.01150605 0.01997939
v -0.03527766 0.01150605 0.01946029
v -0.03403283 0.01281348 0.02079723
v -0.03163247 0.01287067 0.02335115
v -0.03089282 0.01233333 0.02425470
v -0.03732355 0.01150605 0.01664681
v -0.03977694 0.01196358 0.01246945
v -0.03988579 0.01209392 0.01200911
v -0.03978811 0.01150605 0.01249149
v -0.03820554 0.01213515 0.01508948
v -0.03719516 0.01260732 0.01642643
v -0.03915173 0.01150605 0.01365948
v -0.03956761 0.01150605 0.01290531
v -0.03114961 -0.00009325 0.02359112
v -0.03296104 0.01150605 0.02218071
v -0.03333784 0.01150605 0.02176689
v -0.03296104 0.00074069 0.02218071
v -0.03452406 0.01150605 0.02039321
v -0.03244468 0.01286136 0.02251617
v -0.03213766 0.01233333 0.02302304
v -0.03045462 0.01233333 0.02466851
v -0.03046299 0.01150605 0.02467831
v -0.03254516 0.01150605 0.02262146
v -0.03090399 0.01150605 0.02426449
v -0.03130870 0.01233333 0.02385802
v -0.03764732 0.01150605 0.01615219
v -0.03704165 0.01150605 0.01706063
v -0.03892007 0.01150605 0.01407330
v -0.03867166 0.01150605 0.01449447
v -0.03332109 0.01233333 0.02174975
v -0.03450732 0.01233333 0.02036628
v -0.03173574 0.01150605 0.02345400
v -0.03131707 0.01150605 0.02386781
v -0.03172458 0.01233333 0.02344175
v -0.03730401 0.01205535 0.01661743
v -0.03826137 0.01150605 0.01518008
v -0.03662577 0.01150605 0.01765564
v -0.03375093 0.01150605 0.02130165
v -0.03411098 0.01150605 0.02088539
v -0.03409144 0.01233333 0.02086580
v -0.03373697 0.01233333 0.02127962
v -0.03294708 0.01233333 0.02216357
v -0.03253400 0.01233333 0.02260922
v -0.02443419 0.01150605 0.02862305
v -0.02691269 0.01150605 0.02762891
v -0.02629307 0.01150605 0.02804272
v -0.02867389 0.01150605 0.02624298
v -0.04033795 0.01067743 0.01118147
v -0.04001977 0.01150605 0.01200911
v -0.04126460 0.01150605 0.00704084
v -0.03632991 0.01150605 0.01806946
v -0.03978811 0.00074069 0.01249149
v -0.03915173 0.00074069 0.01365948
v -0.03187529 -0.00009325 0.02286877
v -0.03452406 0.00074069 0.02039321
v -0.03214883 0.01150605 0.02303528
v 0.00786850 0.01730320 -0.02860023
v 0.01366665 0.01564668 -0.02865697
v 0.01035390 0.01647494 -0.02865859
v 0.01118126 0.01647494 -0.02864400
v 0.00869752 0.01730320 -0.02859536
v 0.01614873 0.01481959 -0.02865859
v 0.01697775 0.01481959 -0.02863590
v 0.01449070 0.01564668 -0.02862779
v 0.04186108 0.01150523 0.00041421
v 0.04060806 0.00023605 -0.01004982
v 0.04067254 0.00009754 -0.00952219
v 0.02443375 0.01150523 0.02862511
v 0.02526069 0.01150523 0.02847491
v 0.02443375 0.01233364 0.02862126
v 0.04185828 0.00073995 -0.00041382
v 0.04094725 0.00073995 -0.00869416
v 0.04060806 0.01197616 -0.01004982
v 0.04062208 0.01150523 -0.01010374
v 0.02588860 0.01150523 0.02825924
v 0.02360401 0.00073995 0.02865978
v 0.02586897 0.01233364 0.02824769
v 0.02526069 0.01233364 0.02846336
v 0.04111544 0.00073995 -0.00786612
v 0.04142659 0.00026771 -0.00590966
v 0.04161440 0.01067683 -0.00455399
v 0.04161440 0.00073995 -0.00455399
v 0.04062208 0.00073995 -0.01010374
v 0.02526069 0.00073995 0.02847491
v 0.02443375 0.00073995 0.02862511
v 0.04111544 0.00073995 0.00787036
v 0.04137053 0.00073995 -0.00637952
v 0.04151349 0.00073995 -0.00538202
v 0.04184146 0.00073995 -0.00124186
v 0.04151068 0.00005929 -0.00455399
v 0.04155554 0.00001839 -0.00372596
v 0.04153872 0.00001839 -0.00398400
v 0.04145742 0.00001839 -0.00455399
v 0.02194733 0.01316204 0.02864052
v 0.02112040 0.01316204 0.02865978
v 0.02628104 0.01233364 0.02802046
v 0.02730981 0.01251040 0.02731181
v 0.02691736 0.01150523 0.02763532
v 0.02733503 0.00032047 0.02733107
v 0.02581571 0.00015294 0.02822458
v 0.02630066 0.00073995 0.02804742
v 0.03046898 0.00073995 0.02468522
v 0.02997562 0.00009490 0.02498947
v 0.02766300 0.00008435 0.02686892
v 0.02959159 0.00073995 0.02547859
v 0.04184146 0.00073995 0.00124609
v 0.04185828 0.00073995 0.00041421
v 0.04060806 0.00023605 0.01005021
v 0.03091188 0.01150523 0.02426927
v 0.03481390 0.01277422 0.01991343
v 0.03978113 0.00024132 0.01247654
v 0.03957369 0.01150523 0.01291944
v 0.03892616 0.01192735 0.01408254
v 0.03731153 0.01206718 0.01662441
v 0.03801513 0.01150523 0.01560381
v 0.03719660 0.01261857 0.01642799
v 0.03633883 0.00073995 0.01808021
v 0.04126401 0.01150523 -0.00703809
v 0.04126401 0.00073995 -0.00703809
v 0.04137333 0.01150523 -0.00637952
v 0.04143500 0.00073995 -0.00596357
v 0.04146023 0.00016877 -0.00538202
v 0.04073421 0.00001839 -0.00897530
v 0.04176017 0.00073995 -0.00289792
v 0.04181063 0.00073995 -0.00206989
v 0.04159478 0.00001839 -0.00289792
v 0.04169570 0.00073995 -0.00372596
v 0.02826008 0.01233364 0.02658392
v 0.02821803 0.01279533 0.02654926
v 0.04142659 0.01196824 0.00591389
v 0.02691736 0.00013316 0.02748127
v 0.02648848 0.00001839 0.02763918
v 0.02823205 0.00018592 0.02656081
v 0.02845911 0.00001839 0.02619108
v 0.03165192 0.00008303 0.02336806
v 0.03132395 0.00073995 0.02387644
v 0.03082218 0.00008567 0.02418455
v 0.03091188 0.00073995 0.02426927
v 0.03147532 0.00001839 0.02344894
v 0.04171252 0.01233364 0.00041421
v 0.04184146 0.01150523 0.00124609
v 0.04168168 0.01233364 0.00124609
v 0.04003341 0.00073995 0.01200668
v 0.04060806 0.01197616 0.01005021
v 0.04111544 0.01150523 0.00787036
v 0.03978113 0.01197220 0.01247654
v 0.03979514 0.01150523 0.01250350
v 0.04003341 0.01150523 0.01200668
v 0.04033896 0.01150523 0.01117864
v 0.03989325 0.01210147 0.01200668
v 0.03647618 0.01277422 0.01745244
v 0.03555955 0.01249457 0.01897371
v 0.03656588 0.01233364 0.01757568
v 0.03090067 0.01233364 0.02426157
v 0.03255454 0.01150523 0.02262861
v 0.03989325 0.00007512 0.01200668
v 0.03892616 0.00031783 0.01408254
v 0.03904389 0.00013448 0.01366274
v 0.03801513 0.00073995 0.01560381
v 0.03561281 0.00031915 0.01905074
v 0.03656869 0.00009622 0.01757568
v 0.03730873 0.00021494 0.01662441
v 0.03638929 0.00001839 0.01766812
v 0.03892896 0.01150523 0.01408639
v 0.03916443 0.00073995 0.01366274
v 0.03916443 0.01150523 0.01366274
v 0.03892896 0.00073995 0.01408254
v 0.03868508 0.00073995 0.01449848
v 0.03663597 0.01150523 0.01766426
v 0.04094725 0.01150523 -0.00869416
v 0.04076224 0.01150523 -0.00952219
v 0.04161160 0.01150523 -0.00455399
v 0.03080817 0.01287052 0.02417299
v 0.03131554 0.01233364 0.02386103
v 0.03163510 0.01287052 0.02335266
v 0.03244802 0.01286260 0.02252078
v 0.02698744 0.01227428 0.02755060
v 0.02733503 0.01195901 0.02733107
v 0.02766300 0.01227428 0.02705378
v 0.02959159 0.01150523 0.02547859
v 0.03005692 0.01150523 0.02506265
v 0.02958038 0.01233364 0.02546704
v 0.03046898 0.01150523 0.02468522
v 0.03004570 0.01233364 0.02505494
v 0.02868336 0.00073995 0.02624885
v 0.02826849 0.00073995 0.02659162
v 0.02917672 0.00073995 0.02583676
v 0.02867215 0.01233364 0.02624115
v 0.02910103 0.01283490 0.02577129
v 0.04185828 0.01150523 -0.00041382
v 0.04184146 0.01150523 -0.00124186
v 0.04171252 0.01233364 -0.00041382
v 0.03062876 0.00001839 0.02427313
v 0.03007374 0.00001839 0.02479305
v 0.02873662 0.00001839 0.02596771
v 0.02911225 0.00012260 0.02577899
v 0.03005692 0.00073995 0.02506265
v 0.03090348 0.00001839 0.02400739
v 0.03381597 0.00001839 0.02096484
v 0.03406546 0.00012129 0.02083005
v 0.04163403 0.01233364 0.00207413
v 0.04155273 0.01224921 0.00373019
v 0.04181063 0.01150523 0.00207413
v 0.04162842 0.00001839 0.00200865
v 0.04181063 0.00073995 0.00207413
v 0.04159759 0.00001839 0.00284824
v 0.04151068 0.00005929 0.00455823
v 0.04073421 0.00001839 0.00897954
v 0.04146023 0.00016877 0.00538626
v 0.04169570 0.00073995 0.00373019
v 0.04126401 0.00073995 0.00704233
v 0.04142659 0.00026771 0.00591389
v 0.04137053 0.00073995 0.00638375
v 0.04137333 0.01150523 0.00638375
v 0.04126401 0.01150523 0.00704233
v 0.03957369 0.00073995 0.01291944
v 0.03979514 0.00073995 0.01250350
v 0.03403742 0.01281511 0.02079924
v 0.03324973 0.01284413 0.02166964
v 0.04067254 0.00009754 0.00952258
v 0.03995773 0.00001839 0.01165236
v 0.03821135 0.00010282 0.01509544
v 0.03673408 0.00001839 0.01719440
v 0.03746571 0.00005137 0.01614684
v 0.03592956 0.00073995 0.01863094
v 0.03561561 0.00073995 0.01905074
v 0.04142659 0.01196692 -0.00590966
v 0.04151349 0.01150523 -0.00538202
v 0.04111544 0.01150523 -0.00786612
v 0.04169570 0.01150523 -0.00372596
v 0.04146023 0.01205662 -0.00538202
v 0.02526069 0.01291273 0.02830546
v 0.02579048 0.01280852 0.02821302
v 0.03214528 0.01233364 0.02302915
v 0.03173041 0.01233364 0.02344894
v 0.03046057 0.01233364 0.02467366
v 0.02996441 0.01285864 0.02497792
v 0.02917672 0.01150523 0.02583676
v 0.02868336 0.01150523 0.02624885
v 0.02916831 0.01233364 0.02582521
v 0.04151068 0.01216743 0.00455823
v 0.04146023 0.01205662 0.00538626
v 0.04169570 0.01150523 0.00373019
v 0.03487557 0.00073995 0.01998661
v 0.03453358 0.00073995 0.02040255
v 0.03375991 0.00073995 0.02130761
v 0.03484474 0.00018460 0.01995195
v 0.03447752 0.00001839 0.02017532
v 0.03633883 0.01150523 0.01808021
v 0.03561281 0.01194186 0.01905074
v 0.03528764 0.00073995 0.01946668
v 0.02924680 0.00001839 0.02553251
v 0.03327216 0.00009490 0.02169274
v 0.03255735 0.00001839 0.02234747
v 0.03338428 0.00001839 0.02145781
v 0.04176017 0.01150523 0.00290216
v 0.04161160 0.01150523 0.00455823
v 0.04143500 0.01150523 0.00597166
v 0.04151349 0.01150523 0.00538626
v 0.04155834 0.00001839 0.00370709
v 0.04153872 0.00001839 0.00398823
v 0.04076224 0.01150523 0.00952258
v 0.03296942 0.01150523 0.02218956
v 0.03253772 0.01233364 0.02261321
v 0.03295260 0.01233364 0.02217031
v 0.03332822 0.01233364 0.02175822
v 0.03704803 0.00073995 0.01707116
v 0.04143500 0.01150523 -0.00596743
v 0.03174443 0.01150523 0.02346050
v 0.03215649 0.01150523 0.02304455
v 0.04155273 0.01224921 -0.00372596
v 0.04181063 0.01150523 -0.00206989
v 0.04163403 0.01233364 -0.00206989
v 0.03375991 0.01150523 0.02130761
v 0.03411872 0.01150523 0.02089552
v 0.03334504 0.01150523 0.02177362
v 0.03374309 0.01233364 0.02128836
v 0.03246764 0.00008435 0.02254003
v 0.03215649 0.00073995 0.02304455
v 0.03255454 0.00073995 0.02262861
v 0.04176017 0.00073995 0.00290216
v 0.04161160 0.00073995 0.00455823
v 0.04051836 0.01067683 0.01052007
v 0.04051556 0.01150523 0.01052007
v 0.04062208 0.01150523 0.01010413
v 0.04062208 0.00073995 0.01010413
v 0.03174443 0.00073995 0.02346050
v 0.04176017 0.01150523 -0.00289792
v 0.04151068 0.01216743 -0.00455399
v 0.03451116 0.01233364 0.02037559
v 0.03485034 0.01233364 0.01995965
v 0.03409909 0.01233364 0.02087241
v 0.03528764 0.01150523 0.01946668
v 0.03487557 0.01150523 0.01998661
v 0.03561561 0.01150523 0.01905074
v 0.03173321 0.00001839 0.02319090
v 0.04143500 0.00073995 0.00596781
v 0.04047351 0.01150523 -0.01068529
v 0.04076224 0.00073995 -0.00952219
v 0.01322385 0.00073995 0.02865978
v 0.02360401 0.01233364 0.02865978
v 0.02588860 0.00073995 0.02825924
v 0.02630066 0.01150523 0.02804742
v 0.04051836 0.01067683 -0.01051968
v 0.04051836 0.00073995 -0.01051968
v 0.03132395 0.01150523 0.02387644
v 0.02691736 0.00073995 0.02763532
v 0.04033896 0.00073995 0.01117864
v 0.04051836 0.00073995 0.01052007
v 0.03663597 0.00073995 0.01766426
v 0.03766473 0.01150523 0.01614684
v 0.03766473 0.00073995 0.01614684
v 0.02826849 0.01150523 0.02659162
v 0.03827022 0.00073995 0.01518787
v 0.03827022 0.01150523 0.01518787
v 0.03868508 0.01150523 0.01449848
v 0.03592956 0.01150523 0.01863094
v 0.03733115 0.00073995 0.01665522
v 0.04094725 0.01150523 0.00869840
v 0.04094725 0.00073995 0.00869840
v 0.03296942 0.00073995 0.02218956
v 0.03334504 0.00073995 0.02177362
v 0.03704803 0.01150523 0.01707116
v 0.03733115 0.01150523 0.01665522
v 0.04168168 0.01233364 -0.00124186
v 0.03411872 0.00073995 0.02089552
v 0.04151349 0.00073995 0.00538626
v 0.04076224 0.00073995 0.00952258
v 0.03229105 0.00001839 0.02262091
v 0.02973735 0.00001839 0.02510116
v 0.04162562 0.00001839 -0.00206989
v 0.03925974 0.00001839 0.01304268
v 0.03453358 0.01150523 0.02040255
v 0.03989020 0.00007644 -0.01201015
v 0.02631029 0.00073995 -0.02805453
v 0.02526199 0.00073995 -0.02848031
v 0.03981018 0.00001839 -0.01201015
v 0.03995955 0.00001839 -0.01164595
v 0.02531000 0.00001839 -0.02831141
v 0.02360551 0.00073995 -0.02865978
v 0.02443242 0.00073995 -0.02862635
v 0.02631029 0.01150523 -0.02805453
v 0.02691580 0.01150523 -0.02764986
v 0.02579547 0.01280984 -0.02821464
v 0.02443242 0.01150523 -0.02862635
v 0.02194903 0.01316204 -0.02864042
v 0.02443242 0.01233364 -0.02862283
v 0.02360551 0.01233364 -0.02865978
v 0.02628895 0.01233364 -0.02802462
v 0.02698782 0.01232440 -0.02755837
v 0.02587550 0.01233364 -0.02825334
v 0.02526199 0.01233364 -0.02846800
v 0.02526199 0.01150523 -0.02848031
v 0.02526199 0.00001839 -0.02832196
v 0.02733725 0.00030860 -0.02733668
v 0.02582215 0.00014899 -0.02822872
v 0.03868452 0.00073995 -0.01449977
v 0.03826840 0.00073995 -0.01519123
v 0.02111946 0.01316204 -0.02865978
v 0.02826552 0.01233364 -0.02658891
v 0.02691580 0.00073995 -0.02764810
v 0.03978084 0.00024396 -0.01247641
v 0.04002891 0.00073995 -0.01201015
v 0.03892726 0.01192603 -0.01408454
v 0.03868452 0.01150523 -0.01449977
v 0.03826840 0.01150523 -0.01519123
v 0.03801500 0.01150523 -0.01560646
v 0.02822284 0.01279665 -0.02655372
v 0.03731079 0.01206718 -0.01662870
v 0.02733725 0.01204211 -0.02733668
v 0.02827619 0.01150523 -0.02659771
v 0.02959657 0.01150523 -0.02548398
v 0.02958590 0.01233364 -0.02547342
v 0.02917245 0.01233364 -0.02583235
v 0.02867897 0.01233364 -0.02624758
v 0.02910309 0.01283622 -0.02577429
v 0.02996468 0.01285996 -0.02498078
v 0.02733992 0.00073995 -0.02733843
v 0.02775604 0.00073995 -0.02701294
v 0.03214930 0.01233364 -0.02303308
v 0.03892726 0.00031915 -0.01408454
v 0.03904196 0.00013579 -0.01366579
v 0.03926336 0.00001839 -0.01303767
v 0.03561430 0.00031519 -0.01905497
v 0.03487809 0.00073995 -0.01999099
v 0.03529154 0.00073995 -0.01947020
v 0.03801500 0.00073995 -0.01560646
v 0.04033833 0.01150523 -0.01118145
v 0.03978084 0.01197088 -0.01247641
v 0.03989020 0.01210015 -0.01201015
v 0.03647589 0.01277422 -0.01745388
v 0.03556095 0.01250248 -0.01897755
v 0.03005270 0.01233364 -0.02505995
v 0.03006070 0.01150523 -0.02506875
v 0.03047682 0.01150523 -0.02469047
v 0.02766535 0.01232440 -0.02706220
v 0.02731324 0.01259350 -0.02731732
v 0.02775604 0.01150523 -0.02701294
v 0.02918312 0.01150523 -0.02584291
v 0.02868964 0.00073995 -0.02625638
v 0.03325095 0.01284413 -0.02167126
v 0.03403785 0.01281511 -0.02080386
v 0.03254142 0.01233364 -0.02261961
v 0.03255742 0.01150523 -0.02263368
v 0.03245072 0.01286260 -0.02252284
v 0.03295487 0.01233364 -0.02217446
v 0.03297088 0.00073995 -0.02219206
v 0.03334965 0.00073995 -0.02177859
v 0.03327496 0.00009358 -0.02169590
v 0.03255742 0.00073995 -0.02263368
v 0.03485408 0.01233364 -0.01996284
v 0.03451532 0.01233364 -0.02037631
v 0.03821239 0.00010282 -0.01509798
v 0.03376310 0.00073995 -0.02131410
v 0.03412054 0.00073995 -0.02089887
v 0.03453666 0.00073995 -0.02040622
v 0.03484608 0.00018196 -0.01995229
v 0.03731079 0.00021494 -0.01662870
v 0.03663593 0.01150523 -0.01767029
v 0.03704938 0.01150523 -0.01707383
v 0.03733213 0.01150523 -0.01666037
v 0.03766289 0.00073995 -0.01615013
v 0.03979417 0.01150523 -0.01250280
v 0.03957278 0.01150523 -0.01291803
v 0.03174919 0.01150523 -0.02346590
v 0.03173319 0.01233364 -0.02345358
v 0.03133040 0.01150523 -0.02388113
v 0.03046615 0.01233364 -0.02467991
v 0.03091695 0.01150523 -0.02427700
v 0.03131973 0.01233364 -0.02386705
v 0.02733992 0.01150523 -0.02733843
v 0.03081025 0.01287052 -0.02417495
v 0.03090361 0.01233364 -0.02426645
v 0.02997801 0.00009358 -0.02499485
v 0.02911643 0.00011865 -0.02578660
v 0.02959657 0.00073995 -0.02548398
v 0.02651301 0.00001839 -0.02763578
v 0.02691580 0.00012260 -0.02748975
v 0.02845224 0.00001839 -0.02620887
v 0.02823618 0.00017933 -0.02656604
v 0.02918312 0.00073995 -0.02584115
v 0.03297088 0.01150523 -0.02219206
v 0.03247207 0.00008435 -0.02254219
v 0.03165583 0.00008171 -0.02337441
v 0.03406719 0.00011996 -0.02083377
v 0.03412054 0.01150523 -0.02089887
v 0.03376310 0.01150523 -0.02131410
v 0.03334965 0.01150523 -0.02177859
v 0.03333098 0.01233364 -0.02176100
v 0.03374443 0.01233364 -0.02128946
v 0.03487809 0.01150523 -0.01999099
v 0.03593173 0.00073995 -0.01863622
v 0.03746551 0.00005137 -0.01615013
v 0.03633985 0.00073995 -0.01808376
v 0.03663593 0.00073995 -0.01767029
v 0.03561697 0.01150523 -0.01905673
v 0.03529154 0.01150523 -0.01947020
v 0.03561430 0.01195109 -0.01905497
v 0.03481407 0.01277422 -0.01991358
v 0.03766289 0.01150523 -0.01615013
v 0.03979417 0.00073995 -0.01250280
v 0.03163716 0.01287052 -0.02335681
v 0.03082359 0.00008435 -0.02419079
v 0.03133040 0.00073995 -0.02388113
v 0.02766535 0.00007248 -0.02687218
v 0.02807079 0.00001839 -0.02650094
v 0.03453666 0.01150523 -0.02040622
v 0.03409920 0.01233364 -0.02087600
v 0.03448331 0.00001839 -0.02017398
v 0.03656925 0.00009622 -0.01757704
v 0.03424591 0.00001839 -0.02046956
v 0.03561697 0.00073995 -0.01905673
v 0.03704938 0.00073995 -0.01707383
v 0.03916199 0.01150523 -0.01366579
v 0.03892726 0.01150523 -0.01408630
v 0.03892726 0.00073995 -0.01408630
v 0.03916199 0.00073995 -0.01366579
v 0.03957278 0.00073995 -0.01291803
v 0.02924713 0.00001839 -0.02554380
v 0.02974861 0.00001839 -0.02510218
v 0.03007404 0.00001839 -0.02480132
v 0.03006070 0.00073995 -0.02506875
v 0.03047682 0.00073995 -0.02469047
v 0.03216264 0.00073995 -0.02304891
v 0.03174919 0.00073995 -0.02346590
v 0.03229601 0.00001839 -0.02262488
v 0.03173319 0.00001839 -0.02319846
v 0.03639052 0.00001839 -0.01767029
v 0.03090628 0.00001839 -0.02401484
v 0.03063687 0.00001839 -0.02427524
v 0.03091695 0.00073995 -0.02427700
v 0.04047437 0.00073995 -0.01068529
v 0.04033833 0.00073995 -0.01118145
v 0.04047437 0.01067683 -0.01068529
v 0.01322652 0.00073995 -0.02865978
v 0.02589684 0.00073995 -0.02826214
v 0.02589684 0.01150523 -0.02826214
v 0.04002891 0.01150523 -0.01201015
v 0.02868964 0.01150523 -0.02625638
v 0.02827619 0.00073995 -0.02659771
v 0.03216264 0.01150523 -0.02304891
v 0.03633985 0.01150523 -0.01808376
v 0.03733213 0.00073995 -0.01666037
v 0.01913222 0.01349446 -0.02865978
v 0.03593173 0.01150523 -0.01863622
v 0.03673463 0.00001839 -0.01719875
v 0.03723611 0.00001839 -0.01644395
v 0.03959145 0.00001839 -0.01244122
v 0.03382179 0.00001839 -0.02096573
v 0.03802833 0.00001839 -0.01519475
v 0.02875899 0.00001839 -0.02596255
v 0.03147978 0.00001839 -0.02345182
v 0.03255742 0.00001839 -0.02235393
v 0.03338433 0.00001839 -0.02146365
v 0.03933684 -0.00031432 -0.01200616
v 0.03934797 -0.00002821 -0.01278542
v 0.04004365 -0.00005566 -0.01117681
v 0.04016331 -0.00029338 -0.00952366
v 0.02939421 -0.00009543 -0.02526471
v 0.04158249 -0.00002877 0.00289439
v 0.04163536 -0.00004938 -0.00041189
v 0.04160754 -0.00004199 -0.00206504
v 0.04076159 -0.00002216 0.00869431
v 0.04154910 0.00000002 0.00372375
v 0.02853156 -0.00003717 0.02606623
v 0.03850759 -0.00025428 -0.01366487
v 0.03772843 -0.00011716 -0.01535141
v 0.03684631 -0.00003583 -0.01693220
v 0.04076159 -0.00002216 -0.00869431
v 0.02853435 -0.00004356 -0.02607180
v 0.04160754 -0.00004199 0.00206504
v 0.04162423 -0.00004748 0.00124125
v 0.04164650 0.00001839 0.00116889
v 0.04158249 -0.00002877 -0.00289439
v 0.04163536 -0.00004938 0.00041189
v 0.04004365 -0.00005577 0.01117681
v 0.02529805 0.00001839 0.02830938
v 0.02939142 -0.00009195 0.02525914
v 0.03190977 -0.00012175 0.02279891
v 0.03273068 -0.00011425 0.02195842
v 0.03354323 -0.00009262 0.02111237
v 0.03606715 -0.00012007 0.01782834
v 0.03684631 -0.00003527 0.01693220
v 0.03024293 -0.00011604 -0.02445205
v 0.04164371 0.00001839 -0.00124125
v 0.04162423 -0.00004748 -0.00124125
v 0.03934797 -0.00003000 0.01278542
v 0.02609390 -0.00008624 0.02778060
v 0.02526188 0.00000943 0.02831495
v 0.02597146 0.00001839 0.02797542
v 0.03435022 -0.00003874 0.02024961
v 0.03424726 0.00001839 0.02046113
v 0.03354601 -0.00009442 -0.02111237
v 0.03273068 -0.00011559 -0.02195842
v 0.03190977 -0.00012287 -0.02279891
v 0.03108053 -0.00012298 -0.02362826
v 0.04154910 -0.00000009 -0.00372375
v 0.03024015 -0.00011413 0.02444648
v 0.03606715 -0.00012029 -0.01783391
v 0.03435022 -0.00004120 -0.02024961
v 0.03107775 -0.00012164 0.02362826
f 2702 936 1806
f 2268 2267 2266
f 1890 1999 2000
f 337 235 213
f 186 213 235
f 713 710 731
f 712 710 713
f 2399 2347 2272
f 2397 2399 2272
f 2398 2399 2397
f 2425 329 2426
f 621 630 655
f 2351 2337 655
f 655 2337 621
f 929 1848 1847
f 929 909 1848
f 1847 1806 929
f 929 1806 936
f 929 2548 935
f 1859 1819 1860
f 1819 1824 1860
f 2010 1819 1818
f 2010 1824 1819
f 1850 1824 2010
f 1960 1911 1962
f 1962 1963 1960
f 1960 1963 1961
f 1882 1121 1961
f 1961 1121 1960
f 1849 1824 1850
f 1847 1848 1849
f 1848 1824 1849
f 1722 1732 1720
f 932 929 935
f 2264 1351 1347
f 2266 1351 2264
f 2264 2268 2266
f 1066 1065 1064
f 1065 1066 1219
f 2095 8 2080
f 90 1933 1934
f 1934 1933 1999
f 1601 1999 1890
f 2033 2031 2032
f 2032 2031 2052
f 1816 1800 1862
f 2007 2000 1999
f 2062 2063 2064
f 1554 2214 1570
f 445 438 1427
f 456 502 457
f 2220 2214 2216
f 2044 2043 2053
f 333 354 358
f 406 235 337
f 406 336 235
f 406 424 336
f 213 186 677
f 2352 2337 2351
f 731 710 715
f 2278 2397 2272
f 2434 715 710
f 731 715 2434
f 2267 2268 946
f 2268 2264 946
f 946 2264 1346
f 2547 936 2702
f 2547 929 936
f 2548 929 2547
f 2320 2323 2321
f 2317 276 327
f 327 2425 2317
f 2358 2321 291
f 291 2321 2323
f 2320 292 291
f 291 2323 2320
f 2317 2358 326
f 2358 291 326
f 275 325 326
f 326 291 275
f 631 2351 633
f 2307 2306 2308
f 1674 1678 1695
f 1912 1911 1960
f 1912 1348 1911
f 1352 1348 1912
f 1015 1121 1882
f 1914 1961 1963
f 1347 1348 1349
f 1349 1348 1352
f 1859 1860 1893
f 1860 915 1893
f 912 1824 1848
f 1920 1860 1824
f 1920 915 1860
f 1824 912 1920
f 1920 912 915
f 2034 1823 915
f 2039 2035 2041
f 2033 2032 1827
f 1827 2032 2052
f 901 2041 898
f 901 173 2041
f 898 2041 2042
f 2042 2035 898
f 2041 2035 2042
f 900 921 920
f 909 929 907
f 899 908 907
f 907 908 909
f 1427 438 436
f 215 679 218
f 1093 955 956
f 998 955 1001
f 998 1001 952
f 1003 1097 952
f 952 1001 1003
f 1001 955 1003
f 1105 1209 1050
f 1999 1622 1609
f 1608 1609 1622
f 1600 1622 1999
f 1999 1601 1600
f 1600 1608 1622
f 1601 1608 1600
f 1816 2052 2055
f 2055 2050 1816
f 1843 1800 1816
f 1816 2050 1843
f 1843 2050 2044
f 1964 1919 1965
f 1733 1755 1732
f 162 2053 2043
f 2080 1821 1822
f 1822 2056 2095
f 2095 2080 1822
f 1813 1821 1820
f 1820 1821 1856
f 1856 1821 2080
f 1856 8 1820
f 1856 2080 8
f 1807 1815 1805
f 2056 1822 1837
f 1543 2214 1554
f 1544 2214 1546
f 2095 2056 2109
f 2056 2092 2109
f 2081 2092 2056
f 2062 2064 2081
f 2082 2063 2083
f 2082 2064 2063
f 1555 2214 1544
f 1555 1533 1570
f 1820 8 1814
f 1814 1812 1805
f 1805 1813 1814
f 1814 1813 1820
f 334 213 234
f 234 278 334
f 758 759 742
f 771 713 731
f 731 747 771
f 593 531 463
f 463 531 532
f 245 283 286
f 192 241 209
f 242 241 192
f 254 283 245
f 1736 2283 2507
f 2507 2060 1736
f 1736 2060 1725
f 1725 2283 1736
f 1770 1764 460
f 2073 476 517
f 475 476 2073
f 297 292 298
f 297 336 275
f 298 336 297
f 298 296 350
f 645 654 2351
f 2351 654 635
f 635 645 186
f 654 645 635
f 2349 2347 616
f 2448 2409 616
f 615 628 2337
f 615 2448 616
f 2351 2469 2526
f 2526 2352 2351
f 616 2347 828
f 712 713 711
f 2272 2313 2314
f 2314 2278 2272
f 733 723 781
f 952 940 2551
f 2551 998 952
f 953 998 2551
f 2551 994 953
f 2551 2559 986
f 986 994 2551
f 1346 2264 1345
f 986 2559 2554
f 982 2554 2553
f 1069 2554 982
f 2553 2554 2555
f 2555 2554 2552
f 176 2724 183
f 179 180 174
f 176 183 179
f 179 183 180
f 2360 2321 2358
f 2317 2457 2359
f 2359 2457 2321
f 2321 2360 2359
f 2359 2358 2317
f 2359 2360 2358
f 2317 2425 2484
f 188 200 189
f 190 188 189
f 205 188 190
f 276 325 405
f 405 327 276
f 275 291 349
f 349 291 292
f 349 297 275
f 292 297 349
f 324 276 2317
f 2317 326 324
f 324 325 276
f 324 326 325
f 258 2304 2336
f 258 190 189
f 2336 205 258
f 205 190 258
f 634 655 630
f 630 633 634
f 2351 655 634
f 634 633 2351
f 2283 1725 2292
f 2509 2291 2307
f 2307 2308 2509
f 2514 2308 2306
f 261 187 265
f 1760 1764 1770
f 1760 460 1764
f 544 542 543
f 263 187 261
f 263 264 187
f 1758 433 1773
f 572 433 1758
f 568 586 572
f 1772 433 613
f 1772 1773 433
f 1758 1773 1772
f 1662 1954 1661
f 1661 1954 1909
f 1250 1247 1882
f 1352 1912 1330
f 1960 1301 1330
f 1330 1912 1960
f 1017 1301 1960
f 1960 968 1017
f 1017 968 1301
f 1016 968 1960
f 1301 968 1233
f 1130 1015 1882
f 1882 970 1130
f 1959 1958 2004
f 1819 2014 2015
f 1818 1819 2015
f 1852 1884 1915
f 915 1823 1825
f 1825 1893 915
f 1823 1857 1825
f 1859 1893 1825
f 1825 1857 1859
f 899 914 906
f 906 905 899
f 1848 909 910
f 910 912 1848
f 909 908 911
f 911 910 909
f 912 910 911
f 912 911 902
f 2037 2039 2031
f 2035 2039 2037
f 2046 2043 2044
f 2036 2031 2033
f 2033 1827 2036
f 2036 2037 2031
f 2006 2007 1999
f 1861 2052 1816
f 1861 1827 2052
f 1816 1862 1861
f 2028 1933 1944
f 919 920 921
f 919 914 899
f 899 920 919
f 899 907 922
f 923 917 924
f 2329 2334 2297
f 1782 2727 1792
f 2351 2356 2491
f 294 186 235
f 1722 1720 1724
f 1724 1725 1722
f 1724 2292 1725
f 1751 1746 1745
f 929 932 928
f 928 907 929
f 928 922 907
f 933 932 935
f 2645 2644 2563
f 2562 2645 2563
f 2563 938 2546
f 953 994 1187
f 1636 1613 1635
f 1637 1655 1614
f 1637 1636 1655
f 1635 1654 1649
f 1649 1636 1635
f 1655 1636 1649
f 2215 2214 1538
f 38 17 15
f 15 11 2092
f 29 28 8
f 8 9 29
f 9 36 29
f 604 437 500
f 962 1160 863
f 1160 795 863
f 641 636 638
f 688 652 625
f 625 663 636
f 624 663 625
f 679 215 670
f 670 658 657
f 670 195 658
f 215 195 670
f 670 669 679
f 999 998 953
f 955 998 999
f 1215 1167 1293
f 1290 1219 1215
f 1215 1293 1290
f 1290 1293 1292
f 91 1933 90
f 90 113 91
f 91 113 1933
f 122 134 1933
f 1933 113 122
f 1933 134 102
f 1944 1933 121
f 1933 135 121
f 135 125 121
f 121 125 116
f 89 106 90
f 1999 106 89
f 90 1934 89
f 89 1934 1999
f 1598 106 1999
f 1621 1619 1999
f 1999 1609 1621
f 1621 1609 1619
f 1942 1599 1890
f 1942 1597 1599
f 1605 1919 1964
f 1964 1888 1605
f 1605 1942 1919
f 1597 1942 1605
f 1605 1888 1801
f 1801 1812 1605
f 1619 1609 1618
f 1609 1608 1618
f 1618 114 1619
f 1559 1552 1536
f 1387 1434 1370
f 1370 1460 1387
f 2052 2031 2040
f 2040 2055 2052
f 2031 2039 2040
f 2050 2055 2040
f 1846 1844 2044
f 2044 1881 1846
f 1846 1807 1844
f 1815 1881 1842
f 2044 1838 1842
f 1842 1881 2044
f 1890 2000 1970
f 1970 1889 1890
f 1803 1812 1801
f 166 2046 165
f 2044 1844 1845
f 1845 1843 2044
f 1805 1815 1841
f 1841 1813 1805
f 1841 1842 1838
f 1815 1842 1841
f 2056 1837 2057
f 2057 2081 2056
f 2062 2081 2057
f 2057 2063 2062
f 2079 2063 2057
f 2044 2053 2061
f 2053 2078 2061
f 1538 2214 1539
f 1539 1543 1538
f 2214 1543 1539
f 1544 1546 1545
f 1545 1555 1544
f 1533 1555 1545
f 2092 2081 2058
f 2058 2081 2064
f 2257 2092 2111
f 2257 2201 2092
f 1533 1545 1532
f 1573 1563 1587
f 1561 1563 1589
f 1589 1563 1573
f 1536 1561 1589
f 1535 1561 1536
f 1536 1552 1535
f 1542 1570 2214
f 2214 1555 1542
f 1542 1555 1570
f 1419 1446 1379
f 1379 1446 1393
f 337 213 377
f 213 334 377
f 352 358 357
f 724 774 749
f 749 723 724
f 749 774 748
f 748 747 749
f 749 747 731
f 724 723 707
f 707 723 733
f 708 695 709
f 690 705 694
f 744 705 690
f 694 705 704
f 738 709 704
f 704 695 694
f 704 709 695
f 745 705 744
f 738 704 745
f 745 704 705
f 772 740 713
f 713 771 772
f 772 771 740
f 791 771 747
f 724 707 706
f 508 469 509
f 575 452 523
f 538 534 560
f 603 590 589
f 311 525 443
f 369 286 285
f 273 304 233
f 225 304 273
f 270 306 368
f 368 306 233
f 270 271 272
f 272 306 270
f 271 273 272
f 233 306 272
f 272 273 233
f 287 246 260
f 226 304 225
f 246 304 226
f 226 260 246
f 259 260 226
f 280 279 352
f 435 436 438
f 283 254 191
f 355 345 354
f 209 241 351
f 352 279 351
f 390 417 392
f 290 254 245
f 255 254 290
f 1547 2131 1549
f 1557 1532 1549
f 1549 1532 1547
f 2147 1549 2131
f 1483 1393 1502
f 168 1721 164
f 168 170 1721
f 2084 1721 1731
f 1741 1725 1735
f 478 476 475
f 1770 460 434
f 475 1769 434
f 1395 1362 1399
f 1399 1362 1456
f 2059 1737 1735
f 1735 1725 2059
f 2059 1725 2060
f 516 2073 517
f 2105 2073 2074
f 2105 1769 475
f 475 2073 2105
f 2098 2073 2099
f 2099 2100 2098
f 2203 2100 2099
f 2099 473 2072
f 2099 2073 473
f 2177 2203 2204
f 2204 1506 1503
f 2204 2099 2072
f 2203 2099 2204
f 1512 1506 2204
f 2204 2115 2177
f 2204 1362 1512
f 2075 2115 2204
f 2072 473 2204
f 2204 473 1362
f 2351 635 644
f 644 635 186
f 644 2357 2351
f 186 2357 644
f 616 2409 2408
f 2408 2349 616
f 2409 2448 2463
f 2449 615 2337
f 2448 615 2449
f 2337 2352 2422
f 2422 2421 2337
f 2337 2421 2465
f 2465 2466 2337
f 2489 2419 2417
f 2488 2417 2414
f 2467 2488 2414
f 2412 2488 2467
f 2414 2417 2416
f 2417 2419 2416
f 713 740 746
f 746 711 713
f 740 711 746
f 740 744 728
f 728 711 740
f 2331 2297 2334
f 2625 2591 2662
f 840 841 839
f 712 2399 2532
f 700 781 716
f 716 781 723
f 731 2434 729
f 2577 2578 2605
f 2270 982 2553
f 946 983 984
f 1069 982 1179
f 2566 2269 2553
f 2553 2555 2566
f 2266 2269 2566
f 2643 2606 2579
f 1780 180 1788
f 1782 1780 1788
f 1788 1798 1782
f 1788 183 1798
f 180 183 1788
f 1798 183 2725
f 2725 183 2724
f 900 917 916
f 174 180 181
f 181 917 174
f 181 916 917
f 900 916 181
f 2722 2724 176
f 176 2723 2722
f 2456 2457 2524
f 2457 2502 2524
f 2745 2732 1751
f 257 301 300
f 204 330 257
f 330 301 257
f 204 206 256
f 256 2380 223
f 207 188 205
f 205 206 207
f 204 188 207
f 207 206 204
f 223 328 277
f 204 256 277
f 277 256 223
f 277 330 204
f 2336 2304 2335
f 2383 328 223
f 2426 329 2383
f 329 328 2383
f 2396 205 2336
f 2396 206 205
f 2336 2389 2396
f 2391 2396 2389
f 2389 2387 2391
f 2391 2387 2388
f 647 624 824
f 2285 2276 2282
f 2282 2284 2285
f 2510 2284 2282
f 2510 2303 2284
f 2305 2303 2510
f 2305 2385 2384
f 2384 2303 2305
f 2384 2385 2304
f 2304 2303 2384
f 1767 1768 1769
f 1769 2105 1767
f 606 607 1762
f 608 1772 613
f 1771 1772 608
f 613 433 608
f 460 607 605
f 562 566 605
f 460 1760 609
f 1758 1766 1763
f 1763 572 1758
f 569 586 568
f 568 567 569
f 569 567 586
f 570 567 568
f 568 542 570
f 570 542 482
f 482 507 570
f 187 264 266
f 264 263 266
f 1944 121 115
f 115 121 116
f 1935 1955 1667
f 1982 1955 1935
f 1667 1955 1956
f 1956 1662 1667
f 1954 1662 1956
f 1661 1909 1696
f 1696 1698 1661
f 1665 1909 1932
f 1665 1696 1909
f 1698 1696 1665
f 1932 1909 1877
f 1877 1665 1932
f 1669 1665 1877
f 1877 115 1669
f 1944 115 1877
f 1974 1909 1954
f 1974 1877 1909
f 1678 1674 1701
f 133 111 97
f 151 146 152
f 152 144 154
f 1692 1694 1670
f 1336 1250 1882
f 1882 1247 1306
f 1306 970 1882
f 1311 1336 1026
f 1250 1336 1311
f 1138 1335 1243
f 1685 1674 1695
f 1695 1678 1679
f 1679 1678 1670
f 1679 1685 1695
f 1352 1330 1076
f 1075 988 1076
f 1354 1353 1347
f 1354 988 1353
f 1347 1349 1354
f 1354 1076 988
f 1353 988 1350
f 1350 988 1345
f 1347 1353 1350
f 1350 2264 1347
f 1350 1345 2264
f 1345 988 1074
f 1313 1260 1066
f 1313 1066 1064
f 1301 1233 1232
f 968 1016 1300
f 1300 1233 968
f 1059 1261 1054
f 1054 977 1059
f 977 1060 1059
f 1308 970 1307
f 1307 1130 1308
f 1308 1130 970
f 1121 1015 1122
f 1982 1935 1993
f 1993 1935 1959
f 1859 1857 1923
f 1923 1819 1859
f 1913 1852 1882
f 1882 1961 1913
f 1961 1914 1913
f 1884 1852 2011
f 2011 1913 1914
f 1852 1913 2011
f 915 912 913
f 912 902 913
f 913 2034 915
f 903 905 898
f 903 902 911
f 903 911 908
f 903 908 899
f 899 905 903
f 2049 2039 2041
f 2049 2046 2039
f 2038 2034 2035
f 2035 2037 2038
f 2037 2036 2038
f 2038 1833 2034
f 1828 1809 1827
f 1827 1861 1828
f 1999 1933 2003
f 1980 1991 1954
f 1954 1956 1980
f 918 924 917
f 900 920 918
f 918 917 900
f 918 920 899
f 899 922 918
f 2728 2742 1782
f 1782 2753 2728
f 2752 2296 2278
f 2278 2728 2752
f 2752 2728 2753
f 2298 2331 2332
f 2297 2331 2298
f 2738 2411 2727
f 2738 2727 1782
f 2740 2314 2313
f 2313 2411 2740
f 2742 2314 2740
f 1751 1745 1783
f 1783 1745 1749
f 1783 2745 1751
f 2765 2745 1783
f 1793 1780 1782
f 1782 1792 1793
f 2492 2469 2351
f 2351 2491 2492
f 2418 2419 2420
f 2418 2293 2419
f 2420 2421 2418
f 2421 2422 2418
f 2490 2491 2356
f 2490 2492 2491
f 186 294 222
f 1732 1755 1754
f 2312 2403 2404
f 2310 2309 2404
f 2404 2403 2310
f 2338 2306 2307
f 2307 2339 2338
f 1751 2732 2755
f 2732 2339 2755
f 2755 1746 1751
f 2292 1724 2756
f 2291 2292 2756
f 1724 1752 2756
f 2756 1752 1746
f 1747 1724 1720
f 1746 1752 1747
f 1747 1752 1724
f 1749 1745 1748
f 1748 1745 1746
f 1746 1747 1748
f 923 924 926
f 926 938 923
f 2561 2563 2546
f 2546 938 934
f 934 2561 2546
f 938 926 934
f 2548 2561 934
f 935 2548 934
f 934 933 935
f 2562 2563 2542
f 2549 2550 2542
f 1196 1322 1098
f 1196 1098 1280
f 1116 1115 1065
f 953 1187 1278
f 1630 82 1646
f 1646 1637 1630
f 1630 1637 1614
f 1655 1649 1656
f 1610 1649 1654
f 1626 84 1623
f 1623 1627 1626
f 49 65 48
f 64 65 49
f 38 2092 10
f 2092 2 10
f 21 9 8
f 24 23 54
f 25 2092 38
f 38 15 25
f 25 15 2092
f 11 15 1
f 1 21 8
f 15 21 1
f 1 8 2095
f 2095 2109 1
f 1 2109 2092
f 2092 11 1
f 59 36 9
f 59 21 34
f 9 21 59
f 27 29 36
f 1603 28 79
f 28 29 79
f 497 495 496
f 962 863 885
f 963 961 964
f 963 964 962
f 718 692 719
f 698 709 762
f 708 709 698
f 794 863 795
f 753 775 719
f 796 794 753
f 636 641 637
f 688 625 637
f 637 625 636
f 646 624 647
f 646 663 624
f 647 639 646
f 638 636 665
f 665 639 638
f 665 646 639
f 663 646 665
f 218 236 216
f 216 215 218
f 196 195 216
f 216 195 215
f 1091 1098 1323
f 1098 1322 1323
f 939 2575 943
f 957 1004 940
f 952 1097 957
f 957 940 952
f 842 844 835
f 884 878 883
f 872 878 884
f 839 841 855
f 855 841 856
f 859 842 835
f 843 842 859
f 856 841 859
f 835 860 859
f 860 856 859
f 833 2575 939
f 1294 1060 977
f 977 1209 1294
f 1292 1293 1294
f 1294 1293 1060
f 1168 1167 980
f 1168 1293 1167
f 1060 1293 1168
f 1291 1220 1219
f 1219 1290 1291
f 1291 1290 1292
f 1292 1294 1291
f 1291 1294 1209
f 1291 1209 1105
f 1105 1220 1291
f 1209 1210 1051
f 1051 1050 1209
f 145 102 134
f 145 135 1933
f 1933 102 145
f 127 145 134
f 127 125 135
f 135 145 127
f 1620 1619 90
f 1999 1619 1620
f 1620 1598 1999
f 1623 84 87
f 84 93 87
f 87 114 1623
f 87 93 114
f 77 1605 1812
f 8 28 77
f 77 28 1603
f 1603 1605 77
f 1599 1597 1606
f 1890 1599 1606
f 1606 1602 1890
f 114 1618 1624
f 1624 1618 1627
f 1623 114 1624
f 1624 1627 1623
f 1415 1408 1402
f 1375 1415 1417
f 1417 1415 1402
f 1412 1357 1356
f 1356 1357 1358
f 1358 1415 1375
f 2075 2204 1388
f 1458 1404 1493
f 1402 1382 1403
f 1403 1417 1402
f 1495 1494 1460
f 1406 1432 1481
f 1431 1432 1406
f 1401 1408 1370
f 1402 1408 1401
f 1401 1382 1402
f 1401 1458 1382
f 1462 1460 1370
f 1370 1408 1462
f 2044 2050 2051
f 2051 2046 2044
f 2039 2046 2051
f 1800 1803 1802
f 1802 1803 1801
f 1801 1888 1802
f 1802 1888 1964
f 1964 1965 1802
f 1804 1807 1805
f 1804 1803 1807
f 1805 1812 1804
f 1812 1803 1804
f 1808 1803 1800
f 1807 1803 1808
f 1800 1843 1808
f 1843 1845 1808
f 1844 1807 1808
f 1808 1845 1844
f 1943 1965 1919
f 1919 1942 1943
f 1943 1942 1890
f 1890 2009 1943
f 172 166 171
f 171 170 172
f 172 162 2043
f 2046 166 172
f 2043 2046 172
f 1837 2061 2077
f 2079 2057 2077
f 2077 2057 1837
f 2077 2061 2078
f 1839 2061 1837
f 2104 2175 2174
f 2202 2175 2104
f 2214 2215 2104
f 2104 2162 2214
f 2104 2201 2202
f 2092 2201 2104
f 2104 2 2092
f 2104 4 12
f 39 2 2104
f 1538 13 2104
f 2104 2215 1538
f 2104 18 39
f 6 18 2104
f 2255 2162 2130
f 2130 2104 2174
f 2162 2104 2130
f 2256 2162 2255
f 2216 2214 2256
f 2214 2162 2256
f 2079 2077 2076
f 2076 2063 2079
f 2076 2077 2078
f 2076 2078 2053
f 2217 1546 2214
f 1547 1546 2217
f 2111 2092 2110
f 2092 2058 2110
f 1419 1360 1373
f 1373 1360 1372
f 1373 1446 1419
f 1372 1446 1373
f 1418 1360 1419
f 1418 1421 1465
f 1465 1559 1586
f 1550 1532 1557
f 1557 1391 1550
f 1556 1545 1546
f 1556 1532 1545
f 1556 1546 1547
f 1547 1532 1556
f 20 19 31
f 1534 62 40
f 40 62 20
f 20 31 40
f 56 54 41
f 54 23 41
f 41 62 1534
f 1573 1587 1588
f 1537 19 1538
f 1563 1568 1566
f 1541 1587 1566
f 1566 1587 1563
f 1552 1591 1592
f 1592 1535 1552
f 1592 1595 1596
f 1596 1535 1592
f 1596 1595 53
f 1584 1568 1563
f 1584 1564 1534
f 1564 1584 1580
f 1580 1535 1596
f 1441 1446 1372
f 1393 1446 1441
f 1372 1391 1441
f 1419 1379 1380
f 1374 1475 1380
f 1374 1380 1413
f 412 352 427
f 352 357 427
f 337 377 419
f 419 406 337
f 686 652 688
f 278 683 682
f 682 686 642
f 675 686 688
f 642 686 675
f 344 195 196
f 196 240 344
f 344 240 378
f 643 675 641
f 194 642 643
f 642 675 643
f 754 780 817
f 801 759 758
f 801 780 759
f 817 780 801
f 750 741 742
f 733 742 735
f 735 707 733
f 735 742 759
f 740 739 770
f 770 744 740
f 770 745 744
f 770 739 738
f 738 745 770
f 790 791 807
f 740 771 790
f 771 791 790
f 773 747 748
f 773 791 747
f 807 791 773
f 725 706 726
f 726 706 707
f 792 773 748
f 807 773 792
f 748 774 792
f 792 802 807
f 792 774 724
f 724 706 792
f 792 706 725
f 861 874 835
f 871 874 861
f 872 965 958
f 958 1119 1103
f 965 1119 958
f 958 1103 1101
f 967 1119 1014
f 1014 1119 965
f 546 508 509
f 509 478 546
f 546 478 468
f 1431 470 512
f 469 508 512
f 512 470 469
f 512 1432 1431
f 469 470 1433
f 1433 470 1431
f 1399 1456 1368
f 523 452 491
f 458 479 468
f 592 566 562
f 562 584 592
f 584 590 592
f 531 593 602
f 593 596 602
f 603 589 600
f 600 566 603
f 576 575 523
f 591 590 584
f 590 591 503
f 503 560 534
f 503 591 560
f 503 534 457
f 457 502 503
f 486 589 487
f 486 520 536
f 486 600 589
f 314 311 269
f 269 443 233
f 269 311 443
f 525 311 312
f 312 309 370
f 313 311 314
f 309 312 313
f 313 312 311
f 371 372 244
f 244 313 371
f 371 313 314
f 233 372 371
f 371 269 233
f 314 269 371
f 255 290 348
f 245 244 348
f 348 290 245
f 318 369 285
f 369 318 398
f 274 313 244
f 309 313 274
f 274 244 245
f 245 286 274
f 286 369 274
f 270 368 367
f 443 525 506
f 442 271 270
f 270 367 442
f 442 465 467
f 233 443 310
f 310 368 233
f 443 367 310
f 310 367 368
f 261 265 303
f 265 366 303
f 259 226 262
f 262 266 263
f 262 263 261
f 261 303 262
f 262 303 366
f 412 240 346
f 346 240 280
f 346 352 412
f 346 280 352
f 436 435 499
f 500 437 499
f 437 436 499
f 484 520 446
f 536 520 484
f 448 435 438
f 1481 1432 1386
f 285 286 284
f 284 317 285
f 284 230 317
f 284 286 283
f 279 280 339
f 279 228 208
f 209 351 208
f 208 351 279
f 457 534 555
f 534 556 555
f 327 405 376
f 376 405 325
f 300 243 201
f 302 243 300
f 302 241 242
f 242 243 302
f 192 191 247
f 247 191 254
f 330 277 360
f 359 358 352
f 352 351 359
f 333 358 359
f 287 260 382
f 382 393 287
f 382 260 259
f 259 393 382
f 287 393 347
f 429 347 393
f 365 366 265
f 221 388 389
f 250 388 221
f 250 221 220
f 415 416 413
f 200 389 413
f 413 389 388
f 320 415 413
f 189 200 413
f 413 416 189
f 391 417 390
f 1558 2147 1548
f 1549 2147 1558
f 1558 1548 1557
f 1557 1549 1558
f 1440 1502 1393
f 2084 2102 2101
f 2101 2068 2084
f 2086 2068 2101
f 2084 2096 2116
f 2116 2102 2084
f 164 1721 2144
f 1721 2065 2066
f 2065 2068 2066
f 2088 2068 2086
f 2086 2112 2088
f 2070 2068 2069
f 2070 2066 2068
f 2084 2068 2067
f 2067 2068 2065
f 2067 1721 2084
f 2067 2065 1721
f 2224 2194 2184
f 2153 2185 2117
f 2117 2070 2153
f 1756 1726 167
f 167 1726 171
f 1728 170 171
f 1721 170 1728
f 1728 1734 1730
f 1726 1734 1728
f 1729 1731 1721
f 1721 1728 1729
f 1729 1728 1730
f 1722 1725 1723
f 1725 1741 1723
f 1723 1741 1743
f 1735 1737 1744
f 1744 1741 1735
f 477 478 475
f 468 478 477
f 477 458 468
f 1769 1768 1774
f 1774 434 1769
f 1774 1768 1770
f 1770 434 1774
f 474 518 475
f 475 434 474
f 474 434 463
f 463 532 474
f 474 532 459
f 459 458 474
f 564 464 433
f 1362 473 1455
f 1455 1456 1362
f 1455 1368 1456
f 1503 1506 1504
f 1506 1447 1504
f 1512 1514 1394
f 1361 473 471
f 471 472 1361
f 473 472 471
f 2074 2073 2251
f 2251 2073 2098
f 1737 2059 2085
f 2084 1731 2085
f 2085 1731 1737
f 2085 2059 2096
f 2085 2096 2084
f 674 683 278
f 674 661 683
f 632 677 186
f 186 645 632
f 631 633 632
f 632 2351 631
f 632 645 2351
f 2349 2408 2410
f 2410 2408 2409
f 2409 2463 2410
f 2450 2449 2337
f 2450 2463 2448
f 2448 2449 2450
f 2466 2465 2534
f 2419 2489 2534
f 2413 2467 2727
f 2412 2467 2413
f 2727 2411 2413
f 2313 2412 2413
f 2413 2411 2313
f 2731 1792 2727
f 2727 2467 2731
f 2437 2379 2434
f 2437 2288 2379
f 2661 2662 2591
f 2576 2599 2598
f 787 743 788
f 788 766 787
f 788 805 766
f 769 840 839
f 839 806 769
f 769 806 819
f 819 805 769
f 805 788 769
f 846 840 834
f 841 840 846
f 834 845 846
f 846 845 841
f 2480 2478 712
f 712 2532 2480
f 2329 2297 2736
f 2736 2297 2300
f 1798 2725 2736
f 2736 2725 2724
f 2300 1798 2736
f 733 781 782
f 714 730 2434
f 700 716 714
f 714 716 730
f 717 716 723
f 717 749 731
f 723 749 717
f 731 729 717
f 730 716 717
f 2434 730 717
f 717 729 2434
f 2583 833 2584
f 2575 833 2583
f 2567 2578 2577
f 2638 2550 2577
f 2638 2585 2550
f 2577 2605 2638
f 2577 2550 2557
f 2557 2550 2549
f 2549 2556 2557
f 2558 2556 2549
f 2559 2551 2558
f 2551 2556 2558
f 2554 987 985
f 1067 2554 1069
f 1067 987 2554
f 2266 2267 2265
f 2265 2269 2266
f 2267 2271 2265
f 2265 2271 2270
f 2553 2269 2265
f 2265 2270 2553
f 1068 1067 1069
f 987 1067 1068
f 2711 1351 2266
f 2266 2566 2711
f 925 2644 2645
f 925 917 923
f 925 2563 2644
f 923 938 925
f 938 2563 925
f 174 917 925
f 2690 2641 2642
f 176 179 177
f 177 2734 176
f 177 179 174
f 174 925 177
f 177 925 178
f 2629 2594 2625
f 185 180 1780
f 185 181 180
f 1780 175 185
f 182 921 900
f 900 181 182
f 2541 2569 2273
f 2541 2273 2274
f 2733 2723 176
f 176 2734 2733
f 2500 2502 2457
f 2498 2457 2317
f 2317 2497 2498
f 2317 2484 2499
f 2499 2497 2317
f 2484 2482 2499
f 2501 2500 2457
f 2457 2498 2501
f 2501 2498 2497
f 2346 2344 2405
f 2310 2537 2401
f 2401 2344 2310
f 2401 2745 2765
f 2537 2745 2401
f 2459 2745 2537
f 2310 2403 2459
f 2459 2537 2310
f 2444 256 206
f 2380 256 2444
f 206 2396 2444
f 2444 2391 2443
f 2396 2391 2444
f 333 360 331
f 331 360 277
f 2304 2385 2386
f 2386 2335 2304
f 2385 2335 2386
f 2447 2389 2336
f 2445 2387 2447
f 2447 2387 2389
f 362 258 189
f 189 416 362
f 362 416 258
f 2520 2335 2385
f 223 2380 2382
f 2382 2383 223
f 2345 2309 2310
f 2310 2344 2345
f 2344 2343 2345
f 2443 2391 2390
f 2390 2391 2388
f 2383 2382 2441
f 624 625 626
f 616 828 623
f 623 618 616
f 623 824 624
f 624 626 623
f 623 626 618
f 2277 2508 2275
f 2275 2276 2277
f 2276 2285 2277
f 543 542 2277
f 2277 544 543
f 2277 542 568
f 2277 2285 187
f 2440 265 187
f 2440 2285 2284
f 400 391 2440
f 320 400 2440
f 2284 2303 2440
f 2440 415 320
f 2440 2303 2304
f 2440 416 415
f 2304 258 2440
f 258 416 2440
f 1768 1767 1761
f 1762 1760 1761
f 1770 1768 1761
f 1761 1760 1770
f 2093 2105 2074
f 2093 1767 2105
f 1771 608 611
f 611 608 433
f 433 464 563
f 563 611 433
f 563 584 562
f 1762 607 610
f 610 1760 1762
f 610 609 1760
f 610 607 460
f 460 609 610
f 1757 1759 1766
f 1757 1772 1771
f 1757 1766 1758
f 1758 1772 1757
f 544 465 481
f 482 542 481
f 542 544 481
f 481 442 482
f 465 442 481
f 467 465 466
f 2508 2277 2301
f 2301 2277 568
f 1877 1974 1977
f 1977 1974 1976
f 1975 1974 1954
f 1976 1974 1973
f 1670 1678 120
f 97 84 96
f 132 131 154
f 154 133 132
f 132 86 131
f 132 96 86
f 132 133 97
f 97 96 132
f 1719 146 151
f 151 1704 1719
f 143 152 154
f 143 131 118
f 154 131 143
f 151 152 143
f 119 146 1708
f 119 152 146
f 112 1692 1670
f 1670 120 112
f 154 144 156
f 1244 1335 1309
f 1244 1132 1243
f 1243 1335 1244
f 1307 970 1334
f 970 1306 1334
f 1334 1243 1307
f 1334 1306 1243
f 1248 1306 1247
f 1243 1306 1248
f 1242 1138 1243
f 1242 1248 1247
f 1243 1248 1242
f 1250 1311 1249
f 1249 1311 1026
f 1026 1138 1249
f 1670 1694 1691
f 1691 1679 1670
f 1703 1125 1702
f 1684 1682 1673
f 1685 1679 1684
f 1680 1682 1683
f 1683 1684 1679
f 1682 1684 1683
f 1352 1076 1355
f 1076 1354 1355
f 1355 1349 1352
f 1355 1354 1349
f 1344 946 1346
f 1329 1300 1016
f 1960 1121 1329
f 1329 1016 1960
f 1163 972 1262
f 1671 1688 1055
f 1027 972 1163
f 1027 1029 972
f 1142 1029 1172
f 1172 1169 1142
f 1261 1059 1056
f 980 978 1056
f 1056 1168 980
f 1056 1059 1060
f 1060 1168 1056
f 1335 1138 1141
f 1671 1057 1677
f 1035 1244 1309
f 1150 1029 1142
f 972 1029 1150
f 974 1035 1309
f 1121 1122 1229
f 1229 1122 1302
f 1015 1130 1241
f 1241 1305 1015
f 1130 1305 1241
f 1302 1122 1333
f 1333 1305 1302
f 1333 1122 1015
f 1015 1305 1333
f 1959 2004 1995
f 1995 1993 1959
f 1982 1993 1994
f 1993 1995 1994
f 2013 2014 1819
f 904 903 898
f 902 903 904
f 898 2035 904
f 904 913 902
f 2035 2034 904
f 2034 913 904
f 165 2046 2030
f 2046 2048 2030
f 173 2048 2047
f 2041 173 2047
f 2047 2048 2046
f 2047 2049 2041
f 2046 2049 2047
f 1866 1833 1863
f 2034 1833 1866
f 1826 2036 1827
f 1832 1918 1941
f 2045 2038 2036
f 1833 2038 2045
f 2036 1826 2045
f 2045 1826 1833
f 1817 1861 1862
f 1817 1828 1861
f 1809 1828 1817
f 1817 2008 1809
f 2001 2006 1999
f 1829 1904 2034
f 1869 1903 1921
f 1982 1936 1983
f 1936 1937 1983
f 1983 1955 1982
f 1957 1956 1955
f 1957 1980 1956
f 1955 1983 1957
f 1910 1980 1957
f 1957 1937 1910
f 1957 1983 1937
f 1944 1877 1967
f 1947 2003 1933
f 1863 1833 1810
f 1810 1832 1811
f 1833 1832 1810
f 927 928 932
f 922 928 927
f 2538 2752 2753
f 2296 2752 2538
f 2332 2296 2538
f 2333 2298 2332
f 2741 2298 2333
f 2332 2538 2333
f 2333 2538 2741
f 2764 2741 1782
f 2764 2298 2741
f 1782 1798 2764
f 1782 2742 2739
f 2739 2738 1782
f 2742 2740 2739
f 2411 2738 2739
f 2739 2740 2411
f 1783 2749 2758
f 2419 2293 2315
f 2730 2416 2419
f 2419 2415 2730
f 2414 2416 2730
f 295 294 235
f 295 293 294
f 235 336 295
f 295 350 296
f 295 336 298
f 298 350 295
f 294 293 2353
f 2353 222 294
f 293 295 2353
f 2353 2357 186
f 186 222 2353
f 2353 295 296
f 2353 296 298
f 2353 292 2320
f 298 292 2353
f 2320 2319 2353
f 2319 2354 2353
f 2353 2354 2355
f 2355 2356 2353
f 2353 2356 2351
f 2351 2357 2353
f 1732 1754 1750
f 1750 1720 1732
f 1750 1747 1720
f 1750 1748 1747
f 1749 1748 1750
f 2402 2459 2403
f 2732 2745 2402
f 2745 2459 2402
f 2311 2339 2732
f 2311 2338 2339
f 2757 2339 2307
f 2757 2755 2339
f 2307 1746 2757
f 1746 2755 2757
f 2307 2291 2744
f 2291 2756 2744
f 2744 1746 2307
f 2744 2756 1746
f 932 933 930
f 930 927 932
f 933 934 930
f 930 934 926
f 2543 2561 2548
f 2563 2561 2543
f 2568 2585 2562
f 2562 2542 2568
f 2550 2585 2568
f 2568 2542 2550
f 1322 1196 1007
f 1101 1322 1007
f 1006 848 1007
f 1007 1196 1006
f 1189 1188 1091
f 1280 1098 1088
f 1065 1219 1218
f 1218 1116 1065
f 1295 1116 1218
f 1218 1220 1295
f 1219 1220 1218
f 1008 961 1009
f 1009 961 960
f 1285 1009 960
f 1010 1009 1285
f 1109 1010 1285
f 996 994 986
f 1089 1187 994
f 1613 1636 1632
f 1646 1633 1632
f 1632 1637 1646
f 1636 1637 1632
f 66 53 1595
f 48 65 66
f 65 53 66
f 45 43 44
f 1653 1651 1650
f 1650 1610 1653
f 1653 1610 1654
f 1653 1654 1635
f 1635 1652 1653
f 1614 1655 1615
f 1655 1656 1615
f 1615 1656 1649
f 1649 1610 1615
f 84 99 104
f 104 93 84
f 114 93 104
f 98 95 92
f 92 99 98
f 98 99 84
f 98 84 97
f 97 95 98
f 84 1626 85
f 85 96 84
f 86 96 85
f 1651 1626 1641
f 7 33 46
f 33 43 46
f 46 27 7
f 43 1660 46
f 44 43 47
f 48 66 47
f 47 33 48
f 47 43 33
f 55 65 64
f 48 33 32
f 32 49 48
f 32 33 7
f 67 1579 1582
f 67 1425 604
f 1582 1579 1583
f 1583 1579 1591
f 12 4 3
f 1538 12 3
f 3 13 1538
f 3 2104 13
f 4 2104 3
f 17 18 5
f 5 18 6
f 5 2104 12
f 6 2104 5
f 5 20 17
f 5 19 20
f 5 12 1538
f 1538 19 5
f 38 10 30
f 30 17 38
f 30 2 39
f 30 10 2
f 30 18 17
f 39 18 30
f 15 24 22
f 34 21 22
f 22 21 15
f 16 15 17
f 16 24 15
f 23 24 16
f 16 41 23
f 36 59 70
f 70 27 36
f 70 59 34
f 70 55 64
f 34 22 70
f 64 49 70
f 29 27 1657
f 1616 1617 1603
f 1616 1630 1614
f 1614 1615 1616
f 1616 1610 1617
f 1616 1615 1610
f 1459 1458 1493
f 1382 1458 1459
f 1428 1459 1493
f 1428 1404 1427
f 1493 1404 1428
f 1477 67 1582
f 1424 1425 1426
f 1426 1359 1424
f 1426 1477 1582
f 1582 1583 1426
f 1426 1583 1359
f 1593 1583 1591
f 1427 1404 1383
f 1404 1384 1383
f 1383 445 1427
f 498 497 496
f 441 318 319
f 319 318 285
f 495 497 530
f 1099 862 1006
f 886 862 1099
f 1099 885 886
f 962 885 1099
f 1099 963 962
f 1195 1196 1280
f 1280 1088 1195
f 756 850 799
f 756 800 850
f 851 848 1006
f 1006 862 851
f 799 850 778
f 761 698 762
f 719 692 752
f 752 753 719
f 775 753 776
f 776 794 795
f 776 753 794
f 636 663 664
f 664 665 636
f 663 665 664
f 699 692 693
f 692 718 693
f 693 701 699
f 702 701 694
f 694 697 702
f 702 697 720
f 699 701 702
f 702 720 699
f 696 695 708
f 708 720 696
f 720 697 696
f 694 695 696
f 696 697 694
f 638 639 640
f 671 670 657
f 669 670 671
f 217 216 236
f 967 944 941
f 941 944 992
f 940 1004 941
f 2604 943 2575
f 2551 992 2604
f 992 943 2604
f 2604 2556 2551
f 2604 2557 2556
f 2577 2557 2604
f 2575 2567 2604
f 879 860 835
f 835 874 879
f 874 884 879
f 873 871 872
f 872 884 873
f 873 874 871
f 873 884 874
f 947 943 992
f 992 944 947
f 947 944 943
f 2584 833 836
f 833 861 836
f 835 844 836
f 836 861 835
f 966 833 939
f 966 861 833
f 1158 1051 1210
f 107 127 134
f 90 92 107
f 107 113 90
f 134 122 107
f 107 122 113
f 137 127 130
f 106 1598 105
f 1598 1620 105
f 90 106 105
f 105 1620 90
f 1597 1605 1604
f 1604 1606 1597
f 1607 1618 1608
f 1602 1606 1607
f 1607 1608 1601
f 1607 1601 1890
f 1890 1602 1607
f 1423 1475 1374
f 1552 1559 1560
f 1420 1475 1469
f 1469 1421 1420
f 1421 1418 1420
f 1420 1418 1419
f 1419 1380 1420
f 1420 1380 1475
f 1381 1469 1473
f 1473 1403 1381
f 1417 1403 1473
f 1411 1412 1356
f 1356 1463 1411
f 1364 1489 1448
f 1416 1371 1408
f 1408 1415 1416
f 1415 1358 1416
f 1357 1371 1416
f 1416 1358 1357
f 1483 1439 1482
f 1374 1413 1482
f 1483 1502 1501
f 1501 1500 1483
f 1365 1439 1437
f 1437 1439 1483
f 1483 1500 1437
f 1364 1365 1363
f 1365 1437 1363
f 1389 1388 2204
f 1364 1363 1389
f 1404 1458 1405
f 1405 1384 1404
f 1405 1401 1370
f 1458 1401 1405
f 1370 1434 1405
f 1434 1384 1405
f 1470 1403 1382
f 1381 1403 1470
f 1497 1499 1494
f 1431 1494 1510
f 1494 1499 1510
f 1510 1499 1430
f 1510 1400 1431
f 1430 1400 1510
f 1430 1499 1498
f 1498 1497 1492
f 1499 1497 1498
f 1407 1494 1431
f 1431 1406 1407
f 1460 1494 1407
f 1407 1406 1387
f 1409 1495 1460
f 1460 1462 1409
f 1408 1371 1409
f 1409 1462 1408
f 2050 2040 2054
f 2054 2051 2050
f 2054 2040 2039
f 2039 2051 2054
f 1809 1940 1917
f 1917 1832 1809
f 1918 1832 1917
f 170 168 169
f 169 172 170
f 168 163 169
f 162 172 169
f 169 163 162
f 1840 1838 2044
f 1840 1841 1838
f 1840 1839 1841
f 2044 2061 1840
f 2061 1839 1840
f 2238 2147 2192
f 2192 2208 2238
f 1536 1589 1576
f 1576 1559 1536
f 1576 1586 1559
f 1360 1418 1571
f 1443 1391 1372
f 1443 1487 1444
f 1444 1550 1443
f 1443 1550 1391
f 1557 1548 1486
f 1548 2147 1486
f 1442 2210 1484
f 2147 2210 1442
f 1442 1486 2147
f 1391 1486 1442
f 1372 1360 1445
f 1445 1443 1372
f 1487 1443 1445
f 1585 1487 1575
f 1444 1487 1585
f 1585 1550 1444
f 63 31 1534
f 1534 40 63
f 63 40 31
f 20 62 61
f 62 41 61
f 17 20 61
f 61 16 17
f 1573 1588 1551
f 1532 1550 1551
f 1534 31 1531
f 1531 31 19
f 19 1537 1531
f 1540 1566 1568
f 1540 1533 1541
f 1541 1566 1540
f 56 41 52
f 1565 1584 1534
f 1534 1531 1565
f 1565 1531 1537
f 1568 1584 1569
f 1569 1565 1537
f 1584 1565 1569
f 1562 1563 1561
f 1561 1535 1562
f 1535 1580 1562
f 1562 1584 1563
f 1562 1580 1584
f 1414 1380 1379
f 1414 1413 1380
f 1414 1379 1393
f 1414 1393 1483
f 1483 1482 1414
f 1414 1482 1413
f 428 240 412
f 378 240 428
f 412 427 428
f 357 381 428
f 428 427 357
f 406 419 420
f 420 419 379
f 379 407 420
f 424 406 420
f 420 407 424
f 379 419 421
f 278 431 421
f 421 334 278
f 421 377 334
f 421 419 377
f 659 675 688
f 641 675 659
f 688 637 659
f 659 637 641
f 343 344 342
f 658 195 343
f 195 344 343
f 379 421 409
f 660 640 657
f 638 640 660
f 657 658 660
f 660 641 638
f 660 643 641
f 342 643 660
f 658 343 660
f 660 343 342
f 759 780 727
f 727 754 725
f 780 754 727
f 725 754 760
f 758 805 811
f 811 801 758
f 817 801 811
f 815 805 819
f 819 814 815
f 815 811 805
f 839 855 868
f 868 855 853
f 786 804 758
f 758 742 786
f 742 764 786
f 758 804 765
f 765 805 758
f 766 805 765
f 784 739 740
f 740 785 784
f 738 739 784
f 784 785 762
f 762 709 784
f 784 709 738
f 808 785 740
f 762 785 808
f 808 763 762
f 740 790 808
f 808 790 807
f 707 735 736
f 736 726 707
f 725 726 736
f 793 792 725
f 802 792 793
f 725 760 793
f 1120 1119 967
f 967 941 1120
f 1120 941 1190
f 848 851 852
f 876 965 872
f 876 1012 965
f 1013 1014 965
f 965 1012 1013
f 967 1014 1013
f 1013 1012 871
f 511 546 468
f 511 479 449
f 468 479 511
f 508 546 511
f 510 512 508
f 510 511 449
f 508 511 510
f 1432 512 510
f 449 1386 510
f 510 1386 1432
f 469 1433 1429
f 1480 1400 1369
f 1369 1429 1480
f 1480 1429 1433
f 1431 1400 1480
f 1480 1433 1431
f 1369 1400 1367
f 1367 1400 1430
f 1430 1368 1367
f 485 453 483
f 483 484 485
f 485 484 446
f 523 491 490
f 490 491 1435
f 535 575 531
f 531 602 535
f 452 575 535
f 535 453 452
f 536 596 598
f 598 486 536
f 600 486 598
f 558 576 523
f 523 490 558
f 576 558 533
f 533 458 459
f 532 576 533
f 459 532 533
f 590 503 595
f 488 486 487
f 520 486 488
f 487 435 488
f 435 448 488
f 305 348 372
f 305 246 287
f 305 304 246
f 305 372 233
f 233 304 305
f 244 372 383
f 383 348 244
f 372 348 383
f 370 309 551
f 552 553 554
f 554 559 552
f 540 551 552
f 552 551 553
f 557 555 556
f 369 398 308
f 309 274 308
f 308 274 369
f 308 551 309
f 553 551 308
f 440 318 441
f 443 506 504
f 504 506 507
f 504 367 443
f 505 442 367
f 505 504 507
f 367 504 505
f 505 507 482
f 482 442 505
f 227 226 225
f 227 262 226
f 225 273 227
f 227 273 271
f 446 520 447
f 445 446 447
f 520 488 447
f 447 488 448
f 438 445 447
f 447 448 438
f 1481 1386 1385
f 1385 1406 1481
f 1387 1406 1385
f 1434 1387 1385
f 1385 1435 1434
f 210 211 212
f 210 230 229
f 212 230 210
f 229 228 210
f 268 230 267
f 267 230 212
f 229 230 231
f 230 284 231
f 283 191 231
f 231 284 283
f 232 208 228
f 232 228 229
f 229 231 232
f 580 556 534
f 580 534 538
f 327 376 404
f 329 2425 404
f 2425 327 404
f 374 325 275
f 374 376 325
f 345 355 403
f 355 376 403
f 376 374 403
f 403 374 402
f 224 389 200
f 224 243 220
f 224 201 243
f 220 221 224
f 221 389 224
f 200 188 203
f 203 188 204
f 204 257 203
f 242 192 199
f 192 247 199
f 199 243 242
f 353 302 300
f 241 302 353
f 353 351 241
f 353 359 351
f 248 247 254
f 248 254 255
f 255 253 248
f 289 253 255
f 287 347 289
f 289 305 287
f 394 392 417
f 417 429 394
f 394 393 259
f 394 429 393
f 259 262 394
f 394 262 366
f 364 429 417
f 417 387 364
f 364 387 288
f 288 289 364
f 288 387 249
f 320 413 373
f 417 391 399
f 399 391 400
f 2171 2147 2131
f 2131 2242 2171
f 2171 2242 2147
f 2234 2242 2213
f 1547 2217 2218
f 2217 2242 2218
f 2218 2131 1547
f 2218 2242 2131
f 1392 1441 1484
f 1393 1441 1392
f 1392 1440 1393
f 2177 2115 2252
f 1521 1528 1721
f 1721 1525 1521
f 2184 2144 2155
f 2155 2224 2184
f 1721 1528 2182
f 2119 2155 2182
f 2118 2070 2117
f 2066 2070 2118
f 2118 1525 1721
f 1721 2066 2118
f 2069 2068 2071
f 2184 2194 2183
f 2183 2157 2184
f 2156 2157 2183
f 2154 2119 2139
f 2154 2155 2119
f 2224 2155 2154
f 2152 2070 2069
f 2152 2153 2070
f 2107 1501 1502
f 2117 2185 2186
f 2185 2141 2186
f 2139 2119 2140
f 2140 2186 2141
f 1740 1734 1732
f 1743 1734 1740
f 1740 1732 1722
f 1722 1723 1740
f 1740 1723 1743
f 1732 1734 1739
f 1739 1734 1726
f 1739 1733 1732
f 1739 1726 1756
f 171 1726 1727
f 1727 1728 171
f 1726 1728 1727
f 1738 1729 1730
f 1731 1729 1738
f 1737 1731 1738
f 514 478 509
f 509 515 514
f 514 515 516
f 514 516 517
f 517 476 514
f 476 478 514
f 513 515 509
f 2073 516 545
f 516 515 545
f 458 477 519
f 519 474 458
f 518 474 519
f 475 518 519
f 519 477 475
f 585 572 586
f 1398 473 1361
f 1398 1455 473
f 1368 1455 1398
f 1361 472 1398
f 472 1368 1398
f 1507 1448 1489
f 1397 1489 1364
f 1397 1507 1489
f 1397 2204 1503
f 1503 1507 1397
f 1515 1447 1506
f 1515 1394 1447
f 1515 1506 1512
f 1512 1394 1515
f 1513 1394 1514
f 1362 1395 1513
f 1513 1395 1399
f 1512 1362 1513
f 1513 1514 1512
f 1447 1394 1457
f 1399 1368 1457
f 1457 1513 1399
f 1394 1513 1457
f 673 278 234
f 234 687 673
f 673 674 278
f 661 674 673
f 676 687 234
f 234 213 676
f 213 677 676
f 677 632 676
f 676 632 661
f 661 673 676
f 676 673 687
f 662 633 630
f 662 632 633
f 661 632 662
f 2272 2347 2348
f 2348 2313 2272
f 2347 2349 2348
f 2349 2410 2348
f 2337 2466 2464
f 2464 2450 2337
f 2420 2419 2504
f 2419 2534 2504
f 2504 2534 2465
f 2504 2421 2420
f 2504 2465 2421
f 2468 2467 2414
f 2468 2731 2467
f 2434 2379 2435
f 2435 2475 2434
f 2379 2288 2435
f 2435 2295 2475
f 712 2478 2496
f 2496 710 712
f 2591 2623 2592
f 2677 2591 2625
f 2665 2599 2576
f 2576 2626 2665
f 2659 2661 2591
f 2709 2665 2626
f 840 769 837
f 858 845 843
f 841 845 858
f 843 859 858
f 858 859 841
f 768 788 743
f 768 769 788
f 768 743 767
f 767 769 768
f 2478 2480 2479
f 2479 2480 2532
f 2479 2399 2398
f 2479 2532 2399
f 2475 2295 2328
f 2274 2273 2287
f 2329 2736 2287
f 2273 2286 2287
f 2287 2286 2326
f 2287 2328 2295
f 2287 2295 2289
f 2289 2334 2287
f 2287 2334 2329
f 2582 2575 2581
f 2582 2567 2575
f 2581 2606 2582
f 2578 2567 2582
f 2703 2542 2563
f 2563 2543 2703
f 982 2270 1180
f 2270 2271 1180
f 1180 2271 2267
f 2267 946 1180
f 946 984 1180
f 1064 1065 1271
f 1065 1115 1271
f 1271 1317 983
f 1069 1179 1070
f 1070 1068 1069
f 1073 985 987
f 987 1068 1073
f 1115 1116 1316
f 1316 1271 1115
f 1317 1271 1316
f 982 1180 1319
f 2672 925 2645
f 2673 925 2672
f 2606 2643 2648
f 2648 2607 2606
f 2707 2607 2562
f 2737 2673 2646
f 2737 925 2673
f 2737 2726 925
f 2690 2642 2689
f 2689 2642 2643
f 2710 2629 2625
f 2715 2722 2723
f 2545 2274 2724
f 2545 2541 2274
f 2724 2722 2545
f 2723 2733 2620
f 2620 2677 2625
f 2660 2677 2620
f 2497 2499 2540
f 2540 2501 2497
f 2540 2499 2482
f 2400 2405 2344
f 2400 2401 2765
f 2344 2401 2400
f 333 331 332
f 332 354 333
f 332 355 354
f 375 331 277
f 375 376 355
f 355 332 375
f 375 332 331
f 375 328 329
f 375 277 328
f 329 404 375
f 375 404 376
f 2336 2335 2395
f 2395 2447 2336
f 2445 2447 2395
f 2392 2393 2306
f 2306 2394 2392
f 2381 2382 2380
f 2481 2482 2484
f 2426 2383 2472
f 2362 2441 2477
f 2362 2470 2441
f 827 728 744
f 711 728 827
f 712 711 827
f 187 2285 2439
f 2439 2440 187
f 2285 2440 2439
f 396 391 390
f 396 2440 391
f 390 392 396
f 392 395 396
f 265 2440 396
f 562 605 561
f 561 563 562
f 460 605 461
f 461 594 460
f 593 594 461
f 462 593 463
f 462 594 593
f 463 434 462
f 462 434 460
f 460 594 462
f 198 466 465
f 198 2277 187
f 187 266 198
f 2508 2301 2302
f 2302 2301 1759
f 1766 1759 1765
f 1759 2301 1765
f 1765 1763 1766
f 1765 2301 568
f 568 572 1765
f 572 1763 1765
f 1661 1698 1663
f 1698 1664 1663
f 1663 1662 1661
f 1663 1664 1662
f 1667 1662 1675
f 1662 1664 1675
f 1667 1675 1676
f 1676 1675 1664
f 1676 1684 1673
f 1685 1684 1676
f 1674 1685 1676
f 1676 1664 1674
f 1972 1971 1974
f 1974 1971 2018
f 2018 1973 1974
f 144 152 1715
f 152 119 1715
f 1715 119 1708
f 1694 1692 1715
f 1693 156 144
f 144 1715 1693
f 1693 1715 1692
f 156 1693 157
f 157 1693 1692
f 157 112 111
f 1692 112 157
f 1310 1242 1247
f 1138 1242 1310
f 1126 1125 1024
f 1127 1125 1126
f 1136 1141 1137
f 1137 1138 1026
f 1137 1141 1138
f 1129 1126 1024
f 1237 1126 1129
f 1024 1125 1022
f 1714 1691 1694
f 1714 1715 1708
f 1694 1715 1714
f 1680 1125 1718
f 1718 1703 1680
f 1125 1703 1718
f 1071 983 946
f 946 1344 1071
f 1071 1271 983
f 1071 1344 1064
f 1064 1271 1071
f 989 1074 988
f 988 1154 989
f 1077 988 1075
f 1077 1154 988
f 1234 1232 1233
f 1233 1300 1234
f 1042 1063 1176
f 1162 1262 1161
f 1161 1055 1162
f 1163 1262 1162
f 1054 1261 1162
f 1264 1057 1671
f 1671 1055 1264
f 138 1705 1686
f 1148 1147 1044
f 1690 1719 1704
f 1690 1704 1686
f 1708 146 1690
f 146 1719 1690
f 1146 1677 1057
f 1044 1150 1151
f 972 1150 1149
f 1044 1147 1149
f 1149 1150 1044
f 1035 974 976
f 1140 1141 1136
f 1136 974 1140
f 1335 1141 1140
f 1309 1335 1140
f 1140 974 1309
f 979 1286 1114
f 1216 1167 1215
f 980 1167 1216
f 1286 979 1216
f 1029 1027 1030
f 1286 1216 1113
f 1114 1286 1113
f 1113 1112 1114
f 1174 1176 1063
f 1135 1133 1037
f 1981 1936 1982
f 1982 1994 1981
f 2005 1995 2004
f 2005 1994 1995
f 1922 1923 1857
f 1857 1894 1922
f 1885 1886 1887
f 1887 1886 1883
f 1887 1884 1885
f 1915 1884 1887
f 1819 1923 1851
f 1851 2013 1819
f 1988 2004 1958
f 1026 1336 1253
f 1237 1129 1021
f 2029 1832 1941
f 1831 1826 1827
f 1827 1809 1831
f 1809 1832 1831
f 1833 1826 1831
f 1831 1832 1833
f 1999 2003 2002
f 2002 2001 1999
f 2020 1988 1987
f 1904 1829 1896
f 2034 1830 1896
f 1896 1829 2034
f 1867 1896 1830
f 1834 1896 1867
f 2034 1904 1931
f 1926 1519 2034
f 1902 1903 1900
f 1903 1869 1900
f 1921 1895 1858
f 1858 1869 1921
f 1895 1894 1858
f 1858 1894 1857
f 1858 1857 1823
f 1944 1967 2022
f 1996 2028 1944
f 1944 1998 1996
f 1933 2028 1946
f 1946 1947 1933
f 2017 1810 1811
f 1880 1810 2017
f 1968 1810 1880
f 1834 1867 1865
f 1865 1866 1863
f 2034 1866 1865
f 1865 1830 2034
f 1865 1867 1830
f 931 918 922
f 922 927 931
f 927 930 931
f 924 918 931
f 931 930 924
f 1799 175 1780
f 1780 1777 1799
f 184 1777 1797
f 2741 2538 2729
f 2729 2538 2753
f 1782 2741 2729
f 2729 2753 1782
f 2299 1798 2300
f 2299 2764 1798
f 2300 2297 2299
f 2297 2298 2299
f 2298 2764 2299
f 2486 2494 2342
f 2342 2485 2486
f 2342 2343 2344
f 2342 2494 2343
f 2342 2344 2346
f 2748 2747 1783
f 1783 2758 2748
f 2747 2748 2462
f 2462 2748 2406
f 1783 2747 2746
f 2373 2319 2320
f 2320 2371 2373
f 2374 2375 2364
f 2371 2375 2374
f 2320 2321 2322
f 2427 2415 2419
f 2419 2315 2427
f 2414 2730 1789
f 1789 2468 2414
f 2731 2468 1789
f 1753 1750 1754
f 1749 1750 1753
f 2340 2402 2403
f 2340 2394 2306
f 2306 2338 2340
f 2338 2311 2340
f 2312 2394 2340
f 2340 2403 2312
f 937 926 924
f 924 930 937
f 937 930 926
f 2560 2554 2559
f 2552 2554 2560
f 1102 958 1101
f 1101 1007 1102
f 1096 1189 1091
f 1096 1093 956
f 1091 1093 1096
f 1083 1188 1095
f 950 948 949
f 1083 1095 950
f 950 1095 948
f 1094 1096 956
f 1189 1096 1094
f 1188 1189 1094
f 1094 1095 1188
f 948 1095 1094
f 955 999 1000
f 1000 1278 1187
f 1000 999 953
f 953 1278 1000
f 1091 1188 1084
f 1084 1188 1083
f 1108 1010 1109
f 1105 1050 1106
f 1106 1220 1105
f 1010 1108 1111
f 1111 1108 1296
f 1008 1009 1111
f 1111 1009 1010
f 994 996 995
f 995 996 949
f 1613 1632 1612
f 1612 1632 1633
f 1646 80 1659
f 1659 1647 1646
f 1634 1633 1646
f 1646 1647 1634
f 78 149 1658
f 80 78 1658
f 50 66 1595
f 1595 1592 50
f 114 104 103
f 103 104 99
f 90 1619 103
f 1619 114 103
f 103 92 90
f 103 99 92
f 1638 1641 1626
f 1641 1638 1640
f 1650 1651 1643
f 1651 1641 1643
f 1641 1640 1643
f 1635 1613 110
f 110 1613 118
f 118 131 110
f 131 86 110
f 7 27 26
f 27 70 26
f 35 54 56
f 35 24 54
f 35 22 24
f 81 1616 1603
f 82 1630 81
f 1630 1616 81
f 118 1613 141
f 141 1612 142
f 1613 1612 141
f 140 142 158
f 604 1425 1478
f 1425 1459 1478
f 521 436 437
f 437 604 521
f 604 1428 521
f 521 1428 1427
f 1427 436 521
f 1476 1426 1425
f 1477 1426 1476
f 1425 67 1476
f 67 1477 1476
f 1594 1591 1552
f 1594 1593 1591
f 1552 1560 1594
f 1359 1583 1572
f 1583 1593 1572
f 441 319 455
f 455 456 441
f 455 495 456
f 307 498 315
f 315 498 496
f 487 589 501
f 501 435 487
f 501 499 435
f 500 499 501
f 501 497 500
f 501 530 497
f 1100 1099 1006
f 963 1099 1100
f 1006 1196 1100
f 1196 1195 1100
f 960 961 1193
f 961 963 1193
f 963 1100 1193
f 1193 1100 1195
f 816 754 817
f 816 779 754
f 813 800 798
f 800 756 798
f 798 756 779
f 798 816 813
f 779 816 798
f 891 778 850
f 883 849 894
f 895 854 894
f 799 778 777
f 778 891 777
f 864 794 796
f 796 890 864
f 864 890 882
f 721 761 755
f 698 761 721
f 762 763 812
f 812 761 762
f 802 761 812
f 807 802 812
f 812 808 807
f 763 808 812
f 732 720 708
f 732 752 692
f 732 692 699
f 699 720 732
f 669 666 678
f 678 666 825
f 679 669 678
f 678 825 218
f 218 679 678
f 649 639 647
f 649 640 639
f 703 693 825
f 825 666 703
f 701 693 691
f 694 701 691
f 691 703 666
f 693 703 691
f 239 217 219
f 1279 1192 1103
f 1190 1192 1279
f 1279 1120 1190
f 1103 1119 1279
f 1119 1120 1279
f 1191 1192 1190
f 1101 1103 1198
f 1103 1192 1198
f 1198 1322 1101
f 1198 1323 1322
f 1091 1323 1198
f 1198 1191 1197
f 1192 1191 1198
f 1190 941 1002
f 1002 1191 1190
f 1002 941 1004
f 1002 1003 955
f 1097 1003 1002
f 1002 957 1097
f 1004 957 1002
f 993 2551 940
f 940 941 993
f 993 992 2551
f 993 941 992
f 2603 2567 2577
f 2577 2604 2603
f 2603 2604 2567
f 942 966 939
f 939 943 942
f 943 944 942
f 861 966 942
f 942 944 967
f 967 1013 942
f 871 861 942
f 942 1013 871
f 959 961 1008
f 964 961 959
f 1212 1205 1213
f 1116 1110 1214
f 1214 1316 1116
f 1214 1212 1213
f 1110 1212 1214
f 1298 1011 1202
f 92 95 94
f 94 107 92
f 1669 115 126
f 116 125 126
f 126 115 116
f 125 127 126
f 127 137 126
f 128 137 130
f 111 112 128
f 1625 1605 1603
f 1625 1604 1605
f 1603 1617 1625
f 1356 1358 1376
f 1376 1358 1375
f 1376 1463 1356
f 1376 1378 1463
f 1376 1423 1374
f 1374 1378 1376
f 1375 1417 1422
f 1422 1376 1375
f 1423 1376 1422
f 1465 1421 1467
f 1467 1559 1465
f 1467 1560 1559
f 1472 1572 1593
f 1593 1594 1472
f 1472 1594 1560
f 1472 1467 1421
f 1560 1467 1472
f 1464 1463 1365
f 1464 1411 1463
f 1464 1365 1364
f 1452 1448 1447
f 1452 1490 1448
f 1447 1448 1505
f 1503 1504 1505
f 1505 1504 1447
f 1377 1378 1374
f 1439 1378 1377
f 1374 1482 1377
f 1377 1482 1439
f 1365 1463 1438
f 1463 1378 1438
f 1438 1439 1365
f 1438 1378 1439
f 2075 1388 1511
f 1511 1437 1500
f 1500 1501 1511
f 1364 1389 1396
f 1396 1389 2204
f 1396 1397 1364
f 2204 1397 1396
f 1390 1363 1388
f 1388 1389 1390
f 1390 1389 1363
f 1382 1459 1479
f 1479 1470 1382
f 1479 1459 1425
f 1357 1449 1410
f 1494 1495 1410
f 1410 1497 1494
f 1509 1497 1410
f 1410 1371 1357
f 1410 1451 1509
f 1410 1409 1371
f 1495 1409 1410
f 1461 1387 1460
f 1460 1407 1461
f 1461 1407 1387
f 1809 2008 1853
f 1853 1854 1809
f 1855 1940 1809
f 1809 1854 1855
f 162 163 2106
f 2137 163 168
f 2128 2126 2134
f 2197 2157 2163
f 2243 2242 2217
f 2209 2192 2191
f 2208 2192 2209
f 2238 2208 2225
f 2147 2242 2148
f 2190 2157 2189
f 2163 2157 2168
f 2168 2169 2163
f 1590 1575 1360
f 1360 1571 1590
f 1573 1575 1590
f 1590 1589 1573
f 1590 1576 1589
f 1586 1576 1590
f 1590 1571 1586
f 1466 1418 1465
f 1466 1571 1418
f 1465 1586 1466
f 1586 1571 1466
f 1517 1391 1557
f 1557 1486 1517
f 1517 1486 1391
f 1485 1442 1484
f 1391 1442 1485
f 1484 1441 1485
f 1485 1441 1391
f 1360 1575 1488
f 1488 1445 1360
f 1575 1487 1488
f 1487 1445 1488
f 41 16 60
f 60 61 41
f 16 61 60
f 1573 1551 1574
f 1574 1551 1550
f 1550 1585 1574
f 1574 1575 1573
f 1574 1585 1575
f 1532 1551 1530
f 1530 1551 1588
f 1541 1533 1530
f 1533 1532 1530
f 1530 1587 1541
f 1530 1588 1587
f 1567 1540 1568
f 1568 1569 1567
f 1567 1569 1537
f 1533 1540 1553
f 1570 1533 1553
f 1553 1567 1537
f 1540 1567 1553
f 1553 1537 1538
f 1538 1543 1553
f 1554 1570 1553
f 1553 1543 1554
f 1534 1564 42
f 42 41 1534
f 42 52 41
f 58 53 65
f 58 52 53
f 58 55 56
f 56 52 58
f 642 282 684
f 278 682 684
f 684 682 642
f 684 431 278
f 684 282 431
f 281 642 194
f 194 282 281
f 281 282 642
f 194 643 341
f 341 282 194
f 341 643 342
f 342 344 341
f 356 358 354
f 354 322 356
f 356 357 358
f 356 381 357
f 411 428 425
f 425 410 411
f 354 345 401
f 401 322 354
f 345 403 401
f 401 403 402
f 407 422 335
f 424 407 335
f 275 336 335
f 336 424 335
f 322 401 323
f 323 401 402
f 402 374 323
f 737 735 759
f 759 727 737
f 737 736 735
f 737 727 725
f 725 736 737
f 754 779 757
f 757 760 754
f 757 756 755
f 779 756 757
f 783 793 760
f 783 757 755
f 760 757 783
f 802 793 783
f 877 852 878
f 877 878 872
f 872 958 877
f 878 852 870
f 883 878 870
f 870 849 883
f 882 849 870
f 870 852 851
f 875 876 872
f 1012 876 875
f 872 871 875
f 871 1012 875
f 469 1429 1516
f 1516 1429 1369
f 509 469 1516
f 1516 1369 509
f 548 1368 472
f 548 1367 1368
f 548 513 509
f 509 1369 548
f 1369 1367 548
f 453 485 489
f 452 453 489
f 489 491 452
f 450 490 1435
f 597 596 536
f 597 602 596
f 597 535 602
f 536 484 597
f 597 484 483
f 483 453 597
f 453 535 597
f 566 600 599
f 600 598 599
f 593 461 599
f 599 596 593
f 599 598 596
f 599 605 566
f 599 461 605
f 449 479 480
f 480 533 449
f 479 458 480
f 458 533 480
f 601 595 530
f 601 501 589
f 530 501 601
f 601 589 590
f 590 595 601
f 530 595 529
f 495 530 529
f 529 503 502
f 529 595 503
f 502 456 529
f 456 495 529
f 370 551 524
f 524 551 540
f 524 312 370
f 525 312 524
f 556 580 588
f 457 555 528
f 555 557 528
f 528 440 441
f 557 440 528
f 398 557 587
f 587 308 398
f 553 308 587
f 554 553 587
f 587 588 554
f 587 557 556
f 556 588 587
f 439 398 318
f 318 440 439
f 439 557 398
f 439 440 557
f 539 582 525
f 540 582 539
f 525 524 539
f 539 524 540
f 526 506 525
f 525 582 526
f 583 582 540
f 540 552 583
f 583 552 559
f 262 227 444
f 266 262 444
f 271 442 444
f 444 227 271
f 444 442 467
f 467 466 444
f 444 198 266
f 466 198 444
f 209 208 193
f 208 232 193
f 193 192 209
f 193 191 192
f 193 231 191
f 193 232 231
f 579 580 538
f 200 203 202
f 202 203 201
f 202 224 200
f 201 224 202
f 299 257 300
f 299 203 257
f 300 201 299
f 201 203 299
f 361 353 300
f 361 360 333
f 333 359 361
f 359 353 361
f 300 301 361
f 361 301 330
f 330 360 361
f 252 199 247
f 247 248 252
f 220 243 252
f 243 199 252
f 255 348 384
f 384 289 255
f 348 305 384
f 305 289 384
f 347 429 430
f 430 289 347
f 429 364 430
f 430 364 289
f 288 249 251
f 251 249 250
f 251 289 288
f 253 289 251
f 251 248 253
f 251 252 248
f 251 250 220
f 220 252 251
f 250 249 386
f 386 249 387
f 388 250 386
f 363 400 320
f 320 373 363
f 414 373 413
f 414 413 388
f 414 387 417
f 388 386 414
f 414 386 387
f 414 363 373
f 2097 2112 2086
f 2177 2252 2253
f 2253 2203 2177
f 2253 2100 2203
f 2206 2182 1528
f 2119 2182 2206
f 2206 2140 2119
f 2207 2144 1721
f 2207 2155 2144
f 2207 2182 2155
f 2068 2088 2087
f 2087 2071 2068
f 1440 1392 2211
f 2091 2150 2151
f 2181 1521 1525
f 2117 2186 2181
f 2181 2118 2117
f 1525 2118 2181
f 2139 2140 2142
f 2142 2140 2141
f 2186 2140 2180
f 1521 2181 2180
f 2180 2181 2186
f 1742 1744 1737
f 1737 1738 1742
f 1741 1744 1742
f 1742 1738 1730
f 1743 1741 1742
f 1730 1734 1742
f 1742 1734 1743
f 473 2073 547
f 2073 545 547
f 547 545 515
f 515 513 547
f 513 548 547
f 547 472 473
f 547 548 472
f 572 585 573
f 433 572 573
f 573 564 433
f 564 573 577
f 577 573 585
f 577 579 538
f 1508 1507 1503
f 1448 1507 1508
f 1503 1505 1508
f 1508 1505 1448
f 1447 1457 1453
f 1430 1498 1491
f 1491 1368 1430
f 1491 1457 1368
f 1491 1498 1492
f 2337 628 629
f 629 620 2337
f 628 615 629
f 683 661 680
f 661 662 680
f 680 682 683
f 2325 2436 2434
f 2438 2434 710
f 710 2496 2438
f 2438 2437 2434
f 2438 2496 2437
f 2679 2659 2591
f 2615 2616 2614
f 2624 2623 2591
f 2676 2678 2624
f 2591 2677 2624
f 2624 2677 2676
f 2623 2624 2622
f 2622 2624 2621
f 178 925 2760
f 2663 2665 2712
f 2665 2709 2712
f 2691 2650 2651
f 2651 2692 2691
f 2600 2583 2584
f 2651 2670 2671
f 2671 2692 2651
f 2598 837 829
f 829 767 2576
f 2576 2598 829
f 829 769 767
f 829 837 769
f 834 840 838
f 838 837 834
f 840 837 838
f 844 2669 2639
f 2584 836 2639
f 2639 836 844
f 2612 842 843
f 844 842 2612
f 2612 2669 844
f 2610 2587 2612
f 2587 2669 2612
f 843 845 2609
f 2649 2610 2613
f 2478 2479 2495
f 2495 2496 2478
f 2437 2496 2495
f 2279 2273 2506
f 2279 2286 2273
f 2274 2287 2330
f 2330 2287 2736
f 2724 2274 2330
f 2330 2736 2724
f 2294 2287 2326
f 2328 2287 2294
f 2578 2582 2706
f 2706 2582 2606
f 2606 2607 2706
f 1072 1177 986
f 1072 1073 1183
f 985 1073 1072
f 986 2554 1072
f 2554 985 1072
f 997 996 986
f 949 996 997
f 997 1177 949
f 1337 1214 1213
f 1316 1214 1337
f 1337 1318 1317
f 1317 1316 1337
f 1317 1318 1320
f 1320 984 983
f 983 1317 1320
f 1320 1180 984
f 1320 1319 1180
f 982 1319 1181
f 2643 2642 2647
f 2647 2648 2643
f 2562 2607 2647
f 2607 2648 2647
f 2647 2645 2562
f 2647 2672 2645
f 2646 2673 2647
f 2673 2672 2647
f 2562 2585 2586
f 2586 2707 2562
f 2687 2726 2686
f 2686 2642 2687
f 2687 2642 2641
f 2718 2737 2646
f 2646 2647 2718
f 2718 2647 2642
f 2718 2642 2686
f 2686 2726 2718
f 2726 2737 2718
f 2625 2662 2680
f 2680 2710 2625
f 2576 767 2571
f 767 743 2571
f 2574 2667 2576
f 2576 2571 2574
f 2574 2571 2573
f 2576 2667 2628
f 2722 2715 2544
f 2544 2715 2541
f 2544 2545 2722
f 2541 2545 2544
f 2717 2733 2734
f 2717 2620 2733
f 2590 2715 2723
f 2723 2620 2590
f 2541 2715 2590
f 2569 2541 2589
f 2541 2590 2589
f 2589 2590 2620
f 2564 2683 2588
f 2588 2565 2564
f 2569 2589 2588
f 2588 2589 2620
f 2588 2683 2684
f 2588 2620 2625
f 2594 2565 2588
f 2625 2594 2588
f 2335 2520 2446
f 2445 2395 2446
f 2446 2395 2335
f 2476 2381 2513
f 2361 2381 2380
f 2361 2444 2443
f 2380 2444 2361
f 2390 2316 2361
f 2443 2390 2361
f 2361 2316 2513
f 2513 2381 2361
f 2442 2441 2382
f 2382 2381 2442
f 2381 2476 2442
f 2442 2476 2477
f 2477 2441 2442
f 2473 2481 2484
f 2473 2472 2470
f 2426 2472 2473
f 2473 2425 2426
f 2473 2484 2425
f 2441 2470 2471
f 2470 2472 2471
f 2383 2441 2471
f 2471 2472 2383
f 2486 2485 2487
f 2487 2485 2460
f 2460 2528 2487
f 689 827 744
f 712 827 689
f 265 396 397
f 397 396 395
f 397 365 265
f 397 395 392
f 366 365 397
f 397 394 366
f 392 394 397
f 611 563 614
f 563 561 614
f 1771 611 614
f 614 612 1771
f 541 465 544
f 541 198 465
f 544 2277 541
f 2277 198 541
f 1990 1991 1979
f 1954 1991 1978
f 1978 1975 1954
f 1991 1990 1978
f 1978 1990 1972
f 1974 1975 1978
f 1978 1972 1974
f 155 133 154
f 154 156 155
f 156 157 155
f 111 133 155
f 155 157 111
f 1251 1249 1138
f 1138 1310 1251
f 1250 1249 1251
f 1247 1250 1251
f 1251 1310 1247
f 1239 974 1136
f 1239 1129 1024
f 1709 1711 1706
f 1022 1711 1709
f 1691 1714 1716
f 1679 1691 1716
f 1716 1683 1679
f 1321 1275 1232
f 1232 1234 1321
f 1321 1176 1275
f 1321 1234 1042
f 1042 1176 1321
f 1300 1329 1341
f 1341 1234 1300
f 1230 1329 1121
f 1230 1229 1302
f 1134 1245 1246
f 1246 1135 1134
f 1049 1047 990
f 1163 1162 1164
f 1164 1162 1261
f 1164 978 1163
f 1164 1056 978
f 1261 1056 1164
f 1263 1055 1161
f 1263 1264 1055
f 161 1162 1055
f 1705 138 161
f 1054 1162 161
f 1688 1705 161
f 161 1055 1688
f 1169 1172 1265
f 1265 1170 1169
f 1687 1677 1706
f 1687 1688 1671
f 1671 1677 1687
f 1687 1705 1688
f 1686 1705 1687
f 1687 1690 1686
f 973 1146 1147
f 1147 1148 973
f 1142 1169 1143
f 1169 1256 1143
f 1147 1146 1166
f 1166 1149 1147
f 1166 1263 1161
f 1264 1263 1166
f 1057 1264 1166
f 1166 1146 1057
f 1035 976 1045
f 1044 1151 1045
f 1045 976 1044
f 975 976 974
f 975 1148 1044
f 1044 976 975
f 981 978 980
f 981 979 978
f 980 1216 981
f 981 1216 979
f 1288 1216 1215
f 1288 1113 1216
f 1269 1047 1049
f 971 1217 1046
f 1046 990 1047
f 1114 1112 1289
f 1112 1217 1289
f 1289 1217 971
f 1289 1032 1114
f 971 1032 1289
f 1041 1170 1063
f 1041 1063 1042
f 1171 1245 1134
f 1170 1041 1171
f 1171 1041 1245
f 1171 1135 1037
f 1134 1135 1171
f 1169 1170 1171
f 1171 1256 1169
f 2024 1923 1948
f 1923 1922 1948
f 1894 1950 1948
f 1948 1922 1894
f 1987 1988 1985
f 1985 1950 1987
f 1986 1950 1985
f 1668 1676 1673
f 1673 1682 1668
f 2024 2025 2012
f 2012 2025 1883
f 1939 1887 1883
f 1883 2025 1939
f 1939 2025 1938
f 1254 1253 1139
f 1811 1832 2027
f 1832 2029 2027
f 2021 2005 2004
f 2004 1988 2021
f 1988 2020 2021
f 1526 1929 2034
f 2034 1931 1526
f 1526 1931 1929
f 2034 1929 1928
f 1928 1926 2034
f 1823 2034 1524
f 1902 1900 1924
f 1929 1931 1930
f 1930 1928 1929
f 1930 1872 1871
f 1519 1926 1925
f 1869 1868 1899
f 1899 1900 1869
f 1899 1524 2034
f 1868 1524 1899
f 1997 1998 1944
f 1944 2022 1997
f 1966 1967 1877
f 1877 1876 1966
f 1877 1977 1875
f 1875 1876 1877
f 1969 1945 1864
f 1864 1968 1969
f 1810 1968 1864
f 1864 1945 1907
f 1834 1865 1864
f 1863 1810 1864
f 1864 1865 1863
f 1907 2023 1864
f 1864 2023 1836
f 1864 1836 1834
f 2768 2746 2346
f 2346 2405 2768
f 2765 1783 2768
f 1783 2746 2768
f 2768 2400 2765
f 2405 2400 2768
f 2461 2746 2747
f 2747 2462 2461
f 2460 2485 2461
f 2461 2462 2460
f 2503 2342 2346
f 2346 2746 2503
f 2485 2342 2503
f 2376 2457 2456
f 2321 2457 2376
f 2320 2322 2522
f 2367 2458 2451
f 2407 2462 2406
f 2460 2462 2407
f 2529 2528 2407
f 2407 2528 2460
f 2367 2454 2368
f 2363 2427 2315
f 2754 1783 2363
f 2527 2315 2293
f 2527 2535 2315
f 1792 2731 1781
f 2731 1789 1781
f 2730 1796 1794
f 1778 1753 1797
f 1749 1753 1778
f 1778 1783 1749
f 2341 2311 2732
f 2341 2340 2311
f 2732 2402 2341
f 2402 2340 2341
f 2559 2558 2704
f 2704 2560 2559
f 2704 2558 2549
f 1005 1007 848
f 1005 1102 1007
f 1083 950 1085
f 1085 1084 1083
f 951 950 949
f 954 1094 956
f 948 1094 954
f 956 955 954
f 955 1000 954
f 949 948 954
f 954 1000 1187
f 1091 1084 1080
f 1080 1084 1088
f 1080 1098 1091
f 1080 1088 1098
f 1107 1110 1116
f 1109 1110 1107
f 1107 1108 1109
f 1343 1111 1296
f 1343 1296 1295
f 1295 1220 1343
f 1220 1106 1343
f 142 1612 1629
f 1629 1634 1647
f 1629 1612 1633
f 1633 1634 1629
f 1591 1579 1578
f 1578 1592 1591
f 1578 50 1592
f 1631 1626 1627
f 1631 1638 1626
f 1606 1640 1639
f 1618 1607 1639
f 1639 1607 1606
f 1639 1640 1638
f 1638 1631 1639
f 1627 1618 1639
f 1639 1631 1627
f 1642 1640 1606
f 1606 1604 1642
f 1604 1645 1642
f 1642 1610 1650
f 1642 1645 1610
f 1650 1643 1642
f 1642 1643 1640
f 67 68 73
f 71 70 49
f 71 26 70
f 49 32 71
f 71 32 7
f 7 26 71
f 56 55 57
f 57 35 56
f 55 70 57
f 57 70 22
f 22 35 57
f 151 143 150
f 150 143 118
f 118 141 150
f 150 141 142
f 142 140 150
f 1611 1658 149
f 149 140 1611
f 1611 140 158
f 153 1704 151
f 1686 1704 153
f 153 138 1686
f 1518 1428 604
f 604 1478 1518
f 1459 1428 1518
f 1518 1478 1459
f 494 455 319
f 494 315 496
f 319 315 494
f 496 495 494
f 495 455 494
f 307 315 432
f 1088 1084 1087
f 1087 1082 1088
f 820 815 814
f 814 816 820
f 820 816 817
f 817 811 820
f 811 815 820
f 850 800 831
f 831 897 850
f 831 800 813
f 893 879 884
f 893 894 854
f 860 879 893
f 893 884 883
f 883 894 893
f 853 855 857
f 857 854 853
f 857 855 856
f 856 854 857
f 889 849 882
f 889 891 849
f 882 890 889
f 890 777 889
f 889 777 891
f 896 894 849
f 849 891 896
f 896 897 895
f 895 894 896
f 850 897 896
f 896 891 850
f 863 794 888
f 753 752 797
f 752 732 797
f 648 649 672
f 672 649 666
f 672 671 648
f 672 666 669
f 669 671 672
f 826 649 647
f 666 649 826
f 656 649 648
f 640 649 656
f 657 640 656
f 656 671 657
f 648 671 656
f 219 211 197
f 197 239 219
f 211 210 197
f 197 210 228
f 197 228 279
f 279 239 197
f 280 240 237
f 237 339 280
f 237 240 196
f 1091 1198 1092
f 1092 1198 1197
f 1092 1093 1091
f 955 1093 991
f 991 1002 955
f 1093 1092 991
f 991 1092 1197
f 1197 1191 991
f 1191 1002 991
f 1053 1160 962
f 962 964 1053
f 964 959 1053
f 1052 959 1008
f 1158 959 1052
f 1008 1050 1052
f 1050 1051 1052
f 1051 1158 1052
f 1324 1337 1213
f 1318 1337 1324
f 1213 1205 1324
f 108 95 97
f 108 94 95
f 97 111 108
f 127 107 129
f 107 94 129
f 94 108 129
f 130 127 129
f 1678 1701 1699
f 1699 120 1678
f 160 1699 1700
f 117 1665 1669
f 1669 126 117
f 1698 1665 117
f 117 126 1698
f 136 126 137
f 136 160 1700
f 1698 126 1697
f 1674 1664 1697
f 1697 1664 1698
f 1697 1701 1674
f 1697 136 1700
f 1697 1699 1701
f 1700 1699 1697
f 1604 1625 1644
f 1610 1645 1644
f 1644 1645 1604
f 1617 1610 1644
f 1644 1625 1617
f 1474 1473 1469
f 1469 1475 1474
f 1417 1473 1474
f 1474 1422 1417
f 1475 1423 1474
f 1423 1422 1474
f 1468 1472 1421
f 1468 1469 1381
f 1468 1421 1469
f 1381 1470 1468
f 1424 1359 1468
f 1359 1572 1468
f 1572 1472 1468
f 1364 1448 1366
f 1448 1490 1366
f 1366 1490 1412
f 1412 1411 1366
f 1366 1464 1364
f 1411 1464 1366
f 1450 1449 1357
f 1450 1452 1449
f 1490 1452 1450
f 1357 1412 1450
f 1412 1490 1450
f 1436 1511 1388
f 1437 1511 1436
f 1388 1363 1436
f 1436 1363 1437
f 1470 1479 1471
f 1424 1468 1471
f 1471 1468 1470
f 1471 1425 1424
f 1471 1479 1425
f 1892 2009 1890
f 2076 2106 2094
f 2094 2106 2126
f 2063 2076 2094
f 2094 2126 2063
f 162 2106 1520
f 1520 2106 2076
f 2053 162 1520
f 1520 2076 2053
f 2132 2197 2163
f 2132 2178 2134
f 2179 2178 2132
f 2133 2128 2134
f 2160 2129 2126
f 2063 2126 2172
f 2157 2197 2143
f 2260 2205 2134
f 2134 2178 2260
f 2163 2167 2170
f 2170 2132 2163
f 2179 2132 2170
f 2242 2243 2195
f 2195 2170 2167
f 2243 2170 2195
f 2235 2217 2214
f 2189 2157 2262
f 2262 2157 2156
f 2146 2192 2147
f 2147 2148 2146
f 2191 2192 2146
f 2258 2148 2242
f 2157 2190 2188
f 1581 42 1564
f 1581 1580 1596
f 1564 1580 1581
f 52 42 1581
f 65 55 37
f 37 58 65
f 55 58 37
f 431 282 340
f 282 341 340
f 340 421 431
f 340 409 421
f 378 428 408
f 408 428 411
f 408 344 378
f 408 341 344
f 409 340 408
f 408 340 341
f 321 407 379
f 379 410 321
f 321 422 407
f 322 323 321
f 321 425 322
f 410 425 321
f 426 428 381
f 426 425 428
f 381 356 426
f 426 356 322
f 322 425 426
f 423 323 374
f 423 374 275
f 422 321 423
f 423 321 323
f 275 335 423
f 423 335 422
f 822 814 819
f 839 868 867
f 867 868 853
f 853 821 867
f 734 751 750
f 734 742 733
f 734 750 742
f 755 761 803
f 803 783 755
f 803 761 802
f 802 783 803
f 882 870 887
f 887 870 851
f 887 862 886
f 887 851 862
f 550 489 485
f 550 1383 1384
f 451 1386 449
f 449 450 451
f 451 450 1435
f 1435 1385 451
f 451 1385 1386
f 490 450 492
f 527 456 457
f 457 528 527
f 441 456 527
f 527 528 441
f 571 526 582
f 586 567 571
f 580 579 578
f 578 559 554
f 554 588 578
f 578 588 580
f 418 414 417
f 417 399 418
f 418 399 400
f 400 363 385
f 363 414 385
f 385 418 400
f 414 418 385
f 2089 2097 2114
f 2114 2115 2075
f 2075 2089 2114
f 2114 2097 2252
f 2114 2252 2115
f 2140 2206 2261
f 1528 1521 2261
f 2261 2206 1528
f 1721 2182 1529
f 1529 2207 1721
f 2182 2207 1529
f 1484 2210 2193
f 2121 2150 2075
f 1501 2107 2121
f 2075 1511 2121
f 2121 1511 1501
f 2090 2089 2075
f 2112 2097 2090
f 2090 2097 2089
f 2150 2091 2103
f 464 564 565
f 564 577 565
f 565 591 584
f 560 591 565
f 538 560 565
f 565 577 538
f 1449 1452 1454
f 1454 1453 1451
f 1454 1452 1447
f 1447 1453 1454
f 1454 1410 1449
f 1451 1410 1454
f 1496 1497 1509
f 1492 1497 1496
f 1509 1451 1496
f 1451 1453 1496
f 1496 1453 1457
f 1496 1491 1492
f 1457 1491 1496
f 622 662 630
f 620 629 622
f 622 630 621
f 621 2337 622
f 2337 620 622
f 616 618 619
f 619 615 616
f 619 629 615
f 681 651 682
f 682 680 681
f 2506 2273 2290
f 2273 2512 2290
f 2569 2668 2570
f 2591 2592 2593
f 2593 2679 2591
f 2621 2624 2652
f 2616 2615 2652
f 2652 2615 2621
f 2652 2624 2678
f 2664 2665 2663
f 2664 2658 2665
f 2676 2677 2767
f 2767 2766 178
f 178 2760 2767
f 2767 2678 2676
f 2767 2760 2678
f 2735 177 178
f 178 2766 2735
f 2734 177 2735
f 2735 2717 2734
f 2616 2652 2721
f 2614 2616 2617
f 2616 2650 2617
f 2650 2691 2617
f 2579 2600 2601
f 2601 2600 2602
f 2637 2639 2669
f 2583 2600 2580
f 2581 2575 2580
f 2575 2583 2580
f 2580 2600 2579
f 2579 2606 2580
f 2580 2606 2581
f 2634 2637 2632
f 2698 2671 2670
f 2698 2641 2690
f 2698 2670 2641
f 2619 2658 2674
f 2608 2612 843
f 843 2609 2608
f 2610 2612 2608
f 2608 2613 2610
f 2608 2609 2656
f 2656 2613 2608
f 2656 2654 2655
f 2649 2613 2655
f 2655 2613 2656
f 2326 2325 2327
f 2327 2294 2326
f 2434 2475 2327
f 2327 2325 2434
f 2475 2328 2327
f 2328 2294 2327
f 1178 1072 1183
f 1177 1072 1178
f 949 1177 1178
f 1178 951 949
f 986 1177 1270
f 1270 997 986
f 1177 997 1270
f 2726 2687 2751
f 925 2726 2751
f 2751 2763 925
f 2761 2760 925
f 2761 2721 2760
f 2573 2571 2572
f 766 765 789
f 2627 2626 2576
f 2576 2628 2627
f 2483 2473 2470
f 2481 2473 2483
f 1873 1896 1834
f 1873 1905 2019
f 1128 1021 1129
f 1128 1137 1026
f 1026 1021 1128
f 1710 1022 1125
f 1710 1711 1022
f 1710 1125 1680
f 1680 1711 1710
f 1712 1716 1714
f 1712 1687 1706
f 1690 1687 1712
f 1712 1714 1708
f 1708 1690 1712
f 1680 1683 1713
f 1683 1716 1713
f 1713 1711 1680
f 1706 1711 1713
f 1713 1712 1706
f 1716 1712 1713
f 1121 1229 1231
f 1231 1230 1121
f 1229 1230 1231
f 1234 1341 1304
f 1304 1230 1302
f 1304 1341 1329
f 1329 1230 1304
f 1304 1246 1234
f 1042 1234 1040
f 1234 1246 1040
f 1040 1246 1245
f 1040 1041 1042
f 1245 1041 1040
f 1275 1176 1274
f 1176 1174 1274
f 1174 1314 1274
f 1275 1274 1273
f 1273 1274 1314
f 1153 989 1154
f 1154 1155 1153
f 1154 1077 1156
f 1156 1155 1154
f 1156 1077 1075
f 1078 1157 1156
f 139 161 138
f 138 153 139
f 1677 1146 1707
f 1706 1677 1707
f 1707 1709 1706
f 1024 1022 1023
f 1022 1709 1023
f 1709 973 1023
f 1039 1144 1035
f 1039 1171 1037
f 1256 1171 1039
f 1035 1144 1036
f 1307 1243 1025
f 1243 1132 1025
f 1302 1305 1025
f 1025 1130 1307
f 1025 1305 1130
f 1037 1133 1312
f 1312 1039 1037
f 1144 1039 1312
f 1255 1045 1151
f 1255 1151 1150
f 1255 1143 1256
f 1256 1039 1255
f 1255 1150 1142
f 1142 1143 1255
f 972 1149 1165
f 1149 1166 1165
f 1165 1166 1161
f 1165 1262 972
f 1161 1262 1165
f 974 1239 1240
f 1240 975 974
f 1148 975 1240
f 1240 1239 1024
f 1058 979 1114
f 1114 1032 1058
f 978 979 1058
f 971 1030 1028
f 1028 1032 971
f 1028 1027 1163
f 1028 1030 1027
f 1112 1113 1152
f 1113 1288 1152
f 1152 1153 1155
f 1078 990 1079
f 1079 1157 1078
f 1112 1157 1079
f 1079 1217 1112
f 1079 1046 1217
f 990 1046 1079
f 1267 1266 1269
f 1048 1030 971
f 971 1046 1048
f 1048 1046 1047
f 1949 2025 2024
f 2024 1948 1949
f 1938 2025 1949
f 1672 1935 1667
f 1667 1676 1672
f 1676 1668 1672
f 1938 1992 1123
f 1992 1019 1123
f 1989 1019 1992
f 1989 1988 1958
f 1989 1985 1988
f 1989 1992 1986
f 1986 1985 1989
f 1916 1939 1938
f 1887 1939 1916
f 1915 1887 1916
f 1882 1852 1916
f 1916 1852 1915
f 1139 1253 1916
f 1938 1123 1916
f 1916 1123 1139
f 1916 1336 1882
f 1916 1253 1336
f 1823 1524 1898
f 1898 1524 1868
f 1898 1858 1823
f 1898 1868 1869
f 1869 1858 1898
f 1871 1924 1927
f 1927 1930 1871
f 1927 1924 1900
f 1927 1925 1926
f 1900 1925 1927
f 1926 1928 1927
f 1928 1930 1927
f 2034 1519 1523
f 1523 1899 2034
f 1901 1925 1900
f 1900 1899 1901
f 1519 1925 1901
f 1901 1523 1519
f 1899 1523 1901
f 1834 1836 1879
f 2536 2461 2485
f 2746 2461 2536
f 2485 2503 2536
f 2536 2503 2746
f 2530 2531 2321
f 2321 2376 2530
f 2364 2366 2369
f 2367 2368 2369
f 2369 2525 2474
f 2321 2531 2518
f 2518 2322 2321
f 2367 2324 2432
f 2521 2366 2364
f 2364 2375 2521
f 2523 2375 2371
f 2523 2371 2320
f 2320 2522 2523
f 2529 2407 2453
f 2453 2407 2454
f 2533 2453 2454
f 2759 2407 2406
f 2406 2748 2759
f 2759 2748 2758
f 2454 2407 2759
f 2370 2749 1783
f 2370 2758 2749
f 2370 2368 2758
f 2754 2363 2539
f 2539 2363 2365
f 1784 1796 2743
f 2415 2427 2743
f 2743 2730 2415
f 2743 1796 2730
f 2516 2515 2315
f 2318 2515 2350
f 2350 2424 2318
f 2318 2363 2315
f 2315 2515 2318
f 2364 2365 2318
f 2365 2363 2318
f 2364 2318 2423
f 2423 2318 2424
f 1775 1794 1796
f 1796 1795 1775
f 1783 1778 1785
f 1785 1796 1784
f 1785 1795 1796
f 1785 1778 1795
f 1785 2363 1783
f 1784 2363 1785
f 1102 1005 847
f 852 877 847
f 848 852 847
f 847 1005 848
f 1118 1117 1086
f 1086 1117 1227
f 1084 1085 1086
f 1086 1087 1084
f 949 954 1090
f 1090 995 949
f 1187 1089 1090
f 1090 954 1187
f 1090 1089 994
f 994 995 1090
f 1221 1116 1295
f 1221 1107 1116
f 1295 1296 1221
f 1296 1108 1221
f 1108 1107 1221
f 1211 1106 1050
f 1211 1343 1106
f 1111 1343 1211
f 1211 1050 1008
f 1008 1111 1211
f 43 45 69
f 14 73 68
f 14 69 73
f 43 69 14
f 14 1660 43
f 75 45 44
f 75 69 45
f 73 69 75
f 1579 67 1577
f 1577 1578 1579
f 1628 1611 158
f 158 142 1628
f 142 1629 1628
f 1658 1611 1628
f 1628 1629 1647
f 1647 1659 1628
f 1628 1659 80
f 80 1658 1628
f 268 432 316
f 316 230 268
f 317 230 316
f 285 317 316
f 316 319 285
f 316 315 319
f 316 432 315
f 895 897 869
f 853 854 869
f 869 854 895
f 869 821 853
f 880 854 856
f 880 893 854
f 880 856 860
f 860 893 880
f 794 864 865
f 865 888 794
f 865 864 882
f 882 888 865
f 886 885 881
f 881 888 882
f 881 885 863
f 863 888 881
f 881 887 886
f 882 887 881
f 810 756 799
f 755 756 810
f 810 721 755
f 796 753 809
f 753 797 809
f 809 890 796
f 809 777 890
f 797 810 809
f 799 777 809
f 809 810 799
f 722 732 708
f 722 797 732
f 708 698 722
f 698 721 722
f 721 810 722
f 722 810 797
f 339 237 338
f 279 339 338
f 338 239 279
f 196 216 238
f 238 237 196
f 238 338 237
f 239 338 238
f 1159 959 1158
f 1159 1053 959
f 1205 1207 1297
f 1297 1324 1205
f 1206 1110 1109
f 1206 1212 1110
f 1109 1285 1206
f 1205 1212 1206
f 1206 1207 1205
f 1011 1298 1299
f 1299 1297 1011
f 1324 1297 1299
f 130 129 109
f 109 129 108
f 109 108 111
f 109 128 130
f 111 128 109
f 124 112 120
f 120 1699 124
f 1699 160 124
f 123 128 112
f 112 124 123
f 123 124 160
f 137 128 123
f 123 136 137
f 160 136 123
f 126 136 159
f 159 1697 126
f 136 1697 159
f 1890 1889 1891
f 1891 1892 1890
f 1889 1855 1891
f 1891 1855 1854
f 1853 1892 1891
f 1854 1853 1891
f 2136 168 164
f 2196 1522 163
f 2134 2205 2259
f 2259 2133 2134
f 2126 2128 2161
f 2161 2160 2126
f 2126 2129 2176
f 2176 2172 2126
f 2083 2063 2173
f 2063 2172 2173
f 2145 1527 164
f 164 2144 2145
f 2145 2144 2184
f 2145 2143 2197
f 2184 2157 2145
f 2157 2143 2145
f 2166 2167 2163
f 2163 2165 2166
f 2166 2195 2167
f 2166 2165 2213
f 2164 2234 2213
f 2213 2165 2164
f 2163 2169 2164
f 2164 2165 2163
f 2214 2220 2219
f 2219 2235 2214
f 2236 2243 2217
f 2217 2235 2236
f 2194 2224 2223
f 2223 2224 2222
f 2223 2183 2194
f 2223 2245 2183
f 2222 2249 2223
f 2149 2146 2148
f 2148 2258 2149
f 2191 2146 2149
f 2242 2234 2244
f 2244 2258 2242
f 2187 2168 2157
f 2157 2188 2187
f 1596 53 51
f 51 1581 1596
f 53 52 51
f 409 408 380
f 379 409 380
f 380 410 379
f 411 410 380
f 380 408 411
f 819 806 832
f 832 822 819
f 814 822 818
f 818 822 821
f 818 816 814
f 813 816 818
f 821 869 818
f 522 550 1384
f 491 489 522
f 489 550 522
f 522 1384 1434
f 445 1383 549
f 1383 550 549
f 549 446 445
f 549 485 446
f 549 550 485
f 449 533 454
f 454 533 558
f 454 450 449
f 454 492 450
f 454 558 490
f 490 492 454
f 582 583 581
f 581 571 582
f 581 585 586
f 586 571 581
f 537 571 567
f 567 570 537
f 537 570 507
f 526 571 537
f 507 506 537
f 506 526 537
f 1521 2180 2221
f 2221 2261 1521
f 2221 2180 2140
f 2140 2261 2221
f 2226 2211 1392
f 2226 1392 1484
f 1484 2193 2226
f 2075 2150 2123
f 2150 2103 2123
f 2250 2193 2249
f 2250 2226 2193
f 2250 2230 2263
f 2222 2230 2250
f 2250 2249 2222
f 2107 2212 2228
f 2228 2231 2229
f 2212 2231 2228
f 2108 2212 2107
f 1440 2211 2108
f 1502 1440 2108
f 2108 2107 1502
f 617 619 618
f 617 626 625
f 618 626 617
f 625 627 617
f 617 627 619
f 668 667 651
f 651 681 668
f 629 667 668
f 668 680 662
f 668 681 680
f 662 622 668
f 668 622 629
f 650 667 629
f 629 619 650
f 619 627 650
f 650 625 652
f 650 627 625
f 651 667 685
f 686 682 685
f 682 651 685
f 2678 2760 2716
f 2716 2652 2678
f 2760 2721 2716
f 2716 2721 2652
f 2695 2767 2677
f 2766 2767 2695
f 2714 2677 2660
f 2660 2620 2714
f 2620 2717 2714
f 2717 2735 2714
f 2611 2610 2649
f 2611 2587 2610
f 2611 2708 2587
f 2602 2600 2635
f 2635 2600 2584
f 2632 2637 2633
f 2633 2708 2632
f 2587 2708 2633
f 2633 2669 2587
f 2633 2637 2669
f 2602 2635 2636
f 2675 2619 2674
f 2665 2658 2618
f 2658 2619 2618
f 1182 1328 1179
f 1319 1328 1182
f 1182 1181 1319
f 1182 1179 982
f 982 1181 1182
f 1328 1327 1272
f 1179 1328 1272
f 1272 1070 1179
f 1272 1223 1070
f 1326 1327 1328
f 2763 2751 2696
f 2719 2763 2696
f 2696 2670 2651
f 2651 2719 2696
f 2688 2687 2641
f 2688 2751 2687
f 925 2763 2762
f 2762 2761 925
f 2720 2650 2616
f 2761 2762 2720
f 2721 2761 2720
f 2616 2721 2720
f 2685 2588 2684
f 2685 2668 2569
f 2569 2588 2685
f 2571 2681 2682
f 2682 2572 2571
f 1874 1873 1834
f 1904 1896 1897
f 1896 1873 1897
f 1908 1951 1897
f 1129 1239 1238
f 1238 1128 1129
f 1137 1128 1238
f 1136 1137 1238
f 1238 1239 1136
f 1303 1304 1302
f 1246 1304 1303
f 1302 1133 1303
f 1133 1135 1303
f 1135 1246 1303
f 1315 1273 1314
f 1259 1313 1064
f 1260 1313 1259
f 1259 1153 1260
f 1074 989 1259
f 989 1153 1259
f 1075 1076 1184
f 1184 1156 1075
f 1078 1156 1184
f 147 140 149
f 1146 973 1689
f 1689 1707 1146
f 1689 973 1709
f 1709 1707 1689
f 1035 1036 1034
f 1132 1244 1034
f 1244 1035 1034
f 1131 1036 1144
f 1131 1025 1132
f 1132 1034 1131
f 1131 1034 1036
f 1144 1312 1258
f 1258 1312 1133
f 1038 1039 1035
f 1038 1255 1039
f 1035 1045 1038
f 1045 1255 1038
f 1043 1240 1024
f 1148 1240 1043
f 1024 1023 1043
f 1043 973 1148
f 1043 1023 973
f 1032 1028 1033
f 978 1058 1033
f 1033 1058 1032
f 1163 978 1033
f 1033 1028 1163
f 1342 1157 1112
f 1112 1152 1342
f 1342 1156 1157
f 1155 1156 1342
f 1342 1152 1155
f 1287 1152 1288
f 1215 1260 1287
f 1287 1288 1215
f 1260 1153 1287
f 1153 1152 1287
f 1062 1267 1174
f 1266 1267 1062
f 1174 1173 1062
f 1172 1173 1175
f 1175 1265 1172
f 1170 1265 1175
f 1175 1173 1174
f 1063 1170 1175
f 1175 1174 1063
f 1984 1949 1948
f 1984 1950 1986
f 1984 1948 1950
f 1986 1992 1984
f 1984 1992 1938
f 1938 1949 1984
f 1666 1672 1668
f 1666 1958 1959
f 1959 1935 1666
f 1935 1672 1666
f 1702 1125 1236
f 1236 1125 1127
f 1681 1703 1702
f 1702 1236 1681
f 1681 1682 1680
f 1680 1703 1681
f 1681 1668 1682
f 2519 2369 2366
f 2525 2369 2519
f 2368 2431 2429
f 2429 2369 2368
f 2431 2750 2429
f 2429 2750 1783
f 2429 2365 2364
f 2364 2369 2429
f 2429 2539 2365
f 2429 1783 2754
f 2754 2539 2429
f 2517 2324 2367
f 2367 2369 2517
f 2517 2369 2474
f 2367 2432 2433
f 2433 2458 2367
f 2367 2451 2452
f 2452 2454 2367
f 2452 2533 2454
f 2455 2759 2758
f 2454 2759 2455
f 2758 2368 2455
f 2455 2368 2454
f 2368 2370 2430
f 2430 2431 2368
f 2430 2750 2431
f 2430 2370 1783
f 1783 2750 2430
f 2428 2363 1784
f 1784 2743 2428
f 2427 2363 2428
f 2428 2743 2427
f 2315 2535 2493
f 2493 2516 2315
f 2372 2374 2364
f 2364 2423 2372
f 2372 2373 2371
f 2371 2374 2372
f 1776 1775 1789
f 1794 1775 1776
f 1776 1789 2730
f 2730 1794 1776
f 1786 1775 1795
f 1780 1793 1786
f 1786 1787 1780
f 1795 1778 1786
f 1786 1778 1797
f 1780 1787 1779
f 1779 1777 1780
f 1779 1797 1777
f 1779 1786 1797
f 1787 1786 1779
f 958 1102 945
f 1102 847 945
f 945 877 958
f 945 847 877
f 1186 1086 1085
f 1186 1085 950
f 950 951 1186
f 1118 1086 1186
f 1327 1326 1200
f 1200 1298 1202
f 1200 1326 1298
f 1226 1117 1118
f 1227 1117 1226
f 1226 1339 1227
f 1648 1652 1635
f 1648 88 1651
f 110 88 1648
f 1635 110 1648
f 1651 1653 1648
f 1648 1653 1652
f 86 85 100
f 100 88 110
f 100 85 1626
f 100 1626 1651
f 1651 88 100
f 44 47 72
f 72 75 44
f 72 47 66
f 66 50 72
f 67 73 74
f 74 1577 67
f 76 72 50
f 75 72 76
f 50 1578 76
f 1578 1577 76
f 1577 74 76
f 73 75 76
f 76 74 73
f 1081 1195 1088
f 1088 1082 1081
f 1208 1206 1285
f 1207 1206 1208
f 1208 1285 960
f 897 831 892
f 892 869 897
f 892 831 813
f 216 217 214
f 214 238 216
f 217 239 214
f 239 238 214
f 1338 1299 1298
f 1298 1326 1338
f 1338 1326 1328
f 1338 1328 1319
f 2197 2132 2198
f 2198 2136 2197
f 2132 2136 2198
f 2138 2137 168
f 168 2136 2138
f 2138 2132 2137
f 2138 2136 2132
f 2199 2136 164
f 2197 2136 2199
f 2135 2132 2134
f 2134 2126 2127
f 2126 2106 2127
f 2127 2135 2134
f 2233 2166 2213
f 2195 2166 2233
f 2213 2242 2233
f 2242 2195 2233
f 2237 2223 2249
f 2245 2223 2237
f 2237 2193 2210
f 2249 2193 2237
f 52 1581 83
f 83 51 52
f 1581 51 83
f 821 822 823
f 822 832 823
f 823 867 821
f 823 832 867
f 866 806 839
f 866 832 806
f 839 867 866
f 867 832 866
f 1435 491 493
f 491 522 493
f 1434 1435 493
f 493 522 1434
f 585 581 574
f 574 577 585
f 579 577 574
f 559 578 574
f 574 578 579
f 574 583 559
f 574 581 583
f 2122 2090 2075
f 2075 2123 2122
f 2263 2239 2241
f 2120 2229 2151
f 2120 2228 2229
f 2151 2150 2120
f 2150 2121 2120
f 2120 2121 2107
f 2107 2228 2120
f 2113 2088 2112
f 2112 2090 2113
f 2113 2122 2254
f 2090 2122 2113
f 652 686 653
f 686 685 653
f 653 650 652
f 667 650 653
f 653 685 667
f 2273 2569 2700
f 2569 2570 2700
f 2677 2714 2713
f 2713 2714 2735
f 2713 2695 2677
f 2713 2735 2766
f 2766 2695 2713
f 2634 2636 2640
f 2637 2634 2640
f 2640 2636 2635
f 2639 2637 2640
f 2584 2639 2640
f 2640 2635 2584
f 2656 2609 2657
f 2657 2654 2656
f 2619 2675 2666
f 2666 2618 2619
f 2666 2657 2609
f 2675 2657 2666
f 2599 2665 2666
f 2665 2618 2666
f 834 837 2666
f 2666 845 834
f 2666 2609 845
f 2666 2598 2599
f 2666 837 2598
f 2653 2675 2674
f 2654 2657 2653
f 2653 2657 2675
f 2670 2696 2697
f 2697 2696 2751
f 2751 2688 2697
f 2641 2670 2697
f 2697 2688 2641
f 2694 2763 2719
f 2694 2762 2763
f 2694 2719 2651
f 2631 2681 2571
f 2571 2630 2631
f 1905 1873 2026
f 1873 1874 2026
f 1835 1874 1834
f 1904 1897 1952
f 1952 1931 1904
f 1952 1930 1931
f 1952 1897 1951
f 1951 2016 1952
f 1952 2016 1872
f 1872 1930 1952
f 1906 1873 2019
f 1906 1953 1873
f 1972 1953 1906
f 1971 1972 1906
f 1873 1953 1870
f 1972 1990 1870
f 1870 1953 1972
f 1908 1897 1870
f 1870 1897 1873
f 1049 990 1276
f 1276 990 1078
f 1078 1184 1276
f 1268 1315 1314
f 1049 1276 1268
f 1268 1276 1315
f 1268 1269 1049
f 1268 1267 1269
f 1268 1314 1174
f 1174 1267 1268
f 1185 1076 1330
f 1185 1184 1076
f 1315 1276 1185
f 1185 1276 1184
f 148 147 139
f 140 147 148
f 148 139 153
f 148 150 140
f 151 150 148
f 148 153 151
f 1145 1131 1144
f 1144 1258 1145
f 1266 1062 1031
f 1269 1266 1031
f 1030 1048 1031
f 1047 1269 1031
f 1031 1048 1047
f 1252 1021 1026
f 1252 1254 1139
f 1026 1253 1252
f 1253 1254 1252
f 1668 1681 1717
f 1717 1681 1236
f 1790 1786 1793
f 1775 1786 1790
f 1792 1781 1790
f 1790 1781 1789
f 1789 1775 1790
f 1228 1086 1227
f 1227 1339 1228
f 1327 1200 1228
f 951 1178 1222
f 1222 1226 1118
f 1118 1186 1222
f 1222 1186 951
f 101 110 86
f 86 100 101
f 101 100 110
f 1284 1081 1283
f 1087 1086 1283
f 1082 1087 1283
f 1283 1081 1082
f 1194 1081 1284
f 1194 1208 960
f 1195 1081 1194
f 960 1193 1194
f 1194 1193 1195
f 830 892 813
f 869 892 830
f 813 818 830
f 830 818 869
f 1299 1338 1325
f 1318 1324 1325
f 1324 1299 1325
f 1325 1320 1318
f 1319 1320 1325
f 1325 1338 1319
f 2132 2135 2159
f 2137 2132 2159
f 163 2137 2159
f 2124 2106 163
f 163 1522 2124
f 1522 2196 2125
f 2125 2124 1522
f 2125 2127 2106
f 2106 2124 2125
f 2135 2127 2158
f 2158 2159 2135
f 2158 2125 2196
f 2127 2125 2158
f 2158 2196 163
f 163 2159 2158
f 164 1527 2200
f 2200 2199 164
f 1527 2145 2200
f 2197 2199 2200
f 2200 2145 2197
f 2248 2246 2245
f 2245 2237 2248
f 2248 2210 2147
f 2248 2237 2210
f 2227 2250 2263
f 2263 2241 2227
f 2227 2241 2211
f 2211 2226 2227
f 2226 2250 2227
f 2232 2239 2240
f 2232 2241 2239
f 2240 2231 2232
f 2232 2231 2212
f 2212 2108 2232
f 2232 2108 2211
f 2211 2241 2232
f 2699 2512 2273
f 2273 2700 2699
f 2280 2281 2505
f 733 782 2280
f 2280 714 2434
f 2436 2377 2280
f 2434 2436 2280
f 2280 782 781
f 2280 734 733
f 742 741 2280
f 700 714 2280
f 2280 781 700
f 751 734 2280
f 750 751 2280
f 741 750 2280
f 2693 2720 2762
f 2762 2694 2693
f 2650 2720 2693
f 2651 2650 2693
f 2693 2694 2651
f 2505 2701 2595
f 2595 2280 2505
f 1834 1879 1878
f 1878 1835 1834
f 1332 1330 1301
f 1301 1232 1332
f 1232 1275 1332
f 1275 1273 1332
f 1273 1315 1277
f 1315 1185 1277
f 1277 1332 1273
f 1330 1332 1277
f 1257 1145 1258
f 1257 1258 1133
f 1025 1131 1257
f 1131 1145 1257
f 1257 1133 1302
f 1302 1025 1257
f 1030 1031 1061
f 1061 1031 1062
f 1061 1172 1029
f 1029 1030 1061
f 1061 1173 1172
f 1061 1062 1173
f 1019 1989 969
f 969 1989 1958
f 969 1666 1668
f 1958 1666 969
f 1235 1236 1127
f 1237 1021 1235
f 1127 1126 1235
f 1235 1126 1237
f 1236 1235 1020
f 1139 1123 1020
f 1020 1252 1139
f 1021 1252 1020
f 1020 1235 1021
f 1791 1793 1792
f 1792 1790 1791
f 1791 1790 1793
f 1340 1339 1223
f 1340 1228 1339
f 1223 1272 1340
f 1340 1272 1327
f 1327 1228 1340
f 1225 1204 1284
f 1225 1228 1200
f 1200 1204 1225
f 1202 1011 1201
f 1201 1200 1202
f 1201 1204 1200
f 1224 1222 1178
f 1226 1222 1224
f 1223 1339 1224
f 1339 1226 1224
f 1224 1073 1068
f 1183 1073 1224
f 1224 1178 1183
f 1068 1070 1224
f 1070 1223 1224
f 1199 1194 1284
f 1208 1194 1199
f 1284 1204 1199
f 1204 1201 1199
f 1207 1208 1199
f 2246 2248 2247
f 2225 2246 2247
f 2238 2225 2247
f 2247 2147 2238
f 2247 2248 2147
f 2505 2281 2511
f 2511 2701 2505
f 2281 2280 2378
f 2378 2280 2377
f 2596 764 742
f 2596 786 764
f 2596 2595 2705
f 2280 2595 2596
f 804 786 2596
f 2596 2705 2630
f 2596 2630 2571
f 2596 765 804
f 2596 789 765
f 766 789 2596
f 787 766 2596
f 2596 743 787
f 2596 2571 743
f 1331 1185 1330
f 1330 1277 1331
f 1331 1277 1185
f 1018 1717 1236
f 1236 1020 1018
f 1668 1717 1018
f 1018 969 1668
f 1019 969 1018
f 1282 1283 1086
f 1086 1228 1282
f 1228 1225 1282
f 1203 1201 1011
f 1207 1199 1104
f 1104 1199 1201
f 1201 1203 1104
f 1104 1203 1011
f 1011 1297 1104
f 1104 1297 1207
f 742 2280 2597
f 2597 2596 742
f 2280 2596 2597
f 1124 1020 1123
f 1124 1018 1020
f 1124 1123 1019
f 1019 1018 1124
f 1281 1225 1284
f 1281 1282 1225
f 1284 1283 1281
f 1283 1282 1281
f 1911 1806 1962
f 1962 1806 1847
f 1849 1962 1847
f 1963 1962 1849
f 1963 1849 1914
f 1914 1849 1850
f 828 2399 712
f 2347 2399 828
f 2548 2547 2555
f 2555 2552 2548
f 2292 2508 2283
f 2275 2508 2292
f 2292 2276 2275
f 2291 2276 2292
f 2509 2276 2291
f 2282 2276 2509
f 2306 2385 2514
f 2514 2385 2305
f 1260 1219 1066
f 1215 1219 1260
f 1885 1884 2015
f 2015 1884 1818
f 921 906 919
f 919 906 914
f 2397 2278 2296
f 2398 2397 2296
f 1210 1209 977
f 1210 977 1054
f 1815 1807 1846
f 1846 1881 1815
f 744 690 824
f 824 690 647
f 2282 2509 2510
f 2510 2509 2308
f 2510 2514 2305
f 2308 2514 2510
f 1818 1884 2011
f 2011 2010 1818
f 2011 1914 1850
f 1850 2010 2011
f 1980 1910 1979
f 1979 1991 1980
f 2278 2314 2728
f 2728 2314 2742
f 2418 2422 2352
f 2352 2293 2418
f 2388 2387 2404
f 2404 2387 2312
f 1812 1814 77
f 77 1814 8
f 2006 1941 1918
f 2007 2006 1918
f 1802 1965 1862
f 1802 1862 1800
f 1839 1837 1822
f 1839 1822 1821
f 1821 1813 1839
f 1813 1841 1839
f 2110 2082 2083
f 2083 2111 2110
f 2064 2082 2110
f 2110 2058 2064
f 603 566 592
f 592 590 603
f 531 575 576
f 576 532 531
f 2098 2100 2116
f 2116 2096 2098
f 2251 2060 2074
f 2251 2059 2060
f 2098 2096 2251
f 2096 2059 2251
f 2463 2488 2410
f 2410 2488 2412
f 2450 2488 2463
f 2417 2488 2450
f 2289 2288 2437
f 2437 2334 2289
f 2702 1806 2711
f 2711 1806 1911
f 1347 1351 2711
f 2711 1348 1347
f 1911 1348 2711
f 2711 2547 2702
f 2711 2555 2547
f 2711 2566 2555
f 2312 2387 2394
f 2394 2387 2445
f 2520 2385 2306
f 2306 2393 2520
f 2388 2404 2390
f 2390 2404 2309
f 612 1762 1771
f 612 606 1762
f 1345 1074 1344
f 1346 1345 1344
f 1885 2015 1886
f 1886 2015 2014
f 2013 1886 2014
f 1883 1886 2013
f 173 165 2030
f 2030 2048 173
f 1862 1965 1817
f 1965 1943 1817
f 1817 1943 2009
f 2009 2008 1817
f 1979 1910 1951
f 1951 1908 1979
f 46 1660 1646
f 1646 82 46
f 1657 79 29
f 1603 79 1657
f 498 604 500
f 500 497 498
f 2007 1918 1917
f 2000 2007 1917
f 1917 1970 2000
f 1917 1940 1970
f 1739 1756 1755
f 1755 1733 1739
f 2348 2410 2412
f 2348 2412 2313
f 2464 2534 2489
f 2466 2534 2464
f 2417 2450 2464
f 2464 2489 2417
f 2435 2288 2289
f 2289 2295 2435
f 2662 2661 2709
f 2709 2626 2662
f 2398 2296 2479
f 2479 2296 2332
f 2302 2507 2283
f 2074 2060 2302
f 1762 1761 2302
f 1771 1762 2302
f 2283 2508 2302
f 2060 2507 2302
f 2302 2093 2074
f 2302 1757 1771
f 2302 1761 1767
f 1767 2093 2302
f 1759 1757 2302
f 1950 1894 1895
f 1895 1987 1950
f 2029 1941 2006
f 2006 2001 2029
f 2020 1987 1895
f 2020 1895 1921
f 1872 1981 1871
f 1936 1981 1872
f 1996 1945 1969
f 1998 1945 1996
f 2003 1947 2017
f 1811 2003 2017
f 2017 1946 1880
f 1947 1946 2017
f 1880 1946 1968
f 1968 1946 2028
f 1968 1996 1969
f 2028 1996 1968
f 184 175 1799
f 1799 1777 184
f 1753 1754 1755
f 1753 901 898
f 1753 175 184
f 898 905 1753
f 1753 906 921
f 1755 1756 1753
f 1753 165 173
f 173 901 1753
f 905 906 1753
f 171 166 1753
f 1753 185 175
f 1753 166 165
f 1756 167 1753
f 921 182 1753
f 184 1797 1753
f 1753 167 171
f 181 185 1753
f 1753 182 181
f 2548 2552 2560
f 2560 2543 2548
f 1603 1657 81
f 81 1657 27
f 81 46 82
f 27 46 81
f 1970 1940 1855
f 1889 1970 1855
f 2208 2209 2190
f 2189 2208 2190
f 2101 2252 2097
f 2086 2101 2097
f 2253 2252 2101
f 2253 2101 2102
f 2253 2116 2100
f 2102 2116 2253
f 2091 2151 2152
f 2091 2152 2069
f 2325 2286 2436
f 2326 2286 2325
f 2658 2592 2623
f 2623 2674 2658
f 2712 2679 2663
f 2659 2679 2712
f 2712 2709 2661
f 2661 2659 2712
f 2334 2437 2495
f 2495 2331 2334
f 2495 2479 2332
f 2332 2331 2495
f 2607 2707 2706
f 2706 2707 2578
f 2585 2638 2586
f 2586 2638 2605
f 2578 2707 2586
f 2586 2605 2578
f 2574 2573 2565
f 2574 2565 2594
f 2594 2629 2574
f 2629 2667 2574
f 2628 2667 2629
f 2629 2710 2628
f 2446 2394 2445
f 2446 2392 2394
f 2446 2520 2393
f 2393 2392 2446
f 2476 2494 2486
f 2486 2477 2476
f 2343 2494 2476
f 2476 2513 2343
f 2316 2390 2309
f 2309 2345 2316
f 2343 2513 2316
f 2316 2345 2343
f 2487 2477 2486
f 2487 2362 2477
f 2470 2362 2487
f 2487 2528 2470
f 744 824 689
f 824 623 689
f 689 828 712
f 689 623 828
f 614 561 605
f 614 605 607
f 606 612 614
f 607 606 614
f 2012 1851 1923
f 2012 1923 2024
f 1883 2013 2012
f 2013 1851 2012
f 2027 2003 1811
f 2027 2002 2003
f 2027 2029 2001
f 2001 2002 2027
f 1902 2005 2021
f 2021 1903 1902
f 2021 2020 1921
f 1921 1903 2021
f 1871 1981 1924
f 1924 1981 1994
f 1924 2005 1902
f 1994 2005 1924
f 2016 1951 1910
f 1910 1937 2016
f 1936 1872 2016
f 2016 1937 1936
f 1997 1945 1998
f 1907 1945 1997
f 1907 1997 2023
f 2023 1997 2022
f 2023 2022 1967
f 1967 1836 2023
f 2451 2458 2500
f 2500 2501 2451
f 2355 2350 2515
f 2515 2356 2355
f 2527 2293 2352
f 2352 2526 2527
f 2527 2526 2469
f 2469 2535 2527
f 2424 2350 2355
f 2355 2354 2424
f 2543 2560 2704
f 2704 2703 2543
f 2549 2542 2704
f 2542 2703 2704
f 647 690 826
f 826 690 694
f 694 691 826
f 826 691 666
f 1892 2008 2009
f 1892 1853 2008
f 2255 2128 2133
f 2133 2256 2255
f 2175 2129 2160
f 2174 2175 2160
f 2262 2208 2189
f 2262 2225 2208
f 2188 2190 2209
f 2188 2209 2191
f 2152 2151 2229
f 2153 2152 2229
f 2103 2091 2069
f 2069 2071 2103
f 565 563 464
f 584 563 565
f 2663 2679 2664
f 2679 2593 2664
f 2592 2658 2664
f 2664 2593 2592
f 2708 2691 2692
f 2708 2692 2632
f 2601 2689 2643
f 2601 2643 2579
f 2601 2602 2690
f 2690 2689 2601
f 2632 2692 2634
f 2692 2671 2634
f 2655 2615 2614
f 2614 2649 2655
f 2621 2615 2655
f 2655 2654 2621
f 2565 2573 2572
f 2564 2565 2572
f 2662 2626 2627
f 2627 2680 2662
f 2627 2628 2710
f 2710 2680 2627
f 2470 2528 2483
f 2483 2528 2529
f 2018 2019 1905
f 1973 2018 1905
f 1879 1836 1967
f 1967 1966 1879
f 2530 2525 2531
f 2474 2525 2530
f 2432 2324 2456
f 2456 2524 2432
f 2521 2522 2322
f 2521 2322 2366
f 2522 2521 2523
f 2523 2521 2375
f 2453 2483 2529
f 2481 2483 2453
f 2481 2453 2533
f 2482 2481 2533
f 2356 2515 2516
f 2516 2490 2356
f 2423 2424 2354
f 2423 2354 2319
f 14 68 78
f 14 78 80
f 1646 1660 14
f 14 80 1646
f 2259 2205 2220
f 2259 2220 2216
f 2256 2133 2259
f 2216 2256 2259
f 2161 2128 2255
f 2255 2130 2161
f 2174 2160 2161
f 2161 2130 2174
f 2176 2129 2175
f 2176 2175 2202
f 2202 2201 2176
f 2201 2172 2176
f 2173 2111 2083
f 2173 2257 2111
f 2173 2172 2201
f 2201 2257 2173
f 2220 2205 2219
f 2205 2260 2219
f 2219 2260 2178
f 2178 2235 2219
f 2236 2170 2243
f 2179 2170 2236
f 2236 2235 2178
f 2236 2178 2179
f 2225 2262 2246
f 2246 2262 2156
f 2156 2183 2246
f 2183 2245 2246
f 2234 2164 2244
f 2244 2164 2169
f 2169 2168 2244
f 2168 2258 2244
f 2187 2258 2168
f 2187 2149 2258
f 2187 2188 2191
f 2191 2149 2187
f 2224 2154 2230
f 2222 2224 2230
f 2230 2154 2139
f 2139 2263 2230
f 2239 2142 2141
f 2141 2240 2239
f 2239 2263 2139
f 2139 2142 2239
f 2231 2240 2141
f 2231 2141 2185
f 2153 2229 2231
f 2185 2153 2231
f 2254 2103 2071
f 2071 2087 2254
f 2611 2649 2614
f 2614 2617 2611
f 2691 2708 2611
f 2611 2617 2691
f 2690 2602 2636
f 2636 2698 2690
f 2636 2634 2671
f 2671 2698 2636
f 2682 2681 2684
f 2684 2683 2682
f 2564 2572 2682
f 2682 2683 2564
f 1259 1344 1074
f 1064 1344 1259
f 147 432 268
f 147 1210 1054
f 147 795 1160
f 1054 161 147
f 147 236 218
f 147 718 719
f 604 498 147
f 1160 1053 147
f 147 211 219
f 147 67 604
f 719 775 147
f 147 693 718
f 219 217 147
f 218 825 147
f 78 68 147
f 268 267 147
f 147 776 795
f 212 211 147
f 147 149 78
f 147 498 307
f 775 776 147
f 825 693 147
f 147 217 236
f 147 1158 1210
f 147 267 212
f 147 68 67
f 307 432 147
f 147 1159 1158
f 161 139 147
f 1053 1159 147
f 2366 2322 2519
f 2322 2518 2519
f 2531 2525 2519
f 2519 2518 2531
f 2474 2530 2517
f 2517 2530 2376
f 2456 2324 2517
f 2517 2376 2456
f 2433 2432 2524
f 2433 2524 2502
f 2500 2458 2433
f 2502 2500 2433
f 2452 2451 2501
f 2501 2540 2452
f 2482 2533 2452
f 2452 2540 2482
f 2493 2535 2469
f 2469 2492 2493
f 2490 2516 2493
f 2492 2490 2493
f 2372 2423 2319
f 2319 2373 2372
f 2103 2254 2122
f 2122 2123 2103
f 2113 2254 2087
f 2113 2087 2088
f 2653 2674 2623
f 2623 2622 2653
f 2621 2654 2653
f 2653 2622 2621
f 2684 2681 2631
f 2631 2685 2684
f 2668 2685 2631
f 2631 2630 2668
f 2668 2630 2705
f 2705 2570 2668
f 1973 1905 2026
f 1976 1973 2026
f 2026 1977 1976
f 2026 1874 1977
f 1977 1874 1835
f 1835 1875 1977
f 1906 2019 2018
f 1906 2018 1971
f 1979 1908 1870
f 1870 1990 1979
f 2436 2286 2377
f 2286 2279 2377
f 2570 2705 2595
f 2595 2700 2570
f 2595 2699 2700
f 2701 2699 2595
f 1878 1879 1966
f 1878 1966 1876
f 1875 1835 1878
f 1876 1875 1878
f 2511 2281 2290
f 2511 2290 2512
f 2511 2699 2701
f 2512 2699 2511
f 2290 2281 2378
f 2506 2290 2378
f 2378 2377 2279
f 2378 2279 2506

