ISO-10303-21;
HEADER;
FILE_DESCRIPTION(('Open CASCADE Model'),'2;1');
FILE_NAME('Open CASCADE Shape Model','2026-09-11T17:43:49',('Author'),(
    'Open CASCADE'),'Open CASCADE STEP processor 7.8','Open CASCADE 7.8'
  ,'Unknown');
FILE_SCHEMA(('AUTOMOTIVE_DESIGN { 1 0 10303 214 1 1 1 1 }'));
ENDSEC;
DATA;
#1 = APPLICATION_PROTOCOL_DEFINITION('international standard',
  'automotive_design',2000,#2);
#2 = APPLICATION_CONTEXT(
  'core data for automotive mechanical design processes');
#3 = SHAPE_DEFINITION_REPRESENTATION(#4,#10);
#4 = PRODUCT_DEFINITION_SHAPE('','',#5);
#5 = PRODUCT_DEFINITION('design','',#6,#9);
#6 = PRODUCT_DEFINITION_FORMATION('','',#7);
#7 = PRODUCT('Open CASCADE STEP translator 7.8 2',
  'Open CASCADE STEP translator 7.8 2','',(#8));
#8 = PRODUCT_CONTEXT('',#2,'mechanical');
#9 = PRODUCT_DEFINITION_CONTEXT('part definition',#2,'design');
#10 = ADVANCED_BREP_SHAPE_REPRESENTATION('',(#11,#15),#2491);
#11 = AXIS2_PLACEMENT_3D('',#12,#13,#14);
#12 = CARTESIAN_POINT('',(0.,0.,0.));
#13 = DIRECTION('',(0.,0.,1.));
#14 = DIRECTION('',(1.,0.,-0.));
#15 = MANIFOLD_SOLID_BREP('',#16);
#16 = CLOSED_SHELL('',(#17,#449,#535,#802,#947,#974,#1029,#1084,#1111,
    #1138,#1165,#1782,#1887,#1998,#2071,#2078,#2108,#2138,#2188,#2214,
    #2262,#2294,#2321,#2348,#2430,#2457,#2484));
#17 = ADVANCED_FACE('',(#18,#143,#296),#32,.F.);
#18 = FACE_BOUND('',#19,.T.);
#19 = EDGE_LOOP('',(#20,#55,#88,#116));
#20 = ORIENTED_EDGE('',*,*,#21,.T.);
#21 = EDGE_CURVE('',#22,#24,#26,.T.);
#22 = VERTEX_POINT('',#23);
#23 = CARTESIAN_POINT('',(28.256011445849,-0.5,12.25715371414));
#24 = VERTEX_POINT('',#25);
#25 = CARTESIAN_POINT('',(28.256011445849,-10.5,12.25715371414));
#26 = SURFACE_CURVE('',#27,(#31,#43),.PCURVE_S1.);
#27 = LINE('',#28,#29);
#28 = CARTESIAN_POINT('',(28.256011445849,-0.5,12.25715371414));
#29 = VECTOR('',#30,1.);
#30 = DIRECTION('',(0.,-1.,0.));
#31 = PCURVE('',#32,#37);
#32 = CYLINDRICAL_SURFACE('',#33,30.8);
#33 = AXIS2_PLACEMENT_3D('',#34,#35,#36);
#34 = CARTESIAN_POINT('',(-8.881784197001E-16,-0.5,1.7763568394E-15));
#35 = DIRECTION('',(-0.,1.,-0.));
#36 = DIRECTION('',(0.927183854567,0.,0.374606593416));
#37 = DEFINITIONAL_REPRESENTATION('',(#38),#42);
#38 = LINE('',#39,#40);
#39 = CARTESIAN_POINT('',(-2.531916079262E-02,0.));
#40 = VECTOR('',#41,1.);
#41 = DIRECTION('',(-0.,-1.));
#42 = ( GEOMETRIC_REPRESENTATION_CONTEXT(2) 
PARAMETRIC_REPRESENTATION_CONTEXT() REPRESENTATION_CONTEXT('2D SPACE',''
  ) );
#43 = PCURVE('',#44,#49);
#44 = CYLINDRICAL_SURFACE('',#45,0.8);
#45 = AXIS2_PLACEMENT_3D('',#46,#47,#48);
#46 = CARTESIAN_POINT('',(28.989933821066,-0.5,12.575521343078));
#47 = DIRECTION('',(0.,-1.,0.));
#48 = DIRECTION('',(-0.917402969021,-0.,-0.397959536173));
#49 = DEFINITIONAL_REPRESENTATION('',(#50),#54);
#50 = LINE('',#51,#52);
#51 = CARTESIAN_POINT('',(0.,0.));
#52 = VECTOR('',#53,1.);
#53 = DIRECTION('',(0.,1.));
#54 = ( GEOMETRIC_REPRESENTATION_CONTEXT(2) 
PARAMETRIC_REPRESENTATION_CONTEXT() REPRESENTATION_CONTEXT('2D SPACE',''
  ) );
#55 = ORIENTED_EDGE('',*,*,#56,.T.);
#56 = EDGE_CURVE('',#24,#57,#59,.T.);
#57 = VERTEX_POINT('',#58);
#58 = CARTESIAN_POINT('',(-28.25601144584,-10.5,12.25715371414));
#59 = SURFACE_CURVE('',#60,(#65,#72),.PCURVE_S1.);
#60 = CIRCLE('',#61,30.8);
#61 = AXIS2_PLACEMENT_3D('',#62,#63,#64);
#62 = CARTESIAN_POINT('',(-8.881784197001E-16,-10.5,1.7763568394E-15));
#63 = DIRECTION('',(0.,-1.,0.));
#64 = DIRECTION('',(0.917402969021,0.,0.397959536173));
#65 = PCURVE('',#32,#66);
#66 = DEFINITIONAL_REPRESENTATION('',(#67),#71);
#67 = LINE('',#68,#69);
#68 = CARTESIAN_POINT('',(-2.531916079262E-02,-10.));
#69 = VECTOR('',#70,1.);
#70 = DIRECTION('',(-1.,0.));
#71 = ( GEOMETRIC_REPRESENTATION_CONTEXT(2) 
PARAMETRIC_REPRESENTATION_CONTEXT() REPRESENTATION_CONTEXT('2D SPACE',''
  ) );
#72 = PCURVE('',#73,#78);
#73 = PLANE('',#74);
#74 = AXIS2_PLACEMENT_3D('',#75,#76,#77);
#75 = CARTESIAN_POINT('',(5.025987482445E-15,-10.5,24.031841905939));
#76 = DIRECTION('',(0.,1.,0.));
#77 = DIRECTION('',(0.,-0.,1.));
#78 = DEFINITIONAL_REPRESENTATION('',(#79),#87);
#79 = ( BOUNDED_CURVE() B_SPLINE_CURVE(2,(#80,#81,#82,#83,#84,#85,#86),
.UNSPECIFIED.,.T.,.F.) B_SPLINE_CURVE_WITH_KNOTS((1,2,2,2,2,1),(
    -2.094395102393,0.,2.094395102393,4.188790204786,6.28318530718,
8.377580409573),.UNSPECIFIED.) CURVE() GEOMETRIC_REPRESENTATION_ITEM() 
RATIONAL_B_SPLINE_CURVE((1.,0.5,1.,0.5,1.,0.5,1.)) REPRESENTATION_ITEM(
  '') );
#80 = CARTESIAN_POINT('',(-11.7746881918,28.256011445849));
#81 = CARTESIAN_POINT('',(37.166159251659,7.025998456778));
#82 = CARTESIAN_POINT('',(-5.68999504128,-24.74301221746));
#83 = CARTESIAN_POINT('',(-48.54614933421,-56.51202289169));
#84 = CARTESIAN_POINT('',(-54.63084248473,-3.512999228389));
#85 = CARTESIAN_POINT('',(-60.71553563525,49.48602443492));
#86 = CARTESIAN_POINT('',(-11.7746881918,28.256011445849));
#87 = ( GEOMETRIC_REPRESENTATION_CONTEXT(2) 
PARAMETRIC_REPRESENTATION_CONTEXT() REPRESENTATION_CONTEXT('2D SPACE',''
  ) );
#88 = ORIENTED_EDGE('',*,*,#89,.F.);
#89 = EDGE_CURVE('',#90,#57,#92,.T.);
#90 = VERTEX_POINT('',#91);
#91 = CARTESIAN_POINT('',(-28.25601144584,-0.5,12.25715371414));
#92 = SURFACE_CURVE('',#93,(#97,#104),.PCURVE_S1.);
#93 = LINE('',#94,#95);
#94 = CARTESIAN_POINT('',(-28.25601144584,-0.5,12.25715371414));
#95 = VECTOR('',#96,1.);
#96 = DIRECTION('',(0.,-1.,0.));
#97 = PCURVE('',#32,#98);
#98 = DEFINITIONAL_REPRESENTATION('',(#99),#103);
#99 = LINE('',#100,#101);
#100 = CARTESIAN_POINT('',(-2.34832862192,0.));
#101 = VECTOR('',#102,1.);
#102 = DIRECTION('',(-0.,-1.));
#103 = ( GEOMETRIC_REPRESENTATION_CONTEXT(2) 
PARAMETRIC_REPRESENTATION_CONTEXT() REPRESENTATION_CONTEXT('2D SPACE',''
  ) );
#104 = PCURVE('',#105,#110);
#105 = CYLINDRICAL_SURFACE('',#106,0.8);
#106 = AXIS2_PLACEMENT_3D('',#107,#108,#109);
#107 = CARTESIAN_POINT('',(-28.98993382106,-0.5,12.575521343078));
#108 = DIRECTION('',(0.,-1.,0.));
#109 = DIRECTION('',(0.917402969021,0.,-0.397959536173));
#110 = DEFINITIONAL_REPRESENTATION('',(#111),#115);
#111 = LINE('',#112,#113);
#112 = CARTESIAN_POINT('',(-0.,0.));
#113 = VECTOR('',#114,1.);
#114 = DIRECTION('',(-0.,1.));
#115 = ( GEOMETRIC_REPRESENTATION_CONTEXT(2) 
PARAMETRIC_REPRESENTATION_CONTEXT() REPRESENTATION_CONTEXT('2D SPACE',''
  ) );
#116 = ORIENTED_EDGE('',*,*,#117,.T.);
#117 = EDGE_CURVE('',#90,#22,#118,.T.);
#118 = SURFACE_CURVE('',#119,(#124,#131),.PCURVE_S1.);
#119 = CIRCLE('',#120,30.8);
#120 = AXIS2_PLACEMENT_3D('',#121,#122,#123);
#121 = CARTESIAN_POINT('',(-8.881784197001E-16,-0.5,1.7763568394E-15));
#122 = DIRECTION('',(0.,1.,-0.));
#123 = DIRECTION('',(-0.917402969021,0.,0.397959536173));
#124 = PCURVE('',#32,#125);
#125 = DEFINITIONAL_REPRESENTATION('',(#126),#130);
#126 = LINE('',#127,#128);
#127 = CARTESIAN_POINT('',(-2.34832862192,0.));
#128 = VECTOR('',#129,1.);
#129 = DIRECTION('',(1.,-0.));
#130 = ( GEOMETRIC_REPRESENTATION_CONTEXT(2) 
PARAMETRIC_REPRESENTATION_CONTEXT() REPRESENTATION_CONTEXT('2D SPACE',''
  ) );
#131 = PCURVE('',#132,#137);
#132 = PLANE('',#133);
#133 = AXIS2_PLACEMENT_3D('',#134,#135,#136);
#134 = CARTESIAN_POINT('',(5.025987482445E-15,-0.5,24.031841905939));
#135 = DIRECTION('',(0.,1.,0.));
#136 = DIRECTION('',(0.,-0.,1.));
#137 = DEFINITIONAL_REPRESENTATION('',(#138),#142);
#138 = CIRCLE('',#139,30.8);
#139 = AXIS2_PLACEMENT_2D('',#140,#141);
#140 = CARTESIAN_POINT('',(-24.03184190593,-5.914165902145E-15));
#141 = DIRECTION('',(0.397959536173,-0.917402969021));
#142 = ( GEOMETRIC_REPRESENTATION_CONTEXT(2) 
PARAMETRIC_REPRESENTATION_CONTEXT() REPRESENTATION_CONTEXT('2D SPACE',''
  ) );
#143 = FACE_BOUND('',#144,.T.);
#144 = EDGE_LOOP('',(#145));
#145 = ORIENTED_EDGE('',*,*,#146,.T.);
#146 = EDGE_CURVE('',#147,#147,#149,.T.);
#147 = VERTEX_POINT('',#148);
#148 = CARTESIAN_POINT('',(25.782921356847,-4.5,16.848767501115));
#149 = SURFACE_CURVE('',#150,(#195,#243),.PCURVE_S1.);
#150 = B_SPLINE_CURVE_WITH_KNOTS('',7,(#151,#152,#153,#154,#155,#156,
    #157,#158,#159,#160,#161,#162,#163,#164,#165,#166,#167,#168,#169,
    #170,#171,#172,#173,#174,#175,#176,#177,#178,#179,#180,#181,#182,
    #183,#184,#185,#186,#187,#188,#189,#190,#191,#192,#193,#194),
  .UNSPECIFIED.,.T.,.F.,(8,6,6,6,6,6,6,8),(0.,0.15273491563,
    0.285723645449,0.421923746179,0.588701440598,0.714477818133,
    0.837886405733,1.),.UNSPECIFIED.);
#151 = CARTESIAN_POINT('',(25.782921356847,-4.5,16.848767501115));
#152 = CARTESIAN_POINT('',(25.782921356847,-4.703169991256,
    16.848767501115));
#153 = CARTESIAN_POINT('',(25.798440798787,-4.906244513581,
    16.82501864133));
#154 = CARTESIAN_POINT('',(25.829458737665,-5.106759473971,
    16.777554025062));
#155 = CARTESIAN_POINT('',(25.87628773007,-5.301911616159,
    16.705590782628));
#156 = CARTESIAN_POINT('',(25.939389924017,-5.488019134682,
    16.607830373909));
#157 = CARTESIAN_POINT('',(26.019112332197,-5.659936798949,
    16.482678256494));
#158 = CARTESIAN_POINT('',(26.198974595615,-5.940423932782,
    16.195019754828));
#159 = CARTESIAN_POINT('',(26.298081857424,-6.058894456771,
    16.03473224456));
#160 = CARTESIAN_POINT('',(26.410013369418,-6.151744872672,
    15.850919258567));
#161 = CARTESIAN_POINT('',(26.530014457713,-6.209645360746,
    15.649814475171));
#162 = CARTESIAN_POINT('',(26.65225009714,-6.227577846358,
    15.440062546857));
#163 = CARTESIAN_POINT('',(26.771239156385,-6.205093589671,
    15.231305916859));
#164 = CARTESIAN_POINT('',(26.996358245078,-6.086676464668,
    14.828725685799));
#165 = CARTESIAN_POINT('',(27.098137866172,-5.991073628514,
    14.642486212983));
#166 = CARTESIAN_POINT('',(27.186553935254,-5.867883879324,
    14.477297641475));
#167 = CARTESIAN_POINT('',(27.261469272074,-5.723902837628,
    14.334998843743));
#168 = CARTESIAN_POINT('',(27.323168263071,-5.565120470531,
    14.216346883834));
#169 = CARTESIAN_POINT('',(27.372213867372,-5.396861981794,
    14.121209389665));
#170 = CARTESIAN_POINT('',(27.454935321363,-5.011939908664,
    13.959817066693));
#171 = CARTESIAN_POINT('',(27.483306968435,-4.790011817774,
    13.903635449456));
#172 = CARTESIAN_POINT('',(27.495807926827,-4.563025608776,
    13.878691207333));
#173 = CARTESIAN_POINT('',(27.492858733237,-4.334472178815,
    13.884563727652));
#174 = CARTESIAN_POINT('',(27.47428196739,-4.108090931813,
    13.921567674226));
#175 = CARTESIAN_POINT('',(27.439409882214,-3.888249769349,
    13.990417968497));
#176 = CARTESIAN_POINT('',(27.347868511505,-3.524734266999,
    14.168326898805));
#177 = CARTESIAN_POINT('',(27.298146005395,-3.373558064592,
    14.264349001915));
#178 = CARTESIAN_POINT('',(27.237449597135,-3.231617619321,
    14.380519602058));
#179 = CARTESIAN_POINT('',(27.16540996861,-3.103434833414,
    14.516733864219));
#180 = CARTESIAN_POINT('',(27.081920466793,-2.993935352233,
    14.672137057523));
#181 = CARTESIAN_POINT('',(26.987246767191,-2.908530716463,
    14.845019732182));
#182 = CARTESIAN_POINT('',(26.779637736561,-2.7993242308,15.216286744708
    ));
#183 = CARTESIAN_POINT('',(26.669765254082,-2.775806630105,
    15.409326326147));
#184 = CARTESIAN_POINT('',(26.556565435624,-2.786906712047,
    15.604204440281));
#185 = CARTESIAN_POINT('',(26.444561486208,-2.832744350059,
    15.792881120896));
#186 = CARTESIAN_POINT('',(26.33860836462,-2.909696910274,
    15.967958460882));
#187 = CARTESIAN_POINT('',(26.242861164799,-3.010571172953,
    16.123800018338));
#188 = CARTESIAN_POINT('',(26.050974832246,-3.274556552618,
    16.432568717724));
#189 = CARTESIAN_POINT('',(25.960402728661,-3.452395227813,
    16.575252502334));
#190 = CARTESIAN_POINT('',(25.888746317502,-3.647912964819,
    16.686439321993));
#191 = CARTESIAN_POINT('',(25.835628598112,-3.854575925055,
    16.768113341209));
#192 = CARTESIAN_POINT('',(25.800498691415,-4.067650677042,
    16.821869341561));
#193 = CARTESIAN_POINT('',(25.782921356847,-4.283784788788,
    16.848767501115));
#194 = CARTESIAN_POINT('',(25.782921356847,-4.5,16.848767501115));
#195 = PCURVE('',#32,#196);
#196 = DEFINITIONAL_REPRESENTATION('',(#197),#242);
#197 = B_SPLINE_CURVE_WITH_KNOTS('',7,(#198,#199,#200,#201,#202,#203,
    #204,#205,#206,#207,#208,#209,#210,#211,#212,#213,#214,#215,#216,
    #217,#218,#219,#220,#221,#222,#223,#224,#225,#226,#227,#228,#229,
    #230,#231,#232,#233,#234,#235,#236,#237,#238,#239,#240,#241),
  .UNSPECIFIED.,.T.,.F.,(8,6,6,6,6,6,6,8),(0.,0.15273491563,
    0.285723645449,0.421923746179,0.588701440598,0.714477818133,
    0.837886405733,1.),.UNSPECIFIED.);
#198 = CARTESIAN_POINT('',(-0.194849208698,-4.));
#199 = CARTESIAN_POINT('',(-0.194849208698,-4.203169991256));
#200 = CARTESIAN_POINT('',(-0.193928102161,-4.406244513581));
#201 = CARTESIAN_POINT('',(-0.192087161097,-4.606759473971));
#202 = CARTESIAN_POINT('',(-0.189299556322,-4.801911616159));
#203 = CARTESIAN_POINT('',(-0.185521784594,-4.988019134682));
#204 = CARTESIAN_POINT('',(-0.180704193358,-5.159936798949));
#205 = CARTESIAN_POINT('',(-0.169689234378,-5.440423932782));
#206 = CARTESIAN_POINT('',(-0.16357072771,-5.558894456771));
#207 = CARTESIAN_POINT('',(-0.156583599802,-5.651744872672));
#208 = CARTESIAN_POINT('',(-0.148980790046,-5.709645360746));
#209 = CARTESIAN_POINT('',(-0.141099238832,-5.727577846358));
#210 = CARTESIAN_POINT('',(-0.133297978784,-5.705093589671));
#211 = CARTESIAN_POINT('',(-0.118322403905,-5.586676464668));
#212 = CARTESIAN_POINT('',(-0.1114319423,-5.491073628514));
#213 = CARTESIAN_POINT('',(-0.105349066468,-5.367883879324));
#214 = CARTESIAN_POINT('',(-0.100127948345,-5.223902837628));
#215 = CARTESIAN_POINT('',(-9.5785951163E-02,-5.065120470531));
#216 = CARTESIAN_POINT('',(-9.231077909325E-02,-4.896861981794));
#217 = CARTESIAN_POINT('',(-8.642256844034E-02,-4.511939908664));
#218 = CARTESIAN_POINT('',(-8.437912894278E-02,-4.290011817774));
#219 = CARTESIAN_POINT('',(-8.347322306524E-02,-4.063025608776));
#220 = CARTESIAN_POINT('',(-8.368658488203E-02,-3.834472178815));
#221 = CARTESIAN_POINT('',(-8.503092308385E-02,-3.608090931813));
#222 = CARTESIAN_POINT('',(-8.753664775249E-02,-3.388249769349));
#223 = CARTESIAN_POINT('',(-9.403270326147E-02,-3.024734266999));
#224 = CARTESIAN_POINT('',(-9.754347742335E-02,-2.873558064592));
#225 = CARTESIAN_POINT('',(-0.101798986645,-2.731617619321));
#226 = CARTESIAN_POINT('',(-0.106801817898,-2.603434833414));
#227 = CARTESIAN_POINT('',(-0.112529169814,-2.493935352233));
#228 = CARTESIAN_POINT('',(-0.118928525848,-2.408530716463));
#229 = CARTESIAN_POINT('',(-0.132739280865,-2.2993242308));
#230 = CARTESIAN_POINT('',(-0.139950687568,-2.275806630105));
#231 = CARTESIAN_POINT('',(-0.147267431175,-2.286906712047));
#232 = CARTESIAN_POINT('',(-0.154390824167,-2.332744350059));
#233 = CARTESIAN_POINT('',(-0.161034790775,-2.409696910274));
#234 = CARTESIAN_POINT('',(-0.16697317447,-2.510571172953));
#235 = CARTESIAN_POINT('',(-0.178776293633,-2.774556552618));
#236 = CARTESIAN_POINT('',(-0.184263149048,-2.952395227813));
#237 = CARTESIAN_POINT('',(-0.188557764328,-3.147912964819));
#238 = CARTESIAN_POINT('',(-0.191720992384,-3.354575925055));
#239 = CARTESIAN_POINT('',(-0.19380595753,-3.567650677042));
#240 = CARTESIAN_POINT('',(-0.194849208698,-3.783784788788));
#241 = CARTESIAN_POINT('',(-0.194849208698,-4.));
#242 = ( GEOMETRIC_REPRESENTATION_CONTEXT(2) 
PARAMETRIC_REPRESENTATION_CONTEXT() REPRESENTATION_CONTEXT('2D SPACE',''
  ) );
#243 = PCURVE('',#244,#249);
#244 = CYLINDRICAL_SURFACE('',#245,1.7);
#245 = AXIS2_PLACEMENT_3D('',#246,#247,#248);
#246 = CARTESIAN_POINT('',(21.650635094611,-4.5,12.5));
#247 = DIRECTION('',(0.866025403784,0.,0.5));
#248 = DIRECTION('',(-0.5,0.,0.866025403784));
#249 = DEFINITIONAL_REPRESENTATION('',(#250),#295);
#250 = B_SPLINE_CURVE_WITH_KNOTS('',7,(#251,#252,#253,#254,#255,#256,
    #257,#258,#259,#260,#261,#262,#263,#264,#265,#266,#267,#268,#269,
    #270,#271,#272,#273,#274,#275,#276,#277,#278,#279,#280,#281,#282,
    #283,#284,#285,#286,#287,#288,#289,#290,#291,#292,#293,#294),
  .UNSPECIFIED.,.F.,.F.,(8,6,6,6,6,6,6,8),(0.,0.15273491563,
    0.285723645449,0.421923746179,0.588701440598,0.714477818133,
    0.837886405733,1.),.UNSPECIFIED.);
#251 = CARTESIAN_POINT('',(0.,5.753048629364));
#252 = CARTESIAN_POINT('',(0.119511759562,5.753048629364));
#253 = CARTESIAN_POINT('',(0.238966594633,5.754614430443));
#254 = CARTESIAN_POINT('',(0.359708177935,5.75774444535));
#255 = CARTESIAN_POINT('',(0.482849190863,5.76231792119));
#256 = CARTESIAN_POINT('',(0.609626855057,5.768085819823));
#257 = CARTESIAN_POINT('',(0.741280459267,5.77455139185));
#258 = CARTESIAN_POINT('',(1.000122979034,5.78648743032));
#259 = CARTESIAN_POINT('',(1.129921407877,5.792173081612));
#260 = CARTESIAN_POINT('',(1.265100611712,5.797202121486));
#261 = CARTESIAN_POINT('',(1.403528025884,5.800573720733));
#262 = CARTESIAN_POINT('',(1.543555619959,5.801556925568));
#263 = CARTESIAN_POINT('',(1.683746306521,5.800226158648));
#264 = CARTESIAN_POINT('',(1.963842667289,5.793894892802));
#265 = CARTESIAN_POINT('',(2.098718411296,5.78891889385));
#266 = CARTESIAN_POINT('',(2.228079200475,5.782895170023));
#267 = CARTESIAN_POINT('',(2.35264063894,5.776624355976));
#268 = CARTESIAN_POINT('',(2.472944235162,5.770731269614));
#269 = CARTESIAN_POINT('',(2.589276825247,5.765637261797));
#270 = CARTESIAN_POINT('',(2.839517739555,5.756579980905));
#271 = CARTESIAN_POINT('',(2.973378765789,5.753059739399));
#272 = CARTESIAN_POINT('',(3.105433721238,5.751413765876));
#273 = CARTESIAN_POINT('',(3.237175257407,5.751795949466));
#274 = CARTESIAN_POINT('',(3.369979657173,5.754209971609));
#275 = CARTESIAN_POINT('',(3.505140245475,5.7584350071));
#276 = CARTESIAN_POINT('',(3.74915601451,5.768112319722));
#277 = CARTESIAN_POINT('',(3.857693947396,5.773062417847));
#278 = CARTESIAN_POINT('',(3.969859111066,5.778583086446));
#279 = CARTESIAN_POINT('',(4.085810847807,5.784302069144));
#280 = CARTESIAN_POINT('',(4.205910631329,5.789699636274));
#281 = CARTESIAN_POINT('',(4.330679269815,5.794151144678));
#282 = CARTESIAN_POINT('',(4.588989368171,5.79998995636));
#283 = CARTESIAN_POINT('',(4.718979369712,5.801357386076));
#284 = CARTESIAN_POINT('',(4.849182992408,5.800762524654));
#285 = CARTESIAN_POINT('',(4.978230691834,5.798102599443));
#286 = CARTESIAN_POINT('',(5.10463108862,5.793883174531));
#287 = CARTESIAN_POINT('',(5.226520213091,5.788884445873));
#288 = CARTESIAN_POINT('',(5.490707714979,5.777090356936));
#289 = CARTESIAN_POINT('',(5.632554274671,5.769994506663));
#290 = CARTESIAN_POINT('',(5.768533412131,5.763531644084));
#291 = CARTESIAN_POINT('',(5.900160448004,5.758367359309));
#292 = CARTESIAN_POINT('',(6.028863040301,5.754821967853));
#293 = CARTESIAN_POINT('',(6.155999888819,5.753048629364));
#294 = CARTESIAN_POINT('',(6.28318530718,5.753048629364));
#295 = ( GEOMETRIC_REPRESENTATION_CONTEXT(2) 
PARAMETRIC_REPRESENTATION_CONTEXT() REPRESENTATION_CONTEXT('2D SPACE',''
  ) );
#296 = FACE_BOUND('',#297,.T.);
#297 = EDGE_LOOP('',(#298));
#298 = ORIENTED_EDGE('',*,*,#299,.T.);
#299 = EDGE_CURVE('',#300,#300,#302,.T.);
#300 = VERTEX_POINT('',#301);
#301 = CARTESIAN_POINT('',(-27.48292135684,-4.5,13.904281128248));
#302 = SURFACE_CURVE('',#303,(#348,#396),.PCURVE_S1.);
#303 = B_SPLINE_CURVE_WITH_KNOTS('',7,(#304,#305,#306,#307,#308,#309,
    #310,#311,#312,#313,#314,#315,#316,#317,#318,#319,#320,#321,#322,
    #323,#324,#325,#326,#327,#328,#329,#330,#331,#332,#333,#334,#335,
    #336,#337,#338,#339,#340,#341,#342,#343,#344,#345,#346,#347),
  .UNSPECIFIED.,.T.,.F.,(8,6,6,6,6,6,6,8),(0.,0.152734915139,
    0.285723644655,0.421923744965,0.588701441774,0.714477818949,
    0.837886406197,1.),.UNSPECIFIED.);
#304 = CARTESIAN_POINT('',(-27.48292135684,-4.5,13.904281128248));
#305 = CARTESIAN_POINT('',(-27.48292135684,-4.703169991256,
    13.904281128248));
#306 = CARTESIAN_POINT('',(-27.47011396193,-4.906244513582,
    13.929595789113));
#307 = CARTESIAN_POINT('',(-27.4445173679,-5.106759473971,
    13.980190420289));
#308 = CARTESIAN_POINT('',(-27.40560986801,-5.301911616159,
    14.056727138562));
#309 = CARTESIAN_POINT('',(-27.35249796755,-5.488019134682,
    14.160255445914));
#310 = CARTESIAN_POINT('',(-27.28397425862,-5.659936798949,
    14.291873135357));
#311 = CARTESIAN_POINT('',(-27.12478582021,-5.940423932904,
    14.591467675621));
#312 = CARTESIAN_POINT('',(-27.03552639544,-6.058894456589,
    14.757440836931));
#313 = CARTESIAN_POINT('',(-26.93230543605,-6.151744872707,
    14.946282862765));
#314 = CARTESIAN_POINT('',(-26.81814412878,-6.209645360853,
    15.150759245713));
#315 = CARTESIAN_POINT('',(-26.69761145007,-6.227577846251,
    15.361494378857));
#316 = CARTESIAN_POINT('',(-26.57631743509,-6.205093589718,
    15.568920241632));
#317 = CARTESIAN_POINT('',(-26.34023227219,-6.086676464668,
    15.965169207003));
#318 = CARTESIAN_POINT('',(-26.22983396809,-5.991073628514,
    16.146432680867));
#319 = CARTESIAN_POINT('',(-26.13098450329,-5.867883879324,
    16.305597528548));
#320 = CARTESIAN_POINT('',(-26.04520779793,-5.723902837627,
    16.441625512234));
#321 = CARTESIAN_POINT('',(-25.97330168194,-5.565120470531,
    16.554384385779));
#322 = CARTESIAN_POINT('',(-25.91543299729,-5.396861981794,
    16.644427872132));
#323 = CARTESIAN_POINT('',(-25.81702387167,-5.011939904974,
    16.796762915672));
#324 = CARTESIAN_POINT('',(-25.78255499029,-4.790011832259,
    16.849424287027));
#325 = CARTESIAN_POINT('',(-25.76720311946,-4.563025582696,
    16.872722559744));
#326 = CARTESIAN_POINT('',(-25.77081427356,-4.334472204735,
    16.867232224408));
#327 = CARTESIAN_POINT('',(-25.79357225244,-4.108090917604,
    16.832642293706));
#328 = CARTESIAN_POINT('',(-25.83576231032,-3.888249772911,
    16.768017040251));
#329 = CARTESIAN_POINT('',(-25.94406527923,-3.524734266999,
    16.599785420917));
#330 = CARTESIAN_POINT('',(-26.0023616068,-3.373558064592,
    16.508713415931));
#331 = CARTESIAN_POINT('',(-26.07262009357,-3.231617619322,
    16.398063484389));
#332 = CARTESIAN_POINT('',(-26.15456529069,-3.103434833413,
    16.267568204925));
#333 = CARTESIAN_POINT('',(-26.24740365301,-2.993935352233,
    16.117562578751));
#334 = CARTESIAN_POINT('',(-26.34978759134,-2.908530716463,
    15.949131412496));
#335 = CARTESIAN_POINT('',(-26.56750974046,-2.7993242308,15.583703211652
    ));
#336 = CARTESIAN_POINT('',(-26.67975068068,-2.775806630105,
    15.392031059928));
#337 = CARTESIAN_POINT('',(-26.79192016894,-2.786906712048,
    15.196558084374));
#338 = CARTESIAN_POINT('',(-26.89931699274,-2.832744350059,
    15.005221478547));
#339 = CARTESIAN_POINT('',(-26.997961856,-2.909696910273,14.82592471365)
  );
#340 = CARTESIAN_POINT('',(-27.08505100382,-3.010571172953,
    14.665084427535));
#341 = CARTESIAN_POINT('',(-27.2565093751,-3.274556552618,
    14.344521639212));
#342 = CARTESIAN_POINT('',(-27.33479110549,-3.452395227813,
    14.194742004328));
#343 = CARTESIAN_POINT('',(-27.3952535103,-3.647912964819,
    14.077092322092));
#344 = CARTESIAN_POINT('',(-27.43942642608,-3.854575925054,13.9902540181
    ));
#345 = CARTESIAN_POINT('',(-27.46841553464,-4.067650677043,
    13.932952626292));
#346 = CARTESIAN_POINT('',(-27.48292135684,-4.283784788787,
    13.904281128248));
#347 = CARTESIAN_POINT('',(-27.48292135684,-4.5,13.904281128248));
#348 = PCURVE('',#32,#349);
#349 = DEFINITIONAL_REPRESENTATION('',(#350),#395);
#350 = B_SPLINE_CURVE_WITH_KNOTS('',7,(#351,#352,#353,#354,#355,#356,
    #357,#358,#359,#360,#361,#362,#363,#364,#365,#366,#367,#368,#369,
    #370,#371,#372,#373,#374,#375,#376,#377,#378,#379,#380,#381,#382,
    #383,#384,#385,#386,#387,#388,#389,#390,#391,#392,#393,#394),
  .UNSPECIFIED.,.F.,.F.,(8,6,6,6,6,6,6,8),(0.,0.152734915139,
    0.285723644655,0.421923744965,0.588701441774,0.714477818949,
    0.837886406197,1.),.UNSPECIFIED.);
#351 = CARTESIAN_POINT('',(-2.289244311091,-4.));
#352 = CARTESIAN_POINT('',(-2.289244311091,-4.203169991256));
#353 = CARTESIAN_POINT('',(-2.288323204554,-4.406244513582));
#354 = CARTESIAN_POINT('',(-2.28648226349,-4.606759473971));
#355 = CARTESIAN_POINT('',(-2.283694658715,-4.801911616159));
#356 = CARTESIAN_POINT('',(-2.279916886987,-4.988019134682));
#357 = CARTESIAN_POINT('',(-2.275099295751,-5.159936798949));
#358 = CARTESIAN_POINT('',(-2.264084336767,-5.440423932904));
#359 = CARTESIAN_POINT('',(-2.257965830108,-5.558894456589));
#360 = CARTESIAN_POINT('',(-2.250978702201,-5.651744872707));
#361 = CARTESIAN_POINT('',(-2.243375892433,-5.709645360853));
#362 = CARTESIAN_POINT('',(-2.235494341219,-5.727577846251));
#363 = CARTESIAN_POINT('',(-2.227693081183,-5.705093589718));
#364 = CARTESIAN_POINT('',(-2.212717506298,-5.586676464668));
#365 = CARTESIAN_POINT('',(-2.205827044693,-5.491073628514));
#366 = CARTESIAN_POINT('',(-2.199744168861,-5.367883879324));
#367 = CARTESIAN_POINT('',(-2.194523050739,-5.223902837627));
#368 = CARTESIAN_POINT('',(-2.190181053556,-5.065120470531));
#369 = CARTESIAN_POINT('',(-2.186705881486,-4.896861981794));
#370 = CARTESIAN_POINT('',(-2.180817670777,-4.511939904974));
#371 = CARTESIAN_POINT('',(-2.178774231449,-4.290011832259));
#372 = CARTESIAN_POINT('',(-2.177868325412,-4.063025582696));
#373 = CARTESIAN_POINT('',(-2.178081687175,-3.834472204735));
#374 = CARTESIAN_POINT('',(-2.179426025619,-3.608090917604));
#375 = CARTESIAN_POINT('',(-2.181931750082,-3.388249772911));
#376 = CARTESIAN_POINT('',(-2.188427805655,-3.024734266999));
#377 = CARTESIAN_POINT('',(-2.191938579817,-2.873558064592));
#378 = CARTESIAN_POINT('',(-2.196194089038,-2.731617619322));
#379 = CARTESIAN_POINT('',(-2.201196920291,-2.603434833413));
#380 = CARTESIAN_POINT('',(-2.206924272207,-2.493935352233));
#381 = CARTESIAN_POINT('',(-2.213323628241,-2.408530716463));
#382 = CARTESIAN_POINT('',(-2.227134383259,-2.2993242308));
#383 = CARTESIAN_POINT('',(-2.234345789961,-2.275806630105));
#384 = CARTESIAN_POINT('',(-2.241662533568,-2.286906712048));
#385 = CARTESIAN_POINT('',(-2.24878592656,-2.332744350059));
#386 = CARTESIAN_POINT('',(-2.255429893168,-2.409696910273));
#387 = CARTESIAN_POINT('',(-2.261368276863,-2.510571172953));
#388 = CARTESIAN_POINT('',(-2.273171396026,-2.774556552618));
#389 = CARTESIAN_POINT('',(-2.278658251441,-2.952395227813));
#390 = CARTESIAN_POINT('',(-2.282952866721,-3.147912964819));
#391 = CARTESIAN_POINT('',(-2.286116094777,-3.354575925054));
#392 = CARTESIAN_POINT('',(-2.288201059923,-3.567650677043));
#393 = CARTESIAN_POINT('',(-2.289244311091,-3.783784788787));
#394 = CARTESIAN_POINT('',(-2.289244311091,-4.));
#395 = ( GEOMETRIC_REPRESENTATION_CONTEXT(2) 
PARAMETRIC_REPRESENTATION_CONTEXT() REPRESENTATION_CONTEXT('2D SPACE',''
  ) );
#396 = PCURVE('',#397,#402);
#397 = CYLINDRICAL_SURFACE('',#398,1.7);
#398 = AXIS2_PLACEMENT_3D('',#399,#400,#401);
#399 = CARTESIAN_POINT('',(-21.65063509461,-4.5,12.5));
#400 = DIRECTION('',(-0.866025403784,0.,0.5));
#401 = DIRECTION('',(-0.5,0.,-0.866025403784));
#402 = DEFINITIONAL_REPRESENTATION('',(#403),#448);
#403 = B_SPLINE_CURVE_WITH_KNOTS('',7,(#404,#405,#406,#407,#408,#409,
    #410,#411,#412,#413,#414,#415,#416,#417,#418,#419,#420,#421,#422,
    #423,#424,#425,#426,#427,#428,#429,#430,#431,#432,#433,#434,#435,
    #436,#437,#438,#439,#440,#441,#442,#443,#444,#445,#446,#447),
  .UNSPECIFIED.,.F.,.F.,(8,6,6,6,6,6,6,8),(0.,0.152734915139,
    0.285723644655,0.421923744965,0.588701441774,0.714477818949,
    0.837886406197,1.),.UNSPECIFIED.);
#404 = CARTESIAN_POINT('',(0.,5.753048629364));
#405 = CARTESIAN_POINT('',(0.119511759562,5.753048629364));
#406 = CARTESIAN_POINT('',(0.238966594633,5.754614430443));
#407 = CARTESIAN_POINT('',(0.359708177935,5.75774444535));
#408 = CARTESIAN_POINT('',(0.482849190863,5.76231792119));
#409 = CARTESIAN_POINT('',(0.609626855057,5.768085819823));
#410 = CARTESIAN_POINT('',(0.741280459267,5.77455139185));
#411 = CARTESIAN_POINT('',(1.000122979146,5.786487430325));
#412 = CARTESIAN_POINT('',(1.129921407748,5.792173081605));
#413 = CARTESIAN_POINT('',(1.265100611654,5.797202121486));
#414 = CARTESIAN_POINT('',(1.403528025956,5.80057372074));
#415 = CARTESIAN_POINT('',(1.543555620073,5.801556925562));
#416 = CARTESIAN_POINT('',(1.68374630641,5.80022615865));
#417 = CARTESIAN_POINT('',(1.963842667289,5.793894892802));
#418 = CARTESIAN_POINT('',(2.098718411296,5.78891889385));
#419 = CARTESIAN_POINT('',(2.228079200475,5.782895170023));
#420 = CARTESIAN_POINT('',(2.35264063894,5.776624355976));
#421 = CARTESIAN_POINT('',(2.472944235162,5.770731269614));
#422 = CARTESIAN_POINT('',(2.589276825247,5.765637261797));
#423 = CARTESIAN_POINT('',(2.839517741954,5.756579980818));
#424 = CARTESIAN_POINT('',(2.973378756464,5.753059739575));
#425 = CARTESIAN_POINT('',(3.105433737998,5.751413765798));
#426 = CARTESIAN_POINT('',(3.237175240659,5.751795949321));
#427 = CARTESIAN_POINT('',(3.369979666478,5.754209971821));
#428 = CARTESIAN_POINT('',(3.505140243084,5.758435007005));
#429 = CARTESIAN_POINT('',(3.74915601451,5.768112319722));
#430 = CARTESIAN_POINT('',(3.857693947397,5.773062417847));
#431 = CARTESIAN_POINT('',(3.969859111065,5.778583086446));
#432 = CARTESIAN_POINT('',(4.085810847807,5.784302069144));
#433 = CARTESIAN_POINT('',(4.205910631329,5.789699636274));
#434 = CARTESIAN_POINT('',(4.330679269815,5.794151144678));
#435 = CARTESIAN_POINT('',(4.588989368171,5.79998995636));
#436 = CARTESIAN_POINT('',(4.718979369712,5.801357386076));
#437 = CARTESIAN_POINT('',(4.849182992407,5.800762524654));
#438 = CARTESIAN_POINT('',(4.978230691835,5.798102599443));
#439 = CARTESIAN_POINT('',(5.104631088619,5.793883174532));
#440 = CARTESIAN_POINT('',(5.226520213091,5.788884445873));
#441 = CARTESIAN_POINT('',(5.490707714979,5.777090356936));
#442 = CARTESIAN_POINT('',(5.632554274671,5.769994506663));
#443 = CARTESIAN_POINT('',(5.768533412131,5.763531644084));
#444 = CARTESIAN_POINT('',(5.900160448003,5.758367359309));
#445 = CARTESIAN_POINT('',(6.028863040302,5.754821967853));
#446 = CARTESIAN_POINT('',(6.155999888819,5.753048629364));
#447 = CARTESIAN_POINT('',(6.28318530718,5.753048629364));
#448 = ( GEOMETRIC_REPRESENTATION_CONTEXT(2) 
PARAMETRIC_REPRESENTATION_CONTEXT() REPRESENTATION_CONTEXT('2D SPACE',''
  ) );
#449 = ADVANCED_FACE('',(#450),#44,.T.);
#450 = FACE_BOUND('',#451,.T.);
#451 = EDGE_LOOP('',(#452,#480,#508,#534));
#452 = ORIENTED_EDGE('',*,*,#453,.T.);
#453 = EDGE_CURVE('',#22,#454,#456,.T.);
#454 = VERTEX_POINT('',#455);
#455 = CARTESIAN_POINT('',(29.289619095799,-0.5,11.833774259425));
#456 = SURFACE_CURVE('',#457,(#462,#469),.PCURVE_S1.);
#457 = CIRCLE('',#458,0.8);
#458 = AXIS2_PLACEMENT_3D('',#459,#460,#461);
#459 = CARTESIAN_POINT('',(28.989933821066,-0.5,12.575521343078));
#460 = DIRECTION('',(0.,-1.,0.));
#461 = DIRECTION('',(0.,-0.,-1.));
#462 = PCURVE('',#44,#463);
#463 = DEFINITIONAL_REPRESENTATION('',(#464),#468);
#464 = LINE('',#465,#466);
#465 = CARTESIAN_POINT('',(-5.121680576616,0.));
#466 = VECTOR('',#467,1.);
#467 = DIRECTION('',(1.,0.));
#468 = ( GEOMETRIC_REPRESENTATION_CONTEXT(2) 
PARAMETRIC_REPRESENTATION_CONTEXT() REPRESENTATION_CONTEXT('2D SPACE',''
  ) );
#469 = PCURVE('',#132,#470);
#470 = DEFINITIONAL_REPRESENTATION('',(#471),#479);
#471 = ( BOUNDED_CURVE() B_SPLINE_CURVE(2,(#472,#473,#474,#475,#476,#477
,#478),.UNSPECIFIED.,.T.,.F.) B_SPLINE_CURVE_WITH_KNOTS((1,2,2,2,2,1),(
    -2.094395102393,0.,2.094395102393,4.188790204786,6.28318530718,
8.377580409573),.UNSPECIFIED.) CURVE() GEOMETRIC_REPRESENTATION_ITEM() 
RATIONAL_B_SPLINE_CURVE((1.,0.5,1.,0.5,1.,0.5,1.)) REPRESENTATION_ITEM(
  '') );
#472 = CARTESIAN_POINT('',(-12.25632056286,28.989933821066));
#473 = CARTESIAN_POINT('',(-12.25632056286,30.375574467121));
#474 = CARTESIAN_POINT('',(-11.05632056286,29.682754144093));
#475 = CARTESIAN_POINT('',(-9.856320562861,28.989933821066));
#476 = CARTESIAN_POINT('',(-11.05632056286,28.297113498038));
#477 = CARTESIAN_POINT('',(-12.25632056286,27.604293175011));
#478 = CARTESIAN_POINT('',(-12.25632056286,28.989933821066));
#479 = ( GEOMETRIC_REPRESENTATION_CONTEXT(2) 
PARAMETRIC_REPRESENTATION_CONTEXT() REPRESENTATION_CONTEXT('2D SPACE',''
  ) );
#480 = ORIENTED_EDGE('',*,*,#481,.T.);
#481 = EDGE_CURVE('',#454,#482,#484,.T.);
#482 = VERTEX_POINT('',#483);
#483 = CARTESIAN_POINT('',(29.289619095799,-10.5,11.833774259425));
#484 = SURFACE_CURVE('',#485,(#489,#496),.PCURVE_S1.);
#485 = LINE('',#486,#487);
#486 = CARTESIAN_POINT('',(29.289619095799,-0.5,11.833774259425));
#487 = VECTOR('',#488,1.);
#488 = DIRECTION('',(0.,-1.,0.));
#489 = PCURVE('',#44,#490);
#490 = DEFINITIONAL_REPRESENTATION('',(#491),#495);
#491 = LINE('',#492,#493);
#492 = CARTESIAN_POINT('',(1.545477166002,0.));
#493 = VECTOR('',#494,1.);
#494 = DIRECTION('',(0.,1.));
#495 = ( GEOMETRIC_REPRESENTATION_CONTEXT(2) 
PARAMETRIC_REPRESENTATION_CONTEXT() REPRESENTATION_CONTEXT('2D SPACE',''
  ) );
#496 = PCURVE('',#497,#502);
#497 = PLANE('',#498);
#498 = AXIS2_PLACEMENT_3D('',#499,#500,#501);
#499 = CARTESIAN_POINT('',(33.193181993491,-0.5,13.41091604429));
#500 = DIRECTION('',(0.374606593416,0.,-0.927183854567));
#501 = DIRECTION('',(-0.927183854567,0.,-0.374606593416));
#502 = DEFINITIONAL_REPRESENTATION('',(#503),#507);
#503 = LINE('',#504,#505);
#504 = CARTESIAN_POINT('',(4.210128205388,0.));
#505 = VECTOR('',#506,1.);
#506 = DIRECTION('',(-0.,-1.));
#507 = ( GEOMETRIC_REPRESENTATION_CONTEXT(2) 
PARAMETRIC_REPRESENTATION_CONTEXT() REPRESENTATION_CONTEXT('2D SPACE',''
  ) );
#508 = ORIENTED_EDGE('',*,*,#509,.F.);
#509 = EDGE_CURVE('',#24,#482,#510,.T.);
#510 = SURFACE_CURVE('',#511,(#516,#523),.PCURVE_S1.);
#511 = CIRCLE('',#512,0.8);
#512 = AXIS2_PLACEMENT_3D('',#513,#514,#515);
#513 = CARTESIAN_POINT('',(28.989933821066,-10.5,12.575521343078));
#514 = DIRECTION('',(0.,-1.,0.));
#515 = DIRECTION('',(0.,-0.,-1.));
#516 = PCURVE('',#44,#517);
#517 = DEFINITIONAL_REPRESENTATION('',(#518),#522);
#518 = LINE('',#519,#520);
#519 = CARTESIAN_POINT('',(-5.121680576616,10.));
#520 = VECTOR('',#521,1.);
#521 = DIRECTION('',(1.,0.));
#522 = ( GEOMETRIC_REPRESENTATION_CONTEXT(2) 
PARAMETRIC_REPRESENTATION_CONTEXT() REPRESENTATION_CONTEXT('2D SPACE',''
  ) );
#523 = PCURVE('',#73,#524);
#524 = DEFINITIONAL_REPRESENTATION('',(#525),#533);
#525 = ( BOUNDED_CURVE() B_SPLINE_CURVE(2,(#526,#527,#528,#529,#530,#531
,#532),.UNSPECIFIED.,.T.,.F.) B_SPLINE_CURVE_WITH_KNOTS((1,2,2,2,2,1),(
    -2.094395102393,0.,2.094395102393,4.188790204786,6.28318530718,
8.377580409573),.UNSPECIFIED.) CURVE() GEOMETRIC_REPRESENTATION_ITEM() 
RATIONAL_B_SPLINE_CURVE((1.,0.5,1.,0.5,1.,0.5,1.)) REPRESENTATION_ITEM(
  '') );
#526 = CARTESIAN_POINT('',(-12.25632056286,28.989933821066));
#527 = CARTESIAN_POINT('',(-12.25632056286,30.375574467121));
#528 = CARTESIAN_POINT('',(-11.05632056286,29.682754144093));
#529 = CARTESIAN_POINT('',(-9.856320562861,28.989933821066));
#530 = CARTESIAN_POINT('',(-11.05632056286,28.297113498038));
#531 = CARTESIAN_POINT('',(-12.25632056286,27.604293175011));
#532 = CARTESIAN_POINT('',(-12.25632056286,28.989933821066));
#533 = ( GEOMETRIC_REPRESENTATION_CONTEXT(2) 
PARAMETRIC_REPRESENTATION_CONTEXT() REPRESENTATION_CONTEXT('2D SPACE',''
  ) );
#534 = ORIENTED_EDGE('',*,*,#21,.F.);
#535 = ADVANCED_FACE('',(#536),#132,.T.);
#536 = FACE_BOUND('',#537,.T.);
#537 = EDGE_LOOP('',(#538,#539,#540,#564,#592,#621,#650,#676,#702,#728,
    #752,#781));
#538 = ORIENTED_EDGE('',*,*,#453,.F.);
#539 = ORIENTED_EDGE('',*,*,#117,.F.);
#540 = ORIENTED_EDGE('',*,*,#541,.T.);
#541 = EDGE_CURVE('',#90,#542,#544,.T.);
#542 = VERTEX_POINT('',#543);
#543 = CARTESIAN_POINT('',(-29.28961909579,-0.5,11.833774259425));
#544 = SURFACE_CURVE('',#545,(#550,#557),.PCURVE_S1.);
#545 = CIRCLE('',#546,0.8);
#546 = AXIS2_PLACEMENT_3D('',#547,#548,#549);
#547 = CARTESIAN_POINT('',(-28.98993382106,-0.5,12.575521343078));
#548 = DIRECTION('',(-0.,1.,0.));
#549 = DIRECTION('',(0.,0.,-1.));
#550 = PCURVE('',#132,#551);
#551 = DEFINITIONAL_REPRESENTATION('',(#552),#556);
#552 = CIRCLE('',#553,0.8);
#553 = AXIS2_PLACEMENT_2D('',#554,#555);
#554 = CARTESIAN_POINT('',(-11.45632056286,-28.98993382106));
#555 = DIRECTION('',(-1.,0.));
#556 = ( GEOMETRIC_REPRESENTATION_CONTEXT(2) 
PARAMETRIC_REPRESENTATION_CONTEXT() REPRESENTATION_CONTEXT('2D SPACE',''
  ) );
#557 = PCURVE('',#105,#558);
#558 = DEFINITIONAL_REPRESENTATION('',(#559),#563);
#559 = LINE('',#560,#561);
#560 = CARTESIAN_POINT('',(5.121680576616,-0.));
#561 = VECTOR('',#562,1.);
#562 = DIRECTION('',(-1.,0.));
#563 = ( GEOMETRIC_REPRESENTATION_CONTEXT(2) 
PARAMETRIC_REPRESENTATION_CONTEXT() REPRESENTATION_CONTEXT('2D SPACE',''
  ) );
#564 = ORIENTED_EDGE('',*,*,#565,.T.);
#565 = EDGE_CURVE('',#542,#566,#568,.T.);
#566 = VERTEX_POINT('',#567);
#567 = CARTESIAN_POINT('',(-32.4429566928,-0.5,13.107805347528));
#568 = SURFACE_CURVE('',#569,(#573,#580),.PCURVE_S1.);
#569 = LINE('',#570,#571);
#570 = CARTESIAN_POINT('',(-28.55726272065,-0.5,11.53788307721));
#571 = VECTOR('',#572,1.);
#572 = DIRECTION('',(-0.927183854567,0.,0.374606593416));
#573 = PCURVE('',#132,#574);
#574 = DEFINITIONAL_REPRESENTATION('',(#575),#579);
#575 = LINE('',#576,#577);
#576 = CARTESIAN_POINT('',(-12.49395882872,-28.55726272065));
#577 = VECTOR('',#578,1.);
#578 = DIRECTION('',(0.374606593416,-0.927183854567));
#579 = ( GEOMETRIC_REPRESENTATION_CONTEXT(2) 
PARAMETRIC_REPRESENTATION_CONTEXT() REPRESENTATION_CONTEXT('2D SPACE',''
  ) );
#580 = PCURVE('',#581,#586);
#581 = PLANE('',#582);
#582 = AXIS2_PLACEMENT_3D('',#583,#584,#585);
#583 = CARTESIAN_POINT('',(-28.55726272065,-0.5,11.53788307721));
#584 = DIRECTION('',(-0.374606593416,-0.,-0.927183854567));
#585 = DIRECTION('',(-0.927183854567,0.,0.374606593416));
#586 = DEFINITIONAL_REPRESENTATION('',(#587),#591);
#587 = LINE('',#588,#589);
#588 = CARTESIAN_POINT('',(0.,0.));
#589 = VECTOR('',#590,1.);
#590 = DIRECTION('',(1.,0.));
#591 = ( GEOMETRIC_REPRESENTATION_CONTEXT(2) 
PARAMETRIC_REPRESENTATION_CONTEXT() REPRESENTATION_CONTEXT('2D SPACE',''
  ) );
#592 = ORIENTED_EDGE('',*,*,#593,.T.);
#593 = EDGE_CURVE('',#566,#594,#596,.T.);
#594 = VERTEX_POINT('',#595);
#595 = CARTESIAN_POINT('',(-32.87797476477,-0.5,14.166113629608));
#596 = SURFACE_CURVE('',#597,(#602,#609),.PCURVE_S1.);
#597 = CIRCLE('',#598,0.8);
#598 = AXIS2_PLACEMENT_3D('',#599,#600,#601);
#599 = CARTESIAN_POINT('',(-32.14327141807,-0.5,13.849552431181));
#600 = DIRECTION('',(0.,1.,0.));
#601 = DIRECTION('',(0.,0.,-1.));
#602 = PCURVE('',#132,#603);
#603 = DEFINITIONAL_REPRESENTATION('',(#604),#608);
#604 = CIRCLE('',#605,0.8);
#605 = AXIS2_PLACEMENT_2D('',#606,#607);
#606 = CARTESIAN_POINT('',(-10.18228947475,-32.14327141807));
#607 = DIRECTION('',(-1.,0.));
#608 = ( GEOMETRIC_REPRESENTATION_CONTEXT(2) 
PARAMETRIC_REPRESENTATION_CONTEXT() REPRESENTATION_CONTEXT('2D SPACE',''
  ) );
#609 = PCURVE('',#610,#615);
#610 = CYLINDRICAL_SURFACE('',#611,0.8);
#611 = AXIS2_PLACEMENT_3D('',#612,#613,#614);
#612 = CARTESIAN_POINT('',(-32.14327141807,-0.5,13.849552431181));
#613 = DIRECTION('',(0.,-1.,-0.));
#614 = DIRECTION('',(-0.374606593416,0.,-0.927183854567));
#615 = DEFINITIONAL_REPRESENTATION('',(#616),#620);
#616 = LINE('',#617,#618);
#617 = CARTESIAN_POINT('',(0.383972435439,-0.));
#618 = VECTOR('',#619,1.);
#619 = DIRECTION('',(-1.,0.));
#620 = ( GEOMETRIC_REPRESENTATION_CONTEXT(2) 
PARAMETRIC_REPRESENTATION_CONTEXT() REPRESENTATION_CONTEXT('2D SPACE',''
  ) );
#621 = ORIENTED_EDGE('',*,*,#622,.T.);
#622 = EDGE_CURVE('',#594,#623,#625,.T.);
#623 = VERTEX_POINT('',#624);
#624 = CARTESIAN_POINT('',(-12.,-0.5,33.728919342309));
#625 = SURFACE_CURVE('',#626,(#631,#638),.PCURVE_S1.);
#626 = CIRCLE('',#627,35.8);
#627 = AXIS2_PLACEMENT_3D('',#628,#629,#630);
#628 = CARTESIAN_POINT('',(3.552713678801E-15,-0.5,-1.7763568394E-15));
#629 = DIRECTION('',(-0.,1.,0.));
#630 = DIRECTION('',(-0.927183854567,-0.,0.374606593416));
#631 = PCURVE('',#132,#632);
#632 = DEFINITIONAL_REPRESENTATION('',(#633),#637);
#633 = CIRCLE('',#634,35.8);
#634 = AXIS2_PLACEMENT_2D('',#635,#636);
#635 = CARTESIAN_POINT('',(-24.03184190593,-1.473273803644E-15));
#636 = DIRECTION('',(0.374606593416,-0.927183854567));
#637 = ( GEOMETRIC_REPRESENTATION_CONTEXT(2) 
PARAMETRIC_REPRESENTATION_CONTEXT() REPRESENTATION_CONTEXT('2D SPACE',''
  ) );
#638 = PCURVE('',#639,#644);
#639 = CYLINDRICAL_SURFACE('',#640,35.8);
#640 = AXIS2_PLACEMENT_3D('',#641,#642,#643);
#641 = CARTESIAN_POINT('',(3.552713678801E-15,-0.5,-1.7763568394E-15));
#642 = DIRECTION('',(-0.,1.,0.));
#643 = DIRECTION('',(-0.927183854567,-0.,0.374606593416));
#644 = DEFINITIONAL_REPRESENTATION('',(#645),#649);
#645 = LINE('',#646,#647);
#646 = CARTESIAN_POINT('',(0.,0.));
#647 = VECTOR('',#648,1.);
#648 = DIRECTION('',(1.,0.));
#649 = ( GEOMETRIC_REPRESENTATION_CONTEXT(2) 
PARAMETRIC_REPRESENTATION_CONTEXT() REPRESENTATION_CONTEXT('2D SPACE',''
  ) );
#650 = ORIENTED_EDGE('',*,*,#651,.T.);
#651 = EDGE_CURVE('',#623,#652,#654,.T.);
#652 = VERTEX_POINT('',#653);
#653 = CARTESIAN_POINT('',(-12.,-0.5,32.8));
#654 = SURFACE_CURVE('',#655,(#659,#665),.PCURVE_S1.);
#655 = LINE('',#656,#657);
#656 = CARTESIAN_POINT('',(-12.,-0.5,28.41592095297));
#657 = VECTOR('',#658,1.);
#658 = DIRECTION('',(-0.,0.,-1.));
#659 = PCURVE('',#132,#660);
#660 = DEFINITIONAL_REPRESENTATION('',(#661),#664);
#661 = B_SPLINE_CURVE_WITH_KNOTS('',1,(#662,#663),.UNSPECIFIED.,.F.,.F.,
  (2,2),(-7.38407904703,-4.38407904703),.PIECEWISE_BEZIER_KNOTS.);
#662 = CARTESIAN_POINT('',(11.768158094061,-12.));
#663 = CARTESIAN_POINT('',(8.768158094061,-12.));
#664 = ( GEOMETRIC_REPRESENTATION_CONTEXT(2) 
PARAMETRIC_REPRESENTATION_CONTEXT() REPRESENTATION_CONTEXT('2D SPACE',''
  ) );
#665 = PCURVE('',#666,#671);
#666 = PLANE('',#667);
#667 = AXIS2_PLACEMENT_3D('',#668,#669,#670);
#668 = CARTESIAN_POINT('',(-12.,-8.5,32.8));
#669 = DIRECTION('',(1.,0.,-0.));
#670 = DIRECTION('',(0.,0.,1.));
#671 = DEFINITIONAL_REPRESENTATION('',(#672),#675);
#672 = B_SPLINE_CURVE_WITH_KNOTS('',1,(#673,#674),.UNSPECIFIED.,.F.,.F.,
  (2,2),(-7.38407904703,-4.38407904703),.PIECEWISE_BEZIER_KNOTS.);
#673 = CARTESIAN_POINT('',(3.,-8.));
#674 = CARTESIAN_POINT('',(0.,-8.));
#675 = ( GEOMETRIC_REPRESENTATION_CONTEXT(2) 
PARAMETRIC_REPRESENTATION_CONTEXT() REPRESENTATION_CONTEXT('2D SPACE',''
  ) );
#676 = ORIENTED_EDGE('',*,*,#677,.T.);
#677 = EDGE_CURVE('',#652,#678,#680,.T.);
#678 = VERTEX_POINT('',#679);
#679 = CARTESIAN_POINT('',(12.,-0.5,32.8));
#680 = SURFACE_CURVE('',#681,(#685,#691),.PCURVE_S1.);
#681 = LINE('',#682,#683);
#682 = CARTESIAN_POINT('',(-6.,-0.5,32.8));
#683 = VECTOR('',#684,1.);
#684 = DIRECTION('',(1.,0.,0.));
#685 = PCURVE('',#132,#686);
#686 = DEFINITIONAL_REPRESENTATION('',(#687),#690);
#687 = B_SPLINE_CURVE_WITH_KNOTS('',1,(#688,#689),.UNSPECIFIED.,.F.,.F.,
  (2,2),(-6.,18.),.PIECEWISE_BEZIER_KNOTS.);
#688 = CARTESIAN_POINT('',(8.768158094061,-12.));
#689 = CARTESIAN_POINT('',(8.768158094061,12.));
#690 = ( GEOMETRIC_REPRESENTATION_CONTEXT(2) 
PARAMETRIC_REPRESENTATION_CONTEXT() REPRESENTATION_CONTEXT('2D SPACE',''
  ) );
#691 = PCURVE('',#692,#697);
#692 = PLANE('',#693);
#693 = AXIS2_PLACEMENT_3D('',#694,#695,#696);
#694 = CARTESIAN_POINT('',(-12.,-8.5,32.8));
#695 = DIRECTION('',(0.,0.,1.));
#696 = DIRECTION('',(1.,0.,-0.));
#697 = DEFINITIONAL_REPRESENTATION('',(#698),#701);
#698 = B_SPLINE_CURVE_WITH_KNOTS('',1,(#699,#700),.UNSPECIFIED.,.F.,.F.,
  (2,2),(-6.,18.),.PIECEWISE_BEZIER_KNOTS.);
#699 = CARTESIAN_POINT('',(0.,8.));
#700 = CARTESIAN_POINT('',(24.,8.));
#701 = ( GEOMETRIC_REPRESENTATION_CONTEXT(2) 
PARAMETRIC_REPRESENTATION_CONTEXT() REPRESENTATION_CONTEXT('2D SPACE',''
  ) );
#702 = ORIENTED_EDGE('',*,*,#703,.F.);
#703 = EDGE_CURVE('',#704,#678,#706,.T.);
#704 = VERTEX_POINT('',#705);
#705 = CARTESIAN_POINT('',(12.,-0.5,33.728919342309));
#706 = SURFACE_CURVE('',#707,(#711,#717),.PCURVE_S1.);
#707 = LINE('',#708,#709);
#708 = CARTESIAN_POINT('',(12.,-0.5,28.41592095297));
#709 = VECTOR('',#710,1.);
#710 = DIRECTION('',(-0.,0.,-1.));
#711 = PCURVE('',#132,#712);
#712 = DEFINITIONAL_REPRESENTATION('',(#713),#716);
#713 = B_SPLINE_CURVE_WITH_KNOTS('',1,(#714,#715),.UNSPECIFIED.,.F.,.F.,
  (2,2),(-7.38407904703,-4.38407904703),.PIECEWISE_BEZIER_KNOTS.);
#714 = CARTESIAN_POINT('',(11.768158094061,12.));
#715 = CARTESIAN_POINT('',(8.768158094061,12.));
#716 = ( GEOMETRIC_REPRESENTATION_CONTEXT(2) 
PARAMETRIC_REPRESENTATION_CONTEXT() REPRESENTATION_CONTEXT('2D SPACE',''
  ) );
#717 = PCURVE('',#718,#723);
#718 = PLANE('',#719);
#719 = AXIS2_PLACEMENT_3D('',#720,#721,#722);
#720 = CARTESIAN_POINT('',(12.,-8.5,32.8));
#721 = DIRECTION('',(1.,0.,-0.));
#722 = DIRECTION('',(0.,0.,1.));
#723 = DEFINITIONAL_REPRESENTATION('',(#724),#727);
#724 = B_SPLINE_CURVE_WITH_KNOTS('',1,(#725,#726),.UNSPECIFIED.,.F.,.F.,
  (2,2),(-7.38407904703,-4.38407904703),.PIECEWISE_BEZIER_KNOTS.);
#725 = CARTESIAN_POINT('',(3.,-8.));
#726 = CARTESIAN_POINT('',(0.,-8.));
#727 = ( GEOMETRIC_REPRESENTATION_CONTEXT(2) 
PARAMETRIC_REPRESENTATION_CONTEXT() REPRESENTATION_CONTEXT('2D SPACE',''
  ) );
#728 = ORIENTED_EDGE('',*,*,#729,.T.);
#729 = EDGE_CURVE('',#704,#730,#732,.T.);
#730 = VERTEX_POINT('',#731);
#731 = CARTESIAN_POINT('',(32.877974764773,-0.5,14.166113629608));
#732 = SURFACE_CURVE('',#733,(#738,#745),.PCURVE_S1.);
#733 = CIRCLE('',#734,35.8);
#734 = AXIS2_PLACEMENT_3D('',#735,#736,#737);
#735 = CARTESIAN_POINT('',(3.552713678801E-15,-0.5,-1.7763568394E-15));
#736 = DIRECTION('',(-0.,1.,0.));
#737 = DIRECTION('',(-0.927183854567,-0.,0.374606593416));
#738 = PCURVE('',#132,#739);
#739 = DEFINITIONAL_REPRESENTATION('',(#740),#744);
#740 = CIRCLE('',#741,35.8);
#741 = AXIS2_PLACEMENT_2D('',#742,#743);
#742 = CARTESIAN_POINT('',(-24.03184190593,-1.473273803644E-15));
#743 = DIRECTION('',(0.374606593416,-0.927183854567));
#744 = ( GEOMETRIC_REPRESENTATION_CONTEXT(2) 
PARAMETRIC_REPRESENTATION_CONTEXT() REPRESENTATION_CONTEXT('2D SPACE',''
  ) );
#745 = PCURVE('',#639,#746);
#746 = DEFINITIONAL_REPRESENTATION('',(#747),#751);
#747 = LINE('',#748,#749);
#748 = CARTESIAN_POINT('',(0.,0.));
#749 = VECTOR('',#750,1.);
#750 = DIRECTION('',(1.,0.));
#751 = ( GEOMETRIC_REPRESENTATION_CONTEXT(2) 
PARAMETRIC_REPRESENTATION_CONTEXT() REPRESENTATION_CONTEXT('2D SPACE',''
  ) );
#752 = ORIENTED_EDGE('',*,*,#753,.T.);
#753 = EDGE_CURVE('',#730,#754,#756,.T.);
#754 = VERTEX_POINT('',#755);
#755 = CARTESIAN_POINT('',(32.442956692806,-0.5,13.107805347528));
#756 = SURFACE_CURVE('',#757,(#762,#769),.PCURVE_S1.);
#757 = CIRCLE('',#758,0.8);
#758 = AXIS2_PLACEMENT_3D('',#759,#760,#761);
#759 = CARTESIAN_POINT('',(32.143271418074,-0.5,13.849552431181));
#760 = DIRECTION('',(0.,1.,0.));
#761 = DIRECTION('',(0.,0.,-1.));
#762 = PCURVE('',#132,#763);
#763 = DEFINITIONAL_REPRESENTATION('',(#764),#768);
#764 = CIRCLE('',#765,0.8);
#765 = AXIS2_PLACEMENT_2D('',#766,#767);
#766 = CARTESIAN_POINT('',(-10.18228947475,32.143271418074));
#767 = DIRECTION('',(-1.,0.));
#768 = ( GEOMETRIC_REPRESENTATION_CONTEXT(2) 
PARAMETRIC_REPRESENTATION_CONTEXT() REPRESENTATION_CONTEXT('2D SPACE',''
  ) );
#769 = PCURVE('',#770,#775);
#770 = CYLINDRICAL_SURFACE('',#771,0.8);
#771 = AXIS2_PLACEMENT_3D('',#772,#773,#774);
#772 = CARTESIAN_POINT('',(32.143271418074,-0.5,13.849552431181));
#773 = DIRECTION('',(0.,-1.,-0.));
#774 = DIRECTION('',(0.918379183374,0.,0.395701498034));
#775 = DEFINITIONAL_REPRESENTATION('',(#776),#780);
#776 = LINE('',#777,#778);
#777 = CARTESIAN_POINT('',(4.305557411339,-0.));
#778 = VECTOR('',#779,1.);
#779 = DIRECTION('',(-1.,0.));
#780 = ( GEOMETRIC_REPRESENTATION_CONTEXT(2) 
PARAMETRIC_REPRESENTATION_CONTEXT() REPRESENTATION_CONTEXT('2D SPACE',''
  ) );
#781 = ORIENTED_EDGE('',*,*,#782,.T.);
#782 = EDGE_CURVE('',#754,#454,#783,.T.);
#783 = SURFACE_CURVE('',#784,(#788,#795),.PCURVE_S1.);
#784 = LINE('',#785,#786);
#785 = CARTESIAN_POINT('',(33.193181993491,-0.5,13.41091604429));
#786 = VECTOR('',#787,1.);
#787 = DIRECTION('',(-0.927183854567,0.,-0.374606593416));
#788 = PCURVE('',#132,#789);
#789 = DEFINITIONAL_REPRESENTATION('',(#790),#794);
#790 = LINE('',#791,#792);
#791 = CARTESIAN_POINT('',(-10.62092586164,33.193181993491));
#792 = VECTOR('',#793,1.);
#793 = DIRECTION('',(-0.374606593416,-0.927183854567));
#794 = ( GEOMETRIC_REPRESENTATION_CONTEXT(2) 
PARAMETRIC_REPRESENTATION_CONTEXT() REPRESENTATION_CONTEXT('2D SPACE',''
  ) );
#795 = PCURVE('',#497,#796);
#796 = DEFINITIONAL_REPRESENTATION('',(#797),#801);
#797 = LINE('',#798,#799);
#798 = CARTESIAN_POINT('',(0.,0.));
#799 = VECTOR('',#800,1.);
#800 = DIRECTION('',(1.,0.));
#801 = ( GEOMETRIC_REPRESENTATION_CONTEXT(2) 
PARAMETRIC_REPRESENTATION_CONTEXT() REPRESENTATION_CONTEXT('2D SPACE',''
  ) );
#802 = ADVANCED_FACE('',(#803),#73,.F.);
#803 = FACE_BOUND('',#804,.F.);
#804 = EDGE_LOOP('',(#805,#806,#830,#853,#877,#901,#925,#946));
#805 = ORIENTED_EDGE('',*,*,#56,.T.);
#806 = ORIENTED_EDGE('',*,*,#807,.T.);
#807 = EDGE_CURVE('',#57,#808,#810,.T.);
#808 = VERTEX_POINT('',#809);
#809 = CARTESIAN_POINT('',(-29.28961909579,-10.5,11.833774259425));
#810 = SURFACE_CURVE('',#811,(#816,#823),.PCURVE_S1.);
#811 = CIRCLE('',#812,0.8);
#812 = AXIS2_PLACEMENT_3D('',#813,#814,#815);
#813 = CARTESIAN_POINT('',(-28.98993382106,-10.5,12.575521343078));
#814 = DIRECTION('',(-0.,1.,0.));
#815 = DIRECTION('',(0.,0.,-1.));
#816 = PCURVE('',#73,#817);
#817 = DEFINITIONAL_REPRESENTATION('',(#818),#822);
#818 = CIRCLE('',#819,0.8);
#819 = AXIS2_PLACEMENT_2D('',#820,#821);
#820 = CARTESIAN_POINT('',(-11.45632056286,-28.98993382106));
#821 = DIRECTION('',(-1.,0.));
#822 = ( GEOMETRIC_REPRESENTATION_CONTEXT(2) 
PARAMETRIC_REPRESENTATION_CONTEXT() REPRESENTATION_CONTEXT('2D SPACE',''
  ) );
#823 = PCURVE('',#105,#824);
#824 = DEFINITIONAL_REPRESENTATION('',(#825),#829);
#825 = LINE('',#826,#827);
#826 = CARTESIAN_POINT('',(5.121680576616,10.));
#827 = VECTOR('',#828,1.);
#828 = DIRECTION('',(-1.,0.));
#829 = ( GEOMETRIC_REPRESENTATION_CONTEXT(2) 
PARAMETRIC_REPRESENTATION_CONTEXT() REPRESENTATION_CONTEXT('2D SPACE',''
  ) );
#830 = ORIENTED_EDGE('',*,*,#831,.T.);
#831 = EDGE_CURVE('',#808,#832,#834,.T.);
#832 = VERTEX_POINT('',#833);
#833 = CARTESIAN_POINT('',(-32.4429566928,-10.5,13.107805347528));
#834 = SURFACE_CURVE('',#835,(#839,#846),.PCURVE_S1.);
#835 = LINE('',#836,#837);
#836 = CARTESIAN_POINT('',(-28.55726272065,-10.5,11.53788307721));
#837 = VECTOR('',#838,1.);
#838 = DIRECTION('',(-0.927183854567,0.,0.374606593416));
#839 = PCURVE('',#73,#840);
#840 = DEFINITIONAL_REPRESENTATION('',(#841),#845);
#841 = LINE('',#842,#843);
#842 = CARTESIAN_POINT('',(-12.49395882872,-28.55726272065));
#843 = VECTOR('',#844,1.);
#844 = DIRECTION('',(0.374606593416,-0.927183854567));
#845 = ( GEOMETRIC_REPRESENTATION_CONTEXT(2) 
PARAMETRIC_REPRESENTATION_CONTEXT() REPRESENTATION_CONTEXT('2D SPACE',''
  ) );
#846 = PCURVE('',#581,#847);
#847 = DEFINITIONAL_REPRESENTATION('',(#848),#852);
#848 = LINE('',#849,#850);
#849 = CARTESIAN_POINT('',(0.,-10.));
#850 = VECTOR('',#851,1.);
#851 = DIRECTION('',(1.,0.));
#852 = ( GEOMETRIC_REPRESENTATION_CONTEXT(2) 
PARAMETRIC_REPRESENTATION_CONTEXT() REPRESENTATION_CONTEXT('2D SPACE',''
  ) );
#853 = ORIENTED_EDGE('',*,*,#854,.T.);
#854 = EDGE_CURVE('',#832,#855,#857,.T.);
#855 = VERTEX_POINT('',#856);
#856 = CARTESIAN_POINT('',(-32.87797476477,-10.5,14.166113629608));
#857 = SURFACE_CURVE('',#858,(#863,#870),.PCURVE_S1.);
#858 = CIRCLE('',#859,0.8);
#859 = AXIS2_PLACEMENT_3D('',#860,#861,#862);
#860 = CARTESIAN_POINT('',(-32.14327141807,-10.5,13.849552431181));
#861 = DIRECTION('',(0.,1.,0.));
#862 = DIRECTION('',(0.,0.,-1.));
#863 = PCURVE('',#73,#864);
#864 = DEFINITIONAL_REPRESENTATION('',(#865),#869);
#865 = CIRCLE('',#866,0.8);
#866 = AXIS2_PLACEMENT_2D('',#867,#868);
#867 = CARTESIAN_POINT('',(-10.18228947475,-32.14327141807));
#868 = DIRECTION('',(-1.,0.));
#869 = ( GEOMETRIC_REPRESENTATION_CONTEXT(2) 
PARAMETRIC_REPRESENTATION_CONTEXT() REPRESENTATION_CONTEXT('2D SPACE',''
  ) );
#870 = PCURVE('',#610,#871);
#871 = DEFINITIONAL_REPRESENTATION('',(#872),#876);
#872 = LINE('',#873,#874);
#873 = CARTESIAN_POINT('',(0.383972435439,10.));
#874 = VECTOR('',#875,1.);
#875 = DIRECTION('',(-1.,0.));
#876 = ( GEOMETRIC_REPRESENTATION_CONTEXT(2) 
PARAMETRIC_REPRESENTATION_CONTEXT() REPRESENTATION_CONTEXT('2D SPACE',''
  ) );
#877 = ORIENTED_EDGE('',*,*,#878,.T.);
#878 = EDGE_CURVE('',#855,#879,#881,.T.);
#879 = VERTEX_POINT('',#880);
#880 = CARTESIAN_POINT('',(32.877974764773,-10.5,14.166113629608));
#881 = SURFACE_CURVE('',#882,(#887,#894),.PCURVE_S1.);
#882 = CIRCLE('',#883,35.8);
#883 = AXIS2_PLACEMENT_3D('',#884,#885,#886);
#884 = CARTESIAN_POINT('',(3.552713678801E-15,-10.5,-1.7763568394E-15));
#885 = DIRECTION('',(-0.,1.,0.));
#886 = DIRECTION('',(-0.927183854567,-0.,0.374606593416));
#887 = PCURVE('',#73,#888);
#888 = DEFINITIONAL_REPRESENTATION('',(#889),#893);
#889 = CIRCLE('',#890,35.8);
#890 = AXIS2_PLACEMENT_2D('',#891,#892);
#891 = CARTESIAN_POINT('',(-24.03184190593,-1.473273803644E-15));
#892 = DIRECTION('',(0.374606593416,-0.927183854567));
#893 = ( GEOMETRIC_REPRESENTATION_CONTEXT(2) 
PARAMETRIC_REPRESENTATION_CONTEXT() REPRESENTATION_CONTEXT('2D SPACE',''
  ) );
#894 = PCURVE('',#639,#895);
#895 = DEFINITIONAL_REPRESENTATION('',(#896),#900);
#896 = LINE('',#897,#898);
#897 = CARTESIAN_POINT('',(0.,-10.));
#898 = VECTOR('',#899,1.);
#899 = DIRECTION('',(1.,0.));
#900 = ( GEOMETRIC_REPRESENTATION_CONTEXT(2) 
PARAMETRIC_REPRESENTATION_CONTEXT() REPRESENTATION_CONTEXT('2D SPACE',''
  ) );
#901 = ORIENTED_EDGE('',*,*,#902,.T.);
#902 = EDGE_CURVE('',#879,#903,#905,.T.);
#903 = VERTEX_POINT('',#904);
#904 = CARTESIAN_POINT('',(32.442956692806,-10.5,13.107805347528));
#905 = SURFACE_CURVE('',#906,(#911,#918),.PCURVE_S1.);
#906 = CIRCLE('',#907,0.8);
#907 = AXIS2_PLACEMENT_3D('',#908,#909,#910);
#908 = CARTESIAN_POINT('',(32.143271418074,-10.5,13.849552431181));
#909 = DIRECTION('',(0.,1.,0.));
#910 = DIRECTION('',(0.,0.,-1.));
#911 = PCURVE('',#73,#912);
#912 = DEFINITIONAL_REPRESENTATION('',(#913),#917);
#913 = CIRCLE('',#914,0.8);
#914 = AXIS2_PLACEMENT_2D('',#915,#916);
#915 = CARTESIAN_POINT('',(-10.18228947475,32.143271418074));
#916 = DIRECTION('',(-1.,0.));
#917 = ( GEOMETRIC_REPRESENTATION_CONTEXT(2) 
PARAMETRIC_REPRESENTATION_CONTEXT() REPRESENTATION_CONTEXT('2D SPACE',''
  ) );
#918 = PCURVE('',#770,#919);
#919 = DEFINITIONAL_REPRESENTATION('',(#920),#924);
#920 = LINE('',#921,#922);
#921 = CARTESIAN_POINT('',(4.305557411339,10.));
#922 = VECTOR('',#923,1.);
#923 = DIRECTION('',(-1.,0.));
#924 = ( GEOMETRIC_REPRESENTATION_CONTEXT(2) 
PARAMETRIC_REPRESENTATION_CONTEXT() REPRESENTATION_CONTEXT('2D SPACE',''
  ) );
#925 = ORIENTED_EDGE('',*,*,#926,.T.);
#926 = EDGE_CURVE('',#903,#482,#927,.T.);
#927 = SURFACE_CURVE('',#928,(#932,#939),.PCURVE_S1.);
#928 = LINE('',#929,#930);
#929 = CARTESIAN_POINT('',(33.193181993491,-10.5,13.41091604429));
#930 = VECTOR('',#931,1.);
#931 = DIRECTION('',(-0.927183854567,0.,-0.374606593416));
#932 = PCURVE('',#73,#933);
#933 = DEFINITIONAL_REPRESENTATION('',(#934),#938);
#934 = LINE('',#935,#936);
#935 = CARTESIAN_POINT('',(-10.62092586164,33.193181993491));
#936 = VECTOR('',#937,1.);
#937 = DIRECTION('',(-0.374606593416,-0.927183854567));
#938 = ( GEOMETRIC_REPRESENTATION_CONTEXT(2) 
PARAMETRIC_REPRESENTATION_CONTEXT() REPRESENTATION_CONTEXT('2D SPACE',''
  ) );
#939 = PCURVE('',#497,#940);
#940 = DEFINITIONAL_REPRESENTATION('',(#941),#945);
#941 = LINE('',#942,#943);
#942 = CARTESIAN_POINT('',(-0.,-10.));
#943 = VECTOR('',#944,1.);
#944 = DIRECTION('',(1.,0.));
#945 = ( GEOMETRIC_REPRESENTATION_CONTEXT(2) 
PARAMETRIC_REPRESENTATION_CONTEXT() REPRESENTATION_CONTEXT('2D SPACE',''
  ) );
#946 = ORIENTED_EDGE('',*,*,#509,.F.);
#947 = ADVANCED_FACE('',(#948),#105,.T.);
#948 = FACE_BOUND('',#949,.F.);
#949 = EDGE_LOOP('',(#950,#951,#972,#973));
#950 = ORIENTED_EDGE('',*,*,#541,.T.);
#951 = ORIENTED_EDGE('',*,*,#952,.T.);
#952 = EDGE_CURVE('',#542,#808,#953,.T.);
#953 = SURFACE_CURVE('',#954,(#958,#965),.PCURVE_S1.);
#954 = LINE('',#955,#956);
#955 = CARTESIAN_POINT('',(-29.28961909579,-0.5,11.833774259425));
#956 = VECTOR('',#957,1.);
#957 = DIRECTION('',(0.,-1.,0.));
#958 = PCURVE('',#105,#959);
#959 = DEFINITIONAL_REPRESENTATION('',(#960),#964);
#960 = LINE('',#961,#962);
#961 = CARTESIAN_POINT('',(-1.545477166002,0.));
#962 = VECTOR('',#963,1.);
#963 = DIRECTION('',(-0.,1.));
#964 = ( GEOMETRIC_REPRESENTATION_CONTEXT(2) 
PARAMETRIC_REPRESENTATION_CONTEXT() REPRESENTATION_CONTEXT('2D SPACE',''
  ) );
#965 = PCURVE('',#581,#966);
#966 = DEFINITIONAL_REPRESENTATION('',(#967),#971);
#967 = LINE('',#968,#969);
#968 = CARTESIAN_POINT('',(0.789871794612,0.));
#969 = VECTOR('',#970,1.);
#970 = DIRECTION('',(0.,-1.));
#971 = ( GEOMETRIC_REPRESENTATION_CONTEXT(2) 
PARAMETRIC_REPRESENTATION_CONTEXT() REPRESENTATION_CONTEXT('2D SPACE',''
  ) );
#972 = ORIENTED_EDGE('',*,*,#807,.F.);
#973 = ORIENTED_EDGE('',*,*,#89,.F.);
#974 = ADVANCED_FACE('',(#975),#244,.F.);
#975 = FACE_BOUND('',#976,.F.);
#976 = EDGE_LOOP('',(#977,#1006,#1027,#1028));
#977 = ORIENTED_EDGE('',*,*,#978,.F.);
#978 = EDGE_CURVE('',#979,#979,#981,.T.);
#979 = VERTEX_POINT('',#980);
#980 = CARTESIAN_POINT('',(28.941273890185,-4.5,18.672243186434));
#981 = SURFACE_CURVE('',#982,(#987,#994),.PCURVE_S1.);
#982 = CIRCLE('',#983,1.7);
#983 = AXIS2_PLACEMENT_3D('',#984,#985,#986);
#984 = CARTESIAN_POINT('',(29.791273890185,-4.5,17.2));
#985 = DIRECTION('',(0.866025403784,0.,0.5));
#986 = DIRECTION('',(-0.5,0.,0.866025403784));
#987 = PCURVE('',#244,#988);
#988 = DEFINITIONAL_REPRESENTATION('',(#989),#993);
#989 = LINE('',#990,#991);
#990 = CARTESIAN_POINT('',(0.,9.4));
#991 = VECTOR('',#992,1.);
#992 = DIRECTION('',(1.,0.));
#993 = ( GEOMETRIC_REPRESENTATION_CONTEXT(2) 
PARAMETRIC_REPRESENTATION_CONTEXT() REPRESENTATION_CONTEXT('2D SPACE',''
  ) );
#994 = PCURVE('',#995,#1000);
#995 = PLANE('',#996);
#996 = AXIS2_PLACEMENT_3D('',#997,#998,#999);
#997 = CARTESIAN_POINT('',(29.791273890185,-4.5,17.2));
#998 = DIRECTION('',(0.866025403784,0.,0.5));
#999 = DIRECTION('',(-0.5,0.,0.866025403784));
#1000 = DEFINITIONAL_REPRESENTATION('',(#1001),#1005);
#1001 = CIRCLE('',#1002,1.7);
#1002 = AXIS2_PLACEMENT_2D('',#1003,#1004);
#1003 = CARTESIAN_POINT('',(0.,0.));
#1004 = DIRECTION('',(1.,0.));
#1005 = ( GEOMETRIC_REPRESENTATION_CONTEXT(2) 
PARAMETRIC_REPRESENTATION_CONTEXT() REPRESENTATION_CONTEXT('2D SPACE',''
  ) );
#1006 = ORIENTED_EDGE('',*,*,#1007,.F.);
#1007 = EDGE_CURVE('',#147,#979,#1008,.T.);
#1008 = SEAM_CURVE('',#1009,(#1013,#1020),.PCURVE_S1.);
#1009 = LINE('',#1010,#1011);
#1010 = CARTESIAN_POINT('',(20.800635094611,-4.5,13.972243186434));
#1011 = VECTOR('',#1012,1.);
#1012 = DIRECTION('',(0.866025403784,0.,0.5));
#1013 = PCURVE('',#244,#1014);
#1014 = DEFINITIONAL_REPRESENTATION('',(#1015),#1019);
#1015 = LINE('',#1016,#1017);
#1016 = CARTESIAN_POINT('',(6.28318530718,-0.));
#1017 = VECTOR('',#1018,1.);
#1018 = DIRECTION('',(0.,1.));
#1019 = ( GEOMETRIC_REPRESENTATION_CONTEXT(2) 
PARAMETRIC_REPRESENTATION_CONTEXT() REPRESENTATION_CONTEXT('2D SPACE',''
  ) );
#1020 = PCURVE('',#244,#1021);
#1021 = DEFINITIONAL_REPRESENTATION('',(#1022),#1026);
#1022 = LINE('',#1023,#1024);
#1023 = CARTESIAN_POINT('',(0.,-0.));
#1024 = VECTOR('',#1025,1.);
#1025 = DIRECTION('',(0.,1.));
#1026 = ( GEOMETRIC_REPRESENTATION_CONTEXT(2) 
PARAMETRIC_REPRESENTATION_CONTEXT() REPRESENTATION_CONTEXT('2D SPACE',''
  ) );
#1027 = ORIENTED_EDGE('',*,*,#146,.T.);
#1028 = ORIENTED_EDGE('',*,*,#1007,.T.);
#1029 = ADVANCED_FACE('',(#1030),#397,.F.);
#1030 = FACE_BOUND('',#1031,.F.);
#1031 = EDGE_LOOP('',(#1032,#1061,#1082,#1083));
#1032 = ORIENTED_EDGE('',*,*,#1033,.F.);
#1033 = EDGE_CURVE('',#1034,#1034,#1036,.T.);
#1034 = VERTEX_POINT('',#1035);
#1035 = CARTESIAN_POINT('',(-30.64127389018,-4.5,15.727756813566));
#1036 = SURFACE_CURVE('',#1037,(#1042,#1049),.PCURVE_S1.);
#1037 = CIRCLE('',#1038,1.7);
#1038 = AXIS2_PLACEMENT_3D('',#1039,#1040,#1041);
#1039 = CARTESIAN_POINT('',(-29.79127389018,-4.5,17.2));
#1040 = DIRECTION('',(-0.866025403784,0.,0.5));
#1041 = DIRECTION('',(-0.5,0.,-0.866025403784));
#1042 = PCURVE('',#397,#1043);
#1043 = DEFINITIONAL_REPRESENTATION('',(#1044),#1048);
#1044 = LINE('',#1045,#1046);
#1045 = CARTESIAN_POINT('',(0.,9.4));
#1046 = VECTOR('',#1047,1.);
#1047 = DIRECTION('',(1.,0.));
#1048 = ( GEOMETRIC_REPRESENTATION_CONTEXT(2) 
PARAMETRIC_REPRESENTATION_CONTEXT() REPRESENTATION_CONTEXT('2D SPACE',''
  ) );
#1049 = PCURVE('',#1050,#1055);
#1050 = PLANE('',#1051);
#1051 = AXIS2_PLACEMENT_3D('',#1052,#1053,#1054);
#1052 = CARTESIAN_POINT('',(-29.79127389018,-4.5,17.2));
#1053 = DIRECTION('',(-0.866025403784,0.,0.5));
#1054 = DIRECTION('',(-0.5,0.,-0.866025403784));
#1055 = DEFINITIONAL_REPRESENTATION('',(#1056),#1060);
#1056 = CIRCLE('',#1057,1.7);
#1057 = AXIS2_PLACEMENT_2D('',#1058,#1059);
#1058 = CARTESIAN_POINT('',(0.,0.));
#1059 = DIRECTION('',(1.,0.));
#1060 = ( GEOMETRIC_REPRESENTATION_CONTEXT(2) 
PARAMETRIC_REPRESENTATION_CONTEXT() REPRESENTATION_CONTEXT('2D SPACE',''
  ) );
#1061 = ORIENTED_EDGE('',*,*,#1062,.F.);
#1062 = EDGE_CURVE('',#300,#1034,#1063,.T.);
#1063 = SEAM_CURVE('',#1064,(#1068,#1075),.PCURVE_S1.);
#1064 = LINE('',#1065,#1066);
#1065 = CARTESIAN_POINT('',(-22.50063509461,-4.5,11.027756813566));
#1066 = VECTOR('',#1067,1.);
#1067 = DIRECTION('',(-0.866025403784,0.,0.5));
#1068 = PCURVE('',#397,#1069);
#1069 = DEFINITIONAL_REPRESENTATION('',(#1070),#1074);
#1070 = LINE('',#1071,#1072);
#1071 = CARTESIAN_POINT('',(6.28318530718,-0.));
#1072 = VECTOR('',#1073,1.);
#1073 = DIRECTION('',(0.,1.));
#1074 = ( GEOMETRIC_REPRESENTATION_CONTEXT(2) 
PARAMETRIC_REPRESENTATION_CONTEXT() REPRESENTATION_CONTEXT('2D SPACE',''
  ) );
#1075 = PCURVE('',#397,#1076);
#1076 = DEFINITIONAL_REPRESENTATION('',(#1077),#1081);
#1077 = LINE('',#1078,#1079);
#1078 = CARTESIAN_POINT('',(0.,-0.));
#1079 = VECTOR('',#1080,1.);
#1080 = DIRECTION('',(0.,1.));
#1081 = ( GEOMETRIC_REPRESENTATION_CONTEXT(2) 
PARAMETRIC_REPRESENTATION_CONTEXT() REPRESENTATION_CONTEXT('2D SPACE',''
  ) );
#1082 = ORIENTED_EDGE('',*,*,#299,.T.);
#1083 = ORIENTED_EDGE('',*,*,#1062,.T.);
#1084 = ADVANCED_FACE('',(#1085),#497,.T.);
#1085 = FACE_BOUND('',#1086,.T.);
#1086 = EDGE_LOOP('',(#1087,#1088,#1109,#1110));
#1087 = ORIENTED_EDGE('',*,*,#782,.F.);
#1088 = ORIENTED_EDGE('',*,*,#1089,.T.);
#1089 = EDGE_CURVE('',#754,#903,#1090,.T.);
#1090 = SURFACE_CURVE('',#1091,(#1095,#1102),.PCURVE_S1.);
#1091 = LINE('',#1092,#1093);
#1092 = CARTESIAN_POINT('',(32.442956692806,-0.5,13.107805347528));
#1093 = VECTOR('',#1094,1.);
#1094 = DIRECTION('',(0.,-1.,-0.));
#1095 = PCURVE('',#497,#1096);
#1096 = DEFINITIONAL_REPRESENTATION('',(#1097),#1101);
#1097 = LINE('',#1098,#1099);
#1098 = CARTESIAN_POINT('',(0.809144051624,0.));
#1099 = VECTOR('',#1100,1.);
#1100 = DIRECTION('',(0.,-1.));
#1101 = ( GEOMETRIC_REPRESENTATION_CONTEXT(2) 
PARAMETRIC_REPRESENTATION_CONTEXT() REPRESENTATION_CONTEXT('2D SPACE',''
  ) );
#1102 = PCURVE('',#770,#1103);
#1103 = DEFINITIONAL_REPRESENTATION('',(#1104),#1108);
#1104 = LINE('',#1105,#1106);
#1105 = CARTESIAN_POINT('',(-1.593655460402,0.));
#1106 = VECTOR('',#1107,1.);
#1107 = DIRECTION('',(-0.,1.));
#1108 = ( GEOMETRIC_REPRESENTATION_CONTEXT(2) 
PARAMETRIC_REPRESENTATION_CONTEXT() REPRESENTATION_CONTEXT('2D SPACE',''
  ) );
#1109 = ORIENTED_EDGE('',*,*,#926,.T.);
#1110 = ORIENTED_EDGE('',*,*,#481,.F.);
#1111 = ADVANCED_FACE('',(#1112),#581,.T.);
#1112 = FACE_BOUND('',#1113,.T.);
#1113 = EDGE_LOOP('',(#1114,#1115,#1116,#1117));
#1114 = ORIENTED_EDGE('',*,*,#565,.F.);
#1115 = ORIENTED_EDGE('',*,*,#952,.T.);
#1116 = ORIENTED_EDGE('',*,*,#831,.T.);
#1117 = ORIENTED_EDGE('',*,*,#1118,.F.);
#1118 = EDGE_CURVE('',#566,#832,#1119,.T.);
#1119 = SURFACE_CURVE('',#1120,(#1124,#1131),.PCURVE_S1.);
#1120 = LINE('',#1121,#1122);
#1121 = CARTESIAN_POINT('',(-32.4429566928,-0.5,13.107805347528));
#1122 = VECTOR('',#1123,1.);
#1123 = DIRECTION('',(0.,-1.,-0.));
#1124 = PCURVE('',#581,#1125);
#1125 = DEFINITIONAL_REPRESENTATION('',(#1126),#1130);
#1126 = LINE('',#1127,#1128);
#1127 = CARTESIAN_POINT('',(4.190855948376,0.));
#1128 = VECTOR('',#1129,1.);
#1129 = DIRECTION('',(-0.,-1.));
#1130 = ( GEOMETRIC_REPRESENTATION_CONTEXT(2) 
PARAMETRIC_REPRESENTATION_CONTEXT() REPRESENTATION_CONTEXT('2D SPACE',''
  ) );
#1131 = PCURVE('',#610,#1132);
#1132 = DEFINITIONAL_REPRESENTATION('',(#1133),#1137);
#1133 = LINE('',#1134,#1135);
#1134 = CARTESIAN_POINT('',(-0.,0.));
#1135 = VECTOR('',#1136,1.);
#1136 = DIRECTION('',(-0.,1.));
#1137 = ( GEOMETRIC_REPRESENTATION_CONTEXT(2) 
PARAMETRIC_REPRESENTATION_CONTEXT() REPRESENTATION_CONTEXT('2D SPACE',''
  ) );
#1138 = ADVANCED_FACE('',(#1139),#610,.T.);
#1139 = FACE_BOUND('',#1140,.F.);
#1140 = EDGE_LOOP('',(#1141,#1142,#1163,#1164));
#1141 = ORIENTED_EDGE('',*,*,#593,.T.);
#1142 = ORIENTED_EDGE('',*,*,#1143,.T.);
#1143 = EDGE_CURVE('',#594,#855,#1144,.T.);
#1144 = SURFACE_CURVE('',#1145,(#1149,#1156),.PCURVE_S1.);
#1145 = LINE('',#1146,#1147);
#1146 = CARTESIAN_POINT('',(-32.87797476477,-0.5,14.166113629608));
#1147 = VECTOR('',#1148,1.);
#1148 = DIRECTION('',(0.,-1.,-0.));
#1149 = PCURVE('',#610,#1150);
#1150 = DEFINITIONAL_REPRESENTATION('',(#1151),#1155);
#1151 = LINE('',#1152,#1153);
#1152 = CARTESIAN_POINT('',(-1.593655460402,0.));
#1153 = VECTOR('',#1154,1.);
#1154 = DIRECTION('',(-0.,1.));
#1155 = ( GEOMETRIC_REPRESENTATION_CONTEXT(2) 
PARAMETRIC_REPRESENTATION_CONTEXT() REPRESENTATION_CONTEXT('2D SPACE',''
  ) );
#1156 = PCURVE('',#639,#1157);
#1157 = DEFINITIONAL_REPRESENTATION('',(#1158),#1162);
#1158 = LINE('',#1159,#1160);
#1159 = CARTESIAN_POINT('',(2.285913360703E-02,0.));
#1160 = VECTOR('',#1161,1.);
#1161 = DIRECTION('',(-0.,-1.));
#1162 = ( GEOMETRIC_REPRESENTATION_CONTEXT(2) 
PARAMETRIC_REPRESENTATION_CONTEXT() REPRESENTATION_CONTEXT('2D SPACE',''
  ) );
#1163 = ORIENTED_EDGE('',*,*,#854,.F.);
#1164 = ORIENTED_EDGE('',*,*,#1118,.F.);
#1165 = ADVANCED_FACE('',(#1166,#1413,#1587),#639,.T.);
#1166 = FACE_BOUND('',#1167,.T.);
#1167 = EDGE_LOOP('',(#1168,#1169,#1170,#1171,#1192,#1193,#1214,#1275,
    #1304,#1333,#1394));
#1168 = ORIENTED_EDGE('',*,*,#622,.F.);
#1169 = ORIENTED_EDGE('',*,*,#1143,.T.);
#1170 = ORIENTED_EDGE('',*,*,#878,.T.);
#1171 = ORIENTED_EDGE('',*,*,#1172,.F.);
#1172 = EDGE_CURVE('',#730,#879,#1173,.T.);
#1173 = SURFACE_CURVE('',#1174,(#1178,#1185),.PCURVE_S1.);
#1174 = LINE('',#1175,#1176);
#1175 = CARTESIAN_POINT('',(32.877974764773,-0.5,14.166113629608));
#1176 = VECTOR('',#1177,1.);
#1177 = DIRECTION('',(0.,-1.,-0.));
#1178 = PCURVE('',#639,#1179);
#1179 = DEFINITIONAL_REPRESENTATION('',(#1180),#1184);
#1180 = LINE('',#1181,#1182);
#1181 = CARTESIAN_POINT('',(2.350788649105,0.));
#1182 = VECTOR('',#1183,1.);
#1183 = DIRECTION('',(-0.,-1.));
#1184 = ( GEOMETRIC_REPRESENTATION_CONTEXT(2) 
PARAMETRIC_REPRESENTATION_CONTEXT() REPRESENTATION_CONTEXT('2D SPACE',''
  ) );
#1185 = PCURVE('',#770,#1186);
#1186 = DEFINITIONAL_REPRESENTATION('',(#1187),#1191);
#1187 = LINE('',#1188,#1189);
#1188 = CARTESIAN_POINT('',(-0.,0.));
#1189 = VECTOR('',#1190,1.);
#1190 = DIRECTION('',(-0.,1.));
#1191 = ( GEOMETRIC_REPRESENTATION_CONTEXT(2) 
PARAMETRIC_REPRESENTATION_CONTEXT() REPRESENTATION_CONTEXT('2D SPACE',''
  ) );
#1192 = ORIENTED_EDGE('',*,*,#729,.F.);
#1193 = ORIENTED_EDGE('',*,*,#1194,.F.);
#1194 = EDGE_CURVE('',#1195,#704,#1197,.T.);
#1195 = VERTEX_POINT('',#1196);
#1196 = CARTESIAN_POINT('',(12.,-7.7,33.728919342309));
#1197 = SURFACE_CURVE('',#1198,(#1202,#1208),.PCURVE_S1.);
#1198 = LINE('',#1199,#1200);
#1199 = CARTESIAN_POINT('',(12.,-0.5,33.728919342309));
#1200 = VECTOR('',#1201,1.);
#1201 = DIRECTION('',(-0.,1.,0.));
#1202 = PCURVE('',#639,#1203);
#1203 = DEFINITIONAL_REPRESENTATION('',(#1204),#1207);
#1204 = B_SPLINE_CURVE_WITH_KNOTS('',1,(#1205,#1206),.UNSPECIFIED.,.F.,
  .F.,(2,2),(-8.24,6.000000000173E-07),.PIECEWISE_BEZIER_KNOTS.);
#1205 = CARTESIAN_POINT('',(1.528636650836,-8.24));
#1206 = CARTESIAN_POINT('',(1.528636650836,6.000000000173E-07));
#1207 = ( GEOMETRIC_REPRESENTATION_CONTEXT(2) 
PARAMETRIC_REPRESENTATION_CONTEXT() REPRESENTATION_CONTEXT('2D SPACE',''
  ) );
#1208 = PCURVE('',#718,#1209);
#1209 = DEFINITIONAL_REPRESENTATION('',(#1210),#1213);
#1210 = B_SPLINE_CURVE_WITH_KNOTS('',1,(#1211,#1212),.UNSPECIFIED.,.F.,
  .F.,(2,2),(-8.24,6.000000000173E-07),.PIECEWISE_BEZIER_KNOTS.);
#1211 = CARTESIAN_POINT('',(0.928919342309,0.24));
#1212 = CARTESIAN_POINT('',(0.928919342309,-8.0000006));
#1213 = ( GEOMETRIC_REPRESENTATION_CONTEXT(2) 
PARAMETRIC_REPRESENTATION_CONTEXT() REPRESENTATION_CONTEXT('2D SPACE',''
  ) );
#1214 = ORIENTED_EDGE('',*,*,#1215,.T.);
#1215 = EDGE_CURVE('',#1195,#1216,#1218,.T.);
#1216 = VERTEX_POINT('',#1217);
#1217 = CARTESIAN_POINT('',(11.2,-8.5,34.002941049268));
#1218 = SURFACE_CURVE('',#1219,(#1234,#1252),.PCURVE_S1.);
#1219 = B_SPLINE_CURVE_WITH_KNOTS('',7,(#1220,#1221,#1222,#1223,#1224,
    #1225,#1226,#1227,#1228,#1229,#1230,#1231,#1232,#1233),
  .UNSPECIFIED.,.F.,.F.,(8,6,8),(0.,0.580295988793,1.),.UNSPECIFIED.);
#1220 = CARTESIAN_POINT('',(12.,-7.7,33.728919342309));
#1221 = CARTESIAN_POINT('',(12.,-7.798003763051,33.728919342309));
#1222 = CARTESIAN_POINT('',(11.985993082308,-7.89621649323,
    33.733902689839));
#1223 = CARTESIAN_POINT('',(11.957871811947,-7.992593951937,
    33.743907625828));
#1224 = CARTESIAN_POINT('',(11.915735874979,-8.085043271945,
    33.75885733955));
#1225 = CARTESIAN_POINT('',(11.859917028867,-8.171389788157,
    33.778549600494));
#1226 = CARTESIAN_POINT('',(11.791001193567,-8.249350274274,
    33.802657427598));
#1227 = CARTESIAN_POINT('',(11.651310409323,-8.364912541189,
    33.851009067691));
#1228 = CARTESIAN_POINT('',(11.586211815724,-8.407808600257,
    33.873409063798));
#1229 = CARTESIAN_POINT('',(11.515425864207,-8.443719624247,
    33.897592778269));
#1230 = CARTESIAN_POINT('',(11.44004593103,-8.47154027457,
    33.923130765706));
#1231 = CARTESIAN_POINT('',(11.361380312482,-8.490463151076,
    33.949536404762));
#1232 = CARTESIAN_POINT('',(11.28086710951,-8.5,33.976304776094));
#1233 = CARTESIAN_POINT('',(11.2,-8.5,34.002941049268));
#1234 = PCURVE('',#639,#1235);
#1235 = DEFINITIONAL_REPRESENTATION('',(#1236),#1251);
#1236 = B_SPLINE_CURVE_WITH_KNOTS('',7,(#1237,#1238,#1239,#1240,#1241,
    #1242,#1243,#1244,#1245,#1246,#1247,#1248,#1249,#1250),
  .UNSPECIFIED.,.F.,.F.,(8,6,8),(0.,0.580295988793,1.),.UNSPECIFIED.);
#1237 = CARTESIAN_POINT('',(1.528636650836,-7.2));
#1238 = CARTESIAN_POINT('',(1.528636650836,-7.298003763051));
#1239 = CARTESIAN_POINT('',(1.528221371668,-7.39621649323));
#1240 = CARTESIAN_POINT('',(1.527387628061,-7.492593951937));
#1241 = CARTESIAN_POINT('',(1.526138762103,-7.585043271945));
#1242 = CARTESIAN_POINT('',(1.524485399519,-7.671389788157));
#1243 = CARTESIAN_POINT('',(1.522446002187,-7.749350274274));
#1244 = CARTESIAN_POINT('',(1.518316891071,-7.864912541189));
#1245 = CARTESIAN_POINT('',(1.516393859129,-7.907808600257));
#1246 = CARTESIAN_POINT('',(1.514304395659,-7.943719624247));
#1247 = CARTESIAN_POINT('',(1.512081268325,-7.97154027457));
#1248 = CARTESIAN_POINT('',(1.509763430649,-7.990463151076));
#1249 = CARTESIAN_POINT('',(1.507393426974,-8.));
#1250 = CARTESIAN_POINT('',(1.505015188298,-8.));
#1251 = ( GEOMETRIC_REPRESENTATION_CONTEXT(2) 
PARAMETRIC_REPRESENTATION_CONTEXT() REPRESENTATION_CONTEXT('2D SPACE',''
  ) );
#1252 = PCURVE('',#1253,#1258);
#1253 = CYLINDRICAL_SURFACE('',#1254,0.8);
#1254 = AXIS2_PLACEMENT_3D('',#1255,#1256,#1257);
#1255 = CARTESIAN_POINT('',(11.2,-7.7,32.8));
#1256 = DIRECTION('',(0.,0.,1.));
#1257 = DIRECTION('',(1.,0.,-0.));
#1258 = DEFINITIONAL_REPRESENTATION('',(#1259),#1274);
#1259 = B_SPLINE_CURVE_WITH_KNOTS('',7,(#1260,#1261,#1262,#1263,#1264,
    #1265,#1266,#1267,#1268,#1269,#1270,#1271,#1272,#1273),
  .UNSPECIFIED.,.F.,.F.,(8,6,8),(0.,0.580295988793,1.),.UNSPECIFIED.);
#1260 = CARTESIAN_POINT('',(0.,0.928919342309));
#1261 = CARTESIAN_POINT('',(-0.122504703814,0.928919342309));
#1262 = CARTESIAN_POINT('',(-0.245270482256,0.933902689839));
#1263 = CARTESIAN_POINT('',(-0.368745819183,0.943907625828));
#1264 = CARTESIAN_POINT('',(-0.493372029808,0.95885733955));
#1265 = CARTESIAN_POINT('',(-0.619646195752,0.978549600494));
#1266 = CARTESIAN_POINT('',(-0.748139439827,1.002657427598));
#1267 = CARTESIAN_POINT('',(-0.974759140321,1.051009067691));
#1268 = CARTESIAN_POINT('',(-1.071636603916,1.073409063798));
#1269 = CARTESIAN_POINT('',(-1.169833520173,1.097592778269));
#1270 = CARTESIAN_POINT('',(-1.269050853373,1.123130765706));
#1271 = CARTESIAN_POINT('',(-1.369071336075,1.149536404762));
#1272 = CARTESIAN_POINT('',(-1.469712439907,1.176304776094));
#1273 = CARTESIAN_POINT('',(-1.570796326795,1.202941049268));
#1274 = ( GEOMETRIC_REPRESENTATION_CONTEXT(2) 
PARAMETRIC_REPRESENTATION_CONTEXT() REPRESENTATION_CONTEXT('2D SPACE',''
  ) );
#1275 = ORIENTED_EDGE('',*,*,#1276,.F.);
#1276 = EDGE_CURVE('',#1277,#1216,#1279,.T.);
#1277 = VERTEX_POINT('',#1278);
#1278 = CARTESIAN_POINT('',(3.552713678801E-15,-8.5,35.8));
#1279 = SURFACE_CURVE('',#1280,(#1285,#1292),.PCURVE_S1.);
#1280 = CIRCLE('',#1281,35.8);
#1281 = AXIS2_PLACEMENT_3D('',#1282,#1283,#1284);
#1282 = CARTESIAN_POINT('',(3.552713678801E-15,-8.5,-1.7763568394E-15));
#1283 = DIRECTION('',(-0.,1.,0.));
#1284 = DIRECTION('',(-0.927183854567,-0.,0.374606593416));
#1285 = PCURVE('',#639,#1286);
#1286 = DEFINITIONAL_REPRESENTATION('',(#1287),#1291);
#1287 = LINE('',#1288,#1289);
#1288 = CARTESIAN_POINT('',(0.,-8.));
#1289 = VECTOR('',#1290,1.);
#1290 = DIRECTION('',(1.,0.));
#1291 = ( GEOMETRIC_REPRESENTATION_CONTEXT(2) 
PARAMETRIC_REPRESENTATION_CONTEXT() REPRESENTATION_CONTEXT('2D SPACE',''
  ) );
#1292 = PCURVE('',#1293,#1298);
#1293 = PLANE('',#1294);
#1294 = AXIS2_PLACEMENT_3D('',#1295,#1296,#1297);
#1295 = CARTESIAN_POINT('',(-12.,-8.5,32.8));
#1296 = DIRECTION('',(-0.,1.,0.));
#1297 = DIRECTION('',(0.,0.,1.));
#1298 = DEFINITIONAL_REPRESENTATION('',(#1299),#1303);
#1299 = CIRCLE('',#1300,35.8);
#1300 = AXIS2_PLACEMENT_2D('',#1301,#1302);
#1301 = CARTESIAN_POINT('',(-32.8,12.));
#1302 = DIRECTION('',(0.374606593416,-0.927183854567));
#1303 = ( GEOMETRIC_REPRESENTATION_CONTEXT(2) 
PARAMETRIC_REPRESENTATION_CONTEXT() REPRESENTATION_CONTEXT('2D SPACE',''
  ) );
#1304 = ORIENTED_EDGE('',*,*,#1305,.F.);
#1305 = EDGE_CURVE('',#1306,#1277,#1308,.T.);
#1306 = VERTEX_POINT('',#1307);
#1307 = CARTESIAN_POINT('',(-11.2,-8.5,34.002941049268));
#1308 = SURFACE_CURVE('',#1309,(#1314,#1321),.PCURVE_S1.);
#1309 = CIRCLE('',#1310,35.8);
#1310 = AXIS2_PLACEMENT_3D('',#1311,#1312,#1313);
#1311 = CARTESIAN_POINT('',(3.552713678801E-15,-8.5,-1.7763568394E-15));
#1312 = DIRECTION('',(-0.,1.,0.));
#1313 = DIRECTION('',(-0.927183854567,-0.,0.374606593416));
#1314 = PCURVE('',#639,#1315);
#1315 = DEFINITIONAL_REPRESENTATION('',(#1316),#1320);
#1316 = LINE('',#1317,#1318);
#1317 = CARTESIAN_POINT('',(0.,-8.));
#1318 = VECTOR('',#1319,1.);
#1319 = DIRECTION('',(1.,0.));
#1320 = ( GEOMETRIC_REPRESENTATION_CONTEXT(2) 
PARAMETRIC_REPRESENTATION_CONTEXT() REPRESENTATION_CONTEXT('2D SPACE',''
  ) );
#1321 = PCURVE('',#1322,#1327);
#1322 = PLANE('',#1323);
#1323 = AXIS2_PLACEMENT_3D('',#1324,#1325,#1326);
#1324 = CARTESIAN_POINT('',(-12.,-8.5,32.8));
#1325 = DIRECTION('',(-0.,1.,0.));
#1326 = DIRECTION('',(0.,0.,1.));
#1327 = DEFINITIONAL_REPRESENTATION('',(#1328),#1332);
#1328 = CIRCLE('',#1329,35.8);
#1329 = AXIS2_PLACEMENT_2D('',#1330,#1331);
#1330 = CARTESIAN_POINT('',(-32.8,12.));
#1331 = DIRECTION('',(0.374606593416,-0.927183854567));
#1332 = ( GEOMETRIC_REPRESENTATION_CONTEXT(2) 
PARAMETRIC_REPRESENTATION_CONTEXT() REPRESENTATION_CONTEXT('2D SPACE',''
  ) );
#1333 = ORIENTED_EDGE('',*,*,#1334,.F.);
#1334 = EDGE_CURVE('',#1335,#1306,#1337,.T.);
#1335 = VERTEX_POINT('',#1336);
#1336 = CARTESIAN_POINT('',(-12.,-7.7,33.728919342309));
#1337 = SURFACE_CURVE('',#1338,(#1353,#1371),.PCURVE_S1.);
#1338 = B_SPLINE_CURVE_WITH_KNOTS('',7,(#1339,#1340,#1341,#1342,#1343,
    #1344,#1345,#1346,#1347,#1348,#1349,#1350,#1351,#1352),
  .UNSPECIFIED.,.F.,.F.,(8,6,8),(0.,0.580286573198,1.),.UNSPECIFIED.);
#1339 = CARTESIAN_POINT('',(-12.,-7.7,33.728919342309));
#1340 = CARTESIAN_POINT('',(-12.,-7.797988396207,33.728919342309));
#1341 = CARTESIAN_POINT('',(-11.98599747192,-7.896203565385,
    33.733901127904));
#1342 = CARTESIAN_POINT('',(-11.95787585822,-7.992592760766,
    33.743906186709));
#1343 = CARTESIAN_POINT('',(-11.91573354261,-8.085053978036,
    33.75885819515));
#1344 = CARTESIAN_POINT('',(-11.85990626293,-8.171405535576,
    33.77855341032));
#1345 = CARTESIAN_POINT('',(-11.79098794234,-8.249361236635,
    33.802662014287));
#1346 = CARTESIAN_POINT('',(-11.65131772716,-8.364906487348,
    33.851006534743));
#1347 = CARTESIAN_POINT('',(-11.58622083216,-8.407803875665,
    33.873405971755));
#1348 = CARTESIAN_POINT('',(-11.51543172155,-8.443718396813,
    33.897590813694));
#1349 = CARTESIAN_POINT('',(-11.44004609986,-8.47154149187,
    33.923130743987));
#1350 = CARTESIAN_POINT('',(-11.36137547955,-8.490464518988,
    33.949538030586));
#1351 = CARTESIAN_POINT('',(-11.28086132179,-8.5,33.976306682469));
#1352 = CARTESIAN_POINT('',(-11.2,-8.5,34.002941049268));
#1353 = PCURVE('',#639,#1354);
#1354 = DEFINITIONAL_REPRESENTATION('',(#1355),#1370);
#1355 = B_SPLINE_CURVE_WITH_KNOTS('',7,(#1356,#1357,#1358,#1359,#1360,
    #1361,#1362,#1363,#1364,#1365,#1366,#1367,#1368,#1369),
  .UNSPECIFIED.,.F.,.F.,(8,6,8),(0.,0.580286573198,1.),.UNSPECIFIED.);
#1356 = CARTESIAN_POINT('',(0.845011131877,-7.2));
#1357 = CARTESIAN_POINT('',(0.845011131877,-7.297988396207));
#1358 = CARTESIAN_POINT('',(0.845426280901,-7.396203565385));
#1359 = CARTESIAN_POINT('',(0.846260034685,-7.492592760766));
#1360 = CARTESIAN_POINT('',(0.84750909001,-7.585053978036));
#1361 = CARTESIAN_POINT('',(0.849162702183,-7.671405535576));
#1362 = CARTESIAN_POINT('',(0.851202172217,-7.749361236635));
#1363 = CARTESIAN_POINT('',(0.855330675334,-7.864906487348));
#1364 = CARTESIAN_POINT('',(0.857253657335,-7.907803875665));
#1365 = CARTESIAN_POINT('',(0.859343214485,-7.943718396813));
#1366 = CARTESIAN_POINT('',(0.861566509722,-7.97154149187));
#1367 = CARTESIAN_POINT('',(0.863884494494,-7.990464518988));
#1368 = CARTESIAN_POINT('',(0.86625452595,-8.));
#1369 = CARTESIAN_POINT('',(0.868632594414,-8.));
#1370 = ( GEOMETRIC_REPRESENTATION_CONTEXT(2) 
PARAMETRIC_REPRESENTATION_CONTEXT() REPRESENTATION_CONTEXT('2D SPACE',''
  ) );
#1371 = PCURVE('',#1372,#1377);
#1372 = CYLINDRICAL_SURFACE('',#1373,0.8);
#1373 = AXIS2_PLACEMENT_3D('',#1374,#1375,#1376);
#1374 = CARTESIAN_POINT('',(-11.2,-7.7,32.8));
#1375 = DIRECTION('',(0.,0.,1.));
#1376 = DIRECTION('',(-1.,-0.,0.));
#1377 = DEFINITIONAL_REPRESENTATION('',(#1378),#1393);
#1378 = B_SPLINE_CURVE_WITH_KNOTS('',7,(#1379,#1380,#1381,#1382,#1383,
    #1384,#1385,#1386,#1387,#1388,#1389,#1390,#1391,#1392),
  .UNSPECIFIED.,.F.,.F.,(8,6,8),(0.,0.580286573198,1.),.UNSPECIFIED.);
#1379 = CARTESIAN_POINT('',(0.,0.928919342309));
#1380 = CARTESIAN_POINT('',(0.122485495259,0.928919342309));
#1381 = CARTESIAN_POINT('',(0.245254304177,0.933901127904));
#1382 = CARTESIAN_POINT('',(0.368742971565,0.943906186709));
#1383 = CARTESIAN_POINT('',(0.493384577935,0.95885819515));
#1384 = CARTESIAN_POINT('',(0.619669129745,0.97855341032));
#1385 = CARTESIAN_POINT('',(0.748160937217,1.002662014287));
#1386 = CARTESIAN_POINT('',(0.974747268629,1.051006534743));
#1387 = CARTESIAN_POINT('',(1.071624122511,1.073405971755));
#1388 = CARTESIAN_POINT('',(1.169826394265,1.097590813694));
#1389 = CARTESIAN_POINT('',(1.269051013366,1.123130743987));
#1390 = CARTESIAN_POINT('',(1.369077366616,1.149538030586));
#1391 = CARTESIAN_POINT('',(1.469719674546,1.176306682469));
#1392 = CARTESIAN_POINT('',(1.570796326795,1.202941049268));
#1393 = ( GEOMETRIC_REPRESENTATION_CONTEXT(2) 
PARAMETRIC_REPRESENTATION_CONTEXT() REPRESENTATION_CONTEXT('2D SPACE',''
  ) );
#1394 = ORIENTED_EDGE('',*,*,#1395,.T.);
#1395 = EDGE_CURVE('',#1335,#623,#1396,.T.);
#1396 = SURFACE_CURVE('',#1397,(#1401,#1407),.PCURVE_S1.);
#1397 = LINE('',#1398,#1399);
#1398 = CARTESIAN_POINT('',(-12.,-0.5,33.728919342309));
#1399 = VECTOR('',#1400,1.);
#1400 = DIRECTION('',(-0.,1.,0.));
#1401 = PCURVE('',#639,#1402);
#1402 = DEFINITIONAL_REPRESENTATION('',(#1403),#1406);
#1403 = B_SPLINE_CURVE_WITH_KNOTS('',1,(#1404,#1405),.UNSPECIFIED.,.F.,
  .F.,(2,2),(-8.24,6.000000000173E-07),.PIECEWISE_BEZIER_KNOTS.);
#1404 = CARTESIAN_POINT('',(0.845011131877,-8.24));
#1405 = CARTESIAN_POINT('',(0.845011131877,6.000000000173E-07));
#1406 = ( GEOMETRIC_REPRESENTATION_CONTEXT(2) 
PARAMETRIC_REPRESENTATION_CONTEXT() REPRESENTATION_CONTEXT('2D SPACE',''
  ) );
#1407 = PCURVE('',#666,#1408);
#1408 = DEFINITIONAL_REPRESENTATION('',(#1409),#1412);
#1409 = B_SPLINE_CURVE_WITH_KNOTS('',1,(#1410,#1411),.UNSPECIFIED.,.F.,
  .F.,(2,2),(-8.24,6.000000000173E-07),.PIECEWISE_BEZIER_KNOTS.);
#1410 = CARTESIAN_POINT('',(0.928919342309,0.24));
#1411 = CARTESIAN_POINT('',(0.928919342309,-8.0000006));
#1412 = ( GEOMETRIC_REPRESENTATION_CONTEXT(2) 
PARAMETRIC_REPRESENTATION_CONTEXT() REPRESENTATION_CONTEXT('2D SPACE',''
  ) );
#1413 = FACE_BOUND('',#1414,.T.);
#1414 = EDGE_LOOP('',(#1415));
#1415 = ORIENTED_EDGE('',*,*,#1416,.F.);
#1416 = EDGE_CURVE('',#1417,#1417,#1419,.T.);
#1417 = VERTEX_POINT('',#1418);
#1418 = CARTESIAN_POINT('',(-32.39465973271,-4.5,15.238963901849));
#1419 = SURFACE_CURVE('',#1420,(#1472,#1527),.PCURVE_S1.);
#1420 = B_SPLINE_CURVE_WITH_KNOTS('',8,(#1421,#1422,#1423,#1424,#1425,
    #1426,#1427,#1428,#1429,#1430,#1431,#1432,#1433,#1434,#1435,#1436,
    #1437,#1438,#1439,#1440,#1441,#1442,#1443,#1444,#1445,#1446,#1447,
    #1448,#1449,#1450,#1451,#1452,#1453,#1454,#1455,#1456,#1457,#1458,
    #1459,#1460,#1461,#1462,#1463,#1464,#1465,#1466,#1467,#1468,#1469,
    #1470,#1471),.UNSPECIFIED.,.T.,.F.,(9,7,7,7,7,7,7,9),(0.,
    0.116305407388,0.220371515629,0.395456144314,0.531200499455,
    0.666437180717,0.811954487462,1.),.UNSPECIFIED.);
#1421 = CARTESIAN_POINT('',(-32.39465973271,-4.5,15.238963901849));
#1422 = CARTESIAN_POINT('',(-32.39465973271,-4.7466843904,
    15.238963901849));
#1423 = CARTESIAN_POINT('',(-32.3847571318,-4.993183258093,
    15.260014614623));
#1424 = CARTESIAN_POINT('',(-32.36497697679,-5.238319019177,
    15.302062927364));
#1425 = CARTESIAN_POINT('',(-32.33511062502,-5.480825805598,
    15.365353161798));
#1426 = CARTESIAN_POINT('',(-32.29474197513,-5.719215607264,
    15.450375000382));
#1427 = CARTESIAN_POINT('',(-32.24326019512,-5.951623804766,
    15.557798515682));
#1428 = CARTESIAN_POINT('',(-32.1798703274,-6.175618890143,
    15.688391852723));
#1429 = CARTESIAN_POINT('',(-32.03538083173,-6.577957799307,
    15.981181043002));
#1430 = CARTESIAN_POINT('',(-31.95604700895,-6.760852223711,
    16.140225850189));
#1431 = CARTESIAN_POINT('',(-31.86509866972,-6.932273117275,
    16.320174416882));
#1432 = CARTESIAN_POINT('',(-31.76224908912,-7.08782755395,
    16.520473827344));
#1433 = CARTESIAN_POINT('',(-31.64744616018,-7.223115962943,
    16.739932740231));
#1434 = CARTESIAN_POINT('',(-31.52092048139,-7.333730497437,
    16.976745756125));
#1435 = CARTESIAN_POINT('',(-31.38328488562,-7.415227534622,
    17.22848426323));
#1436 = CARTESIAN_POINT('',(-30.9873899956,-7.543548560747,
    17.935437691355));
#1437 = CARTESIAN_POINT('',(-30.73306603558,-7.521574742194,
    18.372712458647));
#1438 = CARTESIAN_POINT('',(-30.48369195485,-7.406328260529,
    18.784554861229));
#1439 = CARTESIAN_POINT('',(-30.24993334762,-7.210629591903,
    19.156302414252));
#1440 = CARTESIAN_POINT('',(-30.04164276681,-6.950909255051,
    19.477537771849));
#1441 = CARTESIAN_POINT('',(-29.86642153962,-6.647005726739,
    19.7420145177));
#1442 = CARTESIAN_POINT('',(-29.72745189153,-6.32157979805,
    19.948765819864));
#1443 = CARTESIAN_POINT('',(-29.54187588104,-5.750676900418,
    20.22222539201));
#1444 = CARTESIAN_POINT('',(-29.47767718577,-5.491806266342,
    20.31564257062));
#1445 = CARTESIAN_POINT('',(-29.42999550286,-5.226564248304,
    20.384426114111));
#1446 = CARTESIAN_POINT('',(-29.39851706085,-4.957334077322,
    20.429600077224));
#1447 = CARTESIAN_POINT('',(-29.38301149857,-4.686010930102,
    20.451815808516));
#1448 = CARTESIAN_POINT('',(-29.3833805911,-4.414255125379,
    20.451328193603));
#1449 = CARTESIAN_POINT('',(-29.39968665086,-4.14371801428,
    20.427963150789));
#1450 = CARTESIAN_POINT('',(-29.46451232468,-3.609812095637,
    20.334348842186));
#1451 = CARTESIAN_POINT('',(-29.512881654,-3.346667032899,
    20.264317640886));
#1452 = CARTESIAN_POINT('',(-29.57746159239,-3.088540612509,
    20.170381773453));
#1453 = CARTESIAN_POINT('',(-29.65862428287,-2.837653137036,
    20.051453296731));
#1454 = CARTESIAN_POINT('',(-29.75678030775,-2.597016991062,
    19.906131617001));
#1455 = CARTESIAN_POINT('',(-29.87223000838,-2.370648754635,
    19.732821166223));
#1456 = CARTESIAN_POINT('',(-30.0049731137,-2.163886537773,
    19.52993825273));
#1457 = CARTESIAN_POINT('',(-30.31527625173,-1.790414279389,
    19.045027215715));
#1458 = CARTESIAN_POINT('',(-30.50143166785,-1.62077463176,
    18.748848904617));
#1459 = CARTESIAN_POINT('',(-30.70595686611,-1.498704965899,
    18.41550816564));
#1460 = CARTESIAN_POINT('',(-30.91903082095,-1.439178402307,
    18.057424654494));
#1461 = CARTESIAN_POINT('',(-31.12955237452,-1.448655927861,
    17.690816914156));
#1462 = CARTESIAN_POINT('',(-31.32800891003,-1.525084476331,
    17.333398429238));
#1463 = CARTESIAN_POINT('',(-31.50711306495,-1.65772642915,
    17.00153903575));
#1464 = CARTESIAN_POINT('',(-31.86272803299,-2.045699805689,
    16.327617534049));
#1465 = CARTESIAN_POINT('',(-32.02587838613,-2.328501427562,
    16.005809709843));
#1466 = CARTESIAN_POINT('',(-32.15463358906,-2.652123800915,
    15.743645426923));
#1467 = CARTESIAN_POINT('',(-32.2530857448,-3.001764680392,
    15.538814040119));
#1468 = CARTESIAN_POINT('',(-32.32445298889,-3.367105355119,
    15.388203192454));
#1469 = CARTESIAN_POINT('',(-32.37119442475,-3.741428997717,
    15.288846920017));
#1470 = CARTESIAN_POINT('',(-32.39465973271,-4.120262619762,
    15.238963901849));
#1471 = CARTESIAN_POINT('',(-32.39465973271,-4.5,15.238963901849));
#1472 = PCURVE('',#639,#1473);
#1473 = DEFINITIONAL_REPRESENTATION('',(#1474),#1526);
#1474 = B_SPLINE_CURVE_WITH_KNOTS('',8,(#1475,#1476,#1477,#1478,#1479,
    #1480,#1481,#1482,#1483,#1484,#1485,#1486,#1487,#1488,#1489,#1490,
    #1491,#1492,#1493,#1494,#1495,#1496,#1497,#1498,#1499,#1500,#1501,
    #1502,#1503,#1504,#1505,#1506,#1507,#1508,#1509,#1510,#1511,#1512,
    #1513,#1514,#1515,#1516,#1517,#1518,#1519,#1520,#1521,#1522,#1523,
    #1524,#1525),.UNSPECIFIED.,.F.,.F.,(9,7,7,7,7,7,7,9),(0.,
    0.116305407388,0.220371515629,0.395456144314,0.531200499455,
    0.666437180717,0.811954487462,1.),.UNSPECIFIED.);
#1475 = CARTESIAN_POINT('',(5.572907009874E-02,-4.));
#1476 = CARTESIAN_POINT('',(5.572907009874E-02,-4.2466843904));
#1477 = CARTESIAN_POINT('',(5.637889059092E-02,-4.493183258093));
#1478 = CARTESIAN_POINT('',(5.76768918778E-02,-4.738319019177));
#1479 = CARTESIAN_POINT('',(5.963172853626E-02,-4.980825805598));
#1480 = CARTESIAN_POINT('',(6.226072820709E-02,-5.219215607264));
#1481 = CARTESIAN_POINT('',(6.558812273043E-02,-5.451623804766));
#1482 = CARTESIAN_POINT('',(6.964292633967E-02,-5.675618890143));
#1483 = CARTESIAN_POINT('',(7.876305836055E-02,-6.077957799307));
#1484 = CARTESIAN_POINT('',(8.372762903715E-02,-6.260852223711));
#1485 = CARTESIAN_POINT('',(8.935950789437E-02,-6.432273117275));
#1486 = CARTESIAN_POINT('',(9.564867046253E-02,-6.58782755395));
#1487 = CARTESIAN_POINT('',(0.102566457432,-6.723115962943));
#1488 = CARTESIAN_POINT('',(0.110065743224,-6.833730497437));
#1489 = CARTESIAN_POINT('',(0.118079502179,-6.915227534622));
#1490 = CARTESIAN_POINT('',(0.140712370784,-7.043548560747));
#1491 = CARTESIAN_POINT('',(0.15484054198,-7.021574742194));
#1492 = CARTESIAN_POINT('',(0.168285665228,-6.906328260529));
#1493 = CARTESIAN_POINT('',(0.180549101504,-6.710629591903));
#1494 = CARTESIAN_POINT('',(0.191242314842,-6.450909255051));
#1495 = CARTESIAN_POINT('',(0.200103817612,-6.147005726739));
#1496 = CARTESIAN_POINT('',(0.207062293685,-5.82157979805));
#1497 = CARTESIAN_POINT('',(0.21629364465,-5.250676900418));
#1498 = CARTESIAN_POINT('',(0.219459793908,-4.991806266342));
#1499 = CARTESIAN_POINT('',(0.221797604354,-4.726564248304));
#1500 = CARTESIAN_POINT('',(0.223335591037,-4.457334077322));
#1501 = CARTESIAN_POINT('',(0.224092343111,-4.186010930102));
#1502 = CARTESIAN_POINT('',(0.224075270825,-3.914255125379));
#1503 = CARTESIAN_POINT('',(0.223279400736,-3.64371801428));
#1504 = CARTESIAN_POINT('',(0.220098719878,-3.109812095637));
#1505 = CARTESIAN_POINT('',(0.217721306,-2.846667032899));
#1506 = CARTESIAN_POINT('',(0.21453714409,-2.588540612509));
#1507 = CARTESIAN_POINT('',(0.210515294432,-2.337653137036));
#1508 = CARTESIAN_POINT('',(0.205616956646,-2.097016991062));
#1509 = CARTESIAN_POINT('',(0.199800385721,-1.870648754635));
#1510 = CARTESIAN_POINT('',(0.193028375198,-1.663886537773));
#1511 = CARTESIAN_POINT('',(0.176947460313,-1.290414279389));
#1512 = CARTESIAN_POINT('',(0.167176225498,-1.12077463176));
#1513 = CARTESIAN_POINT('',(0.156253128041,-0.998704965899));
#1514 = CARTESIAN_POINT('',(0.144616287506,-0.939178402307));
#1515 = CARTESIAN_POINT('',(0.132810157482,-0.948655927861));
#1516 = CARTESIAN_POINT('',(0.121391964179,-1.025084476331));
#1517 = CARTESIAN_POINT('',(0.110858744413,-1.15772642915));
#1518 = CARTESIAN_POINT('',(8.95740445664E-02,-1.545699805689));
#1519 = CARTESIAN_POINT('',(7.949711324869E-02,-1.828501427562));
#1520 = CARTESIAN_POINT('',(7.133937332492E-02,-2.152123800915));
#1521 = CARTESIAN_POINT('',(6.499138546692E-02,-2.501764680392));
#1522 = CARTESIAN_POINT('',(6.033601629306E-02,-2.867105355119));
#1523 = CARTESIAN_POINT('',(5.726891569969E-02,-3.241428997717));
#1524 = CARTESIAN_POINT('',(5.572907009874E-02,-3.620262619762));
#1525 = CARTESIAN_POINT('',(5.572907009874E-02,-4.));
#1526 = ( GEOMETRIC_REPRESENTATION_CONTEXT(2) 
PARAMETRIC_REPRESENTATION_CONTEXT() REPRESENTATION_CONTEXT('2D SPACE',''
  ) );
#1527 = PCURVE('',#1528,#1533);
#1528 = CYLINDRICAL_SURFACE('',#1529,3.);
#1529 = AXIS2_PLACEMENT_3D('',#1530,#1531,#1532);
#1530 = CARTESIAN_POINT('',(-29.79127389018,-4.5,17.2));
#1531 = DIRECTION('',(-0.866025403784,0.,0.5));
#1532 = DIRECTION('',(-0.5,0.,-0.866025403784));
#1533 = DEFINITIONAL_REPRESENTATION('',(#1534),#1586);
#1534 = B_SPLINE_CURVE_WITH_KNOTS('',8,(#1535,#1536,#1537,#1538,#1539,
    #1540,#1541,#1542,#1543,#1544,#1545,#1546,#1547,#1548,#1549,#1550,
    #1551,#1552,#1553,#1554,#1555,#1556,#1557,#1558,#1559,#1560,#1561,
    #1562,#1563,#1564,#1565,#1566,#1567,#1568,#1569,#1570,#1571,#1572,
    #1573,#1574,#1575,#1576,#1577,#1578,#1579,#1580,#1581,#1582,#1583,
    #1584,#1585),.UNSPECIFIED.,.F.,.F.,(9,7,7,7,7,7,7,9),(0.,
    0.116305407388,0.220371515629,0.395456144314,0.531200499455,
    0.666437180717,0.811954487462,1.),.UNSPECIFIED.);
#1535 = CARTESIAN_POINT('',(0.,1.274080226405));
#1536 = CARTESIAN_POINT('',(8.222813013328E-02,1.274080226405));
#1537 = CARTESIAN_POINT('',(0.164394324557,1.27602967884));
#1538 = CARTESIAN_POINT('',(0.246953790817,1.279923718484));
#1539 = CARTESIAN_POINT('',(0.33032531136,1.285703816351));
#1540 = CARTESIAN_POINT('',(0.414930131542,1.293254459321));
#1541 = CARTESIAN_POINT('',(0.501201360641,1.302381687653));
#1542 = CARTESIAN_POINT('',(0.589600586977,1.312781120387));
#1543 = CARTESIAN_POINT('',(0.762171733676,1.334044141691));
#1544 = CARTESIAN_POINT('',(0.846764771361,1.344861439382));
#1545 = CARTESIAN_POINT('',(0.934226631261,1.356072150522));
#1546 = CARTESIAN_POINT('',(1.024435629895,1.367151506181));
#1547 = CARTESIAN_POINT('',(1.117371442964,1.377458709737));
#1548 = CARTESIAN_POINT('',(1.213101180544,1.386290765618));
#1549 = CARTESIAN_POINT('',(1.311783727807,1.392964096772));
#1550 = CARTESIAN_POINT('',(1.585212446752,1.403585778849));
#1551 = CARTESIAN_POINT('',(1.750609214674,1.401972152321));
#1552 = CARTESIAN_POINT('',(1.910755906823,1.391929064655));
#1553 = CARTESIAN_POINT('',(2.065802139798,1.375361948953));
#1554 = CARTESIAN_POINT('',(2.215463155039,1.355594693403));
#1555 = CARTESIAN_POINT('',(2.358851563917,1.336087032299));
#1556 = CARTESIAN_POINT('',(2.494217756011,1.319111437778));
#1557 = CARTESIAN_POINT('',(2.713958383764,1.295127684439));
#1558 = CARTESIAN_POINT('',(2.807521435269,1.286238572748));
#1559 = CARTESIAN_POINT('',(2.899338137166,1.279336795801));
#1560 = CARTESIAN_POINT('',(2.989959653556,1.274662646899));
#1561 = CARTESIAN_POINT('',(3.079911940322,1.272342301711));
#1562 = CARTESIAN_POINT('',(3.169713750514,1.272418137761));
#1563 = CARTESIAN_POINT('',(3.259889447899,1.274857078342));
#1564 = CARTESIAN_POINT('',(3.441834012722,1.284190604392));
#1565 = CARTESIAN_POINT('',(3.533511220948,1.291064071696));
#1566 = CARTESIAN_POINT('',(3.626690919784,1.3000240052));
#1567 = CARTESIAN_POINT('',(3.721956021562,1.310848718629));
#1568 = CARTESIAN_POINT('',(3.819892762758,1.323193489852));
#1569 = CARTESIAN_POINT('',(3.921117261615,1.336520638066));
#1570 = CARTESIAN_POINT('',(4.026327898496,1.350038082706));
#1571 = CARTESIAN_POINT('',(4.25490268802,1.376312964601));
#1572 = CARTESIAN_POINT('',(4.383427576098,1.389439128468));
#1573 = CARTESIAN_POINT('',(4.517406756503,1.399892776383));
#1574 = CARTESIAN_POINT('',(4.654120828438,1.405378478592));
#1575 = CARTESIAN_POINT('',(4.791440409985,1.404391621858));
#1576 = CARTESIAN_POINT('',(4.927327574605,1.397550780697));
#1577 = CARTESIAN_POINT('',(5.059356556753,1.386729832037));
#1578 = CARTESIAN_POINT('',(5.344218153902,1.357740677476));
#1579 = CARTESIAN_POINT('',(5.494016583562,1.338129115826));
#1580 = CARTESIAN_POINT('',(5.635844421553,1.31855225097));
#1581 = CARTESIAN_POINT('',(5.771462011544,1.301398625497));
#1582 = CARTESIAN_POINT('',(5.902467981915,1.287899048046));
#1583 = CARTESIAN_POINT('',(6.030327316821,1.278700182692));
#1584 = CARTESIAN_POINT('',(6.156606180434,1.274080226405));
#1585 = CARTESIAN_POINT('',(6.28318530718,1.274080226405));
#1586 = ( GEOMETRIC_REPRESENTATION_CONTEXT(2) 
PARAMETRIC_REPRESENTATION_CONTEXT() REPRESENTATION_CONTEXT('2D SPACE',''
  ) );
#1587 = FACE_BOUND('',#1588,.T.);
#1588 = EDGE_LOOP('',(#1589));
#1589 = ORIENTED_EDGE('',*,*,#1590,.F.);
#1590 = EDGE_CURVE('',#1591,#1591,#1593,.T.);
#1591 = VERTEX_POINT('',#1592);
#1592 = CARTESIAN_POINT('',(29.394659732711,-4.5,20.435116324556));
#1593 = SURFACE_CURVE('',#1594,(#1653,#1715),.PCURVE_S1.);
#1594 = B_SPLINE_CURVE_WITH_KNOTS('',8,(#1595,#1596,#1597,#1598,#1599,
    #1600,#1601,#1602,#1603,#1604,#1605,#1606,#1607,#1608,#1609,#1610,
    #1611,#1612,#1613,#1614,#1615,#1616,#1617,#1618,#1619,#1620,#1621,
    #1622,#1623,#1624,#1625,#1626,#1627,#1628,#1629,#1630,#1631,#1632,
    #1633,#1634,#1635,#1636,#1637,#1638,#1639,#1640,#1641,#1642,#1643,
    #1644,#1645,#1646,#1647,#1648,#1649,#1650,#1651,#1652),
  .UNSPECIFIED.,.T.,.F.,(9,7,7,7,7,7,7,7,9),(0.,0.10889146203,
    0.214965346609,0.30293596741,0.409408244035,0.542019794825,
    0.67413538727,0.816294339842,1.),.UNSPECIFIED.);
#1595 = CARTESIAN_POINT('',(29.394659732711,-4.5,20.435116324556));
#1596 = CARTESIAN_POINT('',(29.394659732711,-4.735619789444,
    20.435116324556));
#1597 = CARTESIAN_POINT('',(29.406774182996,-4.971242887987,
    20.417690269348));
#1598 = CARTESIAN_POINT('',(29.431005529398,-5.204647523604,
    20.382835380167));
#1599 = CARTESIAN_POINT('',(29.467128753071,-5.43361709501,
    20.330750684113));
#1600 = CARTESIAN_POINT('',(29.514702543533,-5.655986586532,
    20.261824534276));
#1601 = CARTESIAN_POINT('',(29.573085792794,-5.869680512812,
    20.176630930463));
#1602 = CARTESIAN_POINT('',(29.641459410586,-6.072742393347,
    20.075934640545));
#1603 = CARTESIAN_POINT('',(29.794244931965,-6.449036980596,
    19.848457179557));
#1604 = CARTESIAN_POINT('',(29.880472882395,-6.628514765913,
    19.719028294805));
#1605 = CARTESIAN_POINT('',(29.97756370228,-6.798909196268,
    19.571829178224));
#1606 = CARTESIAN_POINT('',(30.085284165818,-6.957126449361,
    19.406518767748));
#1607 = CARTESIAN_POINT('',(30.203135200074,-7.099850187568,
    19.223024731614));
#1608 = CARTESIAN_POINT('',(30.330338862137,-7.223513951571,
    19.021595027393));
#1609 = CARTESIAN_POINT('',(30.465820482243,-7.324245930117,
    18.802902064034));
#1610 = CARTESIAN_POINT('',(30.726258018047,-7.458759651979,
    18.373592167607));
#1611 = CARTESIAN_POINT('',(30.845739598427,-7.499316082192,
    18.173447054367));
#1612 = CARTESIAN_POINT('',(30.965394472679,-7.518866811373,
    17.969559610796));
#1613 = CARTESIAN_POINT('',(31.084027440354,-7.517112200961,
    17.763792271174));
#1614 = CARTESIAN_POINT('',(31.200514409622,-7.494030425155,
    17.558074357332));
#1615 = CARTESIAN_POINT('',(31.313822025671,-7.449875781385,
    17.354373307203));
#1616 = CARTESIAN_POINT('',(31.423018817557,-7.385177818044,
    17.154658741494));
#1617 = CARTESIAN_POINT('',(31.653464286654,-7.198546360231,
    16.726300827618));
#1618 = CARTESIAN_POINT('',(31.767710675962,-7.071249397611,
    16.509156516289));
#1619 = CARTESIAN_POINT('',(31.870118510797,-6.92354420577,
    16.310556934925));
#1620 = CARTESIAN_POINT('',(31.961072357975,-6.759404483531,
    16.131052587262));
#1621 = CARTESIAN_POINT('',(32.041082551525,-6.582236702458,
    15.970779780692));
#1622 = CARTESIAN_POINT('',(32.110702732893,-6.394981873541,
    15.829582097975));
#1623 = CARTESIAN_POINT('',(32.170492613691,-6.200178622039,
    15.70709498517));
#1624 = CARTESIAN_POINT('',(32.283898849817,-5.750676905341,
    15.472902294993));
#1625 = CARTESIAN_POINT('',(32.332701155823,-5.491806258167,
    15.370595996797));
#1626 = CARTESIAN_POINT('',(32.368428606144,-5.226564247786,
    15.294910685174));
#1627 = CARTESIAN_POINT('',(32.391811185863,-4.957334085297,
    15.245062570895));
#1628 = CARTESIAN_POINT('',(32.40329779467,-4.686010930617,
    15.220526489692));
#1629 = CARTESIAN_POINT('',(32.403060051057,-4.414255116467,
    15.221089946851));
#1630 = CARTESIAN_POINT('',(32.390978362047,-4.14371801934,
    15.246893926577));
#1631 = CARTESIAN_POINT('',(32.342318828801,-3.609812092455,
    15.34984176282));
#1632 = CARTESIAN_POINT('',(32.305854696216,-3.346667041963,
    15.426746427085));
#1633 = CARTESIAN_POINT('',(32.256793812932,-3.088540603344,
    15.529642237895));
#1634 = CARTESIAN_POINT('',(32.194380080087,-2.837653136371,
    15.659395420223));
#1635 = CARTESIAN_POINT('',(32.117605828341,-2.597017000272,
    15.817061866788));
#1636 = CARTESIAN_POINT('',(32.025239418686,-2.370648747044,
    16.003699479242));
#1637 = CARTESIAN_POINT('',(31.915909219614,-2.163886539965,
    16.220099826976));
#1638 = CARTESIAN_POINT('',(31.651115510442,-1.790414279389,
    16.731285748886));
#1639 = CARTESIAN_POINT('',(31.487695277042,-1.620774631758,
    17.040590223853));
#1640 = CARTESIAN_POINT('',(31.3012763281,-1.498704965905,
    17.384384610742));
#1641 = CARTESIAN_POINT('',(31.097703888197,-1.439178402298,
    17.747953824096));
#1642 = CARTESIAN_POINT('',(30.885473048619,-1.448655927868,
    18.113574707707));
#1643 = CARTESIAN_POINT('',(30.675167828659,-1.525084476328,
    18.464152351455));
#1644 = CARTESIAN_POINT('',(30.47732124087,-1.657726429151,
    18.785190796289));
#1645 = CARTESIAN_POINT('',(30.07149558596,-2.045699804065,
    19.430123140729));
#1646 = CARTESIAN_POINT('',(29.874377003564,-2.32850143638,
    19.732319416025));
#1647 = CARTESIAN_POINT('',(29.711713693753,-2.652123779613,
    19.974906806285));
#1648 = CARTESIAN_POINT('',(29.583550564466,-3.001764709498,
    20.162584603104));
#1649 = CARTESIAN_POINT('',(29.488801384074,-3.36710533128,
    20.299695845698));
#1650 = CARTESIAN_POINT('',(29.426127038057,-3.741429009037,
    20.389853265199));
#1651 = CARTESIAN_POINT('',(29.394659732711,-4.120262617193,
    20.435116324556));
#1652 = CARTESIAN_POINT('',(29.394659732711,-4.5,20.435116324556));
#1653 = PCURVE('',#639,#1654);
#1654 = DEFINITIONAL_REPRESENTATION('',(#1655),#1714);
#1655 = B_SPLINE_CURVE_WITH_KNOTS('',8,(#1656,#1657,#1658,#1659,#1660,
    #1661,#1662,#1663,#1664,#1665,#1666,#1667,#1668,#1669,#1670,#1671,
    #1672,#1673,#1674,#1675,#1676,#1677,#1678,#1679,#1680,#1681,#1682,
    #1683,#1684,#1685,#1686,#1687,#1688,#1689,#1690,#1691,#1692,#1693,
    #1694,#1695,#1696,#1697,#1698,#1699,#1700,#1701,#1702,#1703,#1704,
    #1705,#1706,#1707,#1708,#1709,#1710,#1711,#1712,#1713),
  .UNSPECIFIED.,.F.,.F.,(9,7,7,7,7,7,7,7,9),(0.,0.10889146203,
    0.214965346609,0.30293596741,0.409408244035,0.542019794825,
    0.67413538727,0.816294339842,1.),.UNSPECIFIED.);
#1656 = CARTESIAN_POINT('',(2.150124172492,-4.));
#1657 = CARTESIAN_POINT('',(2.150124172492,-4.235619789444));
#1658 = CARTESIAN_POINT('',(2.150717000553,-4.471242887987));
#1659 = CARTESIAN_POINT('',(2.151902762912,-4.704647523604));
#1660 = CARTESIAN_POINT('',(2.153673301557,-4.93361709501));
#1661 = CARTESIAN_POINT('',(2.156012674597,-5.155986586532));
#1662 = CARTESIAN_POINT('',(2.158897528477,-5.369680512812));
#1663 = CARTESIAN_POINT('',(2.162297362047,-5.572742393347));
#1664 = CARTESIAN_POINT('',(2.169951676884,-5.949036980596));
#1665 = CARTESIAN_POINT('',(2.174295836799,-6.128514765913));
#1666 = CARTESIAN_POINT('',(2.179221318169,-6.298909196268));
#1667 = CARTESIAN_POINT('',(2.184732587554,-6.457126449361));
#1668 = CARTESIAN_POINT('',(2.190823906199,-6.599850187568));
#1669 = CARTESIAN_POINT('',(2.197478056883,-6.723513951571));
#1670 = CARTESIAN_POINT('',(2.204663731213,-6.824245930117));
#1671 = CARTESIAN_POINT('',(2.218689713326,-6.958759651979));
#1672 = CARTESIAN_POINT('',(2.225200622211,-6.999316082192));
#1673 = CARTESIAN_POINT('',(2.231803803454,-7.018866811373));
#1674 = CARTESIAN_POINT('',(2.238437942877,-7.017112200961));
#1675 = CARTESIAN_POINT('',(2.245041153493,-6.994030425155));
#1676 = CARTESIAN_POINT('',(2.251551861365,-6.949875781385));
#1677 = CARTESIAN_POINT('',(2.257909754101,-6.885177818044));
#1678 = CARTESIAN_POINT('',(2.27149665227,-6.698546360231));
#1679 = CARTESIAN_POINT('',(2.278350125565,-6.571249397611));
#1680 = CARTESIAN_POINT('',(2.284591375352,-6.42354420577));
#1681 = CARTESIAN_POINT('',(2.290212154226,-6.259404483531));
#1682 = CARTESIAN_POINT('',(2.295215768744,-6.082236702458));
#1683 = CARTESIAN_POINT('',(2.29961315349,-5.894981873541));
#1684 = CARTESIAN_POINT('',(2.303420421433,-5.700178622039));
#1685 = CARTESIAN_POINT('',(2.310688746963,-5.250676905341));
#1686 = CARTESIAN_POINT('',(2.313854896466,-4.991806258167));
#1687 = CARTESIAN_POINT('',(2.316192706639,-4.726564247786));
#1688 = CARTESIAN_POINT('',(2.317730693393,-4.457334085297));
#1689 = CARTESIAN_POINT('',(2.318487445613,-4.186010930617));
#1690 = CARTESIAN_POINT('',(2.318470373134,-3.914255116467));
#1691 = CARTESIAN_POINT('',(2.317674503159,-3.64371801934));
#1692 = CARTESIAN_POINT('',(2.314493822252,-3.109812092455));
#1693 = CARTESIAN_POINT('',(2.312116408509,-2.846667041963));
#1694 = CARTESIAN_POINT('',(2.308932246291,-2.588540603344));
#1695 = CARTESIAN_POINT('',(2.304910396878,-2.337653136371));
#1696 = CARTESIAN_POINT('',(2.300012059229,-2.097017000272));
#1697 = CARTESIAN_POINT('',(2.294195487882,-1.870648747044));
#1698 = CARTESIAN_POINT('',(2.287423477686,-1.663886539965));
#1699 = CARTESIAN_POINT('',(2.271342562706,-1.290414279389));
#1700 = CARTESIAN_POINT('',(2.261571327891,-1.120774631758));
#1701 = CARTESIAN_POINT('',(2.250648230435,-0.998704965905));
#1702 = CARTESIAN_POINT('',(2.239011389899,-0.939178402298));
#1703 = CARTESIAN_POINT('',(2.227205259875,-0.948655927868));
#1704 = CARTESIAN_POINT('',(2.215787066572,-1.025084476328));
#1705 = CARTESIAN_POINT('',(2.205253846806,-1.157726429151));
#1706 = CARTESIAN_POINT('',(2.183969147049,-1.545699804065));
#1707 = CARTESIAN_POINT('',(2.17389221531,-1.82850143638));
#1708 = CARTESIAN_POINT('',(2.165734476307,-2.152123779613));
#1709 = CARTESIAN_POINT('',(2.159386487272,-2.501764709498));
#1710 = CARTESIAN_POINT('',(2.154731119015,-2.86710533128));
#1711 = CARTESIAN_POINT('',(2.151664018009,-3.241429009037));
#1712 = CARTESIAN_POINT('',(2.150124172492,-3.620262617193));
#1713 = CARTESIAN_POINT('',(2.150124172492,-4.));
#1714 = ( GEOMETRIC_REPRESENTATION_CONTEXT(2) 
PARAMETRIC_REPRESENTATION_CONTEXT() REPRESENTATION_CONTEXT('2D SPACE',''
  ) );
#1715 = PCURVE('',#1716,#1721);
#1716 = CYLINDRICAL_SURFACE('',#1717,3.);
#1717 = AXIS2_PLACEMENT_3D('',#1718,#1719,#1720);
#1718 = CARTESIAN_POINT('',(29.791273890185,-4.5,17.2));
#1719 = DIRECTION('',(0.866025403784,0.,0.5));
#1720 = DIRECTION('',(-0.5,0.,0.866025403784));
#1721 = DEFINITIONAL_REPRESENTATION('',(#1722),#1781);
#1722 = B_SPLINE_CURVE_WITH_KNOTS('',8,(#1723,#1724,#1725,#1726,#1727,
    #1728,#1729,#1730,#1731,#1732,#1733,#1734,#1735,#1736,#1737,#1738,
    #1739,#1740,#1741,#1742,#1743,#1744,#1745,#1746,#1747,#1748,#1749,
    #1750,#1751,#1752,#1753,#1754,#1755,#1756,#1757,#1758,#1759,#1760,
    #1761,#1762,#1763,#1764,#1765,#1766,#1767,#1768,#1769,#1770,#1771,
    #1772,#1773,#1774,#1775,#1776,#1777,#1778,#1779,#1780),
  .UNSPECIFIED.,.F.,.F.,(9,7,7,7,7,7,7,7,9),(0.,0.10889146203,
    0.214965346609,0.30293596741,0.409408244035,0.542019794825,
    0.67413538727,0.816294339842,1.),.UNSPECIFIED.);
#1723 = CARTESIAN_POINT('',(0.,1.274080226405));
#1724 = CARTESIAN_POINT('',(7.853992981455E-02,1.274080226405));
#1725 = CARTESIAN_POINT('',(0.157080837786,1.275858620501));
#1726 = CARTESIAN_POINT('',(0.235620913148,1.279416137463));
#1727 = CARTESIAN_POINT('',(0.31415888486,1.284657418803));
#1728 = CARTESIAN_POINT('',(0.392696466001,1.291394454978));
#1729 = CARTESIAN_POINT('',(0.471237171012,1.299359030088));
#1730 = CARTESIAN_POINT('',(0.549781505804,1.308224175085));
#1731 = CARTESIAN_POINT('',(0.704823402272,1.326801587436));
#1732 = CARTESIAN_POINT('',(0.783632099638,1.336762740648));
#1733 = CARTESIAN_POINT('',(0.86475354009,1.347246298853));
#1734 = CARTESIAN_POINT('',(0.948241814686,1.357879751546));
#1735 = CARTESIAN_POINT('',(1.034206884859,1.368194723007));
#1736 = CARTESIAN_POINT('',(1.12281408352,1.377641473698));
#1737 = CARTESIAN_POINT('',(1.214295576349,1.385625516776));
#1738 = CARTESIAN_POINT('',(1.387535946931,1.396516090667));
#1739 = CARTESIAN_POINT('',(1.466078078636,1.399917617941));
#1740 = CARTESIAN_POINT('',(1.544617863642,1.401598056945));
#1741 = CARTESIAN_POINT('',(1.623155616636,1.401453550866));
#1742 = CARTESIAN_POINT('',(1.70169397103,1.399475268541));
#1743 = CARTESIAN_POINT('',(1.780234930642,1.395752017417));
#1744 = CARTESIAN_POINT('',(1.858777439495,1.390461930348));
#1745 = CARTESIAN_POINT('',(2.032371328169,1.375854603835));
#1746 = CARTESIAN_POINT('',(2.123874914807,1.366222723601));
#1747 = CARTESIAN_POINT('',(2.212284551055,1.355610719433));
#1748 = CARTESIAN_POINT('',(2.297937784212,1.34462688783));
#1749 = CARTESIAN_POINT('',(2.381113229183,1.333781344721));
#1750 = CARTESIAN_POINT('',(2.462048399467,1.323475349044));
#1751 = CARTESIAN_POINT('',(2.540945090445,1.314011348301));
#1752 = CARTESIAN_POINT('',(2.713958381869,1.295127684645));
#1753 = CARTESIAN_POINT('',(2.807521438449,1.286238572312));
#1754 = CARTESIAN_POINT('',(2.899338137132,1.27933679609));
#1755 = CARTESIAN_POINT('',(2.98995965071,1.274662646994));
#1756 = CARTESIAN_POINT('',(3.079911940375,1.272342301422));
#1757 = CARTESIAN_POINT('',(3.16971375345,1.272418137993));
#1758 = CARTESIAN_POINT('',(3.259889446175,1.274857078253));
#1759 = CARTESIAN_POINT('',(3.441834013806,1.284190604448));
#1760 = CARTESIAN_POINT('',(3.53351121745,1.291064071435));
#1761 = CARTESIAN_POINT('',(3.626690923836,1.300024005583));
#1762 = CARTESIAN_POINT('',(3.721956021375,1.310848718558));
#1763 = CARTESIAN_POINT('',(3.819892758714,1.323193489472));
#1764 = CARTESIAN_POINT('',(3.92111726552,1.336520638482));
#1765 = CARTESIAN_POINT('',(4.026327897155,1.350038082551));
#1766 = CARTESIAN_POINT('',(4.254902688019,1.376312964601));
#1767 = CARTESIAN_POINT('',(4.383427576099,1.389439128468));
#1768 = CARTESIAN_POINT('',(4.517406756502,1.399892776382));
#1769 = CARTESIAN_POINT('',(4.654120828437,1.405378478593));
#1770 = CARTESIAN_POINT('',(4.791440409987,1.404391621857));
#1771 = CARTESIAN_POINT('',(4.927327574603,1.397550780698));
#1772 = CARTESIAN_POINT('',(5.059356556754,1.386729832037));
#1773 = CARTESIAN_POINT('',(5.34421815271,1.357740677597));
#1774 = CARTESIAN_POINT('',(5.494016588796,1.338129115332));
#1775 = CARTESIAN_POINT('',(5.635844410581,1.318552251902));
#1776 = CARTESIAN_POINT('',(5.771462024958,1.301398624521));
#1777 = CARTESIAN_POINT('',(5.902467971964,1.287899048611));
#1778 = CARTESIAN_POINT('',(6.030327321093,1.278700182545));
#1779 = CARTESIAN_POINT('',(6.156606179577,1.274080226405));
#1780 = CARTESIAN_POINT('',(6.28318530718,1.274080226405));
#1781 = ( GEOMETRIC_REPRESENTATION_CONTEXT(2) 
PARAMETRIC_REPRESENTATION_CONTEXT() REPRESENTATION_CONTEXT('2D SPACE',''
  ) );
#1782 = ADVANCED_FACE('',(#1783),#666,.F.);
#1783 = FACE_BOUND('',#1784,.F.);
#1784 = EDGE_LOOP('',(#1785,#1815,#1836,#1837,#1838,#1861));
#1785 = ORIENTED_EDGE('',*,*,#1786,.F.);
#1786 = EDGE_CURVE('',#1787,#1789,#1791,.T.);
#1787 = VERTEX_POINT('',#1788);
#1788 = CARTESIAN_POINT('',(-12.,-7.7,35.8));
#1789 = VERTEX_POINT('',#1790);
#1790 = CARTESIAN_POINT('',(-12.,2.7,35.8));
#1791 = SURFACE_CURVE('',#1792,(#1796,#1803),.PCURVE_S1.);
#1792 = LINE('',#1793,#1794);
#1793 = CARTESIAN_POINT('',(-12.,-8.5,35.8));
#1794 = VECTOR('',#1795,1.);
#1795 = DIRECTION('',(-0.,1.,0.));
#1796 = PCURVE('',#666,#1797);
#1797 = DEFINITIONAL_REPRESENTATION('',(#1798),#1802);
#1798 = LINE('',#1799,#1800);
#1799 = CARTESIAN_POINT('',(3.,0.));
#1800 = VECTOR('',#1801,1.);
#1801 = DIRECTION('',(0.,-1.));
#1802 = ( GEOMETRIC_REPRESENTATION_CONTEXT(2) 
PARAMETRIC_REPRESENTATION_CONTEXT() REPRESENTATION_CONTEXT('2D SPACE',''
  ) );
#1803 = PCURVE('',#1804,#1809);
#1804 = PLANE('',#1805);
#1805 = AXIS2_PLACEMENT_3D('',#1806,#1807,#1808);
#1806 = CARTESIAN_POINT('',(-12.,-8.5,35.8));
#1807 = DIRECTION('',(0.,0.,1.));
#1808 = DIRECTION('',(1.,0.,-0.));
#1809 = DEFINITIONAL_REPRESENTATION('',(#1810),#1814);
#1810 = LINE('',#1811,#1812);
#1811 = CARTESIAN_POINT('',(0.,0.));
#1812 = VECTOR('',#1813,1.);
#1813 = DIRECTION('',(0.,1.));
#1814 = ( GEOMETRIC_REPRESENTATION_CONTEXT(2) 
PARAMETRIC_REPRESENTATION_CONTEXT() REPRESENTATION_CONTEXT('2D SPACE',''
  ) );
#1815 = ORIENTED_EDGE('',*,*,#1816,.F.);
#1816 = EDGE_CURVE('',#1335,#1787,#1817,.T.);
#1817 = SURFACE_CURVE('',#1818,(#1822,#1829),.PCURVE_S1.);
#1818 = LINE('',#1819,#1820);
#1819 = CARTESIAN_POINT('',(-12.,-7.7,32.8));
#1820 = VECTOR('',#1821,1.);
#1821 = DIRECTION('',(0.,0.,1.));
#1822 = PCURVE('',#666,#1823);
#1823 = DEFINITIONAL_REPRESENTATION('',(#1824),#1828);
#1824 = LINE('',#1825,#1826);
#1825 = CARTESIAN_POINT('',(0.,-0.8));
#1826 = VECTOR('',#1827,1.);
#1827 = DIRECTION('',(1.,0.));
#1828 = ( GEOMETRIC_REPRESENTATION_CONTEXT(2) 
PARAMETRIC_REPRESENTATION_CONTEXT() REPRESENTATION_CONTEXT('2D SPACE',''
  ) );
#1829 = PCURVE('',#1372,#1830);
#1830 = DEFINITIONAL_REPRESENTATION('',(#1831),#1835);
#1831 = LINE('',#1832,#1833);
#1832 = CARTESIAN_POINT('',(0.,0.));
#1833 = VECTOR('',#1834,1.);
#1834 = DIRECTION('',(0.,1.));
#1835 = ( GEOMETRIC_REPRESENTATION_CONTEXT(2) 
PARAMETRIC_REPRESENTATION_CONTEXT() REPRESENTATION_CONTEXT('2D SPACE',''
  ) );
#1836 = ORIENTED_EDGE('',*,*,#1395,.T.);
#1837 = ORIENTED_EDGE('',*,*,#651,.T.);
#1838 = ORIENTED_EDGE('',*,*,#1839,.T.);
#1839 = EDGE_CURVE('',#652,#1840,#1842,.T.);
#1840 = VERTEX_POINT('',#1841);
#1841 = CARTESIAN_POINT('',(-12.,2.7,32.8));
#1842 = SURFACE_CURVE('',#1843,(#1847,#1854),.PCURVE_S1.);
#1843 = LINE('',#1844,#1845);
#1844 = CARTESIAN_POINT('',(-12.,-8.5,32.8));
#1845 = VECTOR('',#1846,1.);
#1846 = DIRECTION('',(-0.,1.,0.));
#1847 = PCURVE('',#666,#1848);
#1848 = DEFINITIONAL_REPRESENTATION('',(#1849),#1853);
#1849 = LINE('',#1850,#1851);
#1850 = CARTESIAN_POINT('',(0.,0.));
#1851 = VECTOR('',#1852,1.);
#1852 = DIRECTION('',(0.,-1.));
#1853 = ( GEOMETRIC_REPRESENTATION_CONTEXT(2) 
PARAMETRIC_REPRESENTATION_CONTEXT() REPRESENTATION_CONTEXT('2D SPACE',''
  ) );
#1854 = PCURVE('',#692,#1855);
#1855 = DEFINITIONAL_REPRESENTATION('',(#1856),#1860);
#1856 = LINE('',#1857,#1858);
#1857 = CARTESIAN_POINT('',(0.,0.));
#1858 = VECTOR('',#1859,1.);
#1859 = DIRECTION('',(0.,1.));
#1860 = ( GEOMETRIC_REPRESENTATION_CONTEXT(2) 
PARAMETRIC_REPRESENTATION_CONTEXT() REPRESENTATION_CONTEXT('2D SPACE',''
  ) );
#1861 = ORIENTED_EDGE('',*,*,#1862,.T.);
#1862 = EDGE_CURVE('',#1840,#1789,#1863,.T.);
#1863 = SURFACE_CURVE('',#1864,(#1868,#1875),.PCURVE_S1.);
#1864 = LINE('',#1865,#1866);
#1865 = CARTESIAN_POINT('',(-12.,2.7,32.8));
#1866 = VECTOR('',#1867,1.);
#1867 = DIRECTION('',(0.,0.,1.));
#1868 = PCURVE('',#666,#1869);
#1869 = DEFINITIONAL_REPRESENTATION('',(#1870),#1874);
#1870 = LINE('',#1871,#1872);
#1871 = CARTESIAN_POINT('',(0.,-11.2));
#1872 = VECTOR('',#1873,1.);
#1873 = DIRECTION('',(1.,0.));
#1874 = ( GEOMETRIC_REPRESENTATION_CONTEXT(2) 
PARAMETRIC_REPRESENTATION_CONTEXT() REPRESENTATION_CONTEXT('2D SPACE',''
  ) );
#1875 = PCURVE('',#1876,#1881);
#1876 = CYLINDRICAL_SURFACE('',#1877,0.8);
#1877 = AXIS2_PLACEMENT_3D('',#1878,#1879,#1880);
#1878 = CARTESIAN_POINT('',(-11.2,2.7,32.8));
#1879 = DIRECTION('',(0.,0.,1.));
#1880 = DIRECTION('',(-1.,-0.,0.));
#1881 = DEFINITIONAL_REPRESENTATION('',(#1882),#1886);
#1882 = LINE('',#1883,#1884);
#1883 = CARTESIAN_POINT('',(-0.,0.));
#1884 = VECTOR('',#1885,1.);
#1885 = DIRECTION('',(-0.,1.));
#1886 = ( GEOMETRIC_REPRESENTATION_CONTEXT(2) 
PARAMETRIC_REPRESENTATION_CONTEXT() REPRESENTATION_CONTEXT('2D SPACE',''
  ) );
#1887 = ADVANCED_FACE('',(#1888),#692,.F.);
#1888 = FACE_BOUND('',#1889,.F.);
#1889 = EDGE_LOOP('',(#1890,#1891,#1892,#1915,#1944,#1972));
#1890 = ORIENTED_EDGE('',*,*,#1839,.F.);
#1891 = ORIENTED_EDGE('',*,*,#677,.T.);
#1892 = ORIENTED_EDGE('',*,*,#1893,.T.);
#1893 = EDGE_CURVE('',#678,#1894,#1896,.T.);
#1894 = VERTEX_POINT('',#1895);
#1895 = CARTESIAN_POINT('',(12.,2.7,32.8));
#1896 = SURFACE_CURVE('',#1897,(#1901,#1908),.PCURVE_S1.);
#1897 = LINE('',#1898,#1899);
#1898 = CARTESIAN_POINT('',(12.,-8.5,32.8));
#1899 = VECTOR('',#1900,1.);
#1900 = DIRECTION('',(-0.,1.,0.));
#1901 = PCURVE('',#692,#1902);
#1902 = DEFINITIONAL_REPRESENTATION('',(#1903),#1907);
#1903 = LINE('',#1904,#1905);
#1904 = CARTESIAN_POINT('',(24.,0.));
#1905 = VECTOR('',#1906,1.);
#1906 = DIRECTION('',(0.,1.));
#1907 = ( GEOMETRIC_REPRESENTATION_CONTEXT(2) 
PARAMETRIC_REPRESENTATION_CONTEXT() REPRESENTATION_CONTEXT('2D SPACE',''
  ) );
#1908 = PCURVE('',#718,#1909);
#1909 = DEFINITIONAL_REPRESENTATION('',(#1910),#1914);
#1910 = LINE('',#1911,#1912);
#1911 = CARTESIAN_POINT('',(0.,0.));
#1912 = VECTOR('',#1913,1.);
#1913 = DIRECTION('',(0.,-1.));
#1914 = ( GEOMETRIC_REPRESENTATION_CONTEXT(2) 
PARAMETRIC_REPRESENTATION_CONTEXT() REPRESENTATION_CONTEXT('2D SPACE',''
  ) );
#1915 = ORIENTED_EDGE('',*,*,#1916,.T.);
#1916 = EDGE_CURVE('',#1894,#1917,#1919,.T.);
#1917 = VERTEX_POINT('',#1918);
#1918 = CARTESIAN_POINT('',(11.2,3.5,32.8));
#1919 = SURFACE_CURVE('',#1920,(#1925,#1932),.PCURVE_S1.);
#1920 = CIRCLE('',#1921,0.8);
#1921 = AXIS2_PLACEMENT_3D('',#1922,#1923,#1924);
#1922 = CARTESIAN_POINT('',(11.2,2.7,32.8));
#1923 = DIRECTION('',(0.,0.,1.));
#1924 = DIRECTION('',(0.,-1.,0.));
#1925 = PCURVE('',#692,#1926);
#1926 = DEFINITIONAL_REPRESENTATION('',(#1927),#1931);
#1927 = CIRCLE('',#1928,0.8);
#1928 = AXIS2_PLACEMENT_2D('',#1929,#1930);
#1929 = CARTESIAN_POINT('',(23.2,11.2));
#1930 = DIRECTION('',(0.,-1.));
#1931 = ( GEOMETRIC_REPRESENTATION_CONTEXT(2) 
PARAMETRIC_REPRESENTATION_CONTEXT() REPRESENTATION_CONTEXT('2D SPACE',''
  ) );
#1932 = PCURVE('',#1933,#1938);
#1933 = CYLINDRICAL_SURFACE('',#1934,0.8);
#1934 = AXIS2_PLACEMENT_3D('',#1935,#1936,#1937);
#1935 = CARTESIAN_POINT('',(11.2,2.7,32.8));
#1936 = DIRECTION('',(0.,0.,1.));
#1937 = DIRECTION('',(1.,0.,-0.));
#1938 = DEFINITIONAL_REPRESENTATION('',(#1939),#1943);
#1939 = LINE('',#1940,#1941);
#1940 = CARTESIAN_POINT('',(-1.570796326795,0.));
#1941 = VECTOR('',#1942,1.);
#1942 = DIRECTION('',(1.,0.));
#1943 = ( GEOMETRIC_REPRESENTATION_CONTEXT(2) 
PARAMETRIC_REPRESENTATION_CONTEXT() REPRESENTATION_CONTEXT('2D SPACE',''
  ) );
#1944 = ORIENTED_EDGE('',*,*,#1945,.F.);
#1945 = EDGE_CURVE('',#1946,#1917,#1948,.T.);
#1946 = VERTEX_POINT('',#1947);
#1947 = CARTESIAN_POINT('',(-11.2,3.5,32.8));
#1948 = SURFACE_CURVE('',#1949,(#1953,#1960),.PCURVE_S1.);
#1949 = LINE('',#1950,#1951);
#1950 = CARTESIAN_POINT('',(-12.,3.5,32.8));
#1951 = VECTOR('',#1952,1.);
#1952 = DIRECTION('',(1.,0.,-0.));
#1953 = PCURVE('',#692,#1954);
#1954 = DEFINITIONAL_REPRESENTATION('',(#1955),#1959);
#1955 = LINE('',#1956,#1957);
#1956 = CARTESIAN_POINT('',(0.,12.));
#1957 = VECTOR('',#1958,1.);
#1958 = DIRECTION('',(1.,0.));
#1959 = ( GEOMETRIC_REPRESENTATION_CONTEXT(2) 
PARAMETRIC_REPRESENTATION_CONTEXT() REPRESENTATION_CONTEXT('2D SPACE',''
  ) );
#1960 = PCURVE('',#1961,#1966);
#1961 = PLANE('',#1962);
#1962 = AXIS2_PLACEMENT_3D('',#1963,#1964,#1965);
#1963 = CARTESIAN_POINT('',(-12.,3.5,32.8));
#1964 = DIRECTION('',(-0.,1.,0.));
#1965 = DIRECTION('',(0.,0.,1.));
#1966 = DEFINITIONAL_REPRESENTATION('',(#1967),#1971);
#1967 = LINE('',#1968,#1969);
#1968 = CARTESIAN_POINT('',(0.,0.));
#1969 = VECTOR('',#1970,1.);
#1970 = DIRECTION('',(0.,1.));
#1971 = ( GEOMETRIC_REPRESENTATION_CONTEXT(2) 
PARAMETRIC_REPRESENTATION_CONTEXT() REPRESENTATION_CONTEXT('2D SPACE',''
  ) );
#1972 = ORIENTED_EDGE('',*,*,#1973,.F.);
#1973 = EDGE_CURVE('',#1840,#1946,#1974,.T.);
#1974 = SURFACE_CURVE('',#1975,(#1980,#1991),.PCURVE_S1.);
#1975 = CIRCLE('',#1976,0.8);
#1976 = AXIS2_PLACEMENT_3D('',#1977,#1978,#1979);
#1977 = CARTESIAN_POINT('',(-11.2,2.7,32.8));
#1978 = DIRECTION('',(-0.,-0.,-1.));
#1979 = DIRECTION('',(0.,-1.,0.));
#1980 = PCURVE('',#692,#1981);
#1981 = DEFINITIONAL_REPRESENTATION('',(#1982),#1990);
#1982 = ( BOUNDED_CURVE() B_SPLINE_CURVE(2,(#1983,#1984,#1985,#1986,
#1987,#1988,#1989),.UNSPECIFIED.,.T.,.F.) B_SPLINE_CURVE_WITH_KNOTS((1,2
    ,2,2,2,1),(-2.094395102393,0.,2.094395102393,4.188790204786,
6.28318530718,8.377580409573),.UNSPECIFIED.) CURVE() 
GEOMETRIC_REPRESENTATION_ITEM() RATIONAL_B_SPLINE_CURVE((1.,0.5,1.,0.5,
1.,0.5,1.)) REPRESENTATION_ITEM('') );
#1983 = CARTESIAN_POINT('',(0.8,10.4));
#1984 = CARTESIAN_POINT('',(-0.585640646055,10.4));
#1985 = CARTESIAN_POINT('',(0.107179676972,11.6));
#1986 = CARTESIAN_POINT('',(0.8,12.8));
#1987 = CARTESIAN_POINT('',(1.492820323028,11.6));
#1988 = CARTESIAN_POINT('',(2.185640646055,10.4));
#1989 = CARTESIAN_POINT('',(0.8,10.4));
#1990 = ( GEOMETRIC_REPRESENTATION_CONTEXT(2) 
PARAMETRIC_REPRESENTATION_CONTEXT() REPRESENTATION_CONTEXT('2D SPACE',''
  ) );
#1991 = PCURVE('',#1876,#1992);
#1992 = DEFINITIONAL_REPRESENTATION('',(#1993),#1997);
#1993 = LINE('',#1994,#1995);
#1994 = CARTESIAN_POINT('',(1.570796326795,-0.));
#1995 = VECTOR('',#1996,1.);
#1996 = DIRECTION('',(-1.,0.));
#1997 = ( GEOMETRIC_REPRESENTATION_CONTEXT(2) 
PARAMETRIC_REPRESENTATION_CONTEXT() REPRESENTATION_CONTEXT('2D SPACE',''
  ) );
#1998 = ADVANCED_FACE('',(#1999),#718,.T.);
#1999 = FACE_BOUND('',#2000,.T.);
#2000 = EDGE_LOOP('',(#2001,#2026,#2047,#2048,#2049,#2050));
#2001 = ORIENTED_EDGE('',*,*,#2002,.F.);
#2002 = EDGE_CURVE('',#2003,#2005,#2007,.T.);
#2003 = VERTEX_POINT('',#2004);
#2004 = CARTESIAN_POINT('',(12.,-7.7,35.8));
#2005 = VERTEX_POINT('',#2006);
#2006 = CARTESIAN_POINT('',(12.,2.7,35.8));
#2007 = SURFACE_CURVE('',#2008,(#2012,#2019),.PCURVE_S1.);
#2008 = LINE('',#2009,#2010);
#2009 = CARTESIAN_POINT('',(12.,-8.5,35.8));
#2010 = VECTOR('',#2011,1.);
#2011 = DIRECTION('',(-0.,1.,0.));
#2012 = PCURVE('',#718,#2013);
#2013 = DEFINITIONAL_REPRESENTATION('',(#2014),#2018);
#2014 = LINE('',#2015,#2016);
#2015 = CARTESIAN_POINT('',(3.,0.));
#2016 = VECTOR('',#2017,1.);
#2017 = DIRECTION('',(0.,-1.));
#2018 = ( GEOMETRIC_REPRESENTATION_CONTEXT(2) 
PARAMETRIC_REPRESENTATION_CONTEXT() REPRESENTATION_CONTEXT('2D SPACE',''
  ) );
#2019 = PCURVE('',#1804,#2020);
#2020 = DEFINITIONAL_REPRESENTATION('',(#2021),#2025);
#2021 = LINE('',#2022,#2023);
#2022 = CARTESIAN_POINT('',(24.,0.));
#2023 = VECTOR('',#2024,1.);
#2024 = DIRECTION('',(0.,1.));
#2025 = ( GEOMETRIC_REPRESENTATION_CONTEXT(2) 
PARAMETRIC_REPRESENTATION_CONTEXT() REPRESENTATION_CONTEXT('2D SPACE',''
  ) );
#2026 = ORIENTED_EDGE('',*,*,#2027,.F.);
#2027 = EDGE_CURVE('',#1195,#2003,#2028,.T.);
#2028 = SURFACE_CURVE('',#2029,(#2033,#2040),.PCURVE_S1.);
#2029 = LINE('',#2030,#2031);
#2030 = CARTESIAN_POINT('',(12.,-7.7,32.8));
#2031 = VECTOR('',#2032,1.);
#2032 = DIRECTION('',(0.,0.,1.));
#2033 = PCURVE('',#718,#2034);
#2034 = DEFINITIONAL_REPRESENTATION('',(#2035),#2039);
#2035 = LINE('',#2036,#2037);
#2036 = CARTESIAN_POINT('',(0.,-0.8));
#2037 = VECTOR('',#2038,1.);
#2038 = DIRECTION('',(1.,0.));
#2039 = ( GEOMETRIC_REPRESENTATION_CONTEXT(2) 
PARAMETRIC_REPRESENTATION_CONTEXT() REPRESENTATION_CONTEXT('2D SPACE',''
  ) );
#2040 = PCURVE('',#1253,#2041);
#2041 = DEFINITIONAL_REPRESENTATION('',(#2042),#2046);
#2042 = LINE('',#2043,#2044);
#2043 = CARTESIAN_POINT('',(-0.,0.));
#2044 = VECTOR('',#2045,1.);
#2045 = DIRECTION('',(-0.,1.));
#2046 = ( GEOMETRIC_REPRESENTATION_CONTEXT(2) 
PARAMETRIC_REPRESENTATION_CONTEXT() REPRESENTATION_CONTEXT('2D SPACE',''
  ) );
#2047 = ORIENTED_EDGE('',*,*,#1194,.T.);
#2048 = ORIENTED_EDGE('',*,*,#703,.T.);
#2049 = ORIENTED_EDGE('',*,*,#1893,.T.);
#2050 = ORIENTED_EDGE('',*,*,#2051,.T.);
#2051 = EDGE_CURVE('',#1894,#2005,#2052,.T.);
#2052 = SURFACE_CURVE('',#2053,(#2057,#2064),.PCURVE_S1.);
#2053 = LINE('',#2054,#2055);
#2054 = CARTESIAN_POINT('',(12.,2.7,32.8));
#2055 = VECTOR('',#2056,1.);
#2056 = DIRECTION('',(0.,0.,1.));
#2057 = PCURVE('',#718,#2058);
#2058 = DEFINITIONAL_REPRESENTATION('',(#2059),#2063);
#2059 = LINE('',#2060,#2061);
#2060 = CARTESIAN_POINT('',(0.,-11.2));
#2061 = VECTOR('',#2062,1.);
#2062 = DIRECTION('',(1.,0.));
#2063 = ( GEOMETRIC_REPRESENTATION_CONTEXT(2) 
PARAMETRIC_REPRESENTATION_CONTEXT() REPRESENTATION_CONTEXT('2D SPACE',''
  ) );
#2064 = PCURVE('',#1933,#2065);
#2065 = DEFINITIONAL_REPRESENTATION('',(#2066),#2070);
#2066 = LINE('',#2067,#2068);
#2067 = CARTESIAN_POINT('',(0.,0.));
#2068 = VECTOR('',#2069,1.);
#2069 = DIRECTION('',(0.,1.));
#2070 = ( GEOMETRIC_REPRESENTATION_CONTEXT(2) 
PARAMETRIC_REPRESENTATION_CONTEXT() REPRESENTATION_CONTEXT('2D SPACE',''
  ) );
#2071 = ADVANCED_FACE('',(#2072),#770,.T.);
#2072 = FACE_BOUND('',#2073,.F.);
#2073 = EDGE_LOOP('',(#2074,#2075,#2076,#2077));
#2074 = ORIENTED_EDGE('',*,*,#753,.T.);
#2075 = ORIENTED_EDGE('',*,*,#1089,.T.);
#2076 = ORIENTED_EDGE('',*,*,#902,.F.);
#2077 = ORIENTED_EDGE('',*,*,#1172,.F.);
#2078 = ADVANCED_FACE('',(#2079,#2105),#995,.T.);
#2079 = FACE_BOUND('',#2080,.T.);
#2080 = EDGE_LOOP('',(#2081));
#2081 = ORIENTED_EDGE('',*,*,#2082,.T.);
#2082 = EDGE_CURVE('',#2083,#2083,#2085,.T.);
#2083 = VERTEX_POINT('',#2084);
#2084 = CARTESIAN_POINT('',(28.291273890185,-4.5,19.798076211353));
#2085 = SURFACE_CURVE('',#2086,(#2091,#2098),.PCURVE_S1.);
#2086 = CIRCLE('',#2087,3.);
#2087 = AXIS2_PLACEMENT_3D('',#2088,#2089,#2090);
#2088 = CARTESIAN_POINT('',(29.791273890185,-4.5,17.2));
#2089 = DIRECTION('',(0.866025403784,0.,0.5));
#2090 = DIRECTION('',(-0.5,0.,0.866025403784));
#2091 = PCURVE('',#995,#2092);
#2092 = DEFINITIONAL_REPRESENTATION('',(#2093),#2097);
#2093 = CIRCLE('',#2094,3.);
#2094 = AXIS2_PLACEMENT_2D('',#2095,#2096);
#2095 = CARTESIAN_POINT('',(0.,0.));
#2096 = DIRECTION('',(1.,0.));
#2097 = ( GEOMETRIC_REPRESENTATION_CONTEXT(2) 
PARAMETRIC_REPRESENTATION_CONTEXT() REPRESENTATION_CONTEXT('2D SPACE',''
  ) );
#2098 = PCURVE('',#1716,#2099);
#2099 = DEFINITIONAL_REPRESENTATION('',(#2100),#2104);
#2100 = LINE('',#2101,#2102);
#2101 = CARTESIAN_POINT('',(0.,0.));
#2102 = VECTOR('',#2103,1.);
#2103 = DIRECTION('',(1.,0.));
#2104 = ( GEOMETRIC_REPRESENTATION_CONTEXT(2) 
PARAMETRIC_REPRESENTATION_CONTEXT() REPRESENTATION_CONTEXT('2D SPACE',''
  ) );
#2105 = FACE_BOUND('',#2106,.T.);
#2106 = EDGE_LOOP('',(#2107));
#2107 = ORIENTED_EDGE('',*,*,#978,.F.);
#2108 = ADVANCED_FACE('',(#2109,#2135),#1050,.T.);
#2109 = FACE_BOUND('',#2110,.T.);
#2110 = EDGE_LOOP('',(#2111));
#2111 = ORIENTED_EDGE('',*,*,#2112,.T.);
#2112 = EDGE_CURVE('',#2113,#2113,#2115,.T.);
#2113 = VERTEX_POINT('',#2114);
#2114 = CARTESIAN_POINT('',(-31.29127389018,-4.5,14.601923788647));
#2115 = SURFACE_CURVE('',#2116,(#2121,#2128),.PCURVE_S1.);
#2116 = CIRCLE('',#2117,3.);
#2117 = AXIS2_PLACEMENT_3D('',#2118,#2119,#2120);
#2118 = CARTESIAN_POINT('',(-29.79127389018,-4.5,17.2));
#2119 = DIRECTION('',(-0.866025403784,0.,0.5));
#2120 = DIRECTION('',(-0.5,0.,-0.866025403784));
#2121 = PCURVE('',#1050,#2122);
#2122 = DEFINITIONAL_REPRESENTATION('',(#2123),#2127);
#2123 = CIRCLE('',#2124,3.);
#2124 = AXIS2_PLACEMENT_2D('',#2125,#2126);
#2125 = CARTESIAN_POINT('',(0.,0.));
#2126 = DIRECTION('',(1.,0.));
#2127 = ( GEOMETRIC_REPRESENTATION_CONTEXT(2) 
PARAMETRIC_REPRESENTATION_CONTEXT() REPRESENTATION_CONTEXT('2D SPACE',''
  ) );
#2128 = PCURVE('',#1528,#2129);
#2129 = DEFINITIONAL_REPRESENTATION('',(#2130),#2134);
#2130 = LINE('',#2131,#2132);
#2131 = CARTESIAN_POINT('',(0.,0.));
#2132 = VECTOR('',#2133,1.);
#2133 = DIRECTION('',(1.,0.));
#2134 = ( GEOMETRIC_REPRESENTATION_CONTEXT(2) 
PARAMETRIC_REPRESENTATION_CONTEXT() REPRESENTATION_CONTEXT('2D SPACE',''
  ) );
#2135 = FACE_BOUND('',#2136,.T.);
#2136 = EDGE_LOOP('',(#2137));
#2137 = ORIENTED_EDGE('',*,*,#1033,.F.);
#2138 = ADVANCED_FACE('',(#2139),#1372,.T.);
#2139 = FACE_BOUND('',#2140,.T.);
#2140 = EDGE_LOOP('',(#2141,#2142,#2143,#2166));
#2141 = ORIENTED_EDGE('',*,*,#1816,.F.);
#2142 = ORIENTED_EDGE('',*,*,#1334,.T.);
#2143 = ORIENTED_EDGE('',*,*,#2144,.T.);
#2144 = EDGE_CURVE('',#1306,#2145,#2147,.T.);
#2145 = VERTEX_POINT('',#2146);
#2146 = CARTESIAN_POINT('',(-11.2,-8.5,35.8));
#2147 = SURFACE_CURVE('',#2148,(#2152,#2159),.PCURVE_S1.);
#2148 = LINE('',#2149,#2150);
#2149 = CARTESIAN_POINT('',(-11.2,-8.5,32.8));
#2150 = VECTOR('',#2151,1.);
#2151 = DIRECTION('',(0.,0.,1.));
#2152 = PCURVE('',#1372,#2153);
#2153 = DEFINITIONAL_REPRESENTATION('',(#2154),#2158);
#2154 = LINE('',#2155,#2156);
#2155 = CARTESIAN_POINT('',(1.570796326795,0.));
#2156 = VECTOR('',#2157,1.);
#2157 = DIRECTION('',(0.,1.));
#2158 = ( GEOMETRIC_REPRESENTATION_CONTEXT(2) 
PARAMETRIC_REPRESENTATION_CONTEXT() REPRESENTATION_CONTEXT('2D SPACE',''
  ) );
#2159 = PCURVE('',#1322,#2160);
#2160 = DEFINITIONAL_REPRESENTATION('',(#2161),#2165);
#2161 = LINE('',#2162,#2163);
#2162 = CARTESIAN_POINT('',(0.,0.8));
#2163 = VECTOR('',#2164,1.);
#2164 = DIRECTION('',(1.,0.));
#2165 = ( GEOMETRIC_REPRESENTATION_CONTEXT(2) 
PARAMETRIC_REPRESENTATION_CONTEXT() REPRESENTATION_CONTEXT('2D SPACE',''
  ) );
#2166 = ORIENTED_EDGE('',*,*,#2167,.F.);
#2167 = EDGE_CURVE('',#1787,#2145,#2168,.T.);
#2168 = SURFACE_CURVE('',#2169,(#2174,#2181),.PCURVE_S1.);
#2169 = CIRCLE('',#2170,0.8);
#2170 = AXIS2_PLACEMENT_3D('',#2171,#2172,#2173);
#2171 = CARTESIAN_POINT('',(-11.2,-7.7,35.8));
#2172 = DIRECTION('',(0.,0.,1.));
#2173 = DIRECTION('',(0.,-1.,0.));
#2174 = PCURVE('',#1372,#2175);
#2175 = DEFINITIONAL_REPRESENTATION('',(#2176),#2180);
#2176 = LINE('',#2177,#2178);
#2177 = CARTESIAN_POINT('',(-4.712388980385,3.));
#2178 = VECTOR('',#2179,1.);
#2179 = DIRECTION('',(1.,0.));
#2180 = ( GEOMETRIC_REPRESENTATION_CONTEXT(2) 
PARAMETRIC_REPRESENTATION_CONTEXT() REPRESENTATION_CONTEXT('2D SPACE',''
  ) );
#2181 = PCURVE('',#1804,#2182);
#2182 = DEFINITIONAL_REPRESENTATION('',(#2183),#2187);
#2183 = CIRCLE('',#2184,0.8);
#2184 = AXIS2_PLACEMENT_2D('',#2185,#2186);
#2185 = CARTESIAN_POINT('',(0.8,0.8));
#2186 = DIRECTION('',(0.,-1.));
#2187 = ( GEOMETRIC_REPRESENTATION_CONTEXT(2) 
PARAMETRIC_REPRESENTATION_CONTEXT() REPRESENTATION_CONTEXT('2D SPACE',''
  ) );
#2188 = ADVANCED_FACE('',(#2189),#1322,.F.);
#2189 = FACE_BOUND('',#2190,.F.);
#2190 = EDGE_LOOP('',(#2191,#2192,#2193));
#2191 = ORIENTED_EDGE('',*,*,#1305,.F.);
#2192 = ORIENTED_EDGE('',*,*,#2144,.T.);
#2193 = ORIENTED_EDGE('',*,*,#2194,.T.);
#2194 = EDGE_CURVE('',#2145,#1277,#2195,.T.);
#2195 = SURFACE_CURVE('',#2196,(#2200,#2207),.PCURVE_S1.);
#2196 = LINE('',#2197,#2198);
#2197 = CARTESIAN_POINT('',(-12.,-8.5,35.8));
#2198 = VECTOR('',#2199,1.);
#2199 = DIRECTION('',(1.,0.,-0.));
#2200 = PCURVE('',#1322,#2201);
#2201 = DEFINITIONAL_REPRESENTATION('',(#2202),#2206);
#2202 = LINE('',#2203,#2204);
#2203 = CARTESIAN_POINT('',(3.,0.));
#2204 = VECTOR('',#2205,1.);
#2205 = DIRECTION('',(0.,1.));
#2206 = ( GEOMETRIC_REPRESENTATION_CONTEXT(2) 
PARAMETRIC_REPRESENTATION_CONTEXT() REPRESENTATION_CONTEXT('2D SPACE',''
  ) );
#2207 = PCURVE('',#1804,#2208);
#2208 = DEFINITIONAL_REPRESENTATION('',(#2209),#2213);
#2209 = LINE('',#2210,#2211);
#2210 = CARTESIAN_POINT('',(0.,0.));
#2211 = VECTOR('',#2212,1.);
#2212 = DIRECTION('',(1.,0.));
#2213 = ( GEOMETRIC_REPRESENTATION_CONTEXT(2) 
PARAMETRIC_REPRESENTATION_CONTEXT() REPRESENTATION_CONTEXT('2D SPACE',''
  ) );
#2214 = ADVANCED_FACE('',(#2215),#1293,.F.);
#2215 = FACE_BOUND('',#2216,.F.);
#2216 = EDGE_LOOP('',(#2217,#2240,#2241));
#2217 = ORIENTED_EDGE('',*,*,#2218,.F.);
#2218 = EDGE_CURVE('',#1216,#2219,#2221,.T.);
#2219 = VERTEX_POINT('',#2220);
#2220 = CARTESIAN_POINT('',(11.2,-8.5,35.8));
#2221 = SURFACE_CURVE('',#2222,(#2226,#2233),.PCURVE_S1.);
#2222 = LINE('',#2223,#2224);
#2223 = CARTESIAN_POINT('',(11.2,-8.5,32.8));
#2224 = VECTOR('',#2225,1.);
#2225 = DIRECTION('',(0.,0.,1.));
#2226 = PCURVE('',#1293,#2227);
#2227 = DEFINITIONAL_REPRESENTATION('',(#2228),#2232);
#2228 = LINE('',#2229,#2230);
#2229 = CARTESIAN_POINT('',(0.,23.2));
#2230 = VECTOR('',#2231,1.);
#2231 = DIRECTION('',(1.,0.));
#2232 = ( GEOMETRIC_REPRESENTATION_CONTEXT(2) 
PARAMETRIC_REPRESENTATION_CONTEXT() REPRESENTATION_CONTEXT('2D SPACE',''
  ) );
#2233 = PCURVE('',#1253,#2234);
#2234 = DEFINITIONAL_REPRESENTATION('',(#2235),#2239);
#2235 = LINE('',#2236,#2237);
#2236 = CARTESIAN_POINT('',(-1.570796326795,0.));
#2237 = VECTOR('',#2238,1.);
#2238 = DIRECTION('',(-0.,1.));
#2239 = ( GEOMETRIC_REPRESENTATION_CONTEXT(2) 
PARAMETRIC_REPRESENTATION_CONTEXT() REPRESENTATION_CONTEXT('2D SPACE',''
  ) );
#2240 = ORIENTED_EDGE('',*,*,#1276,.F.);
#2241 = ORIENTED_EDGE('',*,*,#2242,.T.);
#2242 = EDGE_CURVE('',#1277,#2219,#2243,.T.);
#2243 = SURFACE_CURVE('',#2244,(#2248,#2255),.PCURVE_S1.);
#2244 = LINE('',#2245,#2246);
#2245 = CARTESIAN_POINT('',(-12.,-8.5,35.8));
#2246 = VECTOR('',#2247,1.);
#2247 = DIRECTION('',(1.,0.,-0.));
#2248 = PCURVE('',#1293,#2249);
#2249 = DEFINITIONAL_REPRESENTATION('',(#2250),#2254);
#2250 = LINE('',#2251,#2252);
#2251 = CARTESIAN_POINT('',(3.,0.));
#2252 = VECTOR('',#2253,1.);
#2253 = DIRECTION('',(0.,1.));
#2254 = ( GEOMETRIC_REPRESENTATION_CONTEXT(2) 
PARAMETRIC_REPRESENTATION_CONTEXT() REPRESENTATION_CONTEXT('2D SPACE',''
  ) );
#2255 = PCURVE('',#1804,#2256);
#2256 = DEFINITIONAL_REPRESENTATION('',(#2257),#2261);
#2257 = LINE('',#2258,#2259);
#2258 = CARTESIAN_POINT('',(0.,0.));
#2259 = VECTOR('',#2260,1.);
#2260 = DIRECTION('',(1.,0.));
#2261 = ( GEOMETRIC_REPRESENTATION_CONTEXT(2) 
PARAMETRIC_REPRESENTATION_CONTEXT() REPRESENTATION_CONTEXT('2D SPACE',''
  ) );
#2262 = ADVANCED_FACE('',(#2263),#1253,.T.);
#2263 = FACE_BOUND('',#2264,.F.);
#2264 = EDGE_LOOP('',(#2265,#2266,#2267,#2268));
#2265 = ORIENTED_EDGE('',*,*,#2027,.F.);
#2266 = ORIENTED_EDGE('',*,*,#1215,.T.);
#2267 = ORIENTED_EDGE('',*,*,#2218,.T.);
#2268 = ORIENTED_EDGE('',*,*,#2269,.F.);
#2269 = EDGE_CURVE('',#2003,#2219,#2270,.T.);
#2270 = SURFACE_CURVE('',#2271,(#2276,#2283),.PCURVE_S1.);
#2271 = CIRCLE('',#2272,0.8);
#2272 = AXIS2_PLACEMENT_3D('',#2273,#2274,#2275);
#2273 = CARTESIAN_POINT('',(11.2,-7.7,35.8));
#2274 = DIRECTION('',(-0.,-0.,-1.));
#2275 = DIRECTION('',(0.,-1.,0.));
#2276 = PCURVE('',#1253,#2277);
#2277 = DEFINITIONAL_REPRESENTATION('',(#2278),#2282);
#2278 = LINE('',#2279,#2280);
#2279 = CARTESIAN_POINT('',(4.712388980385,3.));
#2280 = VECTOR('',#2281,1.);
#2281 = DIRECTION('',(-1.,0.));
#2282 = ( GEOMETRIC_REPRESENTATION_CONTEXT(2) 
PARAMETRIC_REPRESENTATION_CONTEXT() REPRESENTATION_CONTEXT('2D SPACE',''
  ) );
#2283 = PCURVE('',#1804,#2284);
#2284 = DEFINITIONAL_REPRESENTATION('',(#2285),#2293);
#2285 = ( BOUNDED_CURVE() B_SPLINE_CURVE(2,(#2286,#2287,#2288,#2289,
#2290,#2291,#2292),.UNSPECIFIED.,.T.,.F.) B_SPLINE_CURVE_WITH_KNOTS((1,2
    ,2,2,2,1),(-2.094395102393,0.,2.094395102393,4.188790204786,
6.28318530718,8.377580409573),.UNSPECIFIED.) CURVE() 
GEOMETRIC_REPRESENTATION_ITEM() RATIONAL_B_SPLINE_CURVE((1.,0.5,1.,0.5,
1.,0.5,1.)) REPRESENTATION_ITEM('') );
#2286 = CARTESIAN_POINT('',(23.2,-2.22044604925E-16));
#2287 = CARTESIAN_POINT('',(21.814359353945,-2.22044604925E-16));
#2288 = CARTESIAN_POINT('',(22.507179676972,1.2));
#2289 = CARTESIAN_POINT('',(23.2,2.4));
#2290 = CARTESIAN_POINT('',(23.892820323028,1.2));
#2291 = CARTESIAN_POINT('',(24.585640646055,9.992007221626E-16));
#2292 = CARTESIAN_POINT('',(23.2,-2.22044604925E-16));
#2293 = ( GEOMETRIC_REPRESENTATION_CONTEXT(2) 
PARAMETRIC_REPRESENTATION_CONTEXT() REPRESENTATION_CONTEXT('2D SPACE',''
  ) );
#2294 = ADVANCED_FACE('',(#2295),#1528,.F.);
#2295 = FACE_BOUND('',#2296,.F.);
#2296 = EDGE_LOOP('',(#2297,#2298,#2319,#2320));
#2297 = ORIENTED_EDGE('',*,*,#1416,.F.);
#2298 = ORIENTED_EDGE('',*,*,#2299,.F.);
#2299 = EDGE_CURVE('',#2113,#1417,#2300,.T.);
#2300 = SEAM_CURVE('',#2301,(#2305,#2312),.PCURVE_S1.);
#2301 = LINE('',#2302,#2303);
#2302 = CARTESIAN_POINT('',(-31.29127389018,-4.5,14.601923788647));
#2303 = VECTOR('',#2304,1.);
#2304 = DIRECTION('',(-0.866025403784,0.,0.5));
#2305 = PCURVE('',#1528,#2306);
#2306 = DEFINITIONAL_REPRESENTATION('',(#2307),#2311);
#2307 = LINE('',#2308,#2309);
#2308 = CARTESIAN_POINT('',(6.28318530718,-0.));
#2309 = VECTOR('',#2310,1.);
#2310 = DIRECTION('',(0.,1.));
#2311 = ( GEOMETRIC_REPRESENTATION_CONTEXT(2) 
PARAMETRIC_REPRESENTATION_CONTEXT() REPRESENTATION_CONTEXT('2D SPACE',''
  ) );
#2312 = PCURVE('',#1528,#2313);
#2313 = DEFINITIONAL_REPRESENTATION('',(#2314),#2318);
#2314 = LINE('',#2315,#2316);
#2315 = CARTESIAN_POINT('',(0.,-0.));
#2316 = VECTOR('',#2317,1.);
#2317 = DIRECTION('',(0.,1.));
#2318 = ( GEOMETRIC_REPRESENTATION_CONTEXT(2) 
PARAMETRIC_REPRESENTATION_CONTEXT() REPRESENTATION_CONTEXT('2D SPACE',''
  ) );
#2319 = ORIENTED_EDGE('',*,*,#2112,.T.);
#2320 = ORIENTED_EDGE('',*,*,#2299,.T.);
#2321 = ADVANCED_FACE('',(#2322),#1716,.F.);
#2322 = FACE_BOUND('',#2323,.F.);
#2323 = EDGE_LOOP('',(#2324,#2325,#2346,#2347));
#2324 = ORIENTED_EDGE('',*,*,#1590,.F.);
#2325 = ORIENTED_EDGE('',*,*,#2326,.F.);
#2326 = EDGE_CURVE('',#2083,#1591,#2327,.T.);
#2327 = SEAM_CURVE('',#2328,(#2332,#2339),.PCURVE_S1.);
#2328 = LINE('',#2329,#2330);
#2329 = CARTESIAN_POINT('',(28.291273890185,-4.5,19.798076211353));
#2330 = VECTOR('',#2331,1.);
#2331 = DIRECTION('',(0.866025403784,0.,0.5));
#2332 = PCURVE('',#1716,#2333);
#2333 = DEFINITIONAL_REPRESENTATION('',(#2334),#2338);
#2334 = LINE('',#2335,#2336);
#2335 = CARTESIAN_POINT('',(6.28318530718,-0.));
#2336 = VECTOR('',#2337,1.);
#2337 = DIRECTION('',(0.,1.));
#2338 = ( GEOMETRIC_REPRESENTATION_CONTEXT(2) 
PARAMETRIC_REPRESENTATION_CONTEXT() REPRESENTATION_CONTEXT('2D SPACE',''
  ) );
#2339 = PCURVE('',#1716,#2340);
#2340 = DEFINITIONAL_REPRESENTATION('',(#2341),#2345);
#2341 = LINE('',#2342,#2343);
#2342 = CARTESIAN_POINT('',(0.,-0.));
#2343 = VECTOR('',#2344,1.);
#2344 = DIRECTION('',(0.,1.));
#2345 = ( GEOMETRIC_REPRESENTATION_CONTEXT(2) 
PARAMETRIC_REPRESENTATION_CONTEXT() REPRESENTATION_CONTEXT('2D SPACE',''
  ) );
#2346 = ORIENTED_EDGE('',*,*,#2082,.T.);
#2347 = ORIENTED_EDGE('',*,*,#2326,.T.);
#2348 = ADVANCED_FACE('',(#2349),#1804,.T.);
#2349 = FACE_BOUND('',#2350,.T.);
#2350 = EDGE_LOOP('',(#2351,#2352,#2353,#2354,#2355,#2356,#2357,#2381,
    #2404));
#2351 = ORIENTED_EDGE('',*,*,#1786,.F.);
#2352 = ORIENTED_EDGE('',*,*,#2167,.T.);
#2353 = ORIENTED_EDGE('',*,*,#2194,.T.);
#2354 = ORIENTED_EDGE('',*,*,#2242,.T.);
#2355 = ORIENTED_EDGE('',*,*,#2269,.F.);
#2356 = ORIENTED_EDGE('',*,*,#2002,.T.);
#2357 = ORIENTED_EDGE('',*,*,#2358,.T.);
#2358 = EDGE_CURVE('',#2005,#2359,#2361,.T.);
#2359 = VERTEX_POINT('',#2360);
#2360 = CARTESIAN_POINT('',(11.2,3.5,35.8));
#2361 = SURFACE_CURVE('',#2362,(#2367,#2374),.PCURVE_S1.);
#2362 = CIRCLE('',#2363,0.8);
#2363 = AXIS2_PLACEMENT_3D('',#2364,#2365,#2366);
#2364 = CARTESIAN_POINT('',(11.2,2.7,35.8));
#2365 = DIRECTION('',(0.,0.,1.));
#2366 = DIRECTION('',(0.,-1.,0.));
#2367 = PCURVE('',#1804,#2368);
#2368 = DEFINITIONAL_REPRESENTATION('',(#2369),#2373);
#2369 = CIRCLE('',#2370,0.8);
#2370 = AXIS2_PLACEMENT_2D('',#2371,#2372);
#2371 = CARTESIAN_POINT('',(23.2,11.2));
#2372 = DIRECTION('',(0.,-1.));
#2373 = ( GEOMETRIC_REPRESENTATION_CONTEXT(2) 
PARAMETRIC_REPRESENTATION_CONTEXT() REPRESENTATION_CONTEXT('2D SPACE',''
  ) );
#2374 = PCURVE('',#1933,#2375);
#2375 = DEFINITIONAL_REPRESENTATION('',(#2376),#2380);
#2376 = LINE('',#2377,#2378);
#2377 = CARTESIAN_POINT('',(-1.570796326795,3.));
#2378 = VECTOR('',#2379,1.);
#2379 = DIRECTION('',(1.,0.));
#2380 = ( GEOMETRIC_REPRESENTATION_CONTEXT(2) 
PARAMETRIC_REPRESENTATION_CONTEXT() REPRESENTATION_CONTEXT('2D SPACE',''
  ) );
#2381 = ORIENTED_EDGE('',*,*,#2382,.F.);
#2382 = EDGE_CURVE('',#2383,#2359,#2385,.T.);
#2383 = VERTEX_POINT('',#2384);
#2384 = CARTESIAN_POINT('',(-11.2,3.5,35.8));
#2385 = SURFACE_CURVE('',#2386,(#2390,#2397),.PCURVE_S1.);
#2386 = LINE('',#2387,#2388);
#2387 = CARTESIAN_POINT('',(-12.,3.5,35.8));
#2388 = VECTOR('',#2389,1.);
#2389 = DIRECTION('',(1.,0.,-0.));
#2390 = PCURVE('',#1804,#2391);
#2391 = DEFINITIONAL_REPRESENTATION('',(#2392),#2396);
#2392 = LINE('',#2393,#2394);
#2393 = CARTESIAN_POINT('',(0.,12.));
#2394 = VECTOR('',#2395,1.);
#2395 = DIRECTION('',(1.,0.));
#2396 = ( GEOMETRIC_REPRESENTATION_CONTEXT(2) 
PARAMETRIC_REPRESENTATION_CONTEXT() REPRESENTATION_CONTEXT('2D SPACE',''
  ) );
#2397 = PCURVE('',#1961,#2398);
#2398 = DEFINITIONAL_REPRESENTATION('',(#2399),#2403);
#2399 = LINE('',#2400,#2401);
#2400 = CARTESIAN_POINT('',(3.,0.));
#2401 = VECTOR('',#2402,1.);
#2402 = DIRECTION('',(0.,1.));
#2403 = ( GEOMETRIC_REPRESENTATION_CONTEXT(2) 
PARAMETRIC_REPRESENTATION_CONTEXT() REPRESENTATION_CONTEXT('2D SPACE',''
  ) );
#2404 = ORIENTED_EDGE('',*,*,#2405,.F.);
#2405 = EDGE_CURVE('',#1789,#2383,#2406,.T.);
#2406 = SURFACE_CURVE('',#2407,(#2412,#2423),.PCURVE_S1.);
#2407 = CIRCLE('',#2408,0.8);
#2408 = AXIS2_PLACEMENT_3D('',#2409,#2410,#2411);
#2409 = CARTESIAN_POINT('',(-11.2,2.7,35.8));
#2410 = DIRECTION('',(-0.,-0.,-1.));
#2411 = DIRECTION('',(0.,-1.,0.));
#2412 = PCURVE('',#1804,#2413);
#2413 = DEFINITIONAL_REPRESENTATION('',(#2414),#2422);
#2414 = ( BOUNDED_CURVE() B_SPLINE_CURVE(2,(#2415,#2416,#2417,#2418,
#2419,#2420,#2421),.UNSPECIFIED.,.T.,.F.) B_SPLINE_CURVE_WITH_KNOTS((1,2
    ,2,2,2,1),(-2.094395102393,0.,2.094395102393,4.188790204786,
6.28318530718,8.377580409573),.UNSPECIFIED.) CURVE() 
GEOMETRIC_REPRESENTATION_ITEM() RATIONAL_B_SPLINE_CURVE((1.,0.5,1.,0.5,
1.,0.5,1.)) REPRESENTATION_ITEM('') );
#2415 = CARTESIAN_POINT('',(0.8,10.4));
#2416 = CARTESIAN_POINT('',(-0.585640646055,10.4));
#2417 = CARTESIAN_POINT('',(0.107179676972,11.6));
#2418 = CARTESIAN_POINT('',(0.8,12.8));
#2419 = CARTESIAN_POINT('',(1.492820323028,11.6));
#2420 = CARTESIAN_POINT('',(2.185640646055,10.4));
#2421 = CARTESIAN_POINT('',(0.8,10.4));
#2422 = ( GEOMETRIC_REPRESENTATION_CONTEXT(2) 
PARAMETRIC_REPRESENTATION_CONTEXT() REPRESENTATION_CONTEXT('2D SPACE',''
  ) );
#2423 = PCURVE('',#1876,#2424);
#2424 = DEFINITIONAL_REPRESENTATION('',(#2425),#2429);
#2425 = LINE('',#2426,#2427);
#2426 = CARTESIAN_POINT('',(1.570796326795,3.));
#2427 = VECTOR('',#2428,1.);
#2428 = DIRECTION('',(-1.,0.));
#2429 = ( GEOMETRIC_REPRESENTATION_CONTEXT(2) 
PARAMETRIC_REPRESENTATION_CONTEXT() REPRESENTATION_CONTEXT('2D SPACE',''
  ) );
#2430 = ADVANCED_FACE('',(#2431),#1876,.T.);
#2431 = FACE_BOUND('',#2432,.F.);
#2432 = EDGE_LOOP('',(#2433,#2434,#2455,#2456));
#2433 = ORIENTED_EDGE('',*,*,#1973,.T.);
#2434 = ORIENTED_EDGE('',*,*,#2435,.T.);
#2435 = EDGE_CURVE('',#1946,#2383,#2436,.T.);
#2436 = SURFACE_CURVE('',#2437,(#2441,#2448),.PCURVE_S1.);
#2437 = LINE('',#2438,#2439);
#2438 = CARTESIAN_POINT('',(-11.2,3.5,32.8));
#2439 = VECTOR('',#2440,1.);
#2440 = DIRECTION('',(0.,0.,1.));
#2441 = PCURVE('',#1876,#2442);
#2442 = DEFINITIONAL_REPRESENTATION('',(#2443),#2447);
#2443 = LINE('',#2444,#2445);
#2444 = CARTESIAN_POINT('',(-1.570796326795,0.));
#2445 = VECTOR('',#2446,1.);
#2446 = DIRECTION('',(-0.,1.));
#2447 = ( GEOMETRIC_REPRESENTATION_CONTEXT(2) 
PARAMETRIC_REPRESENTATION_CONTEXT() REPRESENTATION_CONTEXT('2D SPACE',''
  ) );
#2448 = PCURVE('',#1961,#2449);
#2449 = DEFINITIONAL_REPRESENTATION('',(#2450),#2454);
#2450 = LINE('',#2451,#2452);
#2451 = CARTESIAN_POINT('',(0.,0.8));
#2452 = VECTOR('',#2453,1.);
#2453 = DIRECTION('',(1.,0.));
#2454 = ( GEOMETRIC_REPRESENTATION_CONTEXT(2) 
PARAMETRIC_REPRESENTATION_CONTEXT() REPRESENTATION_CONTEXT('2D SPACE',''
  ) );
#2455 = ORIENTED_EDGE('',*,*,#2405,.F.);
#2456 = ORIENTED_EDGE('',*,*,#1862,.F.);
#2457 = ADVANCED_FACE('',(#2458),#1961,.T.);
#2458 = FACE_BOUND('',#2459,.T.);
#2459 = EDGE_LOOP('',(#2460,#2461,#2462,#2463));
#2460 = ORIENTED_EDGE('',*,*,#1945,.F.);
#2461 = ORIENTED_EDGE('',*,*,#2435,.T.);
#2462 = ORIENTED_EDGE('',*,*,#2382,.T.);
#2463 = ORIENTED_EDGE('',*,*,#2464,.F.);
#2464 = EDGE_CURVE('',#1917,#2359,#2465,.T.);
#2465 = SURFACE_CURVE('',#2466,(#2470,#2477),.PCURVE_S1.);
#2466 = LINE('',#2467,#2468);
#2467 = CARTESIAN_POINT('',(11.2,3.5,32.8));
#2468 = VECTOR('',#2469,1.);
#2469 = DIRECTION('',(0.,0.,1.));
#2470 = PCURVE('',#1961,#2471);
#2471 = DEFINITIONAL_REPRESENTATION('',(#2472),#2476);
#2472 = LINE('',#2473,#2474);
#2473 = CARTESIAN_POINT('',(0.,23.2));
#2474 = VECTOR('',#2475,1.);
#2475 = DIRECTION('',(1.,0.));
#2476 = ( GEOMETRIC_REPRESENTATION_CONTEXT(2) 
PARAMETRIC_REPRESENTATION_CONTEXT() REPRESENTATION_CONTEXT('2D SPACE',''
  ) );
#2477 = PCURVE('',#1933,#2478);
#2478 = DEFINITIONAL_REPRESENTATION('',(#2479),#2483);
#2479 = LINE('',#2480,#2481);
#2480 = CARTESIAN_POINT('',(1.570796326795,0.));
#2481 = VECTOR('',#2482,1.);
#2482 = DIRECTION('',(0.,1.));
#2483 = ( GEOMETRIC_REPRESENTATION_CONTEXT(2) 
PARAMETRIC_REPRESENTATION_CONTEXT() REPRESENTATION_CONTEXT('2D SPACE',''
  ) );
#2484 = ADVANCED_FACE('',(#2485),#1933,.T.);
#2485 = FACE_BOUND('',#2486,.T.);
#2486 = EDGE_LOOP('',(#2487,#2488,#2489,#2490));
#2487 = ORIENTED_EDGE('',*,*,#1916,.T.);
#2488 = ORIENTED_EDGE('',*,*,#2464,.T.);
#2489 = ORIENTED_EDGE('',*,*,#2358,.F.);
#2490 = ORIENTED_EDGE('',*,*,#2051,.F.);
#2491 = ( GEOMETRIC_REPRESENTATION_CONTEXT(3) 
GLOBAL_UNCERTAINTY_ASSIGNED_CONTEXT((#2495)) 
GLOBAL_UNIT_ASSIGNED_CONTEXT((#2492,#2493,#2494)) REPRESENTATION_CONTEXT
('Context #1','3D Context with UNIT and UNCERTAINTY') );
#2492 = ( LENGTH_UNIT() NAMED_UNIT(*) SI_UNIT(.MILLI.,.METRE.) );
#2493 = ( NAMED_UNIT(*) PLANE_ANGLE_UNIT() SI_UNIT($,.RADIAN.) );
#2494 = ( NAMED_UNIT(*) SI_UNIT($,.STERADIAN.) SOLID_ANGLE_UNIT() );
#2495 = UNCERTAINTY_MEASURE_WITH_UNIT(LENGTH_MEASURE(1.E-07),#2492,
  'distance_accuracy_value','confusion accuracy');
#2496 = PRODUCT_RELATED_PRODUCT_CATEGORY('part',$,(#7));
ENDSEC;
END-ISO-10303-21;
