ISO-10303-21;
HEADER;
FILE_DESCRIPTION(('Open CASCADE Model'),'2;1');
FILE_NAME('Open CASCADE Shape Model','2026-09-14T18:33:09',('Author'),(
    'Open CASCADE'),'Open CASCADE STEP processor 7.8','Open CASCADE 7.8'
  ,'Unknown');
FILE_SCHEMA(('AUTOMOTIVE_DESIGN { 1 0 10303 214 1 1 1 1 }'));
ENDSEC;
DATA;
#1 = APPLICATION_PROTOCOL_DEFINITION('international standard',
  'automotive_design',2000,#2);
#2 = APPLICATION_CONTEXT(
  'core data for automotive mechanical design processes');
#3 = SHAPE_DEFINITION_REPRESENTATION(#4,#10);
#4 = PRODUCT_DEFINITION_SHAPE('','',#5);
#5 = PRODUCT_DEFINITION('design','',#6,#9);
#6 = PRODUCT_DEFINITION_FORMATION('','',#7);
#7 = PRODUCT('Open CASCADE STEP translator 7.8 2',
  'Open CASCADE STEP translator 7.8 2','',(#8));
#8 = PRODUCT_CONTEXT('',#2,'mechanical');
#9 = PRODUCT_DEFINITION_CONTEXT('part definition',#2,'design');
#10 = ADVANCED_BREP_SHAPE_REPRESENTATION('',(#11,#15),#12828);
#11 = AXIS2_PLACEMENT_3D('',#12,#13,#14);
#12 = CARTESIAN_POINT('',(0.,0.,0.));
#13 = DIRECTION('',(0.,0.,1.));
#14 = DIRECTION('',(1.,0.,-0.));
#15 = MANIFOLD_SOLID_BREP('',#16);
#16 = CLOSED_SHELL('',(#17,#209,#281,#370,#478,#592,#700,#759,#1949,
    #2057,#2085,#2162,#2215,#2908,#2961,#3038,#3119,#3147,#3227,#3302,
    #3517,#3805,#3856,#3903,#4215,#4614,#4618,#4673,#4727,#4780,#4841,
    #4845,#4895,#4945,#4998,#5027,#5086,#5202,#5229,#5462,#5627,#5861,
    #6081,#6177,#6454,#6461,#6468,#6495,#6522,#6770,#6796,#7125,#7192,
    #7199,#7225,#7554,#7621,#7628,#7756,#7781,#7806,#8892,#8979,#9052,
    #9059,#9085,#9172,#9198,#9223,#9278,#9828,#9854,#9953,#10006,#10116,
    #10169,#10279,#10332,#10429,#10436,#10463,#10490,#10566,#10615,
    #10664,#10713,#10762,#10811,#10860,#10909,#10958,#11007,#11056,
    #11105,#11154,#11203,#11252,#11279,#11379,#11405,#11505,#11531,
    #11557,#11605,#11704,#11752,#11851,#11897,#11904,#11931,#11958,
    #11985,#12012,#12019,#12320,#12396,#12445,#12494,#12543,#12592,
    #12641,#12690,#12739,#12788,#12815));
#17 = ADVANCED_FACE('',(#18),#33,.F.);
#18 = FACE_BOUND('',#19,.F.);
#19 = EDGE_LOOP('',(#20,#60,#93,#121,#150,#178));
#20 = ORIENTED_EDGE('',*,*,#21,.F.);
#21 = EDGE_CURVE('',#22,#24,#26,.T.);
#22 = VERTEX_POINT('',#23);
#23 = CARTESIAN_POINT('',(-31.83411499428,-5.9,-12.49916478279));
#24 = VERTEX_POINT('',#25);
#25 = CARTESIAN_POINT('',(31.83411414625,-5.9,-12.49916723369));
#26 = SURFACE_CURVE('',#27,(#32,#48),.PCURVE_S1.);
#27 = CIRCLE('',#28,34.20000140979);
#28 = AXIS2_PLACEMENT_3D('',#29,#30,#31);
#29 = CARTESIAN_POINT('',(1.442324802083E-06,-5.9,1.09609954535E-06));
#30 = DIRECTION('',(0.,-1.,0.));
#31 = DIRECTION('',(-0.930822071453,-0.,-0.365472668329));
#32 = PCURVE('',#33,#38);
#33 = PLANE('',#34);
#34 = AXIS2_PLACEMENT_3D('',#35,#36,#37);
#35 = CARTESIAN_POINT('',(0.,-5.9,0.));
#36 = DIRECTION('',(0.,1.,0.));
#37 = DIRECTION('',(1.,0.,0.));
#38 = DEFINITIONAL_REPRESENTATION('',(#39),#47);
#39 = ( BOUNDED_CURVE() B_SPLINE_CURVE(2,(#40,#41,#42,#43,#44,#45,#46),
.UNSPECIFIED.,.T.,.F.) B_SPLINE_CURVE_WITH_KNOTS((1,2,2,2,2,1),(
    -2.094395102393,0.,2.094395102393,4.188790204786,6.28318530718,
8.377580409573),.UNSPECIFIED.) CURVE() GEOMETRIC_REPRESENTATION_ITEM() 
RATIONAL_B_SPLINE_CURVE((1.,0.5,1.,0.5,1.,0.5,1.)) REPRESENTATION_ITEM(
  '') );
#40 = CARTESIAN_POINT('',(-31.83411471363,12.499164675995));
#41 = CARTESIAN_POINT('',(-10.18492454414,67.637471272172));
#42 = CARTESIAN_POINT('',(26.741654605053,21.319569315941));
#43 = CARTESIAN_POINT('',(63.66823375425,-24.99833264028));
#44 = CARTESIAN_POINT('',(5.092464435559,-33.81873728023));
#45 = CARTESIAN_POINT('',(-53.48330488313,-42.63914192018));
#46 = CARTESIAN_POINT('',(-31.83411471363,12.499164675995));
#47 = ( GEOMETRIC_REPRESENTATION_CONTEXT(2) 
PARAMETRIC_REPRESENTATION_CONTEXT() REPRESENTATION_CONTEXT('2D SPACE',''
  ) );
#48 = PCURVE('',#49,#54);
#49 = CONICAL_SURFACE('',#50,34.3500003127,0.785398179686);
#50 = AXIS2_PLACEMENT_3D('',#51,#52,#53);
#51 = CARTESIAN_POINT('',(1.442324802083E-06,-5.750001101972,
    1.09609954535E-06));
#52 = DIRECTION('',(0.,1.,0.));
#53 = DIRECTION('',(0.,0.,-1.));
#54 = DEFINITIONAL_REPRESENTATION('',(#55),#59);
#55 = LINE('',#56,#57);
#56 = CARTESIAN_POINT('',(1.19665577766,-0.149998898026));
#57 = VECTOR('',#58,1.);
#58 = DIRECTION('',(-1.,-1.484275743411E-15));
#59 = ( GEOMETRIC_REPRESENTATION_CONTEXT(2) 
PARAMETRIC_REPRESENTATION_CONTEXT() REPRESENTATION_CONTEXT('2D SPACE',''
  ) );
#60 = ORIENTED_EDGE('',*,*,#61,.F.);
#61 = EDGE_CURVE('',#62,#22,#64,.T.);
#62 = VERTEX_POINT('',#63);
#63 = CARTESIAN_POINT('',(-31.28982954102,-5.9,-8.694667410948));
#64 = SURFACE_CURVE('',#65,(#70,#81),.PCURVE_S1.);
#65 = CIRCLE('',#66,4.2);
#66 = AXIS2_PLACEMENT_3D('',#67,#68,#69);
#67 = CARTESIAN_POINT('',(-27.86499384309,-5.9,-11.1258194922));
#68 = DIRECTION('',(0.,-1.,0.));
#69 = DIRECTION('',(-0.815437070935,0.,0.578845733633));
#70 = PCURVE('',#33,#71);
#71 = DEFINITIONAL_REPRESENTATION('',(#72),#80);
#72 = ( BOUNDED_CURVE() B_SPLINE_CURVE(2,(#73,#74,#75,#76,#77,#78,#79),
.UNSPECIFIED.,.T.,.F.) B_SPLINE_CURVE_WITH_KNOTS((1,2,2,2,2,1),(
    -2.094395102393,0.,2.094395102393,4.188790204786,6.28318530718,
8.377580409573),.UNSPECIFIED.) CURVE() GEOMETRIC_REPRESENTATION_ITEM() 
RATIONAL_B_SPLINE_CURVE((1.,0.5,1.,0.5,1.,0.5,1.)) REPRESENTATION_ITEM(
  '') );
#73 = CARTESIAN_POINT('',(-31.28982954101,8.694667410943));
#74 = CARTESIAN_POINT('',(-35.50070846668,14.62665684733));
#75 = CARTESIAN_POINT('',(-28.25801545695,15.307390251022));
#76 = CARTESIAN_POINT('',(-21.01532244723,15.988123654713));
#77 = CARTESIAN_POINT('',(-24.04713653129,9.375400814635));
#78 = CARTESIAN_POINT('',(-27.07895061535,2.762677974557));
#79 = CARTESIAN_POINT('',(-31.28982954101,8.694667410943));
#80 = ( GEOMETRIC_REPRESENTATION_CONTEXT(2) 
PARAMETRIC_REPRESENTATION_CONTEXT() REPRESENTATION_CONTEXT('2D SPACE',''
  ) );
#81 = PCURVE('',#82,#87);
#82 = CONICAL_SURFACE('',#83,4.350000000943,0.785398163397);
#83 = AXIS2_PLACEMENT_3D('',#84,#85,#86);
#84 = CARTESIAN_POINT('',(-27.86499384309,-5.749999999057,-11.1258194922
    ));
#85 = DIRECTION('',(0.,1.,0.));
#86 = DIRECTION('',(0.,0.,-1.));
#87 = DEFINITIONAL_REPRESENTATION('',(#88),#92);
#88 = LINE('',#89,#90);
#89 = CARTESIAN_POINT('',(2.188108786475,-0.150000000943));
#90 = VECTOR('',#91,1.);
#91 = DIRECTION('',(-1.,9.498931887974E-16));
#92 = ( GEOMETRIC_REPRESENTATION_CONTEXT(2) 
PARAMETRIC_REPRESENTATION_CONTEXT() REPRESENTATION_CONTEXT('2D SPACE',''
  ) );
#93 = ORIENTED_EDGE('',*,*,#94,.F.);
#94 = EDGE_CURVE('',#95,#62,#97,.T.);
#95 = VERTEX_POINT('',#96);
#96 = CARTESIAN_POINT('',(-29.67170572646,-5.9,-8.261095918016));
#97 = SURFACE_CURVE('',#98,(#102,#109),.PCURVE_S1.);
#98 = LINE('',#99,#100);
#99 = CARTESIAN_POINT('',(-29.67155068835,-5.900028240235,
    -8.261010162388));
#100 = VECTOR('',#101,1.);
#101 = DIRECTION('',(-0.965919747122,1.685605705611E-05,-0.258841731248)
  );
#102 = PCURVE('',#33,#103);
#103 = DEFINITIONAL_REPRESENTATION('',(#104),#108);
#104 = LINE('',#105,#106);
#105 = CARTESIAN_POINT('',(-29.67155068835,8.261010162388));
#106 = VECTOR('',#107,1.);
#107 = DIRECTION('',(-0.965919747259,0.258841731285));
#108 = ( GEOMETRIC_REPRESENTATION_CONTEXT(2) 
PARAMETRIC_REPRESENTATION_CONTEXT() REPRESENTATION_CONTEXT('2D SPACE',''
  ) );
#109 = PCURVE('',#110,#115);
#110 = PLANE('',#111);
#111 = AXIS2_PLACEMENT_3D('',#112,#113,#114);
#112 = CARTESIAN_POINT('',(-30.42576511892,-5.75,-8.307850619776));
#113 = DIRECTION('',(-0.183012701892,-0.707106781187,0.683012701892));
#114 = DIRECTION('',(-0.183012701892,0.707106781187,0.683012701892));
#115 = DEFINITIONAL_REPRESENTATION('',(#116),#120);
#116 = LINE('',#117,#118);
#117 = CARTESIAN_POINT('',(-0.212124179426,-0.740638399501));
#118 = VECTOR('',#119,1.);
#119 = DIRECTION('',(-4.688458126817E-06,0.999999999989));
#120 = ( GEOMETRIC_REPRESENTATION_CONTEXT(2) 
PARAMETRIC_REPRESENTATION_CONTEXT() REPRESENTATION_CONTEXT('2D SPACE',''
  ) );
#121 = ORIENTED_EDGE('',*,*,#122,.F.);
#122 = EDGE_CURVE('',#123,#95,#125,.T.);
#123 = VERTEX_POINT('',#124);
#124 = CARTESIAN_POINT('',(29.67128751151,-5.9,-8.260979489128));
#125 = SURFACE_CURVE('',#126,(#131,#138),.PCURVE_S1.);
#126 = CIRCLE('',#127,30.79999415897);
#127 = AXIS2_PLACEMENT_3D('',#128,#129,#130);
#128 = CARTESIAN_POINT('',(-2.25315007987E-04,-5.9,-1.704017507653E-04)
  );
#129 = DIRECTION('',(0.,1.,0.));
#130 = DIRECTION('',(0.963360988751,0.,-0.268208138117));
#131 = PCURVE('',#33,#132);
#132 = DEFINITIONAL_REPRESENTATION('',(#133),#137);
#133 = CIRCLE('',#134,30.79999415897);
#134 = AXIS2_PLACEMENT_2D('',#135,#136);
#135 = CARTESIAN_POINT('',(-2.25315007987E-04,1.704017507653E-04));
#136 = DIRECTION('',(0.963360988751,0.268208138117));
#137 = ( GEOMETRIC_REPRESENTATION_CONTEXT(2) 
PARAMETRIC_REPRESENTATION_CONTEXT() REPRESENTATION_CONTEXT('2D SPACE',''
  ) );
#138 = PCURVE('',#139,#144);
#139 = CONICAL_SURFACE('',#140,30.64990006264,0.785385820021);
#140 = AXIS2_PLACEMENT_3D('',#141,#142,#143);
#141 = CARTESIAN_POINT('',(-2.25315007987E-04,-5.749902198292,
    -1.704017507653E-04));
#142 = DIRECTION('',(0.,-1.,0.));
#143 = DIRECTION('',(0.,0.,-1.));
#144 = DEFINITIONAL_REPRESENTATION('',(#145),#149);
#145 = LINE('',#146,#147);
#146 = CARTESIAN_POINT('',(1.299263789089,0.15009780171));
#147 = VECTOR('',#148,1.);
#148 = DIRECTION('',(-1.,0.));
#149 = ( GEOMETRIC_REPRESENTATION_CONTEXT(2) 
PARAMETRIC_REPRESENTATION_CONTEXT() REPRESENTATION_CONTEXT('2D SPACE',''
  ) );
#150 = ORIENTED_EDGE('',*,*,#151,.F.);
#151 = EDGE_CURVE('',#152,#123,#154,.T.);
#152 = VERTEX_POINT('',#153);
#153 = CARTESIAN_POINT('',(31.28982954102,-5.9,-8.694667410948));
#154 = SURFACE_CURVE('',#155,(#159,#166),.PCURVE_S1.);
#155 = LINE('',#156,#157);
#156 = CARTESIAN_POINT('',(31.28982954102,-5.9,-8.694667410948));
#157 = VECTOR('',#158,1.);
#158 = DIRECTION('',(-0.965925781737,-1.762604617159E-05,0.258819210775)
  );
#159 = PCURVE('',#33,#160);
#160 = DEFINITIONAL_REPRESENTATION('',(#161),#165);
#161 = LINE('',#162,#163);
#162 = CARTESIAN_POINT('',(31.28982954102,8.694667410948));
#163 = VECTOR('',#164,1.);
#164 = DIRECTION('',(-0.965925781887,-0.258819210815));
#165 = ( GEOMETRIC_REPRESENTATION_CONTEXT(2) 
PARAMETRIC_REPRESENTATION_CONTEXT() REPRESENTATION_CONTEXT('2D SPACE',''
  ) );
#166 = PCURVE('',#167,#172);
#167 = PLANE('',#168);
#168 = AXIS2_PLACEMENT_3D('',#169,#170,#171);
#169 = CARTESIAN_POINT('',(30.42576511892,-5.75,-8.307850619776));
#170 = DIRECTION('',(0.183012701892,-0.707106781187,0.683012701892));
#171 = DIRECTION('',(0.183012701892,0.707106781187,0.683012701892));
#172 = DEFINITIONAL_REPRESENTATION('',(#173),#177);
#173 = LINE('',#174,#175);
#174 = CARTESIAN_POINT('',(-0.212132034356,-0.934737693405));
#175 = VECTOR('',#176,1.);
#176 = DIRECTION('',(-1.234218694043E-05,0.999999999924));
#177 = ( GEOMETRIC_REPRESENTATION_CONTEXT(2) 
PARAMETRIC_REPRESENTATION_CONTEXT() REPRESENTATION_CONTEXT('2D SPACE',''
  ) );
#178 = ORIENTED_EDGE('',*,*,#179,.F.);
#179 = EDGE_CURVE('',#24,#152,#180,.T.);
#180 = SURFACE_CURVE('',#181,(#186,#197),.PCURVE_S1.);
#181 = CIRCLE('',#182,4.2);
#182 = AXIS2_PLACEMENT_3D('',#183,#184,#185);
#183 = CARTESIAN_POINT('',(27.8649938431,-5.9,-11.1258194922));
#184 = DIRECTION('',(0.,-1.,0.));
#185 = DIRECTION('',(0.945028643609,0.,-0.326987557497));
#186 = PCURVE('',#33,#187);
#187 = DEFINITIONAL_REPRESENTATION('',(#188),#196);
#188 = ( BOUNDED_CURVE() B_SPLINE_CURVE(2,(#189,#190,#191,#192,#193,#194
,#195),.UNSPECIFIED.,.T.,.F.) B_SPLINE_CURVE_WITH_KNOTS((1,2,2,2,2,1),(
    -2.094395102393,0.,2.094395102393,4.188790204786,6.28318530718,
8.377580409573),.UNSPECIFIED.) CURVE() GEOMETRIC_REPRESENTATION_ITEM() 
RATIONAL_B_SPLINE_CURVE((1.,0.5,1.,0.5,1.,0.5,1.)) REPRESENTATION_ITEM(
  '') );
#189 = CARTESIAN_POINT('',(31.834114146259,12.499167233689));
#190 = CARTESIAN_POINT('',(34.212822210978,5.624449207266));
#191 = CARTESIAN_POINT('',(27.069787723881,7.001786608243));
#192 = CARTESIAN_POINT('',(19.926753236783,8.379124009221));
#193 = CARTESIAN_POINT('',(24.691079659161,13.876504634667));
#194 = CARTESIAN_POINT('',(29.455406081539,19.373885260113));
#195 = CARTESIAN_POINT('',(31.834114146259,12.499167233689));
#196 = ( GEOMETRIC_REPRESENTATION_CONTEXT(2) 
PARAMETRIC_REPRESENTATION_CONTEXT() REPRESENTATION_CONTEXT('2D SPACE',''
  ) );
#197 = PCURVE('',#198,#203);
#198 = CONICAL_SURFACE('',#199,4.350000776684,0.785398163397);
#199 = AXIS2_PLACEMENT_3D('',#200,#201,#202);
#200 = CARTESIAN_POINT('',(27.8649938431,-5.749999223316,-11.1258194922)
  );
#201 = DIRECTION('',(0.,1.,0.));
#202 = DIRECTION('',(0.,0.,-1.));
#203 = DEFINITIONAL_REPRESENTATION('',(#204),#208);
#204 = LINE('',#205,#206);
#205 = CARTESIAN_POINT('',(5.045503117023,-0.150000776684));
#206 = VECTOR('',#207,1.);
#207 = DIRECTION('',(-1.,0.));
#208 = ( GEOMETRIC_REPRESENTATION_CONTEXT(2) 
PARAMETRIC_REPRESENTATION_CONTEXT() REPRESENTATION_CONTEXT('2D SPACE',''
  ) );
#209 = ADVANCED_FACE('',(#210),#49,.T.);
#210 = FACE_BOUND('',#211,.T.);
#211 = EDGE_LOOP('',(#212,#233,#261,#280));
#212 = ORIENTED_EDGE('',*,*,#213,.F.);
#213 = EDGE_CURVE('',#214,#22,#216,.T.);
#214 = VERTEX_POINT('',#215);
#215 = CARTESIAN_POINT('',(-32.11557639687,-5.6,-12.6031643922));
#216 = SURFACE_CURVE('',#217,(#221,#227),.PCURVE_S1.);
#217 = LINE('',#218,#219);
#218 = CARTESIAN_POINT('',(-32.11557487964,-5.600001536681,
    -12.60316383052));
#219 = VECTOR('',#220,1.);
#220 = DIRECTION('',(0.663344235479,-0.707035164618,0.2451034501));
#221 = PCURVE('',#49,#222);
#222 = DEFINITIONAL_REPRESENTATION('',(#223),#226);
#223 = B_SPLINE_CURVE_WITH_KNOTS('',1,(#224,#225),.UNSPECIFIED.,.F.,.F.,
  (2,2),(-2.230602982122E-06,0.424304780776),.PIECEWISE_BEZIER_KNOTS.);
#224 = CARTESIAN_POINT('',(1.196831468125,0.150001263719));
#225 = CARTESIAN_POINT('',(1.196655762013,-0.149998742458));
#226 = ( GEOMETRIC_REPRESENTATION_CONTEXT(2) 
PARAMETRIC_REPRESENTATION_CONTEXT() REPRESENTATION_CONTEXT('2D SPACE',''
  ) );
#227 = PCURVE('',#82,#228);
#228 = DEFINITIONAL_REPRESENTATION('',(#229),#232);
#229 = B_SPLINE_CURVE_WITH_KNOTS('',1,(#230,#231),.UNSPECIFIED.,.F.,.F.,
  (2,2),(-2.230602982122E-06,0.424304780776),.PIECEWISE_BEZIER_KNOTS.);
#230 = CARTESIAN_POINT('',(1.236294270156,0.149999999078));
#231 = CARTESIAN_POINT('',(1.237682680102,-0.150000006521));
#232 = ( GEOMETRIC_REPRESENTATION_CONTEXT(2) 
PARAMETRIC_REPRESENTATION_CONTEXT() REPRESENTATION_CONTEXT('2D SPACE',''
  ) );
#233 = ORIENTED_EDGE('',*,*,#234,.F.);
#234 = EDGE_CURVE('',#235,#214,#237,.T.);
#235 = VERTEX_POINT('',#236);
#236 = CARTESIAN_POINT('',(32.11557639687,-5.6,-12.6031643922));
#237 = SURFACE_CURVE('',#238,(#243,#250),.PCURVE_S1.);
#238 = CIRCLE('',#239,34.50000087929);
#239 = AXIS2_PLACEMENT_3D('',#240,#241,#242);
#240 = CARTESIAN_POINT('',(1.442324802083E-06,-5.600000540267,
    1.09609954535E-06));
#241 = DIRECTION('',(0.,1.,0.));
#242 = DIRECTION('',(0.93088625599,0.,-0.365309154565));
#243 = PCURVE('',#49,#244);
#244 = DEFINITIONAL_REPRESENTATION('',(#245),#249);
#245 = LINE('',#246,#247);
#246 = CARTESIAN_POINT('',(-1.196831437575,0.150000561704));
#247 = VECTOR('',#248,1.);
#248 = DIRECTION('',(1.,-1.484057810085E-15));
#249 = ( GEOMETRIC_REPRESENTATION_CONTEXT(2) 
PARAMETRIC_REPRESENTATION_CONTEXT() REPRESENTATION_CONTEXT('2D SPACE',''
  ) );
#250 = PCURVE('',#251,#256);
#251 = CYLINDRICAL_SURFACE('',#252,34.5);
#252 = AXIS2_PLACEMENT_3D('',#253,#254,#255);
#253 = CARTESIAN_POINT('',(0.,-5.9,0.));
#254 = DIRECTION('',(0.,1.,0.));
#255 = DIRECTION('',(1.,0.,0.));
#256 = DEFINITIONAL_REPRESENTATION('',(#257),#260);
#257 = B_SPLINE_CURVE_WITH_KNOTS('',1,(#258,#259),.UNSPECIFIED.,.F.,.F.,
  (2,2),(0.,2.393662905695),.PIECEWISE_BEZIER_KNOTS.);
#258 = CARTESIAN_POINT('',(0.373964844372,0.299999459733));
#259 = CARTESIAN_POINT('',(2.767627809218,0.299999459733));
#260 = ( GEOMETRIC_REPRESENTATION_CONTEXT(2) 
PARAMETRIC_REPRESENTATION_CONTEXT() REPRESENTATION_CONTEXT('2D SPACE',''
  ) );
#261 = ORIENTED_EDGE('',*,*,#262,.T.);
#262 = EDGE_CURVE('',#235,#24,#263,.T.);
#263 = SURFACE_CURVE('',#264,(#268,#274),.PCURVE_S1.);
#264 = LINE('',#265,#266);
#265 = CARTESIAN_POINT('',(32.11557254576,-5.600004836046,
    -12.60316258355));
#266 = VECTOR('',#267,1.);
#267 = DIRECTION('',(-0.663344483777,-0.707035549564,0.245101667673));
#268 = PCURVE('',#49,#269);
#269 = DEFINITIONAL_REPRESENTATION('',(#270),#273);
#270 = B_SPLINE_CURVE_WITH_KNOTS('',1,(#271,#272),.UNSPECIFIED.,.F.,.F.,
  (2,2),(-6.417172143763E-06,0.424300556021),.PIECEWISE_BEZIER_KNOTS.);
#271 = CARTESIAN_POINT('',(-1.196831448233,0.149999917397));
#272 = CARTESIAN_POINT('',(-1.19665572024,-0.150000054219));
#273 = ( GEOMETRIC_REPRESENTATION_CONTEXT(2) 
PARAMETRIC_REPRESENTATION_CONTEXT() REPRESENTATION_CONTEXT('2D SPACE',''
  ) );
#274 = PCURVE('',#198,#275);
#275 = DEFINITIONAL_REPRESENTATION('',(#276),#279);
#276 = B_SPLINE_CURVE_WITH_KNOTS('',1,(#277,#278),.UNSPECIFIED.,.F.,.F.,
  (2,2),(-6.417172143763E-06,0.424300556021),.PIECEWISE_BEZIER_KNOTS.);
#277 = CARTESIAN_POINT('',(5.046890958331,0.149999226771));
#278 = CARTESIAN_POINT('',(5.045502721387,-0.150000759384));
#279 = ( GEOMETRIC_REPRESENTATION_CONTEXT(2) 
PARAMETRIC_REPRESENTATION_CONTEXT() REPRESENTATION_CONTEXT('2D SPACE',''
  ) );
#280 = ORIENTED_EDGE('',*,*,#21,.F.);
#281 = ADVANCED_FACE('',(#282),#82,.T.);
#282 = FACE_BOUND('',#283,.T.);
#283 = EDGE_LOOP('',(#284,#310,#341,#368,#369));
#284 = ORIENTED_EDGE('',*,*,#285,.T.);
#285 = EDGE_CURVE('',#62,#286,#288,.T.);
#286 = VERTEX_POINT('',#287);
#287 = CARTESIAN_POINT('',(-31.44968848145,-5.633945801437,
    -8.462061910468));
#288 = SURFACE_CURVE('',#289,(#295,#301),.PCURVE_S1.);
#289 = B_SPLINE_CURVE_WITH_KNOTS('',3,(#290,#291,#292,#293,#294),
  .UNSPECIFIED.,.F.,.F.,(4,1,4),(0.,0.5,1.),.QUASI_UNIFORM_KNOTS.);
#290 = CARTESIAN_POINT('',(-31.28982954102,-5.9,-8.694667410948));
#291 = CARTESIAN_POINT('',(-31.31610282619,-5.856706551511,
    -8.656886640503));
#292 = CARTESIAN_POINT('',(-31.3690223246,-5.769071340806,
    -8.580339731159));
#293 = CARTESIAN_POINT('',(-31.42267845214,-5.679337663235,
    -8.501817708229));
#294 = CARTESIAN_POINT('',(-31.44968848145,-5.633945801437,
    -8.462061910468));
#295 = PCURVE('',#82,#296);
#296 = DEFINITIONAL_REPRESENTATION('',(#297),#300);
#297 = B_SPLINE_CURVE_WITH_KNOTS('',1,(#298,#299),.UNSPECIFIED.,.F.,.F.,
  (2,2),(0.,1.),.PIECEWISE_BEZIER_KNOTS.);
#298 = CARTESIAN_POINT('',(2.188108786474,-0.150000000944));
#299 = CARTESIAN_POINT('',(2.209861577509,0.116054197621));
#300 = ( GEOMETRIC_REPRESENTATION_CONTEXT(2) 
PARAMETRIC_REPRESENTATION_CONTEXT() REPRESENTATION_CONTEXT('2D SPACE',''
  ) );
#301 = PCURVE('',#110,#302);
#302 = DEFINITIONAL_REPRESENTATION('',(#303),#309);
#303 = B_SPLINE_CURVE_WITH_KNOTS('',3,(#304,#305,#306,#307,#308),
  .UNSPECIFIED.,.F.,.F.,(4,1,4),(0.,0.5,1.),.QUASI_UNIFORM_KNOTS.);
#304 = CARTESIAN_POINT('',(-0.212132034356,0.934737693405));
#305 = CARTESIAN_POINT('',(-0.150905852341,0.950337355162));
#306 = CARTESIAN_POINT('',(-2.697094882137E-02,0.981641867409));
#307 = CARTESIAN_POINT('',(9.993163500352E-02,1.013146711744));
#308 = CARTESIAN_POINT('',(0.164125421578,1.028946839009));
#309 = ( GEOMETRIC_REPRESENTATION_CONTEXT(2) 
PARAMETRIC_REPRESENTATION_CONTEXT() REPRESENTATION_CONTEXT('2D SPACE',''
  ) );
#310 = ORIENTED_EDGE('',*,*,#311,.F.);
#311 = EDGE_CURVE('',#312,#286,#314,.T.);
#312 = VERTEX_POINT('',#313);
#313 = CARTESIAN_POINT('',(-31.5344606623,-5.6,-8.521013690858));
#314 = SURFACE_CURVE('',#315,(#321,#327),.PCURVE_S1.);
#315 = B_SPLINE_CURVE_WITH_KNOTS('',3,(#316,#317,#318,#319,#320),
  .UNSPECIFIED.,.F.,.F.,(4,1,4),(0.,0.5,1.),.QUASI_UNIFORM_KNOTS.);
#316 = CARTESIAN_POINT('',(-31.5344606623,-5.6,-8.521013690858));
#317 = CARTESIAN_POINT('',(-31.52035960557,-5.605822319475,
    -8.511207615426));
#318 = CARTESIAN_POINT('',(-31.49213036706,-5.617304094947,
    -8.491576601424));
#319 = CARTESIAN_POINT('',(-31.46384531426,-5.62845469153,
    -8.471906773374));
#320 = CARTESIAN_POINT('',(-31.44968848145,-5.633945801437,
    -8.462061910468));
#321 = PCURVE('',#82,#322);
#322 = DEFINITIONAL_REPRESENTATION('',(#323),#326);
#323 = B_SPLINE_CURVE_WITH_KNOTS('',1,(#324,#325),.UNSPECIFIED.,.F.,.F.,
  (2,2),(0.,1.),.PIECEWISE_BEZIER_KNOTS.);
#324 = CARTESIAN_POINT('',(2.188108786474,0.149999999056));
#325 = CARTESIAN_POINT('',(2.209861577509,0.116054197621));
#326 = ( GEOMETRIC_REPRESENTATION_CONTEXT(2) 
PARAMETRIC_REPRESENTATION_CONTEXT() REPRESENTATION_CONTEXT('2D SPACE',''
  ) );
#327 = PCURVE('',#328,#333);
#328 = PLANE('',#329);
#329 = AXIS2_PLACEMENT_3D('',#330,#331,#332);
#330 = CARTESIAN_POINT('',(-31.45096795843,2.13162820728E-14,
    -8.462951676959));
#331 = DIRECTION('',(-0.570932833391,0.,0.820996772074));
#332 = DIRECTION('',(-0.820996772074,0.,-0.570932833391));
#333 = DEFINITIONAL_REPRESENTATION('',(#334),#340);
#334 = B_SPLINE_CURVE_WITH_KNOTS('',3,(#335,#336,#337,#338,#339),
  .UNSPECIFIED.,.F.,.F.,(4,1,4),(0.,0.5,1.),.QUASI_UNIFORM_KNOTS.);
#335 = CARTESIAN_POINT('',(0.101696750477,5.6));
#336 = CARTESIAN_POINT('',(8.452121798775E-02,5.605822319475));
#337 = CARTESIAN_POINT('',(5.013711384644E-02,5.617304094947));
#338 = CARTESIAN_POINT('',(1.568502613879E-02,5.62845469153));
#339 = CARTESIAN_POINT('',(-1.558443374282E-03,5.633945801437));
#340 = ( GEOMETRIC_REPRESENTATION_CONTEXT(2) 
PARAMETRIC_REPRESENTATION_CONTEXT() REPRESENTATION_CONTEXT('2D SPACE',''
  ) );
#341 = ORIENTED_EDGE('',*,*,#342,.T.);
#342 = EDGE_CURVE('',#312,#214,#343,.T.);
#343 = SURFACE_CURVE('',#344,(#349,#356),.PCURVE_S1.);
#344 = CIRCLE('',#345,4.5);
#345 = AXIS2_PLACEMENT_3D('',#346,#347,#348);
#346 = CARTESIAN_POINT('',(-27.86499384309,-5.6,-11.1258194922));
#347 = DIRECTION('',(0.,-1.,0.));
#348 = DIRECTION('',(-0.815437070935,0.,0.578845733633));
#349 = PCURVE('',#82,#350);
#350 = DEFINITIONAL_REPRESENTATION('',(#351),#355);
#351 = LINE('',#352,#353);
#352 = CARTESIAN_POINT('',(2.188108786475,0.149999999057));
#353 = VECTOR('',#354,1.);
#354 = DIRECTION('',(-1.,-1.402141453447E-15));
#355 = ( GEOMETRIC_REPRESENTATION_CONTEXT(2) 
PARAMETRIC_REPRESENTATION_CONTEXT() REPRESENTATION_CONTEXT('2D SPACE',''
  ) );
#356 = PCURVE('',#357,#362);
#357 = CYLINDRICAL_SURFACE('',#358,4.5);
#358 = AXIS2_PLACEMENT_3D('',#359,#360,#361);
#359 = CARTESIAN_POINT('',(-27.86499384309,-5.9,-11.1258194922));
#360 = DIRECTION('',(0.,-1.,0.));
#361 = DIRECTION('',(-1.,0.,0.));
#362 = DEFINITIONAL_REPRESENTATION('',(#363),#367);
#363 = LINE('',#364,#365);
#364 = CARTESIAN_POINT('',(5.665872847499,-0.3));
#365 = VECTOR('',#366,1.);
#366 = DIRECTION('',(1.,0.));
#367 = ( GEOMETRIC_REPRESENTATION_CONTEXT(2) 
PARAMETRIC_REPRESENTATION_CONTEXT() REPRESENTATION_CONTEXT('2D SPACE',''
  ) );
#368 = ORIENTED_EDGE('',*,*,#213,.T.);
#369 = ORIENTED_EDGE('',*,*,#61,.F.);
#370 = ADVANCED_FACE('',(#371),#110,.T.);
#371 = FACE_BOUND('',#372,.F.);
#372 = EDGE_LOOP('',(#373,#403,#431,#455,#456,#457));
#373 = ORIENTED_EDGE('',*,*,#374,.F.);
#374 = EDGE_CURVE('',#375,#377,#379,.T.);
#375 = VERTEX_POINT('',#376);
#376 = CARTESIAN_POINT('',(-29.74910416096,-5.6,-7.97124843548));
#377 = VERTEX_POINT('',#378);
#378 = CARTESIAN_POINT('',(-31.36747525455,-5.6,-8.404889663061));
#379 = SURFACE_CURVE('',#380,(#384,#391),.PCURVE_S1.);
#380 = LINE('',#381,#382);
#381 = CARTESIAN_POINT('',(-29.74910416096,-5.6,-7.97124843548));
#382 = VECTOR('',#383,1.);
#383 = DIRECTION('',(-0.965925826289,0.,-0.258819045102));
#384 = PCURVE('',#110,#385);
#385 = DEFINITIONAL_REPRESENTATION('',(#386),#390);
#386 = LINE('',#387,#388);
#387 = CARTESIAN_POINT('',(0.212132034356,-0.740723350854));
#388 = VECTOR('',#389,1.);
#389 = DIRECTION('',(6.328271240363E-15,1.));
#390 = ( GEOMETRIC_REPRESENTATION_CONTEXT(2) 
PARAMETRIC_REPRESENTATION_CONTEXT() REPRESENTATION_CONTEXT('2D SPACE',''
  ) );
#391 = PCURVE('',#392,#397);
#392 = PLANE('',#393);
#393 = AXIS2_PLACEMENT_3D('',#394,#395,#396);
#394 = CARTESIAN_POINT('',(-33.32444100697,-5.9,-8.929257056037));
#395 = DIRECTION('',(-0.258819045102,0.,0.965925826289));
#396 = DIRECTION('',(0.965925826289,0.,0.258819045102));
#397 = DEFINITIONAL_REPRESENTATION('',(#398),#402);
#398 = LINE('',#399,#400);
#399 = CARTESIAN_POINT('',(3.701461073617,0.3));
#400 = VECTOR('',#401,1.);
#401 = DIRECTION('',(-1.,0.));
#402 = ( GEOMETRIC_REPRESENTATION_CONTEXT(2) 
PARAMETRIC_REPRESENTATION_CONTEXT() REPRESENTATION_CONTEXT('2D SPACE',''
  ) );
#403 = ORIENTED_EDGE('',*,*,#404,.T.);
#404 = EDGE_CURVE('',#375,#405,#407,.T.);
#405 = VERTEX_POINT('',#406);
#406 = CARTESIAN_POINT('',(-29.56559371502,-5.748807323766,
    -8.076094287472));
#407 = SURFACE_CURVE('',#408,(#412,#419),.PCURVE_S1.);
#408 = LINE('',#409,#410);
#409 = CARTESIAN_POINT('',(-29.74910416096,-5.6,-7.97124843548));
#410 = VECTOR('',#411,1.);
#411 = DIRECTION('',(0.709957574709,-0.575699580129,-0.405623268012));
#412 = PCURVE('',#110,#413);
#413 = DEFINITIONAL_REPRESENTATION('',(#414),#418);
#414 = LINE('',#415,#416);
#415 = CARTESIAN_POINT('',(0.212132034356,-0.740723350854));
#416 = VECTOR('',#417,1.);
#417 = DIRECTION('',(-0.814058179648,-0.580783333222));
#418 = ( GEOMETRIC_REPRESENTATION_CONTEXT(2) 
PARAMETRIC_REPRESENTATION_CONTEXT() REPRESENTATION_CONTEXT('2D SPACE',''
  ) );
#419 = PCURVE('',#420,#425);
#420 = PLANE('',#421);
#421 = AXIS2_PLACEMENT_3D('',#422,#423,#424);
#422 = CARTESIAN_POINT('',(-29.56577744812,0.,-8.075905039049));
#423 = DIRECTION('',(0.495776364076,0.,0.868450227027));
#424 = DIRECTION('',(-0.868450227027,0.,0.495776364076));
#425 = DEFINITIONAL_REPRESENTATION('',(#426),#430);
#426 = LINE('',#427,#428);
#427 = CARTESIAN_POINT('',(0.21109639578,5.6));
#428 = VECTOR('',#429,1.);
#429 = DIRECTION('',(-0.817661278779,0.575699603253));
#430 = ( GEOMETRIC_REPRESENTATION_CONTEXT(2) 
PARAMETRIC_REPRESENTATION_CONTEXT() REPRESENTATION_CONTEXT('2D SPACE',''
  ) );
#431 = ORIENTED_EDGE('',*,*,#432,.F.);
#432 = EDGE_CURVE('',#95,#405,#433,.T.);
#433 = SURFACE_CURVE('',#434,(#440,#449),.PCURVE_S1.);
#434 = B_SPLINE_CURVE_WITH_KNOTS('',3,(#435,#436,#437,#438,#439),
  .UNSPECIFIED.,.F.,.F.,(4,1,4),(0.,0.5,1.),.QUASI_UNIFORM_KNOTS.);
#435 = CARTESIAN_POINT('',(-29.67155068835,-5.900028240235,
    -8.261010162388));
#436 = CARTESIAN_POINT('',(-29.65390639109,-5.874739984354,
    -8.230102058228));
#437 = CARTESIAN_POINT('',(-29.61820846259,-5.824289246878,
    -8.168431015263));
#438 = CARTESIAN_POINT('',(-29.58324421703,-5.77393576137,
    -8.106838598135));
#439 = CARTESIAN_POINT('',(-29.56559371502,-5.748807323766,
    -8.076094287472));
#440 = PCURVE('',#110,#441);
#441 = DEFINITIONAL_REPRESENTATION('',(#442),#448);
#442 = B_SPLINE_CURVE_WITH_KNOTS('',3,(#443,#444,#445,#446,#447),
  .UNSPECIFIED.,.F.,.F.,(4,1,4),(0.,0.5,1.),.QUASI_UNIFORM_KNOTS.);
#443 = CARTESIAN_POINT('',(-0.212124179426,-0.740638399501));
#444 = CARTESIAN_POINT('',(-0.17636118499,-0.765681087916));
#445 = CARTESIAN_POINT('',(-0.105098195067,-0.816124279449));
#446 = CARTESIAN_POINT('',(-3.38234018193E-02,-0.865838437819));
#447 = CARTESIAN_POINT('',(1.713575442258E-03,-0.890844726686));
#448 = ( GEOMETRIC_REPRESENTATION_CONTEXT(2) 
PARAMETRIC_REPRESENTATION_CONTEXT() REPRESENTATION_CONTEXT('2D SPACE',''
  ) );
#449 = PCURVE('',#139,#450);
#450 = DEFINITIONAL_REPRESENTATION('',(#451),#454);
#451 = B_SPLINE_CURVE_WITH_KNOTS('',1,(#452,#453),.UNSPECIFIED.,.F.,.F.,
  (2,2),(0.,1.),.PIECEWISE_BEZIER_KNOTS.);
#452 = CARTESIAN_POINT('',(-1.299261197325,0.150025743096));
#453 = CARTESIAN_POINT('',(-1.30414634146,-1.239300733354E-03));
#454 = ( GEOMETRIC_REPRESENTATION_CONTEXT(2) 
PARAMETRIC_REPRESENTATION_CONTEXT() REPRESENTATION_CONTEXT('2D SPACE',''
  ) );
#455 = ORIENTED_EDGE('',*,*,#94,.T.);
#456 = ORIENTED_EDGE('',*,*,#285,.T.);
#457 = ORIENTED_EDGE('',*,*,#458,.T.);
#458 = EDGE_CURVE('',#286,#377,#459,.T.);
#459 = SURFACE_CURVE('',#460,(#464,#471),.PCURVE_S1.);
#460 = LINE('',#461,#462);
#461 = CARTESIAN_POINT('',(-31.44968848145,-5.633945801437,
    -8.462061910468));
#462 = VECTOR('',#463,1.);
#463 = DIRECTION('',(0.777536583733,0.321044477619,0.540710000228));
#464 = PCURVE('',#110,#465);
#465 = DEFINITIONAL_REPRESENTATION('',(#466),#470);
#466 = LINE('',#467,#468);
#467 = CARTESIAN_POINT('',(0.164125421578,1.028946839009));
#468 = VECTOR('',#469,1.);
#469 = DIRECTION('',(0.454025454374,-0.890988713049));
#470 = ( GEOMETRIC_REPRESENTATION_CONTEXT(2) 
PARAMETRIC_REPRESENTATION_CONTEXT() REPRESENTATION_CONTEXT('2D SPACE',''
  ) );
#471 = PCURVE('',#328,#472);
#472 = DEFINITIONAL_REPRESENTATION('',(#473),#477);
#473 = LINE('',#474,#475);
#474 = CARTESIAN_POINT('',(-1.558443374284E-03,5.633945801437));
#475 = VECTOR('',#476,1.);
#476 = DIRECTION('',(-0.947064117888,-0.321044477619));
#477 = ( GEOMETRIC_REPRESENTATION_CONTEXT(2) 
PARAMETRIC_REPRESENTATION_CONTEXT() REPRESENTATION_CONTEXT('2D SPACE',''
  ) );
#478 = ADVANCED_FACE('',(#479),#139,.F.);
#479 = FACE_BOUND('',#480,.F.);
#480 = EDGE_LOOP('',(#481,#482,#483,#509,#537,#568));
#481 = ORIENTED_EDGE('',*,*,#122,.T.);
#482 = ORIENTED_EDGE('',*,*,#432,.T.);
#483 = ORIENTED_EDGE('',*,*,#484,.T.);
#484 = EDGE_CURVE('',#405,#485,#487,.T.);
#485 = VERTEX_POINT('',#486);
#486 = CARTESIAN_POINT('',(-29.3825777966,-5.599867562343,
    -8.180597018132));
#487 = SURFACE_CURVE('',#488,(#494,#500),.PCURVE_S1.);
#488 = B_SPLINE_CURVE_WITH_KNOTS('',3,(#489,#490,#491,#492,#493),
  .UNSPECIFIED.,.F.,.F.,(4,1,4),(0.,0.5,1.),.QUASI_UNIFORM_KNOTS.);
#489 = CARTESIAN_POINT('',(-29.56559371502,-5.748807323766,
    -8.076094287472));
#490 = CARTESIAN_POINT('',(-29.53500931842,-5.723903825958,
    -8.093554149272));
#491 = CARTESIAN_POINT('',(-29.47359587245,-5.674247952011,
    -8.12845629866));
#492 = CARTESIAN_POINT('',(-29.41300907937,-5.624716860106,
    -8.16317805471));
#493 = CARTESIAN_POINT('',(-29.38257248381,-5.600055066319,
    -8.180553540619));
#494 = PCURVE('',#139,#495);
#495 = DEFINITIONAL_REPRESENTATION('',(#496),#499);
#496 = B_SPLINE_CURVE_WITH_KNOTS('',1,(#497,#498),.UNSPECIFIED.,.F.,.F.,
  (2,2),(0.,1.),.PIECEWISE_BEZIER_KNOTS.);
#497 = CARTESIAN_POINT('',(-1.30414634146,-1.239300733354E-03));
#498 = CARTESIAN_POINT('',(-1.299261252638,-0.149949271289));
#499 = ( GEOMETRIC_REPRESENTATION_CONTEXT(2) 
PARAMETRIC_REPRESENTATION_CONTEXT() REPRESENTATION_CONTEXT('2D SPACE',''
  ) );
#500 = PCURVE('',#420,#501);
#501 = DEFINITIONAL_REPRESENTATION('',(#502),#508);
#502 = B_SPLINE_CURVE_WITH_KNOTS('',3,(#503,#504,#505,#506,#507),
  .UNSPECIFIED.,.F.,.F.,(4,1,4),(0.,0.5,1.),.QUASI_UNIFORM_KNOTS.);
#503 = CARTESIAN_POINT('',(-2.533879474704E-04,5.748807323766));
#504 = CARTESIAN_POINT('',(-3.54706009187E-02,5.723903825958));
#505 = CARTESIAN_POINT('',(-0.106108782736,5.674247952011));
#506 = CARTESIAN_POINT('',(-0.17593962291,5.624716860106));
#507 = CARTESIAN_POINT('',(-0.210986646462,5.600055066319));
#508 = ( GEOMETRIC_REPRESENTATION_CONTEXT(2) 
PARAMETRIC_REPRESENTATION_CONTEXT() REPRESENTATION_CONTEXT('2D SPACE',''
  ) );
#509 = ORIENTED_EDGE('',*,*,#510,.T.);
#510 = EDGE_CURVE('',#485,#511,#513,.T.);
#511 = VERTEX_POINT('',#512);
#512 = CARTESIAN_POINT('',(29.38215958328,-5.599867562343,
    -8.180480583381));
#513 = SURFACE_CURVE('',#514,(#519,#526),.PCURVE_S1.);
#514 = CIRCLE('',#515,30.49986913052);
#515 = AXIS2_PLACEMENT_3D('',#516,#517,#518);
#516 = CARTESIAN_POINT('',(-2.25315007987E-04,-5.599867562343,
    -1.704017507653E-04));
#517 = DIRECTION('',(0.,-1.,0.));
#518 = DIRECTION('',(-0.963359952656,-0.,-0.268211859578));
#519 = PCURVE('',#139,#520);
#520 = DEFINITIONAL_REPRESENTATION('',(#521),#525);
#521 = LINE('',#522,#523);
#522 = CARTESIAN_POINT('',(-1.299259926089,-0.150034635946));
#523 = VECTOR('',#524,1.);
#524 = DIRECTION('',(1.,-6.873141613664E-16));
#525 = ( GEOMETRIC_REPRESENTATION_CONTEXT(2) 
PARAMETRIC_REPRESENTATION_CONTEXT() REPRESENTATION_CONTEXT('2D SPACE',''
  ) );
#526 = PCURVE('',#527,#532);
#527 = CYLINDRICAL_SURFACE('',#528,30.5);
#528 = AXIS2_PLACEMENT_3D('',#529,#530,#531);
#529 = CARTESIAN_POINT('',(0.,-5.9,0.));
#530 = DIRECTION('',(0.,1.,0.));
#531 = DIRECTION('',(1.,0.,0.));
#532 = DEFINITIONAL_REPRESENTATION('',(#533),#536);
#533 = B_SPLINE_CURVE_WITH_KNOTS('',1,(#534,#535),.UNSPECIFIED.,.F.,.F.,
  (2,2),(0.,2.598523814921),.PIECEWISE_BEZIER_KNOTS.);
#534 = CARTESIAN_POINT('',(2.870052852044,0.300132437657));
#535 = CARTESIAN_POINT('',(0.271539801633,0.300132437657));
#536 = ( GEOMETRIC_REPRESENTATION_CONTEXT(2) 
PARAMETRIC_REPRESENTATION_CONTEXT() REPRESENTATION_CONTEXT('2D SPACE',''
  ) );
#537 = ORIENTED_EDGE('',*,*,#538,.T.);
#538 = EDGE_CURVE('',#511,#539,#541,.T.);
#539 = VERTEX_POINT('',#540);
#540 = CARTESIAN_POINT('',(29.56544405579,-5.748809089436,
    -8.076095364337));
#541 = SURFACE_CURVE('',#542,(#548,#554),.PCURVE_S1.);
#542 = B_SPLINE_CURVE_WITH_KNOTS('',3,(#543,#544,#545,#546,#547),
  .UNSPECIFIED.,.F.,.F.,(4,1,4),(0.,0.5,1.),.QUASI_UNIFORM_KNOTS.);
#543 = CARTESIAN_POINT('',(29.38242347296,-5.600056596948,
    -8.180554052553));
#544 = CARTESIAN_POINT('',(29.41285687462,-5.624715802397,
    -8.163180389964));
#545 = CARTESIAN_POINT('',(29.47373745981,-5.674242864631,
    -8.128459927213));
#546 = CARTESIAN_POINT('',(29.53485656811,-5.72390307572,-8.093556990756
    ));
#547 = CARTESIAN_POINT('',(29.56544405579,-5.748809089436,
    -8.076095364337));
#548 = PCURVE('',#139,#549);
#549 = DEFINITIONAL_REPRESENTATION('',(#550),#553);
#550 = B_SPLINE_CURVE_WITH_KNOTS('',1,(#551,#552),.UNSPECIFIED.,.F.,.F.,
  (2,2),(0.,1.),.PIECEWISE_BEZIER_KNOTS.);
#551 = CARTESIAN_POINT('',(1.299263888832,-0.149803153284));
#552 = CARTESIAN_POINT('',(1.304148895145,-1.093108854102E-03));
#553 = ( GEOMETRIC_REPRESENTATION_CONTEXT(2) 
PARAMETRIC_REPRESENTATION_CONTEXT() REPRESENTATION_CONTEXT('2D SPACE',''
  ) );
#554 = PCURVE('',#555,#560);
#555 = PLANE('',#556);
#556 = AXIS2_PLACEMENT_3D('',#557,#558,#559);
#557 = CARTESIAN_POINT('',(29.56577744812,3.552713678801E-14,
    -8.075905039049));
#558 = DIRECTION('',(-0.495776364076,0.,0.868450227027));
#559 = DIRECTION('',(-0.868450227027,0.,-0.495776364076));
#560 = DEFINITIONAL_REPRESENTATION('',(#561),#567);
#561 = B_SPLINE_CURVE_WITH_KNOTS('',3,(#562,#563,#564,#565,#566),
  .UNSPECIFIED.,.F.,.F.,(4,1,4),(0.,0.5,1.),.QUASI_UNIFORM_KNOTS.);
#562 = CARTESIAN_POINT('',(0.211116308773,5.600056596948));
#563 = CARTESIAN_POINT('',(0.176072962923,5.624715802397));
#564 = CARTESIAN_POINT('',(0.105987620112,5.674242864631));
#565 = CARTESIAN_POINT('',(3.560466570071E-02,5.72390307572));
#566 = CARTESIAN_POINT('',(3.838934239511E-04,5.748809089436));
#567 = ( GEOMETRIC_REPRESENTATION_CONTEXT(2) 
PARAMETRIC_REPRESENTATION_CONTEXT() REPRESENTATION_CONTEXT('2D SPACE',''
  ) );
#568 = ORIENTED_EDGE('',*,*,#569,.T.);
#569 = EDGE_CURVE('',#539,#123,#570,.T.);
#570 = SURFACE_CURVE('',#571,(#577,#583),.PCURVE_S1.);
#571 = B_SPLINE_CURVE_WITH_KNOTS('',3,(#572,#573,#574,#575,#576),
  .UNSPECIFIED.,.F.,.F.,(4,1,4),(0.,0.5,1.),.QUASI_UNIFORM_KNOTS.);
#572 = CARTESIAN_POINT('',(29.56544405579,-5.748809089436,
    -8.076095364337));
#573 = CARTESIAN_POINT('',(29.58309964567,-5.773944771869,
    -8.106848538688));
#574 = CARTESIAN_POINT('',(29.61836619372,-5.824303484565,
    -8.168448793583));
#575 = CARTESIAN_POINT('',(29.65376226846,-5.874748612127,
    -8.230111473927));
#576 = CARTESIAN_POINT('',(29.67140144734,-5.900029532795,
    -8.261010612649));
#577 = PCURVE('',#139,#578);
#578 = DEFINITIONAL_REPRESENTATION('',(#579),#582);
#579 = B_SPLINE_CURVE_WITH_KNOTS('',1,(#580,#581),.UNSPECIFIED.,.F.,.F.,
  (2,2),(0.,0.999674714744),.PIECEWISE_BEZIER_KNOTS.);
#580 = CARTESIAN_POINT('',(1.304148895145,-1.093108854102E-03));
#581 = CARTESIAN_POINT('',(1.299265394228,0.150122281895));
#582 = ( GEOMETRIC_REPRESENTATION_CONTEXT(2) 
PARAMETRIC_REPRESENTATION_CONTEXT() REPRESENTATION_CONTEXT('2D SPACE',''
  ) );
#583 = PCURVE('',#167,#584);
#584 = DEFINITIONAL_REPRESENTATION('',(#585),#591);
#585 = B_SPLINE_CURVE_WITH_KNOTS('',3,(#586,#587,#588,#589,#590),
  .UNSPECIFIED.,.F.,.F.,(4,1,4),(0.,0.5,1.),.QUASI_UNIFORM_KNOTS.);
#586 = CARTESIAN_POINT('',(1.684201872506E-03,0.890989007688));
#587 = CARTESIAN_POINT('',(-3.386302112342E-02,0.865975510225));
#588 = CARTESIAN_POINT('',(-0.105091538651,0.81596732151));
#589 = CARTESIAN_POINT('',(-0.176400093061,0.765817862724));
#590 = CARTESIAN_POINT('',(-0.212152713938,0.740782438711));
#591 = ( GEOMETRIC_REPRESENTATION_CONTEXT(2) 
PARAMETRIC_REPRESENTATION_CONTEXT() REPRESENTATION_CONTEXT('2D SPACE',''
  ) );
#592 = ADVANCED_FACE('',(#593),#167,.T.);
#593 = FACE_BOUND('',#594,.F.);
#594 = EDGE_LOOP('',(#595,#596,#597,#620,#648,#676));
#595 = ORIENTED_EDGE('',*,*,#151,.T.);
#596 = ORIENTED_EDGE('',*,*,#569,.F.);
#597 = ORIENTED_EDGE('',*,*,#598,.F.);
#598 = EDGE_CURVE('',#599,#539,#601,.T.);
#599 = VERTEX_POINT('',#600);
#600 = CARTESIAN_POINT('',(29.74910416096,-5.6,-7.97124843548));
#601 = SURFACE_CURVE('',#602,(#606,#613),.PCURVE_S1.);
#602 = LINE('',#603,#604);
#603 = CARTESIAN_POINT('',(29.74910416096,-5.6,-7.97124843548));
#604 = VECTOR('',#605,1.);
#605 = DIRECTION('',(-0.710240566395,-0.575466576504,-0.405458453079));
#606 = PCURVE('',#167,#607);
#607 = DEFINITIONAL_REPRESENTATION('',(#608),#612);
#608 = LINE('',#609,#610);
#609 = CARTESIAN_POINT('',(0.212132034356,0.740723350854));
#610 = VECTOR('',#611,1.);
#611 = DIRECTION('',(-0.813832637184,0.581099336305));
#612 = ( GEOMETRIC_REPRESENTATION_CONTEXT(2) 
PARAMETRIC_REPRESENTATION_CONTEXT() REPRESENTATION_CONTEXT('2D SPACE',''
  ) );
#613 = PCURVE('',#555,#614);
#614 = DEFINITIONAL_REPRESENTATION('',(#615),#619);
#615 = LINE('',#616,#617);
#616 = CARTESIAN_POINT('',(-0.21109639578,5.6));
#617 = VECTOR('',#618,1.);
#618 = DIRECTION('',(0.817825298781,0.575466576504));
#619 = ( GEOMETRIC_REPRESENTATION_CONTEXT(2) 
PARAMETRIC_REPRESENTATION_CONTEXT() REPRESENTATION_CONTEXT('2D SPACE',''
  ) );
#620 = ORIENTED_EDGE('',*,*,#621,.F.);
#621 = EDGE_CURVE('',#622,#599,#624,.T.);
#622 = VERTEX_POINT('',#623);
#623 = CARTESIAN_POINT('',(31.36747525455,-5.6,-8.404889663061));
#624 = SURFACE_CURVE('',#625,(#629,#636),.PCURVE_S1.);
#625 = LINE('',#626,#627);
#626 = CARTESIAN_POINT('',(31.36747525455,-5.6,-8.404889663061));
#627 = VECTOR('',#628,1.);
#628 = DIRECTION('',(-0.965925826289,0.,0.258819045102));
#629 = PCURVE('',#167,#630);
#630 = DEFINITIONAL_REPRESENTATION('',(#631),#635);
#631 = LINE('',#632,#633);
#632 = CARTESIAN_POINT('',(0.212132034356,-0.934737693404));
#633 = VECTOR('',#634,1.);
#634 = DIRECTION('',(-6.328271240363E-15,1.));
#635 = ( GEOMETRIC_REPRESENTATION_CONTEXT(2) 
PARAMETRIC_REPRESENTATION_CONTEXT() REPRESENTATION_CONTEXT('2D SPACE',''
  ) );
#636 = PCURVE('',#637,#642);
#637 = PLANE('',#638);
#638 = AXIS2_PLACEMENT_3D('',#639,#640,#641);
#639 = CARTESIAN_POINT('',(29.46073770182,-5.9,-7.893980875627));
#640 = DIRECTION('',(0.258819045102,0.,0.965925826289));
#641 = DIRECTION('',(0.965925826289,0.,-0.258819045102));
#642 = DEFINITIONAL_REPRESENTATION('',(#643),#647);
#643 = LINE('',#644,#645);
#644 = CARTESIAN_POINT('',(1.973999970635,0.3));
#645 = VECTOR('',#646,1.);
#646 = DIRECTION('',(-1.,0.));
#647 = ( GEOMETRIC_REPRESENTATION_CONTEXT(2) 
PARAMETRIC_REPRESENTATION_CONTEXT() REPRESENTATION_CONTEXT('2D SPACE',''
  ) );
#648 = ORIENTED_EDGE('',*,*,#649,.T.);
#649 = EDGE_CURVE('',#622,#650,#652,.T.);
#650 = VERTEX_POINT('',#651);
#651 = CARTESIAN_POINT('',(31.44968848145,-5.633945801437,
    -8.462061910468));
#652 = SURFACE_CURVE('',#653,(#657,#664),.PCURVE_S1.);
#653 = LINE('',#654,#655);
#654 = CARTESIAN_POINT('',(31.36747525455,-5.6,-8.404889663061));
#655 = VECTOR('',#656,1.);
#656 = DIRECTION('',(0.777536583733,-0.321044477619,-0.540710000228));
#657 = PCURVE('',#167,#658);
#658 = DEFINITIONAL_REPRESENTATION('',(#659),#663);
#659 = LINE('',#660,#661);
#660 = CARTESIAN_POINT('',(0.212132034356,-0.934737693404));
#661 = VECTOR('',#662,1.);
#662 = DIRECTION('',(-0.454025454374,-0.890988713049));
#663 = ( GEOMETRIC_REPRESENTATION_CONTEXT(2) 
PARAMETRIC_REPRESENTATION_CONTEXT() REPRESENTATION_CONTEXT('2D SPACE',''
  ) );
#664 = PCURVE('',#665,#670);
#665 = PLANE('',#666);
#666 = AXIS2_PLACEMENT_3D('',#667,#668,#669);
#667 = CARTESIAN_POINT('',(31.45096795843,2.84217094304E-14,
    -8.462951676959));
#668 = DIRECTION('',(0.570932833391,0.,0.820996772074));
#669 = DIRECTION('',(0.820996772074,0.,-0.570932833391));
#670 = DEFINITIONAL_REPRESENTATION('',(#671),#675);
#671 = LINE('',#672,#673);
#672 = CARTESIAN_POINT('',(-0.101696750484,-5.6));
#673 = VECTOR('',#674,1.);
#674 = DIRECTION('',(0.947064117888,-0.321044477619));
#675 = ( GEOMETRIC_REPRESENTATION_CONTEXT(2) 
PARAMETRIC_REPRESENTATION_CONTEXT() REPRESENTATION_CONTEXT('2D SPACE',''
  ) );
#676 = ORIENTED_EDGE('',*,*,#677,.T.);
#677 = EDGE_CURVE('',#650,#152,#678,.T.);
#678 = SURFACE_CURVE('',#679,(#685,#694),.PCURVE_S1.);
#679 = B_SPLINE_CURVE_WITH_KNOTS('',3,(#680,#681,#682,#683,#684),
  .UNSPECIFIED.,.F.,.F.,(4,1,4),(0.,0.5,1.),.QUASI_UNIFORM_KNOTS.);
#680 = CARTESIAN_POINT('',(31.44968848145,-5.633945801437,
    -8.462061910468));
#681 = CARTESIAN_POINT('',(31.42272234847,-5.679263893001,
    -8.501753097649));
#682 = CARTESIAN_POINT('',(31.36911088467,-5.768923944007,
    -8.580210864361));
#683 = CARTESIAN_POINT('',(31.31614750352,-5.856632931654,
    -8.656822394872));
#684 = CARTESIAN_POINT('',(31.28982954102,-5.9,-8.694667410948));
#685 = PCURVE('',#167,#686);
#686 = DEFINITIONAL_REPRESENTATION('',(#687),#693);
#687 = B_SPLINE_CURVE_WITH_KNOTS('',3,(#688,#689,#690,#691,#692),
  .UNSPECIFIED.,.F.,.F.,(4,1,4),(0.,0.5,1.),.QUASI_UNIFORM_KNOTS.);
#688 = CARTESIAN_POINT('',(0.164125421578,-1.028946839009));
#689 = CARTESIAN_POINT('',(0.100035961869,-1.013172389894));
#690 = CARTESIAN_POINT('',(-2.676249826769E-02,-0.981694056686));
#691 = CARTESIAN_POINT('',(-0.15080173814,-0.950363882156));
#692 = CARTESIAN_POINT('',(-0.212132034356,-0.934737693405));
#693 = ( GEOMETRIC_REPRESENTATION_CONTEXT(2) 
PARAMETRIC_REPRESENTATION_CONTEXT() REPRESENTATION_CONTEXT('2D SPACE',''
  ) );
#694 = PCURVE('',#198,#695);
#695 = DEFINITIONAL_REPRESENTATION('',(#696),#699);
#696 = B_SPLINE_CURVE_WITH_KNOTS('',1,(#697,#698),.UNSPECIFIED.,.F.,.F.,
  (2,2),(0.,1.),.PIECEWISE_BEZIER_KNOTS.);
#697 = CARTESIAN_POINT('',(4.073323729669,0.116053421876));
#698 = CARTESIAN_POINT('',(4.095076520704,-0.150000776689));
#699 = ( GEOMETRIC_REPRESENTATION_CONTEXT(2) 
PARAMETRIC_REPRESENTATION_CONTEXT() REPRESENTATION_CONTEXT('2D SPACE',''
  ) );
#700 = ADVANCED_FACE('',(#701),#198,.T.);
#701 = FACE_BOUND('',#702,.T.);
#702 = EDGE_LOOP('',(#703,#704,#733,#757,#758));
#703 = ORIENTED_EDGE('',*,*,#262,.F.);
#704 = ORIENTED_EDGE('',*,*,#705,.T.);
#705 = EDGE_CURVE('',#235,#706,#708,.T.);
#706 = VERTEX_POINT('',#707);
#707 = CARTESIAN_POINT('',(31.5344606623,-5.6,-8.521013690858));
#708 = SURFACE_CURVE('',#709,(#714,#721),.PCURVE_S1.);
#709 = CIRCLE('',#710,4.5);
#710 = AXIS2_PLACEMENT_3D('',#711,#712,#713);
#711 = CARTESIAN_POINT('',(27.86499384309,-5.6,-11.1258194922));
#712 = DIRECTION('',(0.,-1.,0.));
#713 = DIRECTION('',(0.944573900839,0.,-0.328298866665));
#714 = PCURVE('',#198,#715);
#715 = DEFINITIONAL_REPRESENTATION('',(#716),#720);
#716 = LINE('',#717,#718);
#717 = CARTESIAN_POINT('',(5.04689103742,0.149999223311));
#718 = VECTOR('',#719,1.);
#719 = DIRECTION('',(-1.,6.755847438348E-13));
#720 = ( GEOMETRIC_REPRESENTATION_CONTEXT(2) 
PARAMETRIC_REPRESENTATION_CONTEXT() REPRESENTATION_CONTEXT('2D SPACE',''
  ) );
#721 = PCURVE('',#722,#727);
#722 = CYLINDRICAL_SURFACE('',#723,4.5);
#723 = AXIS2_PLACEMENT_3D('',#724,#725,#726);
#724 = CARTESIAN_POINT('',(27.86499384309,-5.9,-11.1258194922));
#725 = DIRECTION('',(0.,-1.,0.));
#726 = DIRECTION('',(-1.,0.,0.));
#727 = DEFINITIONAL_REPRESENTATION('',(#728),#732);
#728 = LINE('',#729,#730);
#729 = CARTESIAN_POINT('',(2.807090596555,-0.3));
#730 = VECTOR('',#731,1.);
#731 = DIRECTION('',(1.,0.));
#732 = ( GEOMETRIC_REPRESENTATION_CONTEXT(2) 
PARAMETRIC_REPRESENTATION_CONTEXT() REPRESENTATION_CONTEXT('2D SPACE',''
  ) );
#733 = ORIENTED_EDGE('',*,*,#734,.T.);
#734 = EDGE_CURVE('',#706,#650,#735,.T.);
#735 = SURFACE_CURVE('',#736,(#742,#748),.PCURVE_S1.);
#736 = B_SPLINE_CURVE_WITH_KNOTS('',3,(#737,#738,#739,#740,#741),
  .UNSPECIFIED.,.F.,.F.,(4,1,4),(0.,0.5,1.),.QUASI_UNIFORM_KNOTS.);
#737 = CARTESIAN_POINT('',(31.5344606623,-5.6,-8.521013690858));
#738 = CARTESIAN_POINT('',(31.5203382756,-5.605831126607,-8.511192782265
    ));
#739 = CARTESIAN_POINT('',(31.49208757307,-5.617321235021,-8.49154684188
    ));
#740 = CARTESIAN_POINT('',(31.46382385393,-5.628463015498,
    -8.471891849556));
#741 = CARTESIAN_POINT('',(31.44968848145,-5.633945801437,
    -8.462061910468));
#742 = PCURVE('',#198,#743);
#743 = DEFINITIONAL_REPRESENTATION('',(#744),#747);
#744 = B_SPLINE_CURVE_WITH_KNOTS('',1,(#745,#746),.UNSPECIFIED.,.F.,.F.,
  (2,2),(0.,1.),.PIECEWISE_BEZIER_KNOTS.);
#745 = CARTESIAN_POINT('',(4.095076520704,0.149999223311));
#746 = CARTESIAN_POINT('',(4.073323729669,0.116053421876));
#747 = ( GEOMETRIC_REPRESENTATION_CONTEXT(2) 
PARAMETRIC_REPRESENTATION_CONTEXT() REPRESENTATION_CONTEXT('2D SPACE',''
  ) );
#748 = PCURVE('',#665,#749);
#749 = DEFINITIONAL_REPRESENTATION('',(#750),#756);
#750 = B_SPLINE_CURVE_WITH_KNOTS('',3,(#751,#752,#753,#754,#755),
  .UNSPECIFIED.,.F.,.F.,(4,1,4),(0.,0.5,1.),.QUASI_UNIFORM_KNOTS.);
#751 = CARTESIAN_POINT('',(0.101696750477,-5.6));
#752 = CARTESIAN_POINT('',(8.44952374126E-02,-5.605831126607));
#753 = CARTESIAN_POINT('',(5.0084989418E-02,-5.617321235021));
#754 = CARTESIAN_POINT('',(1.565888677943E-02,-5.628463015498));
#755 = CARTESIAN_POINT('',(-1.558443374282E-03,-5.633945801437));
#756 = ( GEOMETRIC_REPRESENTATION_CONTEXT(2) 
PARAMETRIC_REPRESENTATION_CONTEXT() REPRESENTATION_CONTEXT('2D SPACE',''
  ) );
#757 = ORIENTED_EDGE('',*,*,#677,.T.);
#758 = ORIENTED_EDGE('',*,*,#179,.F.);
#759 = ADVANCED_FACE('',(#760,#1472,#1742),#251,.T.);
#760 = FACE_BOUND('',#761,.T.);
#761 = EDGE_LOOP('',(#762,#763,#786,#815,#843,#895,#1100,#1342,#1394,
    #1422,#1451));
#762 = ORIENTED_EDGE('',*,*,#234,.T.);
#763 = ORIENTED_EDGE('',*,*,#764,.T.);
#764 = EDGE_CURVE('',#214,#765,#767,.T.);
#765 = VERTEX_POINT('',#766);
#766 = CARTESIAN_POINT('',(-32.11557639687,5.6,-12.6031643922));
#767 = SURFACE_CURVE('',#768,(#772,#779),.PCURVE_S1.);
#768 = LINE('',#769,#770);
#769 = CARTESIAN_POINT('',(-32.11557487964,-5.600001536681,
    -12.60316383052));
#770 = VECTOR('',#771,1.);
#771 = DIRECTION('',(2.021401411925E-07,1.,7.491682657817E-08));
#772 = PCURVE('',#251,#773);
#773 = DEFINITIONAL_REPRESENTATION('',(#774),#778);
#774 = LINE('',#775,#776);
#775 = CARTESIAN_POINT('',(2.767627808308,0.299998463319));
#776 = VECTOR('',#777,1.);
#777 = DIRECTION('',(-1.189736404632E-10,1.));
#778 = ( GEOMETRIC_REPRESENTATION_CONTEXT(2) 
PARAMETRIC_REPRESENTATION_CONTEXT() REPRESENTATION_CONTEXT('2D SPACE',''
  ) );
#779 = PCURVE('',#357,#780);
#780 = DEFINITIONAL_REPRESENTATION('',(#781),#785);
#781 = LINE('',#782,#783);
#782 = CARTESIAN_POINT('',(6.617687357006,-0.299998463319));
#783 = VECTOR('',#784,1.);
#784 = DIRECTION('',(-9.782456541248E-10,-1.));
#785 = ( GEOMETRIC_REPRESENTATION_CONTEXT(2) 
PARAMETRIC_REPRESENTATION_CONTEXT() REPRESENTATION_CONTEXT('2D SPACE',''
  ) );
#786 = ORIENTED_EDGE('',*,*,#787,.F.);
#787 = EDGE_CURVE('',#788,#765,#790,.T.);
#788 = VERTEX_POINT('',#789);
#789 = CARTESIAN_POINT('',(-20.4799311326,5.6,-27.76368889042));
#790 = SURFACE_CURVE('',#791,(#796,#803),.PCURVE_S1.);
#791 = CIRCLE('',#792,34.5);
#792 = AXIS2_PLACEMENT_3D('',#793,#794,#795);
#793 = CARTESIAN_POINT('',(0.,5.6,0.));
#794 = DIRECTION('',(0.,1.,0.));
#795 = DIRECTION('',(-0.593621192249,0.,-0.804744605519));
#796 = PCURVE('',#251,#797);
#797 = DEFINITIONAL_REPRESENTATION('',(#798),#802);
#798 = LINE('',#799,#800);
#799 = CARTESIAN_POINT('',(2.206347542336,11.5));
#800 = VECTOR('',#801,1.);
#801 = DIRECTION('',(1.,0.));
#802 = ( GEOMETRIC_REPRESENTATION_CONTEXT(2) 
PARAMETRIC_REPRESENTATION_CONTEXT() REPRESENTATION_CONTEXT('2D SPACE',''
  ) );
#803 = PCURVE('',#804,#809);
#804 = CONICAL_SURFACE('',#805,34.34999772637,0.785398163397);
#805 = AXIS2_PLACEMENT_3D('',#806,#807,#808);
#806 = CARTESIAN_POINT('',(3.090860900556E-13,5.750002273629,
    -2.797762022055E-13));
#807 = DIRECTION('',(0.,-1.,0.));
#808 = DIRECTION('',(0.,0.,-1.));
#809 = DEFINITIONAL_REPRESENTATION('',(#810),#814);
#810 = LINE('',#811,#812);
#811 = CARTESIAN_POINT('',(5.647634091638,0.15000227363));
#812 = VECTOR('',#813,1.);
#813 = DIRECTION('',(-1.,2.025275084769E-13));
#814 = ( GEOMETRIC_REPRESENTATION_CONTEXT(2) 
PARAMETRIC_REPRESENTATION_CONTEXT() REPRESENTATION_CONTEXT('2D SPACE',''
  ) );
#815 = ORIENTED_EDGE('',*,*,#816,.T.);
#816 = EDGE_CURVE('',#788,#817,#819,.T.);
#817 = VERTEX_POINT('',#818);
#818 = CARTESIAN_POINT('',(-20.4799311326,-2.557007521408,
    -27.76368889042));
#819 = SURFACE_CURVE('',#820,(#824,#831),.PCURVE_S1.);
#820 = LINE('',#821,#822);
#821 = CARTESIAN_POINT('',(-20.47993021666,5.600001264885,
    -27.76368799428));
#822 = VECTOR('',#823,1.);
#823 = DIRECTION('',(-1.03843151698E-07,-1.,-9.841148695445E-08));
#824 = PCURVE('',#251,#825);
#825 = DEFINITIONAL_REPRESENTATION('',(#826),#830);
#826 = LINE('',#827,#828);
#827 = CARTESIAN_POINT('',(2.20634753639,11.500001264885));
#828 = VECTOR('',#829,1.);
#829 = DIRECTION('',(7.289296543988E-10,-1.));
#830 = ( GEOMETRIC_REPRESENTATION_CONTEXT(2) 
PARAMETRIC_REPRESENTATION_CONTEXT() REPRESENTATION_CONTEXT('2D SPACE',''
  ) );
#831 = PCURVE('',#832,#837);
#832 = CYLINDRICAL_SURFACE('',#833,3.);
#833 = AXIS2_PLACEMENT_3D('',#834,#835,#836);
#834 = CARTESIAN_POINT('',(-22.26079470935,-21.28248,-30.17792270698));
#835 = DIRECTION('',(0.,1.,0.));
#836 = DIRECTION('',(0.593621192249,-0.,0.804744605519));
#837 = DEFINITIONAL_REPRESENTATION('',(#838),#842);
#838 = LINE('',#839,#840);
#839 = CARTESIAN_POINT('',(6.837695282149E-08,26.882481264885));
#840 = VECTOR('',#841,1.);
#841 = DIRECTION('',(-8.382601344796E-09,-1.));
#842 = ( GEOMETRIC_REPRESENTATION_CONTEXT(2) 
PARAMETRIC_REPRESENTATION_CONTEXT() REPRESENTATION_CONTEXT('2D SPACE',''
  ) );
#843 = ORIENTED_EDGE('',*,*,#844,.F.);
#844 = EDGE_CURVE('',#845,#817,#847,.T.);
#845 = VERTEX_POINT('',#846);
#846 = CARTESIAN_POINT('',(-19.81321602116,-2.557007521408,
    -28.24334383352));
#847 = SURFACE_CURVE('',#848,(#853,#860),.PCURVE_S1.);
#848 = CIRCLE('',#849,34.5);
#849 = AXIS2_PLACEMENT_3D('',#850,#851,#852);
#850 = CARTESIAN_POINT('',(0.,-2.557007521408,0.));
#851 = DIRECTION('',(0.,1.,0.));
#852 = DIRECTION('',(-0.514794807745,0.,-0.857313423387));
#853 = PCURVE('',#251,#854);
#854 = DEFINITIONAL_REPRESENTATION('',(#855),#859);
#855 = LINE('',#856,#857);
#856 = CARTESIAN_POINT('',(-4.171620691676,3.342992478592));
#857 = VECTOR('',#858,1.);
#858 = DIRECTION('',(1.,0.));
#859 = ( GEOMETRIC_REPRESENTATION_CONTEXT(2) 
PARAMETRIC_REPRESENTATION_CONTEXT() REPRESENTATION_CONTEXT('2D SPACE',''
  ) );
#860 = PCURVE('',#861,#890);
#861 = ( BOUNDED_SURFACE() B_SPLINE_SURFACE(3,3,(
    (#862,#863,#864,#865,#866,#867,#868)
    ,(#869,#870,#871,#872,#873,#874,#875)
    ,(#876,#877,#878,#879,#880,#881,#882)
    ,(#883,#884,#885,#886,#887,#888,#889
)),.UNSPECIFIED.,.F.,.F.,.F.) B_SPLINE_SURFACE_WITH_KNOTS((4,4),(4,1,1,1
    ,4),(0.,1.),(0.599746894972,0.602877785902,0.613530485666,
    0.625124136432,0.630374138494),.UNSPECIFIED.) 
GEOMETRIC_REPRESENTATION_ITEM() RATIONAL_B_SPLINE_SURFACE((
    (1.046852722094,1.046852722094,1.046852722094,1.046852722094
      ,1.046852722094,1.046852722094,1.046852722094)
    ,(0.984382425969,0.984382425969,0.984382425969,0.984382425969
      ,0.984382425969,0.984382425969,0.984382425969)
    ,(0.984382425969,0.984382425969,0.984382425969,0.984382425969
      ,0.984382425969,0.984382425969,0.984382425969)
    ,(1.046852722094,1.046852722094,1.046852722094,1.046852722094
      ,1.046852722094,1.046852722094,1.046852722094
))) REPRESENTATION_ITEM('') SURFACE() );
#862 = CARTESIAN_POINT('',(-17.70420519805,-2.691361013001,
    -29.61363208439));
#863 = CARTESIAN_POINT('',(-17.80372778377,-2.691359690554,
    -29.55413357295));
#864 = CARTESIAN_POINT('',(-18.24056857309,-2.691377075555,
    -29.28997495941));
#865 = CARTESIAN_POINT('',(-19.03408999313,-2.691528060404,
    -28.78574850963));
#866 = CARTESIAN_POINT('',(-19.87390706396,-2.691626287308,
    -28.20886129248));
#867 = CARTESIAN_POINT('',(-20.37853125184,-2.691594795952,
    -27.84168402098));
#868 = CARTESIAN_POINT('',(-20.53483788821,-2.691577278483,
    -27.72591748331));
#869 = CARTESIAN_POINT('',(-17.6839586528,-1.519282756266,
    -29.57979086345));
#870 = CARTESIAN_POINT('',(-17.7833946092,-1.519281431309,
    -29.52034419255));
#871 = CARTESIAN_POINT('',(-18.21983408735,-1.519298812562,
    -29.25642748011));
#872 = CARTESIAN_POINT('',(-19.01247590183,-1.519449821596,
    -28.75275227037));
#873 = CARTESIAN_POINT('',(-19.8512200061,-1.51954799776,-28.17659727249
    ));
#874 = CARTESIAN_POINT('',(-20.35518572503,-1.519516558323,
    -27.80990031377));
#875 = CARTESIAN_POINT('',(-20.51129007696,-1.519499047674,
    -27.69428426683));
#876 = CARTESIAN_POINT('',(-17.91423655702,-0.435811178872,
    -29.96499732659));
#877 = CARTESIAN_POINT('',(-18.01499217335,-0.435809851596,
    -29.90476175757));
#878 = CARTESIAN_POINT('',(-18.45720461324,-0.435827229383,
    -29.63735340659));
#879 = CARTESIAN_POINT('',(-19.2601935344,-0.435978260775,
    -29.12709622809));
#880 = CARTESIAN_POINT('',(-20.1097568824,-0.436076390034,
    -28.54350480816));
#881 = CARTESIAN_POINT('',(-20.62021086894,-0.436044998592,
    -28.1720879283));
#882 = CARTESIAN_POINT('',(-20.77832650413,-0.436027494246,
    -28.05498287143));
#883 = CARTESIAN_POINT('',(-18.35381383128,0.3650872074,-30.70029059332)
  );
#884 = CARTESIAN_POINT('',(-18.45705914712,0.365088536391,
    -30.63856661853));
#885 = CARTESIAN_POINT('',(-18.91018532777,0.365071161165,
    -30.36455817357));
#886 = CARTESIAN_POINT('',(-19.73289569605,0.364920113247,
    -29.84176414239));
#887 = CARTESIAN_POINT('',(-20.60323360279,0.364822018661,-29.2438989509
    ));
#888 = CARTESIAN_POINT('',(-21.1261610433,0.364853374624,-28.86340689122
    ));
#889 = CARTESIAN_POINT('',(-21.28814146316,0.364870874311,
    -28.74343989104));
#890 = DEFINITIONAL_REPRESENTATION('',(#891),#894);
#891 = B_SPLINE_CURVE_WITH_KNOTS('',1,(#892,#893),.UNSPECIFIED.,.F.,.F.,
  (2,2),(6.283184139033,6.377968234012),.PIECEWISE_BEZIER_KNOTS.);
#892 = CARTESIAN_POINT('',(4.047557523501E-02,0.600348581374));
#893 = CARTESIAN_POINT('',(4.054225940723E-02,0.629774954297));
#894 = ( GEOMETRIC_REPRESENTATION_CONTEXT(2) 
PARAMETRIC_REPRESENTATION_CONTEXT() REPRESENTATION_CONTEXT('2D SPACE',''
  ) );
#895 = ORIENTED_EDGE('',*,*,#896,.F.);
#896 = EDGE_CURVE('',#897,#845,#899,.T.);
#897 = VERTEX_POINT('',#898);
#898 = CARTESIAN_POINT('',(-14.57810352839,-2.628082394157,
    -31.26809330113));
#899 = SURFACE_CURVE('',#900,(#963,#1029),.PCURVE_S1.);
#900 = B_SPLINE_CURVE_WITH_KNOTS('',7,(#901,#902,#903,#904,#905,#906,
    #907,#908,#909,#910,#911,#912,#913,#914,#915,#916,#917,#918,#919,
    #920,#921,#922,#923,#924,#925,#926,#927,#928,#929,#930,#931,#932,
    #933,#934,#935,#936,#937,#938,#939,#940,#941,#942,#943,#944,#945,
    #946,#947,#948,#949,#950,#951,#952,#953,#954,#955,#956,#957,#958,
    #959,#960,#961,#962),.UNSPECIFIED.,.T.,.F.,(8,6,6,6,6,6,6,6,6,6,8),(
    0.,9.300514242455E-02,0.184588754138,0.269894981508,0.375586560691,
    0.474099776491,0.586529524192,0.676002114254,0.771438520015,
    0.881949189521,1.),.UNSPECIFIED.);
#901 = CARTESIAN_POINT('',(-19.98787214234,-1.4,-28.12001008572));
#902 = CARTESIAN_POINT('',(-19.98787214234,-1.130719813083,
    -28.12001008572));
#903 = CARTESIAN_POINT('',(-19.96656147288,-0.861437501438,
    -28.13515773763));
#904 = CARTESIAN_POINT('',(-19.92393766241,-0.595179957363,
    -28.16545534323));
#905 = CARTESIAN_POINT('',(-19.86030353316,-0.334965718862,
    -28.21053325127));
#906 = CARTESIAN_POINT('',(-19.7762457777,-8.371741868275E-02,
    -28.26966949058));
#907 = CARTESIAN_POINT('',(-19.67263929616,0.155803621095,
    -28.34182729192));
#908 = CARTESIAN_POINT('',(-19.43057941168,0.602835056829,
    -28.50831159801));
#909 = CARTESIAN_POINT('',(-19.28928719002,0.817051013193,
    -28.60461772547));
#910 = CARTESIAN_POINT('',(-19.12580789695,1.020430645329,
    -28.71476857488));
#911 = CARTESIAN_POINT('',(-18.93931079126,1.20915429504,-28.83861778254
    ));
#912 = CARTESIAN_POINT('',(-18.72921381899,1.378774920176,
    -28.97566758924));
#913 = CARTESIAN_POINT('',(-18.49536149577,1.524076750805,
    -29.12495864853));
#914 = CARTESIAN_POINT('',(-17.99912389287,1.74566519886,-29.43401134433
    ));
#915 = CARTESIAN_POINT('',(-17.73926062638,1.826237945961,
    -29.59268477039));
#916 = CARTESIAN_POINT('',(-17.46467705206,1.87281549512,-29.75645216484
    ));
#917 = CARTESIAN_POINT('',(-17.18267479322,1.881293122997,
    -29.92022460057));
#918 = CARTESIAN_POINT('',(-16.90141726072,1.851148234617,
    -30.07917569838));
#919 = CARTESIAN_POINT('',(-16.62910482314,1.785455195333,
    -30.22925026564));
#920 = CARTESIAN_POINT('',(-16.05555067731,1.573824660882,
    -30.53848896787));
#921 = CARTESIAN_POINT('',(-15.7647538023,1.413129446526,-30.69028053466
    ));
#922 = CARTESIAN_POINT('',(-15.50357324737,1.218768059668,
    -30.82273433781));
#923 = CARTESIAN_POINT('',(-15.27332725837,0.998795888351,
    -30.93675930586));
#924 = CARTESIAN_POINT('',(-15.07424186829,0.75996597309,-31.03349823129
    ));
#925 = CARTESIAN_POINT('',(-14.90580622947,0.507984811231,-31.1141534604
    ));
#926 = CARTESIAN_POINT('',(-14.63752978692,4.93773474422E-03,
    -31.24121043003));
#927 = CARTESIAN_POINT('',(-14.53303929854,-0.246466893255,
    -31.28993020759));
#928 = CARTESIAN_POINT('',(-14.45266673703,-0.503843650783,
    -31.32699910203));
#929 = CARTESIAN_POINT('',(-14.39572711114,-0.765124122099,
    -31.35308518758));
#930 = CARTESIAN_POINT('',(-14.36174369221,-1.028685081106,
    -31.36861391427));
#931 = CARTESIAN_POINT('',(-14.35051546712,-1.293119901998,
    -31.37376085555));
#932 = CARTESIAN_POINT('',(-14.37547791302,-1.858196865374,
    -31.36233168776));
#933 = CARTESIAN_POINT('',(-14.41857132851,-2.158249576835,
    -31.34259318551));
#934 = CARTESIAN_POINT('',(-14.49150419942,-2.455252725009,
    -31.30912055143));
#935 = CARTESIAN_POINT('',(-14.5949467344,-2.746978913037,
    -31.26132620761));
#936 = CARTESIAN_POINT('',(-14.73002295023,-3.030533497026,
    -31.19819377899));
#937 = CARTESIAN_POINT('',(-14.89807425859,-3.301882361119,
    -31.11829010064));
#938 = CARTESIAN_POINT('',(-15.26126609425,-3.756700188992,
    -30.94148994252));
#939 = CARTESIAN_POINT('',(-15.43924520169,-3.941009561904,
    -30.85364523697));
#940 = CARTESIAN_POINT('',(-15.63222385922,-4.10578581222,
    -30.75682243721));
#941 = CARTESIAN_POINT('',(-15.83788268229,-4.249066141023,
    -30.65168255088));
#942 = CARTESIAN_POINT('',(-16.0537089718,-4.369244626786,
    -30.53905727117));
#943 = CARTESIAN_POINT('',(-16.2770756845,-4.465103298064,
    -30.41996641385));
#944 = CARTESIAN_POINT('',(-16.74874735256,-4.611303139341,
    -30.16299581845));
#945 = CARTESIAN_POINT('',(-17.00382721137,-4.660077277941,
    -30.02106681919));
#946 = CARTESIAN_POINT('',(-17.26457528023,-4.677620911168,-29.872525702
    ));
#947 = CARTESIAN_POINT('',(-17.52444321845,-4.662101900238,
    -29.72074840383));
#948 = CARTESIAN_POINT('',(-17.77701436847,-4.614358819216,
    -29.56961674516));
#949 = CARTESIAN_POINT('',(-18.01655947493,-4.537879566436,
    -29.42315260728));
#950 = CARTESIAN_POINT('',(-18.49536150353,-4.324076747341,
    -29.1249586437));
#951 = CARTESIAN_POINT('',(-18.72921379984,-4.178774927048,
    -28.97566760111));
#952 = CARTESIAN_POINT('',(-18.93931080809,-4.009154295955,
    -28.83861777244));
#953 = CARTESIAN_POINT('',(-19.12580789589,-3.820430629899,
    -28.71476857477));
#954 = CARTESIAN_POINT('',(-19.28928718274,-3.617051030468,
    -28.60461773068));
#955 = CARTESIAN_POINT('',(-19.43057941539,-3.402835049971,
    -28.50831159545));
#956 = CARTESIAN_POINT('',(-19.67896944867,-2.944113219878,
    -28.33747353024));
#957 = CARTESIAN_POINT('',(-19.78367269908,-2.697436591053,
    -28.26446539606));
#958 = CARTESIAN_POINT('',(-19.86605429852,-2.443978317104,
    -28.20646081006));
#959 = CARTESIAN_POINT('',(-19.92712995757,-2.185924498164,
    -28.16318573974));
#960 = CARTESIAN_POINT('',(-19.96761422642,-1.924968623096,
    -28.13440962653));
#961 = CARTESIAN_POINT('',(-19.98787214234,-1.66254403229,
    -28.12001008572));
#962 = CARTESIAN_POINT('',(-19.98787214234,-1.4,-28.12001008572));
#963 = PCURVE('',#251,#964);
#964 = DEFINITIONAL_REPRESENTATION('',(#965),#1028);
#965 = B_SPLINE_CURVE_WITH_KNOTS('',7,(#966,#967,#968,#969,#970,#971,
    #972,#973,#974,#975,#976,#977,#978,#979,#980,#981,#982,#983,#984,
    #985,#986,#987,#988,#989,#990,#991,#992,#993,#994,#995,#996,#997,
    #998,#999,#1000,#1001,#1002,#1003,#1004,#1005,#1006,#1007,#1008,
    #1009,#1010,#1011,#1012,#1013,#1014,#1015,#1016,#1017,#1018,#1019,
    #1020,#1021,#1022,#1023,#1024,#1025,#1026,#1027),.UNSPECIFIED.,.F.,
  .F.,(8,6,6,6,6,6,6,6,6,6,8),(0.,9.300514242455E-02,0.184588754138,
    0.269894981508,0.375586560691,0.474099776491,0.586529524192,
    0.676002114254,0.771438520015,0.881949189521,1.),.UNSPECIFIED.);
#966 = CARTESIAN_POINT('',(2.188737889304,4.5));
#967 = CARTESIAN_POINT('',(2.188737889304,4.769280186917));
#968 = CARTESIAN_POINT('',(2.187980044648,5.038562498562));
#969 = CARTESIAN_POINT('',(2.186464253944,5.304820042637));
#970 = CARTESIAN_POINT('',(2.184203888552,5.565034281138));
#971 = CARTESIAN_POINT('',(2.181224923859,5.816282581317));
#972 = CARTESIAN_POINT('',(2.177565339256,6.055803621095));
#973 = CARTESIAN_POINT('',(2.169049812987,6.502835056829));
#974 = CARTESIAN_POINT('',(2.164093558209,6.717051013193));
#975 = CARTESIAN_POINT('',(2.158379898842,6.920430645329));
#976 = CARTESIAN_POINT('',(2.151891074518,7.10915429504));
#977 = CARTESIAN_POINT('',(2.144620691945,7.278774920176));
#978 = CARTESIAN_POINT('',(2.136579361799,7.424076750805));
#979 = CARTESIAN_POINT('',(2.119634231789,7.64566519886));
#980 = CARTESIAN_POINT('',(2.110809142467,7.726237945961));
#981 = CARTESIAN_POINT('',(2.101542999706,7.77281549512));
#982 = CARTESIAN_POINT('',(2.092091695198,7.781293122997));
#983 = CARTESIAN_POINT('',(2.08272841396,7.751148234617));
#984 = CARTESIAN_POINT('',(2.073716364026,7.685455195333));
#985 = CARTESIAN_POINT('',(2.054829176788,7.473824660882));
#986 = CARTESIAN_POINT('',(2.045321923981,7.313129446526));
#987 = CARTESIAN_POINT('',(2.036834421067,7.118768059668));
#988 = CARTESIAN_POINT('',(2.029387482422,6.898795888351));
#989 = CARTESIAN_POINT('',(2.02297188121,6.65996597309));
#990 = CARTESIAN_POINT('',(2.017558865267,6.407984811231));
#991 = CARTESIAN_POINT('',(2.008954722463,5.904937734744));
#992 = CARTESIAN_POINT('',(2.005613031143,5.653533106745));
#993 = CARTESIAN_POINT('',(2.003047570044,5.396156349217));
#994 = CARTESIAN_POINT('',(2.001232184189,5.134875877901));
#995 = CARTESIAN_POINT('',(2.000149192895,4.871314918894));
#996 = CARTESIAN_POINT('',(1.99979117267,4.606880098002));
#997 = CARTESIAN_POINT('',(2.000586955284,4.041803134626));
#998 = CARTESIAN_POINT('',(2.001960834835,3.741750423165));
#999 = CARTESIAN_POINT('',(2.004286841938,3.444747274991));
#1000 = CARTESIAN_POINT('',(2.007589728381,3.153021086963));
#1001 = CARTESIAN_POINT('',(2.011911425798,2.869466502974));
#1002 = CARTESIAN_POINT('',(2.017304826818,2.598117638881));
#1003 = CARTESIAN_POINT('',(2.029013199672,2.143299811008));
#1004 = CARTESIAN_POINT('',(2.034766080406,1.958990438096));
#1005 = CARTESIAN_POINT('',(2.041024003842,1.79421418778));
#1006 = CARTESIAN_POINT('',(2.047718588086,1.650933858977));
#1007 = CARTESIAN_POINT('',(2.054774532098,1.530755373214));
#1008 = CARTESIAN_POINT('',(2.062111364937,1.434896701936));
#1009 = CARTESIAN_POINT('',(2.077680334591,1.288696860659));
#1010 = CARTESIAN_POINT('',(2.086141075319,1.239922722059));
#1011 = CARTESIAN_POINT('',(2.094838584581,1.222379088832));
#1012 = CARTESIAN_POINT('',(2.103560749467,1.237898099762));
#1013 = CARTESIAN_POINT('',(2.112091520059,1.285641180784));
#1014 = CARTESIAN_POINT('',(2.120229608285,1.362120433564));
#1015 = CARTESIAN_POINT('',(2.136579362064,1.575923252659));
#1016 = CARTESIAN_POINT('',(2.144620691292,1.721225072952));
#1017 = CARTESIAN_POINT('',(2.151891075087,1.890845704045));
#1018 = CARTESIAN_POINT('',(2.158379898818,2.079569370101));
#1019 = CARTESIAN_POINT('',(2.164093557949,2.282948969532));
#1020 = CARTESIAN_POINT('',(2.169049813118,2.497164950029));
#1021 = CARTESIAN_POINT('',(2.177788030349,2.955886780122));
#1022 = CARTESIAN_POINT('',(2.18148777726,3.202563408947));
#1023 = CARTESIAN_POINT('',(2.184408138149,3.456021682896));
#1024 = CARTESIAN_POINT('',(2.186577789683,3.714075501836));
#1025 = CARTESIAN_POINT('',(2.188017477921,3.975031376904));
#1026 = CARTESIAN_POINT('',(2.188737889304,4.23745596771));
#1027 = CARTESIAN_POINT('',(2.188737889304,4.5));
#1028 = ( GEOMETRIC_REPRESENTATION_CONTEXT(2) 
PARAMETRIC_REPRESENTATION_CONTEXT() REPRESENTATION_CONTEXT('2D SPACE',''
  ) );
#1029 = PCURVE('',#1030,#1035);
#1030 = CYLINDRICAL_SURFACE('',#1031,3.25);
#1031 = AXIS2_PLACEMENT_3D('',#1032,#1033,#1034);
#1032 = CARTESIAN_POINT('',(-17.,-1.4,-29.44486372867));
#1033 = DIRECTION('',(-0.5,0.,-0.866025403784));
#1034 = DIRECTION('',(-0.866025403784,0.,0.5));
#1035 = DEFINITIONAL_REPRESENTATION('',(#1036),#1099);
#1036 = B_SPLINE_CURVE_WITH_KNOTS('',7,(#1037,#1038,#1039,#1040,#1041,
    #1042,#1043,#1044,#1045,#1046,#1047,#1048,#1049,#1050,#1051,#1052,
    #1053,#1054,#1055,#1056,#1057,#1058,#1059,#1060,#1061,#1062,#1063,
    #1064,#1065,#1066,#1067,#1068,#1069,#1070,#1071,#1072,#1073,#1074,
    #1075,#1076,#1077,#1078,#1079,#1080,#1081,#1082,#1083,#1084,#1085,
    #1086,#1087,#1088,#1089,#1090,#1091,#1092,#1093,#1094,#1095,#1096,
    #1097,#1098),.UNSPECIFIED.,.F.,.F.,(8,6,6,6,6,6,6,6,6,6,8),(0.,
    9.300514242455E-02,0.184588754138,0.269894981508,0.375586560691,
    0.474099776491,0.586529524192,0.676002114254,0.771438520015,
    0.881949189521,1.),.UNSPECIFIED.);
#1037 = CARTESIAN_POINT('',(0.,0.346579160085));
#1038 = CARTESIAN_POINT('',(8.285544212836E-02,0.346579160085));
#1039 = CARTESIAN_POINT('',(0.165711443011,0.349042076715));
#1040 = CARTESIAN_POINT('',(0.248566187619,0.353968667608));
#1041 = CARTESIAN_POINT('',(0.331419021807,0.36119021649));
#1042 = CARTESIAN_POINT('',(0.414273877596,0.370374824284));
#1043 = CARTESIAN_POINT('',(0.497133765806,0.381062072561));
#1044 = CARTESIAN_POINT('',(0.661572551869,0.404211768721));
#1045 = CARTESIAN_POINT('',(0.745458600086,0.416969210812));
#1046 = CARTESIAN_POINT('',(0.831850461624,0.430622998118));
#1047 = CARTESIAN_POINT('',(0.920983656996,0.444631005344));
#1048 = CARTESIAN_POINT('',(1.013162325891,0.458271133394));
#1049 = CARTESIAN_POINT('',(1.108756550736,0.470634821688));
#1050 = CARTESIAN_POINT('',(1.301029876433,0.490163505906));
#1051 = CARTESIAN_POINT('',(1.397391347571,0.497647090537));
#1052 = CARTESIAN_POINT('',(1.495748117977,0.502182027285));
#1053 = CARTESIAN_POINT('',(1.594858558137,0.503011987645));
#1054 = CARTESIAN_POINT('',(1.693623748369,0.500038910063));
#1055 = CARTESIAN_POINT('',(1.790839267367,0.49385107898));
#1056 = CARTESIAN_POINT('',(2.00156258909,0.474882578024));
#1057 = CARTESIAN_POINT('',(2.112747605253,0.460939493445));
#1058 = CARTESIAN_POINT('',(2.219386384484,0.445057574329));
#1059 = CARTESIAN_POINT('',(2.322027505415,0.42868309883));
#1060 = CARTESIAN_POINT('',(2.421122476538,0.412918770747));
#1061 = CARTESIAN_POINT('',(2.516997427539,0.398550428692));
#1062 = CARTESIAN_POINT('',(2.696567221917,0.374446770845));
#1063 = CARTESIAN_POINT('',(2.781160991774,0.364394091692));
#1064 = CARTESIAN_POINT('',(2.864231480707,0.356310415215));
#1065 = CARTESIAN_POINT('',(2.946219195037,0.350431815034));
#1066 = CARTESIAN_POINT('',(3.027543161797,0.346888377371));
#1067 = CARTESIAN_POINT('',(3.108630351202,0.345731646735));
#1068 = CARTESIAN_POINT('',(3.282703463997,0.348314920028));
#1069 = CARTESIAN_POINT('',(3.375620922644,0.352767583393));
#1070 = CARTESIAN_POINT('',(3.469392596759,0.360245867402));
#1071 = CARTESIAN_POINT('',(3.564666172903,0.370576018994));
#1072 = CARTESIAN_POINT('',(3.66212334112,0.383439839915));
#1073 = CARTESIAN_POINT('',(3.762464729845,0.39826687879));
#1074 = CARTESIAN_POINT('',(3.949427906232,0.426749368294));
#1075 = CARTESIAN_POINT('',(4.032287369631,0.439663175419));
#1076 = CARTESIAN_POINT('',(4.115143783529,0.452301499927));
#1077 = CARTESIAN_POINT('',(4.197996573277,0.464077098954));
#1078 = CARTESIAN_POINT('',(4.280849669446,0.47445389037));
#1079 = CARTESIAN_POINT('',(4.363706047801,0.483001538914));
#1080 = CARTESIAN_POINT('',(4.53494054778,0.496294309311));
#1081 = CARTESIAN_POINT('',(4.625534596651,0.500920119823));
#1082 = CARTESIAN_POINT('',(4.717171985323,0.502653773253));
#1083 = CARTESIAN_POINT('',(4.808897866236,0.501144746438));
#1084 = CARTESIAN_POINT('',(4.899814638933,0.496546465724));
#1085 = CARTESIAN_POINT('',(4.988911060166,0.489477354808));
#1086 = CARTESIAN_POINT('',(5.174428759449,0.470634821383));
#1087 = CARTESIAN_POINT('',(5.270022974255,0.458271134097));
#1088 = CARTESIAN_POINT('',(5.362201654931,0.444631005013));
#1089 = CARTESIAN_POINT('',(5.451334848399,0.430622997492));
#1090 = CARTESIAN_POINT('',(5.537726701401,0.416969211686));
#1091 = CARTESIAN_POINT('',(5.621612757833,0.404211768366));
#1092 = CARTESIAN_POINT('',(5.790351810283,0.380456680603));
#1093 = CARTESIAN_POINT('',(5.875285822052,0.369581406926));
#1094 = CARTESIAN_POINT('',(5.95851939672,0.360538761632));
#1095 = CARTESIAN_POINT('',(6.040502449738,0.353599280905));
#1096 = CARTESIAN_POINT('',(6.121656086037,0.348920570267));
#1097 = CARTESIAN_POINT('',(6.202402528013,0.346579160085));
#1098 = CARTESIAN_POINT('',(6.28318530718,0.346579160085));
#1099 = ( GEOMETRIC_REPRESENTATION_CONTEXT(2) 
PARAMETRIC_REPRESENTATION_CONTEXT() REPRESENTATION_CONTEXT('2D SPACE',''
  ) );
#1100 = ORIENTED_EDGE('',*,*,#1101,.F.);
#1101 = EDGE_CURVE('',#1102,#897,#1104,.T.);
#1102 = VERTEX_POINT('',#1103);
#1103 = CARTESIAN_POINT('',(4.194729606999,-2.556919007544,
    -34.2440395328));
#1104 = SURFACE_CURVE('',#1105,(#1123,#1196),.PCURVE_S1.);
#1105 = B_SPLINE_CURVE_WITH_KNOTS('',3,(#1106,#1107,#1108,#1109,#1110,
    #1111,#1112,#1113,#1114,#1115,#1116,#1117,#1118,#1119,#1120,#1121,
    #1122),.UNSPECIFIED.,.F.,.F.,(4,1,1,1,1,1,1,1,1,1,1,1,1,1,4),(0.,
    7.142857142857E-02,0.142857142857,0.214285714286,0.285714285714,
    0.357142857143,0.428571428571,0.5,0.571428571429,0.642857142857,
    0.714285714286,0.785714285714,0.857142857143,0.928571428571,1.),
  .UNSPECIFIED.);
#1106 = CARTESIAN_POINT('',(4.194729594936,-2.556854262976,
    -34.24403943433));
#1107 = CARTESIAN_POINT('',(3.723430796986,-2.564071085912,
    -34.30177104913));
#1108 = CARTESIAN_POINT('',(2.776069371398,-2.581235883045,
    -34.39799467085));
#1109 = CARTESIAN_POINT('',(1.349956148094,-2.611618737179,
    -34.48354737435));
#1110 = CARTESIAN_POINT('',(-9.957854949824E-02,-2.643516883667,
    -34.5102029997));
#1111 = CARTESIAN_POINT('',(-1.581003390636,-2.674063634677,
    -34.47468387145));
#1112 = CARTESIAN_POINT('',(-3.107368249303,-2.701274772016,
    -34.37152672963));
#1113 = CARTESIAN_POINT('',(-4.677560717394,-2.721497998045,
    -34.19390178129));
#1114 = CARTESIAN_POINT('',(-6.266029307215,-2.73277991033,
    -33.93896791814));
#1115 = CARTESIAN_POINT('',(-7.838236545017,-2.733928113767,
    -33.61041427163));
#1116 = CARTESIAN_POINT('',(-9.365873639525,-2.724476295558,
    -33.21655739762));
#1117 = CARTESIAN_POINT('',(-10.86289764386,-2.705739368291,
    -32.75822878252));
#1118 = CARTESIAN_POINT('',(-12.42143945742,-2.677390636581,
    -32.20124762275));
#1119 = CARTESIAN_POINT('',(-14.10435589817,-2.640182112431,
    -31.50652950431));
#1120 = CARTESIAN_POINT('',(-16.01850143982,-2.592616401466,
    -30.5800168741));
#1121 = CARTESIAN_POINT('',(-17.184042835,-2.567077945515,
    -29.92341367014));
#1122 = CARTESIAN_POINT('',(-17.76038633625,-2.556854452761,
    -29.57733388642));
#1123 = PCURVE('',#251,#1124);
#1124 = DEFINITIONAL_REPRESENTATION('',(#1125),#1195);
#1125 = B_SPLINE_CURVE_WITH_KNOTS('',3,(#1126,#1127,#1128,#1129,#1130,
    #1131,#1132,#1133,#1134,#1135,#1136,#1137,#1138,#1139,#1140,#1141,
    #1142,#1143,#1144,#1145,#1146,#1147,#1148,#1149,#1150,#1151,#1152,
    #1153,#1154,#1155,#1156,#1157,#1158,#1159,#1160,#1161,#1162,#1163,
    #1164,#1165,#1166,#1167,#1168,#1169,#1170,#1171,#1172,#1173,#1174,
    #1175,#1176,#1177,#1178,#1179,#1180,#1181,#1182,#1183,#1184,#1185,
    #1186,#1187,#1188,#1189,#1190,#1191,#1192,#1193,#1194),
  .UNSPECIFIED.,.F.,.F.,(4,1,1,1,1,1,1,1,1,1,1,1,1,1,1,1,1,1,1,1,1,1,1,1
    ,1,1,1,1,1,1,1,1,1,1,1,1,1,1,1,1,1,1,1,1,1,1,1,1,1,1,1,1,1,1,1,1,1,1
    ,1,1,1,1,1,1,1,1,4),(4.933312778129E-08,1.515156373717E-02,
    3.030307814121E-02,4.545459254526E-02,6.06061069493E-02,
    7.575762135335E-02,9.090913575739E-02,0.106060650161,0.121212164565,
    0.13636367897,0.151515193374,0.166666707778,0.181818222182,
    0.196969736586,0.21212125099,0.227272765394,0.242424279798,
    0.257575794202,0.272727308606,0.28787882301,0.303030337414,
    0.318181851818,0.333333366222,0.348484880626,0.36363639503,
    0.378787909434,0.393939423838,0.409090938242,0.424242452646,
    0.43939396705,0.454545481454,0.469696995858,0.484848510263,
    0.500000024667,0.515151539071,0.530303053475,0.545454567879,
    0.560606082283,0.575757596687,0.590909111091,0.606060625495,
    0.621212139899,0.636363654303,0.651515168707,0.666666683111,
    0.681818197515,0.696969711919,0.712121226323,0.727272740727,
    0.742424255131,0.757575769535,0.772727283939,0.787878798343,
    0.803030312747,0.818181827151,0.833333341556,0.84848485596,
    0.863636370364,0.878787884768,0.893939399172,0.909090913576,
    0.92424242798,0.939393942384,0.954545456788,0.969696971192,
    0.984848485596,1.),.QUASI_UNIFORM_KNOTS.);
#1126 = CARTESIAN_POINT('',(1.448908405786,3.343145722071));
#1127 = CARTESIAN_POINT('',(1.451827817616,3.341614880517));
#1128 = CARTESIAN_POINT('',(1.457669757042,3.33843030889));
#1129 = CARTESIAN_POINT('',(1.466440130891,3.333318736913));
#1130 = CARTESIAN_POINT('',(1.475216041677,3.327906426538));
#1131 = CARTESIAN_POINT('',(1.483995719762,3.322227266012));
#1132 = CARTESIAN_POINT('',(1.492776798416,3.316315470032));
#1133 = CARTESIAN_POINT('',(1.501559319231,3.310203938));
#1134 = CARTESIAN_POINT('',(1.510349797606,3.303922020044));
#1135 = CARTESIAN_POINT('',(1.519153796992,3.297499631363));
#1136 = CARTESIAN_POINT('',(1.527977051378,3.290966454645));
#1137 = CARTESIAN_POINT('',(1.536825598319,3.284352537552));
#1138 = CARTESIAN_POINT('',(1.545703583426,3.277686248585));
#1139 = CARTESIAN_POINT('',(1.554613769807,3.270994719496));
#1140 = CARTESIAN_POINT('',(1.563559249806,3.264305411621));
#1141 = CARTESIAN_POINT('',(1.572543077473,3.257645514112));
#1142 = CARTESIAN_POINT('',(1.581568231907,3.251042975285));
#1143 = CARTESIAN_POINT('',(1.590638920189,3.244517674826));
#1144 = CARTESIAN_POINT('',(1.599759570807,3.238088274589));
#1145 = CARTESIAN_POINT('',(1.608934554475,3.231773902));
#1146 = CARTESIAN_POINT('',(1.618168420952,3.225593015473));
#1147 = CARTESIAN_POINT('',(1.627465195423,3.219566330324));
#1148 = CARTESIAN_POINT('',(1.636825184395,3.213729783121));
#1149 = CARTESIAN_POINT('',(1.646249132893,3.208118042009));
#1150 = CARTESIAN_POINT('',(1.65573752186,3.202765653517));
#1151 = CARTESIAN_POINT('',(1.665291676662,3.197708919051));
#1152 = CARTESIAN_POINT('',(1.674909496207,3.192975965709));
#1153 = CARTESIAN_POINT('',(1.684584177093,3.188583694179));
#1154 = CARTESIAN_POINT('',(1.694309890158,3.184551265375));
#1155 = CARTESIAN_POINT('',(1.704080496904,3.180897000214));
#1156 = CARTESIAN_POINT('',(1.713890317635,3.177640319364));
#1157 = CARTESIAN_POINT('',(1.723731388666,3.174794437448));
#1158 = CARTESIAN_POINT('',(1.733594891202,3.172370289178));
#1159 = CARTESIAN_POINT('',(1.743472222006,3.170379375231));
#1160 = CARTESIAN_POINT('',(1.753354734709,3.168833042927));
#1161 = CARTESIAN_POINT('',(1.763233819636,3.167742687051));
#1162 = CARTESIAN_POINT('',(1.773102342634,3.167112735775));
#1163 = CARTESIAN_POINT('',(1.782953076297,3.166947715943));
#1164 = CARTESIAN_POINT('',(1.79277902517,3.167251796284));
#1165 = CARTESIAN_POINT('',(1.802572260488,3.168030479318));
#1166 = CARTESIAN_POINT('',(1.812328576626,3.169283893983));
#1167 = CARTESIAN_POINT('',(1.822053874438,3.170997782709));
#1168 = CARTESIAN_POINT('',(1.831752260665,3.173159941519));
#1169 = CARTESIAN_POINT('',(1.841429073548,3.175758142952));
#1170 = CARTESIAN_POINT('',(1.851086334601,3.178778199896));
#1171 = CARTESIAN_POINT('',(1.86074227055,3.182216710873));
#1172 = CARTESIAN_POINT('',(1.870427026945,3.18607819775));
#1173 = CARTESIAN_POINT('',(1.8801681654,3.190365450007));
#1174 = CARTESIAN_POINT('',(1.88999382537,3.195081496679));
#1175 = CARTESIAN_POINT('',(1.899932581942,3.200230140969));
#1176 = CARTESIAN_POINT('',(1.910006143049,3.205805366248));
#1177 = CARTESIAN_POINT('',(1.92023525466,3.211799648871));
#1178 = CARTESIAN_POINT('',(1.930641183428,3.218206064686));
#1179 = CARTESIAN_POINT('',(1.941244548048,3.225016768569));
#1180 = CARTESIAN_POINT('',(1.952068442257,3.232227062382));
#1181 = CARTESIAN_POINT('',(1.963152020649,3.239852378341));
#1182 = CARTESIAN_POINT('',(1.974534667844,3.247907916752));
#1183 = CARTESIAN_POINT('',(1.986251672863,3.256403195268));
#1184 = CARTESIAN_POINT('',(1.99835660057,3.265370694069));
#1185 = CARTESIAN_POINT('',(2.010823474434,3.274740863618));
#1186 = CARTESIAN_POINT('',(2.023517739191,3.28430526984));
#1187 = CARTESIAN_POINT('',(2.036324582482,3.293881495789));
#1188 = CARTESIAN_POINT('',(2.049129076222,3.303284341326));
#1189 = CARTESIAN_POINT('',(2.061797824458,3.312313721942));
#1190 = CARTESIAN_POINT('',(2.07433060023,3.320879174787));
#1191 = CARTESIAN_POINT('',(2.086776652683,3.328931319131));
#1192 = CARTESIAN_POINT('',(2.099172758683,3.336410573969));
#1193 = CARTESIAN_POINT('',(2.10743002918,3.340976927671));
#1194 = CARTESIAN_POINT('',(2.111563447357,3.343145547239));
#1195 = ( GEOMETRIC_REPRESENTATION_CONTEXT(2) 
PARAMETRIC_REPRESENTATION_CONTEXT() REPRESENTATION_CONTEXT('2D SPACE',''
  ) );
#1196 = PCURVE('',#1197,#1270);
#1197 = ( BOUNDED_SURFACE() B_SPLINE_SURFACE(3,3,(
    (#1198,#1199,#1200,#1201,#1202,#1203,#1204,#1205,#1206,#1207,#1208
      ,#1209,#1210,#1211,#1212,#1213,#1214,#1215)
    ,(#1216,#1217,#1218,#1219,#1220,#1221,#1222,#1223,#1224,#1225,#1226
      ,#1227,#1228,#1229,#1230,#1231,#1232,#1233)
    ,(#1234,#1235,#1236,#1237,#1238,#1239,#1240,#1241,#1242,#1243,#1244
      ,#1245,#1246,#1247,#1248,#1249,#1250,#1251)
    ,(#1252,#1253,#1254,#1255,#1256,#1257,#1258,#1259,#1260,#1261,#1262
      ,#1263,#1264,#1265,#1266,#1267,#1268,#1269
)),.UNSPECIFIED.,.F.,.F.,.F.) B_SPLINE_SURFACE_WITH_KNOTS((4,4),(4,1,1,1
    ,1,1,1,1,1,1,1,1,1,1,1,4),(0.,1.),(0.353173391437,0.366260842884,
    0.380722157831,0.395333320815,0.410240447035,0.425590043992,
    0.441417827963,0.457552534553,0.473695381544,0.489620332999,
    0.505540622514,0.522314551256,0.540900086723,0.561666606981,
    0.58215347534,0.583453490265),.UNSPECIFIED.) 
GEOMETRIC_REPRESENTATION_ITEM() RATIONAL_B_SPLINE_SURFACE((
    (1.051469342775,1.051469342775,1.051469342775,1.051469342775
      ,1.051469342775,1.051469342775,1.051469342775,1.051469342775
      ,1.051469342775,1.051469342775,1.051469342775,1.051469342775
      ,1.051469342775,1.051469342775,1.051469342775,1.051469342775
      ,1.051469342775,1.051469342775)
    ,(0.982843552408,0.982843552408,0.982843552408,0.982843552408
      ,0.982843552408,0.982843552408,0.982843552408,0.982843552408
      ,0.982843552408,0.982843552408,0.982843552408,0.982843552408
      ,0.982843552408,0.982843552408,0.982843552408,0.982843552408
      ,0.982843552408,0.982843552408)
    ,(0.982843552408,0.982843552408,0.982843552408,0.982843552408
      ,0.982843552408,0.982843552408,0.982843552408,0.982843552408
      ,0.982843552408,0.982843552408,0.982843552408,0.982843552408
      ,0.982843552408,0.982843552408,0.982843552408,0.982843552408
      ,0.982843552408,0.982843552408)
    ,(1.051469342775,1.051469342775,1.051469342775,1.051469342775
      ,1.051469342775,1.051469342775,1.051469342775,1.051469342775
      ,1.051469342775,1.051469342775,1.051469342775,1.051469342775
      ,1.051469342775,1.051469342775,1.051469342775,1.051469342775
,1.051469342775,1.051469342775))) REPRESENTATION_ITEM('') SURFACE() );
#1198 = CARTESIAN_POINT('',(4.435933587775,-2.687803683195,
    -34.21591127549));
#1199 = CARTESIAN_POINT('',(3.999565251436,-2.694054880608,
    -34.27248406669));
#1200 = CARTESIAN_POINT('',(3.078222653951,-2.709825674651,
    -34.37406256527));
#1201 = CARTESIAN_POINT('',(1.661324598449,-2.739299059864,
    -34.47269383447));
#1202 = CARTESIAN_POINT('',(0.177912444381,-2.772059863749,
    -34.51259457754));
#1203 = CARTESIAN_POINT('',(-1.337214867928,-2.803800119,-34.48770292793
    ));
#1204 = CARTESIAN_POINT('',(-2.892261586247,-2.83241702782,
    -34.39295261278));
#1205 = CARTESIAN_POINT('',(-4.484495795467,-2.854045706833,
    -34.22240641317));
#1206 = CARTESIAN_POINT('',(-6.093487207975,-2.866583112592,
    -33.97309079806));
#1207 = CARTESIAN_POINT('',(-7.692908687628,-2.868860719151,
    -33.64683776374));
#1208 = CARTESIAN_POINT('',(-9.267993249536,-2.86002114419,
    -33.24728831438));
#1209 = CARTESIAN_POINT('',(-10.84252244962,-2.840706772686,
    -32.76833318515));
#1210 = CARTESIAN_POINT('',(-12.47537658167,-2.810926521074,
    -32.18451587087));
#1211 = CARTESIAN_POINT('',(-14.22533845543,-2.771865792875,
    -31.45427726757));
#1212 = CARTESIAN_POINT('',(-16.04094863921,-2.726572391791,
    -30.57031130187));
#1213 = CARTESIAN_POINT('',(-17.28889877184,-2.699393420643,
    -29.86648450795));
#1214 = CARTESIAN_POINT('',(-17.91530752331,-2.688704570156,
    -29.48643331235));
#1215 = CARTESIAN_POINT('',(-17.95264025297,-2.688078592086,
    -29.46368582785));
#1216 = CARTESIAN_POINT('',(4.415080313015,-1.457512883758,
    -34.17687012807));
#1217 = CARTESIAN_POINT('',(3.977162702276,-1.463790342987,
    -34.23344217091));
#1218 = CARTESIAN_POINT('',(3.053347236062,-1.479616812067,
    -34.33477158889));
#1219 = CARTESIAN_POINT('',(1.635212206943,-1.509145355146,
    -34.43251140735));
#1220 = CARTESIAN_POINT('',(0.153688040374,-1.541903506543,
    -34.47128876458));
#1221 = CARTESIAN_POINT('',(-1.357569049978,-1.573604859773,
    -34.44542791977));
#1222 = CARTESIAN_POINT('',(-2.906712967439,-1.602154108961,
    -34.35009553932));
#1223 = CARTESIAN_POINT('',(-4.490648785016,-1.623704561312,
    -34.17972972965));
#1224 = CARTESIAN_POINT('',(-6.091286064718,-1.636197119702,
    -33.93130021771));
#1225 = CARTESIAN_POINT('',(-7.681447016325,-1.638464538293,
    -33.60685454769));
#1226 = CARTESIAN_POINT('',(-9.247618446249,-1.629661094753,
    -33.20986103139));
#1227 = CARTESIAN_POINT('',(-10.81398944208,-1.610419735889,
    -32.73405138937));
#1228 = CARTESIAN_POINT('',(-12.44054708956,-1.580717729836,
    -32.15352235793));
#1229 = CARTESIAN_POINT('',(-14.18616220861,-1.541714063574,
    -31.42649184869));
#1230 = CARTESIAN_POINT('',(-16.00051272512,-1.496413845094,
    -30.54482706532));
#1231 = CARTESIAN_POINT('',(-17.25153400329,-1.469149253464,
    -29.84034508483));
#1232 = CARTESIAN_POINT('',(-17.88015755275,-1.458417832815,
    -29.45934952209));
#1233 = CARTESIAN_POINT('',(-17.91762470101,-1.457789322642,
    -29.43654357003));
#1234 = CARTESIAN_POINT('',(4.464280349762,-0.329804708194,
    -34.6682235098));
#1235 = CARTESIAN_POINT('',(4.01821639169,-0.336106239509,
    -34.72566654932));
#1236 = CARTESIAN_POINT('',(3.077933866133,-0.351983741395,
    -34.82833237573));
#1237 = CARTESIAN_POINT('',(1.63683109565,-0.381562843234,
    -34.92677330033));
#1238 = CARTESIAN_POINT('',(0.1341839895,-0.414318563309,-34.9651338462)
  );
#1239 = CARTESIAN_POINT('',(-1.39686442027,-0.445984258201,
    -34.93799945083));
#1240 = CARTESIAN_POINT('',(-2.964548218051,-0.47447148927,
    -34.84067262753));
#1241 = CARTESIAN_POINT('',(-4.565397027867,-0.495950237561,
    -34.66784466362));
#1242 = CARTESIAN_POINT('',(-6.183154310544,-0.50840168799,
    -34.41638736291));
#1243 = CARTESIAN_POINT('',(-7.789455463807,-0.510659768093,
    -34.08857443577));
#1244 = CARTESIAN_POINT('',(-9.371711122782,-0.501889443308,
    -33.68777171121));
#1245 = CARTESIAN_POINT('',(-10.95485104342,-0.482715009232,
    -33.20747075344));
#1246 = CARTESIAN_POINT('',(-12.60078592089,-0.453084724563,
    -32.62096580031));
#1247 = CARTESIAN_POINT('',(-14.3693731314,-0.414133362368,
    -31.88562964574));
#1248 = CARTESIAN_POINT('',(-16.21054214415,-0.368826894931,
    -30.99245773745));
#1249 = CARTESIAN_POINT('',(-17.48361230997,-0.341483821924,
    -30.27652940499));
#1250 = CARTESIAN_POINT('',(-18.12392153693,-0.330713380645,
    -29.88881072823));
#1251 = CARTESIAN_POINT('',(-18.16208735179,-0.330082549499,
    -29.8656005878));
#1252 = CARTESIAN_POINT('',(4.573900346083,0.474515932591,
    -35.59376458096));
#1253 = CARTESIAN_POINT('',(4.114688020028,0.468197232229,
    -35.65277982131));
#1254 = CARTESIAN_POINT('',(3.147168489622,0.452283331972,
    -35.75810587684));
#1255 = CARTESIAN_POINT('',(1.665864286665,0.42266816987,-35.85870318811
    ));
#1256 = CARTESIAN_POINT('',(0.123219178869,0.389914183898,
    -35.89743510863));
#1257 = CARTESIAN_POINT('',(-1.447406957493,0.358273921772,
    -35.86897216814));
#1258 = CARTESIAN_POINT('',(-3.054443213956,0.329830924179,
    -35.76862903574));
#1259 = CARTESIAN_POINT('',(-4.69410484126,0.308403317714,
    -35.59117846243));
#1260 = CARTESIAN_POINT('',(-6.351104171422,0.295981186912,
    -35.33337232112));
#1261 = CARTESIAN_POINT('',(-7.995786009566,0.293729767341,
    -34.99767682334));
#1262 = CARTESIAN_POINT('',(-9.615973971568,0.30247647068,
    -34.58744559101));
#1263 = CARTESIAN_POINT('',(-11.2375265958,0.321603171672,
    -34.09589591276));
#1264 = CARTESIAN_POINT('',(-12.92471836218,0.35118230216,-33.495320917)
  );
#1265 = CARTESIAN_POINT('',(-14.73909858195,0.390096359278,
    -32.74179162052));
#1266 = CARTESIAN_POINT('',(-16.62991320121,0.435407283687,
    -31.82555737153));
#1267 = CARTESIAN_POINT('',(-17.93969283145,0.462806332339,
    -31.08963271386));
#1268 = CARTESIAN_POINT('',(-18.59887056337,0.473604604486,
    -30.69072855985));
#1269 = CARTESIAN_POINT('',(-18.63816249414,0.474237091031,
    -30.6668476502));
#1270 = DEFINITIONAL_REPRESENTATION('',(#1271),#1341);
#1271 = B_SPLINE_CURVE_WITH_KNOTS('',3,(#1272,#1273,#1274,#1275,#1276,
    #1277,#1278,#1279,#1280,#1281,#1282,#1283,#1284,#1285,#1286,#1287,
    #1288,#1289,#1290,#1291,#1292,#1293,#1294,#1295,#1296,#1297,#1298,
    #1299,#1300,#1301,#1302,#1303,#1304,#1305,#1306,#1307,#1308,#1309,
    #1310,#1311,#1312,#1313,#1314,#1315,#1316,#1317,#1318,#1319,#1320,
    #1321,#1322,#1323,#1324,#1325,#1326,#1327,#1328,#1329,#1330,#1331,
    #1332,#1333,#1334,#1335,#1336,#1337,#1338,#1339,#1340),
  .UNSPECIFIED.,.F.,.F.,(4,1,1,1,1,1,1,1,1,1,1,1,1,1,1,1,1,1,1,1,1,1,1,1
    ,1,1,1,1,1,1,1,1,1,1,1,1,1,1,1,1,1,1,1,1,1,1,1,1,1,1,1,1,1,1,1,1,1,1
    ,1,1,1,1,1,1,1,1,4),(4.933312778129E-08,1.515156373717E-02,
    3.030307814121E-02,4.545459254526E-02,6.06061069493E-02,
    7.575762135335E-02,9.090913575739E-02,0.106060650161,0.121212164565,
    0.13636367897,0.151515193374,0.166666707778,0.181818222182,
    0.196969736586,0.21212125099,0.227272765394,0.242424279798,
    0.257575794202,0.272727308606,0.28787882301,0.303030337414,
    0.318181851818,0.333333366222,0.348484880626,0.36363639503,
    0.378787909434,0.393939423838,0.409090938242,0.424242452646,
    0.43939396705,0.454545481454,0.469696995858,0.484848510263,
    0.500000024667,0.515151539071,0.530303053475,0.545454567879,
    0.560606082283,0.575757596687,0.590909111091,0.606060625495,
    0.621212139899,0.636363654303,0.651515168707,0.666666683111,
    0.681818197515,0.696969711919,0.712121226323,0.727272740727,
    0.742424255131,0.757575769535,0.772727283939,0.787878798343,
    0.803030312747,0.818181827151,0.833333341556,0.84848485596,
    0.863636370364,0.878787884768,0.893939399172,0.909090913576,
    0.92424242798,0.939393942384,0.954545456788,0.969696971192,
    0.984848485596,1.),.QUASI_UNIFORM_KNOTS.);
#1272 = CARTESIAN_POINT('',(3.882533163391E-02,0.355562543063));
#1273 = CARTESIAN_POINT('',(3.882532171145E-02,0.356560488146));
#1274 = CARTESIAN_POINT('',(3.882522745283E-02,0.358557227452));
#1275 = CARTESIAN_POINT('',(3.882503493397E-02,0.361554235009));
#1276 = CARTESIAN_POINT('',(3.882499178483E-02,0.364552475939));
#1277 = CARTESIAN_POINT('',(3.882519913926E-02,0.367551342419));
#1278 = CARTESIAN_POINT('',(3.882551171407E-02,0.370550009567));
#1279 = CARTESIAN_POINT('',(3.882559959548E-02,0.3735484576));
#1280 = CARTESIAN_POINT('',(3.882550796735E-02,0.376548878073));
#1281 = CARTESIAN_POINT('',(3.8825367949E-02,0.379553137795));
#1282 = CARTESIAN_POINT('',(3.882519600746E-02,0.382563145074));
#1283 = CARTESIAN_POINT('',(3.882568437784E-02,0.385580986384));
#1284 = CARTESIAN_POINT('',(3.882688543542E-02,0.388608149816));
#1285 = CARTESIAN_POINT('',(3.882793012704E-02,0.391645642094));
#1286 = CARTESIAN_POINT('',(3.882807641711E-02,0.394694583014));
#1287 = CARTESIAN_POINT('',(3.882577345187E-02,0.397756087796));
#1288 = CARTESIAN_POINT('',(3.882338706792E-02,0.400831174814));
#1289 = CARTESIAN_POINT('',(3.882197781891E-02,0.403921264395));
#1290 = CARTESIAN_POINT('',(3.8821846885E-02,0.407027855859));
#1291 = CARTESIAN_POINT('',(3.882321795829E-02,0.410152426351));
#1292 = CARTESIAN_POINT('',(3.88259235595E-02,0.413296513512));
#1293 = CARTESIAN_POINT('',(3.882734438665E-02,0.416461456789));
#1294 = CARTESIAN_POINT('',(3.882805878462E-02,0.419647324918));
#1295 = CARTESIAN_POINT('',(3.882808167127E-02,0.422854336697));
#1296 = CARTESIAN_POINT('',(3.882673658461E-02,0.426082613108));
#1297 = CARTESIAN_POINT('',(3.882447414154E-02,0.4293325851));
#1298 = CARTESIAN_POINT('',(3.88242564475E-02,0.432603680162));
#1299 = CARTESIAN_POINT('',(3.882462671638E-02,0.435893721457));
#1300 = CARTESIAN_POINT('',(3.882523267848E-02,0.439200867549));
#1301 = CARTESIAN_POINT('',(3.882538271436E-02,0.442523195754));
#1302 = CARTESIAN_POINT('',(3.882554900681E-02,0.44585885975));
#1303 = CARTESIAN_POINT('',(3.882580341295E-02,0.449205060171));
#1304 = CARTESIAN_POINT('',(3.882565970949E-02,0.452558734223));
#1305 = CARTESIAN_POINT('',(3.882527163639E-02,0.455916888973));
#1306 = CARTESIAN_POINT('',(3.882523587147E-02,0.459276500064));
#1307 = CARTESIAN_POINT('',(3.882627344608E-02,0.462634646534));
#1308 = CARTESIAN_POINT('',(3.882724825197E-02,0.465988995757));
#1309 = CARTESIAN_POINT('',(3.882746364898E-02,0.469337165218));
#1310 = CARTESIAN_POINT('',(3.882666017763E-02,0.472676854088));
#1311 = CARTESIAN_POINT('',(3.882481278779E-02,0.476005446689));
#1312 = CARTESIAN_POINT('',(3.882441705914E-02,0.479321559352));
#1313 = CARTESIAN_POINT('',(3.882494584067E-02,0.48262722964));
#1314 = CARTESIAN_POINT('',(3.88258051983E-02,0.485923887932));
#1315 = CARTESIAN_POINT('',(3.882616744561E-02,0.489213382915));
#1316 = CARTESIAN_POINT('',(3.882449045678E-02,0.492496431753));
#1317 = CARTESIAN_POINT('',(3.882251787343E-02,0.495779304557));
#1318 = CARTESIAN_POINT('',(3.882207761916E-02,0.499072332744));
#1319 = CARTESIAN_POINT('',(3.882336931918E-02,0.502384973176));
#1320 = CARTESIAN_POINT('',(3.882538929975E-02,0.505726888413));
#1321 = CARTESIAN_POINT('',(3.882638190524E-02,0.509107894656));
#1322 = CARTESIAN_POINT('',(3.882684711961E-02,0.51253538124));
#1323 = CARTESIAN_POINT('',(3.882671493986E-02,0.51601641847));
#1324 = CARTESIAN_POINT('',(3.882604544334E-02,0.519558257903));
#1325 = CARTESIAN_POINT('',(3.882527375411E-02,0.523167933677));
#1326 = CARTESIAN_POINT('',(3.882482137058E-02,0.526853333205));
#1327 = CARTESIAN_POINT('',(3.882447887975E-02,0.530627846173));
#1328 = CARTESIAN_POINT('',(3.882429036057E-02,0.53450495046));
#1329 = CARTESIAN_POINT('',(3.882429723103E-02,0.538496746879));
#1330 = CARTESIAN_POINT('',(3.88263473863E-02,0.542621567385));
#1331 = CARTESIAN_POINT('',(3.882852698099E-02,0.546870712236));
#1332 = CARTESIAN_POINT('',(3.882770487317E-02,0.551198558388));
#1333 = CARTESIAN_POINT('',(3.882572961154E-02,0.555566175818));
#1334 = CARTESIAN_POINT('',(3.882507935725E-02,0.559934552186));
#1335 = CARTESIAN_POINT('',(3.882592171429E-02,0.564258351551));
#1336 = CARTESIAN_POINT('',(3.882704238506E-02,0.568537403466));
#1337 = CARTESIAN_POINT('',(3.882742392494E-02,0.572788305587));
#1338 = CARTESIAN_POINT('',(3.882637157712E-02,0.577023458245));
#1339 = CARTESIAN_POINT('',(3.882571904074E-02,0.579845348967));
#1340 = CARTESIAN_POINT('',(3.882555140215E-02,0.581258097877));
#1341 = ( GEOMETRIC_REPRESENTATION_CONTEXT(2) 
PARAMETRIC_REPRESENTATION_CONTEXT() REPRESENTATION_CONTEXT('2D SPACE',''
  ) );
#1342 = ORIENTED_EDGE('',*,*,#1343,.F.);
#1343 = EDGE_CURVE('',#1344,#1102,#1346,.T.);
#1344 = VERTEX_POINT('',#1345);
#1345 = CARTESIAN_POINT('',(7.416838440329,-2.556919007544,
    -33.69333031254));
#1346 = SURFACE_CURVE('',#1347,(#1352,#1359),.PCURVE_S1.);
#1347 = CIRCLE('',#1348,34.5);
#1348 = AXIS2_PLACEMENT_3D('',#1349,#1350,#1351);
#1349 = CARTESIAN_POINT('',(0.,-2.556919007544,0.));
#1350 = DIRECTION('',(0.,1.,0.));
#1351 = DIRECTION('',(0.214980824357,0.,-0.976618269929));
#1352 = PCURVE('',#251,#1353);
#1353 = DEFINITIONAL_REPRESENTATION('',(#1354),#1358);
#1354 = LINE('',#1355,#1356);
#1355 = CARTESIAN_POINT('',(1.354124131732,3.343080992456));
#1356 = VECTOR('',#1357,1.);
#1357 = DIRECTION('',(1.,0.));
#1358 = ( GEOMETRIC_REPRESENTATION_CONTEXT(2) 
PARAMETRIC_REPRESENTATION_CONTEXT() REPRESENTATION_CONTEXT('2D SPACE',''
  ) );
#1359 = PCURVE('',#1360,#1389);
#1360 = ( BOUNDED_SURFACE() B_SPLINE_SURFACE(3,3,(
    (#1361,#1362,#1363,#1364,#1365,#1366,#1367)
    ,(#1368,#1369,#1370,#1371,#1372,#1373,#1374)
    ,(#1375,#1376,#1377,#1378,#1379,#1380,#1381)
    ,(#1382,#1383,#1384,#1385,#1386,#1387,#1388
)),.UNSPECIFIED.,.F.,.F.,.F.) B_SPLINE_SURFACE_WITH_KNOTS((4,4),(4,1,1,1
    ,4),(0.,1.),(0.367305921949,0.37741939545,0.391453171085,
    0.406837082622,0.407142312137),.UNSPECIFIED.) 
GEOMETRIC_REPRESENTATION_ITEM() RATIONAL_B_SPLINE_SURFACE((
    (1.046852632943,1.046852632943,1.046852632943,1.046852632943
      ,1.046852632943,1.046852632943,1.046852632943)
    ,(0.984382455686,0.984382455686,0.984382455686,0.984382455686
      ,0.984382455686,0.984382455686,0.984382455686)
    ,(0.984382455686,0.984382455686,0.984382455686,0.984382455686
      ,0.984382455686,0.984382455686,0.984382455686)
    ,(1.046852632943,1.046852632943,1.046852632943,1.046852632943
      ,1.046852632943,1.046852632943,1.046852632943
))) REPRESENTATION_ITEM('') SURFACE() );
#1361 = CARTESIAN_POINT('',(7.482901503491,-2.691462476619,
    -33.68103738882));
#1362 = CARTESIAN_POINT('',(7.200063012678,-2.691469245175,
    -33.74387546146));
#1363 = CARTESIAN_POINT('',(6.522871137471,-2.691463403872,
    -33.88540029691));
#1364 = CARTESIAN_POINT('',(5.407723960546,-2.691401131678,
    -34.08365801902));
#1365 = CARTESIAN_POINT('',(4.564377463655,-2.691359158643,
    -34.20191042399));
#1366 = CARTESIAN_POINT('',(4.11818223413,-2.691361086309,
    -34.25560895101));
#1367 = CARTESIAN_POINT('',(4.109501193222,-2.691361133135,
    -34.25665034563));
#1368 = CARTESIAN_POINT('',(7.474326828094,-1.519385363811,
    -33.64254553254));
#1369 = CARTESIAN_POINT('',(7.191833381472,-1.519392133913,
    -33.70530675413));
#1370 = CARTESIAN_POINT('',(6.515453658609,-1.51938629221,-33.8466621751
    ));
#1371 = CARTESIAN_POINT('',(5.401611316167,-1.519324023938,
    -34.04469028148));
#1372 = CARTESIAN_POINT('',(4.559194051069,-1.519282043644,
    -34.16281437909));
#1373 = CARTESIAN_POINT('',(4.113470311276,-1.519283974991,
    -34.21645610379));
#1374 = CARTESIAN_POINT('',(4.104798435897,-1.519284021931,
    -34.21749639743));
#1375 = CARTESIAN_POINT('',(7.571640491138,-0.435914667648,
    -34.08065648613));
#1376 = CARTESIAN_POINT('',(7.285488175276,-0.435921439179,
    -34.14423041818));
#1377 = CARTESIAN_POINT('',(6.600335186707,-0.435915597106,
    -34.28741963669));
#1378 = CARTESIAN_POINT('',(5.472015562599,-0.435853332459,
    -34.48802379397));
#1379 = CARTESIAN_POINT('',(4.618596330354,-0.435811345456,
    -34.60769240666));
#1380 = CARTESIAN_POINT('',(4.167033047853,-0.435813280204,
    -34.66203685108));
#1381 = CARTESIAN_POINT('',(4.158247553007,-0.43581332725,
    -34.66309077338));
#1382 = CARTESIAN_POINT('',(7.757421124261,0.364983610414,
    -34.91693838227));
#1383 = CARTESIAN_POINT('',(7.46426104689,0.364976837827,-34.98206909256
    ));
#1384 = CARTESIAN_POINT('',(6.762319989512,0.364982680173,
    -35.12876702901));
#1385 = CARTESIAN_POINT('',(5.606332731674,0.365044942141,
    -35.33429173185));
#1386 = CARTESIAN_POINT('',(4.731949936748,0.365086934104,-35.4569011786
    ));
#1387 = CARTESIAN_POINT('',(4.269281490622,0.36508499684,-35.51258206192
    ));
#1388 = CARTESIAN_POINT('',(4.260279931795,0.365084949717,
    -35.51366190267));
#1389 = DEFINITIONAL_REPRESENTATION('',(#1390),#1393);
#1390 = B_SPLINE_CURVE_WITH_KNOTS('',1,(#1391,#1392),.UNSPECIFIED.,.F.,
  .F.,(2,2),(0.,9.478424553714E-02),.PIECEWISE_BEZIER_KNOTS.);
#1391 = CARTESIAN_POINT('',(4.053311525964E-02,0.368087341933));
#1392 = CARTESIAN_POINT('',(4.050222322587E-02,0.406140051143));
#1393 = ( GEOMETRIC_REPRESENTATION_CONTEXT(2) 
PARAMETRIC_REPRESENTATION_CONTEXT() REPRESENTATION_CONTEXT('2D SPACE',''
  ) );
#1394 = ORIENTED_EDGE('',*,*,#1395,.T.);
#1395 = EDGE_CURVE('',#1344,#1396,#1398,.T.);
#1396 = VERTEX_POINT('',#1397);
#1397 = CARTESIAN_POINT('',(7.416838440329,5.6,-33.69333031254));
#1398 = SURFACE_CURVE('',#1399,(#1403,#1410),.PCURVE_S1.);
#1399 = LINE('',#1400,#1401);
#1400 = CARTESIAN_POINT('',(7.416838441075,-2.556957178821,
    -33.69333031593));
#1401 = VECTOR('',#1402,1.);
#1402 = DIRECTION('',(5.683560965435E-09,1.,1.023562350423E-09));
#1403 = PCURVE('',#251,#1404);
#1404 = DEFINITIONAL_REPRESENTATION('',(#1405),#1409);
#1405 = LINE('',#1406,#1407);
#1406 = CARTESIAN_POINT('',(1.354124131732,3.343042821179));
#1407 = VECTOR('',#1408,1.);
#1408 = DIRECTION('',(-1.672671240194E-10,1.));
#1409 = ( GEOMETRIC_REPRESENTATION_CONTEXT(2) 
PARAMETRIC_REPRESENTATION_CONTEXT() REPRESENTATION_CONTEXT('2D SPACE',''
  ) );
#1410 = PCURVE('',#1411,#1416);
#1411 = CYLINDRICAL_SURFACE('',#1412,3.);
#1412 = AXIS2_PLACEMENT_3D('',#1413,#1414,#1415);
#1413 = CARTESIAN_POINT('',(8.061780913401,21.28248,-36.62318512233));
#1414 = DIRECTION('',(0.,-1.,0.));
#1415 = DIRECTION('',(-0.214980824357,0.,0.976618269929));
#1416 = DEFINITIONAL_REPRESENTATION('',(#1417),#1421);
#1417 = LINE('',#1418,#1419);
#1418 = CARTESIAN_POINT('',(7.371880883511E-14,23.839437178821));
#1419 = VECTOR('',#1420,1.);
#1420 = DIRECTION('',(-1.923611247863E-09,-1.));
#1421 = ( GEOMETRIC_REPRESENTATION_CONTEXT(2) 
PARAMETRIC_REPRESENTATION_CONTEXT() REPRESENTATION_CONTEXT('2D SPACE',''
  ) );
#1422 = ORIENTED_EDGE('',*,*,#1423,.F.);
#1423 = EDGE_CURVE('',#1424,#1396,#1426,.T.);
#1424 = VERTEX_POINT('',#1425);
#1425 = CARTESIAN_POINT('',(32.11557639687,5.6,-12.6031643922));
#1426 = SURFACE_CURVE('',#1427,(#1432,#1439),.PCURVE_S1.);
#1427 = CIRCLE('',#1428,34.5);
#1428 = AXIS2_PLACEMENT_3D('',#1429,#1430,#1431);
#1429 = CARTESIAN_POINT('',(0.,5.6,0.));
#1430 = DIRECTION('',(0.,1.,0.));
#1431 = DIRECTION('',(0.930886272373,0.,-0.365309112817));
#1432 = PCURVE('',#251,#1433);
#1433 = DEFINITIONAL_REPRESENTATION('',(#1434),#1438);
#1434 = LINE('',#1435,#1436);
#1435 = CARTESIAN_POINT('',(0.373964844372,11.5));
#1436 = VECTOR('',#1437,1.);
#1437 = DIRECTION('',(1.,0.));
#1438 = ( GEOMETRIC_REPRESENTATION_CONTEXT(2) 
PARAMETRIC_REPRESENTATION_CONTEXT() REPRESENTATION_CONTEXT('2D SPACE',''
  ) );
#1439 = PCURVE('',#1440,#1445);
#1440 = CONICAL_SURFACE('',#1441,34.34999748614,0.785398163397);
#1441 = AXIS2_PLACEMENT_3D('',#1442,#1443,#1444);
#1442 = CARTESIAN_POINT('',(3.610445276081E-13,5.750002513858,
    -3.188560526723E-13));
#1443 = DIRECTION('',(0.,-1.,0.));
#1444 = DIRECTION('',(0.,0.,-1.));
#1445 = DEFINITIONAL_REPRESENTATION('',(#1446),#1450);
#1446 = LINE('',#1447,#1448);
#1447 = CARTESIAN_POINT('',(1.196831482423,0.150002513859));
#1448 = VECTOR('',#1449,1.);
#1449 = DIRECTION('',(-1.,3.263819897259E-14));
#1450 = ( GEOMETRIC_REPRESENTATION_CONTEXT(2) 
PARAMETRIC_REPRESENTATION_CONTEXT() REPRESENTATION_CONTEXT('2D SPACE',''
  ) );
#1451 = ORIENTED_EDGE('',*,*,#1452,.F.);
#1452 = EDGE_CURVE('',#235,#1424,#1453,.T.);
#1453 = SURFACE_CURVE('',#1454,(#1458,#1465),.PCURVE_S1.);
#1454 = LINE('',#1455,#1456);
#1455 = CARTESIAN_POINT('',(32.11557254576,-5.600004836046,
    -12.60316258355));
#1456 = VECTOR('',#1457,1.);
#1457 = DIRECTION('',(1.950340825306E-07,1.,-1.064894819287E-07));
#1458 = PCURVE('',#251,#1459);
#1459 = DEFINITIONAL_REPRESENTATION('',(#1460),#1464);
#1460 = LINE('',#1461,#1462);
#1461 = CARTESIAN_POINT('',(0.373964836349,0.299995163954));
#1462 = VECTOR('',#1463,1.);
#1463 = DIRECTION('',(8.08170217256E-10,1.));
#1464 = ( GEOMETRIC_REPRESENTATION_CONTEXT(2) 
PARAMETRIC_REPRESENTATION_CONTEXT() REPRESENTATION_CONTEXT('2D SPACE',''
  ) );
#1465 = PCURVE('',#722,#1466);
#1466 = DEFINITIONAL_REPRESENTATION('',(#1467),#1471);
#1467 = LINE('',#1468,#1469);
#1468 = CARTESIAN_POINT('',(2.80709069524,-0.299995163954));
#1469 = VECTOR('',#1470,1.);
#1470 = DIRECTION('',(-8.123945167376E-09,-1.));
#1471 = ( GEOMETRIC_REPRESENTATION_CONTEXT(2) 
PARAMETRIC_REPRESENTATION_CONTEXT() REPRESENTATION_CONTEXT('2D SPACE',''
  ) );
#1472 = FACE_BOUND('',#1473,.T.);
#1473 = EDGE_LOOP('',(#1474));
#1474 = ORIENTED_EDGE('',*,*,#1475,.T.);
#1475 = EDGE_CURVE('',#1476,#1476,#1478,.T.);
#1476 = VERTEX_POINT('',#1477);
#1477 = CARTESIAN_POINT('',(31.37001008573,-1.4,-14.35870701774));
#1478 = SURFACE_CURVE('',#1479,(#1510,#1627),.PCURVE_S1.);
#1479 = B_SPLINE_CURVE_WITH_KNOTS('',3,(#1480,#1481,#1482,#1483,#1484,
    #1485,#1486,#1487,#1488,#1489,#1490,#1491,#1492,#1493,#1494,#1495,
    #1496,#1497,#1498,#1499,#1500,#1501,#1502,#1503,#1504,#1505,#1506,
    #1507,#1508,#1509),.UNSPECIFIED.,.T.,.F.,(4,1,1,1,1,1,1,1,1,1,1,1,1,
    2,1,1,1,1,1,1,1,1,1,1,1,1,4),(0.,7.69230769231E-02,0.153846153846,
    0.230769230769,0.307692307692,0.384615384615,0.461538461538,
    0.538461538462,0.615384615385,0.692307692308,0.769230769231,
    0.846153846154,0.923076923077,1.,1.076922848691,1.153845697382,
    1.230768546073,1.307691394764,1.384614243455,1.461537092146,
    1.538459940837,1.615382789529,1.69230563822,1.769228486911,
    1.846151335602,1.923074184293,1.999997032984),.UNSPECIFIED.);
#1480 = CARTESIAN_POINT('',(31.37001008573,-1.4,-14.35870701774));
#1481 = CARTESIAN_POINT('',(31.37001008573,-1.133850202237,
    -14.35870701774));
#1482 = CARTESIAN_POINT('',(31.3436356011,-0.61843347603,-14.41653969653
    ));
#1483 = CARTESIAN_POINT('',(31.22554997613,0.124286757559,
    -14.67170765366));
#1484 = CARTESIAN_POINT('',(31.03156651889,0.775918611083,
    -15.07925094121));
#1485 = CARTESIAN_POINT('',(30.7677015085,1.301679697466,-15.61220018372
    ));
#1486 = CARTESIAN_POINT('',(30.44435717805,1.669037984228,-16.2349716626
    ));
#1487 = CARTESIAN_POINT('',(30.07592127938,1.857846446911,
    -16.90842593389));
#1488 = CARTESIAN_POINT('',(29.68108648553,1.857846100751,
    -17.59229979568));
#1489 = CARTESIAN_POINT('',(29.28207728256,1.669038571596,
    -18.24809959511));
#1490 = CARTESIAN_POINT('',(28.90441259181,1.301679509272,
    -18.83951123472));
#1491 = CARTESIAN_POINT('',(28.57479855618,0.775920283285,
    -19.33449809571));
#1492 = CARTESIAN_POINT('',(28.31884690435,0.124288076549,
    -19.70626517497));
#1493 = CARTESIAN_POINT('',(28.15690768636,-0.618431526168,
    -19.93611444137));
#1494 = CARTESIAN_POINT('',(28.12001008573,-1.133849412564,
    -19.98787214234));
#1495 = CARTESIAN_POINT('',(28.12001008573,-1.666149797763,
    -19.98787214234));
#1496 = CARTESIAN_POINT('',(28.15690741241,-2.18156652397,
    -19.93611482925));
#1497 = CARTESIAN_POINT('',(28.31884653304,-2.924286757559,
    -19.70626569964));
#1498 = CARTESIAN_POINT('',(28.57479764457,-3.575918611083,
    -19.33449945398));
#1499 = CARTESIAN_POINT('',(28.90441272232,-4.101679697466,
    -18.83951103056));
#1500 = CARTESIAN_POINT('',(29.28207647856,-4.469037984228,
    -18.24810088678));
#1501 = CARTESIAN_POINT('',(29.68108703645,-4.657846446911,
    -17.59229890322));
#1502 = CARTESIAN_POINT('',(30.07592177682,-4.657846100751,
    -16.90842501055));
#1503 = CARTESIAN_POINT('',(30.44435646143,-4.469038571596,
    -16.23497300473));
#1504 = CARTESIAN_POINT('',(30.76770162006,-4.101679509272,
    -15.61219996861));
#1505 = CARTESIAN_POINT('',(31.0315657984,-3.575920283285,
    -15.07925240982));
#1506 = CARTESIAN_POINT('',(31.22554970741,-2.924288076549,
    -14.67170823757));
#1507 = CARTESIAN_POINT('',(31.34363540216,-2.181568473832,
    -14.41654012772));
#1508 = CARTESIAN_POINT('',(31.37001008573,-1.666150587436,
    -14.35870701774));
#1509 = CARTESIAN_POINT('',(31.37001008573,-1.4,-14.35870701774));
#1510 = PCURVE('',#251,#1511);
#1511 = DEFINITIONAL_REPRESENTATION('',(#1512),#1626);
#1512 = B_SPLINE_CURVE_WITH_KNOTS('',3,(#1513,#1514,#1515,#1516,#1517,
    #1518,#1519,#1520,#1521,#1522,#1523,#1524,#1525,#1526,#1527,#1528,
    #1529,#1530,#1531,#1532,#1533,#1534,#1535,#1536,#1537,#1538,#1539,
    #1540,#1541,#1542,#1543,#1544,#1545,#1546,#1547,#1548,#1549,#1550,
    #1551,#1552,#1553,#1554,#1555,#1556,#1557,#1558,#1559,#1560,#1561,
    #1562,#1563,#1564,#1565,#1566,#1567,#1568,#1569,#1570,#1571,#1572,
    #1573,#1574,#1575,#1576,#1577,#1578,#1579,#1580,#1581,#1582,#1583,
    #1584,#1585,#1586,#1587,#1588,#1589,#1590,#1591,#1592,#1593,#1594,
    #1595,#1596,#1597,#1598,#1599,#1600,#1601,#1602,#1603,#1604,#1605,
    #1606,#1607,#1608,#1609,#1610,#1611,#1612,#1613,#1614,#1615,#1616,
    #1617,#1618,#1619,#1620,#1621,#1622,#1623,#1624,#1625),
  .UNSPECIFIED.,.T.,.F.,(4,1,1,1,1,1,1,1,1,1,1,1,1,1,1,1,1,1,1,1,1,1,1,1
    ,1,1,1,1,1,1,1,1,1,1,1,1,1,1,1,1,1,1,1,1,1,1,1,1,1,1,1,1,1,1,1,1,1,1
    ,1,1,1,1,1,1,1,1,1,1,1,1,1,1,1,1,1,1,1,1,1,1,1,1,1,1,1,1,1,1,1,1,1,1
    ,1,1,1,1,1,1,1,1,1,1,1,1,1,1,1,1,1,1,4),(0.,1.818179120894E-02,
    3.636358241789E-02,5.454537362683E-02,7.272716483578E-02,
    9.090895604472E-02,0.109090747254,0.127272538463,0.145454329672,
    0.163636120881,0.181817912089,0.199999703298,0.218181494507,
    0.236363285716,0.254545076925,0.272726868134,0.290908659343,
    0.309090450552,0.327272241761,0.34545403297,0.363635824179,
    0.381817615388,0.399999406597,0.418181197806,0.436362989015,
    0.454544780224,0.472726571433,0.490908362642,0.50909015385,
    0.527271945059,0.545453736268,0.563635527477,0.581817318686,
    0.599999109895,0.618180901104,0.636362692313,0.654544483522,
    0.672726274731,0.69090806594,0.709089857149,0.727271648358,
    0.745453439567,0.763635230776,0.781817021985,0.799998813194,
    0.818180604403,0.836362395611,0.85454418682,0.872725978029,
    0.890907769238,0.909089560447,0.927271351656,0.945453142865,
    0.963634934074,0.981816725283,0.999998516492,1.018180307701,
    1.03636209891,1.054543890119,1.072725681328,1.090907472537,
    1.109089263746,1.127271054955,1.145452846164,1.163634637372,
    1.181816428581,1.19999821979,1.218180010999,1.236361802208,
    1.254543593417,1.272725384626,1.290907175835,1.309088967044,
    1.327270758253,1.345452549462,1.363634340671,1.38181613188,
    1.399997923089,1.418179714298,1.436361505507,1.454543296716,
    1.472725087925,1.490906879133,1.509088670342,1.527270461551,
    1.54545225276,1.563634043969,1.581815835178,1.599997626387,
    1.618179417596,1.636361208805,1.654543000014,1.672724791223,
    1.690906582432,1.709088373641,1.72727016485,1.745451956059,
    1.763633747268,1.781815538477,1.799997329686,1.818179120894,
    1.836360912103,1.854542703312,1.872724494521,1.89090628573,
    1.909088076939,1.927269868148,1.945451659357,1.963633450566,
    1.981815241775,1.999997032984),.QUASI_UNIFORM_KNOTS.);
#1513 = CARTESIAN_POINT('',(0.429255988688,4.5));
#1514 = CARTESIAN_POINT('',(0.429255988746,4.562908040692));
#1515 = CARTESIAN_POINT('',(0.42935892013,4.687781187033));
#1516 = CARTESIAN_POINT('',(0.429820238909,4.872526987625));
#1517 = CARTESIAN_POINT('',(0.430586644829,5.054983489729));
#1518 = CARTESIAN_POINT('',(0.431656171954,5.235391243989));
#1519 = CARTESIAN_POINT('',(0.433027348503,5.414117345982));
#1520 = CARTESIAN_POINT('',(0.434694979984,5.590570380529));
#1521 = CARTESIAN_POINT('',(0.436652906096,5.763893913202));
#1522 = CARTESIAN_POINT('',(0.438895076922,5.933310257207));
#1523 = CARTESIAN_POINT('',(0.441415955408,6.09797862025));
#1524 = CARTESIAN_POINT('',(0.444207206607,6.257285278412));
#1525 = CARTESIAN_POINT('',(0.447258140859,6.410803161788));
#1526 = CARTESIAN_POINT('',(0.45055852525,6.558064825605));
#1527 = CARTESIAN_POINT('',(0.45409831378,6.698611299859));
#1528 = CARTESIAN_POINT('',(0.457866240371,6.831990955831));
#1529 = CARTESIAN_POINT('',(0.461847989131,6.957777312016));
#1530 = CARTESIAN_POINT('',(0.466029746861,7.075540539359));
#1531 = CARTESIAN_POINT('',(0.470397623821,7.18484891286));
#1532 = CARTESIAN_POINT('',(0.47493765825,7.285281713209));
#1533 = CARTESIAN_POINT('',(0.479634014967,7.376580045865));
#1534 = CARTESIAN_POINT('',(0.484470986838,7.458475310694));
#1535 = CARTESIAN_POINT('',(0.489432828972,7.530704547959));
#1536 = CARTESIAN_POINT('',(0.494503936032,7.592991941927));
#1537 = CARTESIAN_POINT('',(0.499667618963,7.645186555624));
#1538 = CARTESIAN_POINT('',(0.504907018944,7.687155958164));
#1539 = CARTESIAN_POINT('',(0.510205331057,7.71876751187));
#1540 = CARTESIAN_POINT('',(0.515545764101,7.739871375887));
#1541 = CARTESIAN_POINT('',(0.520911492041,7.750418298774));
#1542 = CARTESIAN_POINT('',(0.526285648228,7.750418693053));
#1543 = CARTESIAN_POINT('',(0.531651373418,7.73987257771));
#1544 = CARTESIAN_POINT('',(0.53699180076,7.718769593097));
#1545 = CARTESIAN_POINT('',(0.542290105166,7.687158988966));
#1546 = CARTESIAN_POINT('',(0.547529498376,7.645190552802));
#1547 = CARTESIAN_POINT('',(0.552693177988,7.592996880933));
#1548 = CARTESIAN_POINT('',(0.557764288046,7.530710358784));
#1549 = CARTESIAN_POINT('',(0.562726141359,7.458481881912));
#1550 = CARTESIAN_POINT('',(0.567563129096,7.376587327325));
#1551 = CARTESIAN_POINT('',(0.572259503414,7.28528971101));
#1552 = CARTESIAN_POINT('',(0.576799554176,7.184857691082));
#1553 = CARTESIAN_POINT('',(0.581167442851,7.075550218169));
#1554 = CARTESIAN_POINT('',(0.585349209736,6.957787943918));
#1555 = CARTESIAN_POINT('',(0.589330967727,6.832002529451));
#1556 = CARTESIAN_POINT('',(0.593098905989,6.698623742579));
#1557 = CARTESIAN_POINT('',(0.596638711512,6.558077989432));
#1558 = CARTESIAN_POINT('',(0.599939117556,6.410816909004));
#1559 = CARTESIAN_POINT('',(0.602990076508,6.257299520182));
#1560 = CARTESIAN_POINT('',(0.605781354123,6.0979933115));
#1561 = CARTESIAN_POINT('',(0.608302259184,5.933325382289));
#1562 = CARTESIAN_POINT('',(0.610544455794,5.763909522025));
#1563 = CARTESIAN_POINT('',(0.612502407664,5.590586114768));
#1564 = CARTESIAN_POINT('',(0.614170065302,5.414134138083));
#1565 = CARTESIAN_POINT('',(0.615541269093,5.23540500572));
#1566 = CARTESIAN_POINT('',(0.616610824462,5.055008673609));
#1567 = CARTESIAN_POINT('',(0.617377258703,4.872509100281));
#1568 = CARTESIAN_POINT('',(0.617838605128,4.687923194077));
#1569 = CARTESIAN_POINT('',(0.617993028587,4.500015532754));
#1570 = CARTESIAN_POINT('',(0.617838655568,4.3121070666));
#1571 = CARTESIAN_POINT('',(0.617377359065,4.127520757829));
#1572 = CARTESIAN_POINT('',(0.616610973415,3.945020620884));
#1573 = CARTESIAN_POINT('',(0.615541464654,3.764623703029));
#1574 = CARTESIAN_POINT('',(0.614170304497,3.585893867905));
#1575 = CARTESIAN_POINT('',(0.612502687199,3.409440955008));
#1576 = CARTESIAN_POINT('',(0.610544773179,3.236116467754));
#1577 = CARTESIAN_POINT('',(0.608302612387,3.066699423562));
#1578 = CARTESIAN_POINT('',(0.605781741952,2.902030266033));
#1579 = CARTESIAN_POINT('',(0.602990496604,2.742722842354));
#1580 = CARTESIAN_POINT('',(0.599939566138,2.589204197957));
#1581 = CARTESIAN_POINT('',(0.596639183541,2.441941789423));
#1582 = CARTESIAN_POINT('',(0.59309939494,2.301394588522));
#1583 = CARTESIAN_POINT('',(0.589331466336,2.168014229995));
#1584 = CARTESIAN_POINT('',(0.585349713733,2.04222719904));
#1585 = CARTESIAN_POINT('',(0.581167950457,1.92446332883));
#1586 = CARTESIAN_POINT('',(0.576800066382,1.81515434714));
#1587 = CARTESIAN_POINT('',(0.572260023348,1.714720981087));
#1588 = CARTESIAN_POINT('',(0.567563656649,1.623422129929));
#1589 = CARTESIAN_POINT('',(0.562726673566,1.541526395598));
#1590 = CARTESIAN_POINT('',(0.55776481913,1.469296740128));
#1591 = CARTESIAN_POINT('',(0.552693698813,1.407008982472));
#1592 = CARTESIAN_POINT('',(0.547530001795,1.354814063218));
#1593 = CARTESIAN_POINT('',(0.542290587056,1.312844413871));
#1594 = CARTESIAN_POINT('',(0.536992259659,1.28123267344));
#1595 = CARTESIAN_POINT('',(0.531651810958,1.260128684068));
#1596 = CARTESIAN_POINT('',(0.526286067135,1.249581698626));
#1597 = CARTESIAN_POINT('',(0.52091189499,1.249581304345));
#1598 = CARTESIAN_POINT('',(0.515546153917,1.260127482238));
#1599 = CARTESIAN_POINT('',(0.510205710918,1.2812305922));
#1600 = CARTESIAN_POINT('',(0.504907391229,1.312841383051));
#1601 = CARTESIAN_POINT('',(0.499667983261,1.354810066017));
#1602 = CARTESIAN_POINT('',(0.494504289562,1.407004043437));
#1603 = CARTESIAN_POINT('',(0.489433166246,1.469290929272));
#1604 = CARTESIAN_POINT('',(0.484471300632,1.541519824345));
#1605 = CARTESIAN_POINT('',(0.479634301682,1.62341484843));
#1606 = CARTESIAN_POINT('',(0.474937917381,1.714712983242));
#1607 = CARTESIAN_POINT('',(0.470397858014,1.815145568867));
#1608 = CARTESIAN_POINT('',(0.466029962225,1.924453649959));
#1609 = CARTESIAN_POINT('',(0.461848189794,2.042216567076));
#1610 = CARTESIAN_POINT('',(0.45786642796,2.168002656298));
#1611 = CARTESIAN_POINT('',(0.454098487685,2.301382145769));
#1612 = CARTESIAN_POINT('',(0.45055868209,2.441928625402));
#1613 = CARTESIAN_POINT('',(0.447258277839,2.58919045116));
#1614 = CARTESIAN_POINT('',(0.444207322674,2.742708598723));
#1615 = CARTESIAN_POINT('',(0.44141605091,2.902015581432));
#1616 = CARTESIAN_POINT('',(0.4388951539,3.066684273356));
#1617 = CARTESIAN_POINT('',(0.436652967324,3.236100952375));
#1618 = CARTESIAN_POINT('',(0.434695027546,3.409424871725));
#1619 = CARTESIAN_POINT('',(0.433027384089,3.585878378169));
#1620 = CARTESIAN_POINT('',(0.431656196693,3.764605080563));
#1621 = CARTESIAN_POINT('',(0.430586659681,3.945013577324));
#1622 = CARTESIAN_POINT('',(0.429820245729,4.127470944413));
#1623 = CARTESIAN_POINT('',(0.42935892151,4.312217722101));
#1624 = CARTESIAN_POINT('',(0.429255988746,4.437091586008));
#1625 = CARTESIAN_POINT('',(0.429255988688,4.5));
#1626 = ( GEOMETRIC_REPRESENTATION_CONTEXT(2) 
PARAMETRIC_REPRESENTATION_CONTEXT() REPRESENTATION_CONTEXT('2D SPACE',''
  ) );
#1627 = PCURVE('',#1628,#1633);
#1628 = CYLINDRICAL_SURFACE('',#1629,34.5);
#1629 = AXIS2_PLACEMENT_3D('',#1630,#1631,#1632);
#1630 = CARTESIAN_POINT('',(0.,-5.9,0.));
#1631 = DIRECTION('',(0.,1.,0.));
#1632 = DIRECTION('',(0.,-0.,1.));
#1633 = DEFINITIONAL_REPRESENTATION('',(#1634),#1741);
#1634 = B_SPLINE_CURVE_WITH_KNOTS('',9,(#1635,#1636,#1637,#1638,#1639,
    #1640,#1641,#1642,#1643,#1644,#1645,#1646,#1647,#1648,#1649,#1650,
    #1651,#1652,#1653,#1654,#1655,#1656,#1657,#1658,#1659,#1660,#1661,
    #1662,#1663,#1664,#1665,#1666,#1667,#1668,#1669,#1670,#1671,#1672,
    #1673,#1674,#1675,#1676,#1677,#1678,#1679,#1680,#1681,#1682,#1683,
    #1684,#1685,#1686,#1687,#1688,#1689,#1690,#1691,#1692,#1693,#1694,
    #1695,#1696,#1697,#1698,#1699,#1700,#1701,#1702,#1703,#1704,#1705,
    #1706,#1707,#1708,#1709,#1710,#1711,#1712,#1713,#1714,#1715,#1716,
    #1717,#1718,#1719,#1720,#1721,#1722,#1723,#1724,#1725,#1726,#1727,
    #1728,#1729,#1730,#1731,#1732,#1733,#1734,#1735,#1736,#1737,#1738,
    #1739,#1740),.UNSPECIFIED.,.T.,.F.,(10,8,8,8,8,8,8,8,8,8,8,8,8,10),(
    0.,0.124999814561,0.359374466864,0.564452287629,0.743895380799,
    0.900908087322,0.969601146426,1.001801017881,1.126575519768,
    1.344930898072,1.5086974318,1.754347232392,1.877172132688,
    1.999997032984),.UNSPECIFIED.);
#1635 = CARTESIAN_POINT('',(2.000052315483,4.5));
#1636 = CARTESIAN_POINT('',(2.000052315483,4.644164259919));
#1637 = CARTESIAN_POINT('',(2.000254877296,4.786432345039));
#1638 = CARTESIAN_POINT('',(2.000659757883,4.927224259624));
#1639 = CARTESIAN_POINT('',(2.001263555362,5.06614387237));
#1640 = CARTESIAN_POINT('',(2.002066432969,5.203715733726));
#1641 = CARTESIAN_POINT('',(2.003069495303,5.340707575527));
#1642 = CARTESIAN_POINT('',(2.004269711233,5.476818817156));
#1643 = CARTESIAN_POINT('',(2.005659277921,5.610515402418));
#1644 = CARTESIAN_POINT('',(2.0101932749,5.987933583158));
#1645 = CARTESIAN_POINT('',(2.013809156128,6.225363775191));
#1646 = CARTESIAN_POINT('',(2.018059456268,6.449721573283));
#1647 = CARTESIAN_POINT('',(2.022903248984,6.660165944388));
#1648 = CARTESIAN_POINT('',(2.028293135761,6.855204899896));
#1649 = CARTESIAN_POINT('',(2.034175992198,7.032297955452));
#1650 = CARTESIAN_POINT('',(2.04049062456,7.189189099436));
#1651 = CARTESIAN_POINT('',(2.04716844698,7.32492810222));
#1652 = CARTESIAN_POINT('',(2.06024627695,7.537946657415));
#1653 = CARTESIAN_POINT('',(2.066576073012,7.620451473701));
#1654 = CARTESIAN_POINT('',(2.073091130899,7.684710407899));
#1655 = CARTESIAN_POINT('',(2.079738437208,7.731691237391));
#1656 = CARTESIAN_POINT('',(2.086471996668,7.75957090732));
#1657 = CARTESIAN_POINT('',(2.093245246788,7.768169304087));
#1658 = CARTESIAN_POINT('',(2.100008047871,7.75892594839));
#1659 = CARTESIAN_POINT('',(2.106713366171,7.730458195485));
#1660 = CARTESIAN_POINT('',(2.119088130261,7.642917117952));
#1661 = CARTESIAN_POINT('',(2.124782580351,7.58809392112));
#1662 = CARTESIAN_POINT('',(2.130363342433,7.519408188846));
#1663 = CARTESIAN_POINT('',(2.13579915436,7.437209967529));
#1664 = CARTESIAN_POINT('',(2.141059488794,7.341953519756));
#1665 = CARTESIAN_POINT('',(2.146114107606,7.234136375449));
#1666 = CARTESIAN_POINT('',(2.150933421908,7.114315105848));
#1667 = CARTESIAN_POINT('',(2.155489657725,6.983197820305));
#1668 = CARTESIAN_POINT('',(2.163494350676,6.71810200581));
#1669 = CARTESIAN_POINT('',(2.167010724101,6.586533274717));
#1670 = CARTESIAN_POINT('',(2.170283143005,6.447394876311));
#1671 = CARTESIAN_POINT('',(2.173306453125,6.301732974234));
#1672 = CARTESIAN_POINT('',(2.1760668584,6.149963994734));
#1673 = CARTESIAN_POINT('',(2.17854468233,5.99223046646));
#1674 = CARTESIAN_POINT('',(2.180728131638,5.829294242438));
#1675 = CARTESIAN_POINT('',(2.182618011094,5.662760429262));
#1676 = CARTESIAN_POINT('',(2.184896919039,5.419341250712));
#1677 = CARTESIAN_POINT('',(2.185532389679,5.344701295085));
#1678 = CARTESIAN_POINT('',(2.186108806372,5.269669544731));
#1679 = CARTESIAN_POINT('',(2.186625596953,5.194313873704));
#1680 = CARTESIAN_POINT('',(2.187082454561,5.118633509563));
#1681 = CARTESIAN_POINT('',(2.187479231207,5.042586575911));
#1682 = CARTESIAN_POINT('',(2.187815831341,4.966117634923));
#1683 = CARTESIAN_POINT('',(2.188092105417,4.889185229879));
#1684 = CARTESIAN_POINT('',(2.18840882379,4.775510145428));
#1685 = CARTESIAN_POINT('',(2.188496589704,4.739158765795));
#1686 = CARTESIAN_POINT('',(2.188571016026,4.702622363206));
#1687 = CARTESIAN_POINT('',(2.188632085846,4.665985869048));
#1688 = CARTESIAN_POINT('',(2.188679781507,4.629313531689));
#1689 = CARTESIAN_POINT('',(2.188714080781,4.592558125647));
#1690 = CARTESIAN_POINT('',(2.188734958245,4.555597909937));
#1691 = CARTESIAN_POINT('',(2.188742391843,4.518401335587));
#1692 = CARTESIAN_POINT('',(2.188713058021,4.337627398469));
#1693 = CARTESIAN_POINT('',(2.188488125607,4.195832389508));
#1694 = CARTESIAN_POINT('',(2.188061201868,4.055357140019));
#1695 = CARTESIAN_POINT('',(2.187437266739,3.917008338315));
#1696 = CARTESIAN_POINT('',(2.186614263691,3.779774744502));
#1697 = CARTESIAN_POINT('',(2.185591319374,3.642950881411));
#1698 = CARTESIAN_POINT('',(2.184373548287,3.507378360458));
#1699 = CARTESIAN_POINT('',(2.182966884883,3.374111239567));
#1700 = CARTESIAN_POINT('',(2.178586051219,3.01445242319));
#1701 = CARTESIAN_POINT('',(2.175227266684,2.79331200259));
#1702 = CARTESIAN_POINT('',(2.171317576558,2.583298659717));
#1703 = CARTESIAN_POINT('',(2.166890408586,2.385341221954));
#1704 = CARTESIAN_POINT('',(2.161983095581,2.200590170352));
#1705 = CARTESIAN_POINT('',(2.156636940938,2.030888765522));
#1706 = CARTESIAN_POINT('',(2.150900338415,1.878104009935));
#1707 = CARTESIAN_POINT('',(2.14482848798,1.743392689547));
#1708 = CARTESIAN_POINT('',(2.133706820622,1.540541523699));
#1709 = CARTESIAN_POINT('',(2.128781783959,1.46416408958));
#1710 = CARTESIAN_POINT('',(2.123719536321,1.398860401914));
#1711 = CARTESIAN_POINT('',(2.118543872093,1.344899634901));
#1712 = CARTESIAN_POINT('',(2.113279506497,1.302470868538));
#1713 = CARTESIAN_POINT('',(2.107951150208,1.271764201302));
#1714 = CARTESIAN_POINT('',(2.102583135318,1.252967277268));
#1715 = CARTESIAN_POINT('',(2.09719959265,1.246177227681));
#1716 = CARTESIAN_POINT('',(2.083763562083,1.258804225885));
#1717 = CARTESIAN_POINT('',(2.075721796037,1.292995772256));
#1718 = CARTESIAN_POINT('',(2.067788458236,1.35499431171));
#1719 = CARTESIAN_POINT('',(2.060019411547,1.4405495709));
#1720 = CARTESIAN_POINT('',(2.052561516997,1.55577702172));
#1721 = CARTESIAN_POINT('',(2.045403519514,1.691143933862));
#1722 = CARTESIAN_POINT('',(2.038703713239,1.852306511783));
#1723 = CARTESIAN_POINT('',(2.032485809555,2.033536352946));
#1724 = CARTESIAN_POINT('',(2.023999903868,2.333580813249));
#1725 = CARTESIAN_POINT('',(2.021312130491,2.43831132728));
#1726 = CARTESIAN_POINT('',(2.018771753196,2.547408681518));
#1727 = CARTESIAN_POINT('',(2.016385707253,2.660610635232));
#1728 = CARTESIAN_POINT('',(2.01416093381,2.777691671013));
#1729 = CARTESIAN_POINT('',(2.01210398472,2.8984131051));
#1730 = CARTESIAN_POINT('',(2.01022062738,3.022473197708));
#1731 = CARTESIAN_POINT('',(2.008515449564,3.14945726336));
#1732 = CARTESIAN_POINT('',(2.00546747894,3.408118299065));
#1733 = CARTESIAN_POINT('',(2.004124913338,3.539736551338));
#1734 = CARTESIAN_POINT('',(2.002965688614,3.673600159622));
#1735 = CARTESIAN_POINT('',(2.001997137981,3.808271597616));
#1736 = CARTESIAN_POINT('',(2.001221930575,3.943519109794));
#1737 = CARTESIAN_POINT('',(2.000638870751,4.080109395293));
#1738 = CARTESIAN_POINT('',(2.000247860845,4.218525487827));
#1739 = CARTESIAN_POINT('',(2.000052315483,4.358343262452));
#1740 = CARTESIAN_POINT('',(2.000052315483,4.5));
#1741 = ( GEOMETRIC_REPRESENTATION_CONTEXT(2) 
PARAMETRIC_REPRESENTATION_CONTEXT() REPRESENTATION_CONTEXT('2D SPACE',''
  ) );
#1742 = FACE_BOUND('',#1743,.T.);
#1743 = EDGE_LOOP('',(#1744));
#1744 = ORIENTED_EDGE('',*,*,#1745,.F.);
#1745 = EDGE_CURVE('',#1746,#1746,#1748,.T.);
#1746 = VERTEX_POINT('',#1747);
#1747 = CARTESIAN_POINT('',(14.358707017743,-1.4,-31.37001008572));
#1748 = SURFACE_CURVE('',#1749,(#1812,#1878),.PCURVE_S1.);
#1749 = B_SPLINE_CURVE_WITH_KNOTS('',7,(#1750,#1751,#1752,#1753,#1754,
    #1755,#1756,#1757,#1758,#1759,#1760,#1761,#1762,#1763,#1764,#1765,
    #1766,#1767,#1768,#1769,#1770,#1771,#1772,#1773,#1774,#1775,#1776,
    #1777,#1778,#1779,#1780,#1781,#1782,#1783,#1784,#1785,#1786,#1787,
    #1788,#1789,#1790,#1791,#1792,#1793,#1794,#1795,#1796,#1797,#1798,
    #1799,#1800,#1801,#1802,#1803,#1804,#1805,#1806,#1807,#1808,#1809,
    #1810,#1811),.UNSPECIFIED.,.T.,.F.,(8,6,6,6,6,6,6,6,6,6,8),(0.,
    9.30051505582E-02,0.184588767449,0.269894997408,0.375586580227,
    0.474099799418,0.586529547356,0.676002134701,0.771438537547,
    0.881949200341,1.),.UNSPECIFIED.);
#1750 = CARTESIAN_POINT('',(14.358707017743,-1.4,-31.37001008572));
#1751 = CARTESIAN_POINT('',(14.358707017743,-1.130719813083,
    -31.37001008572));
#1752 = CARTESIAN_POINT('',(14.382480603833,-0.861437501438,
    -31.35912833055));
#1753 = CARTESIAN_POINT('',(14.43003100519,-0.595179957362,
    -31.33736383068));
#1754 = CARTESIAN_POINT('',(14.500886683325,-0.334965718862,
    -31.30479401222));
#1755 = CARTESIAN_POINT('',(14.594129046581,-8.371741868304E-02,
    -31.26156598026));
#1756 = CARTESIAN_POINT('',(14.708422776401,0.155803621095,
    -31.20791903592));
#1757 = CARTESIAN_POINT('',(14.973632352968,0.602835049971,
    -31.08153118171));
#1758 = CARTESIAN_POINT('',(15.127682028941,0.817051030467,
    -31.00732158649));
#1759 = CARTESIAN_POINT('',(15.304815101598,1.020430629901,
    -30.92081979313));
#1760 = CARTESIAN_POINT('',(15.505320196921,1.209154295954,
    -30.8212331762));
#1761 = CARTESIAN_POINT('',(15.729057334256,1.378774927048,
    -30.70780874412));
#1762 = CARTESIAN_POINT('',(15.975273317851,1.524076747341,
    -30.57993223608));
#1763 = CARTESIAN_POINT('',(16.49103961403,1.745665199288,
    -30.30470420872));
#1764 = CARTESIAN_POINT('',(16.758386461682,1.826237945538,
    -30.15899273338));
#1765 = CARTESIAN_POINT('',(17.037504976749,1.872815494856,
    -30.00308007749));
#1766 = CARTESIAN_POINT('',(17.320337195933,1.881293123334,
    -29.84074517534));
#1767 = CARTESIAN_POINT('',(17.598621646858,1.851148234925,
    -29.6766445584));
#1768 = CARTESIAN_POINT('',(17.864746256846,1.785455194948,
    -29.51585235123));
#1769 = CARTESIAN_POINT('',(18.41933190071,1.573824660882,
    -29.17375924223));
#1770 = CARTESIAN_POINT('',(18.696185691139,1.413129446526,
    -28.99781754453));
#1771 = CARTESIAN_POINT('',(18.941484326957,1.218768059668,
    -28.83785545056));
#1772 = CARTESIAN_POINT('',(19.155355840455,0.998795888351,
    -28.69546905899));
#1773 = CARTESIAN_POINT('',(19.338676902452,0.75996597309,
    -28.57142551638));
#1774 = CARTESIAN_POINT('',(19.492744199217,0.507984811231,
    -28.46588358881));
#1775 = CARTESIAN_POINT('',(19.736916983919,4.937734744214E-03,
    -28.29707785914));
#1776 = CARTESIAN_POINT('',(19.831354793144,-0.246466893255,
    -28.23094633053));
#1777 = CARTESIAN_POINT('',(19.903643678181,-0.503843650783,
    -28.17987609772));
#1778 = CARTESIAN_POINT('',(19.954704703894,-0.765124122099,
    -28.14360797798));
#1779 = CARTESIAN_POINT('',(19.985144685157,-1.028685081106,
    -28.12194183723));
#1780 = CARTESIAN_POINT('',(19.995216179609,-1.293119901998,
    -28.11479137971));
#1781 = CARTESIAN_POINT('',(19.972837007393,-1.858196855647,
    -28.13069490782));
#1782 = CARTESIAN_POINT('',(19.934196255919,-2.158249600228,
    -28.15814564888));
#1783 = CARTESIAN_POINT('',(19.868741659485,-2.455252708401,
    -28.20457105712));
#1784 = CARTESIAN_POINT('',(19.775629301913,-2.746978904477,
    -28.27025773099));
#1785 = CARTESIAN_POINT('',(19.653416873788,-3.030533515581,
    -28.35567097347));
#1786 = CARTESIAN_POINT('',(19.500192626284,-3.301882352849,
    -28.46125582161));
#1787 = CARTESIAN_POINT('',(19.165483274019,-3.756700189027,
    -28.68738910281));
#1788 = CARTESIAN_POINT('',(19.000417973747,-3.941009561862,
    -28.79760117839));
#1789 = CARTESIAN_POINT('',(18.820077640734,-4.10578581221,
    -28.91631419832));
#1790 = CARTESIAN_POINT('',(18.626194416638,-4.249066141051,
    -29.04185002048));
#1791 = CARTESIAN_POINT('',(18.420744918525,-4.369244626791,
    -29.17244843015));
#1792 = CARTESIAN_POINT('',(18.205925854452,-4.465103298052,
    -29.306344249));
#1793 = CARTESIAN_POINT('',(17.747546956745,-4.611303139341,
    -29.58633859811));
#1794 = CARTESIAN_POINT('',(17.497092908446,-4.660077277941,
    -29.73627973621));
#1795 = CARTESIAN_POINT('',(17.238078493019,-4.677620911168,
    -29.88782362923));
#1796 = CARTESIAN_POINT('',(16.976701527982,-4.662101900238,
    -30.03698721628));
#1797 = CARTESIAN_POINT('',(16.719532097246,-4.614358819216,
    -30.18015441912));
#1798 = CARTESIAN_POINT('',(16.472917879869,-4.537879566436,
    -30.31437449773));
#1799 = CARTESIAN_POINT('',(15.975273325914,-4.324076750805,
    -30.57993223178));
#1800 = CARTESIAN_POINT('',(15.729057314399,-4.178774920176,
    -30.70780875478));
#1801 = CARTESIAN_POINT('',(15.505320214081,-4.00915429504,
    -30.82123316667));
#1802 = CARTESIAN_POINT('',(15.304815101167,-3.820430645328,
    -30.9208197941));
#1803 = CARTESIAN_POINT('',(15.12768202079,-3.617051013193,
    -31.00732159018));
#1804 = CARTESIAN_POINT('',(14.973632357037,-3.402835056829,
    -31.08153117977));
#1805 = CARTESIAN_POINT('',(14.701487231926,-2.944113219878,
    -31.21122422797));
#1806 = CARTESIAN_POINT('',(14.585908707839,-2.697436591053,
    -31.2653958356));
#1807 = CARTESIAN_POINT('',(14.494484463106,-2.443978317104,
    -31.30773810051));
#1808 = CARTESIAN_POINT('',(14.426469323328,-2.185924498165,
    -31.33899363764));
#1809 = CARTESIAN_POINT('',(14.381306343843,-1.924968623096,
    -31.35966598631));
#1810 = CARTESIAN_POINT('',(14.358707017743,-1.66254403229,
    -31.37001008572));
#1811 = CARTESIAN_POINT('',(14.358707017743,-1.4,-31.37001008572));
#1812 = PCURVE('',#251,#1813);
#1813 = DEFINITIONAL_REPRESENTATION('',(#1814),#1877);
#1814 = B_SPLINE_CURVE_WITH_KNOTS('',7,(#1815,#1816,#1817,#1818,#1819,
    #1820,#1821,#1822,#1823,#1824,#1825,#1826,#1827,#1828,#1829,#1830,
    #1831,#1832,#1833,#1834,#1835,#1836,#1837,#1838,#1839,#1840,#1841,
    #1842,#1843,#1844,#1845,#1846,#1847,#1848,#1849,#1850,#1851,#1852,
    #1853,#1854,#1855,#1856,#1857,#1858,#1859,#1860,#1861,#1862,#1863,
    #1864,#1865,#1866,#1867,#1868,#1869,#1870,#1871,#1872,#1873,#1874,
    #1875,#1876),.UNSPECIFIED.,.F.,.F.,(8,6,6,6,6,6,6,6,6,6,8),(0.,
    9.30051505582E-02,0.184588767449,0.269894997408,0.375586580227,
    0.474099799418,0.586529547356,0.676002134701,0.771438537547,
    0.881949200341,1.),.UNSPECIFIED.);
#1815 = CARTESIAN_POINT('',(1.141540338107,4.5));
#1816 = CARTESIAN_POINT('',(1.141540338107,4.769280186917));
#1817 = CARTESIAN_POINT('',(1.140782493451,5.038562498562));
#1818 = CARTESIAN_POINT('',(1.139266702748,5.304820042638));
#1819 = CARTESIAN_POINT('',(1.137006337355,5.565034281138));
#1820 = CARTESIAN_POINT('',(1.134027372662,5.816282581317));
#1821 = CARTESIAN_POINT('',(1.13036778806,6.055803621095));
#1822 = CARTESIAN_POINT('',(1.121852261921,6.502835049971));
#1823 = CARTESIAN_POINT('',(1.116896006753,6.717051030467));
#1824 = CARTESIAN_POINT('',(1.111182347621,6.920430629901));
#1825 = CARTESIAN_POINT('',(1.10469352389,7.109154295954));
#1826 = CARTESIAN_POINT('',(1.097423140096,7.278774927048));
#1827 = CARTESIAN_POINT('',(1.089381810867,7.424076747341));
#1828 = CARTESIAN_POINT('',(1.07243668056,7.645665199288));
#1829 = CARTESIAN_POINT('',(1.063611591353,7.726237945538));
#1830 = CARTESIAN_POINT('',(1.054345448458,7.772815494856));
#1831 = CARTESIAN_POINT('',(1.044894143951,7.781293123334));
#1832 = CARTESIAN_POINT('',(1.035530862847,7.751148234925));
#1833 = CARTESIAN_POINT('',(1.026518812795,7.685455194948));
#1834 = CARTESIAN_POINT('',(1.007631625592,7.473824660882));
#1835 = CARTESIAN_POINT('',(0.998124372785,7.313129446526));
#1836 = CARTESIAN_POINT('',(0.989636869871,7.118768059668));
#1837 = CARTESIAN_POINT('',(0.982189931225,6.898795888351));
#1838 = CARTESIAN_POINT('',(0.975774330013,6.65996597309));
#1839 = CARTESIAN_POINT('',(0.970361314071,6.407984811231));
#1840 = CARTESIAN_POINT('',(0.961757171267,5.904937734744));
#1841 = CARTESIAN_POINT('',(0.958415479947,5.653533106745));
#1842 = CARTESIAN_POINT('',(0.955850018847,5.396156349217));
#1843 = CARTESIAN_POINT('',(0.954034632993,5.134875877901));
#1844 = CARTESIAN_POINT('',(0.952951641699,4.871314918894));
#1845 = CARTESIAN_POINT('',(0.952593621473,4.606880098002));
#1846 = CARTESIAN_POINT('',(0.953389404074,4.041803144353));
#1847 = CARTESIAN_POINT('',(0.954763283603,3.741750399772));
#1848 = CARTESIAN_POINT('',(0.957089291037,3.444747291599));
#1849 = CARTESIAN_POINT('',(0.960392176578,3.153021095523));
#1850 = CARTESIAN_POINT('',(0.964713875158,2.869466484419));
#1851 = CARTESIAN_POINT('',(0.970107275409,2.598117647151));
#1852 = CARTESIAN_POINT('',(0.981815648476,2.143299810973));
#1853 = CARTESIAN_POINT('',(0.987568529208,1.958990438138));
#1854 = CARTESIAN_POINT('',(0.993826452645,1.79421418779));
#1855 = CARTESIAN_POINT('',(1.00052103689,1.650933858949));
#1856 = CARTESIAN_POINT('',(1.007576980903,1.530755373209));
#1857 = CARTESIAN_POINT('',(1.014913813739,1.434896701948));
#1858 = CARTESIAN_POINT('',(1.030482783394,1.288696860659));
#1859 = CARTESIAN_POINT('',(1.038943524122,1.239922722059));
#1860 = CARTESIAN_POINT('',(1.047641033384,1.222379088832));
#1861 = CARTESIAN_POINT('',(1.05636319827,1.237898099762));
#1862 = CARTESIAN_POINT('',(1.064893968863,1.285641180784));
#1863 = CARTESIAN_POINT('',(1.073032057088,1.362120433564));
#1864 = CARTESIAN_POINT('',(1.089381810602,1.575923249195));
#1865 = CARTESIAN_POINT('',(1.097423140749,1.721225079824));
#1866 = CARTESIAN_POINT('',(1.104693523322,1.890845704959));
#1867 = CARTESIAN_POINT('',(1.111182347645,2.079569354672));
#1868 = CARTESIAN_POINT('',(1.116896007012,2.282948986807));
#1869 = CARTESIAN_POINT('',(1.12185226179,2.497164943171));
#1870 = CARTESIAN_POINT('',(1.130590479152,2.955886780122));
#1871 = CARTESIAN_POINT('',(1.134290226063,3.202563408947));
#1872 = CARTESIAN_POINT('',(1.137210586952,3.456021682896));
#1873 = CARTESIAN_POINT('',(1.139380238487,3.714075501835));
#1874 = CARTESIAN_POINT('',(1.140819926724,3.975031376904));
#1875 = CARTESIAN_POINT('',(1.141540338107,4.23745596771));
#1876 = CARTESIAN_POINT('',(1.141540338107,4.5));
#1877 = ( GEOMETRIC_REPRESENTATION_CONTEXT(2) 
PARAMETRIC_REPRESENTATION_CONTEXT() REPRESENTATION_CONTEXT('2D SPACE',''
  ) );
#1878 = PCURVE('',#1879,#1884);
#1879 = CYLINDRICAL_SURFACE('',#1880,3.25);
#1880 = AXIS2_PLACEMENT_3D('',#1881,#1882,#1883);
#1881 = CARTESIAN_POINT('',(17.,-1.4,-29.44486372867));
#1882 = DIRECTION('',(0.5,0.,-0.866025403784));
#1883 = DIRECTION('',(-0.866025403784,0.,-0.5));
#1884 = DEFINITIONAL_REPRESENTATION('',(#1885),#1948);
#1885 = B_SPLINE_CURVE_WITH_KNOTS('',7,(#1886,#1887,#1888,#1889,#1890,
    #1891,#1892,#1893,#1894,#1895,#1896,#1897,#1898,#1899,#1900,#1901,
    #1902,#1903,#1904,#1905,#1906,#1907,#1908,#1909,#1910,#1911,#1912,
    #1913,#1914,#1915,#1916,#1917,#1918,#1919,#1920,#1921,#1922,#1923,
    #1924,#1925,#1926,#1927,#1928,#1929,#1930,#1931,#1932,#1933,#1934,
    #1935,#1936,#1937,#1938,#1939,#1940,#1941,#1942,#1943,#1944,#1945,
    #1946,#1947),.UNSPECIFIED.,.F.,.F.,(8,6,6,6,6,6,6,6,6,6,8),(0.,
    9.30051505582E-02,0.184588767449,0.269894997408,0.375586580227,
    0.474099799418,0.586529547356,0.676002134701,0.771438537547,
    0.881949200341,1.),.UNSPECIFIED.);
#1886 = CARTESIAN_POINT('',(0.,0.346579160085));
#1887 = CARTESIAN_POINT('',(8.285544212838E-02,0.346579160085));
#1888 = CARTESIAN_POINT('',(0.165711443011,0.349042076715));
#1889 = CARTESIAN_POINT('',(0.248566187619,0.353968667608));
#1890 = CARTESIAN_POINT('',(0.331419021807,0.36119021649));
#1891 = CARTESIAN_POINT('',(0.414273877596,0.370374824284));
#1892 = CARTESIAN_POINT('',(0.497133765806,0.381062072561));
#1893 = CARTESIAN_POINT('',(0.661572549346,0.404211768366));
#1894 = CARTESIAN_POINT('',(0.745458605778,0.416969211686));
#1895 = CARTESIAN_POINT('',(0.831850458781,0.430622997492));
#1896 = CARTESIAN_POINT('',(0.920983652247,0.444631005013));
#1897 = CARTESIAN_POINT('',(1.013162332925,0.458271134097));
#1898 = CARTESIAN_POINT('',(1.10875654773,0.470634821383));
#1899 = CARTESIAN_POINT('',(1.301029876804,0.490163505944));
#1900 = CARTESIAN_POINT('',(1.397391346656,0.4976470905));
#1901 = CARTESIAN_POINT('',(1.495748118544,0.502182027262));
#1902 = CARTESIAN_POINT('',(1.594858558695,0.503011987675));
#1903 = CARTESIAN_POINT('',(1.693623747443,0.500038910091));
#1904 = CARTESIAN_POINT('',(1.79083926775,0.493851078945));
#1905 = CARTESIAN_POINT('',(2.00156258909,0.474882578024));
#1906 = CARTESIAN_POINT('',(2.112747605253,0.460939493445));
#1907 = CARTESIAN_POINT('',(2.219386384484,0.445057574329));
#1908 = CARTESIAN_POINT('',(2.322027505415,0.42868309883));
#1909 = CARTESIAN_POINT('',(2.421122476538,0.412918770747));
#1910 = CARTESIAN_POINT('',(2.516997427539,0.398550428692));
#1911 = CARTESIAN_POINT('',(2.696567221917,0.374446770845));
#1912 = CARTESIAN_POINT('',(2.781160991774,0.364394091692));
#1913 = CARTESIAN_POINT('',(2.864231480707,0.356310415215));
#1914 = CARTESIAN_POINT('',(2.946219195037,0.350431815034));
#1915 = CARTESIAN_POINT('',(3.027543161798,0.346888377371));
#1916 = CARTESIAN_POINT('',(3.108630351202,0.345731646735));
#1917 = CARTESIAN_POINT('',(3.282703461001,0.348314919984));
#1918 = CARTESIAN_POINT('',(3.375620929488,0.352767583359));
#1919 = CARTESIAN_POINT('',(3.469392593077,0.360245868058));
#1920 = CARTESIAN_POINT('',(3.564666167782,0.370576017533));
#1921 = CARTESIAN_POINT('',(3.662123349024,0.38343984128));
#1922 = CARTESIAN_POINT('',(3.762464726445,0.398266878272));
#1923 = CARTESIAN_POINT('',(3.949427906246,0.426749368296));
#1924 = CARTESIAN_POINT('',(4.032287369617,0.439663175417));
#1925 = CARTESIAN_POINT('',(4.115143783518,0.452301499926));
#1926 = CARTESIAN_POINT('',(4.197996573289,0.464077098956));
#1927 = CARTESIAN_POINT('',(4.280849669461,0.47445389037));
#1928 = CARTESIAN_POINT('',(4.363706047786,0.483001538913));
#1929 = CARTESIAN_POINT('',(4.53494054778,0.496294309311));
#1930 = CARTESIAN_POINT('',(4.625534596651,0.500920119823));
#1931 = CARTESIAN_POINT('',(4.717171985323,0.502653773253));
#1932 = CARTESIAN_POINT('',(4.808897866236,0.501144746438));
#1933 = CARTESIAN_POINT('',(4.899814638933,0.496546465724));
#1934 = CARTESIAN_POINT('',(4.988911060166,0.489477354808));
#1935 = CARTESIAN_POINT('',(5.174428756443,0.470634821688));
#1936 = CARTESIAN_POINT('',(5.270022981289,0.458271133394));
#1937 = CARTESIAN_POINT('',(5.362201650183,0.444631005345));
#1938 = CARTESIAN_POINT('',(5.451334845556,0.430622998117));
#1939 = CARTESIAN_POINT('',(5.537726707093,0.416969210812));
#1940 = CARTESIAN_POINT('',(5.621612755311,0.404211768721));
#1941 = CARTESIAN_POINT('',(5.790351810283,0.380456680603));
#1942 = CARTESIAN_POINT('',(5.875285822052,0.369581406926));
#1943 = CARTESIAN_POINT('',(5.95851939672,0.360538761632));
#1944 = CARTESIAN_POINT('',(6.040502449738,0.353599280905));
#1945 = CARTESIAN_POINT('',(6.121656086037,0.348920570267));
#1946 = CARTESIAN_POINT('',(6.202402528013,0.346579160085));
#1947 = CARTESIAN_POINT('',(6.28318530718,0.346579160085));
#1948 = ( GEOMETRIC_REPRESENTATION_CONTEXT(2) 
PARAMETRIC_REPRESENTATION_CONTEXT() REPRESENTATION_CONTEXT('2D SPACE',''
  ) );
#1949 = ADVANCED_FACE('',(#1950),#328,.T.);
#1950 = FACE_BOUND('',#1951,.F.);
#1951 = EDGE_LOOP('',(#1952,#1975,#1976,#1977,#2000,#2031));
#1952 = ORIENTED_EDGE('',*,*,#1953,.T.);
#1953 = EDGE_CURVE('',#1954,#377,#1956,.T.);
#1954 = VERTEX_POINT('',#1955);
#1955 = CARTESIAN_POINT('',(-31.36747525455,5.6,-8.404889663061));
#1956 = SURFACE_CURVE('',#1957,(#1961,#1968),.PCURVE_S1.);
#1957 = LINE('',#1958,#1959);
#1958 = CARTESIAN_POINT('',(-31.36747525455,5.6,-8.404889663061));
#1959 = VECTOR('',#1960,1.);
#1960 = DIRECTION('',(0.,-1.,0.));
#1961 = PCURVE('',#328,#1962);
#1962 = DEFINITIONAL_REPRESENTATION('',(#1963),#1967);
#1963 = LINE('',#1964,#1965);
#1964 = CARTESIAN_POINT('',(-0.101696750484,-5.6));
#1965 = VECTOR('',#1966,1.);
#1966 = DIRECTION('',(-0.,1.));
#1967 = ( GEOMETRIC_REPRESENTATION_CONTEXT(2) 
PARAMETRIC_REPRESENTATION_CONTEXT() REPRESENTATION_CONTEXT('2D SPACE',''
  ) );
#1968 = PCURVE('',#392,#1969);
#1969 = DEFINITIONAL_REPRESENTATION('',(#1970),#1974);
#1970 = LINE('',#1971,#1972);
#1971 = CARTESIAN_POINT('',(2.026000029359,11.5));
#1972 = VECTOR('',#1973,1.);
#1973 = DIRECTION('',(0.,-1.));
#1974 = ( GEOMETRIC_REPRESENTATION_CONTEXT(2) 
PARAMETRIC_REPRESENTATION_CONTEXT() REPRESENTATION_CONTEXT('2D SPACE',''
  ) );
#1975 = ORIENTED_EDGE('',*,*,#458,.F.);
#1976 = ORIENTED_EDGE('',*,*,#311,.F.);
#1977 = ORIENTED_EDGE('',*,*,#1978,.F.);
#1978 = EDGE_CURVE('',#1979,#312,#1981,.T.);
#1979 = VERTEX_POINT('',#1980);
#1980 = CARTESIAN_POINT('',(-31.5344606623,5.6,-8.521013690858));
#1981 = SURFACE_CURVE('',#1982,(#1986,#1993),.PCURVE_S1.);
#1982 = LINE('',#1983,#1984);
#1983 = CARTESIAN_POINT('',(-31.5344606623,5.6,-8.521013690858));
#1984 = VECTOR('',#1985,1.);
#1985 = DIRECTION('',(0.,-1.,0.));
#1986 = PCURVE('',#328,#1987);
#1987 = DEFINITIONAL_REPRESENTATION('',(#1988),#1992);
#1988 = LINE('',#1989,#1990);
#1989 = CARTESIAN_POINT('',(0.101696750477,-5.6));
#1990 = VECTOR('',#1991,1.);
#1991 = DIRECTION('',(-0.,1.));
#1992 = ( GEOMETRIC_REPRESENTATION_CONTEXT(2) 
PARAMETRIC_REPRESENTATION_CONTEXT() REPRESENTATION_CONTEXT('2D SPACE',''
  ) );
#1993 = PCURVE('',#357,#1994);
#1994 = DEFINITIONAL_REPRESENTATION('',(#1995),#1999);
#1995 = LINE('',#1996,#1997);
#1996 = CARTESIAN_POINT('',(5.6658728475,-11.5));
#1997 = VECTOR('',#1998,1.);
#1998 = DIRECTION('',(0.,1.));
#1999 = ( GEOMETRIC_REPRESENTATION_CONTEXT(2) 
PARAMETRIC_REPRESENTATION_CONTEXT() REPRESENTATION_CONTEXT('2D SPACE',''
  ) );
#2000 = ORIENTED_EDGE('',*,*,#2001,.T.);
#2001 = EDGE_CURVE('',#1979,#2002,#2004,.T.);
#2002 = VERTEX_POINT('',#2003);
#2003 = CARTESIAN_POINT('',(-31.44968848145,5.633945801437,
    -8.462061910468));
#2004 = SURFACE_CURVE('',#2005,(#2011,#2020),.PCURVE_S1.);
#2005 = B_SPLINE_CURVE_WITH_KNOTS('',3,(#2006,#2007,#2008,#2009,#2010),
  .UNSPECIFIED.,.F.,.F.,(4,1,4),(0.,0.5,1.),.QUASI_UNIFORM_KNOTS.);
#2006 = CARTESIAN_POINT('',(-31.5344606623,5.6,-8.521013690858));
#2007 = CARTESIAN_POINT('',(-31.52033682207,5.60583172677,
    -8.511191771458));
#2008 = CARTESIAN_POINT('',(-31.49208465687,5.617322403013,
    -8.491544813909));
#2009 = CARTESIAN_POINT('',(-31.46382239151,5.628463582735,
    -8.471890832571));
#2010 = CARTESIAN_POINT('',(-31.44968848145,5.633945801437,
    -8.462061910468));
#2011 = PCURVE('',#328,#2012);
#2012 = DEFINITIONAL_REPRESENTATION('',(#2013),#2019);
#2013 = B_SPLINE_CURVE_WITH_KNOTS('',3,(#2014,#2015,#2016,#2017,#2018),
  .UNSPECIFIED.,.F.,.F.,(4,1,4),(0.,0.5,1.),.QUASI_UNIFORM_KNOTS.);
#2014 = CARTESIAN_POINT('',(0.101696750477,-5.6));
#2015 = CARTESIAN_POINT('',(8.449346696625E-02,-5.60583172677));
#2016 = CARTESIAN_POINT('',(5.008143739199E-02,-5.617322403013));
#2017 = CARTESIAN_POINT('',(1.565710550721E-02,-5.628463582735));
#2018 = CARTESIAN_POINT('',(-1.558443374282E-03,-5.633945801437));
#2019 = ( GEOMETRIC_REPRESENTATION_CONTEXT(2) 
PARAMETRIC_REPRESENTATION_CONTEXT() REPRESENTATION_CONTEXT('2D SPACE',''
  ) );
#2020 = PCURVE('',#2021,#2026);
#2021 = CONICAL_SURFACE('',#2022,4.350000776421,0.785398163397);
#2022 = AXIS2_PLACEMENT_3D('',#2023,#2024,#2025);
#2023 = CARTESIAN_POINT('',(-27.86499384309,5.749999223579,
    -11.1258194922));
#2024 = DIRECTION('',(0.,-1.,0.));
#2025 = DIRECTION('',(0.,0.,-1.));
#2026 = DEFINITIONAL_REPRESENTATION('',(#2027),#2030);
#2027 = B_SPLINE_CURVE_WITH_KNOTS('',1,(#2028,#2029),.UNSPECIFIED.,.F.,
  .F.,(2,2),(0.,1.),.PIECEWISE_BEZIER_KNOTS.);
#2028 = CARTESIAN_POINT('',(4.095076520705,0.149999223578));
#2029 = CARTESIAN_POINT('',(4.073323729671,0.116053422143));
#2030 = ( GEOMETRIC_REPRESENTATION_CONTEXT(2) 
PARAMETRIC_REPRESENTATION_CONTEXT() REPRESENTATION_CONTEXT('2D SPACE',''
  ) );
#2031 = ORIENTED_EDGE('',*,*,#2032,.F.);
#2032 = EDGE_CURVE('',#1954,#2002,#2033,.T.);
#2033 = SURFACE_CURVE('',#2034,(#2038,#2045),.PCURVE_S1.);
#2034 = LINE('',#2035,#2036);
#2035 = CARTESIAN_POINT('',(-31.36747525455,5.6,-8.404889663061));
#2036 = VECTOR('',#2037,1.);
#2037 = DIRECTION('',(-0.777536583733,0.321044477619,-0.540710000228));
#2038 = PCURVE('',#328,#2039);
#2039 = DEFINITIONAL_REPRESENTATION('',(#2040),#2044);
#2040 = LINE('',#2041,#2042);
#2041 = CARTESIAN_POINT('',(-0.101696750484,-5.6));
#2042 = VECTOR('',#2043,1.);
#2043 = DIRECTION('',(0.947064117888,-0.321044477619));
#2044 = ( GEOMETRIC_REPRESENTATION_CONTEXT(2) 
PARAMETRIC_REPRESENTATION_CONTEXT() REPRESENTATION_CONTEXT('2D SPACE',''
  ) );
#2045 = PCURVE('',#2046,#2051);
#2046 = PLANE('',#2047);
#2047 = AXIS2_PLACEMENT_3D('',#2048,#2049,#2050);
#2048 = CARTESIAN_POINT('',(-30.42576511892,5.75,-8.307850619776));
#2049 = DIRECTION('',(-0.183012701892,0.707106781187,0.683012701892));
#2050 = DIRECTION('',(-0.183012701892,-0.707106781187,0.683012701892));
#2051 = DEFINITIONAL_REPRESENTATION('',(#2052),#2056);
#2052 = LINE('',#2053,#2054);
#2053 = CARTESIAN_POINT('',(0.212132034356,-0.934737693404));
#2054 = VECTOR('',#2055,1.);
#2055 = DIRECTION('',(-0.454025454374,-0.890988713049));
#2056 = ( GEOMETRIC_REPRESENTATION_CONTEXT(2) 
PARAMETRIC_REPRESENTATION_CONTEXT() REPRESENTATION_CONTEXT('2D SPACE',''
  ) );
#2057 = ADVANCED_FACE('',(#2058),#357,.T.);
#2058 = FACE_BOUND('',#2059,.T.);
#2059 = EDGE_LOOP('',(#2060,#2061,#2062,#2063));
#2060 = ORIENTED_EDGE('',*,*,#764,.F.);
#2061 = ORIENTED_EDGE('',*,*,#342,.F.);
#2062 = ORIENTED_EDGE('',*,*,#1978,.F.);
#2063 = ORIENTED_EDGE('',*,*,#2064,.F.);
#2064 = EDGE_CURVE('',#765,#1979,#2065,.T.);
#2065 = SURFACE_CURVE('',#2066,(#2071,#2078),.PCURVE_S1.);
#2066 = CIRCLE('',#2067,4.5);
#2067 = AXIS2_PLACEMENT_3D('',#2068,#2069,#2070);
#2068 = CARTESIAN_POINT('',(-27.86499384309,5.6,-11.1258194922));
#2069 = DIRECTION('',(0.,1.,0.));
#2070 = DIRECTION('',(-0.944573900839,0.,-0.328298866665));
#2071 = PCURVE('',#357,#2072);
#2072 = DEFINITIONAL_REPRESENTATION('',(#2073),#2077);
#2073 = LINE('',#2074,#2075);
#2074 = CARTESIAN_POINT('',(6.617687364214,-11.5));
#2075 = VECTOR('',#2076,1.);
#2076 = DIRECTION('',(-1.,0.));
#2077 = ( GEOMETRIC_REPRESENTATION_CONTEXT(2) 
PARAMETRIC_REPRESENTATION_CONTEXT() REPRESENTATION_CONTEXT('2D SPACE',''
  ) );
#2078 = PCURVE('',#2021,#2079);
#2079 = DEFINITIONAL_REPRESENTATION('',(#2080),#2084);
#2080 = LINE('',#2081,#2082);
#2081 = CARTESIAN_POINT('',(5.04689103742,0.149999223579));
#2082 = VECTOR('',#2083,1.);
#2083 = DIRECTION('',(-1.,0.));
#2084 = ( GEOMETRIC_REPRESENTATION_CONTEXT(2) 
PARAMETRIC_REPRESENTATION_CONTEXT() REPRESENTATION_CONTEXT('2D SPACE',''
  ) );
#2085 = ADVANCED_FACE('',(#2086),#392,.T.);
#2086 = FACE_BOUND('',#2087,.T.);
#2087 = EDGE_LOOP('',(#2088,#2111,#2112,#2113,#2136));
#2088 = ORIENTED_EDGE('',*,*,#2089,.F.);
#2089 = EDGE_CURVE('',#1954,#2090,#2092,.T.);
#2090 = VERTEX_POINT('',#2091);
#2091 = CARTESIAN_POINT('',(-30.13687686152,5.600000053871,
    -8.075141379512));
#2092 = SURFACE_CURVE('',#2093,(#2097,#2104),.PCURVE_S1.);
#2093 = LINE('',#2094,#2095);
#2094 = CARTESIAN_POINT('',(-31.36747525455,5.6,-8.404889663061));
#2095 = VECTOR('',#2096,1.);
#2096 = DIRECTION('',(0.965923778019,4.228417874288E-08,0.258826689229)
  );
#2097 = PCURVE('',#392,#2098);
#2098 = DEFINITIONAL_REPRESENTATION('',(#2099),#2103);
#2099 = LINE('',#2100,#2101);
#2100 = CARTESIAN_POINT('',(2.026000029359,11.5));
#2101 = VECTOR('',#2102,1.);
#2102 = DIRECTION('',(1.,4.22841787442E-08));
#2103 = ( GEOMETRIC_REPRESENTATION_CONTEXT(2) 
PARAMETRIC_REPRESENTATION_CONTEXT() REPRESENTATION_CONTEXT('2D SPACE',''
  ) );
#2104 = PCURVE('',#2046,#2105);
#2105 = DEFINITIONAL_REPRESENTATION('',(#2106),#2110);
#2106 = LINE('',#2107,#2108);
#2107 = CARTESIAN_POINT('',(0.212132034356,-0.934737693404));
#2108 = VECTOR('',#2109,1.);
#2109 = DIRECTION('',(5.56599562207E-06,0.999999999985));
#2110 = ( GEOMETRIC_REPRESENTATION_CONTEXT(2) 
PARAMETRIC_REPRESENTATION_CONTEXT() REPRESENTATION_CONTEXT('2D SPACE',''
  ) );
#2111 = ORIENTED_EDGE('',*,*,#1953,.T.);
#2112 = ORIENTED_EDGE('',*,*,#374,.F.);
#2113 = ORIENTED_EDGE('',*,*,#2114,.F.);
#2114 = EDGE_CURVE('',#2115,#375,#2117,.T.);
#2115 = VERTEX_POINT('',#2116);
#2116 = CARTESIAN_POINT('',(-29.74914322705,5.198586041672,
    -7.971248465279));
#2117 = SURFACE_CURVE('',#2118,(#2122,#2129),.PCURVE_S1.);
#2118 = LINE('',#2119,#2120);
#2119 = CARTESIAN_POINT('',(-29.74914322705,5.198586041672,
    -7.971248465279));
#2120 = VECTOR('',#2121,1.);
#2121 = DIRECTION('',(3.617703867489E-06,-0.999999999993,
    2.75953524331E-09));
#2122 = PCURVE('',#392,#2123);
#2123 = DEFINITIONAL_REPRESENTATION('',(#2124),#2128);
#2124 = LINE('',#2125,#2126);
#2125 = CARTESIAN_POINT('',(3.701423330959,11.098586041672));
#2126 = VECTOR('',#2127,1.);
#2127 = DIRECTION('',(3.495147817751E-06,-0.999999999994));
#2128 = ( GEOMETRIC_REPRESENTATION_CONTEXT(2) 
PARAMETRIC_REPRESENTATION_CONTEXT() REPRESENTATION_CONTEXT('2D SPACE',''
  ) );
#2129 = PCURVE('',#420,#2130);
#2130 = DEFINITIONAL_REPRESENTATION('',(#2131),#2135);
#2131 = LINE('',#2132,#2133);
#2132 = CARTESIAN_POINT('',(0.211130307961,-5.198586041672));
#2133 = VECTOR('',#2134,1.);
#2134 = DIRECTION('',(-3.140427632693E-06,0.999999999995));
#2135 = ( GEOMETRIC_REPRESENTATION_CONTEXT(2) 
PARAMETRIC_REPRESENTATION_CONTEXT() REPRESENTATION_CONTEXT('2D SPACE',''
  ) );
#2136 = ORIENTED_EDGE('',*,*,#2137,.T.);
#2137 = EDGE_CURVE('',#2115,#2090,#2138,.T.);
#2138 = SURFACE_CURVE('',#2139,(#2143,#2150),.PCURVE_S1.);
#2139 = LINE('',#2140,#2141);
#2140 = CARTESIAN_POINT('',(-29.74914322705,5.198586041672,
    -7.971248465279));
#2141 = VECTOR('',#2142,1.);
#2142 = DIRECTION('',(-0.68301047622,0.707109085365,-0.183012105525));
#2143 = PCURVE('',#392,#2144);
#2144 = DEFINITIONAL_REPRESENTATION('',(#2145),#2149);
#2145 = LINE('',#2146,#2147);
#2146 = CARTESIAN_POINT('',(3.701423330959,11.098586041672));
#2147 = VECTOR('',#2148,1.);
#2148 = DIRECTION('',(-0.707104477001,0.707109085365));
#2149 = ( GEOMETRIC_REPRESENTATION_CONTEXT(2) 
PARAMETRIC_REPRESENTATION_CONTEXT() REPRESENTATION_CONTEXT('2D SPACE',''
  ) );
#2150 = PCURVE('',#2151,#2156);
#2151 = CONICAL_SURFACE('',#2152,30.99997276681,0.785394904791);
#2152 = AXIS2_PLACEMENT_3D('',#2153,#2154,#2155);
#2153 = CARTESIAN_POINT('',(-5.849063911846E-05,5.399976107252,
    -4.456902764094E-05));
#2154 = DIRECTION('',(0.,1.,0.));
#2155 = DIRECTION('',(0.,0.,-1.));
#2156 = DEFINITIONAL_REPRESENTATION('',(#2157),#2161);
#2157 = LINE('',#2158,#2159);
#2158 = CARTESIAN_POINT('',(7.592183479811,-0.201427754379));
#2159 = VECTOR('',#2160,1.);
#2160 = DIRECTION('',(-3.953945560997E-08,1.));
#2161 = ( GEOMETRIC_REPRESENTATION_CONTEXT(2) 
PARAMETRIC_REPRESENTATION_CONTEXT() REPRESENTATION_CONTEXT('2D SPACE',''
  ) );
#2162 = ADVANCED_FACE('',(#2163),#420,.T.);
#2163 = FACE_BOUND('',#2164,.T.);
#2164 = EDGE_LOOP('',(#2165,#2166,#2167,#2168,#2191));
#2165 = ORIENTED_EDGE('',*,*,#2114,.T.);
#2166 = ORIENTED_EDGE('',*,*,#404,.T.);
#2167 = ORIENTED_EDGE('',*,*,#484,.T.);
#2168 = ORIENTED_EDGE('',*,*,#2169,.F.);
#2169 = EDGE_CURVE('',#2170,#485,#2172,.T.);
#2170 = VERTEX_POINT('',#2171);
#2171 = CARTESIAN_POINT('',(-29.38248356189,4.899965855356,
    -8.180570782059));
#2172 = SURFACE_CURVE('',#2173,(#2177,#2184),.PCURVE_S1.);
#2173 = LINE('',#2174,#2175);
#2174 = CARTESIAN_POINT('',(-29.38247904784,4.900004555835,
    -8.180561719017));
#2175 = VECTOR('',#2176,1.);
#2176 = DIRECTION('',(-8.898613084708E-06,-0.99999999996,
    7.78890632737E-07));
#2177 = PCURVE('',#420,#2178);
#2178 = DEFINITIONAL_REPRESENTATION('',(#2179),#2183);
#2179 = LINE('',#2180,#2181);
#2180 = CARTESIAN_POINT('',(-0.211071845608,-4.900004555835));
#2181 = VECTOR('',#2182,1.);
#2182 = DIRECTION('',(8.114158119609E-06,0.999999999967));
#2183 = ( GEOMETRIC_REPRESENTATION_CONTEXT(2) 
PARAMETRIC_REPRESENTATION_CONTEXT() REPRESENTATION_CONTEXT('2D SPACE',''
  ) );
#2184 = PCURVE('',#527,#2185);
#2185 = DEFINITIONAL_REPRESENTATION('',(#2186),#2190);
#2186 = LINE('',#2187,#2188);
#2187 = CARTESIAN_POINT('',(2.870053098595,10.800004555835));
#2188 = VECTOR('',#2189,1.);
#2189 = DIRECTION('',(1.02855086817E-07,-1.));
#2190 = ( GEOMETRIC_REPRESENTATION_CONTEXT(2) 
PARAMETRIC_REPRESENTATION_CONTEXT() REPRESENTATION_CONTEXT('2D SPACE',''
  ) );
#2191 = ORIENTED_EDGE('',*,*,#2192,.T.);
#2192 = EDGE_CURVE('',#2170,#2115,#2193,.T.);
#2193 = SURFACE_CURVE('',#2194,(#2200,#2209),.PCURVE_S1.);
#2194 = B_SPLINE_CURVE_WITH_KNOTS('',3,(#2195,#2196,#2197,#2198,#2199),
  .UNSPECIFIED.,.F.,.F.,(4,1,4),(0.,0.5,1.),.QUASI_UNIFORM_KNOTS.);
#2195 = CARTESIAN_POINT('',(-29.38247904784,4.900004555835,
    -8.180561719017));
#2196 = CARTESIAN_POINT('',(-29.44330549731,4.949289088628,
    -8.145837430833));
#2197 = CARTESIAN_POINT('',(-29.56515453357,5.048370849997,
    -8.076241359796));
#2198 = CARTESIAN_POINT('',(-29.68774578171,5.148351915841,
    -8.006298720629));
#2199 = CARTESIAN_POINT('',(-29.74914322705,5.198586041672,
    -7.971248465279));
#2200 = PCURVE('',#420,#2201);
#2201 = DEFINITIONAL_REPRESENTATION('',(#2202),#2208);
#2202 = B_SPLINE_CURVE_WITH_KNOTS('',3,(#2203,#2204,#2205,#2206,#2207),
  .UNSPECIFIED.,.F.,.F.,(4,1,4),(0.,0.5,1.),.QUASI_UNIFORM_KNOTS.);
#2203 = CARTESIAN_POINT('',(-0.211071845608,-4.900004555835));
#2204 = CARTESIAN_POINT('',(-0.141031620415,-4.949289088628));
#2205 = CARTESIAN_POINT('',(-7.077101594781E-04,-5.048370849997));
#2206 = CARTESIAN_POINT('',(0.140432594459,-5.148351915841));
#2207 = CARTESIAN_POINT('',(0.211130307961,-5.198586041672));
#2208 = ( GEOMETRIC_REPRESENTATION_CONTEXT(2) 
PARAMETRIC_REPRESENTATION_CONTEXT() REPRESENTATION_CONTEXT('2D SPACE',''
  ) );
#2209 = PCURVE('',#2151,#2210);
#2210 = DEFINITIONAL_REPRESENTATION('',(#2211),#2214);
#2211 = B_SPLINE_CURVE_WITH_KNOTS('',1,(#2212,#2213),.UNSPECIFIED.,.F.,
  .F.,(2,2),(0.,1.),.PIECEWISE_BEZIER_KNOTS.);
#2212 = CARTESIAN_POINT('',(7.582442972356,-0.499994291271));
#2213 = CARTESIAN_POINT('',(7.592183479811,-0.201427754379));
#2214 = ( GEOMETRIC_REPRESENTATION_CONTEXT(2) 
PARAMETRIC_REPRESENTATION_CONTEXT() REPRESENTATION_CONTEXT('2D SPACE',''
  ) );
#2215 = ADVANCED_FACE('',(#2216,#2264,#2602,#2755),#527,.F.);
#2216 = FACE_BOUND('',#2217,.F.);
#2217 = EDGE_LOOP('',(#2218,#2241,#2262,#2263));
#2218 = ORIENTED_EDGE('',*,*,#2219,.F.);
#2219 = EDGE_CURVE('',#2220,#2170,#2222,.T.);
#2220 = VERTEX_POINT('',#2221);
#2221 = CARTESIAN_POINT('',(29.38237499607,4.899965855356,
    -8.180540555724));
#2222 = SURFACE_CURVE('',#2223,(#2228,#2234),.PCURVE_S1.);
#2223 = CIRCLE('',#2224,30.49996577358);
#2224 = AXIS2_PLACEMENT_3D('',#2225,#2226,#2227);
#2225 = CARTESIAN_POINT('',(-5.849063911846E-05,4.899965855356,
    -4.456902764094E-05));
#2226 = DIRECTION('',(0.,1.,0.));
#2227 = DIRECTION('',(0.963359556035,0.,-0.268213284153));
#2228 = PCURVE('',#527,#2229);
#2229 = DEFINITIONAL_REPRESENTATION('',(#2230),#2233);
#2230 = B_SPLINE_CURVE_WITH_KNOTS('',1,(#2231,#2232),.UNSPECIFIED.,.F.,
  .F.,(2,2),(0.,2.598515865943),.PIECEWISE_BEZIER_KNOTS.);
#2231 = CARTESIAN_POINT('',(0.271539801565,10.799965855356));
#2232 = CARTESIAN_POINT('',(2.870052852031,10.799965855356));
#2233 = ( GEOMETRIC_REPRESENTATION_CONTEXT(2) 
PARAMETRIC_REPRESENTATION_CONTEXT() REPRESENTATION_CONTEXT('2D SPACE',''
  ) );
#2234 = PCURVE('',#2151,#2235);
#2235 = DEFINITIONAL_REPRESENTATION('',(#2236),#2240);
#2236 = LINE('',#2237,#2238);
#2237 = CARTESIAN_POINT('',(4.983926859848,-0.500010251894));
#2238 = VECTOR('',#2239,1.);
#2239 = DIRECTION('',(1.,0.));
#2240 = ( GEOMETRIC_REPRESENTATION_CONTEXT(2) 
PARAMETRIC_REPRESENTATION_CONTEXT() REPRESENTATION_CONTEXT('2D SPACE',''
  ) );
#2241 = ORIENTED_EDGE('',*,*,#2242,.T.);
#2242 = EDGE_CURVE('',#2220,#511,#2243,.T.);
#2243 = SURFACE_CURVE('',#2244,(#2248,#2255),.PCURVE_S1.);
#2244 = LINE('',#2245,#2246);
#2245 = CARTESIAN_POINT('',(29.38244006492,4.900004548257,
    -8.180561651831));
#2246 = VECTOR('',#2247,1.);
#2247 = DIRECTION('',(-1.580177271675E-06,-0.999999999998,
    7.237364811597E-07));
#2248 = PCURVE('',#527,#2249);
#2249 = DEFINITIONAL_REPRESENTATION('',(#2250),#2254);
#2250 = LINE('',#2251,#2252);
#2251 = CARTESIAN_POINT('',(0.271539895686,10.800004548257));
#2252 = VECTOR('',#2253,1.);
#2253 = DIRECTION('',(-8.963629916201E-09,-1.));
#2254 = ( GEOMETRIC_REPRESENTATION_CONTEXT(2) 
PARAMETRIC_REPRESENTATION_CONTEXT() REPRESENTATION_CONTEXT('2D SPACE',''
  ) );
#2255 = PCURVE('',#555,#2256);
#2256 = DEFINITIONAL_REPRESENTATION('',(#2257),#2261);
#2257 = LINE('',#2258,#2259);
#2258 = CARTESIAN_POINT('',(0.211105667024,-4.900004548257));
#2259 = VECTOR('',#2260,1.);
#2260 = DIRECTION('',(1.013493869152E-06,0.999999999999));
#2261 = ( GEOMETRIC_REPRESENTATION_CONTEXT(2) 
PARAMETRIC_REPRESENTATION_CONTEXT() REPRESENTATION_CONTEXT('2D SPACE',''
  ) );
#2262 = ORIENTED_EDGE('',*,*,#510,.F.);
#2263 = ORIENTED_EDGE('',*,*,#2169,.F.);
#2264 = FACE_BOUND('',#2265,.F.);
#2265 = EDGE_LOOP('',(#2266));
#2266 = ORIENTED_EDGE('',*,*,#2267,.F.);
#2267 = EDGE_CURVE('',#2268,#2268,#2270,.T.);
#2268 = VERTEX_POINT('',#2269);
#2269 = CARTESIAN_POINT('',(27.20009478656,-1.4,-13.79872615868));
#2270 = SURFACE_CURVE('',#2271,(#2298,#2393),.PCURVE_S1.);
#2271 = B_SPLINE_CURVE_WITH_KNOTS('',3,(#2272,#2273,#2274,#2275,#2276,
    #2277,#2278,#2279,#2280,#2281,#2282,#2283,#2284,#2285,#2286,#2287,
    #2288,#2289,#2290,#2291,#2292,#2293,#2294,#2295,#2296,#2297),
  .UNSPECIFIED.,.T.,.F.,(4,1,1,1,1,1,1,1,1,1,1,2,1,1,1,1,1,1,1,1,1,1,4),
  (0.,9.090909090909E-02,0.181818181818,0.272727272727,0.363636363636,
    0.454545454545,0.545454545455,0.636363636364,0.727272727273,
    0.818181818182,0.909090909091,1.,1.090944016698,1.181888033395,
    1.272832050093,1.36377606679,1.454720083488,1.545664100185,
    1.636608116883,1.72755213358,1.818496150278,1.909440166975,
    2.000384183673),.UNSPECIFIED.);
#2272 = CARTESIAN_POINT('',(27.20009478656,-1.4,-13.79872615868));
#2273 = CARTESIAN_POINT('',(27.20009478656,-1.559563491065,
    -13.79872615868));
#2274 = CARTESIAN_POINT('',(27.18006308453,-1.865451044651,
    -13.83831351921));
#2275 = CARTESIAN_POINT('',(27.09069663199,-2.301438704666,
    -14.01307262642));
#2276 = CARTESIAN_POINT('',(26.94485592301,-2.663997930137,
    -14.29220627396));
#2277 = CARTESIAN_POINT('',(26.75703364403,-2.920002895239,
    -14.64154371531));
#2278 = CARTESIAN_POINT('',(26.53142627847,-3.056121319306,
    -15.04686441295));
#2279 = CARTESIAN_POINT('',(26.29599546985,-3.055812531439,
    -15.45461048822));
#2280 = CARTESIAN_POINT('',(26.05837130546,-2.919941996771,
    -15.85165278322));
#2281 = CARTESIAN_POINT('',(25.84942158403,-2.663242756851,
    -16.18949601446));
#2282 = CARTESIAN_POINT('',(25.6812640417,-2.302008321663,
    -16.45431847158));
#2283 = CARTESIAN_POINT('',(25.57428439318,-1.865251847444,
    -16.61959132919));
#2284 = CARTESIAN_POINT('',(25.55009478656,-1.559502212919,
    -16.65660999117));
#2285 = CARTESIAN_POINT('',(25.55009478656,-1.240436508935,
    -16.65660999117));
#2286 = CARTESIAN_POINT('',(25.57436259544,-0.934548955349,
    -16.61946834806));
#2287 = CARTESIAN_POINT('',(25.68102519555,-0.498561295334,
    -16.45469517631));
#2288 = CARTESIAN_POINT('',(25.84984167088,-0.136002069863,
    -16.18882659365));
#2289 = CARTESIAN_POINT('',(26.0584656301,0.120002895239,-15.85149900799
    ));
#2290 = CARTESIAN_POINT('',(26.29667996815,0.256121319306,
    -15.45345694931));
#2291 = CARTESIAN_POINT('',(26.53208302332,0.255812531439,
    -15.04569485058));
#2292 = CARTESIAN_POINT('',(26.75711965497,0.119941996771,
    -14.64138514017));
#2293 = CARTESIAN_POINT('',(26.94522561501,-0.136757243148,
    -14.29150775767));
#2294 = CARTESIAN_POINT('',(27.0904898192,-0.497991678338,
    -14.01346782562));
#2295 = CARTESIAN_POINT('',(27.18013048819,-0.934748152556,
    -13.83818430351));
#2296 = CARTESIAN_POINT('',(27.20009478656,-1.240497787081,
    -13.79872615868));
#2297 = CARTESIAN_POINT('',(27.20009478656,-1.4,-13.79872615868));
#2298 = PCURVE('',#527,#2299);
#2299 = DEFINITIONAL_REPRESENTATION('',(#2300),#2392);
#2300 = B_SPLINE_CURVE_WITH_KNOTS('',3,(#2301,#2302,#2303,#2304,#2305,
    #2306,#2307,#2308,#2309,#2310,#2311,#2312,#2313,#2314,#2315,#2316,
    #2317,#2318,#2319,#2320,#2321,#2322,#2323,#2324,#2325,#2326,#2327,
    #2328,#2329,#2330,#2331,#2332,#2333,#2334,#2335,#2336,#2337,#2338,
    #2339,#2340,#2341,#2342,#2343,#2344,#2345,#2346,#2347,#2348,#2349,
    #2350,#2351,#2352,#2353,#2354,#2355,#2356,#2357,#2358,#2359,#2360,
    #2361,#2362,#2363,#2364,#2365,#2366,#2367,#2368,#2369,#2370,#2371,
    #2372,#2373,#2374,#2375,#2376,#2377,#2378,#2379,#2380,#2381,#2382,
    #2383,#2384,#2385,#2386,#2387,#2388,#2389,#2390,#2391),
  .UNSPECIFIED.,.T.,.F.,(4,1,1,1,1,1,1,1,1,1,1,1,1,1,1,1,1,1,1,1,1,1,1,1
    ,1,1,1,1,1,1,1,1,1,1,1,1,1,1,1,1,1,1,1,1,1,1,1,1,1,1,1,1,1,1,1,1,1,1
    ,1,1,1,1,1,1,1,1,1,1,1,1,1,1,1,1,1,1,1,1,1,1,1,1,1,1,1,1,1,1,4),(0.,
    2.273163845083E-02,4.546327690166E-02,6.819491535249E-02,
    9.092655380332E-02,0.113658192254,0.136389830705,0.159121469156,
    0.181853107607,0.204584746057,0.227316384508,0.250048022959,
    0.27277966141,0.295511299861,0.318242938312,0.340974576762,
    0.363706215213,0.386437853664,0.409169492115,0.431901130566,
    0.454632769017,0.477364407467,0.500096045918,0.522827684369,
    0.54555932282,0.568290961271,0.591022599722,0.613754238172,
    0.636485876623,0.659217515074,0.681949153525,0.704680791976,
    0.727412430427,0.750144068877,0.772875707328,0.795607345779,
    0.81833898423,0.841070622681,0.863802261132,0.886533899582,
    0.909265538033,0.931997176484,0.954728814935,0.977460453386,
    1.000192091837,1.022923730287,1.045655368738,1.068387007189,
    1.09111864564,1.113850284091,1.136581922542,1.159313560992,
    1.182045199443,1.204776837894,1.227508476345,1.250240114796,
    1.272971753246,1.295703391697,1.318435030148,1.341166668599,
    1.36389830705,1.386629945501,1.409361583951,1.432093222402,
    1.454824860853,1.477556499304,1.500288137755,1.523019776206,
    1.545751414656,1.568483053107,1.591214691558,1.613946330009,
    1.63667796846,1.659409606911,1.682141245361,1.704872883812,
    1.727604522263,1.750336160714,1.773067799165,1.795799437616,
    1.818531076066,1.841262714517,1.863994352968,1.886725991419,
    1.90945762987,1.932189268321,1.954920906771,1.977652545222,
    2.000384183673),.QUASI_UNIFORM_KNOTS.);
#2301 = CARTESIAN_POINT('',(0.469473992459,4.5));
#2302 = CARTESIAN_POINT('',(0.469473992496,4.460101464523));
#2303 = CARTESIAN_POINT('',(0.46956494325,4.381132177171));
#2304 = CARTESIAN_POINT('',(0.469972494916,4.264897766604));
#2305 = CARTESIAN_POINT('',(0.470649445149,4.150619096197));
#2306 = CARTESIAN_POINT('',(0.471594068601,4.038032210478));
#2307 = CARTESIAN_POINT('',(0.472804637448,3.926873804611));
#2308 = CARTESIAN_POINT('',(0.474275464771,3.817935239235));
#2309 = CARTESIAN_POINT('',(0.476000869147,3.712007200105));
#2310 = CARTESIAN_POINT('',(0.477975177365,3.609880638613));
#2311 = CARTESIAN_POINT('',(0.480192704582,3.512346118482));
#2312 = CARTESIAN_POINT('',(0.482634479982,3.419921275273));
#2313 = CARTESIAN_POINT('',(0.485281557305,3.333124036135));
#2314 = CARTESIAN_POINT('',(0.488114987818,3.252472393081));
#2315 = CARTESIAN_POINT('',(0.491115854219,3.178483787068));
#2316 = CARTESIAN_POINT('',(0.494276756798,3.111366201542));
#2317 = CARTESIAN_POINT('',(0.497590280448,3.051328201291));
#2318 = CARTESIAN_POINT('',(0.501049041858,2.998578165448));
#2319 = CARTESIAN_POINT('',(0.504645610777,2.95332463444));
#2320 = CARTESIAN_POINT('',(0.508349025432,2.91582631298));
#2321 = CARTESIAN_POINT('',(0.512128387882,2.88634172447));
#2322 = CARTESIAN_POINT('',(0.51595277146,2.865129652288));
#2323 = CARTESIAN_POINT('',(0.519791337074,2.852448021193));
#2324 = CARTESIAN_POINT('',(0.523636418724,2.848282655007));
#2325 = CARTESIAN_POINT('',(0.527480271441,2.852620153416));
#2326 = CARTESIAN_POINT('',(0.53131519057,2.865447109733));
#2327 = CARTESIAN_POINT('',(0.535133387802,2.886749366879));
#2328 = CARTESIAN_POINT('',(0.538905405174,2.916295958198));
#2329 = CARTESIAN_POINT('',(0.542601859036,2.953856710223));
#2330 = CARTESIAN_POINT('',(0.546193315252,2.999201264713));
#2331 = CARTESIAN_POINT('',(0.549650432273,3.052099209336));
#2332 = CARTESIAN_POINT('',(0.552964040164,3.112295740839));
#2333 = CARTESIAN_POINT('',(0.556124867349,3.179536092472));
#2334 = CARTESIAN_POINT('',(0.559123665104,3.253565737488));
#2335 = CARTESIAN_POINT('',(0.561951130315,3.334129152578));
#2336 = CARTESIAN_POINT('',(0.564590181793,3.420772012839));
#2337 = CARTESIAN_POINT('',(0.567023770893,3.513040805126));
#2338 = CARTESIAN_POINT('',(0.56923481608,3.61048235577));
#2339 = CARTESIAN_POINT('',(0.571206288419,3.712641321303));
#2340 = CARTESIAN_POINT('',(0.572931206147,3.818677416512));
#2341 = CARTESIAN_POINT('',(0.574402530481,3.927751458834));
#2342 = CARTESIAN_POINT('',(0.575613223763,4.039027496213));
#2343 = CARTESIAN_POINT('',(0.576556274673,4.151655552414));
#2344 = CARTESIAN_POINT('',(0.57723063408,4.265983114624));
#2345 = CARTESIAN_POINT('',(0.57763517677,4.382055927097));
#2346 = CARTESIAN_POINT('',(0.577768933459,4.501022279841));
#2347 = CARTESIAN_POINT('',(0.577630383416,4.61992095856));
#2348 = CARTESIAN_POINT('',(0.57722084364,4.735957841721));
#2349 = CARTESIAN_POINT('',(0.576542149486,4.850215388313));
#2350 = CARTESIAN_POINT('',(0.575595990301,4.962738967953));
#2351 = CARTESIAN_POINT('',(0.574384117581,5.073845726746));
#2352 = CARTESIAN_POINT('',(0.572912225783,5.182724885076));
#2353 = CARTESIAN_POINT('',(0.571185989029,5.288592178399));
#2354 = CARTESIAN_POINT('',(0.56921106278,5.390655854175));
#2355 = CARTESIAN_POINT('',(0.566993170792,5.488127596868));
#2356 = CARTESIAN_POINT('',(0.56455130722,5.580491163596));
#2357 = CARTESIAN_POINT('',(0.561904382474,5.667229061123));
#2358 = CARTESIAN_POINT('',(0.559071334197,5.747823747727));
#2359 = CARTESIAN_POINT('',(0.556071028784,5.821759126049));
#2360 = CARTESIAN_POINT('',(0.552910829371,5.888828199482));
#2361 = CARTESIAN_POINT('',(0.549598152316,5.948822438289));
#2362 = CARTESIAN_POINT('',(0.546140361112,6.00153377659));
#2363 = CARTESIAN_POINT('',(0.542544912738,6.046753826195));
#2364 = CARTESIAN_POINT('',(0.538842767239,6.084224109466));
#2365 = CARTESIAN_POINT('',(0.535064777108,6.113686428638));
#2366 = CARTESIAN_POINT('',(0.531241838882,6.134882257623));
#2367 = CARTESIAN_POINT('',(0.527404743987,6.147554103778));
#2368 = CARTESIAN_POINT('',(0.523561138867,6.151716259115));
#2369 = CARTESIAN_POINT('',(0.519718761742,6.14738206596));
#2370 = CARTESIAN_POINT('',(0.515885310436,6.134564953623));
#2371 = CARTESIAN_POINT('',(0.512068553958,6.113278953169));
#2372 = CARTESIAN_POINT('',(0.508297905319,6.083754662744));
#2373 = CARTESIAN_POINT('',(0.504602719256,6.046222015621));
#2374 = CARTESIAN_POINT('',(0.501012387268,6.0009111077));
#2375 = CARTESIAN_POINT('',(0.497556247097,5.948052049249));
#2376 = CARTESIAN_POINT('',(0.494243487419,5.887899324036));
#2377 = CARTESIAN_POINT('',(0.491083359973,5.820707379202));
#2378 = CARTESIAN_POINT('',(0.488085109969,5.746730579211));
#2379 = CARTESIAN_POINT('',(0.485258010219,5.666223655865));
#2380 = CARTESIAN_POINT('',(0.482619103059,5.57963996078));
#2381 = CARTESIAN_POINT('',(0.480185424914,5.487432512686));
#2382 = CARTESIAN_POINT('',(0.477974026946,5.390054301884));
#2383 = CARTESIAN_POINT('',(0.476001953665,5.287958765283));
#2384 = CARTESIAN_POINT('',(0.474276211948,5.181984150541));
#2385 = CARTESIAN_POINT('',(0.472803825166,5.072968179846));
#2386 = CARTESIAN_POINT('',(0.471591818776,4.961748888017));
#2387 = CARTESIAN_POINT('',(0.470647219563,4.849163584819));
#2388 = CARTESIAN_POINT('',(0.469971109629,4.734932258539));
#2389 = CARTESIAN_POINT('',(0.469564574908,4.618775584334));
#2390 = CARTESIAN_POINT('',(0.469473992496,4.539867896403));
#2391 = CARTESIAN_POINT('',(0.469473992459,4.5));
#2392 = ( GEOMETRIC_REPRESENTATION_CONTEXT(2) 
PARAMETRIC_REPRESENTATION_CONTEXT() REPRESENTATION_CONTEXT('2D SPACE',''
  ) );
#2393 = PCURVE('',#2394,#2399);
#2394 = CYLINDRICAL_SURFACE('',#2395,30.5);
#2395 = AXIS2_PLACEMENT_3D('',#2396,#2397,#2398);
#2396 = CARTESIAN_POINT('',(0.,-5.9,0.));
#2397 = DIRECTION('',(0.,1.,0.));
#2398 = DIRECTION('',(0.,-0.,1.));
#2399 = DEFINITIONAL_REPRESENTATION('',(#2400),#2601);
#2400 = B_SPLINE_CURVE_WITH_KNOTS('',10,(#2401,#2402,#2403,#2404,#2405,
    #2406,#2407,#2408,#2409,#2410,#2411,#2412,#2413,#2414,#2415,#2416,
    #2417,#2418,#2419,#2420,#2421,#2422,#2423,#2424,#2425,#2426,#2427,
    #2428,#2429,#2430,#2431,#2432,#2433,#2434,#2435,#2436,#2437,#2438,
    #2439,#2440,#2441,#2442,#2443,#2444,#2445,#2446,#2447,#2448,#2449,
    #2450,#2451,#2452,#2453,#2454,#2455,#2456,#2457,#2458,#2459,#2460,
    #2461,#2462,#2463,#2464,#2465,#2466,#2467,#2468,#2469,#2470,#2471,
    #2472,#2473,#2474,#2475,#2476,#2477,#2478,#2479,#2480,#2481,#2482,
    #2483,#2484,#2485,#2486,#2487,#2488,#2489,#2490,#2491,#2492,#2493,
    #2494,#2495,#2496,#2497,#2498,#2499,#2500,#2501,#2502,#2503,#2504,
    #2505,#2506,#2507,#2508,#2509,#2510,#2511,#2512,#2513,#2514,#2515,
    #2516,#2517,#2518,#2519,#2520,#2521,#2522,#2523,#2524,#2525,#2526,
    #2527,#2528,#2529,#2530,#2531,#2532,#2533,#2534,#2535,#2536,#2537,
    #2538,#2539,#2540,#2541,#2542,#2543,#2544,#2545,#2546,#2547,#2548,
    #2549,#2550,#2551,#2552,#2553,#2554,#2555,#2556,#2557,#2558,#2559,
    #2560,#2561,#2562,#2563,#2564,#2565,#2566,#2567,#2568,#2569,#2570,
    #2571,#2572,#2573,#2574,#2575,#2576,#2577,#2578,#2579,#2580,#2581,
    #2582,#2583,#2584,#2585,#2586,#2587,#2588,#2589,#2590,#2591,#2592,
    #2593,#2594,#2595,#2596,#2597,#2598,#2599,#2600),.UNSPECIFIED.,.T.,
  .F.,(11,9,9,9,9,9,9,9,9,9,9,9,9,9,9,9,9,9,9,9,9,9,11),(0.,
    6.251200573977E-02,0.1230705113,0.240402615823,0.350401463814,
    0.453525383805,0.550204058797,0.731476574406,0.810783299986,
    0.885133355216,0.954836531995,0.98750989611,1.003336056853,
    1.065651564779,1.12407235346,1.233611332237,1.329457938666,
    1.497189499918,1.622988170857,1.717337174061,1.788098926464,
    1.894241555068,2.000384183673),.UNSPECIFIED.);
#2401 = CARTESIAN_POINT('',(2.040270319253,4.5));
#2402 = CARTESIAN_POINT('',(2.040270319253,4.467083708231));
#2403 = CARTESIAN_POINT('',(2.04029324643,4.434376086562));
#2404 = CARTESIAN_POINT('',(2.040339050913,4.401869514733));
#2405 = CARTESIAN_POINT('',(2.040407682817,4.369556372485));
#2406 = CARTESIAN_POINT('',(2.040499092254,4.33742903956));
#2407 = CARTESIAN_POINT('',(2.040613229335,4.305479895697));
#2408 = CARTESIAN_POINT('',(2.040750044177,4.273701320638));
#2409 = CARTESIAN_POINT('',(2.040909486917,4.242085694124));
#2410 = CARTESIAN_POINT('',(2.041091507709,4.210625395895));
#2411 = CARTESIAN_POINT('',(2.041494213612,4.148978733934));
#2412 = CARTESIAN_POINT('',(2.041713509227,4.118784187634));
#2413 = CARTESIAN_POINT('',(2.04195393163,4.088713352463));
#2414 = CARTESIAN_POINT('',(2.04221531904,4.058790394665));
#2415 = CARTESIAN_POINT('',(2.042497777356,4.028968020411));
#2416 = CARTESIAN_POINT('',(2.042801319504,3.999223756245));
#2417 = CARTESIAN_POINT('',(2.043125672966,3.969611288375));
#2418 = CARTESIAN_POINT('',(2.043470543771,3.94018994586));
#2419 = CARTESIAN_POINT('',(2.0438359671,3.910931160069));
#2420 = CARTESIAN_POINT('',(2.044969106143,3.825583037674));
#2421 = CARTESIAN_POINT('',(2.045792992263,3.770046727783));
#2422 = CARTESIAN_POINT('',(2.046690593532,3.715383604285));
#2423 = CARTESIAN_POINT('',(2.047669442138,3.661922211817));
#2424 = CARTESIAN_POINT('',(2.048703059554,3.609290879569));
#2425 = CARTESIAN_POINT('',(2.049836466816,3.55858929106));
#2426 = CARTESIAN_POINT('',(2.05102009968,3.50897092864));
#2427 = CARTESIAN_POINT('',(2.052275475049,3.4610523925));
#2428 = CARTESIAN_POINT('',(2.053590505286,3.414757904884));
#2429 = CARTESIAN_POINT('',(2.056250150392,3.328466888473));
#2430 = CARTESIAN_POINT('',(2.057587444113,3.288260586664));
#2431 = CARTESIAN_POINT('',(2.058973627233,3.249642662055));
#2432 = CARTESIAN_POINT('',(2.060401893944,3.212797709755));
#2433 = CARTESIAN_POINT('',(2.061871653704,3.177742906308));
#2434 = CARTESIAN_POINT('',(2.063384119363,3.144446952057));
#2435 = CARTESIAN_POINT('',(2.064937711546,3.11295387029));
#2436 = CARTESIAN_POINT('',(2.06652957861,3.083341914102));
#2437 = CARTESIAN_POINT('',(2.068160060907,3.05560322077));
#2438 = CARTESIAN_POINT('',(2.071390641736,3.005580887395));
#2439 = CARTESIAN_POINT('',(2.072987183777,2.983061055625));
#2440 = CARTESIAN_POINT('',(2.07461494812,2.962255288684));
#2441 = CARTESIAN_POINT('',(2.076270800473,2.943195255874));
#2442 = CARTESIAN_POINT('',(2.077950887234,2.925914159017));
#2443 = CARTESIAN_POINT('',(2.079650914996,2.910446137412));
#2444 = CARTESIAN_POINT('',(2.08136643006,2.896825672793));
#2445 = CARTESIAN_POINT('',(2.083093097944,2.885086994287));
#2446 = CARTESIAN_POINT('',(2.084826982891,2.875263483375));
#2447 = CARTESIAN_POINT('',(2.088194056591,2.860002949601));
#2448 = CARTESIAN_POINT('',(2.089826304764,2.854333793369));
#2449 = CARTESIAN_POINT('',(2.091460604441,2.850377073905));
#2450 = CARTESIAN_POINT('',(2.09309610731,2.848131259702));
#2451 = CARTESIAN_POINT('',(2.094732037864,2.84759541468));
#2452 = CARTESIAN_POINT('',(2.096367647041,2.848768788875));
#2453 = CARTESIAN_POINT('',(2.098002165873,2.851650409131));
#2454 = CARTESIAN_POINT('',(2.099634759136,2.856238669787));
#2455 = CARTESIAN_POINT('',(2.101264478994,2.862530923368));
#2456 = CARTESIAN_POINT('',(2.105938480499,2.885508348599));
#2457 = CARTESIAN_POINT('',(2.108971223505,2.906446227497));
#2458 = CARTESIAN_POINT('',(2.11196259389,2.933189786167));
#2459 = CARTESIAN_POINT('',(2.114908806335,2.965536575679));
#2460 = CARTESIAN_POINT('',(2.117768514031,3.003364557544));
#2461 = CARTESIAN_POINT('',(2.120511943369,3.046531080424));
#2462 = CARTESIAN_POINT('',(2.123148424693,3.094819606737));
#2463 = CARTESIAN_POINT('',(2.125691584001,3.14801816717));
#2464 = CARTESIAN_POINT('',(2.128111093907,3.206012788448));
#2465 = CARTESIAN_POINT('',(2.13141507514,3.29595086507));
#2466 = CARTESIAN_POINT('',(2.13239704764,3.324195923743));
#2467 = CARTESIAN_POINT('',(2.133354427587,3.353286830104));
#2468 = CARTESIAN_POINT('',(2.134286209197,3.383196831269));
#2469 = CARTESIAN_POINT('',(2.135191386445,3.413899174355));
#2470 = CARTESIAN_POINT('',(2.136068953075,3.44536710648));
#2471 = CARTESIAN_POINT('',(2.136917902597,3.477573874759));
#2472 = CARTESIAN_POINT('',(2.137737228293,3.51049272631));
#2473 = CARTESIAN_POINT('',(2.138525923221,3.544096908249));
#2474 = CARTESIAN_POINT('',(2.139992721149,3.610481004673));
#2475 = CARTESIAN_POINT('',(2.140674584408,3.643183892504));
#2476 = CARTESIAN_POINT('',(2.141327826686,3.676442964648));
#2477 = CARTESIAN_POINT('',(2.141952072212,3.710218777712));
#2478 = CARTESIAN_POINT('',(2.142547080481,3.74446670364));
#2479 = CARTESIAN_POINT('',(2.143112594728,3.779142731711));
#2480 = CARTESIAN_POINT('',(2.143648271111,3.814206180301));
#2481 = CARTESIAN_POINT('',(2.144153688631,3.849619318451));
#2482 = CARTESIAN_POINT('',(2.14462843977,3.885343897208));
#2483 = CARTESIAN_POINT('',(2.145488422572,3.955075865954));
#2484 = CARTESIAN_POINT('',(2.145877324203,3.989045587583));
#2485 = CARTESIAN_POINT('',(2.146238940535,4.023250573201));
#2486 = CARTESIAN_POINT('',(2.146572561539,4.057576835657));
#2487 = CARTESIAN_POINT('',(2.146878020176,4.092012372716));
#2488 = CARTESIAN_POINT('',(2.147155469729,4.12660533273));
#2489 = CARTESIAN_POINT('',(2.147404949049,4.161382380442));
#2490 = CARTESIAN_POINT('',(2.147626316858,4.196336370539));
#2491 = CARTESIAN_POINT('',(2.147819520046,4.23147672004));
#2492 = CARTESIAN_POINT('',(2.14806189999,4.283387388853));
#2493 = CARTESIAN_POINT('',(2.148133062017,4.299998935046));
#2494 = CARTESIAN_POINT('',(2.148198026305,4.31665594667));
#2495 = CARTESIAN_POINT('',(2.14825678838,4.33335957769));
#2496 = CARTESIAN_POINT('',(2.148309343758,4.350110982071));
#2497 = CARTESIAN_POINT('',(2.14835568795,4.366911313778));
#2498 = CARTESIAN_POINT('',(2.148395816466,4.383761726776));
#2499 = CARTESIAN_POINT('',(2.148429724818,4.400663375032));
#2500 = CARTESIAN_POINT('',(2.148457408521,4.417617412509));
#2501 = CARTESIAN_POINT('',(2.148489255164,4.442863040058));
#2502 = CARTESIAN_POINT('',(2.148498185869,4.451115249461));
#2503 = CARTESIAN_POINT('',(2.148505653751,4.459370403167));
#2504 = CARTESIAN_POINT('',(2.148511661249,4.467659591913));
#2505 = CARTESIAN_POINT('',(2.148516204173,4.475949288892));
#2506 = CARTESIAN_POINT('',(2.148519281527,4.484230902829));
#2507 = CARTESIAN_POINT('',(2.148520898008,4.492550416357));
#2508 = CARTESIAN_POINT('',(2.148521053372,4.500917351097));
#2509 = CARTESIAN_POINT('',(2.148519734804,4.509227936489));
#2510 = CARTESIAN_POINT('',(2.148505986562,4.550234163194));
#2511 = CARTESIAN_POINT('',(2.148472278142,4.582731359451));
#2512 = CARTESIAN_POINT('',(2.148415874437,4.615032123765));
#2513 = CARTESIAN_POINT('',(2.148336824805,4.647143996066));
#2514 = CARTESIAN_POINT('',(2.148235178607,4.679074516288));
#2515 = CARTESIAN_POINT('',(2.148110985205,4.710831224361));
#2516 = CARTESIAN_POINT('',(2.147964293948,4.742421660217));
#2517 = CARTESIAN_POINT('',(2.147795154174,4.773853363787));
#2518 = CARTESIAN_POINT('',(2.147603615201,4.805133875004));
#2519 = CARTESIAN_POINT('',(2.147189205493,4.865461538919));
#2520 = CARTESIAN_POINT('',(2.146969024536,4.894530557265));
#2521 = CARTESIAN_POINT('',(2.146729300137,4.923463670966));
#2522 = CARTESIAN_POINT('',(2.146469977446,4.952292590628));
#2523 = CARTESIAN_POINT('',(2.146191059629,4.98103352721));
#2524 = CARTESIAN_POINT('',(2.14589266178,5.009672822067));
#2525 = CARTESIAN_POINT('',(2.145574961906,5.038180072998));
#2526 = CARTESIAN_POINT('',(2.145238121688,5.066529294164));
#2527 = CARTESIAN_POINT('',(2.144882249764,5.094708647705));
#2528 = CARTESIAN_POINT('',(2.143804787355,5.175181729712));
#2529 = CARTESIAN_POINT('',(2.143035902421,5.227003781717));
#2530 = CARTESIAN_POINT('',(2.142200175461,5.278011280329));
#2531 = CARTESIAN_POINT('',(2.141302159601,5.328156767147));
#2532 = CARTESIAN_POINT('',(2.140339809283,5.377257432227));
#2533 = CARTESIAN_POINT('',(2.139311577261,5.425140700061));
#2534 = CARTESIAN_POINT('',(2.138221674083,5.471752142659));
#2535 = CARTESIAN_POINT('',(2.137076089824,5.517073910418));
#2536 = CARTESIAN_POINT('',(2.135875313816,5.560975374781));
#2537 = CARTESIAN_POINT('',(2.133527270756,5.640505009595));
#2538 = CARTESIAN_POINT('',(2.132392111601,5.676477473301));
#2539 = CARTESIAN_POINT('',(2.131219081183,5.71126658651));
#2540 = CARTESIAN_POINT('',(2.130010514053,5.74480845281));
#2541 = CARTESIAN_POINT('',(2.128769294723,5.777024709142));
#2542 = CARTESIAN_POINT('',(2.12749670415,5.807880093688));
#2543 = CARTESIAN_POINT('',(2.126192235293,5.837387176845));
#2544 = CARTESIAN_POINT('',(2.12485587734,5.865545197315));
#2545 = CARTESIAN_POINT('',(2.123489995283,5.892289846991));
#2546 = CARTESIAN_POINT('',(2.119652544481,5.961949830241));
#2547 = CARTESIAN_POINT('',(2.117118500848,6.001948495214));
#2548 = CARTESIAN_POINT('',(2.114516509973,6.037397018896));
#2549 = CARTESIAN_POINT('',(2.111764638539,6.06861938478));
#2550 = CARTESIAN_POINT('',(2.109051315812,6.094487212948));
#2551 = CARTESIAN_POINT('',(2.106208301993,6.11615824874));
#2552 = CARTESIAN_POINT('',(2.103380374581,6.132483737718));
#2553 = CARTESIAN_POINT('',(2.100554011839,6.143498585967));
#2554 = CARTESIAN_POINT('',(2.097717257381,6.1494417954));
#2555 = CARTESIAN_POINT('',(2.092754736938,6.150826380056));
#2556 = CARTESIAN_POINT('',(2.090628249132,6.148530381912));
#2557 = CARTESIAN_POINT('',(2.088501240743,6.143321885667));
#2558 = CARTESIAN_POINT('',(2.086387021233,6.135318813776));
#2559 = CARTESIAN_POINT('',(2.084263320223,6.124283496683));
#2560 = CARTESIAN_POINT('',(2.082148548459,6.110385244462));
#2561 = CARTESIAN_POINT('',(2.080065029742,6.093832302418));
#2562 = CARTESIAN_POINT('',(2.07799856173,6.074467494082));
#2563 = CARTESIAN_POINT('',(2.075967729417,6.052461871406));
#2564 = CARTESIAN_POINT('',(2.072482487384,6.009367668661));
#2565 = CARTESIAN_POINT('',(2.071011608774,5.989426790276));
#2566 = CARTESIAN_POINT('',(2.069565906428,5.968037475815));
#2567 = CARTESIAN_POINT('',(2.068146988694,5.945224156556));
#2568 = CARTESIAN_POINT('',(2.066755906958,5.921011937662));
#2569 = CARTESIAN_POINT('',(2.065393370054,5.895426339054));
#2570 = CARTESIAN_POINT('',(2.064059958675,5.868493036291));
#2571 = CARTESIAN_POINT('',(2.062756339783,5.840237601445));
#2572 = CARTESIAN_POINT('',(2.061483481018,5.810685243981));
#2573 = CARTESIAN_POINT('',(2.059312403176,5.756742032366));
#2574 = CARTESIAN_POINT('',(2.058399837758,5.732905975007));
#2575 = CARTESIAN_POINT('',(2.057505644198,5.708365275425));
#2576 = CARTESIAN_POINT('',(2.056630423373,5.683136037888));
#2577 = CARTESIAN_POINT('',(2.055774866875,5.657236683997));
#2578 = CARTESIAN_POINT('',(2.054939722205,5.630687061617));
#2579 = CARTESIAN_POINT('',(2.054125757959,5.603507553816));
#2580 = CARTESIAN_POINT('',(2.053333729015,5.575718187794));
#2581 = CARTESIAN_POINT('',(2.052564341719,5.54733774382));
#2582 = CARTESIAN_POINT('',(2.050699035112,5.474950544688));
#2583 = CARTESIAN_POINT('',(2.049632447465,5.430222739143));
#2584 = CARTESIAN_POINT('',(2.048619761567,5.384305960471));
#2585 = CARTESIAN_POINT('',(2.047666340494,5.33715106064));
#2586 = CARTESIAN_POINT('',(2.046772583752,5.288899243642));
#2587 = CARTESIAN_POINT('',(2.045937582125,5.239741894434));
#2588 = CARTESIAN_POINT('',(2.045162752717,5.189781183748));
#2589 = CARTESIAN_POINT('',(2.044450468739,5.139082652549));
#2590 = CARTESIAN_POINT('',(2.043800409109,5.087815223785));
#2591 = CARTESIAN_POINT('',(2.042627717545,4.984341442168));
#2592 = CARTESIAN_POINT('',(2.042105004342,4.932136083808));
#2593 = CARTESIAN_POINT('',(2.041646791957,4.879557416396));
#2594 = CARTESIAN_POINT('',(2.041255962802,4.827078027069));
#2595 = CARTESIAN_POINT('',(2.040925882116,4.773383848486));
#2596 = CARTESIAN_POINT('',(2.040665422566,4.720072656521));
#2597 = CARTESIAN_POINT('',(2.040467425177,4.665731720335));
#2598 = CARTESIAN_POINT('',(2.040336186117,4.611099569978));
#2599 = CARTESIAN_POINT('',(2.040270319253,4.555847491992));
#2600 = CARTESIAN_POINT('',(2.040270319253,4.5));
#2601 = ( GEOMETRIC_REPRESENTATION_CONTEXT(2) 
PARAMETRIC_REPRESENTATION_CONTEXT() REPRESENTATION_CONTEXT('2D SPACE',''
  ) );
#2602 = FACE_BOUND('',#2603,.F.);
#2603 = EDGE_LOOP('',(#2604));
#2604 = ORIENTED_EDGE('',*,*,#2605,.F.);
#2605 = EDGE_CURVE('',#2606,#2606,#2608,.T.);
#2606 = VERTEX_POINT('',#2607);
#2607 = CARTESIAN_POINT('',(13.798726158678,-1.4,-27.20009478656));
#2608 = SURFACE_CURVE('',#2609,(#2654,#2702),.PCURVE_S1.);
#2609 = B_SPLINE_CURVE_WITH_KNOTS('',7,(#2610,#2611,#2612,#2613,#2614,
    #2615,#2616,#2617,#2618,#2619,#2620,#2621,#2622,#2623,#2624,#2625,
    #2626,#2627,#2628,#2629,#2630,#2631,#2632,#2633,#2634,#2635,#2636,
    #2637,#2638,#2639,#2640,#2641,#2642,#2643,#2644,#2645,#2646,#2647,
    #2648,#2649,#2650,#2651,#2652,#2653),.UNSPECIFIED.,.T.,.F.,(8,6,6,6,
    6,6,6,8),(0.,0.152559579322,0.285741553886,0.421993552992,
    0.58849351478,0.714360309426,0.837997634209,1.),.UNSPECIFIED.);
#2610 = CARTESIAN_POINT('',(13.798726158678,-1.4,-27.20009478656));
#2611 = CARTESIAN_POINT('',(13.798726158678,-1.202720290605,
    -27.20009478656));
#2612 = CARTESIAN_POINT('',(13.823302429188,-1.005517302678,
    -27.18762705356));
#2613 = CARTESIAN_POINT('',(13.87242810912,-0.810816968229,
    -27.16270582006));
#2614 = CARTESIAN_POINT('',(13.946733196527,-0.621372703765,
    -27.12483349804));
#2615 = CARTESIAN_POINT('',(14.047204231888,-0.440781633259,
    -27.07316364213));
#2616 = CARTESIAN_POINT('',(14.174862240252,-0.274036983006,
    -27.0065584884));
#2617 = CARTESIAN_POINT('',(14.465598291382,-1.735481498308E-03,
    -26.85181615649));
#2618 = CARTESIAN_POINT('',(14.626762971011,0.113253761935,
    -26.76501559808));
#2619 = CARTESIAN_POINT('',(14.810031197642,0.20328747098,
    -26.66472583132));
#2620 = CARTESIAN_POINT('',(15.008400891324,0.259390390883,
    -26.55389403795));
#2621 = CARTESIAN_POINT('',(15.212818634991,0.276740924263,
    -26.43695004972));
#2622 = CARTESIAN_POINT('',(15.41403892698,0.254917152095,
    -26.31931370847));
#2623 = CARTESIAN_POINT('',(15.798305940729,0.140099001631,
    -26.09050935769));
#2624 = CARTESIAN_POINT('',(15.974161556475,4.746884130351E-02,
    -25.98352237624));
#2625 = CARTESIAN_POINT('',(16.128717643304,-7.197411046859E-02,
    -25.88767793055));
#2626 = CARTESIAN_POINT('',(16.260902245325,-0.211685662824,
    -25.8044710443));
#2627 = CARTESIAN_POINT('',(16.370526913872,-0.36586466835,
    -25.73469984816));
#2628 = CARTESIAN_POINT('',(16.458082850884,-0.529324830075,
    -25.67854715402));
#2629 = CARTESIAN_POINT('',(16.60602687806,-0.902930464282,
    -25.58318279233));
#2630 = CARTESIAN_POINT('',(16.657220722643,-1.1182941602,
    -25.54975693555));
#2631 = CARTESIAN_POINT('',(16.679912672746,-1.338728314633,
    -25.53484233865));
#2632 = CARTESIAN_POINT('',(16.67458224408,-1.56076726472,
    -25.53833922728));
#2633 = CARTESIAN_POINT('',(16.640910944814,-1.780656237536,
    -25.5604380351));
#2634 = CARTESIAN_POINT('',(16.578066114578,-1.994008835169,
    -25.60136613098));
#2635 = CARTESIAN_POINT('',(16.414725537715,-2.346753757439,
    -25.70629827703));
#2636 = CARTESIAN_POINT('',(16.326179572825,-2.493609112238,
    -25.76286374743));
#2637 = CARTESIAN_POINT('',(16.218622599253,-2.63142507434,
    -25.83103076184));
#2638 = CARTESIAN_POINT('',(16.091833434737,-2.755803732478,
    -25.91051545873));
#2639 = CARTESIAN_POINT('',(15.94618459487,-2.861978218186,
    -26.00053012902));
#2640 = CARTESIAN_POINT('',(15.782778087543,-2.944738690492,
    -26.09975511712));
#2641 = CARTESIAN_POINT('',(15.428355289532,-3.050639454008,
    -26.31078930767));
#2642 = CARTESIAN_POINT('',(15.242398775676,-3.073458581109,
    -26.41965296861));
#2643 = CARTESIAN_POINT('',(15.052776312949,-3.062719241331,
    -26.52848014716));
#2644 = CARTESIAN_POINT('',(14.867154095185,-3.018300734025,
    -26.63273228898));
#2645 = CARTESIAN_POINT('',(14.69316031605,-2.94368249779,
    -26.72855646292));
#2646 = CARTESIAN_POINT('',(14.536998591014,-2.845780112929,
    -26.81322426749));
#2647 = CARTESIAN_POINT('',(14.225982434543,-2.589562715426,
    -26.97983446977));
#2648 = CARTESIAN_POINT('',(14.080712975526,-2.417102101066,
    -27.05591684089));
#2649 = CARTESIAN_POINT('',(13.966529102555,-2.227392354838,
    -27.1147402902));
#2650 = CARTESIAN_POINT('',(13.882210966411,-2.026771572392,
    -27.1577433787));
#2651 = CARTESIAN_POINT('',(13.826563890113,-1.819859344825,
    -27.18597238752));
#2652 = CARTESIAN_POINT('',(13.798726158678,-1.609956521339,
    -27.20009478656));
#2653 = CARTESIAN_POINT('',(13.798726158678,-1.4,-27.20009478656));
#2654 = PCURVE('',#527,#2655);
#2655 = DEFINITIONAL_REPRESENTATION('',(#2656),#2701);
#2656 = B_SPLINE_CURVE_WITH_KNOTS('',7,(#2657,#2658,#2659,#2660,#2661,
    #2662,#2663,#2664,#2665,#2666,#2667,#2668,#2669,#2670,#2671,#2672,
    #2673,#2674,#2675,#2676,#2677,#2678,#2679,#2680,#2681,#2682,#2683,
    #2684,#2685,#2686,#2687,#2688,#2689,#2690,#2691,#2692,#2693,#2694,
    #2695,#2696,#2697,#2698,#2699,#2700),.UNSPECIFIED.,.T.,.F.,(8,6,6,6,
    6,6,6,8),(0.,0.152559579322,0.285741553886,0.421993552992,
    0.58849351478,0.714360309426,0.837997634209,1.),.UNSPECIFIED.);
#2657 = CARTESIAN_POINT('',(1.101322334336,4.5));
#2658 = CARTESIAN_POINT('',(1.101322334336,4.697279709395));
#2659 = CARTESIAN_POINT('',(1.100418796817,4.894482697322));
#2660 = CARTESIAN_POINT('',(1.098612718646,5.089183031771));
#2661 = CARTESIAN_POINT('',(1.095878297451,5.278627296235));
#2662 = CARTESIAN_POINT('',(1.092174130114,5.459218366741));
#2663 = CARTESIAN_POINT('',(1.087453340818,5.625963016994));
#2664 = CARTESIAN_POINT('',(1.076654919526,5.898264518502));
#2665 = CARTESIAN_POINT('',(1.070653258571,6.013253761935));
#2666 = CARTESIAN_POINT('',(1.063803838169,6.10328747098));
#2667 = CARTESIAN_POINT('',(1.056354234695,6.159390390882));
#2668 = CARTESIAN_POINT('',(1.048633331041,6.176740924263));
#2669 = CARTESIAN_POINT('',(1.040991492065,6.154917152095));
#2670 = CARTESIAN_POINT('',(1.026328290503,6.040099001631));
#2671 = CARTESIAN_POINT('',(1.019579639515,5.947468841304));
#2672 = CARTESIAN_POINT('',(1.013617255398,5.828025889531));
#2673 = CARTESIAN_POINT('',(1.008496304162,5.688314337176));
#2674 = CARTESIAN_POINT('',(1.00423587274,5.53413533165));
#2675 = CARTESIAN_POINT('',(1.000825545906,5.370675169925));
#2676 = CARTESIAN_POINT('',(0.995054514201,4.997069535718));
#2677 = CARTESIAN_POINT('',(0.993049958606,4.7817058398));
#2678 = CARTESIAN_POINT('',(0.992159630707,4.561271685367));
#2679 = CARTESIAN_POINT('',(0.992368652251,4.33923273528));
#2680 = CARTESIAN_POINT('',(0.993689172734,4.119343762464));
#2681 = CARTESIAN_POINT('',(0.99614805021,3.905991164831));
#2682 = CARTESIAN_POINT('',(1.002513343375,3.553246242561));
#2683 = CARTESIAN_POINT('',(1.005958302928,3.406390887762));
#2684 = CARTESIAN_POINT('',(1.010133308353,3.26857492566));
#2685 = CARTESIAN_POINT('',(1.015039550708,3.144196267522));
#2686 = CARTESIAN_POINT('',(1.020653069959,3.038021781814));
#2687 = CARTESIAN_POINT('',(1.026920816099,2.955261309508));
#2688 = CARTESIAN_POINT('',(1.040445195604,2.849360545992));
#2689 = CARTESIAN_POINT('',(1.047509882297,2.826541418891));
#2690 = CARTESIAN_POINT('',(1.054677711768,2.837280758669));
#2691 = CARTESIAN_POINT('',(1.061657362733,2.881699265975));
#2692 = CARTESIAN_POINT('',(1.06816978152,2.95631750221));
#2693 = CARTESIAN_POINT('',(1.073993890326,3.054219887071));
#2694 = CARTESIAN_POINT('',(1.085562133519,3.310437284574));
#2695 = CARTESIAN_POINT('',(1.090938522187,3.482897898934));
#2696 = CARTESIAN_POINT('',(1.095149756735,3.672607645162));
#2697 = CARTESIAN_POINT('',(1.0982530633,3.873228427608));
#2698 = CARTESIAN_POINT('',(1.100298888729,4.080140655175));
#2699 = CARTESIAN_POINT('',(1.101322334336,4.290043478661));
#2700 = CARTESIAN_POINT('',(1.101322334336,4.5));
#2701 = ( GEOMETRIC_REPRESENTATION_CONTEXT(2) 
PARAMETRIC_REPRESENTATION_CONTEXT() REPRESENTATION_CONTEXT('2D SPACE',''
  ) );
#2702 = PCURVE('',#2703,#2708);
#2703 = CYLINDRICAL_SURFACE('',#2704,1.65);
#2704 = AXIS2_PLACEMENT_3D('',#2705,#2706,#2707);
#2705 = CARTESIAN_POINT('',(10.,-1.4,-17.32050807568));
#2706 = DIRECTION('',(0.5,0.,-0.866025403784));
#2707 = DIRECTION('',(-0.866025403784,0.,-0.5));
#2708 = DEFINITIONAL_REPRESENTATION('',(#2709),#2754);
#2709 = B_SPLINE_CURVE_WITH_KNOTS('',7,(#2710,#2711,#2712,#2713,#2714,
    #2715,#2716,#2717,#2718,#2719,#2720,#2721,#2722,#2723,#2724,#2725,
    #2726,#2727,#2728,#2729,#2730,#2731,#2732,#2733,#2734,#2735,#2736,
    #2737,#2738,#2739,#2740,#2741,#2742,#2743,#2744,#2745,#2746,#2747,
    #2748,#2749,#2750,#2751,#2752,#2753),.UNSPECIFIED.,.F.,.F.,(8,6,6,6,
    6,6,6,8),(0.,0.152559579322,0.285741553886,0.421993552992,
    0.58849351478,0.714360309426,0.837997634209,1.),.UNSPECIFIED.);
#2710 = CARTESIAN_POINT('',(0.,10.455336149844));
#2711 = CARTESIAN_POINT('',(0.11956346024,10.455336149844));
#2712 = CARTESIAN_POINT('',(0.239079683897,10.4568269116));
#2713 = CARTESIAN_POINT('',(0.359874985402,10.459807330259));
#2714 = CARTESIAN_POINT('',(0.483048464613,10.464161480992));
#2715 = CARTESIAN_POINT('',(0.609820146856,10.46964959085));
#2716 = CARTESIAN_POINT('',(0.741415478335,10.475796839873));
#2717 = CARTESIAN_POINT('',(1.000318838876,10.487154074965));
#2718 = CARTESIAN_POINT('',(1.130186845243,10.492564926133));
#2719 = CARTESIAN_POINT('',(1.265363644668,10.497345553696));
#2720 = CARTESIAN_POINT('',(1.403743993745,10.500547251927));
#2721 = CARTESIAN_POINT('',(1.54370011097,10.501479659137));
#2722 = CARTESIAN_POINT('',(1.683811194723,10.500213745204));
#2723 = CARTESIAN_POINT('',(1.963624574553,10.4941968718));
#2724 = CARTESIAN_POINT('',(2.098388895751,10.489471235865));
#2725 = CARTESIAN_POINT('',(2.227718001225,10.483745554503));
#2726 = CARTESIAN_POINT('',(2.352313179057,10.477778578246));
#2727 = CARTESIAN_POINT('',(2.472699314209,10.472167284215));
#2728 = CARTESIAN_POINT('',(2.589148569219,10.467315593103));
#2729 = CARTESIAN_POINT('',(2.839392697617,10.458699646851));
#2730 = CARTESIAN_POINT('',(2.973247821387,10.455348928027));
#2731 = CARTESIAN_POINT('',(3.105378466116,10.453778483275));
#2732 = CARTESIAN_POINT('',(3.237235226648,10.454141663331));
#2733 = CARTESIAN_POINT('',(3.370138179814,10.456444142668));
#2734 = CARTESIAN_POINT('',(3.505314017737,10.460466498309));
#2735 = CARTESIAN_POINT('',(3.74927518595,10.469670114029));
#2736 = CARTESIAN_POINT('',(3.857915992752,10.474384265927));
#2737 = CARTESIAN_POINT('',(3.97015135805,10.47964014532));
#2738 = CARTESIAN_POINT('',(4.086129211203,10.485081329782));
#2739 = CARTESIAN_POINT('',(4.206198359025,10.490211901029));
#2740 = CARTESIAN_POINT('',(4.330867716901,10.494440007754));
#2741 = CARTESIAN_POINT('',(4.588949304577,10.499989578835));
#2742 = CARTESIAN_POINT('',(4.718876208533,10.501290017827));
#2743 = CARTESIAN_POINT('',(4.84901750798,10.500725887708));
#2744 = CARTESIAN_POINT('',(4.978020610514,10.498199782044));
#2745 = CARTESIAN_POINT('',(5.104413523073,10.494189061401));
#2746 = CARTESIAN_POINT('',(5.226357283983,10.489432668525));
#2747 = CARTESIAN_POINT('',(5.490540964346,10.478213257997));
#2748 = CARTESIAN_POINT('',(5.632315655297,10.471467794661));
#2749 = CARTESIAN_POINT('',(5.768288029372,10.46531845961));
#2750 = CARTESIAN_POINT('',(5.899955382106,10.460401158623));
#2751 = CARTESIAN_POINT('',(6.028725934699,10.457024659232));
#2752 = CARTESIAN_POINT('',(6.155938930611,10.455336149844));
#2753 = CARTESIAN_POINT('',(6.28318530718,10.455336149844));
#2754 = ( GEOMETRIC_REPRESENTATION_CONTEXT(2) 
PARAMETRIC_REPRESENTATION_CONTEXT() REPRESENTATION_CONTEXT('2D SPACE',''
  ) );
#2755 = FACE_BOUND('',#2756,.F.);
#2756 = EDGE_LOOP('',(#2757));
#2757 = ORIENTED_EDGE('',*,*,#2758,.F.);
#2758 = EDGE_CURVE('',#2759,#2759,#2761,.T.);
#2759 = VERTEX_POINT('',#2760);
#2760 = CARTESIAN_POINT('',(-16.65660999116,-1.4,-25.55009478656));
#2761 = SURFACE_CURVE('',#2762,(#2807,#2855),.PCURVE_S1.);
#2762 = B_SPLINE_CURVE_WITH_KNOTS('',7,(#2763,#2764,#2765,#2766,#2767,
    #2768,#2769,#2770,#2771,#2772,#2773,#2774,#2775,#2776,#2777,#2778,
    #2779,#2780,#2781,#2782,#2783,#2784,#2785,#2786,#2787,#2788,#2789,
    #2790,#2791,#2792,#2793,#2794,#2795,#2796,#2797,#2798,#2799,#2800,
    #2801,#2802,#2803,#2804,#2805,#2806),.UNSPECIFIED.,.T.,.F.,(8,6,6,6,
    6,6,6,8),(0.,0.152559578892,0.285741553079,0.421993551801,
    0.58849351581,0.714360310139,0.837997634614,1.),.UNSPECIFIED.);
#2763 = CARTESIAN_POINT('',(-16.65660999116,-1.4,-25.55009478656));
#2764 = CARTESIAN_POINT('',(-16.65660999116,-1.202720290605,
    -25.55009478656));
#2765 = CARTESIAN_POINT('',(-16.63352448241,-1.005517302678,
    -25.56514459465));
#2766 = CARTESIAN_POINT('',(-16.58737922113,-0.81081696823,
    -25.5952280647));
#2767 = CARTESIAN_POINT('',(-16.51742828446,-0.621372703764,
    -25.64064199701));
#2768 = CARTESIAN_POINT('',(-16.42244535896,-0.44078163326,
    -25.70181753803));
#2769 = CARTESIAN_POINT('',(-16.30093459962,-0.274036983006,
    -25.7790700394));
#2770 = CARTESIAN_POINT('',(-16.02155578358,-1.735481498959E-03,
    -25.95348367952));
#2771 = CARTESIAN_POINT('',(-15.86580195512,0.113253761936,
    -26.04965610707));
#2772 = CARTESIAN_POINT('',(-15.68731435605,0.20328747098,
    -26.15822616366));
#2773 = CARTESIAN_POINT('',(-15.4921463606,0.259390390882,
    -26.27460346104));
#2774 = CARTESIAN_POINT('',(-15.28866102414,0.276740924264,
    -26.39316242592));
#2775 = CARTESIAN_POINT('',(-15.08617481822,0.254917152095,
    -26.50860613992));
#2776 = CARTESIAN_POINT('',(-14.69589093107,0.140099001631,
    -26.72698896027));
#2777 = CARTESIAN_POINT('',(-14.51530967939,4.746884130346E-02,
    -26.82579090018));
#2778 = CARTESIAN_POINT('',(-14.35502791119,-7.197411046847E-02,
    -26.91171817484));
#2779 = CARTESIAN_POINT('',(-14.21687633292,-0.211685662825,
    -26.98458995505));
#2780 = CARTESIAN_POINT('',(-14.10164037034,-0.36586466835,
    -27.04464210483));
#2781 = CARTESIAN_POINT('',(-14.00923274221,-0.529324830075,
    -27.09239142346));
#2782 = CARTESIAN_POINT('',(-13.8526727674,-0.902930467603,
    -27.1728325292));
#2783 = CARTESIAN_POINT('',(-13.79812820816,-1.118294147191,
    -27.2004547686));
#2784 = CARTESIAN_POINT('',(-13.77386580936,-1.338728338041,
    -27.21264927742));
#2785 = CARTESIAN_POINT('',(-13.77955941681,-1.560767241481,
    -27.20978143576));
#2786 = CARTESIAN_POINT('',(-13.81553320132,-1.780656250258,
    -27.19167063608));
#2787 = CARTESIAN_POINT('',(-13.88240038217,-1.994008831979,
    -27.15770946714));
#2788 = CARTESIAN_POINT('',(-14.05494457631,-2.346753757443,
    -27.06871845032));
#2789 = CARTESIAN_POINT('',(-14.1482046931,-2.493609112237,
    -27.02031813052));
#2790 = CARTESIAN_POINT('',(-14.26101754606,-2.631425074337,
    -26.96125456626));
#2791 = CARTESIAN_POINT('',(-14.39324789504,-2.755803732477,
    -26.89119427731));
#2792 = CARTESIAN_POINT('',(-14.54402730615,-2.861978218188,
    -26.8100660171));
#2793 = CARTESIAN_POINT('',(-14.71166192021,-2.944738690493,
    -26.71816432466));
#2794 = CARTESIAN_POINT('',(-15.0716342893,-3.050639454008,
    -26.51674227318));
#2795 = CARTESIAN_POINT('',(-15.25889124215,-3.073458581109,
    -26.41013103865));
#2796 = CARTESIAN_POINT('',(-15.44794957475,-3.062719241331,
    -26.30032675808));
#2797 = CARTESIAN_POINT('',(-15.63104568685,-3.018300734025,
    -26.1916992729));
#2798 = CARTESIAN_POINT('',(-15.80102874535,-2.94368249779,
    -26.08892832703));
#2799 = CARTESIAN_POINT('',(-15.95243407751,-2.845780112929,
    -25.99602220834));
#2800 = CARTESIAN_POINT('',(-16.25223082345,-2.589562715426,
    -25.80997941699));
#2801 = CARTESIAN_POINT('',(-16.39075481913,-2.417102101066,
    -25.72221356065));
#2802 = CARTESIAN_POINT('',(-16.49878935705,-2.227392354838,
    -25.6527391506));
#2803 = CARTESIAN_POINT('',(-16.57819019221,-2.026771572392,
    -25.60121904696));
#2804 = CARTESIAN_POINT('',(-16.63046076911,-1.819859344825,
    -25.56714176964));
#2805 = CARTESIAN_POINT('',(-16.65660999116,-1.609956521339,
    -25.55009478656));
#2806 = CARTESIAN_POINT('',(-16.65660999116,-1.4,-25.55009478656));
#2807 = PCURVE('',#527,#2808);
#2808 = DEFINITIONAL_REPRESENTATION('',(#2809),#2854);
#2809 = B_SPLINE_CURVE_WITH_KNOTS('',7,(#2810,#2811,#2812,#2813,#2814,
    #2815,#2816,#2817,#2818,#2819,#2820,#2821,#2822,#2823,#2824,#2825,
    #2826,#2827,#2828,#2829,#2830,#2831,#2832,#2833,#2834,#2835,#2836,
    #2837,#2838,#2839,#2840,#2841,#2842,#2843,#2844,#2845,#2846,#2847,
    #2848,#2849,#2850,#2851,#2852,#2853),.UNSPECIFIED.,.T.,.F.,(8,6,6,6,
    6,6,6,8),(0.,0.152559578892,0.285741553079,0.421993551801,
    0.58849351581,0.714360310139,0.837997634614,1.),.UNSPECIFIED.);
#2810 = CARTESIAN_POINT('',(2.148519885533,4.5));
#2811 = CARTESIAN_POINT('',(2.148519885533,4.697279709395));
#2812 = CARTESIAN_POINT('',(2.147616348014,4.894482697322));
#2813 = CARTESIAN_POINT('',(2.145810269842,5.08918303177));
#2814 = CARTESIAN_POINT('',(2.143075848648,5.278627296236));
#2815 = CARTESIAN_POINT('',(2.139371681311,5.45921836674));
#2816 = CARTESIAN_POINT('',(2.134650892015,5.625963016994));
#2817 = CARTESIAN_POINT('',(2.123852470723,5.898264518501));
#2818 = CARTESIAN_POINT('',(2.117850809767,6.013253761936));
#2819 = CARTESIAN_POINT('',(2.111001389366,6.10328747098));
#2820 = CARTESIAN_POINT('',(2.103551785892,6.159390390882));
#2821 = CARTESIAN_POINT('',(2.095830882238,6.176740924264));
#2822 = CARTESIAN_POINT('',(2.088189043261,6.154917152095));
#2823 = CARTESIAN_POINT('',(2.0735258417,6.040099001631));
#2824 = CARTESIAN_POINT('',(2.066777190712,5.947468841303));
#2825 = CARTESIAN_POINT('',(2.060814806594,5.828025889532));
#2826 = CARTESIAN_POINT('',(2.055693855358,5.688314337175));
#2827 = CARTESIAN_POINT('',(2.051433423936,5.53413533165));
#2828 = CARTESIAN_POINT('',(2.048023097103,5.370675169925));
#2829 = CARTESIAN_POINT('',(2.042252065346,4.997069532397));
#2830 = CARTESIAN_POINT('',(2.040247509905,4.781705852809));
#2831 = CARTESIAN_POINT('',(2.039357181861,4.561271661959));
#2832 = CARTESIAN_POINT('',(2.039566203357,4.339232758519));
#2833 = CARTESIAN_POINT('',(2.040886724058,4.119343749742));
#2834 = CARTESIAN_POINT('',(2.043345601349,3.905991168021));
#2835 = CARTESIAN_POINT('',(2.049710894572,3.553246242557));
#2836 = CARTESIAN_POINT('',(2.053155854124,3.406390887763));
#2837 = CARTESIAN_POINT('',(2.05733085955,3.268574925663));
#2838 = CARTESIAN_POINT('',(2.062237101904,3.144196267523));
#2839 = CARTESIAN_POINT('',(2.067850621156,3.038021781812));
#2840 = CARTESIAN_POINT('',(2.074118367295,2.955261309507));
#2841 = CARTESIAN_POINT('',(2.0876427468,2.849360545992));
#2842 = CARTESIAN_POINT('',(2.094707433494,2.826541418891));
#2843 = CARTESIAN_POINT('',(2.101875262965,2.837280758669));
#2844 = CARTESIAN_POINT('',(2.108854913929,2.881699265975));
#2845 = CARTESIAN_POINT('',(2.115367332716,2.95631750221));
#2846 = CARTESIAN_POINT('',(2.121191441523,3.054219887071));
#2847 = CARTESIAN_POINT('',(2.132759684716,3.310437284574));
#2848 = CARTESIAN_POINT('',(2.138136073384,3.482897898934));
#2849 = CARTESIAN_POINT('',(2.142347307931,3.672607645162));
#2850 = CARTESIAN_POINT('',(2.145450614496,3.873228427608));
#2851 = CARTESIAN_POINT('',(2.147496439926,4.080140655175));
#2852 = CARTESIAN_POINT('',(2.148519885533,4.290043478661));
#2853 = CARTESIAN_POINT('',(2.148519885533,4.5));
#2854 = ( GEOMETRIC_REPRESENTATION_CONTEXT(2) 
PARAMETRIC_REPRESENTATION_CONTEXT() REPRESENTATION_CONTEXT('2D SPACE',''
  ) );
#2855 = PCURVE('',#2856,#2861);
#2856 = CYLINDRICAL_SURFACE('',#2857,1.65);
#2857 = AXIS2_PLACEMENT_3D('',#2858,#2859,#2860);
#2858 = CARTESIAN_POINT('',(-10.,-1.4,-17.32050807568));
#2859 = DIRECTION('',(-0.5,0.,-0.866025403784));
#2860 = DIRECTION('',(-0.866025403784,0.,0.5));
#2861 = DEFINITIONAL_REPRESENTATION('',(#2862),#2907);
#2862 = B_SPLINE_CURVE_WITH_KNOTS('',7,(#2863,#2864,#2865,#2866,#2867,
    #2868,#2869,#2870,#2871,#2872,#2873,#2874,#2875,#2876,#2877,#2878,
    #2879,#2880,#2881,#2882,#2883,#2884,#2885,#2886,#2887,#2888,#2889,
    #2890,#2891,#2892,#2893,#2894,#2895,#2896,#2897,#2898,#2899,#2900,
    #2901,#2902,#2903,#2904,#2905,#2906),.UNSPECIFIED.,.F.,.F.,(8,6,6,6,
    6,6,6,8),(0.,0.152559578892,0.285741553079,0.421993551801,
    0.58849351581,0.714360310139,0.837997634614,1.),.UNSPECIFIED.);
#2863 = CARTESIAN_POINT('',(0.,10.455336149844));
#2864 = CARTESIAN_POINT('',(0.11956346024,10.455336149844));
#2865 = CARTESIAN_POINT('',(0.239079683897,10.4568269116));
#2866 = CARTESIAN_POINT('',(0.359874985402,10.459807330259));
#2867 = CARTESIAN_POINT('',(0.483048464613,10.464161480992));
#2868 = CARTESIAN_POINT('',(0.609820146856,10.46964959085));
#2869 = CARTESIAN_POINT('',(0.741415478335,10.475796839873));
#2870 = CARTESIAN_POINT('',(1.000318838875,10.487154074965));
#2871 = CARTESIAN_POINT('',(1.130186845244,10.492564926133));
#2872 = CARTESIAN_POINT('',(1.265363644668,10.497345553696));
#2873 = CARTESIAN_POINT('',(1.403743993744,10.500547251927));
#2874 = CARTESIAN_POINT('',(1.543700110969,10.501479659137));
#2875 = CARTESIAN_POINT('',(1.683811194724,10.500213745204));
#2876 = CARTESIAN_POINT('',(1.963624574553,10.4941968718));
#2877 = CARTESIAN_POINT('',(2.098388895751,10.489471235865));
#2878 = CARTESIAN_POINT('',(2.227718001225,10.483745554503));
#2879 = CARTESIAN_POINT('',(2.352313179058,10.477778578246));
#2880 = CARTESIAN_POINT('',(2.472699314208,10.472167284215));
#2881 = CARTESIAN_POINT('',(2.58914856922,10.467315593103));
#2882 = CARTESIAN_POINT('',(2.839392699841,10.458699646774));
#2883 = CARTESIAN_POINT('',(2.973247812758,10.455348928182));
#2884 = CARTESIAN_POINT('',(3.105378481614,10.453778483205));
#2885 = CARTESIAN_POINT('',(3.237235211178,10.454141663205));
#2886 = CARTESIAN_POINT('',(3.370138188399,10.456444142853));
#2887 = CARTESIAN_POINT('',(3.505314015531,10.460466498226));
#2888 = CARTESIAN_POINT('',(3.749275185952,10.469670114029));
#2889 = CARTESIAN_POINT('',(3.857915992752,10.474384265927));
#2890 = CARTESIAN_POINT('',(3.970151358048,10.47964014532));
#2891 = CARTESIAN_POINT('',(4.086129211202,10.485081329782));
#2892 = CARTESIAN_POINT('',(4.206198359025,10.490211901029));
#2893 = CARTESIAN_POINT('',(4.330867716903,10.494440007754));
#2894 = CARTESIAN_POINT('',(4.588949304577,10.499989578835));
#2895 = CARTESIAN_POINT('',(4.718876208533,10.501290017827));
#2896 = CARTESIAN_POINT('',(4.84901750798,10.500725887708));
#2897 = CARTESIAN_POINT('',(4.978020610514,10.498199782044));
#2898 = CARTESIAN_POINT('',(5.104413523073,10.494189061401));
#2899 = CARTESIAN_POINT('',(5.226357283983,10.489432668525));
#2900 = CARTESIAN_POINT('',(5.490540964346,10.478213257997));
#2901 = CARTESIAN_POINT('',(5.632315655298,10.471467794661));
#2902 = CARTESIAN_POINT('',(5.768288029372,10.46531845961));
#2903 = CARTESIAN_POINT('',(5.899955382107,10.460401158623));
#2904 = CARTESIAN_POINT('',(6.0287259347,10.457024659232));
#2905 = CARTESIAN_POINT('',(6.15593893061,10.455336149844));
#2906 = CARTESIAN_POINT('',(6.28318530718,10.455336149844));
#2907 = ( GEOMETRIC_REPRESENTATION_CONTEXT(2) 
PARAMETRIC_REPRESENTATION_CONTEXT() REPRESENTATION_CONTEXT('2D SPACE',''
  ) );
#2908 = ADVANCED_FACE('',(#2909),#555,.T.);
#2909 = FACE_BOUND('',#2910,.T.);
#2910 = EDGE_LOOP('',(#2911,#2912,#2913,#2914,#2937));
#2911 = ORIENTED_EDGE('',*,*,#2242,.T.);
#2912 = ORIENTED_EDGE('',*,*,#538,.T.);
#2913 = ORIENTED_EDGE('',*,*,#598,.F.);
#2914 = ORIENTED_EDGE('',*,*,#2915,.F.);
#2915 = EDGE_CURVE('',#2916,#599,#2918,.T.);
#2916 = VERTEX_POINT('',#2917);
#2917 = CARTESIAN_POINT('',(29.74910416096,5.198585916686,-7.97124843548
    ));
#2918 = SURFACE_CURVE('',#2919,(#2923,#2930),.PCURVE_S1.);
#2919 = LINE('',#2920,#2921);
#2920 = CARTESIAN_POINT('',(29.74910416096,5.198585916686,-7.97124843548
    ));
#2921 = VECTOR('',#2922,1.);
#2922 = DIRECTION('',(0.,-1.,0.));
#2923 = PCURVE('',#555,#2924);
#2924 = DEFINITIONAL_REPRESENTATION('',(#2925),#2929);
#2925 = LINE('',#2926,#2927);
#2926 = CARTESIAN_POINT('',(-0.21109639578,-5.198585916686));
#2927 = VECTOR('',#2928,1.);
#2928 = DIRECTION('',(-0.,1.));
#2929 = ( GEOMETRIC_REPRESENTATION_CONTEXT(2) 
PARAMETRIC_REPRESENTATION_CONTEXT() REPRESENTATION_CONTEXT('2D SPACE',''
  ) );
#2930 = PCURVE('',#637,#2931);
#2931 = DEFINITIONAL_REPRESENTATION('',(#2932),#2936);
#2932 = LINE('',#2933,#2934);
#2933 = CARTESIAN_POINT('',(0.298538926377,11.098585916686));
#2934 = VECTOR('',#2935,1.);
#2935 = DIRECTION('',(0.,-1.));
#2936 = ( GEOMETRIC_REPRESENTATION_CONTEXT(2) 
PARAMETRIC_REPRESENTATION_CONTEXT() REPRESENTATION_CONTEXT('2D SPACE',''
  ) );
#2937 = ORIENTED_EDGE('',*,*,#2938,.T.);
#2938 = EDGE_CURVE('',#2916,#2220,#2939,.T.);
#2939 = SURFACE_CURVE('',#2940,(#2946,#2955),.PCURVE_S1.);
#2940 = B_SPLINE_CURVE_WITH_KNOTS('',3,(#2941,#2942,#2943,#2944,#2945),
  .UNSPECIFIED.,.F.,.F.,(4,1,4),(0.,0.5,1.),.QUASI_UNIFORM_KNOTS.);
#2941 = CARTESIAN_POINT('',(29.74910416096,5.198585916686,-7.97124843548
    ));
#2942 = CARTESIAN_POINT('',(29.68771001032,5.148354486466,
    -8.006296809966));
#2943 = CARTESIAN_POINT('',(29.56520017771,5.048376163617,
    -8.076237629304));
#2944 = CARTESIAN_POINT('',(29.44326980999,4.949291751638,-8.14583548227
    ));
#2945 = CARTESIAN_POINT('',(29.38244006492,4.900004548257,
    -8.180561651831));
#2946 = PCURVE('',#555,#2947);
#2947 = DEFINITIONAL_REPRESENTATION('',(#2948),#2954);
#2948 = B_SPLINE_CURVE_WITH_KNOTS('',3,(#2949,#2950,#2951,#2952,#2953),
  .UNSPECIFIED.,.F.,.F.,(4,1,4),(0.,0.5,1.),.QUASI_UNIFORM_KNOTS.);
#2949 = CARTESIAN_POINT('',(-0.21109639578,-5.198585916686));
#2950 = CARTESIAN_POINT('',(-0.140402476049,-5.148354486466));
#2951 = CARTESIAN_POINT('',(6.66221005968E-04,-5.048376163617));
#2952 = CARTESIAN_POINT('',(0.141061647025,-4.949291751638));
#2953 = CARTESIAN_POINT('',(0.211105667024,-4.900004548257));
#2954 = ( GEOMETRIC_REPRESENTATION_CONTEXT(2) 
PARAMETRIC_REPRESENTATION_CONTEXT() REPRESENTATION_CONTEXT('2D SPACE',''
  ) );
#2955 = PCURVE('',#2151,#2956);
#2956 = DEFINITIONAL_REPRESENTATION('',(#2957),#2960);
#2957 = B_SPLINE_CURVE_WITH_KNOTS('',1,(#2958,#2959),.UNSPECIFIED.,.F.,
  .F.,(2,2),(0.,1.),.PIECEWISE_BEZIER_KNOTS.);
#2958 = CARTESIAN_POINT('',(4.974186478848,-0.201390190567));
#2959 = CARTESIAN_POINT('',(4.983926953972,-0.499956733843));
#2960 = ( GEOMETRIC_REPRESENTATION_CONTEXT(2) 
PARAMETRIC_REPRESENTATION_CONTEXT() REPRESENTATION_CONTEXT('2D SPACE',''
  ) );
#2961 = ADVANCED_FACE('',(#2962),#637,.T.);
#2962 = FACE_BOUND('',#2963,.F.);
#2963 = EDGE_LOOP('',(#2964,#2987,#3015,#3036,#3037));
#2964 = ORIENTED_EDGE('',*,*,#2965,.T.);
#2965 = EDGE_CURVE('',#2916,#2966,#2968,.T.);
#2966 = VERTEX_POINT('',#2967);
#2967 = CARTESIAN_POINT('',(30.13683786412,5.6,-8.075141368119));
#2968 = SURFACE_CURVE('',#2969,(#2973,#2980),.PCURVE_S1.);
#2969 = LINE('',#2970,#2971);
#2970 = CARTESIAN_POINT('',(29.74910416096,5.198585916686,-7.97124843548
    ));
#2971 = VECTOR('',#2972,1.);
#2972 = DIRECTION('',(0.68301047622,0.707109085365,-0.183012105525));
#2973 = PCURVE('',#637,#2974);
#2974 = DEFINITIONAL_REPRESENTATION('',(#2975),#2979);
#2975 = LINE('',#2976,#2977);
#2976 = CARTESIAN_POINT('',(0.298538926377,11.098585916686));
#2977 = VECTOR('',#2978,1.);
#2978 = DIRECTION('',(0.707104477001,0.707109085365));
#2979 = ( GEOMETRIC_REPRESENTATION_CONTEXT(2) 
PARAMETRIC_REPRESENTATION_CONTEXT() REPRESENTATION_CONTEXT('2D SPACE',''
  ) );
#2980 = PCURVE('',#2151,#2981);
#2981 = DEFINITIONAL_REPRESENTATION('',(#2982),#2986);
#2982 = LINE('',#2983,#2984);
#2983 = CARTESIAN_POINT('',(4.974186478848,-0.201390190567));
#2984 = VECTOR('',#2985,1.);
#2985 = DIRECTION('',(6.055524528173E-08,1.));
#2986 = ( GEOMETRIC_REPRESENTATION_CONTEXT(2) 
PARAMETRIC_REPRESENTATION_CONTEXT() REPRESENTATION_CONTEXT('2D SPACE',''
  ) );
#2987 = ORIENTED_EDGE('',*,*,#2988,.T.);
#2988 = EDGE_CURVE('',#2966,#2989,#2991,.T.);
#2989 = VERTEX_POINT('',#2990);
#2990 = CARTESIAN_POINT('',(31.36747525455,5.6,-8.404889663061));
#2991 = SURFACE_CURVE('',#2992,(#2996,#3003),.PCURVE_S1.);
#2992 = LINE('',#2993,#2994);
#2993 = CARTESIAN_POINT('',(30.13683786412,5.6,-8.075141368119));
#2994 = VECTOR('',#2995,1.);
#2995 = DIRECTION('',(0.965925826289,1.045695280281E-14,-0.258819045102)
  );
#2996 = PCURVE('',#637,#2997);
#2997 = DEFINITIONAL_REPRESENTATION('',(#2998),#3002);
#2998 = LINE('',#2999,#3000);
#2999 = CARTESIAN_POINT('',(0.699950393601,11.5));
#3000 = VECTOR('',#3001,1.);
#3001 = DIRECTION('',(1.,1.045695280281E-14));
#3002 = ( GEOMETRIC_REPRESENTATION_CONTEXT(2) 
PARAMETRIC_REPRESENTATION_CONTEXT() REPRESENTATION_CONTEXT('2D SPACE',''
  ) );
#3003 = PCURVE('',#3004,#3009);
#3004 = PLANE('',#3005);
#3005 = AXIS2_PLACEMENT_3D('',#3006,#3007,#3008);
#3006 = CARTESIAN_POINT('',(30.42576511892,5.75,-8.307850619776));
#3007 = DIRECTION('',(0.183012701892,0.707106781187,0.683012701892));
#3008 = DIRECTION('',(0.183012701892,-0.707106781187,0.683012701892));
#3009 = DEFINITIONAL_REPRESENTATION('',(#3010),#3014);
#3010 = LINE('',#3011,#3012);
#3011 = CARTESIAN_POINT('',(0.212132034356,-0.339311883631));
#3012 = VECTOR('',#3013,1.);
#3013 = DIRECTION('',(-1.110223024625E-15,1.));
#3014 = ( GEOMETRIC_REPRESENTATION_CONTEXT(2) 
PARAMETRIC_REPRESENTATION_CONTEXT() REPRESENTATION_CONTEXT('2D SPACE',''
  ) );
#3015 = ORIENTED_EDGE('',*,*,#3016,.F.);
#3016 = EDGE_CURVE('',#622,#2989,#3017,.T.);
#3017 = SURFACE_CURVE('',#3018,(#3022,#3029),.PCURVE_S1.);
#3018 = LINE('',#3019,#3020);
#3019 = CARTESIAN_POINT('',(31.36747525455,-5.6,-8.404889663061));
#3020 = VECTOR('',#3021,1.);
#3021 = DIRECTION('',(0.,1.,0.));
#3022 = PCURVE('',#637,#3023);
#3023 = DEFINITIONAL_REPRESENTATION('',(#3024),#3028);
#3024 = LINE('',#3025,#3026);
#3025 = CARTESIAN_POINT('',(1.973999970635,0.3));
#3026 = VECTOR('',#3027,1.);
#3027 = DIRECTION('',(0.,1.));
#3028 = ( GEOMETRIC_REPRESENTATION_CONTEXT(2) 
PARAMETRIC_REPRESENTATION_CONTEXT() REPRESENTATION_CONTEXT('2D SPACE',''
  ) );
#3029 = PCURVE('',#665,#3030);
#3030 = DEFINITIONAL_REPRESENTATION('',(#3031),#3035);
#3031 = LINE('',#3032,#3033);
#3032 = CARTESIAN_POINT('',(-0.101696750484,-5.6));
#3033 = VECTOR('',#3034,1.);
#3034 = DIRECTION('',(0.,1.));
#3035 = ( GEOMETRIC_REPRESENTATION_CONTEXT(2) 
PARAMETRIC_REPRESENTATION_CONTEXT() REPRESENTATION_CONTEXT('2D SPACE',''
  ) );
#3036 = ORIENTED_EDGE('',*,*,#621,.T.);
#3037 = ORIENTED_EDGE('',*,*,#2915,.F.);
#3038 = ADVANCED_FACE('',(#3039),#665,.T.);
#3039 = FACE_BOUND('',#3040,.F.);
#3040 = EDGE_LOOP('',(#3041,#3064,#3065,#3066,#3067,#3090));
#3041 = ORIENTED_EDGE('',*,*,#3042,.F.);
#3042 = EDGE_CURVE('',#706,#3043,#3045,.T.);
#3043 = VERTEX_POINT('',#3044);
#3044 = CARTESIAN_POINT('',(31.5344606623,5.6,-8.521013690858));
#3045 = SURFACE_CURVE('',#3046,(#3050,#3057),.PCURVE_S1.);
#3046 = LINE('',#3047,#3048);
#3047 = CARTESIAN_POINT('',(31.5344606623,-5.6,-8.521013690858));
#3048 = VECTOR('',#3049,1.);
#3049 = DIRECTION('',(0.,1.,0.));
#3050 = PCURVE('',#665,#3051);
#3051 = DEFINITIONAL_REPRESENTATION('',(#3052),#3056);
#3052 = LINE('',#3053,#3054);
#3053 = CARTESIAN_POINT('',(0.101696750477,-5.6));
#3054 = VECTOR('',#3055,1.);
#3055 = DIRECTION('',(0.,1.));
#3056 = ( GEOMETRIC_REPRESENTATION_CONTEXT(2) 
PARAMETRIC_REPRESENTATION_CONTEXT() REPRESENTATION_CONTEXT('2D SPACE',''
  ) );
#3057 = PCURVE('',#722,#3058);
#3058 = DEFINITIONAL_REPRESENTATION('',(#3059),#3063);
#3059 = LINE('',#3060,#3061);
#3060 = CARTESIAN_POINT('',(3.758905113269,-0.3));
#3061 = VECTOR('',#3062,1.);
#3062 = DIRECTION('',(0.,-1.));
#3063 = ( GEOMETRIC_REPRESENTATION_CONTEXT(2) 
PARAMETRIC_REPRESENTATION_CONTEXT() REPRESENTATION_CONTEXT('2D SPACE',''
  ) );
#3064 = ORIENTED_EDGE('',*,*,#734,.T.);
#3065 = ORIENTED_EDGE('',*,*,#649,.F.);
#3066 = ORIENTED_EDGE('',*,*,#3016,.T.);
#3067 = ORIENTED_EDGE('',*,*,#3068,.F.);
#3068 = EDGE_CURVE('',#3069,#2989,#3071,.T.);
#3069 = VERTEX_POINT('',#3070);
#3070 = CARTESIAN_POINT('',(31.44968848145,5.633945801437,
    -8.462061910468));
#3071 = SURFACE_CURVE('',#3072,(#3076,#3083),.PCURVE_S1.);
#3072 = LINE('',#3073,#3074);
#3073 = CARTESIAN_POINT('',(31.44968848145,5.633945801437,
    -8.462061910468));
#3074 = VECTOR('',#3075,1.);
#3075 = DIRECTION('',(-0.777536583733,-0.321044477619,0.540710000228));
#3076 = PCURVE('',#665,#3077);
#3077 = DEFINITIONAL_REPRESENTATION('',(#3078),#3082);
#3078 = LINE('',#3079,#3080);
#3079 = CARTESIAN_POINT('',(-1.558443374284E-03,5.633945801437));
#3080 = VECTOR('',#3081,1.);
#3081 = DIRECTION('',(-0.947064117888,-0.321044477619));
#3082 = ( GEOMETRIC_REPRESENTATION_CONTEXT(2) 
PARAMETRIC_REPRESENTATION_CONTEXT() REPRESENTATION_CONTEXT('2D SPACE',''
  ) );
#3083 = PCURVE('',#3004,#3084);
#3084 = DEFINITIONAL_REPRESENTATION('',(#3085),#3089);
#3085 = LINE('',#3086,#3087);
#3086 = CARTESIAN_POINT('',(0.164125421578,1.028946839009));
#3087 = VECTOR('',#3088,1.);
#3088 = DIRECTION('',(0.454025454374,-0.890988713049));
#3089 = ( GEOMETRIC_REPRESENTATION_CONTEXT(2) 
PARAMETRIC_REPRESENTATION_CONTEXT() REPRESENTATION_CONTEXT('2D SPACE',''
  ) );
#3090 = ORIENTED_EDGE('',*,*,#3091,.F.);
#3091 = EDGE_CURVE('',#3043,#3069,#3092,.T.);
#3092 = SURFACE_CURVE('',#3093,(#3099,#3108),.PCURVE_S1.);
#3093 = B_SPLINE_CURVE_WITH_KNOTS('',3,(#3094,#3095,#3096,#3097,#3098),
  .UNSPECIFIED.,.F.,.F.,(4,1,4),(0.,0.5,1.),.QUASI_UNIFORM_KNOTS.);
#3094 = CARTESIAN_POINT('',(31.5344606623,5.6,-8.521013690858));
#3095 = CARTESIAN_POINT('',(31.52034104966,5.605829981198,
    -8.511194711387));
#3096 = CARTESIAN_POINT('',(31.49209313864,5.617319005905,
    -8.491550712253));
#3097 = CARTESIAN_POINT('',(31.46382664494,5.628461932927,
    -8.471893790468));
#3098 = CARTESIAN_POINT('',(31.44968848145,5.633945801437,
    -8.462061910468));
#3099 = PCURVE('',#665,#3100);
#3100 = DEFINITIONAL_REPRESENTATION('',(#3101),#3107);
#3101 = B_SPLINE_CURVE_WITH_KNOTS('',3,(#3102,#3103,#3104,#3105,#3106),
  .UNSPECIFIED.,.F.,.F.,(4,1,4),(0.,0.5,1.),.QUASI_UNIFORM_KNOTS.);
#3102 = CARTESIAN_POINT('',(0.101696750477,5.6));
#3103 = CARTESIAN_POINT('',(8.449861630599E-02,5.605829981198));
#3104 = CARTESIAN_POINT('',(5.009176845603E-02,5.617319005905));
#3105 = CARTESIAN_POINT('',(1.566228632002E-02,5.628461932927));
#3106 = CARTESIAN_POINT('',(-1.558443374282E-03,5.633945801437));
#3107 = ( GEOMETRIC_REPRESENTATION_CONTEXT(2) 
PARAMETRIC_REPRESENTATION_CONTEXT() REPRESENTATION_CONTEXT('2D SPACE',''
  ) );
#3108 = PCURVE('',#3109,#3114);
#3109 = CONICAL_SURFACE('',#3110,4.35000000044,0.785398163397);
#3110 = AXIS2_PLACEMENT_3D('',#3111,#3112,#3113);
#3111 = CARTESIAN_POINT('',(27.8649938431,5.74999999956,-11.1258194922)
  );
#3112 = DIRECTION('',(0.,-1.,0.));
#3113 = DIRECTION('',(0.,0.,-1.));
#3114 = DEFINITIONAL_REPRESENTATION('',(#3115),#3118);
#3115 = B_SPLINE_CURVE_WITH_KNOTS('',1,(#3116,#3117),.UNSPECIFIED.,.F.,
  .F.,(2,2),(0.,1.),.PIECEWISE_BEZIER_KNOTS.);
#3116 = CARTESIAN_POINT('',(2.188108786476,0.149999999555));
#3117 = CARTESIAN_POINT('',(2.20986157751,0.11605419812));
#3118 = ( GEOMETRIC_REPRESENTATION_CONTEXT(2) 
PARAMETRIC_REPRESENTATION_CONTEXT() REPRESENTATION_CONTEXT('2D SPACE',''
  ) );
#3119 = ADVANCED_FACE('',(#3120),#722,.T.);
#3120 = FACE_BOUND('',#3121,.T.);
#3121 = EDGE_LOOP('',(#3122,#3123,#3124,#3125));
#3122 = ORIENTED_EDGE('',*,*,#3042,.F.);
#3123 = ORIENTED_EDGE('',*,*,#705,.F.);
#3124 = ORIENTED_EDGE('',*,*,#1452,.T.);
#3125 = ORIENTED_EDGE('',*,*,#3126,.F.);
#3126 = EDGE_CURVE('',#3043,#1424,#3127,.T.);
#3127 = SURFACE_CURVE('',#3128,(#3133,#3140),.PCURVE_S1.);
#3128 = CIRCLE('',#3129,4.5);
#3129 = AXIS2_PLACEMENT_3D('',#3130,#3131,#3132);
#3130 = CARTESIAN_POINT('',(27.86499384309,5.6,-11.1258194922));
#3131 = DIRECTION('',(0.,1.,0.));
#3132 = DIRECTION('',(0.815437070935,-0.,0.578845733633));
#3133 = PCURVE('',#722,#3134);
#3134 = DEFINITIONAL_REPRESENTATION('',(#3135),#3139);
#3135 = LINE('',#3136,#3137);
#3136 = CARTESIAN_POINT('',(3.75890511327,-11.5));
#3137 = VECTOR('',#3138,1.);
#3138 = DIRECTION('',(-1.,0.));
#3139 = ( GEOMETRIC_REPRESENTATION_CONTEXT(2) 
PARAMETRIC_REPRESENTATION_CONTEXT() REPRESENTATION_CONTEXT('2D SPACE',''
  ) );
#3140 = PCURVE('',#3109,#3141);
#3141 = DEFINITIONAL_REPRESENTATION('',(#3142),#3146);
#3142 = LINE('',#3143,#3144);
#3143 = CARTESIAN_POINT('',(2.188108786476,0.149999999556));
#3144 = VECTOR('',#3145,1.);
#3145 = DIRECTION('',(-1.,-6.797911681934E-13));
#3146 = ( GEOMETRIC_REPRESENTATION_CONTEXT(2) 
PARAMETRIC_REPRESENTATION_CONTEXT() REPRESENTATION_CONTEXT('2D SPACE',''
  ) );
#3147 = ADVANCED_FACE('',(#3148),#1440,.T.);
#3148 = FACE_BOUND('',#3149,.T.);
#3149 = EDGE_LOOP('',(#3150,#3171,#3172,#3200));
#3150 = ORIENTED_EDGE('',*,*,#3151,.F.);
#3151 = EDGE_CURVE('',#1424,#3152,#3154,.T.);
#3152 = VERTEX_POINT('',#3153);
#3153 = CARTESIAN_POINT('',(31.83411473049,5.9,-12.49916554519));
#3154 = SURFACE_CURVE('',#3155,(#3159,#3165),.PCURVE_S1.);
#3155 = LINE('',#3156,#3157);
#3156 = CARTESIAN_POINT('',(32.11557473014,5.600001776555,
    -12.60316377623));
#3157 = VECTOR('',#3158,1.);
#3158 = DIRECTION('',(-0.663344386861,0.707035237113,0.245102831278));
#3159 = PCURVE('',#1440,#3160);
#3160 = DEFINITIONAL_REPRESENTATION('',(#3161),#3164);
#3161 = B_SPLINE_CURVE_WITH_KNOTS('',1,(#3162,#3163),.UNSPECIFIED.,.F.,
  .F.,(2,2),(-2.512678966805E-06,0.424304486816),
  .PIECEWISE_BEZIER_KNOTS.);
#3162 = CARTESIAN_POINT('',(1.196831482426,0.150002513858));
#3163 = CARTESIAN_POINT('',(1.196655768603,-0.149997486141));
#3164 = ( GEOMETRIC_REPRESENTATION_CONTEXT(2) 
PARAMETRIC_REPRESENTATION_CONTEXT() REPRESENTATION_CONTEXT('2D SPACE',''
  ) );
#3165 = PCURVE('',#3109,#3166);
#3166 = DEFINITIONAL_REPRESENTATION('',(#3167),#3170);
#3167 = B_SPLINE_CURVE_WITH_KNOTS('',1,(#3168,#3169),.UNSPECIFIED.,.F.,
  .F.,(2,2),(-2.512678966805E-06,0.424304486816),
  .PIECEWISE_BEZIER_KNOTS.);
#3168 = CARTESIAN_POINT('',(1.236294269783,0.149999999559));
#3169 = CARTESIAN_POINT('',(1.237682615566,-0.150000000441));
#3170 = ( GEOMETRIC_REPRESENTATION_CONTEXT(2) 
PARAMETRIC_REPRESENTATION_CONTEXT() REPRESENTATION_CONTEXT('2D SPACE',''
  ) );
#3171 = ORIENTED_EDGE('',*,*,#1423,.T.);
#3172 = ORIENTED_EDGE('',*,*,#3173,.F.);
#3173 = EDGE_CURVE('',#3174,#1396,#3176,.T.);
#3174 = VERTEX_POINT('',#3175);
#3175 = CARTESIAN_POINT('',(7.352344193022,5.9,-33.40034483156));
#3176 = SURFACE_CURVE('',#3177,(#3181,#3188),.PCURVE_S1.);
#3177 = LINE('',#3178,#3179);
#3178 = CARTESIAN_POINT('',(7.352343846849,5.900001895961,
    -33.40034296641));
#3179 = VECTOR('',#3180,1.);
#3180 = DIRECTION('',(0.152014362309,-0.707106781187,-0.690573409314));
#3181 = PCURVE('',#1440,#3182);
#3182 = DEFINITIONAL_REPRESENTATION('',(#3183),#3187);
#3183 = LINE('',#3184,#3185);
#3184 = CARTESIAN_POINT('',(0.216672196902,-0.149999382103));
#3185 = VECTOR('',#3186,1.);
#3186 = DIRECTION('',(-1.581920427981E-09,1.));
#3187 = ( GEOMETRIC_REPRESENTATION_CONTEXT(2) 
PARAMETRIC_REPRESENTATION_CONTEXT() REPRESENTATION_CONTEXT('2D SPACE',''
  ) );
#3188 = PCURVE('',#3189,#3194);
#3189 = CONICAL_SURFACE('',#3190,3.149999990199,0.785398163397);
#3190 = AXIS2_PLACEMENT_3D('',#3191,#3192,#3193);
#3191 = CARTESIAN_POINT('',(8.061780913401,5.749999990199,
    -36.62318512233));
#3192 = DIRECTION('',(0.,1.,0.));
#3193 = DIRECTION('',(0.,0.,-1.));
#3194 = DEFINITIONAL_REPRESENTATION('',(#3195),#3199);
#3195 = LINE('',#3196,#3197);
#3196 = CARTESIAN_POINT('',(2.924920477586,0.150001905764));
#3197 = VECTOR('',#3198,1.);
#3198 = DIRECTION('',(-1.12261725841E-08,-1.));
#3199 = ( GEOMETRIC_REPRESENTATION_CONTEXT(2) 
PARAMETRIC_REPRESENTATION_CONTEXT() REPRESENTATION_CONTEXT('2D SPACE',''
  ) );
#3200 = ORIENTED_EDGE('',*,*,#3201,.F.);
#3201 = EDGE_CURVE('',#3152,#3174,#3202,.T.);
#3202 = SURFACE_CURVE('',#3203,(#3208,#3215),.PCURVE_S1.);
#3203 = CIRCLE('',#3204,34.2);
#3204 = AXIS2_PLACEMENT_3D('',#3205,#3206,#3207);
#3205 = CARTESIAN_POINT('',(3.610445276081E-13,5.9,-3.188560526723E-13)
  );
#3206 = DIRECTION('',(0.,1.,0.));
#3207 = DIRECTION('',(0.930822068143,0.,-0.36547267676));
#3208 = PCURVE('',#1440,#3209);
#3209 = DEFINITIONAL_REPRESENTATION('',(#3210),#3214);
#3210 = LINE('',#3211,#3212);
#3211 = CARTESIAN_POINT('',(1.196655768603,-0.149997486141));
#3212 = VECTOR('',#3213,1.);
#3213 = DIRECTION('',(-1.,-3.624891563172E-15));
#3214 = ( GEOMETRIC_REPRESENTATION_CONTEXT(2) 
PARAMETRIC_REPRESENTATION_CONTEXT() REPRESENTATION_CONTEXT('2D SPACE',''
  ) );
#3215 = PCURVE('',#3216,#3221);
#3216 = PLANE('',#3217);
#3217 = AXIS2_PLACEMENT_3D('',#3218,#3219,#3220);
#3218 = CARTESIAN_POINT('',(0.,5.9,0.));
#3219 = DIRECTION('',(0.,1.,0.));
#3220 = DIRECTION('',(0.978147600734,0.,-0.207911690818));
#3221 = DEFINITIONAL_REPRESENTATION('',(#3222),#3226);
#3222 = CIRCLE('',#3223,34.2);
#3223 = AXIS2_PLACEMENT_2D('',#3224,#3225);
#3224 = CARTESIAN_POINT('',(4.194487394765E-13,2.368229047053E-13));
#3225 = DIRECTION('',(0.986467414837,0.163957431868));
#3226 = ( GEOMETRIC_REPRESENTATION_CONTEXT(2) 
PARAMETRIC_REPRESENTATION_CONTEXT() REPRESENTATION_CONTEXT('2D SPACE',''
  ) );
#3227 = ADVANCED_FACE('',(#3228),#804,.T.);
#3228 = FACE_BOUND('',#3229,.T.);
#3229 = EDGE_LOOP('',(#3230,#3258,#3259,#3280));
#3230 = ORIENTED_EDGE('',*,*,#3231,.T.);
#3231 = EDGE_CURVE('',#3232,#788,#3234,.T.);
#3232 = VERTEX_POINT('',#3233);
#3233 = CARTESIAN_POINT('',(-20.30184477492,5.9,-27.52226550876));
#3234 = SURFACE_CURVE('',#3235,(#3239,#3246),.PCURVE_S1.);
#3235 = LINE('',#3236,#3237);
#3236 = CARTESIAN_POINT('',(-20.3018438343,5.900001671085,
    -27.52226412608));
#3237 = VECTOR('',#3238,1.);
#3238 = DIRECTION('',(-0.41975306032,-0.707106781186,-0.569040744017));
#3239 = PCURVE('',#804,#3240);
#3240 = DEFINITIONAL_REPRESENTATION('',(#3241),#3245);
#3241 = LINE('',#3242,#3243);
#3242 = CARTESIAN_POINT('',(5.647634089772,-0.149999397454));
#3243 = VECTOR('',#3244,1.);
#3244 = DIRECTION('',(2.604114553597E-08,1.));
#3245 = ( GEOMETRIC_REPRESENTATION_CONTEXT(2) 
PARAMETRIC_REPRESENTATION_CONTEXT() REPRESENTATION_CONTEXT('2D SPACE',''
  ) );
#3246 = PCURVE('',#3247,#3252);
#3247 = CONICAL_SURFACE('',#3248,3.149999990199,0.785398163397);
#3248 = AXIS2_PLACEMENT_3D('',#3249,#3250,#3251);
#3249 = CARTESIAN_POINT('',(-22.26079470935,5.749999990199,
    -30.17792270698));
#3250 = DIRECTION('',(0.,1.,0.));
#3251 = DIRECTION('',(0.,0.,-1.));
#3252 = DEFINITIONAL_REPRESENTATION('',(#3253),#3257);
#3253 = LINE('',#3254,#3255);
#3254 = CARTESIAN_POINT('',(3.77714384979,0.150001680886));
#3255 = VECTOR('',#3256,1.);
#3256 = DIRECTION('',(2.924040668823E-07,-1.));
#3257 = ( GEOMETRIC_REPRESENTATION_CONTEXT(2) 
PARAMETRIC_REPRESENTATION_CONTEXT() REPRESENTATION_CONTEXT('2D SPACE',''
  ) );
#3258 = ORIENTED_EDGE('',*,*,#787,.T.);
#3259 = ORIENTED_EDGE('',*,*,#3260,.F.);
#3260 = EDGE_CURVE('',#3261,#765,#3263,.T.);
#3261 = VERTEX_POINT('',#3262);
#3262 = CARTESIAN_POINT('',(-31.83411473049,5.9,-12.49916554519));
#3263 = SURFACE_CURVE('',#3264,(#3268,#3274),.PCURVE_S1.);
#3264 = LINE('',#3265,#3266);
#3265 = CARTESIAN_POINT('',(-31.83411473049,5.9,-12.49916554519));
#3266 = VECTOR('',#3267,1.);
#3267 = DIRECTION('',(-0.663344389514,-0.707035237133,-0.245102824041));
#3268 = PCURVE('',#804,#3269);
#3269 = DEFINITIONAL_REPRESENTATION('',(#3270),#3273);
#3270 = B_SPLINE_CURVE_WITH_KNOTS('',1,(#3271,#3272),.UNSPECIFIED.,.F.,
  .F.,(2,2),(-0.,0.424306999495),.PIECEWISE_BEZIER_KNOTS.);
#3271 = CARTESIAN_POINT('',(5.086529538577,-0.14999772637));
#3272 = CARTESIAN_POINT('',(5.086353824659,0.150002273596));
#3273 = ( GEOMETRIC_REPRESENTATION_CONTEXT(2) 
PARAMETRIC_REPRESENTATION_CONTEXT() REPRESENTATION_CONTEXT('2D SPACE',''
  ) );
#3274 = PCURVE('',#2021,#3275);
#3275 = DEFINITIONAL_REPRESENTATION('',(#3276),#3279);
#3276 = B_SPLINE_CURVE_WITH_KNOTS('',1,(#3277,#3278),.UNSPECIFIED.,.F.,
  .F.,(2,2),(-0.,0.424306999495),.PIECEWISE_BEZIER_KNOTS.);
#3277 = CARTESIAN_POINT('',(5.045502691613,-0.150000776418));
#3278 = CARTESIAN_POINT('',(5.04689103667,0.149999223615));
#3279 = ( GEOMETRIC_REPRESENTATION_CONTEXT(2) 
PARAMETRIC_REPRESENTATION_CONTEXT() REPRESENTATION_CONTEXT('2D SPACE',''
  ) );
#3280 = ORIENTED_EDGE('',*,*,#3281,.F.);
#3281 = EDGE_CURVE('',#3232,#3261,#3282,.T.);
#3282 = SURFACE_CURVE('',#3283,(#3288,#3295),.PCURVE_S1.);
#3283 = CIRCLE('',#3284,34.2);
#3284 = AXIS2_PLACEMENT_3D('',#3285,#3286,#3287);
#3285 = CARTESIAN_POINT('',(3.090860900556E-13,5.9,-2.797762022055E-13)
  );
#3286 = DIRECTION('',(0.,1.,0.));
#3287 = DIRECTION('',(-0.593621192249,0.,-0.804744605519));
#3288 = PCURVE('',#804,#3289);
#3289 = DEFINITIONAL_REPRESENTATION('',(#3290),#3294);
#3290 = LINE('',#3291,#3292);
#3291 = CARTESIAN_POINT('',(5.647634091638,-0.149997726371));
#3292 = VECTOR('',#3293,1.);
#3293 = DIRECTION('',(-1.,6.330966605763E-15));
#3294 = ( GEOMETRIC_REPRESENTATION_CONTEXT(2) 
PARAMETRIC_REPRESENTATION_CONTEXT() REPRESENTATION_CONTEXT('2D SPACE',''
  ) );
#3295 = PCURVE('',#3216,#3296);
#3296 = DEFINITIONAL_REPRESENTATION('',(#3297),#3301);
#3297 = CIRCLE('',#3298,34.2);
#3298 = AXIS2_PLACEMENT_2D('',#3299,#3300);
#3299 = CARTESIAN_POINT('',(3.605005606592E-13,2.09399809338E-13));
#3300 = DIRECTION('',(-0.413333333333,0.910579790878));
#3301 = ( GEOMETRIC_REPRESENTATION_CONTEXT(2) 
PARAMETRIC_REPRESENTATION_CONTEXT() REPRESENTATION_CONTEXT('2D SPACE',''
  ) );
#3302 = ADVANCED_FACE('',(#3303),#1411,.F.);
#3303 = FACE_BOUND('',#3304,.F.);
#3304 = EDGE_LOOP('',(#3305,#3329,#3357,#3447,#3516));
#3305 = ORIENTED_EDGE('',*,*,#3306,.T.);
#3306 = EDGE_CURVE('',#1396,#3307,#3309,.T.);
#3307 = VERTEX_POINT('',#3308);
#3308 = CARTESIAN_POINT('',(5.127338122066,5.599999994519,
    -35.99945002512));
#3309 = SURFACE_CURVE('',#3310,(#3315,#3322),.PCURVE_S1.);
#3310 = CIRCLE('',#3311,3.);
#3311 = AXIS2_PLACEMENT_3D('',#3312,#3313,#3314);
#3312 = CARTESIAN_POINT('',(8.061780913401,5.6,-36.62318512233));
#3313 = DIRECTION('',(0.,-1.,0.));
#3314 = DIRECTION('',(-0.214980824357,0.,0.976618269929));
#3315 = PCURVE('',#1411,#3316);
#3316 = DEFINITIONAL_REPRESENTATION('',(#3317),#3321);
#3317 = LINE('',#3318,#3319);
#3318 = CARTESIAN_POINT('',(0.,15.68248));
#3319 = VECTOR('',#3320,1.);
#3320 = DIRECTION('',(1.,0.));
#3321 = ( GEOMETRIC_REPRESENTATION_CONTEXT(2) 
PARAMETRIC_REPRESENTATION_CONTEXT() REPRESENTATION_CONTEXT('2D SPACE',''
  ) );
#3322 = PCURVE('',#3189,#3323);
#3323 = DEFINITIONAL_REPRESENTATION('',(#3324),#3328);
#3324 = LINE('',#3325,#3326);
#3325 = CARTESIAN_POINT('',(2.924920458527,-0.149999990199));
#3326 = VECTOR('',#3327,1.);
#3327 = DIRECTION('',(-1.,-1.371637603326E-15));
#3328 = ( GEOMETRIC_REPRESENTATION_CONTEXT(2) 
PARAMETRIC_REPRESENTATION_CONTEXT() REPRESENTATION_CONTEXT('2D SPACE',''
  ) );
#3329 = ORIENTED_EDGE('',*,*,#3330,.F.);
#3330 = EDGE_CURVE('',#3331,#3307,#3333,.T.);
#3331 = VERTEX_POINT('',#3332);
#3332 = CARTESIAN_POINT('',(5.1273381112,0.962739881735,-35.99945004987)
  );
#3333 = SURFACE_CURVE('',#3334,(#3338,#3345),.PCURVE_S1.);
#3334 = LINE('',#3335,#3336);
#3335 = CARTESIAN_POINT('',(5.1273381112,0.962739881735,-35.99945004987)
  );
#3336 = VECTOR('',#3337,1.);
#3337 = DIRECTION('',(2.343165371955E-09,1.,5.338548867816E-09));
#3338 = PCURVE('',#1411,#3339);
#3339 = DEFINITIONAL_REPRESENTATION('',(#3340),#3344);
#3340 = LINE('',#3341,#3342);
#3341 = CARTESIAN_POINT('',(1.144684621491,20.319740118264));
#3342 = VECTOR('',#3343,1.);
#3343 = DIRECTION('',(-1.903020367916E-09,-1.));
#3344 = ( GEOMETRIC_REPRESENTATION_CONTEXT(2) 
PARAMETRIC_REPRESENTATION_CONTEXT() REPRESENTATION_CONTEXT('2D SPACE',''
  ) );
#3345 = PCURVE('',#3346,#3351);
#3346 = PLANE('',#3347);
#3347 = AXIS2_PLACEMENT_3D('',#3348,#3349,#3350);
#3348 = CARTESIAN_POINT('',(12.22684500917,0.,-2.598896135222));
#3349 = DIRECTION('',(0.978147600734,0.,-0.207911690818));
#3350 = DIRECTION('',(0.,-1.,0.));
#3351 = DEFINITIONAL_REPRESENTATION('',(#3352),#3356);
#3352 = LINE('',#3353,#3354);
#3353 = CARTESIAN_POINT('',(-0.962739881735,34.146742157922));
#3354 = VECTOR('',#3355,1.);
#3355 = DIRECTION('',(-1.,-5.709060240803E-09));
#3356 = ( GEOMETRIC_REPRESENTATION_CONTEXT(2) 
PARAMETRIC_REPRESENTATION_CONTEXT() REPRESENTATION_CONTEXT('2D SPACE',''
  ) );
#3357 = ORIENTED_EDGE('',*,*,#3358,.F.);
#3358 = EDGE_CURVE('',#3359,#3331,#3361,.T.);
#3359 = VERTEX_POINT('',#3360);
#3360 = CARTESIAN_POINT('',(5.388218914289,0.271542866276,
    -35.26227871386));
#3361 = SURFACE_CURVE('',#3362,(#3368,#3397),.PCURVE_S1.);
#3362 = B_SPLINE_CURVE_WITH_KNOTS('',3,(#3363,#3364,#3365,#3366,#3367),
  .UNSPECIFIED.,.F.,.F.,(4,1,4),(0.,0.5,1.),.QUASI_UNIFORM_KNOTS.);
#3363 = CARTESIAN_POINT('',(5.388218914289,0.271542866276,
    -35.26227871386));
#3364 = CARTESIAN_POINT('',(5.32957441576,0.376575943315,-35.37748848955
    ));
#3365 = CARTESIAN_POINT('',(5.226782085498,0.597546850739,
    -35.61624396969));
#3366 = CARTESIAN_POINT('',(5.154937405236,0.838082647973,
    -35.86960558015));
#3367 = CARTESIAN_POINT('',(5.1273381112,0.962739881735,-35.99945004987)
  );
#3368 = PCURVE('',#1411,#3369);
#3369 = DEFINITIONAL_REPRESENTATION('',(#3370),#3396);
#3370 = B_SPLINE_CURVE_WITH_KNOTS('',3,(#3371,#3372,#3373,#3374,#3375,
    #3376,#3377,#3378,#3379,#3380,#3381,#3382,#3383,#3384,#3385,#3386,
    #3387,#3388,#3389,#3390,#3391,#3392,#3393,#3394,#3395),
  .UNSPECIFIED.,.F.,.F.,(4,1,1,1,1,1,1,1,1,1,1,1,1,1,1,1,1,1,1,1,1,1,4),
  (0.,4.545454545455E-02,9.090909090909E-02,0.136363636364,
    0.181818181818,0.227272727273,0.272727272727,0.318181818182,
    0.363636363636,0.409090909091,0.454545454545,0.5,0.545454545455,
    0.590909090909,0.636363636364,0.681818181818,0.727272727273,
    0.772727272727,0.818181818182,0.863636363636,0.909090909091,
    0.954545454545,1.),.QUASI_UNIFORM_KNOTS.);
#3371 = CARTESIAN_POINT('',(0.883283653472,21.010937133724));
#3372 = CARTESIAN_POINT('',(0.887201130453,21.001388672175));
#3373 = CARTESIAN_POINT('',(0.895038430706,20.982201627148));
#3374 = CARTESIAN_POINT('',(0.906802028638,20.953153223444));
#3375 = CARTESIAN_POINT('',(0.918573879473,20.923839513196));
#3376 = CARTESIAN_POINT('',(0.93035460021,20.894263026025));
#3377 = CARTESIAN_POINT('',(0.942144815552,20.864426291552));
#3378 = CARTESIAN_POINT('',(0.953945159024,20.834331839397));
#3379 = CARTESIAN_POINT('',(0.965756272717,20.803982199182));
#3380 = CARTESIAN_POINT('',(0.977578807386,20.773379900528));
#3381 = CARTESIAN_POINT('',(0.989413422453,20.742527473054));
#3382 = CARTESIAN_POINT('',(1.001260785967,20.711427446383));
#3383 = CARTESIAN_POINT('',(1.013121574758,20.680082350135));
#3384 = CARTESIAN_POINT('',(1.024996473795,20.64849471393));
#3385 = CARTESIAN_POINT('',(1.036886171682,20.616666800221));
#3386 = CARTESIAN_POINT('',(1.048791373316,20.58460087146));
#3387 = CARTESIAN_POINT('',(1.06071279923,20.552299190099));
#3388 = CARTESIAN_POINT('',(1.072651185704,20.519764018591));
#3389 = CARTESIAN_POINT('',(1.084607284641,20.486997619387));
#3390 = CARTESIAN_POINT('',(1.096581863512,20.45400225494));
#3391 = CARTESIAN_POINT('',(1.108575705109,20.420780187701));
#3392 = CARTESIAN_POINT('',(1.120589607906,20.387333680124));
#3393 = CARTESIAN_POINT('',(1.132624384027,20.35366499466));
#3394 = CARTESIAN_POINT('',(1.140662038709,20.331072594061));
#3395 = CARTESIAN_POINT('',(1.144684621491,20.319740118264));
#3396 = ( GEOMETRIC_REPRESENTATION_CONTEXT(2) 
PARAMETRIC_REPRESENTATION_CONTEXT() REPRESENTATION_CONTEXT('2D SPACE',''
  ) );
#3397 = PCURVE('',#3398,#3419);
#3398 = B_SPLINE_SURFACE_WITH_KNOTS('',3,3,(
    (#3399,#3400,#3401,#3402)
    ,(#3403,#3404,#3405,#3406)
    ,(#3407,#3408,#3409,#3410)
    ,(#3411,#3412,#3413,#3414)
    ,(#3415,#3416,#3417,#3418
  )),.UNSPECIFIED.,.F.,.F.,.F.,(4,1,4),(4,4),(-3.023838997866E-04,0.,
    5.149089018968E-03),(2.515833714982E-02,0.716733090053),
  .UNSPECIFIED.);
#3399 = CARTESIAN_POINT('',(4.553034802664,2.804398318831,
    -37.93212278367));
#3400 = CARTESIAN_POINT('',(4.448637548096,1.92840363182,-37.06237114544
    ));
#3401 = CARTESIAN_POINT('',(4.344240293528,1.052408944809,-36.1926195072
    ));
#3402 = CARTESIAN_POINT('',(4.23984303896,0.176414257798,-35.32286786897
    ));
#3403 = CARTESIAN_POINT('',(4.576928552821,2.804398318831,
    -37.92925466724));
#3404 = CARTESIAN_POINT('',(4.47198343468,1.92840363182,-37.0595687925)
  );
#3405 = CARTESIAN_POINT('',(4.367038316538,1.052408944809,
    -36.18988291776));
#3406 = CARTESIAN_POINT('',(4.262093198396,0.176414257798,
    -35.32019704302));
#3407 = CARTESIAN_POINT('',(5.007641626271,2.804398318831,
    -37.87714174088));
#3408 = CARTESIAN_POINT('',(4.892820619997,1.92840363182,-37.00865077167
    ));
#3409 = CARTESIAN_POINT('',(4.777999613723,1.052408944809,
    -36.14015980246));
#3410 = CARTESIAN_POINT('',(4.663178607449,0.176414257798,
    -35.27166883324));
#3411 = CARTESIAN_POINT('',(5.437425600524,2.804398318831,
    -37.81771657615));
#3412 = CARTESIAN_POINT('',(5.31275000958,1.92840363182,-36.95058817593)
  );
#3413 = CARTESIAN_POINT('',(5.188074418636,1.052408944809,
    -36.08345977571));
#3414 = CARTESIAN_POINT('',(5.063398827691,0.176414257798,
    -35.21633137549));
#3415 = CARTESIAN_POINT('',(5.842405039254,2.804398318831,
    -37.75506834316));
#3416 = CARTESIAN_POINT('',(5.708443610754,1.92840363182,-36.88937641418
    ));
#3417 = CARTESIAN_POINT('',(5.574482182255,1.052408944809,
    -36.02368448519));
#3418 = CARTESIAN_POINT('',(5.440520753756,0.176414257798,
    -35.15799255621));
#3419 = DEFINITIONAL_REPRESENTATION('',(#3420),#3446);
#3420 = B_SPLINE_CURVE_WITH_KNOTS('',3,(#3421,#3422,#3423,#3424,#3425,
    #3426,#3427,#3428,#3429,#3430,#3431,#3432,#3433,#3434,#3435,#3436,
    #3437,#3438,#3439,#3440,#3441,#3442,#3443,#3444,#3445),
  .UNSPECIFIED.,.F.,.F.,(4,1,1,1,1,1,1,1,1,1,1,1,1,1,1,1,1,1,1,1,1,1,4),
  (0.,4.545454545455E-02,9.090909090909E-02,0.136363636364,
    0.181818181818,0.227272727273,0.272727272727,0.318181818182,
    0.363636363636,0.409090909091,0.454545454545,0.5,0.545454545455,
    0.590909090909,0.636363636364,0.681818181818,0.727272727273,
    0.772727272727,0.818181818182,0.863636363636,0.909090909091,
    0.954545454545,1.),.QUASI_UNIFORM_KNOTS.);
#3421 = CARTESIAN_POINT('',(4.845696997532E-03,0.691699249659));
#3422 = CARTESIAN_POINT('',(4.814959585903E-03,0.689186496567));
#3423 = CARTESIAN_POINT('',(4.754018647011E-03,0.684137271961));
#3424 = CARTESIAN_POINT('',(4.664218266852E-03,0.676492948186));
#3425 = CARTESIAN_POINT('',(4.576038339586E-03,0.668778806191));
#3426 = CARTESIAN_POINT('',(4.489488116224E-03,0.660995513743));
#3427 = CARTESIAN_POINT('',(4.40457673516E-03,0.65314373799));
#3428 = CARTESIAN_POINT('',(4.321313207069E-03,0.645224145346));
#3429 = CARTESIAN_POINT('',(4.239706420246E-03,0.637237401477));
#3430 = CARTESIAN_POINT('',(4.159765140498E-03,0.629184171265));
#3431 = CARTESIAN_POINT('',(4.081498012508E-03,0.621065118774));
#3432 = CARTESIAN_POINT('',(4.004913560865E-03,0.612880907213));
#3433 = CARTESIAN_POINT('',(3.930020191073E-03,0.60463219891));
#3434 = CARTESIAN_POINT('',(3.856826191079E-03,0.596319655266));
#3435 = CARTESIAN_POINT('',(3.785341580237E-03,0.587943876452));
#3436 = CARTESIAN_POINT('',(3.715576256886E-03,0.579505461757));
#3437 = CARTESIAN_POINT('',(3.64753999974E-03,0.571005009539));
#3438 = CARTESIAN_POINT('',(3.581242468734E-03,0.562443117187));
#3439 = CARTESIAN_POINT('',(3.516693206132E-03,0.553820381085));
#3440 = CARTESIAN_POINT('',(3.453901637265E-03,0.545137396571));
#3441 = CARTESIAN_POINT('',(3.392877072575E-03,0.536394757904));
#3442 = CARTESIAN_POINT('',(3.333628704873E-03,0.527593058189));
#3443 = CARTESIAN_POINT('',(3.276165624548E-03,0.518732889495));
#3444 = CARTESIAN_POINT('',(3.239053053394E-03,0.512787524651));
#3445 = CARTESIAN_POINT('',(3.220797301794E-03,0.509805294281));
#3446 = ( GEOMETRIC_REPRESENTATION_CONTEXT(2) 
PARAMETRIC_REPRESENTATION_CONTEXT() REPRESENTATION_CONTEXT('2D SPACE',''
  ) );
#3447 = ORIENTED_EDGE('',*,*,#3448,.F.);
#3448 = EDGE_CURVE('',#1344,#3359,#3449,.T.);
#3449 = SURFACE_CURVE('',#3450,(#3458,#3487),.PCURVE_S1.);
#3450 = B_SPLINE_CURVE_WITH_KNOTS('',3,(#3451,#3452,#3453,#3454,#3455,
    #3456,#3457),.UNSPECIFIED.,.F.,.F.,(4,1,1,1,4),(0.,0.25,0.5,0.75,1.)
  ,.QUASI_UNIFORM_KNOTS.);
#3451 = CARTESIAN_POINT('',(7.416838441075,-2.556957178821,
    -33.69333031593));
#3452 = CARTESIAN_POINT('',(7.173510907312,-2.257016593279,
    -33.74689345231));
#3453 = CARTESIAN_POINT('',(6.721492250251,-1.683419671167,
    -33.90963371184));
#3454 = CARTESIAN_POINT('',(6.155705302264,-0.920133223504,
    -34.27574647091));
#3455 = CARTESIAN_POINT('',(5.702438584954,-0.258350338573,
    -34.73476031155));
#3456 = CARTESIAN_POINT('',(5.479734312456,0.107637513635,-35.0824925658
    ));
#3457 = CARTESIAN_POINT('',(5.388218914289,0.271542866276,
    -35.26227871386));
#3458 = PCURVE('',#1411,#3459);
#3459 = DEFINITIONAL_REPRESENTATION('',(#3460),#3486);
#3460 = B_SPLINE_CURVE_WITH_KNOTS('',3,(#3461,#3462,#3463,#3464,#3465,
    #3466,#3467,#3468,#3469,#3470,#3471,#3472,#3473,#3474,#3475,#3476,
    #3477,#3478,#3479,#3480,#3481,#3482,#3483,#3484,#3485),
  .UNSPECIFIED.,.F.,.F.,(4,1,1,1,1,1,1,1,1,1,1,1,1,1,1,1,1,1,1,1,1,1,4),
  (6.275214442405E-06,4.546053543197E-02,9.091479564949E-02,
    0.136369055867,0.181823316085,0.227277576302,0.27273183652,
    0.318186096737,0.363640356955,0.409094617172,0.45454887739,
    0.500003137607,0.545457397825,0.590911658042,0.63636591826,
    0.681820178477,0.727274438695,0.772728698912,0.81818295913,
    0.863637219347,0.909091479565,0.954545739782,1.),
  .QUASI_UNIFORM_KNOTS.);
#3461 = CARTESIAN_POINT('',(6.253950958879E-06,23.839414592548));
#3462 = CARTESIAN_POINT('',(1.510575441979E-02,23.784880402803));
#3463 = CARTESIAN_POINT('',(4.506589384081E-02,23.676680912171));
#3464 = CARTESIAN_POINT('',(8.933479297329E-02,23.517098124606));
#3465 = CARTESIAN_POINT('',(0.132980442146,23.36034134835));
#3466 = CARTESIAN_POINT('',(0.176041152189,23.206520912439));
#3467 = CARTESIAN_POINT('',(0.218549839039,23.055744300358));
#3468 = CARTESIAN_POINT('',(0.260528532176,22.908129611684));
#3469 = CARTESIAN_POINT('',(0.30200972985,22.763744906497));
#3470 = CARTESIAN_POINT('',(0.343039293317,22.622608227832));
#3471 = CARTESIAN_POINT('',(0.383655820817,22.484748232145));
#3472 = CARTESIAN_POINT('',(0.423894954138,22.350190731517));
#3473 = CARTESIAN_POINT('',(0.463788061393,22.218962302117));
#3474 = CARTESIAN_POINT('',(0.503362410036,22.091089308125));
#3475 = CARTESIAN_POINT('',(0.542630120179,21.966639695519));
#3476 = CARTESIAN_POINT('',(0.581600478148,21.845681252373));
#3477 = CARTESIAN_POINT('',(0.620279917705,21.728282297318));
#3478 = CARTESIAN_POINT('',(0.658672885396,21.614509184658));
#3479 = CARTESIAN_POINT('',(0.696779915794,21.504435595445));
#3480 = CARTESIAN_POINT('',(0.734607820433,21.398100678736));
#3481 = CARTESIAN_POINT('',(0.772169058746,21.295509056798));
#3482 = CARTESIAN_POINT('',(0.809471755876,21.196672677925));
#3483 = CARTESIAN_POINT('',(0.846522369977,21.101601526732));
#3484 = CARTESIAN_POINT('',(0.871057035959,21.040737919924));
#3485 = CARTESIAN_POINT('',(0.883283653472,21.010937133724));
#3486 = ( GEOMETRIC_REPRESENTATION_CONTEXT(2) 
PARAMETRIC_REPRESENTATION_CONTEXT() REPRESENTATION_CONTEXT('2D SPACE',''
  ) );
#3487 = PCURVE('',#1360,#3488);
#3488 = DEFINITIONAL_REPRESENTATION('',(#3489),#3515);
#3489 = B_SPLINE_CURVE_WITH_KNOTS('',3,(#3490,#3491,#3492,#3493,#3494,
    #3495,#3496,#3497,#3498,#3499,#3500,#3501,#3502,#3503,#3504,#3505,
    #3506,#3507,#3508,#3509,#3510,#3511,#3512,#3513,#3514),
  .UNSPECIFIED.,.F.,.F.,(4,1,1,1,1,1,1,1,1,1,1,1,1,1,1,1,1,1,1,1,1,1,4),
  (6.275214442405E-06,4.546053543197E-02,9.091479564949E-02,
    0.136369055867,0.181823316085,0.227277576302,0.27273183652,
    0.318186096737,0.363640356955,0.409094617172,0.45454887739,
    0.500003137607,0.545457397825,0.590911658042,0.63636591826,
    0.681820178477,0.727274438695,0.772728698912,0.81818295913,
    0.863637219347,0.909091479565,0.954545739782,1.),
  .QUASI_UNIFORM_KNOTS.);
#3490 = CARTESIAN_POINT('',(4.052843724333E-02,0.368087560253));
#3491 = CARTESIAN_POINT('',(5.689708014423E-02,0.36861468046));
#3492 = CARTESIAN_POINT('',(8.92442077139E-02,0.369660495974));
#3493 = CARTESIAN_POINT('',(0.136687259032,0.371201931));
#3494 = CARTESIAN_POINT('',(0.183150287543,0.372714034197));
#3495 = CARTESIAN_POINT('',(0.228714171487,0.374194867114));
#3496 = CARTESIAN_POINT('',(0.273450928322,0.375642592104));
#3497 = CARTESIAN_POINT('',(0.317418103878,0.377055359605));
#3498 = CARTESIAN_POINT('',(0.360681087778,0.3784318606));
#3499 = CARTESIAN_POINT('',(0.403315563107,0.379771312116));
#3500 = CARTESIAN_POINT('',(0.445387037417,0.381072897452));
#3501 = CARTESIAN_POINT('',(0.486955755418,0.382335888719));
#3502 = CARTESIAN_POINT('',(0.528075771176,0.383559612072));
#3503 = CARTESIAN_POINT('',(0.568795513902,0.384743454632));
#3504 = CARTESIAN_POINT('',(0.609147306806,0.385886409625));
#3505 = CARTESIAN_POINT('',(0.649159072266,0.386987530539));
#3506 = CARTESIAN_POINT('',(0.68885438352,0.388045923038));
#3507 = CARTESIAN_POINT('',(0.728253451196,0.389060764768));
#3508 = CARTESIAN_POINT('',(0.767370845897,0.390031222247));
#3509 = CARTESIAN_POINT('',(0.80622728813,0.39095681315));
#3510 = CARTESIAN_POINT('',(0.844849414326,0.391837398524));
#3511 = CARTESIAN_POINT('',(0.883258248648,0.392672815771));
#3512 = CARTESIAN_POINT('',(0.921472348952,0.39346295303));
#3513 = CARTESIAN_POINT('',(0.946828042057,0.393959477479));
#3514 = CARTESIAN_POINT('',(0.959478366182,0.394200167542));
#3515 = ( GEOMETRIC_REPRESENTATION_CONTEXT(2) 
PARAMETRIC_REPRESENTATION_CONTEXT() REPRESENTATION_CONTEXT('2D SPACE',''
  ) );
#3516 = ORIENTED_EDGE('',*,*,#1395,.T.);
#3517 = ADVANCED_FACE('',(#3518),#832,.F.);
#3518 = FACE_BOUND('',#3519,.F.);
#3519 = EDGE_LOOP('',(#3520,#3550,#3572,#3573,#3644,#3679));
#3520 = ORIENTED_EDGE('',*,*,#3521,.T.);
#3521 = EDGE_CURVE('',#3522,#3524,#3526,.T.);
#3522 = VERTEX_POINT('',#3523);
#3523 = CARTESIAN_POINT('',(-19.32635190713,1.562574591247,
    -30.80165777593));
#3524 = VERTEX_POINT('',#3525);
#3525 = CARTESIAN_POINT('',(-19.32635190715,5.6,-30.80165777943));
#3526 = SURFACE_CURVE('',#3527,(#3531,#3538),.PCURVE_S1.);
#3527 = LINE('',#3528,#3529);
#3528 = CARTESIAN_POINT('',(-19.32635190715,0.962708696363,
    -30.80165777943));
#3529 = VECTOR('',#3530,1.);
#3530 = DIRECTION('',(3.079565689642E-11,1.,5.830019219864E-09));
#3531 = PCURVE('',#832,#3532);
#3532 = DEFINITIONAL_REPRESENTATION('',(#3533),#3537);
#3533 = LINE('',#3534,#3535);
#3534 = CARTESIAN_POINT('',(1.144684621492,22.245188696363));
#3535 = VECTOR('',#3536,1.);
#3536 = DIRECTION('',(-1.903007328611E-09,1.));
#3537 = ( GEOMETRIC_REPRESENTATION_CONTEXT(2) 
PARAMETRIC_REPRESENTATION_CONTEXT() REPRESENTATION_CONTEXT('2D SPACE',''
  ) );
#3538 = PCURVE('',#3539,#3544);
#3539 = PLANE('',#3540);
#3540 = AXIS2_PLACEMENT_3D('',#3541,#3542,#3543);
#3541 = CARTESIAN_POINT('',(-12.22684500917,0.,2.598896135222));
#3542 = DIRECTION('',(0.978147600734,0.,-0.207911690818));
#3543 = DIRECTION('',(0.,-1.,0.));
#3544 = DEFINITIONAL_REPRESENTATION('',(#3545),#3549);
#3545 = LINE('',#3546,#3547);
#3546 = CARTESIAN_POINT('',(-0.962708696363,34.146742157928));
#3547 = VECTOR('',#3548,1.);
#3548 = DIRECTION('',(-1.,-5.709022089237E-09));
#3549 = ( GEOMETRIC_REPRESENTATION_CONTEXT(2) 
PARAMETRIC_REPRESENTATION_CONTEXT() REPRESENTATION_CONTEXT('2D SPACE',''
  ) );
#3550 = ORIENTED_EDGE('',*,*,#3551,.T.);
#3551 = EDGE_CURVE('',#3524,#788,#3552,.T.);
#3552 = SURFACE_CURVE('',#3553,(#3558,#3565),.PCURVE_S1.);
#3553 = CIRCLE('',#3554,3.);
#3554 = AXIS2_PLACEMENT_3D('',#3555,#3556,#3557);
#3555 = CARTESIAN_POINT('',(-22.26079470935,5.6,-30.17792270698));
#3556 = DIRECTION('',(0.,-1.,0.));
#3557 = DIRECTION('',(0.978147600734,0.,-0.207911690818));
#3558 = PCURVE('',#832,#3559);
#3559 = DEFINITIONAL_REPRESENTATION('',(#3560),#3564);
#3560 = LINE('',#3561,#3562);
#3561 = CARTESIAN_POINT('',(1.144684621493,26.88248));
#3562 = VECTOR('',#3563,1.);
#3563 = DIRECTION('',(-1.,0.));
#3564 = ( GEOMETRIC_REPRESENTATION_CONTEXT(2) 
PARAMETRIC_REPRESENTATION_CONTEXT() REPRESENTATION_CONTEXT('2D SPACE',''
  ) );
#3565 = PCURVE('',#3247,#3566);
#3566 = DEFINITIONAL_REPRESENTATION('',(#3567),#3571);
#3567 = LINE('',#3568,#3569);
#3568 = CARTESIAN_POINT('',(4.921828490624,-0.149999990199));
#3569 = VECTOR('',#3570,1.);
#3570 = DIRECTION('',(-1.,0.));
#3571 = ( GEOMETRIC_REPRESENTATION_CONTEXT(2) 
PARAMETRIC_REPRESENTATION_CONTEXT() REPRESENTATION_CONTEXT('2D SPACE',''
  ) );
#3572 = ORIENTED_EDGE('',*,*,#816,.T.);
#3573 = ORIENTED_EDGE('',*,*,#3574,.F.);
#3574 = EDGE_CURVE('',#3575,#817,#3577,.T.);
#3575 = VERTEX_POINT('',#3576);
#3576 = CARTESIAN_POINT('',(-20.00646113713,-1.787246877425,
    -28.19851369769));
#3577 = SURFACE_CURVE('',#3578,(#3586,#3615),.PCURVE_S1.);
#3578 = B_SPLINE_CURVE_WITH_KNOTS('',3,(#3579,#3580,#3581,#3582,#3583,
    #3584,#3585),.UNSPECIFIED.,.F.,.F.,(4,1,1,1,4),(0.,0.25,0.5,0.75,1.)
  ,.QUASI_UNIFORM_KNOTS.);
#3579 = CARTESIAN_POINT('',(-19.26484360352,0.271486496193,
    -30.02211153365));
#3580 = CARTESIAN_POINT('',(-19.27536220925,0.106930351369,
    -29.81985793996));
#3581 = CARTESIAN_POINT('',(-19.33790420054,-0.260193512857,
    -29.41075388372));
#3582 = CARTESIAN_POINT('',(-19.56420560129,-0.918971653692,
    -28.80979103383));
#3583 = CARTESIAN_POINT('',(-19.93317849461,-1.684620495877,
    -28.24332803203));
#3584 = CARTESIAN_POINT('',(-20.27969627247,-2.257555953496,
    -27.91139239706));
#3585 = CARTESIAN_POINT('',(-20.47993106371,-2.557076270709,
    -27.76368879703));
#3586 = PCURVE('',#832,#3587);
#3587 = DEFINITIONAL_REPRESENTATION('',(#3588),#3614);
#3588 = B_SPLINE_CURVE_WITH_KNOTS('',3,(#3589,#3590,#3591,#3592,#3593,
    #3594,#3595,#3596,#3597,#3598,#3599,#3600,#3601,#3602,#3603,#3604,
    #3605,#3606,#3607,#3608,#3609,#3610,#3611,#3612,#3613),
  .UNSPECIFIED.,.F.,.F.,(4,1,1,1,1,1,1,1,1,1,1,1,1,1,1,1,1,1,1,1,1,1,4),
  (0.,4.545403102352E-02,9.090806204704E-02,0.136362093071,
    0.181816124094,0.227270155118,0.272724186141,0.318178217165,
    0.363632248188,0.409086279212,0.454540310235,0.499994341259,
    0.545448372282,0.590902403306,0.636356434329,0.681810465353,
    0.727264496376,0.7727185274,0.818172558423,0.863626589447,
    0.90908062047,0.954534651494,0.999988682517),.QUASI_UNIFORM_KNOTS.);
#3589 = CARTESIAN_POINT('',(0.883284675851,21.553966496193));
#3590 = CARTESIAN_POINT('',(0.871010348366,21.524047535745));
#3591 = CARTESIAN_POINT('',(0.846387754471,21.462953060244));
#3592 = CARTESIAN_POINT('',(0.809231661244,21.367577417375));
#3593 = CARTESIAN_POINT('',(0.771853520592,21.268503504559));
#3594 = CARTESIAN_POINT('',(0.734251595485,21.16576724232));
#3595 = CARTESIAN_POINT('',(0.696422163037,21.059403582294));
#3596 = CARTESIAN_POINT('',(0.658360756663,20.949451090817));
#3597 = CARTESIAN_POINT('',(0.620054533656,20.835931298993));
#3598 = CARTESIAN_POINT('',(0.581481879381,20.718848698101));
#3599 = CARTESIAN_POINT('',(0.542619768219,20.598211394639));
#3600 = CARTESIAN_POINT('',(0.503442124184,20.474026526094));
#3601 = CARTESIAN_POINT('',(0.463920264987,20.34630149077));
#3602 = CARTESIAN_POINT('',(0.424022965986,20.215043612725));
#3603 = CARTESIAN_POINT('',(0.383739624529,20.080331716453));
#3604 = CARTESIAN_POINT('',(0.343055679211,19.942244662817));
#3605 = CARTESIAN_POINT('',(0.301952435458,19.800861184445));
#3606 = CARTESIAN_POINT('',(0.260407192074,19.65626049054));
#3607 = CARTESIAN_POINT('',(0.218392090906,19.508520012241));
#3608 = CARTESIAN_POINT('',(0.175878962809,19.357725559241));
#3609 = CARTESIAN_POINT('',(0.132837431258,19.203971326559));
#3610 = CARTESIAN_POINT('',(8.922940442018E-02,19.047349730379));
#3611 = CARTESIAN_POINT('',(4.501109619181E-02,18.887953663688));
#3612 = CARTESIAN_POINT('',(1.509039881079E-02,18.779901815298));
#3613 = CARTESIAN_POINT('',(1.126394473667E-05,18.725444407002));
#3614 = ( GEOMETRIC_REPRESENTATION_CONTEXT(2) 
PARAMETRIC_REPRESENTATION_CONTEXT() REPRESENTATION_CONTEXT('2D SPACE',''
  ) );
#3615 = PCURVE('',#861,#3616);
#3616 = DEFINITIONAL_REPRESENTATION('',(#3617),#3643);
#3617 = B_SPLINE_CURVE_WITH_KNOTS('',3,(#3618,#3619,#3620,#3621,#3622,
    #3623,#3624,#3625,#3626,#3627,#3628,#3629,#3630,#3631,#3632,#3633,
    #3634,#3635,#3636,#3637,#3638,#3639,#3640,#3641,#3642),
  .UNSPECIFIED.,.F.,.F.,(4,1,1,1,1,1,1,1,1,1,1,1,1,1,1,1,1,1,1,1,1,1,4),
  (0.,4.545403102352E-02,9.090806204704E-02,0.136362093071,
    0.181816124094,0.227270155118,0.272724186141,0.318178217165,
    0.363632248188,0.409086279212,0.454540310235,0.499994341259,
    0.545448372282,0.590902403306,0.636356434329,0.681810465353,
    0.727264496376,0.7727185274,0.818172558423,0.863626589447,
    0.90908062047,0.954534651494,0.999988682517),.QUASI_UNIFORM_KNOTS.);
#3618 = CARTESIAN_POINT('',(0.959478458799,0.60958072711));
#3619 = CARTESIAN_POINT('',(0.946778763421,0.609767601766));
#3620 = CARTESIAN_POINT('',(0.921332018922,0.610153069219));
#3621 = CARTESIAN_POINT('',(0.883008749981,0.610766160161));
#3622 = CARTESIAN_POINT('',(0.84452225443,0.61141388799));
#3623 = CARTESIAN_POINT('',(0.805858899964,0.612095958609));
#3624 = CARTESIAN_POINT('',(0.76700206972,0.612812057845));
#3625 = CARTESIAN_POINT('',(0.727933158483,0.613561808191));
#3626 = CARTESIAN_POINT('',(0.688624528194,0.614344938559));
#3627 = CARTESIAN_POINT('',(0.649039357956,0.615161285235));
#3628 = CARTESIAN_POINT('',(0.609138382653,0.616010619984));
#3629 = CARTESIAN_POINT('',(0.568878177387,0.616892686114));
#3630 = CARTESIAN_POINT('',(0.528211360507,0.617807186494));
#3631 = CARTESIAN_POINT('',(0.487086374636,0.618753785465));
#3632 = CARTESIAN_POINT('',(0.445471952216,0.619731641865));
#3633 = CARTESIAN_POINT('',(0.403331064875,0.620739862417));
#3634 = CARTESIAN_POINT('',(0.360620553985,0.6217775024));
#3635 = CARTESIAN_POINT('',(0.31729100677,0.622843560715));
#3636 = CARTESIAN_POINT('',(0.273285314455,0.623936993696));
#3637 = CARTESIAN_POINT('',(0.228542980438,0.625056649937));
#3638 = CARTESIAN_POINT('',(0.182998285375,0.626201265492));
#3639 = CARTESIAN_POINT('',(0.136574310925,0.627369525957));
#3640 = CARTESIAN_POINT('',(8.918488964506E-02,0.6285600602));
#3641 = CARTESIAN_POINT('',(5.688029347673E-02,0.629367631845));
#3642 = CARTESIAN_POINT('',(4.05338340495E-02,0.629774650228));
#3643 = ( GEOMETRIC_REPRESENTATION_CONTEXT(2) 
PARAMETRIC_REPRESENTATION_CONTEXT() REPRESENTATION_CONTEXT('2D SPACE',''
  ) );
#3644 = ORIENTED_EDGE('',*,*,#3645,.T.);
#3645 = EDGE_CURVE('',#3575,#3646,#3648,.T.);
#3646 = VERTEX_POINT('',#3647);
#3647 = CARTESIAN_POINT('',(-20.02264996157,-1.4,-28.1802470356));
#3648 = SURFACE_CURVE('',#3649,(#3657,#3668),.PCURVE_S1.);
#3649 = B_SPLINE_CURVE_WITH_KNOTS('',6,(#3650,#3651,#3652,#3653,#3654,
    #3655,#3656),.UNSPECIFIED.,.F.,.F.,(7,7),(0.,1.),
  .PIECEWISE_BEZIER_KNOTS.);
#3650 = CARTESIAN_POINT('',(-19.87787430578,-2.557055992998,
    -28.35537220006));
#3651 = CARTESIAN_POINT('',(-19.92454851877,-2.370868681578,
    -28.29434731541));
#3652 = CARTESIAN_POINT('',(-19.96323789213,-2.180462323923,
    -28.24764835204));
#3653 = CARTESIAN_POINT('',(-19.99281546074,-1.987128079095,
    -28.21367223741));
#3654 = CARTESIAN_POINT('',(-20.01271066742,-1.791962559764,
    -28.19138294383));
#3655 = CARTESIAN_POINT('',(-20.02264996157,-1.595940945866,
    -28.1802470356));
#3656 = CARTESIAN_POINT('',(-20.02264996157,-1.4,-28.1802470356));
#3657 = PCURVE('',#832,#3658);
#3658 = DEFINITIONAL_REPRESENTATION('',(#3659),#3667);
#3659 = B_SPLINE_CURVE_WITH_KNOTS('',6,(#3660,#3661,#3662,#3663,#3664,
    #3665,#3666),.UNSPECIFIED.,.F.,.F.,(7,7),(0.,1.),
  .PIECEWISE_BEZIER_KNOTS.);
#3660 = CARTESIAN_POINT('',(0.282314474923,18.725424007002));
#3661 = CARTESIAN_POINT('',(0.256705191223,18.911611318422));
#3662 = CARTESIAN_POINT('',(0.236505852288,19.102017676077));
#3663 = CARTESIAN_POINT('',(0.221490639433,19.295351920905));
#3664 = CARTESIAN_POINT('',(0.211531989097,19.490517440236));
#3665 = CARTESIAN_POINT('',(0.206556443811,19.686539054134));
#3666 = CARTESIAN_POINT('',(0.206556443811,19.88248));
#3667 = ( GEOMETRIC_REPRESENTATION_CONTEXT(2) 
PARAMETRIC_REPRESENTATION_CONTEXT() REPRESENTATION_CONTEXT('2D SPACE',''
  ) );
#3668 = PCURVE('',#1030,#3669);
#3669 = DEFINITIONAL_REPRESENTATION('',(#3670),#3678);
#3670 = B_SPLINE_CURVE_WITH_KNOTS('',6,(#3671,#3672,#3673,#3674,#3675,
    #3676,#3677),.UNSPECIFIED.,.F.,.F.,(7,7),(0.,1.),
  .PIECEWISE_BEZIER_KNOTS.);
#3671 = CARTESIAN_POINT('',(5.919182914171,0.495409811908));
#3672 = CARTESIAN_POINT('',(5.980488068722,0.465897818034));
#3673 = CARTESIAN_POINT('',(6.041464120342,0.444800016102));
#3674 = CARTESIAN_POINT('',(6.102135819978,0.430164622021));
#3675 = CARTESIAN_POINT('',(6.162581507106,0.420809130884));
#3676 = CARTESIAN_POINT('',(6.222895785375,0.416134798544));
#3677 = CARTESIAN_POINT('',(6.28318530718,0.416134798544));
#3678 = ( GEOMETRIC_REPRESENTATION_CONTEXT(2) 
PARAMETRIC_REPRESENTATION_CONTEXT() REPRESENTATION_CONTEXT('2D SPACE',''
  ) );
#3679 = ORIENTED_EDGE('',*,*,#3680,.T.);
#3680 = EDGE_CURVE('',#3646,#3522,#3681,.T.);
#3681 = SURFACE_CURVE('',#3682,(#3721,#3763),.PCURVE_S1.);
#3682 = B_SPLINE_CURVE_WITH_KNOTS('',7,(#3683,#3684,#3685,#3686,#3687,
    #3688,#3689,#3690,#3691,#3692,#3693,#3694,#3695,#3696,#3697,#3698,
    #3699,#3700,#3701,#3702,#3703,#3704,#3705,#3706,#3707,#3708,#3709,
    #3710,#3711,#3712,#3713,#3714,#3715,#3716,#3717,#3718,#3719,#3720),
  .UNSPECIFIED.,.F.,.F.,(8,6,6,6,6,6,8),(0.,0.396564456239,
    0.484335747021,0.635396593124,0.767139840523,0.836659449993,1.),
  .UNSPECIFIED.);
#3683 = CARTESIAN_POINT('',(-20.02264996157,-1.4,-28.1802470356));
#3684 = CARTESIAN_POINT('',(-20.02264996157,-1.157252187276,
    -28.1802470356));
#3685 = CARTESIAN_POINT('',(-20.00781782631,-0.913936893558,
    -28.19686393239));
#3686 = CARTESIAN_POINT('',(-19.9780321703,-0.671924670129,
    -28.23023845919));
#3687 = CARTESIAN_POINT('',(-19.93378168919,-0.433196717099,
    -28.28137072326));
#3688 = CARTESIAN_POINT('',(-19.87629498805,-0.199943929131,
    -28.35212848097));
#3689 = CARTESIAN_POINT('',(-19.80766801193,2.537126686944E-02,
    -28.44524696487));
#3690 = CARTESIAN_POINT('',(-19.71478426299,0.28754147803,
    -28.59084667397));
#3691 = CARTESIAN_POINT('',(-19.69760618337,0.334479232399,
    -28.61848240518));
#3692 = CARTESIAN_POINT('',(-19.68013534592,0.380785248754,
    -28.64738636314));
#3693 = CARTESIAN_POINT('',(-19.66242869394,0.426404972359,
    -28.67757503966));
#3694 = CARTESIAN_POINT('',(-19.64454679131,0.471288279102,
    -28.70906334643));
#3695 = CARTESIAN_POINT('',(-19.62655343497,0.5153894361,-28.74186460786
    ));
#3696 = CARTESIAN_POINT('',(-19.57747025445,0.633151039672,
    -28.83472381674));
#3697 = CARTESIAN_POINT('',(-19.5462637129,0.705264498415,
    -28.89743523553));
#3698 = CARTESIAN_POINT('',(-19.51531060921,0.774608044015,
    -28.96405549735));
#3699 = CARTESIAN_POINT('',(-19.48504476019,0.840878674904,
    -29.03446455935));
#3700 = CARTESIAN_POINT('',(-19.45590133522,0.903859613113,
    -29.10848896043));
#3701 = CARTESIAN_POINT('',(-19.42829935857,0.963410134918,
    -29.18589913286));
#3702 = CARTESIAN_POINT('',(-19.38023239177,1.06833362245,
    -29.33661901872));
#3703 = CARTESIAN_POINT('',(-19.35933829916,1.114475651644,
    -29.40908607564));
#3704 = CARTESIAN_POINT('',(-19.34019142912,1.157842881027,
    -29.4836019875));
#3705 = CARTESIAN_POINT('',(-19.3230199856,1.19843311708,-29.55992094431
    ));
#3706 = CARTESIAN_POINT('',(-19.30802107333,1.236276541758,
    -29.6377601745));
#3707 = CARTESIAN_POINT('',(-19.29535089012,1.271431673454,
    -29.71680289612));
#3708 = CARTESIAN_POINT('',(-19.27971349826,1.321157458925,
    -29.83886284912));
#3709 = CARTESIAN_POINT('',(-19.27498823964,1.337613106787,
    -29.88127532733));
#3710 = CARTESIAN_POINT('',(-19.27095343041,1.353366589558,
    -29.92390480812));
#3711 = CARTESIAN_POINT('',(-19.26762085614,1.36843643639,
    -29.96671627468));
#3712 = CARTESIAN_POINT('',(-19.26499980077,1.382841387584,
    -30.00967358798));
#3713 = CARTESIAN_POINT('',(-19.26309704658,1.39660039459,
    -30.05273948669));
#3714 = CARTESIAN_POINT('',(-19.25914398741,1.440587582204,
    -30.19722647864));
#3715 = CARTESIAN_POINT('',(-19.26036188727,1.467959176672,
    -30.29888949331));
#3716 = CARTESIAN_POINT('',(-19.26560685903,1.492164579247,
    -30.40056658796));
#3717 = CARTESIAN_POINT('',(-19.27487946514,1.513489558102,
    -30.50196550045));
#3718 = CARTESIAN_POINT('',(-19.28814545164,1.532188762936,
    -30.60279977548));
#3719 = CARTESIAN_POINT('',(-19.30533665472,1.548486014148,
    -30.70278879013));
#3720 = CARTESIAN_POINT('',(-19.32635190714,1.56257459203,
    -30.80165777943));
#3721 = PCURVE('',#832,#3722);
#3722 = DEFINITIONAL_REPRESENTATION('',(#3723),#3762);
#3723 = B_SPLINE_CURVE_WITH_KNOTS('',7,(#3724,#3725,#3726,#3727,#3728,
    #3729,#3730,#3731,#3732,#3733,#3734,#3735,#3736,#3737,#3738,#3739,
    #3740,#3741,#3742,#3743,#3744,#3745,#3746,#3747,#3748,#3749,#3750,
    #3751,#3752,#3753,#3754,#3755,#3756,#3757,#3758,#3759,#3760,#3761),
  .UNSPECIFIED.,.F.,.F.,(8,6,6,6,6,6,8),(0.,0.396564456239,
    0.484335747021,0.635396593124,0.767139840523,0.836659449993,1.),
  .UNSPECIFIED.);
#3724 = CARTESIAN_POINT('',(0.206556443811,19.88248));
#3725 = CARTESIAN_POINT('',(0.206556443811,20.125227812724));
#3726 = CARTESIAN_POINT('',(0.213980828652,20.368543106442));
#3727 = CARTESIAN_POINT('',(0.228892619535,20.610555329871));
#3728 = CARTESIAN_POINT('',(0.251428303702,20.849283282901));
#3729 = CARTESIAN_POINT('',(0.28178848603,21.082536070869));
#3730 = CARTESIAN_POINT('',(0.320259800151,21.307851266869));
#3731 = CARTESIAN_POINT('',(0.377827794836,21.57002147803));
#3732 = CARTESIAN_POINT('',(0.388673556838,21.616959232399));
#3733 = CARTESIAN_POINT('',(0.399930053555,21.663265248754));
#3734 = CARTESIAN_POINT('',(0.411594227429,21.708884972359));
#3735 = CARTESIAN_POINT('',(0.423662707335,21.753768279102));
#3736 = CARTESIAN_POINT('',(0.436131993324,21.7978694361));
#3737 = CARTESIAN_POINT('',(0.471143088843,21.915631039672));
#3738 = CARTESIAN_POINT('',(0.494485190469,21.987744498415));
#3739 = CARTESIAN_POINT('',(0.518957082002,22.057088044015));
#3740 = CARTESIAN_POINT('',(0.54448282235,22.123358674904));
#3741 = CARTESIAN_POINT('',(0.570979503602,22.186339613113));
#3742 = CARTESIAN_POINT('',(0.598358361066,22.245890134918));
#3743 = CARTESIAN_POINT('',(0.651091354417,22.35081362245));
#3744 = CARTESIAN_POINT('',(0.676221263739,22.396955651644));
#3745 = CARTESIAN_POINT('',(0.701848875177,22.440322881027));
#3746 = CARTESIAN_POINT('',(0.727902597529,22.48091311708));
#3747 = CARTESIAN_POINT('',(0.754305751384,22.518756541758));
#3748 = CARTESIAN_POINT('',(0.78097633601,22.553911673454));
#3749 = CARTESIAN_POINT('',(0.821995518719,22.603637458925));
#3750 = CARTESIAN_POINT('',(0.836218521485,22.620093106787));
#3751 = CARTESIAN_POINT('',(0.850488717393,22.635846589558));
#3752 = CARTESIAN_POINT('',(0.864798818475,22.65091643639));
#3753 = CARTESIAN_POINT('',(0.879141335944,22.665321387584));
#3754 = CARTESIAN_POINT('',(0.893508580198,22.67908039459));
#3755 = CARTESIAN_POINT('',(0.941688932946,22.723067582204));
#3756 = CARTESIAN_POINT('',(0.975552821659,22.750439176672));
#3757 = CARTESIAN_POINT('',(1.009447757041,22.774644579247));
#3758 = CARTESIAN_POINT('',(1.043340485649,22.795969558102));
#3759 = CARTESIAN_POINT('',(1.077199259945,22.814668762936));
#3760 = CARTESIAN_POINT('',(1.110992027714,22.830966014148));
#3761 = CARTESIAN_POINT('',(1.144684621493,22.84505459203));
#3762 = ( GEOMETRIC_REPRESENTATION_CONTEXT(2) 
PARAMETRIC_REPRESENTATION_CONTEXT() REPRESENTATION_CONTEXT('2D SPACE',''
  ) );
#3763 = PCURVE('',#1030,#3764);
#3764 = DEFINITIONAL_REPRESENTATION('',(#3765),#3804);
#3765 = B_SPLINE_CURVE_WITH_KNOTS('',7,(#3766,#3767,#3768,#3769,#3770,
    #3771,#3772,#3773,#3774,#3775,#3776,#3777,#3778,#3779,#3780,#3781,
    #3782,#3783,#3784,#3785,#3786,#3787,#3788,#3789,#3790,#3791,#3792,
    #3793,#3794,#3795,#3796,#3797,#3798,#3799,#3800,#3801,#3802,#3803),
  .UNSPECIFIED.,.F.,.F.,(8,6,6,6,6,6,8),(0.,0.396564456239,
    0.484335747021,0.635396593124,0.767139840523,0.836659449993,1.),
  .UNSPECIFIED.);
#3766 = CARTESIAN_POINT('',(0.,0.416134798544));
#3767 = CARTESIAN_POINT('',(7.469163468442E-02,0.416134798544));
#3768 = CARTESIAN_POINT('',(0.149557982574,0.423109385664));
#3769 = CARTESIAN_POINT('',(0.224703346122,0.437119745707));
#3770 = CARTESIAN_POINT('',(0.300215589011,0.459276344788));
#3771 = CARTESIAN_POINT('',(0.37613258521,0.491811009908));
#3772 = CARTESIAN_POINT('',(0.452443129574,0.538140494472));
#3773 = CARTESIAN_POINT('',(0.545880107145,0.617791666865));
#3774 = CARTESIAN_POINT('',(0.56280415151,0.633135872335));
#3775 = CARTESIAN_POINT('',(0.579706137321,0.649432015473));
#3776 = CARTESIAN_POINT('',(0.596573082705,0.66672285026));
#3777 = CARTESIAN_POINT('',(0.613392376781,0.685051572529));
#3778 = CARTESIAN_POINT('',(0.630151672254,0.704461620026));
#3779 = CARTESIAN_POINT('',(0.675558514175,0.760338463636));
#3780 = CARTESIAN_POINT('',(0.704090845303,0.799044874644));
#3781 = CARTESIAN_POINT('',(0.732303885939,0.841263161942));
#3782 = CARTESIAN_POINT('',(0.760078175263,0.887106273778));
#3783 = CARTESIAN_POINT('',(0.78730416015,0.936641573131));
#3784 = CARTESIAN_POINT('',(0.813879678236,0.989879760637));
#3785 = CARTESIAN_POINT('',(0.862232360079,1.096373527243));
#3786 = CARTESIAN_POINT('',(0.884156222317,1.148684793174));
#3787 = CARTESIAN_POINT('',(0.905416929641,1.203644030808));
#3788 = CARTESIAN_POINT('',(0.925954500465,1.261152464432));
#3789 = CARTESIAN_POINT('',(0.945712611529,1.321063759059));
#3790 = CARTESIAN_POINT('',(0.964640139757,1.383181672359));
#3791 = CARTESIAN_POINT('',(0.992218863888,1.481069996515));
#3792 = CARTESIAN_POINT('',(1.00150426002,1.515437650774));
#3793 = CARTESIAN_POINT('',(1.010545887321,1.550338459465));
#3794 = CARTESIAN_POINT('',(1.019340913092,1.585747989952));
#3795 = CARTESIAN_POINT('',(1.027886677127,1.621639586862));
#3796 = CARTESIAN_POINT('',(1.036180691714,1.657984372089));
#3797 = CARTESIAN_POINT('',(1.063110992874,1.781137248045));
#3798 = CARTESIAN_POINT('',(1.080584882796,1.869788951307));
#3799 = CARTESIAN_POINT('',(1.096654162814,1.960466384132));
#3800 = CARTESIAN_POINT('',(1.111327868669,2.052916721321));
#3801 = CARTESIAN_POINT('',(1.124614225071,2.146874758324));
#3802 = CARTESIAN_POINT('',(1.136522650361,2.242063386644));
#3803 = CARTESIAN_POINT('',(1.147065761165,2.338194069238));
#3804 = ( GEOMETRIC_REPRESENTATION_CONTEXT(2) 
PARAMETRIC_REPRESENTATION_CONTEXT() REPRESENTATION_CONTEXT('2D SPACE',''
  ) );
#3805 = ADVANCED_FACE('',(#3806),#1360,.F.);
#3806 = FACE_BOUND('',#3807,.F.);
#3807 = EDGE_LOOP('',(#3808,#3831,#3854,#3855));
#3808 = ORIENTED_EDGE('',*,*,#3809,.T.);
#3809 = EDGE_CURVE('',#3359,#3810,#3812,.T.);
#3810 = VERTEX_POINT('',#3811);
#3811 = CARTESIAN_POINT('',(4.318112662304,0.271637492723,-35.4093153514
    ));
#3812 = SURFACE_CURVE('',#3813,(#3819,#3825),.PCURVE_S1.);
#3813 = B_SPLINE_CURVE_WITH_KNOTS('',3,(#3814,#3815,#3816,#3817,#3818),
  .UNSPECIFIED.,.F.,.F.,(4,1,4),(0.,0.5,1.),.QUASI_UNIFORM_KNOTS.);
#3814 = CARTESIAN_POINT('',(5.388218914289,0.271542866276,
    -35.26227871386));
#3815 = CARTESIAN_POINT('',(5.216307971265,0.271550846601,
    -35.28854701048));
#3816 = CARTESIAN_POINT('',(4.866049541206,0.271533119613,
    -35.33946236205));
#3817 = CARTESIAN_POINT('',(4.502914070587,0.27163748984,-35.38677908961
    ));
#3818 = CARTESIAN_POINT('',(4.318112662304,0.271637492723,-35.4093153514
    ));
#3819 = PCURVE('',#1360,#3820);
#3820 = DEFINITIONAL_REPRESENTATION('',(#3821),#3824);
#3821 = B_SPLINE_CURVE_WITH_KNOTS('',1,(#3822,#3823),.UNSPECIFIED.,.F.,
  .F.,(2,2),(0.,1.),.PIECEWISE_BEZIER_KNOTS.);
#3822 = CARTESIAN_POINT('',(0.959478366182,0.394200167542));
#3823 = CARTESIAN_POINT('',(0.959505198824,0.406356306944));
#3824 = ( GEOMETRIC_REPRESENTATION_CONTEXT(2) 
PARAMETRIC_REPRESENTATION_CONTEXT() REPRESENTATION_CONTEXT('2D SPACE',''
  ) );
#3825 = PCURVE('',#3398,#3826);
#3826 = DEFINITIONAL_REPRESENTATION('',(#3827),#3830);
#3827 = B_SPLINE_CURVE_WITH_KNOTS('',1,(#3828,#3829),.UNSPECIFIED.,.F.,
  .F.,(2,2),(0.,1.),.PIECEWISE_BEZIER_KNOTS.);
#3828 = CARTESIAN_POINT('',(4.845696997532E-03,0.691699249659));
#3829 = CARTESIAN_POINT('',(7.362565532344E-10,0.691674363926));
#3830 = ( GEOMETRIC_REPRESENTATION_CONTEXT(2) 
PARAMETRIC_REPRESENTATION_CONTEXT() REPRESENTATION_CONTEXT('2D SPACE',''
  ) );
#3831 = ORIENTED_EDGE('',*,*,#3832,.T.);
#3832 = EDGE_CURVE('',#3810,#1102,#3833,.T.);
#3833 = SURFACE_CURVE('',#3834,(#3842,#3848),.PCURVE_S1.);
#3834 = B_SPLINE_CURVE_WITH_KNOTS('',3,(#3835,#3836,#3837,#3838,#3839,
    #3840,#3841),.UNSPECIFIED.,.F.,.F.,(4,1,1,1,4),(0.,0.25,0.5,0.75,1.)
  ,.QUASI_UNIFORM_KNOTS.);
#3835 = CARTESIAN_POINT('',(4.318112662304,0.271637492723,-35.4093153514
    ));
#3836 = CARTESIAN_POINT('',(4.29639335294,8.650013385682E-02,
    -35.2254447937));
#3837 = CARTESIAN_POINT('',(4.257969431807,-0.320140219764,
    -34.89394068027));
#3838 = CARTESIAN_POINT('',(4.217324643961,-1.01618324308,
    -34.52405616355));
#3839 = CARTESIAN_POINT('',(4.194974619958,-1.771436201086,
    -34.29596911233));
#3840 = CARTESIAN_POINT('',(4.192717756254,-2.295046878268,
    -34.24428585755));
#3841 = CARTESIAN_POINT('',(4.194729594936,-2.556854262976,
    -34.24403943433));
#3842 = PCURVE('',#1360,#3843);
#3843 = DEFINITIONAL_REPRESENTATION('',(#3844),#3847);
#3844 = B_SPLINE_CURVE_WITH_KNOTS('',1,(#3845,#3846),.UNSPECIFIED.,.F.,
  .F.,(2,2),(0.,1.),.PIECEWISE_BEZIER_KNOTS.);
#3845 = CARTESIAN_POINT('',(0.959505198824,0.406356306944));
#3846 = CARTESIAN_POINT('',(4.052165753891E-02,0.406140051144));
#3847 = ( GEOMETRIC_REPRESENTATION_CONTEXT(2) 
PARAMETRIC_REPRESENTATION_CONTEXT() REPRESENTATION_CONTEXT('2D SPACE',''
  ) );
#3848 = PCURVE('',#1197,#3849);
#3849 = DEFINITIONAL_REPRESENTATION('',(#3850),#3853);
#3850 = B_SPLINE_CURVE_WITH_KNOTS('',1,(#3851,#3852),.UNSPECIFIED.,.F.,
  .F.,(2,2),(0.,1.),.PIECEWISE_BEZIER_KNOTS.);
#3851 = CARTESIAN_POINT('',(0.915706552296,0.355379336792));
#3852 = CARTESIAN_POINT('',(3.882533163391E-02,0.355562533315));
#3853 = ( GEOMETRIC_REPRESENTATION_CONTEXT(2) 
PARAMETRIC_REPRESENTATION_CONTEXT() REPRESENTATION_CONTEXT('2D SPACE',''
  ) );
#3854 = ORIENTED_EDGE('',*,*,#1343,.F.);
#3855 = ORIENTED_EDGE('',*,*,#3448,.T.);
#3856 = ADVANCED_FACE('',(#3857),#861,.F.);
#3857 = FACE_BOUND('',#3858,.F.);
#3858 = EDGE_LOOP('',(#3859,#3860,#3902));
#3859 = ORIENTED_EDGE('',*,*,#844,.F.);
#3860 = ORIENTED_EDGE('',*,*,#3861,.F.);
#3861 = EDGE_CURVE('',#3575,#845,#3862,.T.);
#3862 = SURFACE_CURVE('',#3863,(#3874,#3888),.PCURVE_S1.);
#3863 = B_SPLINE_CURVE_WITH_KNOTS('',5,(#3864,#3865,#3866,#3867,#3868,
    #3869,#3870,#3871,#3872,#3873),.UNSPECIFIED.,.F.,.F.,(6,4,6),(0.,
    0.560540794659,1.),.UNSPECIFIED.);
#3864 = CARTESIAN_POINT('',(-20.07375989221,-1.4,-28.26877203225));
#3865 = CARTESIAN_POINT('',(-20.05467978621,-1.525720977316,
    -28.23572431924));
#3866 = CARTESIAN_POINT('',(-20.03301197355,-1.654318434706,
    -28.21035386504));
#3867 = CARTESIAN_POINT('',(-20.00854503349,-1.784992467825,
    -28.19340082994));
#3868 = CARTESIAN_POINT('',(-19.98110832658,-1.91672374861,
    -28.18536258588));
#3869 = CARTESIAN_POINT('',(-19.92684251163,-2.151379118919,
    -28.18690164794));
#3870 = CARTESIAN_POINT('',(-19.9011571232,-2.254403071355,
    -28.1930489078));
#3871 = CARTESIAN_POINT('',(-19.87362501729,-2.356738667288,
    -28.20466425836));
#3872 = CARTESIAN_POINT('',(-19.84426424559,-2.457861376634,
    -28.22155631379));
#3873 = CARTESIAN_POINT('',(-19.81311979046,-2.557314712273,
    -28.24341124807));
#3874 = PCURVE('',#861,#3875);
#3875 = DEFINITIONAL_REPRESENTATION('',(#3876),#3887);
#3876 = B_SPLINE_CURVE_WITH_KNOTS('',5,(#3877,#3878,#3879,#3880,#3881,
    #3882,#3883,#3884,#3885,#3886),.UNSPECIFIED.,.F.,.F.,(6,4,6),(0.,
    0.560540794659,1.),.UNSPECIFIED.);
#3877 = CARTESIAN_POINT('',(0.385296837701,0.624163514889));
#3878 = CARTESIAN_POINT('',(0.347280864589,0.624195558021));
#3879 = CARTESIAN_POINT('',(0.30878896583,0.624168991496));
#3880 = CARTESIAN_POINT('',(0.269951971093,0.624078091343));
#3881 = CARTESIAN_POINT('',(0.230930186968,0.623918802466));
#3882 = CARTESIAN_POINT('',(0.161404905867,0.623512650544));
#3883 = CARTESIAN_POINT('',(0.130875191943,0.623292098007));
#3884 = CARTESIAN_POINT('',(0.100478573084,0.623029437724));
#3885 = CARTESIAN_POINT('',(7.030868844493E-02,0.622725894411));
#3886 = CARTESIAN_POINT('',(4.045517523501E-02,0.622383575844));
#3887 = ( GEOMETRIC_REPRESENTATION_CONTEXT(2) 
PARAMETRIC_REPRESENTATION_CONTEXT() REPRESENTATION_CONTEXT('2D SPACE',''
  ) );
#3888 = PCURVE('',#1030,#3889);
#3889 = DEFINITIONAL_REPRESENTATION('',(#3890),#3901);
#3890 = B_SPLINE_CURVE_WITH_KNOTS('',5,(#3891,#3892,#3893,#3894,#3895,
    #3896,#3897,#3898,#3899,#3900),.UNSPECIFIED.,.F.,.F.,(6,4,6),(0.,
    0.560540794659,1.),.UNSPECIFIED.);
#3891 = CARTESIAN_POINT('',(6.28318530718,0.51835465983));
#3892 = CARTESIAN_POINT('',(6.244501929544,0.480194447826));
#3893 = CARTESIAN_POINT('',(6.204933295672,0.447389083652));
#3894 = CARTESIAN_POINT('',(6.164606098191,0.42047385456));
#3895 = CARTESIAN_POINT('',(6.123676443029,0.399794177548));
#3896 = CARTESIAN_POINT('',(6.049994158115,0.37399413691));
#3897 = CARTESIAN_POINT('',(6.01737765232,0.366475125898));
#3898 = CARTESIAN_POINT('',(5.984631920516,0.362768261598));
#3899 = CARTESIAN_POINT('',(5.951845392032,0.362716824873));
#3900 = CARTESIAN_POINT('',(5.919097725323,0.366071525597));
#3901 = ( GEOMETRIC_REPRESENTATION_CONTEXT(2) 
PARAMETRIC_REPRESENTATION_CONTEXT() REPRESENTATION_CONTEXT('2D SPACE',''
  ) );
#3902 = ORIENTED_EDGE('',*,*,#3574,.T.);
#3903 = ADVANCED_FACE('',(#3904),#1197,.F.);
#3904 = FACE_BOUND('',#3905,.F.);
#3905 = EDGE_LOOP('',(#3906,#3907,#4121,#4214));
#3906 = ORIENTED_EDGE('',*,*,#3832,.F.);
#3907 = ORIENTED_EDGE('',*,*,#3908,.T.);
#3908 = EDGE_CURVE('',#3810,#3909,#3911,.T.);
#3909 = VERTEX_POINT('',#3910);
#3910 = CARTESIAN_POINT('',(-15.3880093934,0.260419151722,
    -32.24048203267));
#3911 = SURFACE_CURVE('',#3912,(#3930,#4003),.PCURVE_S1.);
#3912 = B_SPLINE_CURVE_WITH_KNOTS('',3,(#3913,#3914,#3915,#3916,#3917,
    #3918,#3919,#3920,#3921,#3922,#3923,#3924,#3925,#3926,#3927,#3928,
    #3929),.UNSPECIFIED.,.F.,.F.,(4,1,1,1,1,1,1,1,1,1,1,1,1,1,4),(0.,
    7.142857142857E-02,0.142857142857,0.214285714286,0.285714285714,
    0.357142857143,0.428571428571,0.5,0.571428571429,0.642857142857,
    0.714285714286,0.785714285714,0.857142857143,0.928571428571,1.),
  .UNSPECIFIED.);
#3913 = CARTESIAN_POINT('',(4.318112662304,0.271637492723,-35.4093153514
    ));
#3914 = CARTESIAN_POINT('',(3.826339049804,0.273144339731,
    -35.47812100165));
#3915 = CARTESIAN_POINT('',(2.839313149551,0.272591427668,
    -35.59453234564));
#3916 = CARTESIAN_POINT('',(1.357607867933,0.264148223425,
    -35.70449609429));
#3917 = CARTESIAN_POINT('',(-0.143490045452,0.251554764304,
    -35.75045581719));
#3918 = CARTESIAN_POINT('',(-1.674898221069,0.237239877881,
    -35.72912315761));
#3919 = CARTESIAN_POINT('',(-3.249191357007,0.22295874125,
    -35.63499063488));
#3920 = CARTESIAN_POINT('',(-4.864769634092,0.211967130621,
    -35.4610957561));
#3921 = CARTESIAN_POINT('',(-6.499475548615,0.205588739379,
    -35.20378141417));
#3922 = CARTESIAN_POINT('',(-8.114825142628,0.204786994368,
    -34.86699379507));
#3923 = CARTESIAN_POINT('',(-9.683816723453,0.210052878101,
    -34.45908594611));
#3924 = CARTESIAN_POINT('',(-11.22108359478,0.220424009576,
    -33.9810596923));
#3925 = CARTESIAN_POINT('',(-12.82364979127,0.235505761123,
    -33.39609341047));
#3926 = CARTESIAN_POINT('',(-14.55579909109,0.253133356231,
    -32.66215191481));
#3927 = CARTESIAN_POINT('',(-16.52849680372,0.270907072612,
    -31.67718423781));
#3928 = CARTESIAN_POINT('',(-17.73474101676,0.273819333339,
    -30.97338273996));
#3929 = CARTESIAN_POINT('',(-18.33069920652,0.271759358139,
    -30.60196250815));
#3930 = PCURVE('',#1197,#3931);
#3931 = DEFINITIONAL_REPRESENTATION('',(#3932),#4002);
#3932 = B_SPLINE_CURVE_WITH_KNOTS('',3,(#3933,#3934,#3935,#3936,#3937,
    #3938,#3939,#3940,#3941,#3942,#3943,#3944,#3945,#3946,#3947,#3948,
    #3949,#3950,#3951,#3952,#3953,#3954,#3955,#3956,#3957,#3958,#3959,
    #3960,#3961,#3962,#3963,#3964,#3965,#3966,#3967,#3968,#3969,#3970,
    #3971,#3972,#3973,#3974,#3975,#3976,#3977,#3978,#3979,#3980,#3981,
    #3982,#3983,#3984,#3985,#3986,#3987,#3988,#3989,#3990,#3991,#3992,
    #3993,#3994,#3995,#3996,#3997,#3998,#3999,#4000,#4001),
  .UNSPECIFIED.,.F.,.F.,(4,1,1,1,1,1,1,1,1,1,1,1,1,1,1,1,1,1,1,1,1,1,1,1
    ,1,1,1,1,1,1,1,1,1,1,1,1,1,1,1,1,1,1,1,1,1,1,1,1,1,1,1,1,1,1,1,1,1,1
    ,1,1,1,1,1,1,1,1,4),(0.,1.515151515152E-02,3.030303030303E-02,
    4.545454545455E-02,6.060606060606E-02,7.575757575758E-02,
    9.090909090909E-02,0.106060606061,0.121212121212,0.136363636364,
    0.151515151515,0.166666666667,0.181818181818,0.19696969697,
    0.212121212121,0.227272727273,0.242424242424,0.257575757576,
    0.272727272727,0.287878787879,0.30303030303,0.318181818182,
    0.333333333333,0.348484848485,0.363636363636,0.378787878788,
    0.393939393939,0.409090909091,0.424242424242,0.439393939394,
    0.454545454545,0.469696969697,0.484848484848,0.5,0.515151515152,
    0.530303030303,0.545454545455,0.560606060606,0.575757575758,
    0.590909090909,0.606060606061,0.621212121212,0.636363636364,
    0.651515151515,0.666666666667,0.681818181818,0.69696969697,
    0.712121212121,0.727272727273,0.742424242424,0.757575757576,
    0.772727272727,0.787878787879,0.80303030303,0.818181818182,
    0.833333333333,0.848484848485,0.863636363636,0.878787878788,
    0.893939393939,0.909090909091,0.924242424242,0.939393939394,
    0.954545454545,0.969696969697,0.984848484848,1.),
  .QUASI_UNIFORM_KNOTS.);
#3933 = CARTESIAN_POINT('',(0.915706552296,0.355379336792));
#3934 = CARTESIAN_POINT('',(0.916456563749,0.356378565088));
#3935 = CARTESIAN_POINT('',(0.917942819648,0.358377714992));
#3936 = CARTESIAN_POINT('',(0.920129704539,0.361377942389));
#3937 = CARTESIAN_POINT('',(0.922273079626,0.364379081358));
#3938 = CARTESIAN_POINT('',(0.924371279246,0.36738058842));
#3939 = CARTESIAN_POINT('',(0.92642192866,0.370381743387));
#3940 = CARTESIAN_POINT('',(0.928422009927,0.373382648463));
#3941 = CARTESIAN_POINT('',(0.930370282184,0.376385527525));
#3942 = CARTESIAN_POINT('',(0.932267112984,0.379392287361));
#3943 = CARTESIAN_POINT('',(0.934113943048,0.382404932373));
#3944 = CARTESIAN_POINT('',(0.935915394783,0.38542538891));
#3945 = CARTESIAN_POINT('',(0.937671143052,0.38845500488));
#3946 = CARTESIAN_POINT('',(0.939376684565,0.391494814414));
#3947 = CARTESIAN_POINT('',(0.941029454182,0.394545932099));
#3948 = CARTESIAN_POINT('',(0.942626724383,0.397609439249));
#3949 = CARTESIAN_POINT('',(0.944169935869,0.400686559284));
#3950 = CARTESIAN_POINT('',(0.945656979961,0.403778715684));
#3951 = CARTESIAN_POINT('',(0.947085741468,0.406887358092));
#3952 = CARTESIAN_POINT('',(0.94845531913,0.410013933064));
#3953 = CARTESIAN_POINT('',(0.949765915075,0.413159943043));
#3954 = CARTESIAN_POINT('',(0.951016362956,0.416326764268));
#3955 = CARTESIAN_POINT('',(0.952203848734,0.419514551138));
#3956 = CARTESIAN_POINT('',(0.953325734966,0.422723600653));
#3957 = CARTESIAN_POINT('',(0.954379168912,0.425954147096));
#3958 = CARTESIAN_POINT('',(0.955361954458,0.429206630482));
#3959 = CARTESIAN_POINT('',(0.956275410649,0.432480205526));
#3960 = CARTESIAN_POINT('',(0.957118299643,0.435772728378));
#3961 = CARTESIAN_POINT('',(0.957888053047,0.439082326659));
#3962 = CARTESIAN_POINT('',(0.95858074974,0.442406967837));
#3963 = CARTESIAN_POINT('',(0.959190137855,0.44574500462));
#3964 = CARTESIAN_POINT('',(0.959717699399,0.449093859952));
#3965 = CARTESIAN_POINT('',(0.960165507714,0.452450404448));
#3966 = CARTESIAN_POINT('',(0.960532573896,0.455811642252));
#3967 = CARTESIAN_POINT('',(0.960815900914,0.459174584358));
#3968 = CARTESIAN_POINT('',(0.961009599772,0.462536080127));
#3969 = CARTESIAN_POINT('',(0.961117293447,0.465893749142));
#3970 = CARTESIAN_POINT('',(0.961140929465,0.469245218996));
#3971 = CARTESIAN_POINT('',(0.96108079354,0.47258818498));
#3972 = CARTESIAN_POINT('',(0.960934882243,0.475920031163));
#3973 = CARTESIAN_POINT('',(0.96070251578,0.47923942208));
#3974 = CARTESIAN_POINT('',(0.960386071754,0.482548350838));
#3975 = CARTESIAN_POINT('',(0.959988936779,0.485848212809));
#3976 = CARTESIAN_POINT('',(0.959514758862,0.489140823885));
#3977 = CARTESIAN_POINT('',(0.958971872479,0.492426850874));
#3978 = CARTESIAN_POINT('',(0.958352026937,0.495712526737));
#3979 = CARTESIAN_POINT('',(0.957639507365,0.499008235759));
#3980 = CARTESIAN_POINT('',(0.956829387305,0.50232345552));
#3981 = CARTESIAN_POINT('',(0.955922449818,0.505667846704));
#3982 = CARTESIAN_POINT('',(0.954930470753,0.509051223963));
#3983 = CARTESIAN_POINT('',(0.953844085059,0.512481037481));
#3984 = CARTESIAN_POINT('',(0.952655965439,0.515964370542));
#3985 = CARTESIAN_POINT('',(0.951366144853,0.519508491381));
#3986 = CARTESIAN_POINT('',(0.949984966609,0.523120438448));
#3987 = CARTESIAN_POINT('',(0.948518269491,0.526808105813));
#3988 = CARTESIAN_POINT('',(0.946903278878,0.530584996731));
#3989 = CARTESIAN_POINT('',(0.945098639615,0.53446467033));
#3990 = CARTESIAN_POINT('',(0.943079629031,0.538459281887));
#3991 = CARTESIAN_POINT('',(0.94082701716,0.542587189537));
#3992 = CARTESIAN_POINT('',(0.938391558624,0.54683966342));
#3993 = CARTESIAN_POINT('',(0.935868326762,0.55117100989));
#3994 = CARTESIAN_POINT('',(0.933295600423,0.555542302936));
#3995 = CARTESIAN_POINT('',(0.930675826297,0.559914611421));
#3996 = CARTESIAN_POINT('',(0.927953837809,0.564242949522));
#3997 = CARTESIAN_POINT('',(0.925100479421,0.568526825066));
#3998 = CARTESIAN_POINT('',(0.922123469439,0.572782324064));
#3999 = CARTESIAN_POINT('',(0.919037369525,0.577021298675));
#4000 = CARTESIAN_POINT('',(0.916930824414,0.579844799272));
#4001 = CARTESIAN_POINT('',(0.915870169953,0.581258017229));
#4002 = ( GEOMETRIC_REPRESENTATION_CONTEXT(2) 
PARAMETRIC_REPRESENTATION_CONTEXT() REPRESENTATION_CONTEXT('2D SPACE',''
  ) );
#4003 = PCURVE('',#4004,#4049);
#4004 = B_SPLINE_SURFACE_WITH_KNOTS('',3,3,(
    (#4005,#4006,#4007,#4008)
    ,(#4009,#4010,#4011,#4012)
    ,(#4013,#4014,#4015,#4016)
    ,(#4017,#4018,#4019,#4020)
    ,(#4021,#4022,#4023,#4024)
    ,(#4025,#4026,#4027,#4028)
    ,(#4029,#4030,#4031,#4032)
    ,(#4033,#4034,#4035,#4036)
    ,(#4037,#4038,#4039,#4040)
    ,(#4041,#4042,#4043,#4044)
    ,(#4045,#4046,#4047,#4048
    )),.UNSPECIFIED.,.F.,.F.,.F.,(4,1,1,1,1,1,1,1,4),(4,4),(
    -9.07040676848E-03,0.,0.166666666667,0.333333333333,0.5,
    0.666666666667,0.833333333333,1.,1.009973262316),(0.29479689232,
    0.716691203954),.UNSPECIFIED.);
#4005 = CARTESIAN_POINT('',(-19.31244589791,1.779653991999,
    -31.7619863248));
#4006 = CARTESIAN_POINT('',(-19.03529211292,1.245256710718,
    -31.30677224415));
#4007 = CARTESIAN_POINT('',(-18.75813832792,0.710859429437,
    -30.8515581635));
#4008 = CARTESIAN_POINT('',(-18.48098454292,0.176462148156,
    -30.39634408285));
#4009 = CARTESIAN_POINT('',(-19.24935822227,1.779733134493,
    -31.80320483426));
#4010 = CARTESIAN_POINT('',(-18.97296249939,1.245334388737,
    -31.34695910806));
#4011 = CARTESIAN_POINT('',(-18.69656677652,0.710935642981,
    -30.89071338186));
#4012 = CARTESIAN_POINT('',(-18.42017105364,0.176536897225,
    -30.43446765567));
#4013 = CARTESIAN_POINT('',(-18.02416706129,1.780482447854,
    -32.59797847506));
#4014 = CARTESIAN_POINT('',(-17.76259589854,1.246069836592,
    -32.12182553817));
#4015 = CARTESIAN_POINT('',(-17.50102473579,0.71165722533,
    -31.64567260129));
#4016 = CARTESIAN_POINT('',(-17.23945357304,0.177244614067,
    -31.1695196644));
#4017 = CARTESIAN_POINT('',(-15.53044003678,1.753656160495,
    -34.00069212653));
#4018 = CARTESIAN_POINT('',(-15.30271212267,1.219739950438,
    -33.48895383196));
#4019 = CARTESIAN_POINT('',(-15.07498420857,0.68582374038,-32.9772155374
    ));
#4020 = CARTESIAN_POINT('',(-14.84725629446,0.151907530322,
    -32.46547724283));
#4021 = CARTESIAN_POINT('',(-11.70589862676,1.70288166736,
    -35.57406509724));
#4022 = CARTESIAN_POINT('',(-11.52998133202,1.169905002877,
    -35.0271525292));
#4023 = CARTESIAN_POINT('',(-11.35406403728,0.636928338393,
    -34.48023996116));
#4024 = CARTESIAN_POINT('',(-11.17814674254,0.10395167391,
    -33.93332739311));
#4025 = CARTESIAN_POINT('',(-7.773989633899,1.681822363765,
    -36.65942839776));
#4026 = CARTESIAN_POINT('',(-7.653774188185,1.149235386588,
    -36.09262517384));
#4027 = CARTESIAN_POINT('',(-7.533558742471,0.616648409411,
    -35.52582194992));
#4028 = CARTESIAN_POINT('',(-7.413343296757,8.406143223469E-02,
    -34.95901872599));
#4029 = CARTESIAN_POINT('',(-3.71489443573,1.703447051213,
    -37.26579382326));
#4030 = CARTESIAN_POINT('',(-3.65404554152,1.170459924707,
    -36.69464012033));
#4031 = CARTESIAN_POINT('',(-3.59319664731,0.637472798201,
    -36.12348641739));
#4032 = CARTESIAN_POINT('',(-3.532347753101,0.104485671695,
    -35.55233271445));
#4033 = CARTESIAN_POINT('',(0.404157522196,1.754239870976,
    -37.37483248018));
#4034 = CARTESIAN_POINT('',(0.403549565924,1.220312859775,
    -36.81497424889));
#4035 = CARTESIAN_POINT('',(0.402941609651,0.686385848573,
    -36.25511601761));
#4036 = CARTESIAN_POINT('',(0.402333653379,0.152458837372,
    -35.69525778632));
#4037 = CARTESIAN_POINT('',(3.226817649695,1.780535719336,
    -37.10811762462));
#4038 = CARTESIAN_POINT('',(3.181234683261,1.246122122323,
    -36.56689321332));
#4039 = CARTESIAN_POINT('',(3.135651716827,0.71170852531,-36.02566880202
    ));
#4040 = CARTESIAN_POINT('',(3.090068750393,0.177294928297,
    -35.48444439072));
#4041 = CARTESIAN_POINT('',(4.662890740723,1.779726097126,
    -36.88099921708));
#4042 = CARTESIAN_POINT('',(4.595762785924,1.245327481592,
    -36.35188958927));
#4043 = CARTESIAN_POINT('',(4.528634831124,0.710928866057,
    -35.82277996147));
#4044 = CARTESIAN_POINT('',(4.461506876325,0.176530250522,
    -35.29367033366));
#4045 = CARTESIAN_POINT('',(4.743918187327,1.779632383839,
    -36.86788996523));
#4046 = CARTESIAN_POINT('',(4.675579317544,1.245235502401,
    -36.33947232253));
#4047 = CARTESIAN_POINT('',(4.607240447762,0.710838620964,
    -35.81105467984));
#4048 = CARTESIAN_POINT('',(4.538901577979,0.176441739526,
    -35.28263703715));
#4049 = DEFINITIONAL_REPRESENTATION('',(#4050),#4120);
#4050 = B_SPLINE_CURVE_WITH_KNOTS('',3,(#4051,#4052,#4053,#4054,#4055,
    #4056,#4057,#4058,#4059,#4060,#4061,#4062,#4063,#4064,#4065,#4066,
    #4067,#4068,#4069,#4070,#4071,#4072,#4073,#4074,#4075,#4076,#4077,
    #4078,#4079,#4080,#4081,#4082,#4083,#4084,#4085,#4086,#4087,#4088,
    #4089,#4090,#4091,#4092,#4093,#4094,#4095,#4096,#4097,#4098,#4099,
    #4100,#4101,#4102,#4103,#4104,#4105,#4106,#4107,#4108,#4109,#4110,
    #4111,#4112,#4113,#4114,#4115,#4116,#4117,#4118,#4119),
  .UNSPECIFIED.,.F.,.F.,(4,1,1,1,1,1,1,1,1,1,1,1,1,1,1,1,1,1,1,1,1,1,1,1
    ,1,1,1,1,1,1,1,1,1,1,1,1,1,1,1,1,1,1,1,1,1,1,1,1,1,1,1,1,1,1,1,1,1,1
    ,1,1,1,1,1,1,1,1,4),(0.,1.515151515152E-02,3.030303030303E-02,
    4.545454545455E-02,6.060606060606E-02,7.575757575758E-02,
    9.090909090909E-02,0.106060606061,0.121212121212,0.136363636364,
    0.151515151515,0.166666666667,0.181818181818,0.19696969697,
    0.212121212121,0.227272727273,0.242424242424,0.257575757576,
    0.272727272727,0.287878787879,0.30303030303,0.318181818182,
    0.333333333333,0.348484848485,0.363636363636,0.378787878788,
    0.393939393939,0.409090909091,0.424242424242,0.439393939394,
    0.454545454545,0.469696969697,0.484848484848,0.5,0.515151515152,
    0.530303030303,0.545454545455,0.560606060606,0.575757575758,
    0.590909090909,0.606060606061,0.621212121212,0.636363636364,
    0.651515151515,0.666666666667,0.681818181818,0.69696969697,
    0.712121212121,0.727272727273,0.742424242424,0.757575757576,
    0.772727272727,0.787878787879,0.80303030303,0.818181818182,
    0.833333333333,0.848484848485,0.863636363636,0.878787878788,
    0.893939393939,0.909090909091,0.924242424242,0.939393939394,
    0.954545454545,0.969696969697,0.984848484848,1.),
  .QUASI_UNIFORM_KNOTS.);
#4051 = CARTESIAN_POINT('',(1.000000007005,0.691674363607));
#4052 = CARTESIAN_POINT('',(0.995534402329,0.691590280279));
#4053 = CARTESIAN_POINT('',(0.986602572506,0.691423487991));
#4054 = CARTESIAN_POINT('',(0.973205736394,0.691177407543));
#4055 = CARTESIAN_POINT('',(0.959812646053,0.690935278248));
#4056 = CARTESIAN_POINT('',(0.946425903731,0.690697439241));
#4057 = CARTESIAN_POINT('',(0.933048981308,0.690464496165));
#4058 = CARTESIAN_POINT('',(0.919681830196,0.690237557958));
#4059 = CARTESIAN_POINT('',(0.906314951636,0.69001735587));
#4060 = CARTESIAN_POINT('',(0.89294026188,0.689803417546));
#4061 = CARTESIAN_POINT('',(0.879549406532,0.689594504312));
#4062 = CARTESIAN_POINT('',(0.866133742055,0.689387582324));
#4063 = CARTESIAN_POINT('',(0.85268670313,0.689182720279));
#4064 = CARTESIAN_POINT('',(0.839203207841,0.688982293751));
#4065 = CARTESIAN_POINT('',(0.825677899723,0.688787480961));
#4066 = CARTESIAN_POINT('',(0.812105026152,0.688598652076));
#4067 = CARTESIAN_POINT('',(0.798478497733,0.688414804667));
#4068 = CARTESIAN_POINT('',(0.784791627961,0.688237762404));
#4069 = CARTESIAN_POINT('',(0.771037539025,0.688069059734));
#4070 = CARTESIAN_POINT('',(0.757209384957,0.687909351401));
#4071 = CARTESIAN_POINT('',(0.743300051358,0.68775853509));
#4072 = CARTESIAN_POINT('',(0.729303171187,0.68761581669));
#4073 = CARTESIAN_POINT('',(0.715217793369,0.68748095062));
#4074 = CARTESIAN_POINT('',(0.7010423179,0.687353535867));
#4075 = CARTESIAN_POINT('',(0.686775457855,0.687233086532));
#4076 = CARTESIAN_POINT('',(0.672414864942,0.687118895755));
#4077 = CARTESIAN_POINT('',(0.657962328204,0.687010493014));
#4078 = CARTESIAN_POINT('',(0.643425573826,0.686908139848));
#4079 = CARTESIAN_POINT('',(0.628811188159,0.686812726224));
#4080 = CARTESIAN_POINT('',(0.614126209036,0.686725836222));
#4081 = CARTESIAN_POINT('',(0.599376620866,0.686650635177));
#4082 = CARTESIAN_POINT('',(0.584574272181,0.686586036688));
#4083 = CARTESIAN_POINT('',(0.569733211405,0.686530655314));
#4084 = CARTESIAN_POINT('',(0.554866940861,0.686485225514));
#4085 = CARTESIAN_POINT('',(0.539989100959,0.686451967013));
#4086 = CARTESIAN_POINT('',(0.525113255232,0.686434803515));
#4087 = CARTESIAN_POINT('',(0.510248773931,0.686431409008));
#4088 = CARTESIAN_POINT('',(0.495404962069,0.686440792581));
#4089 = CARTESIAN_POINT('',(0.480591724703,0.686461971258));
#4090 = CARTESIAN_POINT('',(0.465822487015,0.686492856371));
#4091 = CARTESIAN_POINT('',(0.45110493342,0.686532894046));
#4092 = CARTESIAN_POINT('',(0.436432190901,0.686580393024));
#4093 = CARTESIAN_POINT('',(0.421799948996,0.686633020082));
#4094 = CARTESIAN_POINT('',(0.407202011656,0.686688443629));
#4095 = CARTESIAN_POINT('',(0.392637292799,0.686741540255));
#4096 = CARTESIAN_POINT('',(0.378079567064,0.68679803731));
#4097 = CARTESIAN_POINT('',(0.363484189238,0.686867760712));
#4098 = CARTESIAN_POINT('',(0.34881066007,0.686953534097));
#4099 = CARTESIAN_POINT('',(0.334017760931,0.687054277417));
#4100 = CARTESIAN_POINT('',(0.31906391952,0.687161923384));
#4101 = CARTESIAN_POINT('',(0.303915910176,0.687280980115));
#4102 = CARTESIAN_POINT('',(0.288542012997,0.687414209611));
#4103 = CARTESIAN_POINT('',(0.272909754,0.687559377178));
#4104 = CARTESIAN_POINT('',(0.25698769123,0.687707518087));
#4105 = CARTESIAN_POINT('',(0.240740531573,0.687851423113));
#4106 = CARTESIAN_POINT('',(0.224107925024,0.688023405257));
#4107 = CARTESIAN_POINT('',(0.207029276163,0.688241426131));
#4108 = CARTESIAN_POINT('',(0.189450033844,0.688512274529));
#4109 = CARTESIAN_POINT('',(0.171288301268,0.688835420992));
#4110 = CARTESIAN_POINT('',(0.152580753734,0.689174692463));
#4111 = CARTESIAN_POINT('',(0.133524709787,0.689483028189));
#4112 = CARTESIAN_POINT('',(0.11428716339,0.689748983665));
#4113 = CARTESIAN_POINT('',(9.503516856315E-02,0.689985634842));
#4114 = CARTESIAN_POINT('',(7.5962348594E-02,0.690246932897));
#4115 = CARTESIAN_POINT('',(5.706905455077E-02,0.690555265801));
#4116 = CARTESIAN_POINT('',(3.828391897417E-02,0.690902073345));
#4117 = CARTESIAN_POINT('',(1.955373729609E-02,0.69127500755));
#4118 = CARTESIAN_POINT('',(7.065201731854E-03,0.691522472719));
#4119 = CARTESIAN_POINT('',(8.111092200171E-04,0.691642010859));
#4120 = ( GEOMETRIC_REPRESENTATION_CONTEXT(2) 
PARAMETRIC_REPRESENTATION_CONTEXT() REPRESENTATION_CONTEXT('2D SPACE',''
  ) );
#4121 = ORIENTED_EDGE('',*,*,#4122,.T.);
#4122 = EDGE_CURVE('',#3909,#897,#4123,.T.);
#4123 = SURFACE_CURVE('',#4124,(#4152,#4183),.PCURVE_S1.);
#4124 = B_SPLINE_CURVE_WITH_KNOTS('',6,(#4125,#4126,#4127,#4128,#4129,
    #4130,#4131,#4132,#4133,#4134,#4135,#4136,#4137,#4138,#4139,#4140,
    #4141,#4142,#4143,#4144,#4145,#4146,#4147,#4148,#4149,#4150,#4151),
  .UNSPECIFIED.,.F.,.F.,(7,5,5,5,5,7),(0.,0.456555247253,0.604817171811,
    0.68606535321,0.852382171125,1.),.UNSPECIFIED.);
#4125 = CARTESIAN_POINT('',(-15.45097219833,0.31864956652,
    -32.27865912452));
#4126 = CARTESIAN_POINT('',(-15.2888129685,0.171029047013,
    -32.18174439871));
#4127 = CARTESIAN_POINT('',(-15.13354492743,9.879849986916E-03,
    -32.08730162106));
#4128 = CARTESIAN_POINT('',(-14.98703512507,-0.166026432793,
    -31.9950082847));
#4129 = CARTESIAN_POINT('',(-14.8522967828,-0.357817076295,
    -31.90514344828));
#4130 = CARTESIAN_POINT('',(-14.73351534289,-0.566259336619,
    -31.81838567893));
#4131 = CARTESIAN_POINT('',(-14.60449483518,-0.864619104657,
    -31.70865491489));
#4132 = CARTESIAN_POINT('',(-14.57513814013,-0.939492258723,
    -31.68218277636));
#4133 = CARTESIAN_POINT('',(-14.54824390869,-1.016077502893,
    -31.65617306497));
#4134 = CARTESIAN_POINT('',(-14.52402131676,-1.094324593633,
    -31.63066825375));
#4135 = CARTESIAN_POINT('',(-14.50268512225,-1.174147985005,
    -31.60571431791));
#4136 = CARTESIAN_POINT('',(-14.47444743451,-1.299956119489,
    -31.56800980575));
#4137 = CARTESIAN_POINT('',(-14.4653803324,-1.344927485693,
    -31.55484149542));
#4138 = CARTESIAN_POINT('',(-14.4572773541,-1.39031166354,
    -31.54186043474));
#4139 = CARTESIAN_POINT('',(-14.45017157994,-1.436082845906,
    -31.52907426622));
#4140 = CARTESIAN_POINT('',(-14.44409428346,-1.482211014316,
    -31.51649037566));
#4141 = CARTESIAN_POINT('',(-14.42880020707,-1.623748005349,
    -31.47878505185));
#4142 = CARTESIAN_POINT('',(-14.4229564923,-1.720199041854,
    -31.45432801447));
#4143 = CARTESIAN_POINT('',(-14.42179518385,-1.817697129759,
    -31.43081183877));
#4144 = CARTESIAN_POINT('',(-14.42550816744,-1.915879144277,
    -31.40828294089));
#4145 = CARTESIAN_POINT('',(-14.4342003379,-2.014336360816,
    -31.38676464123));
#4146 = CARTESIAN_POINT('',(-14.45998790742,-2.199842406259,
    -31.3480507116));
#4147 = CARTESIAN_POINT('',(-14.47603058271,-2.286943891393,
    -31.33063813225));
#4148 = CARTESIAN_POINT('',(-14.49598564305,-2.373604032681,
    -31.31401545495));
#4149 = CARTESIAN_POINT('',(-14.51978506477,-2.459533673842,
    -31.2981552246));
#4150 = CARTESIAN_POINT('',(-14.5473080597,-2.544469086406,
    -31.28301019195));
#4151 = CARTESIAN_POINT('',(-14.57839183226,-2.628172069803,
    -31.26851945612));
#4152 = PCURVE('',#1197,#4153);
#4153 = DEFINITIONAL_REPRESENTATION('',(#4154),#4182);
#4154 = B_SPLINE_CURVE_WITH_KNOTS('',6,(#4155,#4156,#4157,#4158,#4159,
    #4160,#4161,#4162,#4163,#4164,#4165,#4166,#4167,#4168,#4169,#4170,
    #4171,#4172,#4173,#4174,#4175,#4176,#4177,#4178,#4179,#4180,#4181),
  .UNSPECIFIED.,.F.,.F.,(7,5,5,5,5,7),(0.,0.456555247253,0.604817171811,
    0.68606535321,0.852382171125,1.),.UNSPECIFIED.);
#4155 = CARTESIAN_POINT('',(0.961161329465,0.549601989296));
#4156 = CARTESIAN_POINT('',(0.899539835049,0.548582863626));
#4157 = CARTESIAN_POINT('',(0.837269103895,0.547599140806));
#4158 = CARTESIAN_POINT('',(0.773773717696,0.546669468867));
#4159 = CARTESIAN_POINT('',(0.708643015342,0.545820510372));
#4160 = CARTESIAN_POINT('',(0.641497763577,0.545089091773));
#4161 = CARTESIAN_POINT('',(0.549332459123,0.544339647006));
#4162 = CARTESIAN_POINT('',(0.526494256529,0.544173493868));
#4163 = CARTESIAN_POINT('',(0.503404505476,0.544026575547));
#4164 = CARTESIAN_POINT('',(0.480062069579,0.543900706604));
#4165 = CARTESIAN_POINT('',(0.456472415814,0.543797745619));
#4166 = CARTESIAN_POINT('',(0.419593751322,0.543676617004));
#4167 = CARTESIAN_POINT('',(0.406468379724,0.543641156302));
#4168 = CARTESIAN_POINT('',(0.393275300213,0.543613416608));
#4169 = CARTESIAN_POINT('',(0.380017718348,0.543593683891));
#4170 = CARTESIAN_POINT('',(0.366699686515,0.543582228755));
#4171 = CARTESIAN_POINT('',(0.325950085612,0.54357332439));
#4172 = CARTESIAN_POINT('',(0.298337663114,0.543603090604));
#4173 = CARTESIAN_POINT('',(0.270538278173,0.543670761344));
#4174 = CARTESIAN_POINT('',(0.242607596386,0.54377802168));
#4175 = CARTESIAN_POINT('',(0.214611833617,0.543925837306));
#4176 = CARTESIAN_POINT('',(0.161798092828,0.544281397102));
#4177 = CARTESIAN_POINT('',(0.136972629781,0.544480561835));
#4178 = CARTESIAN_POINT('',(0.112211427433,0.54471172033));
#4179 = CARTESIAN_POINT('',(8.756477917499E-02,0.544974391585));
#4180 = CARTESIAN_POINT('',(6.307959300146E-02,0.545267673614));
#4181 = CARTESIAN_POINT('',(3.8801446885E-02,0.545590323231));
#4182 = ( GEOMETRIC_REPRESENTATION_CONTEXT(2) 
PARAMETRIC_REPRESENTATION_CONTEXT() REPRESENTATION_CONTEXT('2D SPACE',''
  ) );
#4183 = PCURVE('',#1030,#4184);
#4184 = DEFINITIONAL_REPRESENTATION('',(#4185),#4213);
#4185 = B_SPLINE_CURVE_WITH_KNOTS('',6,(#4186,#4187,#4188,#4189,#4190,
    #4191,#4192,#4193,#4194,#4195,#4196,#4197,#4198,#4199,#4200,#4201,
    #4202,#4203,#4204,#4205,#4206,#4207,#4208,#4209,#4210,#4211,#4212),
  .UNSPECIFIED.,.F.,.F.,(7,5,5,5,5,7),(0.,0.456555247253,0.604817171811,
    0.68606535321,0.852382171125,1.),.UNSPECIFIED.);
#4186 = CARTESIAN_POINT('',(2.584388592531,1.679624901106));
#4187 = CARTESIAN_POINT('',(2.637905406764,1.514614671637));
#4188 = CARTESIAN_POINT('',(2.694185485719,1.35519080645));
#4189 = CARTESIAN_POINT('',(2.753534865013,1.202007531383));
#4190 = CARTESIAN_POINT('',(2.816268560576,1.056813129));
#4191 = CARTESIAN_POINT('',(2.882697798172,0.922287976817));
#4192 = CARTESIAN_POINT('',(2.976153585965,0.762748093726));
#4193 = CARTESIAN_POINT('',(2.999486210566,0.725144201739));
#4194 = CARTESIAN_POINT('',(3.023248352681,0.689172015206));
#4195 = CARTESIAN_POINT('',(3.047441407591,0.654972904814));
#4196 = CARTESIAN_POINT('',(3.072060258165,0.622694065196));
#4197 = CARTESIAN_POINT('',(3.110808814868,0.575922155957));
#4198 = CARTESIAN_POINT('',(3.124649811782,0.55998451363));
#4199 = CARTESIAN_POINT('',(3.138612211803,0.544691096165));
#4200 = CARTESIAN_POINT('',(3.152692800946,0.530065062327));
#4201 = CARTESIAN_POINT('',(3.166887485188,0.516128445186));
#4202 = CARTESIAN_POINT('',(3.210471495116,0.475827638713));
#4203 = CARTESIAN_POINT('',(3.240212846819,0.451725365655));
#4204 = CARTESIAN_POINT('',(3.270364726442,0.430779105877));
#4205 = CARTESIAN_POINT('',(3.300870099342,0.413124999787));
#4206 = CARTESIAN_POINT('',(3.331661099679,0.39883569086));
#4207 = CARTESIAN_POINT('',(3.390163530916,0.378202229081));
#4208 = CARTESIAN_POINT('',(3.417836507802,0.37114383067));
#4209 = CARTESIAN_POINT('',(3.445616455985,0.366725700015));
#4210 = CARTESIAN_POINT('',(3.473453105296,0.364890048481));
#4211 = CARTESIAN_POINT('',(3.501301205773,0.365535562933));
#4212 = CARTESIAN_POINT('',(3.529118728615,0.368528103862));
#4213 = ( GEOMETRIC_REPRESENTATION_CONTEXT(2) 
PARAMETRIC_REPRESENTATION_CONTEXT() REPRESENTATION_CONTEXT('2D SPACE',''
  ) );
#4214 = ORIENTED_EDGE('',*,*,#1101,.F.);
#4215 = ADVANCED_FACE('',(#4216),#1030,.F.);
#4216 = FACE_BOUND('',#4217,.F.);
#4217 = EDGE_LOOP('',(#4218,#4219,#4242,#4269,#4270,#4271,#4272,#4273,
    #4274,#4339,#4500,#4589));
#4218 = ORIENTED_EDGE('',*,*,#3680,.F.);
#4219 = ORIENTED_EDGE('',*,*,#4220,.F.);
#4220 = EDGE_CURVE('',#4221,#3646,#4223,.T.);
#4221 = VERTEX_POINT('',#4222);
#4222 = CARTESIAN_POINT('',(-19.81458256229,-1.4,-27.81986372867));
#4223 = SEAM_CURVE('',#4224,(#4228,#4235),.PCURVE_S1.);
#4224 = LINE('',#4225,#4226);
#4225 = CARTESIAN_POINT('',(-19.81458256229,-1.4,-27.81986372867));
#4226 = VECTOR('',#4227,1.);
#4227 = DIRECTION('',(-0.5,-1.232595164408E-32,-0.866025403784));
#4228 = PCURVE('',#1030,#4229);
#4229 = DEFINITIONAL_REPRESENTATION('',(#4230),#4234);
#4230 = LINE('',#4231,#4232);
#4231 = CARTESIAN_POINT('',(6.28318530718,-0.));
#4232 = VECTOR('',#4233,1.);
#4233 = DIRECTION('',(0.,1.));
#4234 = ( GEOMETRIC_REPRESENTATION_CONTEXT(2) 
PARAMETRIC_REPRESENTATION_CONTEXT() REPRESENTATION_CONTEXT('2D SPACE',''
  ) );
#4235 = PCURVE('',#1030,#4236);
#4236 = DEFINITIONAL_REPRESENTATION('',(#4237),#4241);
#4237 = LINE('',#4238,#4239);
#4238 = CARTESIAN_POINT('',(0.,-0.));
#4239 = VECTOR('',#4240,1.);
#4240 = DIRECTION('',(0.,1.));
#4241 = ( GEOMETRIC_REPRESENTATION_CONTEXT(2) 
PARAMETRIC_REPRESENTATION_CONTEXT() REPRESENTATION_CONTEXT('2D SPACE',''
  ) );
#4242 = ORIENTED_EDGE('',*,*,#4243,.T.);
#4243 = EDGE_CURVE('',#4221,#4221,#4244,.T.);
#4244 = SURFACE_CURVE('',#4245,(#4250,#4257),.PCURVE_S1.);
#4245 = CIRCLE('',#4246,3.25);
#4246 = AXIS2_PLACEMENT_3D('',#4247,#4248,#4249);
#4247 = CARTESIAN_POINT('',(-17.,-1.4,-29.44486372867));
#4248 = DIRECTION('',(-0.5,0.,-0.866025403784));
#4249 = DIRECTION('',(-0.866025403784,0.,0.5));
#4250 = PCURVE('',#1030,#4251);
#4251 = DEFINITIONAL_REPRESENTATION('',(#4252),#4256);
#4252 = LINE('',#4253,#4254);
#4253 = CARTESIAN_POINT('',(0.,0.));
#4254 = VECTOR('',#4255,1.);
#4255 = DIRECTION('',(1.,0.));
#4256 = ( GEOMETRIC_REPRESENTATION_CONTEXT(2) 
PARAMETRIC_REPRESENTATION_CONTEXT() REPRESENTATION_CONTEXT('2D SPACE',''
  ) );
#4257 = PCURVE('',#4258,#4263);
#4258 = PLANE('',#4259);
#4259 = AXIS2_PLACEMENT_3D('',#4260,#4261,#4262);
#4260 = CARTESIAN_POINT('',(-17.,-1.4,-29.44486372867));
#4261 = DIRECTION('',(-0.5,0.,-0.866025403784));
#4262 = DIRECTION('',(-0.866025403784,0.,0.5));
#4263 = DEFINITIONAL_REPRESENTATION('',(#4264),#4268);
#4264 = CIRCLE('',#4265,3.25);
#4265 = AXIS2_PLACEMENT_2D('',#4266,#4267);
#4266 = CARTESIAN_POINT('',(0.,0.));
#4267 = DIRECTION('',(1.,0.));
#4268 = ( GEOMETRIC_REPRESENTATION_CONTEXT(2) 
PARAMETRIC_REPRESENTATION_CONTEXT() REPRESENTATION_CONTEXT('2D SPACE',''
  ) );
#4269 = ORIENTED_EDGE('',*,*,#4220,.T.);
#4270 = ORIENTED_EDGE('',*,*,#3645,.F.);
#4271 = ORIENTED_EDGE('',*,*,#3861,.T.);
#4272 = ORIENTED_EDGE('',*,*,#896,.F.);
#4273 = ORIENTED_EDGE('',*,*,#4122,.F.);
#4274 = ORIENTED_EDGE('',*,*,#4275,.F.);
#4275 = EDGE_CURVE('',#4276,#3909,#4278,.T.);
#4276 = VERTEX_POINT('',#4277);
#4277 = CARTESIAN_POINT('',(-17.63846890502,1.67246386007,
    -32.66965406802));
#4278 = SURFACE_CURVE('',#4279,(#4297,#4318),.PCURVE_S1.);
#4279 = B_SPLINE_CURVE_WITH_KNOTS('',6,(#4280,#4281,#4282,#4283,#4284,
    #4285,#4286,#4287,#4288,#4289,#4290,#4291,#4292,#4293,#4294,#4295,
    #4296),.UNSPECIFIED.,.F.,.F.,(7,5,5,7),(0.,0.28564154541,
    0.662278848422,1.),.UNSPECIFIED.);
#4280 = CARTESIAN_POINT('',(-17.65892896949,1.679196755812,
    -32.6656307097));
#4281 = CARTESIAN_POINT('',(-17.52483626474,1.63544551094,
    -32.69251595294));
#4282 = CARTESIAN_POINT('',(-17.39266369775,1.586350994725,
    -32.71120327861));
#4283 = CARTESIAN_POINT('',(-17.26311838185,1.532760202496,
    -32.72234754305));
#4284 = CARTESIAN_POINT('',(-17.1366130935,1.475450924572,
    -32.72671395175));
#4285 = CARTESIAN_POINT('',(-17.01333212687,1.415041632142,
    -32.72500862122));
#4286 = CARTESIAN_POINT('',(-16.73493126929,1.268799603991,
    -32.70835782605));
#4287 = CARTESIAN_POINT('',(-16.58228039887,1.181051369677,
    -32.68937363703));
#4288 = CARTESIAN_POINT('',(-16.4352439097,1.089723232256,
    -32.66225700205));
#4289 = CARTESIAN_POINT('',(-16.29372240757,0.995550334167,
    -32.62807488942));
#4290 = CARTESIAN_POINT('',(-16.15750681083,0.899058850922,
    -32.58768617798));
#4291 = CARTESIAN_POINT('',(-15.90865940022,0.712221981984,
    -32.50048356406));
#4292 = CARTESIAN_POINT('',(-15.79508723869,0.622303633183,
    -32.4547798414));
#4293 = CARTESIAN_POINT('',(-15.68541649856,0.531050440888,
    -32.40506701604));
#4294 = CARTESIAN_POINT('',(-15.57951620568,0.438659676434,
    -32.3517125244));
#4295 = CARTESIAN_POINT('',(-15.47726430671,0.345282835787,
    -32.29501694227));
#4296 = CARTESIAN_POINT('',(-15.37854708296,0.251025671717,
    -32.23521556061));
#4297 = PCURVE('',#1030,#4298);
#4298 = DEFINITIONAL_REPRESENTATION('',(#4299),#4317);
#4299 = B_SPLINE_CURVE_WITH_KNOTS('',6,(#4300,#4301,#4302,#4303,#4304,
    #4305,#4306,#4307,#4308,#4309,#4310,#4311,#4312,#4313,#4314,#4315,
    #4316),.UNSPECIFIED.,.F.,.F.,(7,5,5,7),(0.,0.28564154541,
    0.662278848422,1.),.UNSPECIFIED.);
#4300 = CARTESIAN_POINT('',(1.896439512288,3.118730509995));
#4301 = CARTESIAN_POINT('',(1.938518768885,3.07496746125));
#4302 = CARTESIAN_POINT('',(1.979444268456,3.025064876517));
#4303 = CARTESIAN_POINT('',(2.019183871365,2.969943434674));
#4304 = CARTESIAN_POINT('',(2.057764967215,2.910472211363));
#4305 = CARTESIAN_POINT('',(2.095247427016,2.847354868476));
#4306 = CARTESIAN_POINT('',(2.179833031604,2.693734428082));
#4307 = CARTESIAN_POINT('',(2.22616651682,2.600968202906));
#4308 = CARTESIAN_POINT('',(2.270959757568,2.503966263572));
#4309 = CARTESIAN_POINT('',(2.314382053208,2.403602934613));
#4310 = CARTESIAN_POINT('',(2.356600101082,2.300517486104));
#4311 = CARTESIAN_POINT('',(2.434720013967,2.100574101873));
#4312 = CARTESIAN_POINT('',(2.470810569034,2.004207436237));
#4313 = CARTESIAN_POINT('',(2.506172442282,1.906319496511));
#4314 = CARTESIAN_POINT('',(2.540893198666,1.807163004907));
#4315 = CARTESIAN_POINT('',(2.575051660289,1.706937241018));
#4316 = CARTESIAN_POINT('',(2.608722204407,1.60578911344));
#4317 = ( GEOMETRIC_REPRESENTATION_CONTEXT(2) 
PARAMETRIC_REPRESENTATION_CONTEXT() REPRESENTATION_CONTEXT('2D SPACE',''
  ) );
#4318 = PCURVE('',#4004,#4319);
#4319 = DEFINITIONAL_REPRESENTATION('',(#4320),#4338);
#4320 = B_SPLINE_CURVE_WITH_KNOTS('',6,(#4321,#4322,#4323,#4324,#4325,
    #4326,#4327,#4328,#4329,#4330,#4331,#4332,#4333,#4334,#4335,#4336,
    #4337),.UNSPECIFIED.,.F.,.F.,(7,5,5,7),(0.,0.28564154541,
    0.662278848422,1.),.UNSPECIFIED.);
#4321 = CARTESIAN_POINT('',(6.658067153272E-02,0.319810288003));
#4322 = CARTESIAN_POINT('',(7.184105015143E-02,0.331110928705));
#4323 = CARTESIAN_POINT('',(7.689338094962E-02,0.343811029553));
#4324 = CARTESIAN_POINT('',(8.172804868084E-02,0.357691679945));
#4325 = CARTESIAN_POINT('',(8.634615432923E-02,0.372551286966));
#4326 = CARTESIAN_POINT('',(9.075462973922E-02,0.388229182508));
#4327 = CARTESIAN_POINT('',(0.100516937755,0.426214379284));
#4328 = CARTESIAN_POINT('',(0.105721005355,0.449028769225));
#4329 = CARTESIAN_POINT('',(0.110604970635,0.472795100542));
#4330 = CARTESIAN_POINT('',(0.115190311482,0.497321634411));
#4331 = CARTESIAN_POINT('',(0.119498125122,0.522470786422));
#4332 = CARTESIAN_POINT('',(0.127179676845,0.571201143381));
#4333 = CARTESIAN_POINT('',(0.130602641012,0.59466753367));
#4334 = CARTESIAN_POINT('',(0.133830179481,0.618495893198));
#4335 = CARTESIAN_POINT('',(0.136871960974,0.642634449322));
#4336 = CARTESIAN_POINT('',(0.139736079086,0.667043361676));
#4337 = CARTESIAN_POINT('',(0.142429152919,0.691694763607));
#4338 = ( GEOMETRIC_REPRESENTATION_CONTEXT(2) 
PARAMETRIC_REPRESENTATION_CONTEXT() REPRESENTATION_CONTEXT('2D SPACE',''
  ) );
#4339 = ORIENTED_EDGE('',*,*,#4340,.F.);
#4340 = EDGE_CURVE('',#4341,#4276,#4343,.T.);
#4341 = VERTEX_POINT('',#4342);
#4342 = CARTESIAN_POINT('',(-19.19413978889,1.772425982258,
    -31.83354067289));
#4343 = SURFACE_CURVE('',#4344,(#4367,#4393),.PCURVE_S1.);
#4344 = B_SPLINE_CURVE_WITH_KNOTS('',5,(#4345,#4346,#4347,#4348,#4349,
    #4350,#4351,#4352,#4353,#4354,#4355,#4356,#4357,#4358,#4359,#4360,
    #4361,#4362,#4363,#4364,#4365,#4366),.UNSPECIFIED.,.F.,.F.,(6,4,4,4,
    4,6),(0.,0.189010367849,0.475769350178,0.678749549496,0.78676216507,
    1.),.UNSPECIFIED.);
#4345 = CARTESIAN_POINT('',(-19.27272652204,1.745880443947,
    -31.7492432155));
#4346 = CARTESIAN_POINT('',(-19.22613630554,1.763043575514,
    -31.80087479755));
#4347 = CARTESIAN_POINT('',(-19.17779459231,1.77867278627,
    -31.85196028258));
#4348 = CARTESIAN_POINT('',(-19.12760638481,1.792678741786,
    -31.90232905913));
#4349 = CARTESIAN_POINT('',(-19.07550125258,1.804951249028,
    -31.95175907084));
#4350 = CARTESIAN_POINT('',(-18.93951312208,1.831211899425,
    -32.07319101146));
#4351 = CARTESIAN_POINT('',(-18.85309913242,1.84281084112,
    -32.14367528526));
#4352 = CARTESIAN_POINT('',(-18.76231748529,1.849789228584,
    -32.21049642032));
#4353 = CARTESIAN_POINT('',(-18.66756715639,1.851824843245,
    -32.27266829094));
#4354 = CARTESIAN_POINT('',(-18.50081299218,1.846908449176,
    -32.36985606747));
#4355 = CARTESIAN_POINT('',(-18.43022700173,1.842408043833,
    -32.40751310076));
#4356 = CARTESIAN_POINT('',(-18.35853249152,1.835452834796,
    -32.4423322689));
#4357 = CARTESIAN_POINT('',(-18.28610413004,1.826132477334,
    -32.47427968262));
#4358 = CARTESIAN_POINT('',(-18.17455859994,1.808428294748,
    -32.51893551904));
#4359 = CARTESIAN_POINT('',(-18.13570787517,1.801645959101,
    -32.53365282493));
#4360 = CARTESIAN_POINT('',(-18.09679822009,1.794249615488,
    -32.54759058644));
#4361 = CARTESIAN_POINT('',(-18.05787372394,1.786259596847,
    -32.56076851758));
#4362 = CARTESIAN_POINT('',(-17.94217322823,1.760793303477,
    -32.59778151534));
#4363 = CARTESIAN_POINT('',(-17.86546739856,1.741658791727,
    -32.61948980256));
#4364 = CARTESIAN_POINT('',(-17.78913358818,1.720452270981,
    -32.63854209232));
#4365 = CARTESIAN_POINT('',(-17.71336313052,1.697327058531,
    -32.65519743708));
#4366 = CARTESIAN_POINT('',(-17.63826511095,1.672395887437,
    -32.66969528861));
#4367 = PCURVE('',#1030,#4368);
#4368 = DEFINITIONAL_REPRESENTATION('',(#4369),#4392);
#4369 = B_SPLINE_CURVE_WITH_KNOTS('',5,(#4370,#4371,#4372,#4373,#4374,
    #4375,#4376,#4377,#4378,#4379,#4380,#4381,#4382,#4383,#4384,#4385,
    #4386,#4387,#4388,#4389,#4390,#4391),.UNSPECIFIED.,.F.,.F.,(6,4,4,4,
    4,6),(0.,0.189010367849,0.475769350178,0.678749549496,0.78676216507,
    1.),.UNSPECIFIED.);
#4370 = CARTESIAN_POINT('',(1.316988043379,3.132014436582));
#4371 = CARTESIAN_POINT('',(1.338020025761,3.153433590023));
#4372 = CARTESIAN_POINT('',(1.359303954306,3.173504061204));
#4373 = CARTESIAN_POINT('',(1.380851336233,3.192030597504));
#4374 = CARTESIAN_POINT('',(1.402661152758,3.208785677242));
#4375 = CARTESIAN_POINT('',(1.458170899503,3.245954757399));
#4376 = CARTESIAN_POINT('',(1.492200242004,3.263788934251));
#4377 = CARTESIAN_POINT('',(1.526693565764,3.276266911154));
#4378 = CARTESIAN_POINT('',(1.561479111258,3.282734166064));
#4379 = CARTESIAN_POINT('',(1.620885214994,3.283524167374));
#4380 = CARTESIAN_POINT('',(1.645514873028,3.280843119604));
#4381 = CARTESIAN_POINT('',(1.670053801296,3.275150148647));
#4382 = CARTESIAN_POINT('',(1.69442707722,3.266603239775));
#4383 = CARTESIAN_POINT('',(1.731423911454,3.249503563495));
#4384 = CARTESIAN_POINT('',(1.744210394446,3.242823761886));
#4385 = CARTESIAN_POINT('',(1.756926038852,3.235439389886));
#4386 = CARTESIAN_POINT('',(1.769565426584,3.227389564944));
#4387 = CARTESIAN_POINT('',(1.80692143024,3.201593513423));
#4388 = CARTESIAN_POINT('',(1.831406847961,3.182040526794));
#4389 = CARTESIAN_POINT('',(1.85556140422,3.160373388533));
#4390 = CARTESIAN_POINT('',(1.879390894482,3.136912111377));
#4391 = CARTESIAN_POINT('',(1.902918369824,3.111918609314));
#4392 = ( GEOMETRIC_REPRESENTATION_CONTEXT(2) 
PARAMETRIC_REPRESENTATION_CONTEXT() REPRESENTATION_CONTEXT('2D SPACE',''
  ) );
#4393 = PCURVE('',#4394,#4475);
#4394 = ( BOUNDED_SURFACE() B_SPLINE_SURFACE(3,3,(
    (#4395,#4396,#4397,#4398,#4399,#4400,#4401,#4402,#4403,#4404,#4405
      ,#4406,#4407,#4408,#4409,#4410,#4411,#4412,#4413,#4414)
    ,(#4415,#4416,#4417,#4418,#4419,#4420,#4421,#4422,#4423,#4424,#4425
      ,#4426,#4427,#4428,#4429,#4430,#4431,#4432,#4433,#4434)
    ,(#4435,#4436,#4437,#4438,#4439,#4440,#4441,#4442,#4443,#4444,#4445
      ,#4446,#4447,#4448,#4449,#4450,#4451,#4452,#4453,#4454)
    ,(#4455,#4456,#4457,#4458,#4459,#4460,#4461,#4462,#4463,#4464,#4465
      ,#4466,#4467,#4468,#4469,#4470,#4471,#4472,#4473,#4474
)),.UNSPECIFIED.,.F.,.F.,.F.) B_SPLINE_SURFACE_WITH_KNOTS((4,4),(4,1,1,1
    ,1,1,1,1,1,1,1,1,1,1,1,1,1,4),(0.,1.),(0.290626585295,0.298100022843
    ,0.312425532471,0.326821649906,0.341206561812,0.355674907289,
    0.370336123067,0.385177757084,0.400073943106,0.414888283225,
    0.429509687147,0.443885311204,0.458084693363,0.4722372607,
    0.486397601844,0.500898512607,0.516539183484,0.532271978101),
.UNSPECIFIED.) GEOMETRIC_REPRESENTATION_ITEM() RATIONAL_B_SPLINE_SURFACE
((
    (1.059592749994,1.059592749994,1.059592749994,1.059592749994
      ,1.059592749994,1.059592749994,1.059592749994,1.059592749994
      ,1.059592749994,1.059592749994,1.059592749994,1.059592749994
      ,1.059592749994,1.059592749994,1.059592749994,1.059592749994
      ,1.059592749994,1.059592749994,1.059592749994,1.059592749994)
    ,(0.980135750002,0.980135750002,0.980135750002,0.980135750002
      ,0.980135750002,0.980135750002,0.980135750002,0.980135750002
      ,0.980135750002,0.980135750002,0.980135750002,0.980135750002
      ,0.980135750002,0.980135750002,0.980135750002,0.980135750002
      ,0.980135750002,0.980135750002,0.980135750002,0.980135750002)
    ,(0.980135750002,0.980135750002,0.980135750002,0.980135750002
      ,0.980135750002,0.980135750002,0.980135750002,0.980135750002
      ,0.980135750002,0.980135750002,0.980135750002,0.980135750002
      ,0.980135750002,0.980135750002,0.980135750002,0.980135750002
      ,0.980135750002,0.980135750002,0.980135750002,0.980135750002)
    ,(1.059592749994,1.059592749994,1.059592749994,1.059592749994
      ,1.059592749994,1.059592749994,1.059592749994,1.059592749994
      ,1.059592749994,1.059592749994,1.059592749994,1.059592749994
      ,1.059592749994,1.059592749994,1.059592749994,1.059592749994
      ,1.059592749994,1.059592749994,1.059592749994,1.059592749994
))) REPRESENTATION_ITEM('') SURFACE() );
#4395 = CARTESIAN_POINT('',(-21.22124965572,2.827820618686,
    -34.43798410391));
#4396 = CARTESIAN_POINT('',(-20.97969184316,2.821831617232,
    -34.59763637659));
#4397 = CARTESIAN_POINT('',(-20.27027236073,2.803200385616,
    -35.05463181486));
#4398 = CARTESIAN_POINT('',(-19.06995840816,2.768086523655,
    -35.77172936143));
#4399 = CARTESIAN_POINT('',(-17.60758429538,2.723535579815,
    -36.56037648783));
#4400 = CARTESIAN_POINT('',(-16.10845273439,2.679698472143,
    -37.28437692651));
#4401 = CARTESIAN_POINT('',(-14.57204704913,2.639651595245,
    -37.94290128288));
#4402 = CARTESIAN_POINT('',(-12.9930617812,2.60583258272,-38.53719885908
    ));
#4403 = CARTESIAN_POINT('',(-11.37387853852,2.580671849706,
    -39.06320829186));
#4404 = CARTESIAN_POINT('',(-9.727433098133,2.56610029536,
    -39.51486403362));
#4405 = CARTESIAN_POINT('',(-8.07034416713,2.563094776367,
    -39.88776393873));
#4406 = CARTESIAN_POINT('',(-6.417897596636,2.571519060787,
    -40.18079015821));
#4407 = CARTESIAN_POINT('',(-4.776741905372,2.590326400227,
    -40.39658068958));
#4408 = CARTESIAN_POINT('',(-3.143724595385,2.618236253877,
    -40.53770201563));
#4409 = CARTESIAN_POINT('',(-1.513331723222,2.653604680385,
    -40.60619975298));
#4410 = CARTESIAN_POINT('',(0.132380981689,2.694708778703,
    -40.60322039385));
#4411 = CARTESIAN_POINT('',(1.836559938958,2.740317079451,
    -40.52394253375));
#4412 = CARTESIAN_POINT('',(3.598643172517,2.787146678084,-40.3596957639
    ));
#4413 = CARTESIAN_POINT('',(4.80023358253,2.815715681996,-40.18898384224
    ));
#4414 = CARTESIAN_POINT('',(5.401373911621,2.828277877863,
    -40.08845705065));
#4415 = CARTESIAN_POINT('',(-20.51530432969,3.007973115067,
    -33.32727517533));
#4416 = CARTESIAN_POINT('',(-20.2819102872,3.004105928342,
    -33.48208279655));
#4417 = CARTESIAN_POINT('',(-19.59635022031,2.991508686006,
    -33.92526579383));
#4418 = CARTESIAN_POINT('',(-18.43608538248,2.965686540721,
    -34.62079213106));
#4419 = CARTESIAN_POINT('',(-17.02266182123,2.93105901151,-35.3854978777
    ));
#4420 = CARTESIAN_POINT('',(-15.57489390315,2.895887455431,
    -36.0868237008));
#4421 = CARTESIAN_POINT('',(-14.09055205167,2.863051675962,
    -36.72478499769));
#4422 = CARTESIAN_POINT('',(-12.56530645928,2.834926937781,
    -37.30020643612));
#4423 = CARTESIAN_POINT('',(-11.00188588226,2.813832076597,
    -37.80905673701));
#4424 = CARTESIAN_POINT('',(-9.412110474719,2.801560861688,
    -38.24570289826));
#4425 = CARTESIAN_POINT('',(-7.812179409834,2.799022402283,
    -38.60585069773));
#4426 = CARTESIAN_POINT('',(-6.216098287088,2.806121338482,
    -38.88858448394));
#4427 = CARTESIAN_POINT('',(-4.630727958903,2.821940401384,
    -39.09635598316));
#4428 = CARTESIAN_POINT('',(-3.053703330281,2.845276740157,
    -39.23161012102));
#4429 = CARTESIAN_POINT('',(-1.478171242089,2.87455155167,
    -39.29644997049));
#4430 = CARTESIAN_POINT('',(0.112361356612,2.908030299985,
    -39.29187346617));
#4431 = CARTESIAN_POINT('',(1.759561604293,2.944281750821,-39.2131801662
    ));
#4432 = CARTESIAN_POINT('',(3.463873327857,2.980060998354,
    -39.05190400206));
#4433 = CARTESIAN_POINT('',(4.626170949479,3.000176775293,
    -38.88492195527));
#4434 = CARTESIAN_POINT('',(5.207575741269,3.008267373139,
    -38.78671488563));
#4435 = CARTESIAN_POINT('',(-19.85358185199,2.561551379805,
    -32.26552202051));
#4436 = CARTESIAN_POINT('',(-19.62795594879,2.559711698225,
    -32.41463567354));
#4437 = CARTESIAN_POINT('',(-18.96503398756,2.552887408297,
    -32.84168322262));
#4438 = CARTESIAN_POINT('',(-17.84243762121,2.535974509111,
    -33.51246650977));
#4439 = CARTESIAN_POINT('',(-16.47453553935,2.510874090131,
    -34.25039573869));
#4440 = CARTESIAN_POINT('',(-15.0740507517,2.484021590922,
    -34.92710050596));
#4441 = CARTESIAN_POINT('',(-13.6372481869,2.458105188203,
    -35.54328691792));
#4442 = CARTESIAN_POINT('',(-12.16076098208,2.43543904419,
    -36.09929785935));
#4443 = CARTESIAN_POINT('',(-10.64771214902,2.418237633881,
    -36.59106558277));
#4444 = CARTESIAN_POINT('',(-9.10902726575,2.408167747128,
    -37.01330251836));
#4445 = CARTESIAN_POINT('',(-7.560662544232,2.406076071786,
    -37.36177015538));
#4446 = CARTESIAN_POINT('',(-6.015602813731,2.411906832879,
    -37.6356838349));
#4447 = CARTESIAN_POINT('',(-4.481021821569,2.424865231025,
    -37.83727362767));
#4448 = CARTESIAN_POINT('',(-2.955386928713,2.443820646246,
    -37.96886124183));
#4449 = CARTESIAN_POINT('',(-1.430745938901,2.467251833916,
    -38.03263667077));
#4450 = CARTESIAN_POINT('',(0.107960019963,2.49341200334,-38.02953372486
    ));
#4451 = CARTESIAN_POINT('',(1.700863076642,2.520679657764,
    -37.95513969165));
#4452 = CARTESIAN_POINT('',(3.349133980495,2.545852969617,
    -37.80131705597));
#4453 = CARTESIAN_POINT('',(4.472570219115,2.557872320562,
    -37.64166615864));
#4454 = CARTESIAN_POINT('',(5.034260862846,2.561690146334,
    -37.54775675763));
#4455 = CARTESIAN_POINT('',(-19.38494644306,1.58898455933,
    -31.49158165433));
#4456 = CARTESIAN_POINT('',(-19.16494549099,1.588621956158,
    -31.63543296445));
#4457 = CARTESIAN_POINT('',(-18.51834755014,1.586010871068,
    -32.04765196491));
#4458 = CARTESIAN_POINT('',(-17.42256493438,1.575620481238,
    -32.69608667493));
#4459 = CARTESIAN_POINT('',(-16.08651453233,1.557507604282,
    -33.41042802033));
#4460 = CARTESIAN_POINT('',(-14.71859532584,1.536756172811,
    -34.06610416073));
#4461 = CARTESIAN_POINT('',(-13.31411283768,1.515910810423,
    -34.66420244351));
#4462 = CARTESIAN_POINT('',(-11.87043381482,1.497239589224,
    -35.20463520597));
#4463 = CARTESIAN_POINT('',(-10.3910339381,1.482883319697,
    -35.68323988383));
#4464 = CARTESIAN_POINT('',(-8.886366504375,1.474420528621,
    -36.09490951619));
#4465 = CARTESIAN_POINT('',(-7.372375994811,1.472654851157,
    -36.43539655859));
#4466 = CARTESIAN_POINT('',(-5.861515587176,1.477559904931,
    -36.70394667095));
#4467 = CARTESIAN_POINT('',(-4.361302094567,1.488428798789,
    -36.90258274891));
#4468 = CARTESIAN_POINT('',(-2.870893113701,1.504181435078,
    -37.03352934239));
#4469 = CARTESIAN_POINT('',(-1.381724834323,1.523333599336,
    -37.0990732752));
#4470 = CARTESIAN_POINT('',(0.120167117265,1.544128383126,
    -37.10018309263));
#4471 = CARTESIAN_POINT('',(1.673669454599,1.564806331996,
    -37.03283584942));
#4472 = CARTESIAN_POINT('',(3.280237437061,1.582204085078,
    -36.88927288392));
#4473 = CARTESIAN_POINT('',(4.373986138714,1.588305221317,
    -36.73890516056));
#4474 = CARTESIAN_POINT('',(4.920419011682,1.589010323991,
    -36.65030455099));
#4475 = DEFINITIONAL_REPRESENTATION('',(#4476),#4499);
#4476 = B_SPLINE_CURVE_WITH_KNOTS('',5,(#4477,#4478,#4479,#4480,#4481,
    #4482,#4483,#4484,#4485,#4486,#4487,#4488,#4489,#4490,#4491,#4492,
    #4493,#4494,#4495,#4496,#4497,#4498),.UNSPECIFIED.,.F.,.F.,(6,4,4,4,
    4,6),(0.,0.189010367849,0.475769350178,0.678749549496,0.78676216507,
    1.),.UNSPECIFIED.);
#4477 = CARTESIAN_POINT('',(0.94043666789,0.292793175649));
#4478 = CARTESIAN_POINT('',(0.933708360047,0.293420639897));
#4479 = CARTESIAN_POINT('',(0.927511033005,0.294058765417));
#4480 = CARTESIAN_POINT('',(0.921892194779,0.294707583219));
#4481 = CARTESIAN_POINT('',(0.916909656811,0.295366719863));
#4482 = CARTESIAN_POINT('',(0.906110428116,0.297049329966));
#4483 = CARTESIAN_POINT('',(0.901192366045,0.298085340327));
#4484 = CARTESIAN_POINT('',(0.898069202899,0.299138551196));
#4485 = CARTESIAN_POINT('',(0.896912192241,0.300201969875));
#4486 = CARTESIAN_POINT('',(0.898281214049,0.3020171719));
#4487 = CARTESIAN_POINT('',(0.899830126622,0.302769493448));
#4488 = CARTESIAN_POINT('',(0.902359323614,0.303518152098));
#4489 = CARTESIAN_POINT('',(0.905825162864,0.304260239408));
#4490 = CARTESIAN_POINT('',(0.912471430305,0.305383509368));
#4491 = CARTESIAN_POINT('',(0.915026956807,0.305771132608));
#4492 = CARTESIAN_POINT('',(0.917819975028,0.306155932798));
#4493 = CARTESIAN_POINT('',(0.920840223208,0.306537669515));
#4494 = CARTESIAN_POINT('',(0.930466611576,0.307663430563));
#4495 = CARTESIAN_POINT('',(0.93769972105,0.308398065373));
#4496 = CARTESIAN_POINT('',(0.945694990634,0.30911892595));
#4497 = CARTESIAN_POINT('',(0.954372995567,0.309825733628));
#4498 = CARTESIAN_POINT('',(0.963673621069,0.310518745735));
#4499 = ( GEOMETRIC_REPRESENTATION_CONTEXT(2) 
PARAMETRIC_REPRESENTATION_CONTEXT() REPRESENTATION_CONTEXT('2D SPACE',''
  ) );
#4500 = ORIENTED_EDGE('',*,*,#4501,.T.);
#4501 = EDGE_CURVE('',#4341,#4502,#4504,.T.);
#4502 = VERTEX_POINT('',#4503);
#4503 = CARTESIAN_POINT('',(-19.4794365876,1.655022607182,
    -31.52186457642));
#4504 = SURFACE_CURVE('',#4505,(#4524,#4546),.PCURVE_S1.);
#4505 = B_SPLINE_CURVE_WITH_KNOTS('',5,(#4506,#4507,#4508,#4509,#4510,
    #4511,#4512,#4513,#4514,#4515,#4516,#4517,#4518,#4519,#4520,#4521,
    #4522,#4523),.UNSPECIFIED.,.F.,.F.,(6,4,4,4,6),(0.,0.224064823213,
    0.461889262373,0.718994875204,1.),.UNSPECIFIED.);
#4506 = CARTESIAN_POINT('',(-19.1399229965,1.787617251592,
    -31.88388662733));
#4507 = CARTESIAN_POINT('',(-19.18333904362,1.776231563822,
    -31.84454452297));
#4508 = CARTESIAN_POINT('',(-19.2254573715,1.763659377048,-31.8044691213
    ));
#4509 = CARTESIAN_POINT('',(-19.26624497466,1.749963113132,
    -31.7637593288));
#4510 = CARTESIAN_POINT('',(-19.30569201385,1.735210215578,
    -31.72250716128));
#4511 = CARTESIAN_POINT('',(-19.38425498851,1.702755349264,
    -31.63651877273));
#4512 = CARTESIAN_POINT('',(-19.42320170165,1.684927971502,
    -31.59172431083));
#4513 = CARTESIAN_POINT('',(-19.46065015832,1.666062232541,
    -31.54650665109));
#4514 = CARTESIAN_POINT('',(-19.49662429666,1.646234231303,
    -31.50094953895));
#4515 = CARTESIAN_POINT('',(-19.56849005269,1.603111209314,
    -31.4055791348));
#4516 = CARTESIAN_POINT('',(-19.60413773438,1.579665596725,
    -31.35572088147));
#4517 = CARTESIAN_POINT('',(-19.6381441154,1.555263215152,
    -31.30563413538));
#4518 = CARTESIAN_POINT('',(-19.67055903793,1.52998214744,
    -31.25539045886));
#4519 = CARTESIAN_POINT('',(-19.73518826837,1.475374955685,
    -31.15002194764));
#4520 = CARTESIAN_POINT('',(-19.76710281291,1.445891517774,
    -31.0948784277));
#4521 = CARTESIAN_POINT('',(-19.79725448921,1.415530123885,
    -31.03968857438));
#4522 = CARTESIAN_POINT('',(-19.82571483751,1.384367961498,
    -30.98451057281));
#4523 = CARTESIAN_POINT('',(-19.8525545229,1.352470174406,
    -30.92938776733));
#4524 = PCURVE('',#1030,#4525);
#4525 = DEFINITIONAL_REPRESENTATION('',(#4526),#4545);
#4526 = B_SPLINE_CURVE_WITH_KNOTS('',5,(#4527,#4528,#4529,#4530,#4531,
    #4532,#4533,#4534,#4535,#4536,#4537,#4538,#4539,#4540,#4541,#4542,
    #4543,#4544),.UNSPECIFIED.,.F.,.F.,(6,4,4,4,6),(0.,0.224064823213,
    0.461889262373,0.718994875204,1.),.UNSPECIFIED.);
#4527 = CARTESIAN_POINT('',(1.374549471458,3.182217288911));
#4528 = CARTESIAN_POINT('',(1.356582931751,3.169854050658));
#4529 = CARTESIAN_POINT('',(1.338773723667,3.156206898679));
#4530 = CARTESIAN_POINT('',(1.321137044437,3.141344985774));
#4531 = CARTESIAN_POINT('',(1.30368264052,3.125343080331));
#4532 = CARTESIAN_POINT('',(1.268089459133,3.090156438749));
#4533 = CARTESIAN_POINT('',(1.249974536025,3.070836653363));
#4534 = CARTESIAN_POINT('',(1.232077851742,3.050401239662));
#4535 = CARTESIAN_POINT('',(1.214401220125,3.028934692402));
#4536 = CARTESIAN_POINT('',(1.178069271342,2.982274377646));
#4537 = CARTESIAN_POINT('',(1.159451077654,2.95691970452));
#4538 = CARTESIAN_POINT('',(1.141085857855,2.930546500526));
#4539 = CARTESIAN_POINT('',(1.122968410773,2.903241661548));
#4540 = CARTESIAN_POINT('',(1.08555144048,2.844304469288));
#4541 = CARTESIAN_POINT('',(1.066298922297,2.812506052442));
#4542 = CARTESIAN_POINT('',(1.047323034017,2.779786075581));
#4543 = CARTESIAN_POINT('',(1.028612355714,2.746230698644));
#4544 = CARTESIAN_POINT('',(1.010154298441,2.711912791463));
#4545 = ( GEOMETRIC_REPRESENTATION_CONTEXT(2) 
PARAMETRIC_REPRESENTATION_CONTEXT() REPRESENTATION_CONTEXT('2D SPACE',''
  ) );
#4546 = PCURVE('',#4547,#4568);
#4547 = B_SPLINE_SURFACE_WITH_KNOTS('',3,3,(
    (#4548,#4549,#4550,#4551)
    ,(#4552,#4553,#4554,#4555)
    ,(#4556,#4557,#4558,#4559)
    ,(#4560,#4561,#4562,#4563)
    ,(#4564,#4565,#4566,#4567
  )),.UNSPECIFIED.,.F.,.F.,.F.,(4,1,4),(4,4),(0.994811305989,1.,
    1.000222926848),(2.516670591597E-02,0.716747998111),.UNSPECIFIED.);
#4548 = CARTESIAN_POINT('',(-20.69347750024,2.804366517519,
    -32.1148209016));
#4549 = CARTESIAN_POINT('',(-20.21898860264,1.928363547406,
    -31.37844752183));
#4550 = CARTESIAN_POINT('',(-19.74449970505,1.052360577293,
    -30.64207414206));
#4551 = CARTESIAN_POINT('',(-19.27001080745,0.176357607179,
    -29.90570076229));
#4552 = CARTESIAN_POINT('',(-20.34913622791,2.804366517519,
    -32.33663645594));
#4553 = CARTESIAN_POINT('',(-19.882542867,1.928363547406,-31.59517697994
    ));
#4554 = CARTESIAN_POINT('',(-19.41594950609,1.052360577293,
    -30.85371750395));
#4555 = CARTESIAN_POINT('',(-18.94935614518,0.176357607179,
    -30.11225802795));
#4556 = CARTESIAN_POINT('',(-19.98626679689,2.804366517519,
    -32.56221897067));
#4557 = CARTESIAN_POINT('',(-19.52799381211,1.928363547406,
    -31.81558702433));
#4558 = CARTESIAN_POINT('',(-19.06972082733,1.052360577293,
    -31.06895507799));
#4559 = CARTESIAN_POINT('',(-18.61144784255,0.176357607179,
    -30.32232313164));
#4560 = CARTESIAN_POINT('',(-19.61951162789,2.804366517519,
    -32.78183494354));
#4561 = CARTESIAN_POINT('',(-19.16964811686,1.928363547406,
    -32.03016733604));
#4562 = CARTESIAN_POINT('',(-18.71978460583,1.052360577293,
    -31.27849972854));
#4563 = CARTESIAN_POINT('',(-18.2699210948,0.176357607179,
    -30.52683212104));
#4564 = CARTESIAN_POINT('',(-19.6043968857,2.804366517519,
    -32.79087170404));
#4565 = CARTESIAN_POINT('',(-19.15487994655,1.928363547406,
    -32.0389968891));
#4566 = CARTESIAN_POINT('',(-18.7053630074,1.052360577293,
    -31.28712207416));
#4567 = CARTESIAN_POINT('',(-18.25584606825,0.176357607179,
    -30.53524725921));
#4568 = DEFINITIONAL_REPRESENTATION('',(#4569),#4588);
#4569 = B_SPLINE_CURVE_WITH_KNOTS('',5,(#4570,#4571,#4572,#4573,#4574,
    #4575,#4576,#4577,#4578,#4579,#4580,#4581,#4582,#4583,#4584,#4585,
    #4586,#4587),.UNSPECIFIED.,.F.,.F.,(6,4,4,4,6),(0.,0.224064823213,
    0.461889262373,0.718994875204,1.),.UNSPECIFIED.);
#4570 = CARTESIAN_POINT('',(0.999933525393,0.292732302213));
#4571 = CARTESIAN_POINT('',(0.99968436243,0.295728535836));
#4572 = CARTESIAN_POINT('',(0.999438178698,0.29903700604));
#4573 = CARTESIAN_POINT('',(0.999195283276,0.302641286018));
#4574 = CARTESIAN_POINT('',(0.998955891172,0.306523627479));
#4575 = CARTESIAN_POINT('',(0.99846992262,0.315064381773));
#4576 = CARTESIAN_POINT('',(0.998223808568,0.319755796973));
#4577 = CARTESIAN_POINT('',(0.997981968913,0.324720465121));
#4578 = CARTESIAN_POINT('',(0.997744485749,0.329938360183));
#4579 = CARTESIAN_POINT('',(0.997259375111,0.341286523865));
#4580 = CARTESIAN_POINT('',(0.997012490418,0.347456421915));
#4581 = CARTESIAN_POINT('',(0.996770744984,0.353878101276));
#4582 = CARTESIAN_POINT('',(0.996534107526,0.360531013832));
#4583 = CARTESIAN_POINT('',(0.996049355135,0.374901327451));
#4584 = CARTESIAN_POINT('',(0.995802223515,0.382660126902));
#4585 = CARTESIAN_POINT('',(0.995560995619,0.390649967399));
#4586 = CARTESIAN_POINT('',(0.995325540684,0.398850536448));
#4587 = CARTESIAN_POINT('',(0.995095702866,0.407244690946));
#4588 = ( GEOMETRIC_REPRESENTATION_CONTEXT(2) 
PARAMETRIC_REPRESENTATION_CONTEXT() REPRESENTATION_CONTEXT('2D SPACE',''
  ) );
#4589 = ORIENTED_EDGE('',*,*,#4590,.T.);
#4590 = EDGE_CURVE('',#4502,#3522,#4591,.T.);
#4591 = SURFACE_CURVE('',#4592,(#4597,#4607),.PCURVE_S1.);
#4592 = ELLIPSE('',#4593,10.517220926876,3.25);
#4593 = AXIS2_PLACEMENT_3D('',#4594,#4595,#4596);
#4594 = CARTESIAN_POINT('',(-20.22542485937,-1.4,-35.03146346109));
#4595 = DIRECTION('',(0.978147600734,0.,-0.207911690818));
#4596 = DIRECTION('',(-0.207911690818,0.,-0.978147600734));
#4597 = PCURVE('',#1030,#4598);
#4598 = DEFINITIONAL_REPRESENTATION('',(#4599),#4606);
#4599 = B_SPLINE_CURVE_WITH_KNOTS('',5,(#4600,#4601,#4602,#4603,#4604,
    #4605),.UNSPECIFIED.,.F.,.F.,(6,6),(1.615883393468,2.057010372597),
  .PIECEWISE_BEZIER_KNOTS.);
#4600 = CARTESIAN_POINT('',(1.525709260122,6.0000204));
#4601 = CARTESIAN_POINT('',(1.437483864296,5.118445204882));
#4602 = CARTESIAN_POINT('',(1.34925846847,4.241255888276));
#4603 = CARTESIAN_POINT('',(1.261033072644,3.382751475106));
#4604 = CARTESIAN_POINT('',(1.172807676818,2.557075142881));
#4605 = CARTESIAN_POINT('',(1.084582280992,1.776874317912));
#4606 = ( GEOMETRIC_REPRESENTATION_CONTEXT(2) 
PARAMETRIC_REPRESENTATION_CONTEXT() REPRESENTATION_CONTEXT('2D SPACE',''
  ) );
#4607 = PCURVE('',#3539,#4608);
#4608 = DEFINITIONAL_REPRESENTATION('',(#4609),#4613);
#4609 = ELLIPSE('',#4610,10.517220926876,3.25);
#4610 = AXIS2_PLACEMENT_2D('',#4611,#4612);
#4611 = CARTESIAN_POINT('',(1.4,38.471044214688));
#4612 = DIRECTION('',(-0.,1.));
#4613 = ( GEOMETRIC_REPRESENTATION_CONTEXT(2) 
PARAMETRIC_REPRESENTATION_CONTEXT() REPRESENTATION_CONTEXT('2D SPACE',''
  ) );
#4614 = ADVANCED_FACE('',(#4615),#1628,.T.);
#4615 = FACE_BOUND('',#4616,.T.);
#4616 = EDGE_LOOP('',(#4617));
#4617 = ORIENTED_EDGE('',*,*,#1475,.F.);
#4618 = ADVANCED_FACE('',(#4619),#1879,.F.);
#4619 = FACE_BOUND('',#4620,.F.);
#4620 = EDGE_LOOP('',(#4621,#4622,#4645,#4672));
#4621 = ORIENTED_EDGE('',*,*,#1745,.F.);
#4622 = ORIENTED_EDGE('',*,*,#4623,.F.);
#4623 = EDGE_CURVE('',#4624,#1746,#4626,.T.);
#4624 = VERTEX_POINT('',#4625);
#4625 = CARTESIAN_POINT('',(14.185417437701,-1.4,-31.06986372867));
#4626 = SEAM_CURVE('',#4627,(#4631,#4638),.PCURVE_S1.);
#4627 = LINE('',#4628,#4629);
#4628 = CARTESIAN_POINT('',(14.185417437701,-1.4,-31.06986372867));
#4629 = VECTOR('',#4630,1.);
#4630 = DIRECTION('',(0.5,0.,-0.866025403784));
#4631 = PCURVE('',#1879,#4632);
#4632 = DEFINITIONAL_REPRESENTATION('',(#4633),#4637);
#4633 = LINE('',#4634,#4635);
#4634 = CARTESIAN_POINT('',(6.28318530718,-0.));
#4635 = VECTOR('',#4636,1.);
#4636 = DIRECTION('',(0.,1.));
#4637 = ( GEOMETRIC_REPRESENTATION_CONTEXT(2) 
PARAMETRIC_REPRESENTATION_CONTEXT() REPRESENTATION_CONTEXT('2D SPACE',''
  ) );
#4638 = PCURVE('',#1879,#4639);
#4639 = DEFINITIONAL_REPRESENTATION('',(#4640),#4644);
#4640 = LINE('',#4641,#4642);
#4641 = CARTESIAN_POINT('',(0.,-0.));
#4642 = VECTOR('',#4643,1.);
#4643 = DIRECTION('',(0.,1.));
#4644 = ( GEOMETRIC_REPRESENTATION_CONTEXT(2) 
PARAMETRIC_REPRESENTATION_CONTEXT() REPRESENTATION_CONTEXT('2D SPACE',''
  ) );
#4645 = ORIENTED_EDGE('',*,*,#4646,.T.);
#4646 = EDGE_CURVE('',#4624,#4624,#4647,.T.);
#4647 = SURFACE_CURVE('',#4648,(#4653,#4660),.PCURVE_S1.);
#4648 = CIRCLE('',#4649,3.25);
#4649 = AXIS2_PLACEMENT_3D('',#4650,#4651,#4652);
#4650 = CARTESIAN_POINT('',(17.,-1.4,-29.44486372867));
#4651 = DIRECTION('',(0.5,0.,-0.866025403784));
#4652 = DIRECTION('',(-0.866025403784,0.,-0.5));
#4653 = PCURVE('',#1879,#4654);
#4654 = DEFINITIONAL_REPRESENTATION('',(#4655),#4659);
#4655 = LINE('',#4656,#4657);
#4656 = CARTESIAN_POINT('',(0.,0.));
#4657 = VECTOR('',#4658,1.);
#4658 = DIRECTION('',(1.,0.));
#4659 = ( GEOMETRIC_REPRESENTATION_CONTEXT(2) 
PARAMETRIC_REPRESENTATION_CONTEXT() REPRESENTATION_CONTEXT('2D SPACE',''
  ) );
#4660 = PCURVE('',#4661,#4666);
#4661 = PLANE('',#4662);
#4662 = AXIS2_PLACEMENT_3D('',#4663,#4664,#4665);
#4663 = CARTESIAN_POINT('',(17.,-1.4,-29.44486372867));
#4664 = DIRECTION('',(0.5,0.,-0.866025403784));
#4665 = DIRECTION('',(-0.866025403784,0.,-0.5));
#4666 = DEFINITIONAL_REPRESENTATION('',(#4667),#4671);
#4667 = CIRCLE('',#4668,3.25);
#4668 = AXIS2_PLACEMENT_2D('',#4669,#4670);
#4669 = CARTESIAN_POINT('',(0.,0.));
#4670 = DIRECTION('',(1.,0.));
#4671 = ( GEOMETRIC_REPRESENTATION_CONTEXT(2) 
PARAMETRIC_REPRESENTATION_CONTEXT() REPRESENTATION_CONTEXT('2D SPACE',''
  ) );
#4672 = ORIENTED_EDGE('',*,*,#4623,.T.);
#4673 = ADVANCED_FACE('',(#4674),#2021,.T.);
#4674 = FACE_BOUND('',#4675,.T.);
#4675 = EDGE_LOOP('',(#4676,#4677,#4703,#4725,#4726));
#4676 = ORIENTED_EDGE('',*,*,#2001,.T.);
#4677 = ORIENTED_EDGE('',*,*,#4678,.T.);
#4678 = EDGE_CURVE('',#2002,#4679,#4681,.T.);
#4679 = VERTEX_POINT('',#4680);
#4680 = CARTESIAN_POINT('',(-31.28982954102,5.9,-8.694667410948));
#4681 = SURFACE_CURVE('',#4682,(#4688,#4694),.PCURVE_S1.);
#4682 = B_SPLINE_CURVE_WITH_KNOTS('',3,(#4683,#4684,#4685,#4686,#4687),
  .UNSPECIFIED.,.F.,.F.,(4,1,4),(0.,0.5,1.),.QUASI_UNIFORM_KNOTS.);
#4683 = CARTESIAN_POINT('',(-31.44968848145,5.633945801437,
    -8.462061910468));
#4684 = CARTESIAN_POINT('',(-31.42272770844,5.679254885271,
    -8.501745208361));
#4685 = CARTESIAN_POINT('',(-31.36912169825,5.768905946078,
    -8.580195129022));
#4686 = CARTESIAN_POINT('',(-31.31615295885,5.856623942286,
    -8.656814550146));
#4687 = CARTESIAN_POINT('',(-31.28982954102,5.9,-8.694667410948));
#4688 = PCURVE('',#2021,#4689);
#4689 = DEFINITIONAL_REPRESENTATION('',(#4690),#4693);
#4690 = B_SPLINE_CURVE_WITH_KNOTS('',1,(#4691,#4692),.UNSPECIFIED.,.F.,
  .F.,(2,2),(0.,1.),.PIECEWISE_BEZIER_KNOTS.);
#4691 = CARTESIAN_POINT('',(4.073323729671,0.116053422143));
#4692 = CARTESIAN_POINT('',(4.095076520706,-0.150000776422));
#4693 = ( GEOMETRIC_REPRESENTATION_CONTEXT(2) 
PARAMETRIC_REPRESENTATION_CONTEXT() REPRESENTATION_CONTEXT('2D SPACE',''
  ) );
#4694 = PCURVE('',#2046,#4695);
#4695 = DEFINITIONAL_REPRESENTATION('',(#4696),#4702);
#4696 = B_SPLINE_CURVE_WITH_KNOTS('',3,(#4697,#4698,#4699,#4700,#4701),
  .UNSPECIFIED.,.F.,.F.,(4,1,4),(0.,0.5,1.),.QUASI_UNIFORM_KNOTS.);
#4697 = CARTESIAN_POINT('',(0.164125421578,-1.028946839009));
#4698 = CARTESIAN_POINT('',(0.100048700722,-1.01317552533));
#4699 = CARTESIAN_POINT('',(-2.673704535115E-02,-0.981700429197));
#4700 = CARTESIAN_POINT('',(-0.150789025255,-0.950367121236));
#4701 = CARTESIAN_POINT('',(-0.212132034356,-0.934737693405));
#4702 = ( GEOMETRIC_REPRESENTATION_CONTEXT(2) 
PARAMETRIC_REPRESENTATION_CONTEXT() REPRESENTATION_CONTEXT('2D SPACE',''
  ) );
#4703 = ORIENTED_EDGE('',*,*,#4704,.F.);
#4704 = EDGE_CURVE('',#3261,#4679,#4705,.T.);
#4705 = SURFACE_CURVE('',#4706,(#4711,#4718),.PCURVE_S1.);
#4706 = CIRCLE('',#4707,4.2);
#4707 = AXIS2_PLACEMENT_3D('',#4708,#4709,#4710);
#4708 = CARTESIAN_POINT('',(-27.86499384309,5.9,-11.1258194922));
#4709 = DIRECTION('',(0.,1.,0.));
#4710 = DIRECTION('',(-0.945028782713,0.,-0.326987155472));
#4711 = PCURVE('',#2021,#4712);
#4712 = DEFINITIONAL_REPRESENTATION('',(#4713),#4717);
#4713 = LINE('',#4714,#4715);
#4714 = CARTESIAN_POINT('',(5.045502691612,-0.150000776421));
#4715 = VECTOR('',#4716,1.);
#4716 = DIRECTION('',(-1.,-9.292431490684E-16));
#4717 = ( GEOMETRIC_REPRESENTATION_CONTEXT(2) 
PARAMETRIC_REPRESENTATION_CONTEXT() REPRESENTATION_CONTEXT('2D SPACE',''
  ) );
#4718 = PCURVE('',#3216,#4719);
#4719 = DEFINITIONAL_REPRESENTATION('',(#4720),#4724);
#4720 = CIRCLE('',#4721,4.2);
#4721 = AXIS2_PLACEMENT_2D('',#4722,#4723);
#4722 = CARTESIAN_POINT('',(-24.94288892972,16.676151627037));
#4723 = DIRECTION('',(-0.856393184065,0.516324233681));
#4724 = ( GEOMETRIC_REPRESENTATION_CONTEXT(2) 
PARAMETRIC_REPRESENTATION_CONTEXT() REPRESENTATION_CONTEXT('2D SPACE',''
  ) );
#4725 = ORIENTED_EDGE('',*,*,#3260,.T.);
#4726 = ORIENTED_EDGE('',*,*,#2064,.T.);
#4727 = ADVANCED_FACE('',(#4728),#2046,.T.);
#4728 = FACE_BOUND('',#4729,.F.);
#4729 = EDGE_LOOP('',(#4730,#4756,#4757,#4758,#4759));
#4730 = ORIENTED_EDGE('',*,*,#4731,.F.);
#4731 = EDGE_CURVE('',#2090,#4732,#4734,.T.);
#4732 = VERTEX_POINT('',#4733);
#4733 = CARTESIAN_POINT('',(-30.34769728204,5.9,-8.442224621468));
#4734 = SURFACE_CURVE('',#4735,(#4741,#4750),.PCURVE_S1.);
#4735 = B_SPLINE_CURVE_WITH_KNOTS('',3,(#4736,#4737,#4738,#4739,#4740),
  .UNSPECIFIED.,.F.,.F.,(4,1,4),(0.,0.5,1.),.QUASI_UNIFORM_KNOTS.);
#4736 = CARTESIAN_POINT('',(-30.13687686152,5.600000053871,
    -8.075141379512));
#4737 = CARTESIAN_POINT('',(-30.17204258598,5.649732214449,
    -8.136050528231));
#4738 = CARTESIAN_POINT('',(-30.2422458444,5.749471262567,
    -8.258144331301));
#4739 = CARTESIAN_POINT('',(-30.31257460977,5.849734992673,
    -8.380755185824));
#4740 = CARTESIAN_POINT('',(-30.34766286788,5.900008566586,
    -8.442204089822));
#4741 = PCURVE('',#2046,#4742);
#4742 = DEFINITIONAL_REPRESENTATION('',(#4743),#4749);
#4743 = B_SPLINE_CURVE_WITH_KNOTS('',3,(#4744,#4745,#4746,#4747,#4748),
  .UNSPECIFIED.,.F.,.F.,(4,1,4),(0.,0.5,1.),.QUASI_UNIFORM_KNOTS.);
#4744 = CARTESIAN_POINT('',(0.212139125502,0.339274212086));
#4745 = CARTESIAN_POINT('',(0.141807229525,0.28954228292));
#4746 = CARTESIAN_POINT('',(7.375419374815E-04,0.190130940999));
#4747 = CARTESIAN_POINT('',(-0.141033335185,9.046454591063E-02));
#4748 = CARTESIAN_POINT('',(-0.21213090524,4.066774454733E-02));
#4749 = ( GEOMETRIC_REPRESENTATION_CONTEXT(2) 
PARAMETRIC_REPRESENTATION_CONTEXT() REPRESENTATION_CONTEXT('2D SPACE',''
  ) );
#4750 = PCURVE('',#2151,#4751);
#4751 = DEFINITIONAL_REPRESENTATION('',(#4752),#4755);
#4752 = B_SPLINE_CURVE_WITH_KNOTS('',1,(#4753,#4754),.UNSPECIFIED.,.F.,
  .F.,(2,2),(0.,1.),.PIECEWISE_BEZIER_KNOTS.);
#4753 = CARTESIAN_POINT('',(7.59218346394,0.199986257822));
#4754 = CARTESIAN_POINT('',(7.582659487785,0.500008847174));
#4755 = ( GEOMETRIC_REPRESENTATION_CONTEXT(2) 
PARAMETRIC_REPRESENTATION_CONTEXT() REPRESENTATION_CONTEXT('2D SPACE',''
  ) );
#4756 = ORIENTED_EDGE('',*,*,#2089,.F.);
#4757 = ORIENTED_EDGE('',*,*,#2032,.T.);
#4758 = ORIENTED_EDGE('',*,*,#4678,.T.);
#4759 = ORIENTED_EDGE('',*,*,#4760,.T.);
#4760 = EDGE_CURVE('',#4679,#4732,#4761,.T.);
#4761 = SURFACE_CURVE('',#4762,(#4766,#4773),.PCURVE_S1.);
#4762 = LINE('',#4763,#4764);
#4763 = CARTESIAN_POINT('',(-31.28982954102,5.9,-8.694667410948));
#4764 = VECTOR('',#4765,1.);
#4765 = DIRECTION('',(0.965923129392,8.782589587208E-06,0.258829109699)
  );
#4766 = PCURVE('',#2046,#4767);
#4767 = DEFINITIONAL_REPRESENTATION('',(#4768),#4772);
#4768 = LINE('',#4769,#4770);
#4769 = CARTESIAN_POINT('',(-0.212132034356,-0.934737693405));
#4770 = VECTOR('',#4771,1.);
#4771 = DIRECTION('',(1.157585009265E-06,0.999999999999));
#4772 = ( GEOMETRIC_REPRESENTATION_CONTEXT(2) 
PARAMETRIC_REPRESENTATION_CONTEXT() REPRESENTATION_CONTEXT('2D SPACE',''
  ) );
#4773 = PCURVE('',#3216,#4774);
#4774 = DEFINITIONAL_REPRESENTATION('',(#4775),#4779);
#4775 = LINE('',#4776,#4777);
#4776 = CARTESIAN_POINT('',(-28.79834869041,15.010189432471));
#4777 = VECTOR('',#4778,1.);
#4778 = DIRECTION('',(0.891001793712,-0.453999783702));
#4779 = ( GEOMETRIC_REPRESENTATION_CONTEXT(2) 
PARAMETRIC_REPRESENTATION_CONTEXT() REPRESENTATION_CONTEXT('2D SPACE',''
  ) );
#4780 = ADVANCED_FACE('',(#4781),#2151,.F.);
#4781 = FACE_BOUND('',#4782,.F.);
#4782 = EDGE_LOOP('',(#4783,#4784,#4785,#4786,#4787,#4815,#4839,#4840));
#4783 = ORIENTED_EDGE('',*,*,#2219,.T.);
#4784 = ORIENTED_EDGE('',*,*,#2192,.T.);
#4785 = ORIENTED_EDGE('',*,*,#2137,.T.);
#4786 = ORIENTED_EDGE('',*,*,#4731,.T.);
#4787 = ORIENTED_EDGE('',*,*,#4788,.T.);
#4788 = EDGE_CURVE('',#4732,#4789,#4791,.T.);
#4789 = VERTEX_POINT('',#4790);
#4790 = CARTESIAN_POINT('',(30.34758870408,5.9,-8.442194413467));
#4791 = SURFACE_CURVE('',#4792,(#4797,#4804),.PCURVE_S1.);
#4792 = CIRCLE('',#4793,31.49999340081);
#4793 = AXIS2_PLACEMENT_3D('',#4794,#4795,#4796);
#4794 = CARTESIAN_POINT('',(-5.849063911846E-05,5.9,-4.456902764094E-05)
  );
#4795 = DIRECTION('',(0.,-1.,0.));
#4796 = DIRECTION('',(-0.963417306323,-0.,-0.268005772097));
#4797 = PCURVE('',#2151,#4798);
#4798 = DEFINITIONAL_REPRESENTATION('',(#4799),#4803);
#4799 = LINE('',#4800,#4801);
#4800 = CARTESIAN_POINT('',(7.58265915263,0.50002389275));
#4801 = VECTOR('',#4802,1.);
#4802 = DIRECTION('',(-1.,0.));
#4803 = ( GEOMETRIC_REPRESENTATION_CONTEXT(2) 
PARAMETRIC_REPRESENTATION_CONTEXT() REPRESENTATION_CONTEXT('2D SPACE',''
  ) );
#4804 = PCURVE('',#3216,#4805);
#4805 = DEFINITIONAL_REPRESENTATION('',(#4806),#4814);
#4806 = ( BOUNDED_CURVE() B_SPLINE_CURVE(2,(#4807,#4808,#4809,#4810,
#4811,#4812,#4813),.UNSPECIFIED.,.T.,.F.) B_SPLINE_CURVE_WITH_KNOTS((1,2
    ,2,2,2,1),(-2.094395102393,0.,2.094395102393,4.188790204786,
6.28318530718,8.377580409573),.UNSPECIFIED.) CURVE() 
GEOMETRIC_REPRESENTATION_ITEM() RATIONAL_B_SPLINE_CURVE((1.,0.5,1.,0.5,
1.,0.5,1.)) REPRESENTATION_ITEM('') );
#4807 = CARTESIAN_POINT('',(-27.9292900889,14.56738281268));
#4808 = CARTESIAN_POINT('',(-2.697939496223,62.942249220994));
#4809 = CARTESIAN_POINT('',(26.580248421713,16.903825431779));
#4810 = CARTESIAN_POINT('',(55.858436339648,-29.13459835743));
#4811 = CARTESIAN_POINT('',(1.348897829027,-31.47104097653));
#4812 = CARTESIAN_POINT('',(-53.16064068159,-33.80748359563));
#4813 = CARTESIAN_POINT('',(-27.9292900889,14.56738281268));
#4814 = ( GEOMETRIC_REPRESENTATION_CONTEXT(2) 
PARAMETRIC_REPRESENTATION_CONTEXT() REPRESENTATION_CONTEXT('2D SPACE',''
  ) );
#4815 = ORIENTED_EDGE('',*,*,#4816,.T.);
#4816 = EDGE_CURVE('',#4789,#2966,#4817,.T.);
#4817 = SURFACE_CURVE('',#4818,(#4824,#4830),.PCURVE_S1.);
#4818 = B_SPLINE_CURVE_WITH_KNOTS('',3,(#4819,#4820,#4821,#4822,#4823),
  .UNSPECIFIED.,.F.,.F.,(4,1,4),(0.,0.5,1.),.QUASI_UNIFORM_KNOTS.);
#4819 = CARTESIAN_POINT('',(30.34762184935,5.900005515862,-8.44220043264
    ));
#4820 = CARTESIAN_POINT('',(30.31254530425,5.849748743594,
    -8.380772061474));
#4821 = CARTESIAN_POINT('',(30.24230953578,5.749506322412,
    -8.258187201108));
#4822 = CARTESIAN_POINT('',(30.17201542283,5.649748896772,
    -8.136071014398));
#4823 = CARTESIAN_POINT('',(30.13683786412,5.6,-8.075141368119));
#4824 = PCURVE('',#2151,#4825);
#4825 = DEFINITIONAL_REPRESENTATION('',(#4826),#4829);
#4826 = B_SPLINE_CURVE_WITH_KNOTS('',1,(#4827,#4828),.UNSPECIFIED.,.F.,
  .F.,(2,2),(4.005505555689E-05,1.),.PIECEWISE_BEZIER_KNOTS.);
#4827 = CARTESIAN_POINT('',(4.98370998862,0.500031345425));
#4828 = CARTESIAN_POINT('',(4.974186503156,0.200023892748));
#4829 = ( GEOMETRIC_REPRESENTATION_CONTEXT(2) 
PARAMETRIC_REPRESENTATION_CONTEXT() REPRESENTATION_CONTEXT('2D SPACE',''
  ) );
#4830 = PCURVE('',#3004,#4831);
#4831 = DEFINITIONAL_REPRESENTATION('',(#4832),#4838);
#4832 = B_SPLINE_CURVE_WITH_KNOTS('',3,(#4833,#4834,#4835,#4836,#4837),
  .UNSPECIFIED.,.F.,.F.,(4,1,4),(0.,0.5,1.),.QUASI_UNIFORM_KNOTS.);
#4833 = CARTESIAN_POINT('',(-0.212133757063,-4.070831195317E-02));
#4834 = CARTESIAN_POINT('',(-0.141059948121,-9.048848512964E-02));
#4835 = CARTESIAN_POINT('',(6.951265921664E-04,-0.190058324328));
#4836 = CARTESIAN_POINT('',(0.141776469827,-0.289563218298));
#4837 = CARTESIAN_POINT('',(0.212132034356,-0.339311883631));
#4838 = ( GEOMETRIC_REPRESENTATION_CONTEXT(2) 
PARAMETRIC_REPRESENTATION_CONTEXT() REPRESENTATION_CONTEXT('2D SPACE',''
  ) );
#4839 = ORIENTED_EDGE('',*,*,#2965,.F.);
#4840 = ORIENTED_EDGE('',*,*,#2938,.T.);
#4841 = ADVANCED_FACE('',(#4842),#2394,.F.);
#4842 = FACE_BOUND('',#4843,.F.);
#4843 = EDGE_LOOP('',(#4844));
#4844 = ORIENTED_EDGE('',*,*,#2267,.T.);
#4845 = ADVANCED_FACE('',(#4846),#2703,.F.);
#4846 = FACE_BOUND('',#4847,.F.);
#4847 = EDGE_LOOP('',(#4848,#4871,#4893,#4894));
#4848 = ORIENTED_EDGE('',*,*,#4849,.T.);
#4849 = EDGE_CURVE('',#2606,#4850,#4852,.T.);
#4850 = VERTEX_POINT('',#4851);
#4851 = CARTESIAN_POINT('',(15.571058083756,-1.4,-30.26986372867));
#4852 = SEAM_CURVE('',#4853,(#4857,#4864),.PCURVE_S1.);
#4853 = LINE('',#4854,#4855);
#4854 = CARTESIAN_POINT('',(8.571058083756,-1.4,-18.14550807568));
#4855 = VECTOR('',#4856,1.);
#4856 = DIRECTION('',(0.5,0.,-0.866025403784));
#4857 = PCURVE('',#2703,#4858);
#4858 = DEFINITIONAL_REPRESENTATION('',(#4859),#4863);
#4859 = LINE('',#4860,#4861);
#4860 = CARTESIAN_POINT('',(6.28318530718,-0.));
#4861 = VECTOR('',#4862,1.);
#4862 = DIRECTION('',(0.,1.));
#4863 = ( GEOMETRIC_REPRESENTATION_CONTEXT(2) 
PARAMETRIC_REPRESENTATION_CONTEXT() REPRESENTATION_CONTEXT('2D SPACE',''
  ) );
#4864 = PCURVE('',#2703,#4865);
#4865 = DEFINITIONAL_REPRESENTATION('',(#4866),#4870);
#4866 = LINE('',#4867,#4868);
#4867 = CARTESIAN_POINT('',(0.,-0.));
#4868 = VECTOR('',#4869,1.);
#4869 = DIRECTION('',(0.,1.));
#4870 = ( GEOMETRIC_REPRESENTATION_CONTEXT(2) 
PARAMETRIC_REPRESENTATION_CONTEXT() REPRESENTATION_CONTEXT('2D SPACE',''
  ) );
#4871 = ORIENTED_EDGE('',*,*,#4872,.F.);
#4872 = EDGE_CURVE('',#4850,#4850,#4873,.T.);
#4873 = SURFACE_CURVE('',#4874,(#4879,#4886),.PCURVE_S1.);
#4874 = CIRCLE('',#4875,1.65);
#4875 = AXIS2_PLACEMENT_3D('',#4876,#4877,#4878);
#4876 = CARTESIAN_POINT('',(17.,-1.4,-29.44486372867));
#4877 = DIRECTION('',(0.5,0.,-0.866025403784));
#4878 = DIRECTION('',(-0.866025403784,0.,-0.5));
#4879 = PCURVE('',#2703,#4880);
#4880 = DEFINITIONAL_REPRESENTATION('',(#4881),#4885);
#4881 = LINE('',#4882,#4883);
#4882 = CARTESIAN_POINT('',(0.,14.));
#4883 = VECTOR('',#4884,1.);
#4884 = DIRECTION('',(1.,0.));
#4885 = ( GEOMETRIC_REPRESENTATION_CONTEXT(2) 
PARAMETRIC_REPRESENTATION_CONTEXT() REPRESENTATION_CONTEXT('2D SPACE',''
  ) );
#4886 = PCURVE('',#4661,#4887);
#4887 = DEFINITIONAL_REPRESENTATION('',(#4888),#4892);
#4888 = CIRCLE('',#4889,1.65);
#4889 = AXIS2_PLACEMENT_2D('',#4890,#4891);
#4890 = CARTESIAN_POINT('',(-1.7763568394E-15,0.));
#4891 = DIRECTION('',(1.,0.));
#4892 = ( GEOMETRIC_REPRESENTATION_CONTEXT(2) 
PARAMETRIC_REPRESENTATION_CONTEXT() REPRESENTATION_CONTEXT('2D SPACE',''
  ) );
#4893 = ORIENTED_EDGE('',*,*,#4849,.F.);
#4894 = ORIENTED_EDGE('',*,*,#2605,.T.);
#4895 = ADVANCED_FACE('',(#4896),#2856,.F.);
#4896 = FACE_BOUND('',#4897,.F.);
#4897 = EDGE_LOOP('',(#4898,#4921,#4943,#4944));
#4898 = ORIENTED_EDGE('',*,*,#4899,.T.);
#4899 = EDGE_CURVE('',#2759,#4900,#4902,.T.);
#4900 = VERTEX_POINT('',#4901);
#4901 = CARTESIAN_POINT('',(-18.42894191624,-1.4,-28.61986372867));
#4902 = SEAM_CURVE('',#4903,(#4907,#4914),.PCURVE_S1.);
#4903 = LINE('',#4904,#4905);
#4904 = CARTESIAN_POINT('',(-11.42894191624,-1.4,-16.49550807568));
#4905 = VECTOR('',#4906,1.);
#4906 = DIRECTION('',(-0.5,-1.232595164408E-32,-0.866025403784));
#4907 = PCURVE('',#2856,#4908);
#4908 = DEFINITIONAL_REPRESENTATION('',(#4909),#4913);
#4909 = LINE('',#4910,#4911);
#4910 = CARTESIAN_POINT('',(6.28318530718,-0.));
#4911 = VECTOR('',#4912,1.);
#4912 = DIRECTION('',(0.,1.));
#4913 = ( GEOMETRIC_REPRESENTATION_CONTEXT(2) 
PARAMETRIC_REPRESENTATION_CONTEXT() REPRESENTATION_CONTEXT('2D SPACE',''
  ) );
#4914 = PCURVE('',#2856,#4915);
#4915 = DEFINITIONAL_REPRESENTATION('',(#4916),#4920);
#4916 = LINE('',#4917,#4918);
#4917 = CARTESIAN_POINT('',(0.,-0.));
#4918 = VECTOR('',#4919,1.);
#4919 = DIRECTION('',(0.,1.));
#4920 = ( GEOMETRIC_REPRESENTATION_CONTEXT(2) 
PARAMETRIC_REPRESENTATION_CONTEXT() REPRESENTATION_CONTEXT('2D SPACE',''
  ) );
#4921 = ORIENTED_EDGE('',*,*,#4922,.F.);
#4922 = EDGE_CURVE('',#4900,#4900,#4923,.T.);
#4923 = SURFACE_CURVE('',#4924,(#4929,#4936),.PCURVE_S1.);
#4924 = CIRCLE('',#4925,1.65);
#4925 = AXIS2_PLACEMENT_3D('',#4926,#4927,#4928);
#4926 = CARTESIAN_POINT('',(-17.,-1.4,-29.44486372867));
#4927 = DIRECTION('',(-0.5,0.,-0.866025403784));
#4928 = DIRECTION('',(-0.866025403784,0.,0.5));
#4929 = PCURVE('',#2856,#4930);
#4930 = DEFINITIONAL_REPRESENTATION('',(#4931),#4935);
#4931 = LINE('',#4932,#4933);
#4932 = CARTESIAN_POINT('',(0.,14.));
#4933 = VECTOR('',#4934,1.);
#4934 = DIRECTION('',(1.,0.));
#4935 = ( GEOMETRIC_REPRESENTATION_CONTEXT(2) 
PARAMETRIC_REPRESENTATION_CONTEXT() REPRESENTATION_CONTEXT('2D SPACE',''
  ) );
#4936 = PCURVE('',#4258,#4937);
#4937 = DEFINITIONAL_REPRESENTATION('',(#4938),#4942);
#4938 = CIRCLE('',#4939,1.65);
#4939 = AXIS2_PLACEMENT_2D('',#4940,#4941);
#4940 = CARTESIAN_POINT('',(0.,0.));
#4941 = DIRECTION('',(1.,0.));
#4942 = ( GEOMETRIC_REPRESENTATION_CONTEXT(2) 
PARAMETRIC_REPRESENTATION_CONTEXT() REPRESENTATION_CONTEXT('2D SPACE',''
  ) );
#4943 = ORIENTED_EDGE('',*,*,#4899,.F.);
#4944 = ORIENTED_EDGE('',*,*,#2758,.T.);
#4945 = ADVANCED_FACE('',(#4946),#3004,.T.);
#4946 = FACE_BOUND('',#4947,.F.);
#4947 = EDGE_LOOP('',(#4948,#4949,#4972,#4996,#4997));
#4948 = ORIENTED_EDGE('',*,*,#4816,.F.);
#4949 = ORIENTED_EDGE('',*,*,#4950,.T.);
#4950 = EDGE_CURVE('',#4789,#4951,#4953,.T.);
#4951 = VERTEX_POINT('',#4952);
#4952 = CARTESIAN_POINT('',(31.28982954102,5.9,-8.694667410948));
#4953 = SURFACE_CURVE('',#4954,(#4958,#4965),.PCURVE_S1.);
#4954 = LINE('',#4955,#4956);
#4955 = CARTESIAN_POINT('',(30.34762184935,5.900005515862,-8.44220043264
    ));
#4956 = VECTOR('',#4957,1.);
#4957 = DIRECTION('',(0.96592500915,-5.654707323732E-06,-0.258822094627)
  );
#4958 = PCURVE('',#3004,#4959);
#4959 = DEFINITIONAL_REPRESENTATION('',(#4960),#4964);
#4960 = LINE('',#4961,#4962);
#4961 = CARTESIAN_POINT('',(-0.212133757063,-4.070831195318E-02));
#4962 = VECTOR('',#4963,1.);
#4963 = DIRECTION('',(1.766070906351E-06,0.999999999998));
#4964 = ( GEOMETRIC_REPRESENTATION_CONTEXT(2) 
PARAMETRIC_REPRESENTATION_CONTEXT() REPRESENTATION_CONTEXT('2D SPACE',''
  ) );
#4965 = PCURVE('',#3216,#4966);
#4966 = DEFINITIONAL_REPRESENTATION('',(#4967),#4971);
#4967 = LINE('',#4968,#4969);
#4968 = CARTESIAN_POINT('',(31.439685666091,1.948092727103));
#4969 = VECTOR('',#4970,1.);
#4970 = DIRECTION('',(0.998629369519,5.233910902181E-02));
#4971 = ( GEOMETRIC_REPRESENTATION_CONTEXT(2) 
PARAMETRIC_REPRESENTATION_CONTEXT() REPRESENTATION_CONTEXT('2D SPACE',''
  ) );
#4972 = ORIENTED_EDGE('',*,*,#4973,.T.);
#4973 = EDGE_CURVE('',#4951,#3069,#4974,.T.);
#4974 = SURFACE_CURVE('',#4975,(#4981,#4990),.PCURVE_S1.);
#4975 = B_SPLINE_CURVE_WITH_KNOTS('',3,(#4976,#4977,#4978,#4979,#4980),
  .UNSPECIFIED.,.F.,.F.,(4,1,4),(0.,0.5,1.),.QUASI_UNIFORM_KNOTS.);
#4976 = CARTESIAN_POINT('',(31.28982954102,5.9,-8.694667410948));
#4977 = CARTESIAN_POINT('',(31.31607660122,5.856749765351,
    -8.656924351802));
#4978 = CARTESIAN_POINT('',(31.36897034062,5.769157860608,-8.58041537398
    ));
#4979 = CARTESIAN_POINT('',(31.4226526856,5.679380965345,-8.501855633749
    ));
#4980 = CARTESIAN_POINT('',(31.44968848145,5.633945801437,
    -8.462061910468));
#4981 = PCURVE('',#3004,#4982);
#4982 = DEFINITIONAL_REPRESENTATION('',(#4983),#4989);
#4983 = B_SPLINE_CURVE_WITH_KNOTS('',3,(#4984,#4985,#4986,#4987,#4988),
  .UNSPECIFIED.,.F.,.F.,(4,1,4),(0.,0.5,1.),.QUASI_UNIFORM_KNOTS.);
#4984 = CARTESIAN_POINT('',(-0.212132034356,0.934737693405));
#4985 = CARTESIAN_POINT('',(-0.150966965939,0.950321784189));
#4986 = CARTESIAN_POINT('',(-2.709330629625E-02,0.981611232542));
#4987 = CARTESIAN_POINT('',(9.987039657191E-02,1.013131639024));
#4988 = CARTESIAN_POINT('',(0.164125421578,1.028946839009));
#4989 = ( GEOMETRIC_REPRESENTATION_CONTEXT(2) 
PARAMETRIC_REPRESENTATION_CONTEXT() REPRESENTATION_CONTEXT('2D SPACE',''
  ) );
#4990 = PCURVE('',#3109,#4991);
#4991 = DEFINITIONAL_REPRESENTATION('',(#4992),#4995);
#4992 = B_SPLINE_CURVE_WITH_KNOTS('',1,(#4993,#4994),.UNSPECIFIED.,.F.,
  .F.,(2,2),(0.,1.),.PIECEWISE_BEZIER_KNOTS.);
#4993 = CARTESIAN_POINT('',(2.188108786475,-0.150000000445));
#4994 = CARTESIAN_POINT('',(2.20986157751,0.11605419812));
#4995 = ( GEOMETRIC_REPRESENTATION_CONTEXT(2) 
PARAMETRIC_REPRESENTATION_CONTEXT() REPRESENTATION_CONTEXT('2D SPACE',''
  ) );
#4996 = ORIENTED_EDGE('',*,*,#3068,.T.);
#4997 = ORIENTED_EDGE('',*,*,#2988,.F.);
#4998 = ADVANCED_FACE('',(#4999),#3109,.T.);
#4999 = FACE_BOUND('',#5000,.T.);
#5000 = EDGE_LOOP('',(#5001,#5002,#5024,#5025,#5026));
#5001 = ORIENTED_EDGE('',*,*,#3151,.T.);
#5002 = ORIENTED_EDGE('',*,*,#5003,.F.);
#5003 = EDGE_CURVE('',#4951,#3152,#5004,.T.);
#5004 = SURFACE_CURVE('',#5005,(#5010,#5017),.PCURVE_S1.);
#5005 = CIRCLE('',#5006,4.2);
#5006 = AXIS2_PLACEMENT_3D('',#5007,#5008,#5009);
#5007 = CARTESIAN_POINT('',(27.8649938431,5.9,-11.1258194922));
#5008 = DIRECTION('',(0.,1.,0.));
#5009 = DIRECTION('',(0.815437070935,-0.,0.578845733633));
#5010 = PCURVE('',#3109,#5011);
#5011 = DEFINITIONAL_REPRESENTATION('',(#5012),#5016);
#5012 = LINE('',#5013,#5014);
#5013 = CARTESIAN_POINT('',(2.188108786475,-0.15000000044));
#5014 = VECTOR('',#5015,1.);
#5015 = DIRECTION('',(-1.,0.));
#5016 = ( GEOMETRIC_REPRESENTATION_CONTEXT(2) 
PARAMETRIC_REPRESENTATION_CONTEXT() REPRESENTATION_CONTEXT('2D SPACE',''
  ) );
#5017 = PCURVE('',#3216,#5018);
#5018 = DEFINITIONAL_REPRESENTATION('',(#5019),#5023);
#5019 = CIRCLE('',#5020,4.2);
#5020 = AXIS2_PLACEMENT_2D('',#5021,#5022);
#5021 = CARTESIAN_POINT('',(29.569264814447,5.089235657946));
#5022 = DIRECTION('',(0.677269019282,-0.735735465721));
#5023 = ( GEOMETRIC_REPRESENTATION_CONTEXT(2) 
PARAMETRIC_REPRESENTATION_CONTEXT() REPRESENTATION_CONTEXT('2D SPACE',''
  ) );
#5024 = ORIENTED_EDGE('',*,*,#4973,.T.);
#5025 = ORIENTED_EDGE('',*,*,#3091,.F.);
#5026 = ORIENTED_EDGE('',*,*,#3126,.T.);
#5027 = ADVANCED_FACE('',(#5028),#3189,.F.);
#5028 = FACE_BOUND('',#5029,.F.);
#5029 = EDGE_LOOP('',(#5030,#5058,#5084,#5085));
#5030 = ORIENTED_EDGE('',*,*,#5031,.T.);
#5031 = EDGE_CURVE('',#3174,#5032,#5034,.T.);
#5032 = VERTEX_POINT('',#5033);
#5033 = CARTESIAN_POINT('',(4.833893846916,5.899999991961,
    -35.93707650632));
#5034 = SURFACE_CURVE('',#5035,(#5040,#5047),.PCURVE_S1.);
#5035 = CIRCLE('',#5036,3.3);
#5036 = AXIS2_PLACEMENT_3D('',#5037,#5038,#5039);
#5037 = CARTESIAN_POINT('',(8.061780913401,5.9,-36.62318512233));
#5038 = DIRECTION('',(0.,-1.,0.));
#5039 = DIRECTION('',(-0.214980824357,0.,0.976618269929));
#5040 = PCURVE('',#3189,#5041);
#5041 = DEFINITIONAL_REPRESENTATION('',(#5042),#5046);
#5042 = LINE('',#5043,#5044);
#5043 = CARTESIAN_POINT('',(2.924920458527,0.150000009801));
#5044 = VECTOR('',#5045,1.);
#5045 = DIRECTION('',(-1.,-1.543092307708E-15));
#5046 = ( GEOMETRIC_REPRESENTATION_CONTEXT(2) 
PARAMETRIC_REPRESENTATION_CONTEXT() REPRESENTATION_CONTEXT('2D SPACE',''
  ) );
#5047 = PCURVE('',#3216,#5048);
#5048 = DEFINITIONAL_REPRESENTATION('',(#5049),#5057);
#5049 = ( BOUNDED_CURVE() B_SPLINE_CURVE(2,(#5050,#5051,#5052,#5053,
#5054,#5055,#5056),.UNSPECIFIED.,.T.,.F.) B_SPLINE_CURVE_WITH_KNOTS((1,2
    ,2,2,2,1),(-2.094395102393,0.,2.094395102393,4.188790204786,
6.28318530718,8.377580409573),.UNSPECIFIED.) CURVE() 
GEOMETRIC_REPRESENTATION_ITEM() RATIONAL_B_SPLINE_CURVE((1.,0.5,1.,0.5,
1.,0.5,1.)) REPRESENTATION_ITEM('') );
#5050 = CARTESIAN_POINT('',(14.136000000002,31.141828848031));
#5051 = CARTESIAN_POINT('',(8.931337474919,33.504346149555));
#5052 = CARTESIAN_POINT('',(13.57966873746,36.83045746364));
#5053 = CARTESIAN_POINT('',(18.228000000001,40.156568777724));
#5054 = CARTESIAN_POINT('',(18.784331262543,34.467940162116));
#5055 = CARTESIAN_POINT('',(19.340662525084,28.779311546507));
#5056 = CARTESIAN_POINT('',(14.136000000002,31.141828848031));
#5057 = ( GEOMETRIC_REPRESENTATION_CONTEXT(2) 
PARAMETRIC_REPRESENTATION_CONTEXT() REPRESENTATION_CONTEXT('2D SPACE',''
  ) );
#5058 = ORIENTED_EDGE('',*,*,#5059,.T.);
#5059 = EDGE_CURVE('',#5032,#3307,#5060,.T.);
#5060 = SURFACE_CURVE('',#5061,(#5065,#5072),.PCURVE_S1.);
#5061 = LINE('',#5062,#5063);
#5062 = CARTESIAN_POINT('',(4.833893846916,5.899999991961,
    -35.93707650632));
#5063 = VECTOR('',#5064,1.);
#5064 = DIRECTION('',(0.691654795426,-0.707106781187,-0.147015794949));
#5065 = PCURVE('',#3189,#5066);
#5066 = DEFINITIONAL_REPRESENTATION('',(#5067),#5071);
#5067 = LINE('',#5068,#5069);
#5068 = CARTESIAN_POINT('',(1.780235848801,0.150000001762));
#5069 = VECTOR('',#5070,1.);
#5070 = DIRECTION('',(-9.805106440059E-09,-1.));
#5071 = ( GEOMETRIC_REPRESENTATION_CONTEXT(2) 
PARAMETRIC_REPRESENTATION_CONTEXT() REPRESENTATION_CONTEXT('2D SPACE',''
  ) );
#5072 = PCURVE('',#5073,#5078);
#5073 = PLANE('',#5074);
#5074 = AXIS2_PLACEMENT_3D('',#5075,#5076,#5077);
#5075 = CARTESIAN_POINT('',(4.764712321136,5.75,-36.98401010857));
#5076 = DIRECTION('',(0.69165480148,0.707106781187,-0.147015766465));
#5077 = DIRECTION('',(0.69165480148,-0.707106781187,-0.147015766465));
#5078 = DEFINITIONAL_REPRESENTATION('',(#5079),#5083);
#5079 = LINE('',#5080,#5081);
#5080 = CARTESIAN_POINT('',(-0.212132022987,-1.038439239167));
#5081 = VECTOR('',#5082,1.);
#5082 = DIRECTION('',(1.,2.912033678082E-08));
#5083 = ( GEOMETRIC_REPRESENTATION_CONTEXT(2) 
PARAMETRIC_REPRESENTATION_CONTEXT() REPRESENTATION_CONTEXT('2D SPACE',''
  ) );
#5084 = ORIENTED_EDGE('',*,*,#3306,.F.);
#5085 = ORIENTED_EDGE('',*,*,#3173,.F.);
#5086 = ADVANCED_FACE('',(#5087),#3216,.T.);
#5087 = FACE_BOUND('',#5088,.F.);
#5088 = EDGE_LOOP('',(#5089,#5090,#5091,#5092,#5093,#5121,#5149,#5177,
    #5198,#5199,#5200,#5201));
#5089 = ORIENTED_EDGE('',*,*,#4788,.F.);
#5090 = ORIENTED_EDGE('',*,*,#4760,.F.);
#5091 = ORIENTED_EDGE('',*,*,#4704,.F.);
#5092 = ORIENTED_EDGE('',*,*,#3281,.F.);
#5093 = ORIENTED_EDGE('',*,*,#5094,.F.);
#5094 = EDGE_CURVE('',#5095,#3232,#5097,.T.);
#5095 = VERTEX_POINT('',#5096);
#5096 = CARTESIAN_POINT('',(-19.03290762693,5.9,-30.86403128668));
#5097 = SURFACE_CURVE('',#5098,(#5103,#5114),.PCURVE_S1.);
#5098 = CIRCLE('',#5099,3.3);
#5099 = AXIS2_PLACEMENT_3D('',#5100,#5101,#5102);
#5100 = CARTESIAN_POINT('',(-22.26079470935,5.9,-30.17792270698));
#5101 = DIRECTION('',(0.,-1.,0.));
#5102 = DIRECTION('',(0.978147600734,0.,-0.207911690818));
#5103 = PCURVE('',#3216,#5104);
#5104 = DEFINITIONAL_REPRESENTATION('',(#5105),#5113);
#5105 = ( BOUNDED_CURVE() B_SPLINE_CURVE(2,(#5106,#5107,#5108,#5109,
#5110,#5111,#5112),.UNSPECIFIED.,.T.,.F.) B_SPLINE_CURVE_WITH_KNOTS((1,2
    ,2,2,2,1),(-2.094395102393,0.,2.094395102393,4.188790204786,
6.28318530718,8.377580409573),.UNSPECIFIED.) CURVE() 
GEOMETRIC_REPRESENTATION_ITEM() RATIONAL_B_SPLINE_CURVE((1.,0.5,1.,0.5,
1.,0.5,1.)) REPRESENTATION_ITEM('') );
#5106 = CARTESIAN_POINT('',(-12.2,34.146742157931));
#5107 = CARTESIAN_POINT('',(-12.2,28.430974492954));
#5108 = CARTESIAN_POINT('',(-17.15,31.288858325443));
#5109 = CARTESIAN_POINT('',(-22.1,34.146742157932));
#5110 = CARTESIAN_POINT('',(-17.15,37.00462599042));
#5111 = CARTESIAN_POINT('',(-12.2,39.862509822908));
#5112 = CARTESIAN_POINT('',(-12.2,34.146742157931));
#5113 = ( GEOMETRIC_REPRESENTATION_CONTEXT(2) 
PARAMETRIC_REPRESENTATION_CONTEXT() REPRESENTATION_CONTEXT('2D SPACE',''
  ) );
#5114 = PCURVE('',#3247,#5115);
#5115 = DEFINITIONAL_REPRESENTATION('',(#5116),#5120);
#5116 = LINE('',#5117,#5118);
#5117 = CARTESIAN_POINT('',(4.921828490624,0.150000009801));
#5118 = VECTOR('',#5119,1.);
#5119 = DIRECTION('',(-1.,5.829459769198E-16));
#5120 = ( GEOMETRIC_REPRESENTATION_CONTEXT(2) 
PARAMETRIC_REPRESENTATION_CONTEXT() REPRESENTATION_CONTEXT('2D SPACE',''
  ) );
#5121 = ORIENTED_EDGE('',*,*,#5122,.F.);
#5122 = EDGE_CURVE('',#5123,#5095,#5125,.T.);
#5123 = VERTEX_POINT('',#5124);
#5124 = CARTESIAN_POINT('',(-19.46471492683,5.9,-32.89552491131));
#5125 = SURFACE_CURVE('',#5126,(#5130,#5137),.PCURVE_S1.);
#5126 = LINE('',#5127,#5128);
#5127 = CARTESIAN_POINT('',(-19.46471492683,5.9,-32.89552491131));
#5128 = VECTOR('',#5129,1.);
#5129 = DIRECTION('',(0.207911687032,-3.870827279571E-09,0.978147601539)
  );
#5130 = PCURVE('',#3216,#5131);
#5131 = DEFINITIONAL_REPRESENTATION('',(#5132),#5136);
#5132 = LINE('',#5133,#5134);
#5133 = CARTESIAN_POINT('',(-12.19999999999,36.2236205586));
#5134 = VECTOR('',#5135,1.);
#5135 = DIRECTION('',(-3.87088752718E-09,-1.));
#5136 = ( GEOMETRIC_REPRESENTATION_CONTEXT(2) 
PARAMETRIC_REPRESENTATION_CONTEXT() REPRESENTATION_CONTEXT('2D SPACE',''
  ) );
#5137 = PCURVE('',#5138,#5143);
#5138 = PLANE('',#5139);
#5139 = AXIS2_PLACEMENT_3D('',#5140,#5141,#5142);
#5140 = CARTESIAN_POINT('',(-19.39553341699,5.75,-31.84859134537));
#5141 = DIRECTION('',(-0.69165480148,0.707106781187,0.147015766465));
#5142 = DIRECTION('',(-0.69165480148,-0.707106781187,0.147015766465));
#5143 = DEFINITIONAL_REPRESENTATION('',(#5144),#5148);
#5144 = LINE('',#5145,#5146);
#5145 = CARTESIAN_POINT('',(-0.212132034358,-1.038439200336));
#5146 = VECTOR('',#5147,1.);
#5147 = DIRECTION('',(5.474196929089E-09,1.));
#5148 = ( GEOMETRIC_REPRESENTATION_CONTEXT(2) 
PARAMETRIC_REPRESENTATION_CONTEXT() REPRESENTATION_CONTEXT('2D SPACE',''
  ) );
#5149 = ORIENTED_EDGE('',*,*,#5150,.F.);
#5150 = EDGE_CURVE('',#5151,#5123,#5153,.T.);
#5151 = VERTEX_POINT('',#5152);
#5152 = CARTESIAN_POINT('',(4.402086531073,5.9,-37.96857016726));
#5153 = SURFACE_CURVE('',#5154,(#5158,#5165),.PCURVE_S1.);
#5154 = LINE('',#5155,#5156);
#5155 = CARTESIAN_POINT('',(4.402086531073,5.9,-37.96857016726));
#5156 = VECTOR('',#5157,1.);
#5157 = DIRECTION('',(-0.978147600734,0.,0.207911690818));
#5158 = PCURVE('',#3216,#5159);
#5159 = DEFINITIONAL_REPRESENTATION('',(#5160),#5164);
#5160 = LINE('',#5161,#5162);
#5161 = CARTESIAN_POINT('',(12.200000000001,36.223620558597));
#5162 = VECTOR('',#5163,1.);
#5163 = DIRECTION('',(-1.,-5.551115123126E-17));
#5164 = ( GEOMETRIC_REPRESENTATION_CONTEXT(2) 
PARAMETRIC_REPRESENTATION_CONTEXT() REPRESENTATION_CONTEXT('2D SPACE',''
  ) );
#5165 = PCURVE('',#5166,#5171);
#5166 = CYLINDRICAL_SURFACE('',#5167,33.);
#5167 = AXIS2_PLACEMENT_3D('',#5168,#5169,#5170);
#5168 = CARTESIAN_POINT('',(126.6634057029,-27.1,-63.95601579567));
#5169 = DIRECTION('',(-0.978147600734,0.,0.207911690818));
#5170 = DIRECTION('',(0.,1.,0.));
#5171 = DEFINITIONAL_REPRESENTATION('',(#5172),#5176);
#5172 = LINE('',#5173,#5174);
#5173 = CARTESIAN_POINT('',(0.,124.99270977111));
#5174 = VECTOR('',#5175,1.);
#5175 = DIRECTION('',(0.,1.));
#5176 = ( GEOMETRIC_REPRESENTATION_CONTEXT(2) 
PARAMETRIC_REPRESENTATION_CONTEXT() REPRESENTATION_CONTEXT('2D SPACE',''
  ) );
#5177 = ORIENTED_EDGE('',*,*,#5178,.F.);
#5178 = EDGE_CURVE('',#5032,#5151,#5179,.T.);
#5179 = SURFACE_CURVE('',#5180,(#5184,#5191),.PCURVE_S1.);
#5180 = LINE('',#5181,#5182);
#5181 = CARTESIAN_POINT('',(4.833893846916,5.899999991961,
    -35.93707650632));
#5182 = VECTOR('',#5183,1.);
#5183 = DIRECTION('',(-0.207911694604,3.870828134872E-09,-0.978147599929
    ));
#5184 = PCURVE('',#3216,#5185);
#5185 = DEFINITIONAL_REPRESENTATION('',(#5186),#5190);
#5186 = LINE('',#5187,#5188);
#5187 = CARTESIAN_POINT('',(12.20000000804,34.146742119098));
#5188 = VECTOR('',#5189,1.);
#5189 = DIRECTION('',(-3.870789772042E-09,1.));
#5190 = ( GEOMETRIC_REPRESENTATION_CONTEXT(2) 
PARAMETRIC_REPRESENTATION_CONTEXT() REPRESENTATION_CONTEXT('2D SPACE',''
  ) );
#5191 = PCURVE('',#5073,#5192);
#5192 = DEFINITIONAL_REPRESENTATION('',(#5193),#5197);
#5193 = LINE('',#5194,#5195);
#5194 = CARTESIAN_POINT('',(-0.212132022987,-1.038439239167));
#5195 = VECTOR('',#5196,1.);
#5196 = DIRECTION('',(-5.474172615205E-09,1.));
#5197 = ( GEOMETRIC_REPRESENTATION_CONTEXT(2) 
PARAMETRIC_REPRESENTATION_CONTEXT() REPRESENTATION_CONTEXT('2D SPACE',''
  ) );
#5198 = ORIENTED_EDGE('',*,*,#5031,.F.);
#5199 = ORIENTED_EDGE('',*,*,#3201,.F.);
#5200 = ORIENTED_EDGE('',*,*,#5003,.F.);
#5201 = ORIENTED_EDGE('',*,*,#4950,.F.);
#5202 = ADVANCED_FACE('',(#5203),#3247,.F.);
#5203 = FACE_BOUND('',#5204,.F.);
#5204 = EDGE_LOOP('',(#5205,#5206,#5207,#5208));
#5205 = ORIENTED_EDGE('',*,*,#5094,.T.);
#5206 = ORIENTED_EDGE('',*,*,#3231,.T.);
#5207 = ORIENTED_EDGE('',*,*,#3551,.F.);
#5208 = ORIENTED_EDGE('',*,*,#5209,.F.);
#5209 = EDGE_CURVE('',#5095,#3524,#5210,.T.);
#5210 = SURFACE_CURVE('',#5211,(#5215,#5222),.PCURVE_S1.);
#5211 = LINE('',#5212,#5213);
#5212 = CARTESIAN_POINT('',(-19.03290762672,5.899999991961,
    -30.86403124702));
#5213 = VECTOR('',#5214,1.);
#5214 = DIRECTION('',(-0.691654807535,-0.707106781187,0.147015737981));
#5215 = PCURVE('',#3247,#5216);
#5216 = DEFINITIONAL_REPRESENTATION('',(#5217),#5221);
#5217 = LINE('',#5218,#5219);
#5218 = CARTESIAN_POINT('',(4.921828478856,0.150000001761));
#5219 = VECTOR('',#5220,1.);
#5220 = DIRECTION('',(9.80470519587E-09,-1.));
#5221 = ( GEOMETRIC_REPRESENTATION_CONTEXT(2) 
PARAMETRIC_REPRESENTATION_CONTEXT() REPRESENTATION_CONTEXT('2D SPACE',''
  ) );
#5222 = PCURVE('',#5138,#5223);
#5223 = DEFINITIONAL_REPRESENTATION('',(#5224),#5228);
#5224 = LINE('',#5225,#5226);
#5225 = CARTESIAN_POINT('',(-0.212132022984,1.038439239168));
#5226 = VECTOR('',#5227,1.);
#5227 = DIRECTION('',(1.,-2.912035762526E-08));
#5228 = ( GEOMETRIC_REPRESENTATION_CONTEXT(2) 
PARAMETRIC_REPRESENTATION_CONTEXT() REPRESENTATION_CONTEXT('2D SPACE',''
  ) );
#5229 = ADVANCED_FACE('',(#5230),#3346,.T.);
#5230 = FACE_BOUND('',#5231,.F.);
#5231 = EDGE_LOOP('',(#5232,#5267,#5301,#5330,#5391,#5440,#5441));
#5232 = ORIENTED_EDGE('',*,*,#5233,.T.);
#5233 = EDGE_CURVE('',#5234,#5236,#5238,.T.);
#5234 = VERTEX_POINT('',#5235);
#5235 = CARTESIAN_POINT('',(4.695530811292,5.6,-38.03094367451));
#5236 = VERTEX_POINT('',#5237);
#5237 = CARTESIAN_POINT('',(3.900229968975,5.375497744937,
    -41.77253996337));
#5238 = SURFACE_CURVE('',#5239,(#5244,#5255),.PCURVE_S1.);
#5239 = CIRCLE('',#5240,32.7);
#5240 = AXIS2_PLACEMENT_3D('',#5241,#5242,#5243);
#5241 = CARTESIAN_POINT('',(4.695530811292,-27.1,-38.03094367451));
#5242 = DIRECTION('',(-0.978147600734,0.,0.207911690818));
#5243 = DIRECTION('',(0.,1.,0.));
#5244 = PCURVE('',#3346,#5245);
#5245 = DEFINITIONAL_REPRESENTATION('',(#5246),#5254);
#5246 = ( BOUNDED_CURVE() B_SPLINE_CURVE(2,(#5247,#5248,#5249,#5250,
#5251,#5252,#5253),.UNSPECIFIED.,.T.,.F.) B_SPLINE_CURVE_WITH_KNOTS((1,2
    ,2,2,2,1),(-2.094395102393,0.,2.094395102393,4.188790204786,
6.28318530718,8.377580409573),.UNSPECIFIED.) CURVE() 
GEOMETRIC_REPRESENTATION_ITEM() RATIONAL_B_SPLINE_CURVE((1.,0.5,1.,0.5,
1.,0.5,1.)) REPRESENTATION_ITEM('') );
#5247 = CARTESIAN_POINT('',(-5.6,36.223620558601));
#5248 = CARTESIAN_POINT('',(-5.6,92.861681966104));
#5249 = CARTESIAN_POINT('',(43.45,64.542651262352));
#5250 = CARTESIAN_POINT('',(92.5,36.223620558601));
#5251 = CARTESIAN_POINT('',(43.45,7.90458985485));
#5252 = CARTESIAN_POINT('',(-5.6,-20.4144408489));
#5253 = CARTESIAN_POINT('',(-5.6,36.223620558601));
#5254 = ( GEOMETRIC_REPRESENTATION_CONTEXT(2) 
PARAMETRIC_REPRESENTATION_CONTEXT() REPRESENTATION_CONTEXT('2D SPACE',''
  ) );
#5255 = PCURVE('',#5256,#5261);
#5256 = CONICAL_SURFACE('',#5257,32.85,0.785398163397);
#5257 = AXIS2_PLACEMENT_3D('',#5258,#5259,#5260);
#5258 = CARTESIAN_POINT('',(4.548808671182,-27.1,-37.99975692089));
#5259 = DIRECTION('',(-0.978147600734,0.,0.207911690818));
#5260 = DIRECTION('',(0.,-1.,0.));
#5261 = DEFINITIONAL_REPRESENTATION('',(#5262),#5266);
#5262 = LINE('',#5263,#5264);
#5263 = CARTESIAN_POINT('',(3.14159265359,-0.15));
#5264 = VECTOR('',#5265,1.);
#5265 = DIRECTION('',(1.,-1.272514811506E-12));
#5266 = ( GEOMETRIC_REPRESENTATION_CONTEXT(2) 
PARAMETRIC_REPRESENTATION_CONTEXT() REPRESENTATION_CONTEXT('2D SPACE',''
  ) );
#5267 = ORIENTED_EDGE('',*,*,#5268,.F.);
#5268 = EDGE_CURVE('',#5269,#5236,#5271,.T.);
#5269 = VERTEX_POINT('',#5270);
#5270 = CARTESIAN_POINT('',(3.987032060107,3.007767158411,
    -41.36416824768));
#5271 = SURFACE_CURVE('',#5272,(#5276,#5283),.PCURVE_S1.);
#5272 = LINE('',#5273,#5274);
#5273 = CARTESIAN_POINT('',(3.987032060107,3.007767158411,
    -41.36416824768));
#5274 = VECTOR('',#5275,1.);
#5275 = DIRECTION('',(-3.610350416923E-02,0.98480773893,-0.169853626193)
  );
#5276 = PCURVE('',#3346,#5277);
#5277 = DEFINITIONAL_REPRESENTATION('',(#5278),#5282);
#5278 = LINE('',#5279,#5280);
#5279 = CARTESIAN_POINT('',(-3.007767158411,39.631311350856));
#5280 = VECTOR('',#5281,1.);
#5281 = DIRECTION('',(-0.98480773893,0.173648257533));
#5282 = ( GEOMETRIC_REPRESENTATION_CONTEXT(2) 
PARAMETRIC_REPRESENTATION_CONTEXT() REPRESENTATION_CONTEXT('2D SPACE',''
  ) );
#5283 = PCURVE('',#5284,#5295);
#5284 = SURFACE_OF_LINEAR_EXTRUSION('',#5285,#5293);
#5285 = B_SPLINE_CURVE_WITH_KNOTS('',3,(#5286,#5287,#5288,#5289,#5290,
    #5291,#5292),.UNSPECIFIED.,.F.,.F.,(4,1,1,1,4),(0.,0.25,0.5,0.75,1.)
  ,.QUASI_UNIFORM_KNOTS.);
#5286 = CARTESIAN_POINT('',(3.344241412301,21.30583467225,
    -44.38644341828));
#5287 = CARTESIAN_POINT('',(3.283321286538,21.25197369359,-44.6857794106
    ));
#5288 = CARTESIAN_POINT('',(3.141927291122,21.14239442848,
    -45.29106375515));
#5289 = CARTESIAN_POINT('',(3.373898829397,21.00364054763,
    -46.14486327984));
#5290 = CARTESIAN_POINT('',(4.072683709926,20.93341421936,
    -46.70056555261));
#5291 = CARTESIAN_POINT('',(4.692486686251,20.9355776162,-46.81976540702
    ));
#5292 = CARTESIAN_POINT('',(4.995339781008,20.93511804285,
    -46.88680341737));
#5293 = VECTOR('',#5294,1.);
#5294 = DIRECTION('',(3.610348622615E-02,-0.984807753012,0.169853548357)
  );
#5295 = DEFINITIONAL_REPRESENTATION('',(#5296),#5300);
#5296 = LINE('',#5297,#5298);
#5297 = CARTESIAN_POINT('',(3.606770609405E-02,18.556629897905));
#5298 = VECTOR('',#5299,1.);
#5299 = DIRECTION('',(2.172099275328E-08,-1.));
#5300 = ( GEOMETRIC_REPRESENTATION_CONTEXT(2) 
PARAMETRIC_REPRESENTATION_CONTEXT() REPRESENTATION_CONTEXT('2D SPACE',''
  ) );
#5301 = ORIENTED_EDGE('',*,*,#5302,.T.);
#5302 = EDGE_CURVE('',#5269,#5303,#5305,.T.);
#5303 = VERTEX_POINT('',#5304);
#5304 = CARTESIAN_POINT('',(4.262536232098,3.128344936072,
    -40.06802300903));
#5305 = SURFACE_CURVE('',#5306,(#5311,#5318),.PCURVE_S1.);
#5306 = CIRCLE('',#5307,30.30028194089);
#5307 = AXIS2_PLACEMENT_3D('',#5308,#5309,#5310);
#5308 = CARTESIAN_POINT('',(4.69553734345,-27.10028021153,
    -38.03091294313));
#5309 = DIRECTION('',(0.978147600734,3.469446951954E-18,-0.207911690818)
  );
#5310 = DIRECTION('',(-2.338280113053E-02,0.993655679752,-0.110007430243
    ));
#5311 = PCURVE('',#3346,#5312);
#5312 = DEFINITIONAL_REPRESENTATION('',(#5313),#5317);
#5313 = CIRCLE('',#5314,30.30028194089);
#5314 = AXIS2_PLACEMENT_2D('',#5315,#5316);
#5315 = CARTESIAN_POINT('',(27.10028021153,36.223589140664));
#5316 = DIRECTION('',(-0.993655679752,0.112465061674));
#5317 = ( GEOMETRIC_REPRESENTATION_CONTEXT(2) 
PARAMETRIC_REPRESENTATION_CONTEXT() REPRESENTATION_CONTEXT('2D SPACE',''
  ) );
#5318 = PCURVE('',#5319,#5324);
#5319 = CONICAL_SURFACE('',#5320,30.1502818874,0.785398607687);
#5320 = AXIS2_PLACEMENT_3D('',#5321,#5322,#5323);
#5321 = CARTESIAN_POINT('',(4.548815281395,-27.10028021153,
    -37.9997262061));
#5322 = DIRECTION('',(0.978147600734,0.,-0.207911690818));
#5323 = DIRECTION('',(0.,-1.,0.));
#5324 = DEFINITIONAL_REPRESENTATION('',(#5325),#5329);
#5325 = LINE('',#5326,#5327);
#5326 = CARTESIAN_POINT('',(3.028889148579,0.149999920202));
#5327 = VECTOR('',#5328,1.);
#5328 = DIRECTION('',(1.,8.294398829742E-13));
#5329 = ( GEOMETRIC_REPRESENTATION_CONTEXT(2) 
PARAMETRIC_REPRESENTATION_CONTEXT() REPRESENTATION_CONTEXT('2D SPACE',''
  ) );
#5330 = ORIENTED_EDGE('',*,*,#5331,.T.);
#5331 = EDGE_CURVE('',#5303,#5332,#5334,.T.);
#5332 = VERTEX_POINT('',#5333);
#5333 = CARTESIAN_POINT('',(4.741832153002,2.709269783317,-37.8131129882
    ));
#5334 = SURFACE_CURVE('',#5335,(#5342,#5352),.PCURVE_S1.);
#5335 = B_SPLINE_CURVE_WITH_KNOTS('',3,(#5336,#5337,#5338,#5339,#5340,
    #5341),.UNSPECIFIED.,.F.,.F.,(4,1,1,4),(0.,0.446185466752,
    0.892370988087,1.),.UNSPECIFIED.);
#5336 = CARTESIAN_POINT('',(4.262536237063,3.128344917171,
    -40.06802296459));
#5337 = CARTESIAN_POINT('',(4.335610135649,3.152559679841,
    -39.72423730108));
#5338 = CARTESIAN_POINT('',(4.483336869187,3.122936469634,
    -39.02923769387));
#5339 = CARTESIAN_POINT('',(4.643255428018,2.914044179161,-38.276880016)
  );
#5340 = CARTESIAN_POINT('',(4.725993958664,2.744233252152,
    -37.88762583416));
#5341 = CARTESIAN_POINT('',(4.741832153002,2.709269783317,-37.8131129882
    ));
#5342 = PCURVE('',#3346,#5343);
#5343 = DEFINITIONAL_REPRESENTATION('',(#5344),#5351);
#5344 = B_SPLINE_CURVE_WITH_KNOTS('',3,(#5345,#5346,#5347,#5348,#5349,
    #5350),.UNSPECIFIED.,.F.,.F.,(4,1,1,4),(0.,0.446185466752,
    0.892370988087,1.),.UNSPECIFIED.);
#5345 = CARTESIAN_POINT('',(-3.128344917171,38.30620941274));
#5346 = CARTESIAN_POINT('',(-3.152559679841,37.954743373002));
#5347 = CARTESIAN_POINT('',(-3.122936469634,37.24421705975));
#5348 = CARTESIAN_POINT('',(-2.914044179161,36.475051264288));
#5349 = CARTESIAN_POINT('',(-2.744233252152,36.077100912443));
#5350 = CARTESIAN_POINT('',(-2.709269783317,36.000923405179));
#5351 = ( GEOMETRIC_REPRESENTATION_CONTEXT(2) 
PARAMETRIC_REPRESENTATION_CONTEXT() REPRESENTATION_CONTEXT('2D SPACE',''
  ) );
#5352 = PCURVE('',#5353,#5386);
#5353 = B_SPLINE_SURFACE_WITH_KNOTS('',3,3,(
    (#5354,#5355,#5356,#5357)
    ,(#5358,#5359,#5360,#5361)
    ,(#5362,#5363,#5364,#5365)
    ,(#5366,#5367,#5368,#5369)
    ,(#5370,#5371,#5372,#5373)
    ,(#5374,#5375,#5376,#5377)
    ,(#5378,#5379,#5380,#5381)
    ,(#5382,#5383,#5384,#5385
  )),.UNSPECIFIED.,.F.,.F.,.F.,(4,1,1,1,1,4),(4,4),(-6.635557631394E-03,
    0.,0.1,0.2,0.3,0.353691561918),(-0.364515504837,1.364379738442),
  .UNSPECIFIED.);
#5354 = CARTESIAN_POINT('',(3.852772019409,2.715084774054,
    -40.01751120707));
#5355 = CARTESIAN_POINT('',(4.019695477735,2.88737020396,-40.0677266178)
  );
#5356 = CARTESIAN_POINT('',(4.186618936062,3.059655633865,
    -40.11794202853));
#5357 = CARTESIAN_POINT('',(4.353542394388,3.231941063771,
    -40.16815743926));
#5358 = CARTESIAN_POINT('',(3.857835922643,2.71686487689,-39.99682100741
    ));
#5359 = CARTESIAN_POINT('',(4.024665370304,2.889222234088,-40.0461552418
    ));
#5360 = CARTESIAN_POINT('',(4.191494817964,3.061579591286,
    -40.09548947618));
#5361 = CARTESIAN_POINT('',(4.358324265625,3.233936948483,
    -40.14482371057));
#5362 = CARTESIAN_POINT('',(3.939292481796,2.742973250925,
    -39.66405019217));
#5363 = CARTESIAN_POINT('',(4.104605852821,2.916375763728,
    -39.69920870833));
#5364 = CARTESIAN_POINT('',(4.269919223845,3.089778276531,-39.7343672245
    ));
#5365 = CARTESIAN_POINT('',(4.435232594869,3.263180789335,
    -39.76952574066));
#5366 = CARTESIAN_POINT('',(4.099261333702,2.715740383849,-39.0119748908
    ));
#5367 = CARTESIAN_POINT('',(4.261474302377,2.887718249913,
    -39.01926581064));
#5368 = CARTESIAN_POINT('',(4.423687271053,3.059696115977,
    -39.02655673048));
#5369 = CARTESIAN_POINT('',(4.585900239729,3.231673982041,
    -39.03384765032));
#5370 = CARTESIAN_POINT('',(4.324804380997,2.463404999204,-38.0967900271
    ));
#5371 = CARTESIAN_POINT('',(4.482167546263,2.62386177476,-38.06527215505
    ));
#5372 = CARTESIAN_POINT('',(4.639530711528,2.784318550316,
    -38.03375428299));
#5373 = CARTESIAN_POINT('',(4.796893876793,2.944775325871,
    -38.00223641094));
#5374 = CARTESIAN_POINT('',(4.496139914691,2.08867414555,-37.40464468274
    ));
#5375 = CARTESIAN_POINT('',(4.649487629445,2.232250191709,
    -37.34390220372));
#5376 = CARTESIAN_POINT('',(4.802835344199,2.375826237867,-37.2831597247
    ));
#5377 = CARTESIAN_POINT('',(4.956183058953,2.519402284025,
    -37.22241724568));
#5378 = CARTESIAN_POINT('',(4.586957302089,1.799010263073,
    -37.03871497665));
#5379 = CARTESIAN_POINT('',(4.73807152097,1.929595141762,-36.962576696)
  );
#5380 = CARTESIAN_POINT('',(4.88918573985,2.060180020451,-36.88643841535
    ));
#5381 = CARTESIAN_POINT('',(5.040299958731,2.19076489914,-36.81030013469
    ));
#5382 = CARTESIAN_POINT('',(4.616873237872,1.691261731473,
    -36.91825111762));
#5383 = CARTESIAN_POINT('',(4.767243117003,1.817019507565,
    -36.83704968086));
#5384 = CARTESIAN_POINT('',(4.917612996133,1.942777283657,-36.7558482441
    ));
#5385 = CARTESIAN_POINT('',(5.067982875263,2.068535059748,
    -36.67464680733));
#5386 = DEFINITIONAL_REPRESENTATION('',(#5387),#5390);
#5387 = B_SPLINE_CURVE_WITH_KNOTS('',1,(#5388,#5389),.UNSPECIFIED.,.F.,
  .F.,(2,2),(0.,1.),.PIECEWISE_BEZIER_KNOTS.);
#5388 = CARTESIAN_POINT('',(4.078012785805E-09,1.));
#5389 = CARTESIAN_POINT('',(0.224122031479,0.999999999998));
#5390 = ( GEOMETRIC_REPRESENTATION_CONTEXT(2) 
PARAMETRIC_REPRESENTATION_CONTEXT() REPRESENTATION_CONTEXT('2D SPACE',''
  ) );
#5391 = ORIENTED_EDGE('',*,*,#5392,.F.);
#5392 = EDGE_CURVE('',#3331,#5332,#5393,.T.);
#5393 = SURFACE_CURVE('',#5394,(#5401,#5411),.PCURVE_S1.);
#5394 = B_SPLINE_CURVE_WITH_KNOTS('',3,(#5395,#5396,#5397,#5398,#5399,
    #5400),.UNSPECIFIED.,.F.,.F.,(4,1,1,4),(0.,0.333333333333,
    0.666666666667,1.),.UNSPECIFIED.);
#5395 = CARTESIAN_POINT('',(5.1273381112,0.962739881735,-35.99945004987)
  );
#5396 = CARTESIAN_POINT('',(5.085285612491,1.152677644451,
    -36.19729150148));
#5397 = CARTESIAN_POINT('',(5.00066017396,1.535302209424,-36.59542288762
    ));
#5398 = CARTESIAN_POINT('',(4.872169642723,2.117433111911,
    -37.19992330966));
#5399 = CARTESIAN_POINT('',(4.785453028107,2.511071566103,
    -37.60789290578));
#5400 = CARTESIAN_POINT('',(4.741832153002,2.709269783317,-37.8131129882
    ));
#5401 = PCURVE('',#3346,#5402);
#5402 = DEFINITIONAL_REPRESENTATION('',(#5403),#5410);
#5403 = B_SPLINE_CURVE_WITH_KNOTS('',3,(#5404,#5405,#5406,#5407,#5408,
    #5409),.UNSPECIFIED.,.F.,.F.,(4,1,1,4),(0.,0.333333333333,
    0.666666666667,1.),.UNSPECIFIED.);
#5404 = CARTESIAN_POINT('',(-0.962739881735,34.146742157922));
#5405 = CARTESIAN_POINT('',(-1.152677644451,34.34900350525));
#5406 = CARTESIAN_POINT('',(-1.535302209424,34.756029383391));
#5407 = CARTESIAN_POINT('',(-2.117433111911,35.374034704455));
#5408 = CARTESIAN_POINT('',(-2.511071566103,35.791118584039));
#5409 = CARTESIAN_POINT('',(-2.709269783317,36.000923405179));
#5410 = ( GEOMETRIC_REPRESENTATION_CONTEXT(2) 
PARAMETRIC_REPRESENTATION_CONTEXT() REPRESENTATION_CONTEXT('2D SPACE',''
  ) );
#5411 = PCURVE('',#3398,#5412);
#5412 = DEFINITIONAL_REPRESENTATION('',(#5413),#5439);
#5413 = B_SPLINE_CURVE_WITH_KNOTS('',3,(#5414,#5415,#5416,#5417,#5418,
    #5419,#5420,#5421,#5422,#5423,#5424,#5425,#5426,#5427,#5428,#5429,
    #5430,#5431,#5432,#5433,#5434,#5435,#5436,#5437,#5438),
  .UNSPECIFIED.,.F.,.F.,(4,1,1,1,1,1,1,1,1,1,1,1,1,1,1,1,1,1,1,1,1,1,4),
  (0.,4.545454545455E-02,9.090909090909E-02,0.136363636364,
    0.181818181818,0.227272727273,0.272727272727,0.318181818182,
    0.363636363636,0.409090909091,0.454545454545,0.5,0.545454545455,
    0.590909090909,0.636363636364,0.681818181818,0.727272727273,
    0.772727272727,0.818181818182,0.863636363636,0.909090909091,
    0.954545454545,1.),.QUASI_UNIFORM_KNOTS.);
#5414 = CARTESIAN_POINT('',(3.220797301794E-03,0.509805294281));
#5415 = CARTESIAN_POINT('',(3.179073388279E-03,0.50298934586));
#5416 = CARTESIAN_POINT('',(3.095733392525E-03,0.489343996841));
#5417 = CARTESIAN_POINT('',(2.971046508949E-03,0.468835652107));
#5418 = CARTESIAN_POINT('',(2.84668235399E-03,0.448287021456));
#5419 = CARTESIAN_POINT('',(2.722640538038E-03,0.427698140298));
#5420 = CARTESIAN_POINT('',(2.598920664011E-03,0.407069043744));
#5421 = CARTESIAN_POINT('',(2.475522335606E-03,0.386399768127));
#5422 = CARTESIAN_POINT('',(2.35244512415E-03,0.365690345322));
#5423 = CARTESIAN_POINT('',(2.229688693474E-03,0.344940823956));
#5424 = CARTESIAN_POINT('',(2.107252117679E-03,0.324151153544));
#5425 = CARTESIAN_POINT('',(1.985134200562E-03,0.303321236713));
#5426 = CARTESIAN_POINT('',(1.863333819136E-03,0.282450987312));
#5427 = CARTESIAN_POINT('',(1.741849840273E-03,0.261540316328));
#5428 = CARTESIAN_POINT('',(1.620681137483E-03,0.240589134702));
#5429 = CARTESIAN_POINT('',(1.499826606858E-03,0.21959735615));
#5430 = CARTESIAN_POINT('',(1.379285086218E-03,0.198564883068));
#5431 = CARTESIAN_POINT('',(1.259055688584E-03,0.177491664686));
#5432 = CARTESIAN_POINT('',(1.139138092196E-03,0.156377749442));
#5433 = CARTESIAN_POINT('',(1.019531873179E-03,0.135223169062));
#5434 = CARTESIAN_POINT('',(9.002366279378E-04,0.114027959772));
#5435 = CARTESIAN_POINT('',(7.81251940298E-04,9.279215662407E-02));
#5436 = CARTESIAN_POINT('',(6.625773910415E-04,7.151579500638E-02));
#5437 = CARTESIAN_POINT('',(5.836674991019E-04,5.730453850194E-02));
#5438 = CARTESIAN_POINT('',(5.442641008896E-04,5.019216228446E-02));
#5439 = ( GEOMETRIC_REPRESENTATION_CONTEXT(2) 
PARAMETRIC_REPRESENTATION_CONTEXT() REPRESENTATION_CONTEXT('2D SPACE',''
  ) );
#5440 = ORIENTED_EDGE('',*,*,#3330,.T.);
#5441 = ORIENTED_EDGE('',*,*,#5442,.T.);
#5442 = EDGE_CURVE('',#3307,#5234,#5443,.T.);
#5443 = SURFACE_CURVE('',#5444,(#5448,#5455),.PCURVE_S1.);
#5444 = LINE('',#5445,#5446);
#5445 = CARTESIAN_POINT('',(5.127338122066,5.599999994519,
    -35.99945002512));
#5446 = VECTOR('',#5447,1.);
#5447 = DIRECTION('',(-0.207911693399,2.639195126835E-09,-0.978147600185
    ));
#5448 = PCURVE('',#3346,#5449);
#5449 = DEFINITIONAL_REPRESENTATION('',(#5450),#5454);
#5450 = LINE('',#5451,#5452);
#5451 = CARTESIAN_POINT('',(-5.599999994519,34.146742131454));
#5452 = VECTOR('',#5453,1.);
#5453 = DIRECTION('',(-2.639195126835E-09,1.));
#5454 = ( GEOMETRIC_REPRESENTATION_CONTEXT(2) 
PARAMETRIC_REPRESENTATION_CONTEXT() REPRESENTATION_CONTEXT('2D SPACE',''
  ) );
#5455 = PCURVE('',#5073,#5456);
#5456 = DEFINITIONAL_REPRESENTATION('',(#5457),#5461);
#5457 = LINE('',#5458,#5459);
#5458 = CARTESIAN_POINT('',(0.212132042108,-1.03843922681));
#5459 = VECTOR('',#5460,1.);
#5460 = DIRECTION('',(-3.732389342037E-09,1.));
#5461 = ( GEOMETRIC_REPRESENTATION_CONTEXT(2) 
PARAMETRIC_REPRESENTATION_CONTEXT() REPRESENTATION_CONTEXT('2D SPACE',''
  ) );
#5462 = ADVANCED_FACE('',(#5463),#3398,.T.);
#5463 = FACE_BOUND('',#5464,.T.);
#5464 = EDGE_LOOP('',(#5465,#5466,#5467,#5488,#5559,#5626));
#5465 = ORIENTED_EDGE('',*,*,#3358,.F.);
#5466 = ORIENTED_EDGE('',*,*,#3809,.T.);
#5467 = ORIENTED_EDGE('',*,*,#5468,.F.);
#5468 = EDGE_CURVE('',#5469,#3810,#5471,.T.);
#5469 = VERTEX_POINT('',#5470);
#5470 = CARTESIAN_POINT('',(4.489159405158,1.684643387038,
    -36.81193043695));
#5471 = SURFACE_CURVE('',#5472,(#5476,#5482),.PCURVE_S1.);
#5472 = LINE('',#5473,#5474);
#5473 = CARTESIAN_POINT('',(4.489159405158,1.684643387038,
    -36.81193043695));
#5474 = VECTOR('',#5475,1.);
#5475 = DIRECTION('',(-8.559646216838E-02,-0.707106744966,0.701906900442
    ));
#5476 = PCURVE('',#3398,#5477);
#5477 = DEFINITIONAL_REPRESENTATION('',(#5478),#5481);
#5478 = B_SPLINE_CURVE_WITH_KNOTS('',1,(#5479,#5480),.UNSPECIFIED.,.F.,
  .F.,(2,2),(0.,1.998292201812),.PIECEWISE_BEZIER_KNOTS.);
#5479 = CARTESIAN_POINT('',(5.05981058971E-10,0.31983068848));
#5480 = CARTESIAN_POINT('',(7.362580630697E-10,0.691674363926));
#5481 = ( GEOMETRIC_REPRESENTATION_CONTEXT(2) 
PARAMETRIC_REPRESENTATION_CONTEXT() REPRESENTATION_CONTEXT('2D SPACE',''
  ) );
#5482 = PCURVE('',#4004,#5483);
#5483 = DEFINITIONAL_REPRESENTATION('',(#5484),#5487);
#5484 = B_SPLINE_CURVE_WITH_KNOTS('',1,(#5485,#5486),.UNSPECIFIED.,.F.,
  .F.,(2,2),(0.,1.998292201812),.PIECEWISE_BEZIER_KNOTS.);
#5485 = CARTESIAN_POINT('',(1.000000004766,0.319830688003));
#5486 = CARTESIAN_POINT('',(1.000000007005,0.691674363607));
#5487 = ( GEOMETRIC_REPRESENTATION_CONTEXT(2) 
PARAMETRIC_REPRESENTATION_CONTEXT() REPRESENTATION_CONTEXT('2D SPACE',''
  ) );
#5488 = ORIENTED_EDGE('',*,*,#5489,.T.);
#5489 = EDGE_CURVE('',#5469,#5490,#5492,.T.);
#5490 = VERTEX_POINT('',#5491);
#5491 = CARTESIAN_POINT('',(4.699845233364,1.815799618789,
    -36.91787392704));
#5492 = SURFACE_CURVE('',#5493,(#5501,#5530),.PCURVE_S1.);
#5493 = B_SPLINE_CURVE_WITH_KNOTS('',3,(#5494,#5495,#5496,#5497,#5498,
    #5499,#5500),.UNSPECIFIED.,.F.,.F.,(4,1,1,1,4),(0.,0.25,0.5,0.75,1.)
  ,.QUASI_UNIFORM_KNOTS.);
#5494 = CARTESIAN_POINT('',(4.489159405158,1.684643387038,
    -36.81193043695));
#5495 = CARTESIAN_POINT('',(4.491499199785,1.703976868125,
    -36.83112181138));
#5496 = CARTESIAN_POINT('',(4.520434199495,1.736681507533,
    -36.86054056013));
#5497 = CARTESIAN_POINT('',(4.575878101862,1.768439748445,
    -36.88570945022));
#5498 = CARTESIAN_POINT('',(4.636569139208,1.794516855362,
    -36.90439747403));
#5499 = CARTESIAN_POINT('',(4.678542577342,1.808922442736,-36.9136529115
    ));
#5500 = CARTESIAN_POINT('',(4.699845233364,1.815799618789,
    -36.91787392704));
#5501 = PCURVE('',#3398,#5502);
#5502 = DEFINITIONAL_REPRESENTATION('',(#5503),#5529);
#5503 = B_SPLINE_CURVE_WITH_KNOTS('',3,(#5504,#5505,#5506,#5507,#5508,
    #5509,#5510,#5511,#5512,#5513,#5514,#5515,#5516,#5517,#5518,#5519,
    #5520,#5521,#5522,#5523,#5524,#5525,#5526,#5527,#5528),
  .UNSPECIFIED.,.F.,.F.,(4,1,1,1,1,1,1,1,1,1,1,1,1,1,1,1,1,1,1,1,1,1,4),
  (0.,4.545454545455E-02,9.090909090909E-02,0.136363636364,
    0.181818181818,0.227272727273,0.272727272727,0.318181818182,
    0.363636363636,0.409090909091,0.454545454545,0.5,0.545454545455,
    0.590909090909,0.636363636364,0.681818181818,0.727272727273,
    0.772727272727,0.818181818182,0.863636363636,0.909090909091,
    0.954545454545,1.),.QUASI_UNIFORM_KNOTS.);
#5504 = CARTESIAN_POINT('',(5.059810615794E-10,0.31983068848));
#5505 = CARTESIAN_POINT('',(2.774253215096E-10,0.318905638952));
#5506 = CARTESIAN_POINT('',(3.588270044E-06,0.317107416294));
#5507 = CARTESIAN_POINT('',(1.814149561207E-05,0.314564780067));
#5508 = CARTESIAN_POINT('',(4.027451733047E-05,0.312175870483));
#5509 = CARTESIAN_POINT('',(6.838654249707E-05,0.309939855297));
#5510 = CARTESIAN_POINT('',(1.009254345562E-04,0.307855317893));
#5511 = CARTESIAN_POINT('',(1.361661302003E-04,0.305923094676));
#5512 = CARTESIAN_POINT('',(1.732089110266E-04,0.304133556612));
#5513 = CARTESIAN_POINT('',(2.119781282156E-04,0.302466581766));
#5514 = CARTESIAN_POINT('',(2.522232955975E-04,0.300904279802));
#5515 = CARTESIAN_POINT('',(2.937407121947E-04,0.299428168804));
#5516 = CARTESIAN_POINT('',(3.363140184557E-04,0.298019932488));
#5517 = CARTESIAN_POINT('',(3.797300696289E-04,0.296661217908));
#5518 = CARTESIAN_POINT('',(4.239071329559E-04,0.295350024716));
#5519 = CARTESIAN_POINT('',(4.687639184754E-04,0.294084347107));
#5520 = CARTESIAN_POINT('',(5.142185007392E-04,0.2928621994));
#5521 = CARTESIAN_POINT('',(5.601911966563E-04,0.291681535878));
#5522 = CARTESIAN_POINT('',(6.065941024029E-04,0.290540546426));
#5523 = CARTESIAN_POINT('',(6.533781147599E-04,0.289436326231));
#5524 = CARTESIAN_POINT('',(7.005328756691E-04,0.288364873884));
#5525 = CARTESIAN_POINT('',(7.480397382557E-04,0.287322421303));
#5526 = CARTESIAN_POINT('',(7.958822111018E-04,0.286305138496));
#5527 = CARTESIAN_POINT('',(8.279894887596E-04,0.285641188193));
#5528 = CARTESIAN_POINT('',(8.440933725779E-04,0.28531213636));
#5529 = ( GEOMETRIC_REPRESENTATION_CONTEXT(2) 
PARAMETRIC_REPRESENTATION_CONTEXT() REPRESENTATION_CONTEXT('2D SPACE',''
  ) );
#5530 = PCURVE('',#4394,#5531);
#5531 = DEFINITIONAL_REPRESENTATION('',(#5532),#5558);
#5532 = B_SPLINE_CURVE_WITH_KNOTS('',3,(#5533,#5534,#5535,#5536,#5537,
    #5538,#5539,#5540,#5541,#5542,#5543,#5544,#5545,#5546,#5547,#5548,
    #5549,#5550,#5551,#5552,#5553,#5554,#5555,#5556,#5557),
  .UNSPECIFIED.,.F.,.F.,(4,1,1,1,1,1,1,1,1,1,1,1,1,1,1,1,1,1,1,1,1,1,4),
  (0.,4.545454545455E-02,9.090909090909E-02,0.136363636364,
    0.181818181818,0.227272727273,0.272727272727,0.318181818182,
    0.363636363636,0.409090909091,0.454545454545,0.5,0.545454545455,
    0.590909090909,0.636363636364,0.681818181818,0.727272727273,
    0.772727272727,0.818181818182,0.863636363636,0.909090909091,
    0.954545454545,1.),.QUASI_UNIFORM_KNOTS.);
#5533 = CARTESIAN_POINT('',(0.963649492668,0.528036067154));
#5534 = CARTESIAN_POINT('',(0.962311375436,0.52803632557));
#5535 = CARTESIAN_POINT('',(0.959707673711,0.528044683949));
#5536 = CARTESIAN_POINT('',(0.956019415416,0.528077254596));
#5537 = CARTESIAN_POINT('',(0.95254807013,0.528126372354));
#5538 = CARTESIAN_POINT('',(0.949293527315,0.528188531671));
#5539 = CARTESIAN_POINT('',(0.946254832742,0.528260334271));
#5540 = CARTESIAN_POINT('',(0.943434515569,0.528338003446));
#5541 = CARTESIAN_POINT('',(0.940819232499,0.528419572516));
#5542 = CARTESIAN_POINT('',(0.938379753346,0.528504881513));
#5543 = CARTESIAN_POINT('',(0.936090324381,0.52859338716));
#5544 = CARTESIAN_POINT('',(0.933924362586,0.528684648745));
#5545 = CARTESIAN_POINT('',(0.931855600513,0.528778197782));
#5546 = CARTESIAN_POINT('',(0.929857776556,0.528873572804));
#5547 = CARTESIAN_POINT('',(0.927928007691,0.528970595414));
#5548 = CARTESIAN_POINT('',(0.926063407282,0.529069088215));
#5549 = CARTESIAN_POINT('',(0.924261126662,0.529168872424));
#5550 = CARTESIAN_POINT('',(0.922518236427,0.52926977421));
#5551 = CARTESIAN_POINT('',(0.920832159549,0.529371601678));
#5552 = CARTESIAN_POINT('',(0.91919872273,0.529474248281));
#5553 = CARTESIAN_POINT('',(0.91761215721,0.529577692671));
#5554 = CARTESIAN_POINT('',(0.916067047152,0.52968189525));
#5555 = CARTESIAN_POINT('',(0.914557895292,0.529786821146));
#5556 = CARTESIAN_POINT('',(0.913572127353,0.529857229698));
#5557 = CARTESIAN_POINT('',(0.913083415144,0.529892542471));
#5558 = ( GEOMETRIC_REPRESENTATION_CONTEXT(2) 
PARAMETRIC_REPRESENTATION_CONTEXT() REPRESENTATION_CONTEXT('2D SPACE',''
  ) );
#5559 = ORIENTED_EDGE('',*,*,#5560,.T.);
#5560 = EDGE_CURVE('',#5490,#5332,#5561,.T.);
#5561 = SURFACE_CURVE('',#5562,(#5568,#5597),.PCURVE_S1.);
#5562 = B_SPLINE_CURVE_WITH_KNOTS('',3,(#5563,#5564,#5565,#5566,#5567),
  .UNSPECIFIED.,.F.,.F.,(4,1,4),(0.,0.5,1.),.QUASI_UNIFORM_KNOTS.);
#5563 = CARTESIAN_POINT('',(4.699845233364,1.815799618789,
    -36.91787392704));
#5564 = CARTESIAN_POINT('',(4.675345128881,1.957241448257,
    -37.06357572365));
#5565 = CARTESIAN_POINT('',(4.656209292281,2.242548330592,
    -37.35344744727));
#5566 = CARTESIAN_POINT('',(4.700877637217,2.548180025922,
    -37.65589714136));
#5567 = CARTESIAN_POINT('',(4.741832153002,2.709269783317,-37.8131129882
    ));
#5568 = PCURVE('',#3398,#5569);
#5569 = DEFINITIONAL_REPRESENTATION('',(#5570),#5596);
#5570 = B_SPLINE_CURVE_WITH_KNOTS('',3,(#5571,#5572,#5573,#5574,#5575,
    #5576,#5577,#5578,#5579,#5580,#5581,#5582,#5583,#5584,#5585,#5586,
    #5587,#5588,#5589,#5590,#5591,#5592,#5593,#5594,#5595),
  .UNSPECIFIED.,.F.,.F.,(4,1,1,1,1,1,1,1,1,1,1,1,1,1,1,1,1,1,1,1,1,1,4),
  (0.,4.545454545455E-02,9.090909090909E-02,0.136363636364,
    0.181818181818,0.227272727273,0.272727272727,0.318181818182,
    0.363636363636,0.409090909091,0.454545454545,0.5,0.545454545455,
    0.590909090909,0.636363636364,0.681818181818,0.727272727273,
    0.772727272727,0.818181818182,0.863636363636,0.909090909091,
    0.954545454545,1.),.QUASI_UNIFORM_KNOTS.);
#5571 = CARTESIAN_POINT('',(8.440933725779E-04,0.28531213636));
#5572 = CARTESIAN_POINT('',(8.274008259052E-04,0.281928360362));
#5573 = CARTESIAN_POINT('',(7.95109957759E-04,0.275155567308));
#5574 = CARTESIAN_POINT('',(7.499564487077E-04,0.264976065478));
#5575 = CARTESIAN_POINT('',(7.08085836301E-04,0.254771664614));
#5576 = CARTESIAN_POINT('',(6.694982733449E-04,0.244537769913));
#5577 = CARTESIAN_POINT('',(6.34193925415E-04,0.234269781278));
#5578 = CARTESIAN_POINT('',(6.021729611551E-04,0.223963092548));
#5579 = CARTESIAN_POINT('',(5.734355354206E-04,0.213613091666));
#5580 = CARTESIAN_POINT('',(5.479817744788E-04,0.203215160591));
#5581 = CARTESIAN_POINT('',(5.258117604331E-04,0.192764675283));
#5582 = CARTESIAN_POINT('',(5.069255170001E-04,0.182257005661));
#5583 = CARTESIAN_POINT('',(4.913229909622E-04,0.171687515583));
#5584 = CARTESIAN_POINT('',(4.790040498869E-04,0.161051562785));
#5585 = CARTESIAN_POINT('',(4.700022903457E-04,0.150345405218));
#5586 = CARTESIAN_POINT('',(4.643510304217E-04,0.139565294844));
#5587 = CARTESIAN_POINT('',(4.620833092309E-04,0.128707477353));
#5588 = CARTESIAN_POINT('',(4.632318698839E-04,0.117768191924));
#5589 = CARTESIAN_POINT('',(4.678291469634E-04,0.106743670969));
#5590 = CARTESIAN_POINT('',(4.759072514509E-04,9.563013986578E-02));
#5591 = CARTESIAN_POINT('',(4.874979603147E-04,8.442381677384E-02));
#5592 = CARTESIAN_POINT('',(5.026326890004E-04,7.312091210132E-02));
#5593 = CARTESIAN_POINT('',(5.213425266732E-04,6.171762929244E-02));
#5594 = CARTESIAN_POINT('',(5.362195332876E-04,5.404598354415E-02));
#5595 = CARTESIAN_POINT('',(5.442641008896E-04,5.019216228446E-02));
#5596 = ( GEOMETRIC_REPRESENTATION_CONTEXT(2) 
PARAMETRIC_REPRESENTATION_CONTEXT() REPRESENTATION_CONTEXT('2D SPACE',''
  ) );
#5597 = PCURVE('',#5353,#5598);
#5598 = DEFINITIONAL_REPRESENTATION('',(#5599),#5625);
#5599 = B_SPLINE_CURVE_WITH_KNOTS('',3,(#5600,#5601,#5602,#5603,#5604,
    #5605,#5606,#5607,#5608,#5609,#5610,#5611,#5612,#5613,#5614,#5615,
    #5616,#5617,#5618,#5619,#5620,#5621,#5622,#5623,#5624),
  .UNSPECIFIED.,.F.,.F.,(4,1,1,1,1,1,1,1,1,1,1,1,1,1,1,1,1,1,1,1,1,1,4),
  (0.,4.545454545455E-02,9.090909090909E-02,0.136363636364,
    0.181818181818,0.227272727273,0.272727272727,0.318181818182,
    0.363636363636,0.409090909091,0.454545454545,0.5,0.545454545455,
    0.590909090909,0.636363636364,0.681818181818,0.727272727273,
    0.772727272727,0.818181818182,0.863636363636,0.909090909091,
    0.954545454545,1.),.QUASI_UNIFORM_KNOTS.);
#5600 = CARTESIAN_POINT('',(0.346369086928,1.134853158827E-04));
#5601 = CARTESIAN_POINT('',(0.34440422881,4.163557147624E-03));
#5602 = CARTESIAN_POINT('',(0.340485093255,1.329143929086E-02));
#5603 = CARTESIAN_POINT('',(0.334637962413,3.005052063702E-02));
#5604 = CARTESIAN_POINT('',(0.328822246355,4.986003778819E-02));
#5605 = CARTESIAN_POINT('',(0.323037745941,7.270619598215E-02));
#5606 = CARTESIAN_POINT('',(0.317284241205,9.857713081856E-02));
#5607 = CARTESIAN_POINT('',(0.311561492024,0.12746314169));
#5608 = CARTESIAN_POINT('',(0.305869243998,0.159356579397));
#5609 = CARTESIAN_POINT('',(0.300207232715,0.19425177569));
#5610 = CARTESIAN_POINT('',(0.294575188523,0.232145142369));
#5611 = CARTESIAN_POINT('',(0.288972857745,0.273030384542));
#5612 = CARTESIAN_POINT('',(0.283399976932,0.31690305546));
#5613 = CARTESIAN_POINT('',(0.277856278408,0.363760733577));
#5614 = CARTESIAN_POINT('',(0.272342195332,0.413614343897));
#5615 = CARTESIAN_POINT('',(0.26685815163,0.466475947045));
#5616 = CARTESIAN_POINT('',(0.261404564372,0.52235876719));
#5617 = CARTESIAN_POINT('',(0.255981845035,0.581277150275));
#5618 = CARTESIAN_POINT('',(0.250590400924,0.643246539877));
#5619 = CARTESIAN_POINT('',(0.245230636389,0.708283450906));
#5620 = CARTESIAN_POINT('',(0.239902953927,0.776405433827));
#5621 = CARTESIAN_POINT('',(0.234607755209,0.847631079164));
#5622 = CARTESIAN_POINT('',(0.229345441787,0.921979871202));
#5623 = CARTESIAN_POINT('',(0.225859424866,0.973641694397));
#5624 = CARTESIAN_POINT('',(0.224122031479,0.999999999998));
#5625 = ( GEOMETRIC_REPRESENTATION_CONTEXT(2) 
PARAMETRIC_REPRESENTATION_CONTEXT() REPRESENTATION_CONTEXT('2D SPACE',''
  ) );
#5626 = ORIENTED_EDGE('',*,*,#5392,.F.);
#5627 = ADVANCED_FACE('',(#5628),#3539,.F.);
#5628 = FACE_BOUND('',#5629,.F.);
#5629 = EDGE_LOOP('',(#5630,#5661,#5682,#5683,#5684,#5735,#5796,#5829));
#5630 = ORIENTED_EDGE('',*,*,#5631,.T.);
#5631 = EDGE_CURVE('',#5632,#5634,#5636,.T.);
#5632 = VERTEX_POINT('',#5633);
#5633 = CARTESIAN_POINT('',(-20.55346018966,5.37549766546,
    -36.57474835294));
#5634 = VERTEX_POINT('',#5635);
#5635 = CARTESIAN_POINT('',(-19.75815920705,5.6,-32.83315140406));
#5636 = SURFACE_CURVE('',#5637,(#5642,#5649),.PCURVE_S1.);
#5637 = CIRCLE('',#5638,32.7);
#5638 = AXIS2_PLACEMENT_3D('',#5639,#5640,#5641);
#5639 = CARTESIAN_POINT('',(-19.75815920705,-27.1,-32.83315140407));
#5640 = DIRECTION('',(0.978147600734,-3.469446951954E-18,-0.207911690818
    ));
#5641 = DIRECTION('',(-2.432113096655E-02,0.993134485182,-0.114421925042
    ));
#5642 = PCURVE('',#3539,#5643);
#5643 = DEFINITIONAL_REPRESENTATION('',(#5644),#5648);
#5644 = CIRCLE('',#5645,32.7);
#5645 = AXIS2_PLACEMENT_2D('',#5646,#5647);
#5646 = CARTESIAN_POINT('',(27.1,36.223620558606));
#5647 = DIRECTION('',(-0.993134485182,0.116978178913));
#5648 = ( GEOMETRIC_REPRESENTATION_CONTEXT(2) 
PARAMETRIC_REPRESENTATION_CONTEXT() REPRESENTATION_CONTEXT('2D SPACE',''
  ) );
#5649 = PCURVE('',#5650,#5655);
#5650 = CONICAL_SURFACE('',#5651,32.85,0.785398163397);
#5651 = AXIS2_PLACEMENT_3D('',#5652,#5653,#5654);
#5652 = CARTESIAN_POINT('',(-19.61143706694,-27.1,-32.86433815769));
#5653 = DIRECTION('',(0.978147600734,0.,-0.207911690818));
#5654 = DIRECTION('',(0.,-1.,0.));
#5655 = DEFINITIONAL_REPRESENTATION('',(#5656),#5660);
#5656 = LINE('',#5657,#5658);
#5657 = CARTESIAN_POINT('',(3.024346032193,-0.15));
#5658 = VECTOR('',#5659,1.);
#5659 = DIRECTION('',(1.,-1.333110518668E-12));
#5660 = ( GEOMETRIC_REPRESENTATION_CONTEXT(2) 
PARAMETRIC_REPRESENTATION_CONTEXT() REPRESENTATION_CONTEXT('2D SPACE',''
  ) );
#5661 = ORIENTED_EDGE('',*,*,#5662,.T.);
#5662 = EDGE_CURVE('',#5634,#3524,#5663,.T.);
#5663 = SURFACE_CURVE('',#5664,(#5668,#5675),.PCURVE_S1.);
#5664 = LINE('',#5665,#5666);
#5665 = CARTESIAN_POINT('',(-19.75815920705,5.6,-32.83315140406));
#5666 = VECTOR('',#5667,1.);
#5667 = DIRECTION('',(0.207911688236,-2.639193416232E-09,0.978147601283)
  );
#5668 = PCURVE('',#3539,#5669);
#5669 = DEFINITIONAL_REPRESENTATION('',(#5670),#5674);
#5670 = LINE('',#5671,#5672);
#5671 = CARTESIAN_POINT('',(-5.6,36.223620558596));
#5672 = VECTOR('',#5673,1.);
#5673 = DIRECTION('',(2.639193416232E-09,-1.));
#5674 = ( GEOMETRIC_REPRESENTATION_CONTEXT(2) 
PARAMETRIC_REPRESENTATION_CONTEXT() REPRESENTATION_CONTEXT('2D SPACE',''
  ) );
#5675 = PCURVE('',#5138,#5676);
#5676 = DEFINITIONAL_REPRESENTATION('',(#5677),#5681);
#5677 = LINE('',#5678,#5679);
#5678 = CARTESIAN_POINT('',(0.212132034354,-1.038439200331));
#5679 = VECTOR('',#5680,1.);
#5680 = DIRECTION('',(3.732413045299E-09,1.));
#5681 = ( GEOMETRIC_REPRESENTATION_CONTEXT(2) 
PARAMETRIC_REPRESENTATION_CONTEXT() REPRESENTATION_CONTEXT('2D SPACE',''
  ) );
#5682 = ORIENTED_EDGE('',*,*,#3521,.F.);
#5683 = ORIENTED_EDGE('',*,*,#4590,.F.);
#5684 = ORIENTED_EDGE('',*,*,#5685,.F.);
#5685 = EDGE_CURVE('',#5686,#4502,#5688,.T.);
#5686 = VERTEX_POINT('',#5687);
#5687 = CARTESIAN_POINT('',(-19.71185112683,2.709237982062,
    -32.61528901556));
#5688 = SURFACE_CURVE('',#5689,(#5696,#5706),.PCURVE_S1.);
#5689 = B_SPLINE_CURVE_WITH_KNOTS('',3,(#5690,#5691,#5692,#5693,#5694,
    #5695),.UNSPECIFIED.,.F.,.F.,(4,1,1,4),(0.,0.333333333333,
    0.666666666667,1.),.UNSPECIFIED.);
#5690 = CARTESIAN_POINT('',(-19.71185112683,2.709237982062,
    -32.61528901556));
#5691 = CARTESIAN_POINT('',(-19.66823221327,2.511047474411,
    -32.41007816145));
#5692 = CARTESIAN_POINT('',(-19.58151875616,2.117419122322,
    -32.00212342022));
#5693 = CARTESIAN_POINT('',(-19.45303049886,1.535287933718,
    -31.39763369622));
#5694 = CARTESIAN_POINT('',(-19.36840491806,1.152653632782,
    -30.99950164077));
#5695 = CARTESIAN_POINT('',(-19.32635190715,0.962708696363,
    -30.80165777943));
#5696 = PCURVE('',#3539,#5697);
#5697 = DEFINITIONAL_REPRESENTATION('',(#5698),#5705);
#5698 = B_SPLINE_CURVE_WITH_KNOTS('',3,(#5699,#5700,#5701,#5702,#5703,
    #5704),.UNSPECIFIED.,.F.,.F.,(4,1,1,4),(0.,0.333333333333,
    0.666666666667,1.),.UNSPECIFIED.);
#5699 = CARTESIAN_POINT('',(-2.709237982062,36.000890994737));
#5700 = CARTESIAN_POINT('',(-2.511047474411,35.791095608075));
#5701 = CARTESIAN_POINT('',(-2.117419122322,35.374026915249));
#5702 = CARTESIAN_POINT('',(-1.535287933718,34.756032531224));
#5703 = CARTESIAN_POINT('',(-1.152653632782,34.34900596882));
#5704 = CARTESIAN_POINT('',(-0.962708696363,34.146742157928));
#5705 = ( GEOMETRIC_REPRESENTATION_CONTEXT(2) 
PARAMETRIC_REPRESENTATION_CONTEXT() REPRESENTATION_CONTEXT('2D SPACE',''
  ) );
#5706 = PCURVE('',#4547,#5707);
#5707 = DEFINITIONAL_REPRESENTATION('',(#5708),#5734);
#5708 = B_SPLINE_CURVE_WITH_KNOTS('',3,(#5709,#5710,#5711,#5712,#5713,
    #5714,#5715,#5716,#5717,#5718,#5719,#5720,#5721,#5722,#5723,#5724,
    #5725,#5726,#5727,#5728,#5729,#5730,#5731,#5732,#5733),
  .UNSPECIFIED.,.F.,.F.,(4,1,1,1,1,1,1,1,1,1,1,1,1,1,1,1,1,1,1,1,1,1,4),
  (0.,4.545454545455E-02,9.090909090909E-02,0.136363636364,
    0.181818181818,0.227272727273,0.272727272727,0.318181818182,
    0.363636363636,0.409090909091,0.454545454545,0.5,0.545454545455,
    0.590909090909,0.636363636364,0.681818181818,0.727272727273,
    0.772727272727,0.818181818182,0.863636363636,0.909090909091,
    0.954545454545,1.),.QUASI_UNIFORM_KNOTS.);
#5709 = CARTESIAN_POINT('',(0.999451575817,5.020053103656E-02));
#5710 = CARTESIAN_POINT('',(0.99941187418,5.731263059497E-02));
#5711 = CARTESIAN_POINT('',(0.999332366085,7.152335980026E-02));
#5712 = CARTESIAN_POINT('',(0.999212789066,9.279900818379E-02));
#5713 = CARTESIAN_POINT('',(0.99909289676,0.11403417547));
#5714 = CARTESIAN_POINT('',(0.998972688766,0.135228825926));
#5715 = CARTESIAN_POINT('',(0.998852164684,0.156382924163));
#5716 = CARTESIAN_POINT('',(0.998731324128,0.177496433612));
#5717 = CARTESIAN_POINT('',(0.998610166694,0.198569322198));
#5718 = CARTESIAN_POINT('',(0.998488692078,0.219601541189));
#5719 = CARTESIAN_POINT('',(0.998366899412,0.240593140726));
#5720 = CARTESIAN_POINT('',(0.99824478755,0.261544217634));
#5721 = CARTESIAN_POINT('',(0.998122355408,0.282454857453));
#5722 = CARTESIAN_POINT('',(0.997999601876,0.303325148493));
#5723 = CARTESIAN_POINT('',(0.99787652584,0.324155179016));
#5724 = CARTESIAN_POINT('',(0.997753126199,0.344945034436));
#5725 = CARTESIAN_POINT('',(0.997629401775,0.365694811352));
#5726 = CARTESIAN_POINT('',(0.997505351665,0.386404559634));
#5727 = CARTESIAN_POINT('',(0.997380975558,0.407074230372));
#5728 = CARTESIAN_POINT('',(0.997256273051,0.427703791353));
#5729 = CARTESIAN_POINT('',(0.997131243774,0.448293205923));
#5730 = CARTESIAN_POINT('',(0.997005887358,0.468842438648));
#5731 = CARTESIAN_POINT('',(0.99688020344,0.489351453797));
#5732 = CARTESIAN_POINT('',(0.996796195593,0.502997295107));
#5733 = CARTESIAN_POINT('',(0.996754136968,0.509813500957));
#5734 = ( GEOMETRIC_REPRESENTATION_CONTEXT(2) 
PARAMETRIC_REPRESENTATION_CONTEXT() REPRESENTATION_CONTEXT('2D SPACE',''
  ) );
#5735 = ORIENTED_EDGE('',*,*,#5736,.T.);
#5736 = EDGE_CURVE('',#5686,#5737,#5739,.T.);
#5737 = VERTEX_POINT('',#5738);
#5738 = CARTESIAN_POINT('',(-20.19114764836,3.128346784764,
    -34.87020186211));
#5739 = SURFACE_CURVE('',#5740,(#5747,#5757),.PCURVE_S1.);
#5740 = B_SPLINE_CURVE_WITH_KNOTS('',3,(#5741,#5742,#5743,#5744,#5745,
    #5746),.UNSPECIFIED.,.F.,.F.,(4,1,1,4),(0.,0.112379463008,
    0.556189758987,1.),.UNSPECIFIED.);
#5741 = CARTESIAN_POINT('',(-19.71185112683,2.709237982062,
    -32.61528901556));
#5742 = CARTESIAN_POINT('',(-19.72854414202,2.746103503647,
    -32.6938234774));
#5743 = CARTESIAN_POINT('',(-19.81247148828,2.917722322848,
    -33.08867059356));
#5744 = CARTESIAN_POINT('',(-19.97371442478,3.124736247616,
    -33.8472590326));
#5745 = CARTESIAN_POINT('',(-20.11895731206,3.152267955526,
    -34.53057290722));
#5746 = CARTESIAN_POINT('',(-20.19114766673,3.128346917496,
    -34.87020182338));
#5747 = PCURVE('',#3539,#5748);
#5748 = DEFINITIONAL_REPRESENTATION('',(#5749),#5756);
#5749 = B_SPLINE_CURVE_WITH_KNOTS('',3,(#5750,#5751,#5752,#5753,#5754,
    #5755),.UNSPECIFIED.,.F.,.F.,(4,1,1,4),(0.,0.112379463008,
    0.556189758987,1.),.UNSPECIFIED.);
#5750 = CARTESIAN_POINT('',(-2.709237982062,36.000890994737));
#5751 = CARTESIAN_POINT('',(-2.746103503647,36.081179963174));
#5752 = CARTESIAN_POINT('',(-2.917722322848,36.484848198969));
#5753 = CARTESIAN_POINT('',(-3.124736247616,37.260383952121));
#5754 = CARTESIAN_POINT('',(-3.152267955526,37.958963473402));
#5755 = CARTESIAN_POINT('',(-3.128346917496,38.306179901584));
#5756 = ( GEOMETRIC_REPRESENTATION_CONTEXT(2) 
PARAMETRIC_REPRESENTATION_CONTEXT() REPRESENTATION_CONTEXT('2D SPACE',''
  ) );
#5757 = PCURVE('',#5758,#5791);
#5758 = B_SPLINE_SURFACE_WITH_KNOTS('',3,3,(
    (#5759,#5760,#5761,#5762)
    ,(#5763,#5764,#5765,#5766)
    ,(#5767,#5768,#5769,#5770)
    ,(#5771,#5772,#5773,#5774)
    ,(#5775,#5776,#5777,#5778)
    ,(#5779,#5780,#5781,#5782)
    ,(#5783,#5784,#5785,#5786)
    ,(#5787,#5788,#5789,#5790
  )),.UNSPECIFIED.,.F.,.F.,.F.,(4,1,1,1,1,4),(4,4),(0.645475983557,0.7,
    0.8,0.9,1.,1.00671327791),(-0.364677651002,1.364373821531),
  .UNSPECIFIED.);
#5759 = CARTESIAN_POINT('',(-19.23373372146,1.691471577045,
    -31.84884122665));
#5760 = CARTESIAN_POINT('',(-19.33808627467,1.817251554826,
    -31.71349402233));
#5761 = CARTESIAN_POINT('',(-19.44243882787,1.943031532607,-31.578146818
    ));
#5762 = CARTESIAN_POINT('',(-19.54679138108,2.068811510388,
    -31.44279961368));
#5763 = CARTESIAN_POINT('',(-19.25573832039,1.800897818496,
    -31.97297339292));
#5764 = CARTESIAN_POINT('',(-19.36287410439,1.931580591978,
    -31.84201650811));
#5765 = CARTESIAN_POINT('',(-19.4700098884,2.062263365461,
    -31.71105962331));
#5766 = CARTESIAN_POINT('',(-19.5771456724,2.192946138943,-31.5801027385
    ));
#5767 = CARTESIAN_POINT('',(-19.32206488832,2.09187169124,
    -32.34680081568));
#5768 = CARTESIAN_POINT('',(-19.4375632814,2.235606103696,
    -32.22909278273));
#5769 = CARTESIAN_POINT('',(-19.55306167449,2.379340516151,
    -32.11138474978));
#5770 = CARTESIAN_POINT('',(-19.66856006757,2.523074928607,
    -31.99367671683));
#5771 = CARTESIAN_POINT('',(-19.44834429467,2.468589301133,
    -33.05599230416));
#5772 = CARTESIAN_POINT('',(-19.57955784808,2.629296977623,
    -32.96361029021));
#5773 = CARTESIAN_POINT('',(-19.71077140148,2.790004654113,
    -32.87122827626));
#5774 = CARTESIAN_POINT('',(-19.84198495489,2.950712330603,
    -32.77884626231));
#5775 = CARTESIAN_POINT('',(-19.61503231052,2.717309880515,
    -33.98646906002));
#5776 = CARTESIAN_POINT('',(-19.76651616433,2.889380100979,
    -33.92767589232));
#5777 = CARTESIAN_POINT('',(-19.91800001814,3.061450321444,
    -33.86888272461));
#5778 = CARTESIAN_POINT('',(-20.06948387194,3.233520541908,
    -33.81008955691));
#5779 = CARTESIAN_POINT('',(-19.73216196605,2.742604729334,
    -34.63635453025));
#5780 = CARTESIAN_POINT('',(-19.8975779832,2.916009966084,
    -34.60136612578));
#5781 = CARTESIAN_POINT('',(-20.06299400034,3.089415202834,
    -34.56637772131));
#5782 = CARTESIAN_POINT('',(-20.22841001749,3.262820439585,
    -34.53138931683));
#5783 = CARTESIAN_POINT('',(-19.7924228805,2.716821804606,
    -34.96975419159));
#5784 = CARTESIAN_POINT('',(-19.9649108506,2.889194903099,
    -34.94696460366));
#5785 = CARTESIAN_POINT('',(-20.13739882069,3.061568001592,
    -34.92417501574));
#5786 = CARTESIAN_POINT('',(-20.30988679078,3.233941100085,
    -34.90138542781));
#5787 = CARTESIAN_POINT('',(-19.79621282798,2.715046467606,
    -34.99071870224));
#5788 = CARTESIAN_POINT('',(-19.96914518527,2.887347840422,
    -34.96869610674));
#5789 = CARTESIAN_POINT('',(-20.14207754255,3.059649213238,
    -34.94667351124));
#5790 = CARTESIAN_POINT('',(-20.31500989984,3.231950586055,
    -34.92465091575));
#5791 = DEFINITIONAL_REPRESENTATION('',(#5792),#5795);
#5792 = B_SPLINE_CURVE_WITH_KNOTS('',1,(#5793,#5794),.UNSPECIFIED.,.F.,
  .F.,(2,2),(0.,1.),.PIECEWISE_BEZIER_KNOTS.);
#5793 = CARTESIAN_POINT('',(0.774678491232,0.999999999993));
#5794 = CARTESIAN_POINT('',(0.999999995872,1.000000000004));
#5795 = ( GEOMETRIC_REPRESENTATION_CONTEXT(2) 
PARAMETRIC_REPRESENTATION_CONTEXT() REPRESENTATION_CONTEXT('2D SPACE',''
  ) );
#5796 = ORIENTED_EDGE('',*,*,#5797,.T.);
#5797 = EDGE_CURVE('',#5737,#5798,#5800,.T.);
#5798 = VERTEX_POINT('',#5799);
#5799 = CARTESIAN_POINT('',(-20.4666579429,3.007767181067,
    -36.16637598312));
#5800 = SURFACE_CURVE('',#5801,(#5806,#5817),.PCURVE_S1.);
#5801 = CIRCLE('',#5802,30.29988974496);
#5802 = AXIS2_PLACEMENT_3D('',#5803,#5804,#5805);
#5803 = CARTESIAN_POINT('',(-19.75816179721,-27.09989029394,
    -32.8331635898));
#5804 = DIRECTION('',(-0.978147600734,3.469446951954E-18,0.207911690818)
  );
#5805 = DIRECTION('',(-1.429001408243E-02,0.997635216931,
    -6.722923051706E-02));
#5806 = PCURVE('',#3539,#5807);
#5807 = DEFINITIONAL_REPRESENTATION('',(#5808),#5816);
#5808 = ( BOUNDED_CURVE() B_SPLINE_CURVE(2,(#5809,#5810,#5811,#5812,
#5813,#5814,#5815),.UNSPECIFIED.,.T.,.F.) B_SPLINE_CURVE_WITH_KNOTS((1,2
    ,2,2,2,1),(-2.094395102393,0.,2.094395102393,4.188790204786,
6.28318530718,8.377580409573),.UNSPECIFIED.) CURVE() 
GEOMETRIC_REPRESENTATION_ITEM() RATIONAL_B_SPLINE_CURVE((1.,0.5,1.,0.5,
1.,0.5,1.)) REPRESENTATION_ITEM('') );
#5809 = CARTESIAN_POINT('',(-3.128346784768,38.306179935644));
#5810 = CARTESIAN_POINT('',(0.47873028821,90.663022379205));
#5811 = CARTESIAN_POINT('',(44.017547369783,61.360780778817));
#5812 = CARTESIAN_POINT('',(87.556364451357,32.05853917843));
#5813 = CARTESIAN_POINT('',(40.410470296805,9.003938335257));
#5814 = CARTESIAN_POINT('',(-6.735423857746,-14.05066250791));
#5815 = CARTESIAN_POINT('',(-3.128346784768,38.306179935644));
#5816 = ( GEOMETRIC_REPRESENTATION_CONTEXT(2) 
PARAMETRIC_REPRESENTATION_CONTEXT() REPRESENTATION_CONTEXT('2D SPACE',''
  ) );
#5817 = PCURVE('',#5818,#5823);
#5818 = CONICAL_SURFACE('',#5819,30.14988970669,0.785398227355);
#5819 = AXIS2_PLACEMENT_3D('',#5820,#5821,#5822);
#5820 = CARTESIAN_POINT('',(-19.61143963844,-27.09989029394,
    -32.86435034739));
#5821 = DIRECTION('',(-0.978147600734,0.,0.207911690818));
#5822 = DIRECTION('',(0.,-1.,0.));
#5823 = DEFINITIONAL_REPRESENTATION('',(#5824),#5828);
#5824 = LINE('',#5825,#5826);
#5825 = CARTESIAN_POINT('',(3.210378054512,0.15000001908));
#5826 = VECTOR('',#5827,1.);
#5827 = DIRECTION('',(1.,-6.068643163147E-13));
#5828 = ( GEOMETRIC_REPRESENTATION_CONTEXT(2) 
PARAMETRIC_REPRESENTATION_CONTEXT() REPRESENTATION_CONTEXT('2D SPACE',''
  ) );
#5829 = ORIENTED_EDGE('',*,*,#5830,.F.);
#5830 = EDGE_CURVE('',#5632,#5798,#5831,.T.);
#5831 = SURFACE_CURVE('',#5832,(#5836,#5843),.PCURVE_S1.);
#5832 = LINE('',#5833,#5834);
#5833 = CARTESIAN_POINT('',(-20.55346004937,5.375497744937,
    -36.57474769293));
#5834 = VECTOR('',#5835,1.);
#5835 = DIRECTION('',(3.61035108895E-02,-0.984807738828,0.169853625356)
  );
#5836 = PCURVE('',#3539,#5837);
#5837 = DEFINITIONAL_REPRESENTATION('',(#5838),#5842);
#5838 = LINE('',#5839,#5840);
#5839 = CARTESIAN_POINT('',(-5.375497744937,40.048806334304));
#5840 = VECTOR('',#5841,1.);
#5841 = DIRECTION('',(0.984807738828,-0.173648258111));
#5842 = ( GEOMETRIC_REPRESENTATION_CONTEXT(2) 
PARAMETRIC_REPRESENTATION_CONTEXT() REPRESENTATION_CONTEXT('2D SPACE',''
  ) );
#5843 = PCURVE('',#5844,#5855);
#5844 = SURFACE_OF_LINEAR_EXTRUSION('',#5845,#5853);
#5845 = B_SPLINE_CURVE_WITH_KNOTS('',3,(#5846,#5847,#5848,#5849,#5850,
    #5851,#5852),.UNSPECIFIED.,.F.,.F.,(4,1,1,1,4),(0.,0.25,0.5,0.75,1.)
  ,.QUASI_UNIFORM_KNOTS.);
#5846 = CARTESIAN_POINT('',(-19.54825935369,-21.25912532775,
    -31.84746728331));
#5847 = CARTESIAN_POINT('',(-19.61435696619,-21.31298630641,
    -32.14570276685));
#5848 = CARTESIAN_POINT('',(-19.73137844635,-21.42256557152,
    -32.75616764944));
#5849 = CARTESIAN_POINT('',(-20.29056654397,-21.56131945237,
    -33.4418010022));
#5850 = CARTESIAN_POINT('',(-21.15496277442,-21.63154578064,
    -33.66523887274));
#5851 = CARTESIAN_POINT('',(-21.76966391672,-21.6293823838,
    -33.52203677634));
#5852 = CARTESIAN_POINT('',(-22.07360080105,-21.62984195715,
    -33.46009759507));
#5853 = VECTOR('',#5854,1.);
#5854 = DIRECTION('',(-3.610348622615E-02,0.984807753012,-0.169853548357
    ));
#5855 = DEFINITIONAL_REPRESENTATION('',(#5856),#5860);
#5856 = LINE('',#5857,#5858);
#5857 = CARTESIAN_POINT('',(3.606775831839E-02,27.069219901663));
#5858 = VECTOR('',#5859,1.);
#5859 = DIRECTION('',(-2.189248540689E-08,-1.));
#5860 = ( GEOMETRIC_REPRESENTATION_CONTEXT(2) 
PARAMETRIC_REPRESENTATION_CONTEXT() REPRESENTATION_CONTEXT('2D SPACE',''
  ) );
#5861 = ADVANCED_FACE('',(#5862),#4004,.T.);
#5862 = FACE_BOUND('',#5863,.T.);
#5863 = EDGE_LOOP('',(#5864,#5865,#6079,#6080));
#5864 = ORIENTED_EDGE('',*,*,#4275,.F.);
#5865 = ORIENTED_EDGE('',*,*,#5866,.T.);
#5866 = EDGE_CURVE('',#4276,#5469,#5867,.T.);
#5867 = SURFACE_CURVE('',#5868,(#5889,#5984),.PCURVE_S1.);
#5868 = B_SPLINE_CURVE_WITH_KNOTS('',3,(#5869,#5870,#5871,#5872,#5873,
    #5874,#5875,#5876,#5877,#5878,#5879,#5880,#5881,#5882,#5883,#5884,
    #5885,#5886,#5887,#5888),.UNSPECIFIED.,.F.,.F.,(4,1,1,1,1,1,1,1,1,1,
    1,1,1,1,1,1,1,4),(0.,5.882352941176E-02,0.117647058824,
    0.176470588235,0.235294117647,0.294117647059,0.352941176471,
    0.411764705882,0.470588235294,0.529411764706,0.588235294118,
    0.647058823529,0.705882352941,0.764705882353,0.823529411765,
    0.882352941176,0.941176470588,1.),.UNSPECIFIED.);
#5869 = CARTESIAN_POINT('',(-19.03936615795,1.684476872513,
    -31.82537861592));
#5870 = CARTESIAN_POINT('',(-18.64169489066,1.682501155081,
    -32.07800503101));
#5871 = CARTESIAN_POINT('',(-17.83429195097,1.675566671055,
    -32.56809453998));
#5872 = CARTESIAN_POINT('',(-16.5891612264,1.659312600217,-33.2562504652
    ));
#5873 = CARTESIAN_POINT('',(-15.32092988995,1.639948725778,
    -33.89085235933));
#5874 = CARTESIAN_POINT('',(-14.02662356931,1.619864456485,
    -34.47285710793));
#5875 = CARTESIAN_POINT('',(-12.69504292329,1.600723256178,
    -35.00669926587));
#5876 = CARTESIAN_POINT('',(-11.32417316543,1.584385150862,
    -35.49062771567));
#5877 = CARTESIAN_POINT('',(-9.922214205973,1.572565474559,
    -35.91896226114));
#5878 = CARTESIAN_POINT('',(-8.502672545639,1.566335274951,
    -36.28658981531));
#5879 = CARTESIAN_POINT('',(-7.079521060081,1.566197533551,
    -36.59053023707));
#5880 = CARTESIAN_POINT('',(-5.664298967651,1.571914017086,
    -36.8307096615));
#5881 = CARTESIAN_POINT('',(-4.263811586688,1.582780804801,
    -37.00925483461));
#5882 = CARTESIAN_POINT('',(-2.872808764636,1.597891549046,
    -37.12886883569));
#5883 = CARTESIAN_POINT('',(-1.481598229193,1.616048742849,
    -37.1915544992));
#5884 = CARTESIAN_POINT('',(-9.094949631173E-02,1.635680101439,
    -37.19814944239));
#5885 = CARTESIAN_POINT('',(1.320537623276,1.65526779935,-37.14769173227
    ));
#5886 = CARTESIAN_POINT('',(2.817233978837,1.67345126876,-37.03225805755
    ));
#5887 = CARTESIAN_POINT('',(3.918290293845,1.682333245008,
    -36.89719282046));
#5888 = CARTESIAN_POINT('',(4.489159405158,1.684643387038,
    -36.81193043695));
#5889 = PCURVE('',#4004,#5890);
#5890 = DEFINITIONAL_REPRESENTATION('',(#5891),#5983);
#5891 = B_SPLINE_CURVE_WITH_KNOTS('',3,(#5892,#5893,#5894,#5895,#5896,
    #5897,#5898,#5899,#5900,#5901,#5902,#5903,#5904,#5905,#5906,#5907,
    #5908,#5909,#5910,#5911,#5912,#5913,#5914,#5915,#5916,#5917,#5918,
    #5919,#5920,#5921,#5922,#5923,#5924,#5925,#5926,#5927,#5928,#5929,
    #5930,#5931,#5932,#5933,#5934,#5935,#5936,#5937,#5938,#5939,#5940,
    #5941,#5942,#5943,#5944,#5945,#5946,#5947,#5948,#5949,#5950,#5951,
    #5952,#5953,#5954,#5955,#5956,#5957,#5958,#5959,#5960,#5961,#5962,
    #5963,#5964,#5965,#5966,#5967,#5968,#5969,#5970,#5971,#5972,#5973,
    #5974,#5975,#5976,#5977,#5978,#5979,#5980,#5981,#5982),
  .UNSPECIFIED.,.F.,.F.,(4,1,1,1,1,1,1,1,1,1,1,1,1,1,1,1,1,1,1,1,1,1,1,1
    ,1,1,1,1,1,1,1,1,1,1,1,1,1,1,1,1,1,1,1,1,1,1,1,1,1,1,1,1,1,1,1,1,1,1
    ,1,1,1,1,1,1,1,1,1,1,1,1,1,1,1,1,1,1,1,1,1,1,1,1,1,1,1,1,1,1,4),(0.,
    1.136363636364E-02,2.272727272727E-02,3.409090909091E-02,
    4.545454545455E-02,5.681818181818E-02,6.818181818182E-02,
    7.954545454545E-02,9.090909090909E-02,0.102272727273,0.113636363636,
    0.125,0.136363636364,0.147727272727,0.159090909091,0.170454545455,
    0.181818181818,0.193181818182,0.204545454545,0.215909090909,
    0.227272727273,0.238636363636,0.25,0.261363636364,0.272727272727,
    0.284090909091,0.295454545455,0.306818181818,0.318181818182,
    0.329545454545,0.340909090909,0.352272727273,0.363636363636,0.375,
    0.386363636364,0.397727272727,0.409090909091,0.420454545455,
    0.431818181818,0.443181818182,0.454545454545,0.465909090909,
    0.477272727273,0.488636363636,0.5,0.511363636364,0.522727272727,
    0.534090909091,0.545454545455,0.556818181818,0.568181818182,
    0.579545454545,0.590909090909,0.602272727273,0.613636363636,0.625,
    0.636363636364,0.647727272727,0.659090909091,0.670454545455,
    0.681818181818,0.693181818182,0.704545454545,0.715909090909,
    0.727272727273,0.738636363636,0.75,0.761363636364,0.772727272727,
    0.784090909091,0.795454545455,0.806818181818,0.818181818182,
    0.829545454545,0.840909090909,0.852272727273,0.863636363636,0.875,
    0.886363636364,0.897727272727,0.909090909091,0.920454545455,
    0.931818181818,0.943181818182,0.954545454545,0.965909090909,
    0.977272727273,0.988636363636,1.),.QUASI_UNIFORM_KNOTS.);
#5892 = CARTESIAN_POINT('',(1.642050155106E-03,0.319873482));
#5893 = CARTESIAN_POINT('',(5.302664549452E-03,0.319969499846));
#5894 = CARTESIAN_POINT('',(1.262545474522E-02,0.320161241655));
#5895 = CARTESIAN_POINT('',(2.361505791449E-02,0.320447173225));
#5896 = CARTESIAN_POINT('',(3.461080683394E-02,0.320730654205));
#5897 = CARTESIAN_POINT('',(4.56134496074E-02,0.321010809996));
#5898 = CARTESIAN_POINT('',(5.662365343899E-02,0.321286715702));
#5899 = CARTESIAN_POINT('',(6.76423841595E-02,0.321557318355));
#5900 = CARTESIAN_POINT('',(7.866785164783E-02,0.321821933061));
#5901 = CARTESIAN_POINT('',(8.96977547488E-02,0.322080213178));
#5902 = CARTESIAN_POINT('',(0.100729884357,0.322332045216));
#5903 = CARTESIAN_POINT('',(0.111762162415,0.3225775674));
#5904 = CARTESIAN_POINT('',(0.122791897183,0.322817170616));
#5905 = CARTESIAN_POINT('',(0.133819963213,0.323051443364));
#5906 = CARTESIAN_POINT('',(0.144849099497,0.323280731086));
#5907 = CARTESIAN_POINT('',(0.155881581857,0.323505101958));
#5908 = CARTESIAN_POINT('',(0.166919897803,0.323724394683));
#5909 = CARTESIAN_POINT('',(0.17796617514,0.323938079422));
#5910 = CARTESIAN_POINT('',(0.189023377108,0.324146397326));
#5911 = CARTESIAN_POINT('',(0.200096152312,0.324349773174));
#5912 = CARTESIAN_POINT('',(0.211188845512,0.324548038242));
#5913 = CARTESIAN_POINT('',(0.222305844567,0.324740652011));
#5914 = CARTESIAN_POINT('',(0.233451785955,0.32492647011));
#5915 = CARTESIAN_POINT('',(0.244630294681,0.325104522635));
#5916 = CARTESIAN_POINT('',(0.255842351445,0.32527525385));
#5917 = CARTESIAN_POINT('',(0.267089383892,0.325438765691));
#5918 = CARTESIAN_POINT('',(0.278372706785,0.325595114064));
#5919 = CARTESIAN_POINT('',(0.289693783247,0.325744224614));
#5920 = CARTESIAN_POINT('',(0.301053732411,0.3258859251));
#5921 = CARTESIAN_POINT('',(0.312450583103,0.32602040724));
#5922 = CARTESIAN_POINT('',(0.323882603669,0.326148052244));
#5923 = CARTESIAN_POINT('',(0.335348076521,0.326269524179));
#5924 = CARTESIAN_POINT('',(0.346845068277,0.326385400228));
#5925 = CARTESIAN_POINT('',(0.358370470875,0.326495164768));
#5926 = CARTESIAN_POINT('',(0.369919868597,0.326597365362));
#5927 = CARTESIAN_POINT('',(0.381488706843,0.326690896122));
#5928 = CARTESIAN_POINT('',(0.393072440194,0.326775157233));
#5929 = CARTESIAN_POINT('',(0.404666503007,0.326849954451));
#5930 = CARTESIAN_POINT('',(0.416266322612,0.326915746995));
#5931 = CARTESIAN_POINT('',(0.427867355403,0.326972052919));
#5932 = CARTESIAN_POINT('',(0.439465056712,0.327018448904));
#5933 = CARTESIAN_POINT('',(0.451054866159,0.327055080103));
#5934 = CARTESIAN_POINT('',(0.462632258149,0.327082461197));
#5935 = CARTESIAN_POINT('',(0.47419259833,0.327101764711));
#5936 = CARTESIAN_POINT('',(0.485731893302,0.327113532646));
#5937 = CARTESIAN_POINT('',(0.497246626858,0.327117878699));
#5938 = CARTESIAN_POINT('',(0.508733031764,0.327115610163));
#5939 = CARTESIAN_POINT('',(0.520188499489,0.327106503623));
#5940 = CARTESIAN_POINT('',(0.531610551525,0.327090304331));
#5941 = CARTESIAN_POINT('',(0.542997345494,0.327066702115));
#5942 = CARTESIAN_POINT('',(0.5543481065,0.327034915921));
#5943 = CARTESIAN_POINT('',(0.565661813853,0.32699436484));
#5944 = CARTESIAN_POINT('',(0.57693754311,0.326944561216));
#5945 = CARTESIAN_POINT('',(0.588174110514,0.326885035404));
#5946 = CARTESIAN_POINT('',(0.599371202919,0.326815772698));
#5947 = CARTESIAN_POINT('',(0.610531651184,0.326737829618));
#5948 = CARTESIAN_POINT('',(0.621657848719,0.326651842059));
#5949 = CARTESIAN_POINT('',(0.632752291842,0.326558263696));
#5950 = CARTESIAN_POINT('',(0.643817413049,0.326457279177));
#5951 = CARTESIAN_POINT('',(0.654855700839,0.326348925446));
#5952 = CARTESIAN_POINT('',(0.665870893962,0.326234312335));
#5953 = CARTESIAN_POINT('',(0.676866661517,0.326114146317));
#5954 = CARTESIAN_POINT('',(0.687846696907,0.325988497818));
#5955 = CARTESIAN_POINT('',(0.698814619472,0.325857076586));
#5956 = CARTESIAN_POINT('',(0.709774276002,0.32571916772));
#5957 = CARTESIAN_POINT('',(0.720726499922,0.325574503895));
#5958 = CARTESIAN_POINT('',(0.7316717906,0.32542286827));
#5959 = CARTESIAN_POINT('',(0.742610672126,0.32526394405));
#5960 = CARTESIAN_POINT('',(0.753543865169,0.325097442221));
#5961 = CARTESIAN_POINT('',(0.764471243921,0.324922739763));
#5962 = CARTESIAN_POINT('',(0.775398114125,0.324740983906));
#5963 = CARTESIAN_POINT('',(0.786331936662,0.324553374418));
#5964 = CARTESIAN_POINT('',(0.797279535065,0.324360146365));
#5965 = CARTESIAN_POINT('',(0.808248317486,0.324161057119));
#5966 = CARTESIAN_POINT('',(0.819243996264,0.323954326576));
#5967 = CARTESIAN_POINT('',(0.830280337632,0.323741196139));
#5968 = CARTESIAN_POINT('',(0.841378210802,0.323524367536));
#5969 = CARTESIAN_POINT('',(0.852557048853,0.323303343314));
#5970 = CARTESIAN_POINT('',(0.863836807183,0.323075905766));
#5971 = CARTESIAN_POINT('',(0.875237176328,0.322835978183));
#5972 = CARTESIAN_POINT('',(0.886778605801,0.322581181816));
#5973 = CARTESIAN_POINT('',(0.898482981506,0.32231824919));
#5974 = CARTESIAN_POINT('',(0.910372189796,0.322048910924));
#5975 = CARTESIAN_POINT('',(0.922467930118,0.321772506813));
#5976 = CARTESIAN_POINT('',(0.934793394,0.321484522312));
#5977 = CARTESIAN_POINT('',(0.947366528027,0.321178753031));
#5978 = CARTESIAN_POINT('',(0.960177295648,0.320858126592));
#5979 = CARTESIAN_POINT('',(0.973218887485,0.320524879319));
#5980 = CARTESIAN_POINT('',(0.986483832862,0.320181669453));
#5981 = CARTESIAN_POINT('',(0.995471367103,0.319948152555));
#5982 = CARTESIAN_POINT('',(1.000000004766,0.319830688003));
#5983 = ( GEOMETRIC_REPRESENTATION_CONTEXT(2) 
PARAMETRIC_REPRESENTATION_CONTEXT() REPRESENTATION_CONTEXT('2D SPACE',''
  ) );
#5984 = PCURVE('',#4394,#5985);
#5985 = DEFINITIONAL_REPRESENTATION('',(#5986),#6078);
#5986 = B_SPLINE_CURVE_WITH_KNOTS('',3,(#5987,#5988,#5989,#5990,#5991,
    #5992,#5993,#5994,#5995,#5996,#5997,#5998,#5999,#6000,#6001,#6002,
    #6003,#6004,#6005,#6006,#6007,#6008,#6009,#6010,#6011,#6012,#6013,
    #6014,#6015,#6016,#6017,#6018,#6019,#6020,#6021,#6022,#6023,#6024,
    #6025,#6026,#6027,#6028,#6029,#6030,#6031,#6032,#6033,#6034,#6035,
    #6036,#6037,#6038,#6039,#6040,#6041,#6042,#6043,#6044,#6045,#6046,
    #6047,#6048,#6049,#6050,#6051,#6052,#6053,#6054,#6055,#6056,#6057,
    #6058,#6059,#6060,#6061,#6062,#6063,#6064,#6065,#6066,#6067,#6068,
    #6069,#6070,#6071,#6072,#6073,#6074,#6075,#6076,#6077),
  .UNSPECIFIED.,.F.,.F.,(4,1,1,1,1,1,1,1,1,1,1,1,1,1,1,1,1,1,1,1,1,1,1,1
    ,1,1,1,1,1,1,1,1,1,1,1,1,1,1,1,1,1,1,1,1,1,1,1,1,1,1,1,1,1,1,1,1,1,1
    ,1,1,1,1,1,1,1,1,1,1,1,1,1,1,1,1,1,1,1,1,1,1,1,1,1,1,1,1,1,1,4),(0.,
    1.136363636364E-02,2.272727272727E-02,3.409090909091E-02,
    4.545454545455E-02,5.681818181818E-02,6.818181818182E-02,
    7.954545454545E-02,9.090909090909E-02,0.102272727273,0.113636363636,
    0.125,0.136363636364,0.147727272727,0.159090909091,0.170454545455,
    0.181818181818,0.193181818182,0.204545454545,0.215909090909,
    0.227272727273,0.238636363636,0.25,0.261363636364,0.272727272727,
    0.284090909091,0.295454545455,0.306818181818,0.318181818182,
    0.329545454545,0.340909090909,0.352272727273,0.363636363636,0.375,
    0.386363636364,0.397727272727,0.409090909091,0.420454545455,
    0.431818181818,0.443181818182,0.454545454545,0.465909090909,
    0.477272727273,0.488636363636,0.5,0.511363636364,0.522727272727,
    0.534090909091,0.545454545455,0.556818181818,0.568181818182,
    0.579545454545,0.590909090909,0.602272727273,0.613636363636,0.625,
    0.636363636364,0.647727272727,0.659090909091,0.670454545455,
    0.681818181818,0.693181818182,0.704545454545,0.715909090909,
    0.727272727273,0.738636363636,0.75,0.761363636364,0.772727272727,
    0.784090909091,0.795454545455,0.806818181818,0.818181818182,
    0.829545454545,0.840909090909,0.852272727273,0.863636363636,0.875,
    0.886363636364,0.897727272727,0.909090909091,0.920454545455,
    0.931818181818,0.943181818182,0.954545454545,0.965909090909,
    0.977272727273,0.988636363636,1.),.QUASI_UNIFORM_KNOTS.);
#5987 = CARTESIAN_POINT('',(0.963648667543,0.295055958239));
#5988 = CARTESIAN_POINT('',(0.963648541018,0.295915976751));
#5989 = CARTESIAN_POINT('',(0.963648283014,0.29763676815));
#5990 = CARTESIAN_POINT('',(0.963648026122,0.300220259544));
#5991 = CARTESIAN_POINT('',(0.963648268444,0.302806097301));
#5992 = CARTESIAN_POINT('',(0.963648594647,0.305394320337));
#5993 = CARTESIAN_POINT('',(0.963648831333,0.307984952097));
#5994 = CARTESIAN_POINT('',(0.963648615512,0.310578087607));
#5995 = CARTESIAN_POINT('',(0.963648500289,0.313173172152));
#5996 = CARTESIAN_POINT('',(0.963648975484,0.315769542223));
#5997 = CARTESIAN_POINT('',(0.963649163899,0.318366583666));
#5998 = CARTESIAN_POINT('',(0.963648886233,0.320963707625));
#5999 = CARTESIAN_POINT('',(0.963648343747,0.323560184005));
#6000 = CARTESIAN_POINT('',(0.963648006789,0.326156112756));
#6001 = CARTESIAN_POINT('',(0.963647984227,0.328752065762));
#6002 = CARTESIAN_POINT('',(0.963648179002,0.331348269847));
#6003 = CARTESIAN_POINT('',(0.963648436602,0.3339449261));
#6004 = CARTESIAN_POINT('',(0.963648308173,0.336542171223));
#6005 = CARTESIAN_POINT('',(0.963647967027,0.339140486369));
#6006 = CARTESIAN_POINT('',(0.963647920447,0.34174072902));
#6007 = CARTESIAN_POINT('',(0.963648104339,0.344343733061));
#6008 = CARTESIAN_POINT('',(0.963648570841,0.346950567614));
#6009 = CARTESIAN_POINT('',(0.963648374233,0.349562329324));
#6010 = CARTESIAN_POINT('',(0.963646884734,0.352179882926));
#6011 = CARTESIAN_POINT('',(0.963645575443,0.354803469197));
#6012 = CARTESIAN_POINT('',(0.963645591133,0.357433439451));
#6013 = CARTESIAN_POINT('',(0.963646844955,0.360070082417));
#6014 = CARTESIAN_POINT('',(0.963648508521,0.362713702196));
#6015 = CARTESIAN_POINT('',(0.96364974872,0.365364523979));
#6016 = CARTESIAN_POINT('',(0.963650282461,0.368022046938));
#6017 = CARTESIAN_POINT('',(0.963650144001,0.370685832845));
#6018 = CARTESIAN_POINT('',(0.96364963789,0.373355418988));
#6019 = CARTESIAN_POINT('',(0.963649127641,0.37603024819));
#6020 = CARTESIAN_POINT('',(0.963649445441,0.37870978793));
#6021 = CARTESIAN_POINT('',(0.963649683783,0.381393173364));
#6022 = CARTESIAN_POINT('',(0.963649378856,0.384079524523));
#6023 = CARTESIAN_POINT('',(0.963648743609,0.386767954307));
#6024 = CARTESIAN_POINT('',(0.963648131965,0.389457634609));
#6025 = CARTESIAN_POINT('',(0.963648468237,0.39214777862));
#6026 = CARTESIAN_POINT('',(0.963649127439,0.394837599253));
#6027 = CARTESIAN_POINT('',(0.96364936828,0.397526312224));
#6028 = CARTESIAN_POINT('',(0.96364912413,0.400213129671));
#6029 = CARTESIAN_POINT('',(0.963648681908,0.402897266609));
#6030 = CARTESIAN_POINT('',(0.963648921727,0.405577823412));
#6031 = CARTESIAN_POINT('',(0.963649651157,0.40825405282));
#6032 = CARTESIAN_POINT('',(0.963649991867,0.410925304302));
#6033 = CARTESIAN_POINT('',(0.963649734492,0.41359090329));
#6034 = CARTESIAN_POINT('',(0.963648986149,0.416250176075));
#6035 = CARTESIAN_POINT('',(0.96364836415,0.418902474684));
#6036 = CARTESIAN_POINT('',(0.963648205306,0.421547381102));
#6037 = CARTESIAN_POINT('',(0.963648167843,0.424184707562));
#6038 = CARTESIAN_POINT('',(0.963648181831,0.426814215042));
#6039 = CARTESIAN_POINT('',(0.96364829235,0.429435686512));
#6040 = CARTESIAN_POINT('',(0.963648581416,0.432048845367));
#6041 = CARTESIAN_POINT('',(0.963648239064,0.434653641976));
#6042 = CARTESIAN_POINT('',(0.9636480568,0.437250757474));
#6043 = CARTESIAN_POINT('',(0.963648209792,0.439840772766));
#6044 = CARTESIAN_POINT('',(0.963648604358,0.442424286485));
#6045 = CARTESIAN_POINT('',(0.963648749225,0.445001905674));
#6046 = CARTESIAN_POINT('',(0.963647936549,0.447574147616));
#6047 = CARTESIAN_POINT('',(0.96364719518,0.450141686215));
#6048 = CARTESIAN_POINT('',(0.963647049824,0.452705210541));
#6049 = CARTESIAN_POINT('',(0.963647633501,0.455265408843));
#6050 = CARTESIAN_POINT('',(0.963648687514,0.457822959049));
#6051 = CARTESIAN_POINT('',(0.963649440615,0.460378577978));
#6052 = CARTESIAN_POINT('',(0.963649886461,0.462932488928));
#6053 = CARTESIAN_POINT('',(0.963650060727,0.465484857873));
#6054 = CARTESIAN_POINT('',(0.963649835581,0.468035852042));
#6055 = CARTESIAN_POINT('',(0.963649074907,0.47058568445));
#6056 = CARTESIAN_POINT('',(0.963647218563,0.473134377809));
#6057 = CARTESIAN_POINT('',(0.963645960819,0.475683192371));
#6058 = CARTESIAN_POINT('',(0.963646216575,0.478233833849));
#6059 = CARTESIAN_POINT('',(0.963647658675,0.480787868999));
#6060 = CARTESIAN_POINT('',(0.963649252103,0.483346998511));
#6061 = CARTESIAN_POINT('',(0.963647712614,0.485912525805));
#6062 = CARTESIAN_POINT('',(0.963644387028,0.488487639475));
#6063 = CARTESIAN_POINT('',(0.963643891988,0.491077113067));
#6064 = CARTESIAN_POINT('',(0.963646606755,0.493685347084));
#6065 = CARTESIAN_POINT('',(0.96365059987,0.496316852987));
#6066 = CARTESIAN_POINT('',(0.963648427662,0.498976076199));
#6067 = CARTESIAN_POINT('',(0.96363847058,0.50166761299));
#6068 = CARTESIAN_POINT('',(0.963632365867,0.504396429611));
#6069 = CARTESIAN_POINT('',(0.963633349802,0.507167627453));
#6070 = CARTESIAN_POINT('',(0.963641344763,0.509986238236));
#6071 = CARTESIAN_POINT('',(0.963650719982,0.512857642984));
#6072 = CARTESIAN_POINT('',(0.963653217872,0.515785992606));
#6073 = CARTESIAN_POINT('',(0.963653221069,0.51876892129));
#6074 = CARTESIAN_POINT('',(0.963651949112,0.521804781015));
#6075 = CARTESIAN_POINT('',(0.963650282417,0.524891753687));
#6076 = CARTESIAN_POINT('',(0.963649579895,0.526982667744));
#6077 = CARTESIAN_POINT('',(0.963649492668,0.528036067154));
#6078 = ( GEOMETRIC_REPRESENTATION_CONTEXT(2) 
PARAMETRIC_REPRESENTATION_CONTEXT() REPRESENTATION_CONTEXT('2D SPACE',''
  ) );
#6079 = ORIENTED_EDGE('',*,*,#5468,.T.);
#6080 = ORIENTED_EDGE('',*,*,#3908,.T.);
#6081 = ADVANCED_FACE('',(#6082),#4547,.T.);
#6082 = FACE_BOUND('',#6083,.T.);
#6083 = EDGE_LOOP('',(#6084,#6108,#6109,#6110));
#6084 = ORIENTED_EDGE('',*,*,#6085,.T.);
#6085 = EDGE_CURVE('',#6086,#4341,#6088,.T.);
#6086 = VERTEX_POINT('',#6087);
#6087 = CARTESIAN_POINT('',(-19.30939879206,1.815929288502,
    -31.81466276415));
#6088 = SURFACE_CURVE('',#6089,(#6096,#6102),.PCURVE_S1.);
#6089 = B_SPLINE_CURVE_WITH_KNOTS('',3,(#6090,#6091,#6092,#6093,#6094,
    #6095),.UNSPECIFIED.,.F.,.F.,(4,1,1,4),(0.,0.333333333333,
    0.666666666667,1.),.UNSPECIFIED.);
#6090 = CARTESIAN_POINT('',(-19.30939879206,1.815929288502,
    -31.81466276415));
#6091 = CARTESIAN_POINT('',(-19.29035238553,1.809737939661,
    -31.81897934734));
#6092 = CARTESIAN_POINT('',(-19.2523878864,1.796669603591,
    -31.82670128367));
#6093 = CARTESIAN_POINT('',(-19.19599193886,1.77411443115,
    -31.83440901491));
#6094 = CARTESIAN_POINT('',(-19.15861561759,1.755736291273,
    -31.83545863063));
#6095 = CARTESIAN_POINT('',(-19.14053296264,1.745050286596,
    -31.83386204592));
#6096 = PCURVE('',#4547,#6097);
#6097 = DEFINITIONAL_REPRESENTATION('',(#6098),#6101);
#6098 = B_SPLINE_CURVE_WITH_KNOTS('',1,(#6099,#6100),.UNSPECIFIED.,.F.,
  .F.,(2,2),(0.,1.),.PIECEWISE_BEZIER_KNOTS.);
#6099 = CARTESIAN_POINT('',(0.999149648735,0.285281840404));
#6100 = CARTESIAN_POINT('',(0.999819505069,0.303934135093));
#6101 = ( GEOMETRIC_REPRESENTATION_CONTEXT(2) 
PARAMETRIC_REPRESENTATION_CONTEXT() REPRESENTATION_CONTEXT('2D SPACE',''
  ) );
#6102 = PCURVE('',#4394,#6103);
#6103 = DEFINITIONAL_REPRESENTATION('',(#6104),#6107);
#6104 = B_SPLINE_CURVE_WITH_KNOTS('',1,(#6105,#6106),.UNSPECIFIED.,.F.,
  .F.,(2,2),(0.,1.),.PIECEWISE_BEZIER_KNOTS.);
#6105 = CARTESIAN_POINT('',(0.913039884995,0.292813575649));
#6106 = CARTESIAN_POINT('',(0.940525902162,0.294273544339));
#6107 = ( GEOMETRIC_REPRESENTATION_CONTEXT(2) 
PARAMETRIC_REPRESENTATION_CONTEXT() REPRESENTATION_CONTEXT('2D SPACE',''
  ) );
#6108 = ORIENTED_EDGE('',*,*,#4501,.T.);
#6109 = ORIENTED_EDGE('',*,*,#5685,.F.);
#6110 = ORIENTED_EDGE('',*,*,#6111,.T.);
#6111 = EDGE_CURVE('',#5686,#6086,#6112,.T.);
#6112 = SURFACE_CURVE('',#6113,(#6119,#6148),.PCURVE_S1.);
#6113 = B_SPLINE_CURVE_WITH_KNOTS('',3,(#6114,#6115,#6116,#6117,#6118),
  .UNSPECIFIED.,.F.,.F.,(4,1,4),(0.,0.5,1.),.QUASI_UNIFORM_KNOTS.);
#6114 = CARTESIAN_POINT('',(-19.71185112683,2.709237982062,
    -32.61528901556));
#6115 = CARTESIAN_POINT('',(-19.61063102967,2.548327206766,
    -32.48844748432));
#6116 = CARTESIAN_POINT('',(-19.44672802624,2.242618853576,
    -32.23028934887));
#6117 = CARTESIAN_POINT('',(-19.34627614058,1.957278725733,
    -31.95762545221));
#6118 = CARTESIAN_POINT('',(-19.30939879206,1.815929288502,
    -31.81466276415));
#6119 = PCURVE('',#4547,#6120);
#6120 = DEFINITIONAL_REPRESENTATION('',(#6121),#6147);
#6121 = B_SPLINE_CURVE_WITH_KNOTS('',3,(#6122,#6123,#6124,#6125,#6126,
    #6127,#6128,#6129,#6130,#6131,#6132,#6133,#6134,#6135,#6136,#6137,
    #6138,#6139,#6140,#6141,#6142,#6143,#6144,#6145,#6146),
  .UNSPECIFIED.,.F.,.F.,(4,1,1,1,1,1,1,1,1,1,1,1,1,1,1,1,1,1,1,1,1,1,4),
  (0.,4.545454545455E-02,9.090909090909E-02,0.136363636364,
    0.181818181818,0.227272727273,0.272727272727,0.318181818182,
    0.363636363636,0.409090909091,0.454545454545,0.5,0.545454545455,
    0.590909090909,0.636363636364,0.681818181818,0.727272727273,
    0.772727272727,0.818181818182,0.863636363636,0.909090909091,
    0.954545454545,1.),.QUASI_UNIFORM_KNOTS.);
#6122 = CARTESIAN_POINT('',(0.999451575817,5.020053103656E-02));
#6123 = CARTESIAN_POINT('',(0.999459660589,5.405007043852E-02));
#6124 = CARTESIAN_POINT('',(0.999474614419,6.171408214676E-02));
#6125 = CARTESIAN_POINT('',(0.999493427202,7.310844485107E-02));
#6126 = CARTESIAN_POINT('',(0.999508651062,8.440470225608E-02));
#6127 = CARTESIAN_POINT('',(0.99952031554,9.560639296639E-02));
#6128 = CARTESIAN_POINT('',(0.999528450484,0.106717048715));
#6129 = CARTESIAN_POINT('',(0.999533086084,0.117740193577));
#6130 = CARTESIAN_POINT('',(0.999534252849,0.128679344487));
#6131 = CARTESIAN_POINT('',(0.999531981596,0.139538011407));
#6132 = CARTESIAN_POINT('',(0.999526303436,0.150319697583));
#6133 = CARTESIAN_POINT('',(0.999517249761,0.161027899783));
#6134 = CARTESIAN_POINT('',(0.99950485223,0.171666108527));
#6135 = CARTESIAN_POINT('',(0.99948914277,0.182237808351));
#6136 = CARTESIAN_POINT('',(0.999470122623,0.192747503242));
#6137 = CARTESIAN_POINT('',(0.999447793115,0.203199691111));
#6138 = CARTESIAN_POINT('',(0.999422155652,0.213598863848));
#6139 = CARTESIAN_POINT('',(0.9993932117,0.223949507365));
#6140 = CARTESIAN_POINT('',(0.999360962773,0.234256101634));
#6141 = CARTESIAN_POINT('',(0.999325410419,0.244523120718));
#6142 = CARTESIAN_POINT('',(0.999286556204,0.254755032859));
#6143 = CARTESIAN_POINT('',(0.999244401698,0.264956300323));
#6144 = CARTESIAN_POINT('',(0.999198948461,0.275131380168));
#6145 = CARTESIAN_POINT('',(0.999166448163,0.281900274438));
#6146 = CARTESIAN_POINT('',(0.999149648735,0.285281840404));
#6147 = ( GEOMETRIC_REPRESENTATION_CONTEXT(2) 
PARAMETRIC_REPRESENTATION_CONTEXT() REPRESENTATION_CONTEXT('2D SPACE',''
  ) );
#6148 = PCURVE('',#5758,#6149);
#6149 = DEFINITIONAL_REPRESENTATION('',(#6150),#6176);
#6150 = B_SPLINE_CURVE_WITH_KNOTS('',3,(#6151,#6152,#6153,#6154,#6155,
    #6156,#6157,#6158,#6159,#6160,#6161,#6162,#6163,#6164,#6165,#6166,
    #6167,#6168,#6169,#6170,#6171,#6172,#6173,#6174,#6175),
  .UNSPECIFIED.,.F.,.F.,(4,1,1,1,1,1,1,1,1,1,1,1,1,1,1,1,1,1,1,1,1,1,4),
  (0.,4.545454545455E-02,9.090909090909E-02,0.136363636364,
    0.181818181818,0.227272727273,0.272727272727,0.318181818182,
    0.363636363636,0.409090909091,0.454545454545,0.5,0.545454545455,
    0.590909090909,0.636363636364,0.681818181818,0.727272727273,
    0.772727272727,0.818181818182,0.863636363636,0.909090909091,
    0.954545454545,1.),.QUASI_UNIFORM_KNOTS.);
#6151 = CARTESIAN_POINT('',(0.774678491232,0.999999999993));
#6152 = CARTESIAN_POINT('',(0.772950051746,0.973681690576));
#6153 = CARTESIAN_POINT('',(0.769481801002,0.922091393888));
#6154 = CARTESIAN_POINT('',(0.764245631349,0.847826363206));
#6155 = CARTESIAN_POINT('',(0.758975991364,0.776662792549));
#6156 = CARTESIAN_POINT('',(0.753673199269,0.7085831354));
#6157 = CARTESIAN_POINT('',(0.748337570886,0.643570806835));
#6158 = CARTESIAN_POINT('',(0.742969419941,0.581610342659));
#6159 = CARTESIAN_POINT('',(0.737569059147,0.522687397162));
#6160 = CARTESIAN_POINT('',(0.732136801208,0.466788784565));
#6161 = CARTESIAN_POINT('',(0.72667296003,0.413902510292));
#6162 = CARTESIAN_POINT('',(0.721177851965,0.364017802068));
#6163 = CARTESIAN_POINT('',(0.715651797419,0.317125154225));
#6164 = CARTESIAN_POINT('',(0.71009512174,0.273216321065));
#6165 = CARTESIAN_POINT('',(0.704507416244,0.232294120584));
#6166 = CARTESIAN_POINT('',(0.6988882497,0.194363719526));
#6167 = CARTESIAN_POINT('',(0.693237268243,0.159431614715));
#6168 = CARTESIAN_POINT('',(0.687554466654,0.127502341799));
#6169 = CARTESIAN_POINT('',(0.681839814346,9.858258726082E-02));
#6170 = CARTESIAN_POINT('',(0.676093310219,7.268069617461E-02));
#6171 = CARTESIAN_POINT('',(0.670314972989,4.980683409953E-02));
#6172 = CARTESIAN_POINT('',(0.664504850541,2.997304714186E-02));
#6173 = CARTESIAN_POINT('',(0.658663018352,1.319306030085E-02));
#6174 = CARTESIAN_POINT('',(0.654747408218,4.053158285847E-03));
#6175 = CARTESIAN_POINT('',(0.652784357997,-2.505692201925E-06));
#6176 = ( GEOMETRIC_REPRESENTATION_CONTEXT(2) 
PARAMETRIC_REPRESENTATION_CONTEXT() REPRESENTATION_CONTEXT('2D SPACE',''
  ) );
#6177 = ADVANCED_FACE('',(#6178),#4394,.F.);
#6178 = FACE_BOUND('',#6179,.F.);
#6179 = EDGE_LOOP('',(#6180,#6228,#6404,#6450,#6451,#6452,#6453));
#6180 = ORIENTED_EDGE('',*,*,#6181,.F.);
#6181 = EDGE_CURVE('',#6182,#5490,#6184,.T.);
#6182 = VERTEX_POINT('',#6183);
#6183 = CARTESIAN_POINT('',(3.973379271698,2.829054169877,-39.9854803245
    ));
#6184 = SURFACE_CURVE('',#6185,(#6193,#6222),.PCURVE_S1.);
#6185 = B_SPLINE_CURVE_WITH_KNOTS('',3,(#6186,#6187,#6188,#6189,#6190,
    #6191,#6192),.UNSPECIFIED.,.F.,.F.,(4,1,1,1,4),(0.,0.288690690106,
    0.577381416185,0.866072142265,1.),.UNSPECIFIED.);
#6186 = CARTESIAN_POINT('',(3.973379514349,2.829054419079,-39.9854802911
    ));
#6187 = CARTESIAN_POINT('',(4.048928922908,2.851748741202,-39.664782675)
  );
#6188 = CARTESIAN_POINT('',(4.201866099275,2.824500422033,
    -39.01657372687));
#6189 = CARTESIAN_POINT('',(4.424327741438,2.564958949734,
    -38.07689895612));
#6190 = CARTESIAN_POINT('',(4.588307575143,2.190396535998,
    -37.38654574178));
#6191 = CARTESIAN_POINT('',(4.673986955871,1.909935289194,
    -37.02649116002));
#6192 = CARTESIAN_POINT('',(4.699845233364,1.815799618789,
    -36.91787392704));
#6193 = PCURVE('',#4394,#6194);
#6194 = DEFINITIONAL_REPRESENTATION('',(#6195),#6221);
#6195 = B_SPLINE_CURVE_WITH_KNOTS('',3,(#6196,#6197,#6198,#6199,#6200,
    #6201,#6202,#6203,#6204,#6205,#6206,#6207,#6208,#6209,#6210,#6211,
    #6212,#6213,#6214,#6215,#6216,#6217,#6218,#6219,#6220),
  .UNSPECIFIED.,.F.,.F.,(4,1,1,1,1,1,1,1,1,1,1,1,1,1,1,1,1,1,1,1,1,1,4),
  (0.,4.545454545455E-02,9.090909090909E-02,0.136363636364,
    0.181818181818,0.227272727273,0.272727272727,0.318181818182,
    0.363636363636,0.409090909091,0.454545454545,0.5,0.545454545455,
    0.590909090909,0.636363636364,0.681818181818,0.727272727273,
    0.772727272727,0.818181818182,0.863636363636,0.909090909091,
    0.954545454545,1.),.QUASI_UNIFORM_KNOTS.);
#6196 = CARTESIAN_POINT('',(8.409555537226E-02,0.520137719209));
#6197 = CARTESIAN_POINT('',(9.706916327893E-02,0.520289221125));
#6198 = CARTESIAN_POINT('',(0.122925245925,0.520593551722));
#6199 = CARTESIAN_POINT('',(0.16146327874,0.521053457468));
#6200 = CARTESIAN_POINT('',(0.199782761657,0.521516209342));
#6201 = CARTESIAN_POINT('',(0.237910420759,0.521981220106));
#6202 = CARTESIAN_POINT('',(0.275873111168,0.522447888293));
#6203 = CARTESIAN_POINT('',(0.313697268374,0.522915588423));
#6204 = CARTESIAN_POINT('',(0.351412265589,0.523383698229));
#6205 = CARTESIAN_POINT('',(0.389034925148,0.523851454414));
#6206 = CARTESIAN_POINT('',(0.426573902389,0.524318006795));
#6207 = CARTESIAN_POINT('',(0.4640384823,0.524782496195));
#6208 = CARTESIAN_POINT('',(0.501436879848,0.525244032816));
#6209 = CARTESIAN_POINT('',(0.538777732999,0.525701710247));
#6210 = CARTESIAN_POINT('',(0.57606856809,0.526154570405));
#6211 = CARTESIAN_POINT('',(0.613323601684,0.526601738372));
#6212 = CARTESIAN_POINT('',(0.650570597248,0.527042594881));
#6213 = CARTESIAN_POINT('',(0.687833433256,0.527476463044));
#6214 = CARTESIAN_POINT('',(0.725135510398,0.52790266269));
#6215 = CARTESIAN_POINT('',(0.7624992057,0.528320495595));
#6216 = CARTESIAN_POINT('',(0.799946547112,0.528729252439));
#6217 = CARTESIAN_POINT('',(0.837498966914,0.529128202454));
#6218 = CARTESIAN_POINT('',(0.875189124839,0.529516789253));
#6219 = CARTESIAN_POINT('',(0.900429439148,0.529768566703));
#6220 = CARTESIAN_POINT('',(0.913083415144,0.529892542471));
#6221 = ( GEOMETRIC_REPRESENTATION_CONTEXT(2) 
PARAMETRIC_REPRESENTATION_CONTEXT() REPRESENTATION_CONTEXT('2D SPACE',''
  ) );
#6222 = PCURVE('',#5353,#6223);
#6223 = DEFINITIONAL_REPRESENTATION('',(#6224),#6227);
#6224 = B_SPLINE_CURVE_WITH_KNOTS('',1,(#6225,#6226),.UNSPECIFIED.,.F.,
  .F.,(2,2),(0.,1.),.PIECEWISE_BEZIER_KNOTS.);
#6225 = CARTESIAN_POINT('',(-3.962273802516E-09,-6.138171314206E-07));
#6226 = CARTESIAN_POINT('',(0.346369086928,1.134853158796E-04));
#6227 = ( GEOMETRIC_REPRESENTATION_CONTEXT(2) 
PARAMETRIC_REPRESENTATION_CONTEXT() REPRESENTATION_CONTEXT('2D SPACE',''
  ) );
#6228 = ORIENTED_EDGE('',*,*,#6229,.F.);
#6229 = EDGE_CURVE('',#6230,#6182,#6232,.T.);
#6230 = VERTEX_POINT('',#6231);
#6231 = CARTESIAN_POINT('',(-19.89341627963,2.829056171387,
    -34.91240662328));
#6232 = SURFACE_CURVE('',#6233,(#6253,#6326),.PCURVE_S1.);
#6233 = B_SPLINE_CURVE_WITH_KNOTS('',3,(#6234,#6235,#6236,#6237,#6238,
    #6239,#6240,#6241,#6242,#6243,#6244,#6245,#6246,#6247,#6248,#6249,
    #6250,#6251,#6252),.UNSPECIFIED.,.F.,.F.,(4,1,1,1,1,1,1,1,1,1,1,1,1,
    1,1,1,4),(0.,6.25E-02,0.125,0.1875,0.25,0.3125,0.375,0.4375,0.5,
    0.5625,0.625,0.6875,0.75,0.8125,0.875,0.9375,1.),
  .QUASI_UNIFORM_KNOTS.);
#6234 = CARTESIAN_POINT('',(-19.8934161938,2.829056360903,
    -34.91240664366));
#6235 = CARTESIAN_POINT('',(-19.46366320923,2.816495085833,
    -35.19015882204));
#6236 = CARTESIAN_POINT('',(-18.59231139158,2.78946923408,
    -35.72696550089));
#6237 = CARTESIAN_POINT('',(-17.24327270603,2.746300130884,
    -36.47834041628));
#6238 = CARTESIAN_POINT('',(-15.86890420005,2.704118736996,
    -37.16518480293));
#6239 = CARTESIAN_POINT('',(-14.45721263808,2.66522402263,
    -37.79326216285));
#6240 = CARTESIAN_POINT('',(-12.9995839307,2.631718488944,
    -38.36436786258));
#6241 = CARTESIAN_POINT('',(-11.4982516486,2.605940173419,
    -38.87346762323));
#6242 = CARTESIAN_POINT('',(-9.968336666051,2.589854618452,
    -39.31296845638));
#6243 = CARTESIAN_POINT('',(-8.425691438562,2.584517942552,
    -39.67813285982));
#6244 = CARTESIAN_POINT('',(-6.885194951896,2.589995221203,
    -39.96731781652));
#6245 = CARTESIAN_POINT('',(-5.358363405341,2.605428459913,
    -40.18215301889));
#6246 = CARTESIAN_POINT('',(-3.845633898804,2.629608054284,
    -40.32582230214));
#6247 = CARTESIAN_POINT('',(-2.336234634645,2.66124950478,
    -40.40135684958));
#6248 = CARTESIAN_POINT('',(-0.827846630034,2.698637761248,
    -40.41012182486));
#6249 = CARTESIAN_POINT('',(0.68481902814,2.739828397381,-40.35252318557
    ));
#6250 = CARTESIAN_POINT('',(2.244830642981,2.783686794264,
    -40.22461599933));
#6251 = CARTESIAN_POINT('',(3.384750862523,2.814426314388,-40.0774152635
    ));
#6252 = CARTESIAN_POINT('',(3.973379514349,2.829054419079,-39.9854802911
    ));
#6253 = PCURVE('',#4394,#6254);
#6254 = DEFINITIONAL_REPRESENTATION('',(#6255),#6325);
#6255 = B_SPLINE_CURVE_WITH_KNOTS('',3,(#6256,#6257,#6258,#6259,#6260,
    #6261,#6262,#6263,#6264,#6265,#6266,#6267,#6268,#6269,#6270,#6271,
    #6272,#6273,#6274,#6275,#6276,#6277,#6278,#6279,#6280,#6281,#6282,
    #6283,#6284,#6285,#6286,#6287,#6288,#6289,#6290,#6291,#6292,#6293,
    #6294,#6295,#6296,#6297,#6298,#6299,#6300,#6301,#6302,#6303,#6304,
    #6305,#6306,#6307,#6308,#6309,#6310,#6311,#6312,#6313,#6314,#6315,
    #6316,#6317,#6318,#6319,#6320,#6321,#6322,#6323,#6324),
  .UNSPECIFIED.,.F.,.F.,(4,1,1,1,1,1,1,1,1,1,1,1,1,1,1,1,1,1,1,1,1,1,1,1
    ,1,1,1,1,1,1,1,1,1,1,1,1,1,1,1,1,1,1,1,1,1,1,1,1,1,1,1,1,1,1,1,1,1,1
    ,1,1,1,1,1,1,1,1,4),(0.,1.51515150186E-02,3.03030300372E-02,
    4.545454505579E-02,6.060606007439E-02,7.575757509299E-02,
    9.090909011159E-02,0.10606060513,0.121212120149,0.136363635167,
    0.151515150186,0.166666665205,0.181818180223,0.196969695242,
    0.21212121026,0.227272725279,0.242424240298,0.257575755316,
    0.272727270335,0.287878785353,0.303030300372,0.318181815391,
    0.333333330409,0.348484845428,0.363636360446,0.378787875465,
    0.393939390484,0.409090905502,0.424242420521,0.439393935539,
    0.454545450558,0.469696965577,0.484848480595,0.499999995614,
    0.515151510632,0.530303025651,0.54545454067,0.560606055688,
    0.575757570707,0.590909085725,0.606060600744,0.621212115763,
    0.636363630781,0.6515151458,0.666666660818,0.681818175837,
    0.696969690855,0.712121205874,0.727272720893,0.742424235911,
    0.75757575093,0.772727265948,0.787878780967,0.803030295986,
    0.818181811004,0.833333326023,0.848484841041,0.86363635606,
    0.878787871079,0.893939386097,0.909090901116,0.924242416134,
    0.939393931153,0.954545446172,0.96969696119,0.984848476209,
    0.999999991227),.QUASI_UNIFORM_KNOTS.);
#6256 = CARTESIAN_POINT('',(8.409499318147E-02,0.302568485218));
#6257 = CARTESIAN_POINT('',(8.321450213564E-02,0.30364595982));
#6258 = CARTESIAN_POINT('',(8.147002514367E-02,0.305801247297));
#6259 = CARTESIAN_POINT('',(7.890841968252E-02,0.309036293115));
#6260 = CARTESIAN_POINT('',(7.640794357656E-02,0.312274570621));
#6261 = CARTESIAN_POINT('',(7.397313005172E-02,0.315517136365));
#6262 = CARTESIAN_POINT('',(7.160136780508E-02,0.318765288289));
#6263 = CARTESIAN_POINT('',(6.929024660835E-02,0.322017141765));
#6264 = CARTESIAN_POINT('',(6.704058166833E-02,0.325270387132));
#6265 = CARTESIAN_POINT('',(6.485517064328E-02,0.328522923653));
#6266 = CARTESIAN_POINT('',(6.274243995343E-02,0.331772267943));
#6267 = CARTESIAN_POINT('',(6.070719611325E-02,0.335019695469));
#6268 = CARTESIAN_POINT('',(5.874910949703E-02,0.338267564016));
#6269 = CARTESIAN_POINT('',(5.686609026914E-02,0.34151794925));
#6270 = CARTESIAN_POINT('',(5.505239624619E-02,0.344773062212));
#6271 = CARTESIAN_POINT('',(5.33101526337E-02,0.348034432967));
#6272 = CARTESIAN_POINT('',(5.164319125288E-02,0.351303379282));
#6273 = CARTESIAN_POINT('',(5.005308886452E-02,0.354581225942));
#6274 = CARTESIAN_POINT('',(4.853939379438E-02,0.357869481632));
#6275 = CARTESIAN_POINT('',(4.710210415904E-02,0.361168750877));
#6276 = CARTESIAN_POINT('',(4.574504724164E-02,0.364478732342));
#6277 = CARTESIAN_POINT('',(4.447131156484E-02,0.367799287362));
#6278 = CARTESIAN_POINT('',(4.328497520656E-02,0.371130393833));
#6279 = CARTESIAN_POINT('',(4.218742782632E-02,0.374471374012));
#6280 = CARTESIAN_POINT('',(4.117789215274E-02,0.377820413118));
#6281 = CARTESIAN_POINT('',(4.025837454282E-02,0.381175916451));
#6282 = CARTESIAN_POINT('',(3.943362145016E-02,0.384536238956));
#6283 = CARTESIAN_POINT('',(3.870733229915E-02,0.387899773817));
#6284 = CARTESIAN_POINT('',(3.807605000464E-02,0.391264861786));
#6285 = CARTESIAN_POINT('',(3.754008984903E-02,0.394629829221));
#6286 = CARTESIAN_POINT('',(3.710195524963E-02,0.397993002687));
#6287 = CARTESIAN_POINT('',(3.676503697126E-02,0.401352729901));
#6288 = CARTESIAN_POINT('',(3.652483913507E-02,0.404707593989));
#6289 = CARTESIAN_POINT('',(3.638082948005E-02,0.408056208805));
#6290 = CARTESIAN_POINT('',(3.633384708495E-02,0.411397178958));
#6291 = CARTESIAN_POINT('',(3.638675888461E-02,0.41472910664));
#6292 = CARTESIAN_POINT('',(3.653382740106E-02,0.418051084395));
#6293 = CARTESIAN_POINT('',(3.67725818821E-02,0.421362084657));
#6294 = CARTESIAN_POINT('',(3.710196906316E-02,0.424661098187));
#6295 = CARTESIAN_POINT('',(3.752207983625E-02,0.427946996936));
#6296 = CARTESIAN_POINT('',(3.803503483545E-02,0.431220000428));
#6297 = CARTESIAN_POINT('',(3.863997063542E-02,0.434480463436));
#6298 = CARTESIAN_POINT('',(3.933358928875E-02,0.437728719747));
#6299 = CARTESIAN_POINT('',(4.011213151268E-02,0.440964940337));
#6300 = CARTESIAN_POINT('',(4.097596253165E-02,0.444190494278));
#6301 = CARTESIAN_POINT('',(4.192514015547E-02,0.44740714621));
#6302 = CARTESIAN_POINT('',(4.295979608232E-02,0.450616695938));
#6303 = CARTESIAN_POINT('',(4.40771755359E-02,0.453821094827));
#6304 = CARTESIAN_POINT('',(4.52752428779E-02,0.457021471076));
#6305 = CARTESIAN_POINT('',(4.655219533526E-02,0.460218504432));
#6306 = CARTESIAN_POINT('',(4.790713610312E-02,0.463412845295));
#6307 = CARTESIAN_POINT('',(4.933902230275E-02,0.466604996941));
#6308 = CARTESIAN_POINT('',(5.084822991563E-02,0.469795713421));
#6309 = CARTESIAN_POINT('',(5.243660615581E-02,0.472985923723));
#6310 = CARTESIAN_POINT('',(5.410404034592E-02,0.476176658309));
#6311 = CARTESIAN_POINT('',(5.58448470324E-02,0.479368527414));
#6312 = CARTESIAN_POINT('',(5.765977448365E-02,0.482564169421));
#6313 = CARTESIAN_POINT('',(5.955590967967E-02,0.485769734085));
#6314 = CARTESIAN_POINT('',(6.153158664452E-02,0.488990862239));
#6315 = CARTESIAN_POINT('',(6.357882035318E-02,0.492232933751));
#6316 = CARTESIAN_POINT('',(6.570019770623E-02,0.495503288127));
#6317 = CARTESIAN_POINT('',(6.793814946792E-02,0.498815912077));
#6318 = CARTESIAN_POINT('',(7.031062117669E-02,0.502183804576));
#6319 = CARTESIAN_POINT('',(7.281931378635E-02,0.505620745744));
#6320 = CARTESIAN_POINT('',(7.544733383387E-02,0.50913827343));
#6321 = CARTESIAN_POINT('',(7.819520472255E-02,0.51273112555));
#6322 = CARTESIAN_POINT('',(8.106714661838E-02,0.516395462822));
#6323 = CARTESIAN_POINT('',(8.307045909162E-02,0.518883263172));
#6324 = CARTESIAN_POINT('',(8.409555359167E-02,0.52013771703));
#6325 = ( GEOMETRIC_REPRESENTATION_CONTEXT(2) 
PARAMETRIC_REPRESENTATION_CONTEXT() REPRESENTATION_CONTEXT('2D SPACE',''
  ) );
#6326 = PCURVE('',#6327,#6332);
#6327 = CYLINDRICAL_SURFACE('',#6328,30.);
#6328 = AXIS2_PLACEMENT_3D('',#6329,#6330,#6331);
#6329 = CARTESIAN_POINT('',(-131.4950094305,-27.1,-9.082750708727));
#6330 = DIRECTION('',(0.978147600734,0.,-0.207911690818));
#6331 = DIRECTION('',(-3.610348622616E-02,0.984807753012,-0.169853548357
    ));
#6332 = DEFINITIONAL_REPRESENTATION('',(#6333),#6403);
#6333 = B_SPLINE_CURVE_WITH_KNOTS('',3,(#6334,#6335,#6336,#6337,#6338,
    #6339,#6340,#6341,#6342,#6343,#6344,#6345,#6346,#6347,#6348,#6349,
    #6350,#6351,#6352,#6353,#6354,#6355,#6356,#6357,#6358,#6359,#6360,
    #6361,#6362,#6363,#6364,#6365,#6366,#6367,#6368,#6369,#6370,#6371,
    #6372,#6373,#6374,#6375,#6376,#6377,#6378,#6379,#6380,#6381,#6382,
    #6383,#6384,#6385,#6386,#6387,#6388,#6389,#6390,#6391,#6392,#6393,
    #6394,#6395,#6396,#6397,#6398,#6399,#6400,#6401,#6402),
  .UNSPECIFIED.,.F.,.F.,(4,1,1,1,1,1,1,1,1,1,1,1,1,1,1,1,1,1,1,1,1,1,1,1
    ,1,1,1,1,1,1,1,1,1,1,1,1,1,1,1,1,1,1,1,1,1,1,1,1,1,1,1,1,1,1,1,1,1,1
    ,1,1,1,1,1,1,1,1,4),(0.,1.51515150186E-02,3.03030300372E-02,
    4.545454505579E-02,6.060606007439E-02,7.575757509299E-02,
    9.090909011159E-02,0.10606060513,0.121212120149,0.136363635167,
    0.151515150186,0.166666665205,0.181818180223,0.196969695242,
    0.21212121026,0.227272725279,0.242424240298,0.257575755316,
    0.272727270335,0.287878785353,0.303030300372,0.318181815391,
    0.333333330409,0.348484845428,0.363636360446,0.378787875465,
    0.393939390484,0.409090905502,0.424242420521,0.439393935539,
    0.454545450558,0.469696965577,0.484848480595,0.499999995614,
    0.515151510632,0.530303025651,0.54545454067,0.560606055688,
    0.575757570707,0.590909085725,0.606060600744,0.621212115763,
    0.636363630781,0.6515151458,0.666666660818,0.681818175837,
    0.696969690855,0.712121205874,0.727272720893,0.742424235911,
    0.75757575093,0.772727265948,0.787878780967,0.803030295986,
    0.818181811004,0.833333326023,0.848484841041,0.86363635606,
    0.878787871079,0.893939386097,0.909090901116,0.924242416134,
    0.939393931153,0.954545446172,0.96969696119,0.984848476209,
    0.999999991227),.QUASI_UNIFORM_KNOTS.);
#6334 = CARTESIAN_POINT('',(0.10574736142,114.53311810122));
#6335 = CARTESIAN_POINT('',(0.104270480582,114.64902350039));
#6336 = CARTESIAN_POINT('',(0.101357014812,114.88128685697));
#6337 = CARTESIAN_POINT('',(9.710733506393E-02,115.2311359178));
#6338 = CARTESIAN_POINT('',(9.297777783659E-02,115.58253755325));
#6339 = CARTESIAN_POINT('',(8.896804326047E-02,115.93558262136));
#6340 = CARTESIAN_POINT('',(8.507754701288E-02,116.29039054524));
#6341 = CARTESIAN_POINT('',(8.130932517298E-02,116.64673230481));
#6342 = CARTESIAN_POINT('',(7.766691571259E-02,117.00433163052));
#6343 = CARTESIAN_POINT('',(7.415358899705E-02,117.36293844503));
#6344 = CARTESIAN_POINT('',(7.077325359502E-02,117.72224444643));
#6345 = CARTESIAN_POINT('',(6.752554495896E-02,118.08233718854));
#6346 = CARTESIAN_POINT('',(6.440878689078E-02,118.44342532923));
#6347 = CARTESIAN_POINT('',(6.142169529558E-02,118.80568492522));
#6348 = CARTESIAN_POINT('',(5.856270106751E-02,119.16930833928));
#6349 = CARTESIAN_POINT('',(5.583139466238E-02,119.53444094465));
#6350 = CARTESIAN_POINT('',(5.322799261697E-02,119.90120472643));
#6351 = CARTESIAN_POINT('',(5.075263771168E-02,120.26972164936));
#6352 = CARTESIAN_POINT('',(4.840525082353E-02,120.64013404466));
#6353 = CARTESIAN_POINT('',(4.61870071871E-02,121.01248137279));
#6354 = CARTESIAN_POINT('',(4.410034985155E-02,121.38670143167));
#6355 = CARTESIAN_POINT('',(4.214745408729E-02,121.76274876082));
#6356 = CARTESIAN_POINT('',(4.033058185842E-02,122.1405911706));
#6357 = CARTESIAN_POINT('',(3.865193092313E-02,122.52011677603));
#6358 = CARTESIAN_POINT('',(3.711363299748E-02,122.9010721044));
#6359 = CARTESIAN_POINT('',(3.571780860026E-02,123.2832293484));
#6360 = CARTESIAN_POINT('',(3.446667514934E-02,123.66635392985));
#6361 = CARTESIAN_POINT('',(3.336206288038E-02,124.05021266156));
#6362 = CARTESIAN_POINT('',(3.240453204637E-02,124.43457027957));
#6363 = CARTESIAN_POINT('',(3.159480982805E-02,124.8191920587));
#6364 = CARTESIAN_POINT('',(3.093362057767E-02,125.20384246266));
#6365 = CARTESIAN_POINT('',(3.04215349209E-02,125.58828870527));
#6366 = CARTESIAN_POINT('',(3.005776999729E-02,125.97232000045));
#6367 = CARTESIAN_POINT('',(2.984165530225E-02,126.35572374339));
#6368 = CARTESIAN_POINT('',(2.977249040536E-02,126.73828783302));
#6369 = CARTESIAN_POINT('',(2.984958285409E-02,127.11979997205));
#6370 = CARTESIAN_POINT('',(3.007099951182E-02,127.50010470175));
#6371 = CARTESIAN_POINT('',(3.04348058491E-02,127.87904563514));
#6372 = CARTESIAN_POINT('',(3.093907487342E-02,128.25646981714));
#6373 = CARTESIAN_POINT('',(3.158185144655E-02,128.63221149334));
#6374 = CARTESIAN_POINT('',(3.236151663688E-02,129.00625919214));
#6375 = CARTESIAN_POINT('',(3.327648313828E-02,129.37861913516));
#6376 = CARTESIAN_POINT('',(3.432519170557E-02,129.7492976349));
#6377 = CARTESIAN_POINT('',(3.550594367076E-02,130.11828325761));
#6378 = CARTESIAN_POINT('',(3.68180636824E-02,130.48570117191));
#6379 = CARTESIAN_POINT('',(3.8261191688E-02,130.85171978857));
#6380 = CARTESIAN_POINT('',(3.983488718791E-02,131.21649241819));
#6381 = CARTESIAN_POINT('',(4.153874387773E-02,131.58019196348));
#6382 = CARTESIAN_POINT('',(4.337228735728E-02,131.94289809513));
#6383 = CARTESIAN_POINT('',(4.533500282729E-02,132.30463703082));
#6384 = CARTESIAN_POINT('',(4.742641236368E-02,132.66544886579));
#6385 = CARTESIAN_POINT('',(4.964594400055E-02,133.02536516589));
#6386 = CARTESIAN_POINT('',(5.19934727674E-02,133.38444255536));
#6387 = CARTESIAN_POINT('',(5.44692674224E-02,133.74275677704));
#6388 = CARTESIAN_POINT('',(5.707366896026E-02,134.10039286406));
#6389 = CARTESIAN_POINT('',(5.980645421108E-02,134.45738438815));
#6390 = CARTESIAN_POINT('',(6.266991661813E-02,134.81398856055));
#6391 = CARTESIAN_POINT('',(6.567063044337E-02,135.17084631387));
#6392 = CARTESIAN_POINT('',(6.881465295318E-02,135.52854235559));
#6393 = CARTESIAN_POINT('',(7.210727714001E-02,135.88762796299));
#6394 = CARTESIAN_POINT('',(7.555763579305E-02,136.2488564425));
#6395 = CARTESIAN_POINT('',(7.918769997773E-02,136.61366849115));
#6396 = CARTESIAN_POINT('',(8.301753122292E-02,136.98339278933));
#6397 = CARTESIAN_POINT('',(8.706821111204E-02,137.35944494308));
#6398 = CARTESIAN_POINT('',(9.1358712966E-02,137.74300108317));
#6399 = CARTESIAN_POINT('',(9.589199895825E-02,138.13336109983));
#6400 = CARTESIAN_POINT('',(0.100672380527,138.52997941412));
#6401 = CARTESIAN_POINT('',(0.104026699809,138.79817236648));
#6402 = CARTESIAN_POINT('',(0.105746390717,138.93311814563));
#6403 = ( GEOMETRIC_REPRESENTATION_CONTEXT(2) 
PARAMETRIC_REPRESENTATION_CONTEXT() REPRESENTATION_CONTEXT('2D SPACE',''
  ) );
#6404 = ORIENTED_EDGE('',*,*,#6405,.F.);
#6405 = EDGE_CURVE('',#6086,#6230,#6406,.T.);
#6406 = SURFACE_CURVE('',#6407,(#6415,#6444),.PCURVE_S1.);
#6407 = B_SPLINE_CURVE_WITH_KNOTS('',3,(#6408,#6409,#6410,#6411,#6412,
    #6413,#6414),.UNSPECIFIED.,.F.,.F.,(4,1,1,1,4),(0.,0.135982401958,
    0.423988280097,0.711994158236,1.),.UNSPECIFIED.);
#6408 = CARTESIAN_POINT('',(-19.30939879206,1.815929288502,
    -31.81466276415));
#6409 = CARTESIAN_POINT('',(-19.33032610626,1.911745382748,
    -31.92639593533));
#6410 = CARTESIAN_POINT('',(-19.39905724306,2.193947651186,
    -32.29315072029));
#6411 = CARTESIAN_POINT('',(-19.53136761749,2.570273446091,
    -32.99753791422));
#6412 = CARTESIAN_POINT('',(-19.71088159794,2.826185364674,
    -33.94926873226));
#6413 = CARTESIAN_POINT('',(-19.83273646488,2.851475307241,
    -34.59262104612));
#6414 = CARTESIAN_POINT('',(-19.8934161938,2.829056360903,
    -34.91240664366));
#6415 = PCURVE('',#4394,#6416);
#6416 = DEFINITIONAL_REPRESENTATION('',(#6417),#6443);
#6417 = B_SPLINE_CURVE_WITH_KNOTS('',3,(#6418,#6419,#6420,#6421,#6422,
    #6423,#6424,#6425,#6426,#6427,#6428,#6429,#6430,#6431,#6432,#6433,
    #6434,#6435,#6436,#6437,#6438,#6439,#6440,#6441,#6442),
  .UNSPECIFIED.,.F.,.F.,(4,1,1,1,1,1,1,1,1,1,1,1,1,1,1,1,1,1,1,1,1,1,4),
  (0.,4.545454545455E-02,9.090909090909E-02,0.136363636364,
    0.181818181818,0.227272727273,0.272727272727,0.318181818182,
    0.363636363636,0.409090909091,0.454545454545,0.5,0.545454545455,
    0.590909090909,0.636363636364,0.681818181818,0.727272727273,
    0.772727272727,0.818181818182,0.863636363636,0.909090909091,
    0.954545454545,1.),.QUASI_UNIFORM_KNOTS.);
#6418 = CARTESIAN_POINT('',(0.913039884995,0.292813575649));
#6419 = CARTESIAN_POINT('',(0.90035298269,0.292937936415));
#6420 = CARTESIAN_POINT('',(0.875035082943,0.293190615994));
#6421 = CARTESIAN_POINT('',(0.837195765931,0.293580952577));
#6422 = CARTESIAN_POINT('',(0.799464158224,0.293982047338));
#6423 = CARTESIAN_POINT('',(0.761809181153,0.294393348598));
#6424 = CARTESIAN_POINT('',(0.724217640178,0.29481402423));
#6425 = CARTESIAN_POINT('',(0.686675904714,0.295243261376));
#6426 = CARTESIAN_POINT('',(0.649169673567,0.295680262262));
#6427 = CARTESIAN_POINT('',(0.611683292324,0.296124251109));
#6428 = CARTESIAN_POINT('',(0.574200437624,0.296574453761));
#6429 = CARTESIAN_POINT('',(0.536699786649,0.29703017473));
#6430 = CARTESIAN_POINT('',(0.499176224935,0.297490374296));
#6431 = CARTESIAN_POINT('',(0.461634991731,0.297953875735));
#6432 = CARTESIAN_POINT('',(0.42408090934,0.298419575541));
#6433 = CARTESIAN_POINT('',(0.386520830325,0.298886385672));
#6434 = CARTESIAN_POINT('',(0.348960531085,0.29935326935));
#6435 = CARTESIAN_POINT('',(0.311411375847,0.299819153965));
#6436 = CARTESIAN_POINT('',(0.273861167918,0.300283267994));
#6437 = CARTESIAN_POINT('',(0.236249980285,0.300745416892));
#6438 = CARTESIAN_POINT('',(0.198526397134,0.301205316738));
#6439 = CARTESIAN_POINT('',(0.160636983988,0.301662716887));
#6440 = CARTESIAN_POINT('',(0.122528949892,0.302117366085));
#6441 = CARTESIAN_POINT('',(9.694240527669E-02,0.302418471538));
#6442 = CARTESIAN_POINT('',(8.409499318147E-02,0.302568485218));
#6443 = ( GEOMETRIC_REPRESENTATION_CONTEXT(2) 
PARAMETRIC_REPRESENTATION_CONTEXT() REPRESENTATION_CONTEXT('2D SPACE',''
  ) );
#6444 = PCURVE('',#5758,#6445);
#6445 = DEFINITIONAL_REPRESENTATION('',(#6446),#6449);
#6446 = B_SPLINE_CURVE_WITH_KNOTS('',1,(#6447,#6448),.UNSPECIFIED.,.F.,
  .F.,(2,2),(0.,1.),.PIECEWISE_BEZIER_KNOTS.);
#6447 = CARTESIAN_POINT('',(0.652784357997,-2.505692206927E-06));
#6448 = CARTESIAN_POINT('',(0.999999994443,-2.348540690886E-07));
#6449 = ( GEOMETRIC_REPRESENTATION_CONTEXT(2) 
PARAMETRIC_REPRESENTATION_CONTEXT() REPRESENTATION_CONTEXT('2D SPACE',''
  ) );
#6450 = ORIENTED_EDGE('',*,*,#6085,.T.);
#6451 = ORIENTED_EDGE('',*,*,#4340,.T.);
#6452 = ORIENTED_EDGE('',*,*,#5866,.T.);
#6453 = ORIENTED_EDGE('',*,*,#5489,.T.);
#6454 = ADVANCED_FACE('',(#6455,#6458),#4258,.T.);
#6455 = FACE_BOUND('',#6456,.T.);
#6456 = EDGE_LOOP('',(#6457));
#6457 = ORIENTED_EDGE('',*,*,#4243,.T.);
#6458 = FACE_BOUND('',#6459,.T.);
#6459 = EDGE_LOOP('',(#6460));
#6460 = ORIENTED_EDGE('',*,*,#4922,.F.);
#6461 = ADVANCED_FACE('',(#6462,#6465),#4661,.T.);
#6462 = FACE_BOUND('',#6463,.T.);
#6463 = EDGE_LOOP('',(#6464));
#6464 = ORIENTED_EDGE('',*,*,#4646,.T.);
#6465 = FACE_BOUND('',#6466,.T.);
#6466 = EDGE_LOOP('',(#6467));
#6467 = ORIENTED_EDGE('',*,*,#4872,.F.);
#6468 = ADVANCED_FACE('',(#6469),#5073,.T.);
#6469 = FACE_BOUND('',#6470,.F.);
#6470 = EDGE_LOOP('',(#6471,#6472,#6493,#6494));
#6471 = ORIENTED_EDGE('',*,*,#5178,.T.);
#6472 = ORIENTED_EDGE('',*,*,#6473,.T.);
#6473 = EDGE_CURVE('',#5151,#5234,#6474,.T.);
#6474 = SURFACE_CURVE('',#6475,(#6479,#6486),.PCURVE_S1.);
#6475 = LINE('',#6476,#6477);
#6476 = CARTESIAN_POINT('',(4.402086531073,5.9,-37.96857016726));
#6477 = VECTOR('',#6478,1.);
#6478 = DIRECTION('',(0.691654801481,-0.707106781187,-0.147015766462));
#6479 = PCURVE('',#5073,#6480);
#6480 = DEFINITIONAL_REPRESENTATION('',(#6481),#6485);
#6481 = LINE('',#6482,#6483);
#6482 = CARTESIAN_POINT('',(-0.212132034356,1.038439200332));
#6483 = VECTOR('',#6484,1.);
#6484 = DIRECTION('',(1.,-3.492039990505E-12));
#6485 = ( GEOMETRIC_REPRESENTATION_CONTEXT(2) 
PARAMETRIC_REPRESENTATION_CONTEXT() REPRESENTATION_CONTEXT('2D SPACE',''
  ) );
#6486 = PCURVE('',#5256,#6487);
#6487 = DEFINITIONAL_REPRESENTATION('',(#6488),#6492);
#6488 = LINE('',#6489,#6490);
#6489 = CARTESIAN_POINT('',(3.14159265359,0.15));
#6490 = VECTOR('',#6491,1.);
#6491 = DIRECTION('',(-1.583918181799E-13,-1.));
#6492 = ( GEOMETRIC_REPRESENTATION_CONTEXT(2) 
PARAMETRIC_REPRESENTATION_CONTEXT() REPRESENTATION_CONTEXT('2D SPACE',''
  ) );
#6493 = ORIENTED_EDGE('',*,*,#5442,.F.);
#6494 = ORIENTED_EDGE('',*,*,#5059,.F.);
#6495 = ADVANCED_FACE('',(#6496),#5138,.T.);
#6496 = FACE_BOUND('',#6497,.F.);
#6497 = EDGE_LOOP('',(#6498,#6499,#6500,#6501));
#6498 = ORIENTED_EDGE('',*,*,#5122,.T.);
#6499 = ORIENTED_EDGE('',*,*,#5209,.T.);
#6500 = ORIENTED_EDGE('',*,*,#5662,.F.);
#6501 = ORIENTED_EDGE('',*,*,#6502,.F.);
#6502 = EDGE_CURVE('',#5123,#5634,#6503,.T.);
#6503 = SURFACE_CURVE('',#6504,(#6508,#6515),.PCURVE_S1.);
#6504 = LINE('',#6505,#6506);
#6505 = CARTESIAN_POINT('',(-19.46471492683,5.9,-32.89552491131));
#6506 = VECTOR('',#6507,1.);
#6507 = DIRECTION('',(-0.691654801479,-0.707106781187,0.147015766469));
#6508 = PCURVE('',#5138,#6509);
#6509 = DEFINITIONAL_REPRESENTATION('',(#6510),#6514);
#6510 = LINE('',#6511,#6512);
#6511 = CARTESIAN_POINT('',(-0.212132034358,-1.038439200336));
#6512 = VECTOR('',#6513,1.);
#6513 = DIRECTION('',(1.,3.569006201687E-12));
#6514 = ( GEOMETRIC_REPRESENTATION_CONTEXT(2) 
PARAMETRIC_REPRESENTATION_CONTEXT() REPRESENTATION_CONTEXT('2D SPACE',''
  ) );
#6515 = PCURVE('',#5650,#6516);
#6516 = DEFINITIONAL_REPRESENTATION('',(#6517),#6521);
#6517 = LINE('',#6518,#6519);
#6518 = CARTESIAN_POINT('',(3.14159265359,0.15));
#6519 = VECTOR('',#6520,1.);
#6520 = DIRECTION('',(1.569115208134E-13,-1.));
#6521 = ( GEOMETRIC_REPRESENTATION_CONTEXT(2) 
PARAMETRIC_REPRESENTATION_CONTEXT() REPRESENTATION_CONTEXT('2D SPACE',''
  ) );
#6522 = ADVANCED_FACE('',(#6523),#5166,.T.);
#6523 = FACE_BOUND('',#6524,.T.);
#6524 = EDGE_LOOP('',(#6525,#6612,#6634,#6635,#6659,#6744));
#6525 = ORIENTED_EDGE('',*,*,#6526,.T.);
#6526 = EDGE_CURVE('',#6527,#6529,#6531,.T.);
#6527 = VERTEX_POINT('',#6528);
#6528 = CARTESIAN_POINT('',(-21.32290662028,5.39865583934,
    -38.35896431373));
#6529 = VERTEX_POINT('',#6530);
#6530 = CARTESIAN_POINT('',(-20.26731224873,5.673438011014,
    -36.67144843769));
#6531 = SURFACE_CURVE('',#6532,(#6540,#6569),.PCURVE_S1.);
#6532 = B_SPLINE_CURVE_WITH_KNOTS('',3,(#6533,#6534,#6535,#6536,#6537,
    #6538,#6539),.UNSPECIFIED.,.F.,.F.,(4,1,1,1,4),(0.,0.249999615104,
    0.499999269063,0.749998923022,1.),.UNSPECIFIED.);
#6533 = CARTESIAN_POINT('',(-21.32290662028,5.39865583934,
    -38.35896431373));
#6534 = CARTESIAN_POINT('',(-21.18438396902,5.41572916085,
    -38.28941740697));
#6535 = CARTESIAN_POINT('',(-20.92977299611,5.454402819858,
    -38.11440729592));
#6536 = CARTESIAN_POINT('',(-20.6162123015,5.524442846884,
    -37.73416791076));
#6537 = CARTESIAN_POINT('',(-20.39462242346,5.600271107208,
    -37.24718931596));
#6538 = CARTESIAN_POINT('',(-20.30740966436,5.65072189112,
    -36.86009207868));
#6539 = CARTESIAN_POINT('',(-20.26731202049,5.673438140316,
    -36.67144736392));
#6540 = PCURVE('',#5166,#6541);
#6541 = DEFINITIONAL_REPRESENTATION('',(#6542),#6568);
#6542 = B_SPLINE_CURVE_WITH_KNOTS('',3,(#6543,#6544,#6545,#6546,#6547,
    #6548,#6549,#6550,#6551,#6552,#6553,#6554,#6555,#6556,#6557,#6558,
    #6559,#6560,#6561,#6562,#6563,#6564,#6565,#6566,#6567),
  .UNSPECIFIED.,.F.,.F.,(4,1,1,1,1,1,1,1,1,1,1,1,1,1,1,1,1,1,1,1,1,1,4),
  (0.,4.545452389375E-02,9.090904778749E-02,0.136363571681,
    0.181818095575,0.227272619469,0.272727143362,0.318181667256,
    0.36363619115,0.409090715044,0.454545238937,0.499999762831,
    0.545454286725,0.590908810619,0.636363334512,0.681817858406,
    0.7272723823,0.772726906194,0.818181430087,0.863635953981,
    0.909090477875,0.954545001769,0.999999525662),
  .QUASI_UNIFORM_KNOTS.);
#6543 = CARTESIAN_POINT('',(0.174532926956,150.07438259392));
#6544 = CARTESIAN_POINT('',(0.173991210813,150.05237602793));
#6545 = CARTESIAN_POINT('',(0.172876935237,150.00933518746));
#6546 = CARTESIAN_POINT('',(0.171111319853,149.94770938625));
#6547 = CARTESIAN_POINT('',(0.169249843451,149.88903790919));
#6548 = CARTESIAN_POINT('',(0.16729080098,149.8333386421));
#6549 = CARTESIAN_POINT('',(0.165232644711,149.78063310642));
#6550 = CARTESIAN_POINT('',(0.163073230082,149.73092926004));
#6551 = CARTESIAN_POINT('',(0.160813212737,149.68429898683));
#6552 = CARTESIAN_POINT('',(0.158456047779,149.64087809427));
#6553 = CARTESIAN_POINT('',(0.156004592664,149.60078882874));
#6554 = CARTESIAN_POINT('',(0.153461861205,149.56415706391));
#6555 = CARTESIAN_POINT('',(0.150830820371,149.53110772547));
#6556 = CARTESIAN_POINT('',(0.148114448043,149.50176590367));
#6557 = CARTESIAN_POINT('',(0.145315134003,149.47610846715));
#6558 = CARTESIAN_POINT('',(0.142435306372,149.45411098029));
#6559 = CARTESIAN_POINT('',(0.139477232359,149.4357539445));
#6560 = CARTESIAN_POINT('',(0.136443757278,149.42099941728));
#6561 = CARTESIAN_POINT('',(0.133335546258,149.40987829474));
#6562 = CARTESIAN_POINT('',(0.13016351109,149.4020970175));
#6563 = CARTESIAN_POINT('',(0.126948815815,149.39703759217));
#6564 = CARTESIAN_POINT('',(0.123710449804,149.3941508637));
#6565 = CARTESIAN_POINT('',(0.120467984223,149.39286922555));
#6566 = CARTESIAN_POINT('',(0.118316546373,149.39270976777));
#6567 = CARTESIAN_POINT('',(0.117246621396,149.3927097711));
#6568 = ( GEOMETRIC_REPRESENTATION_CONTEXT(2) 
PARAMETRIC_REPRESENTATION_CONTEXT() REPRESENTATION_CONTEXT('2D SPACE',''
  ) );
#6569 = PCURVE('',#6570,#6607);
#6570 = B_SPLINE_SURFACE_WITH_KNOTS('',3,3,(
    (#6571,#6572,#6573,#6574)
    ,(#6575,#6576,#6577,#6578)
    ,(#6579,#6580,#6581,#6582)
    ,(#6583,#6584,#6585,#6586)
    ,(#6587,#6588,#6589,#6590)
    ,(#6591,#6592,#6593,#6594)
    ,(#6595,#6596,#6597,#6598)
    ,(#6599,#6600,#6601,#6602)
    ,(#6603,#6604,#6605,#6606
    )),.UNSPECIFIED.,.F.,.F.,.F.,(4,1,1,1,1,1,4),(4,4),(
    -4.896995470127E-02,0.,0.25,0.5,0.75,1.,1.036167077679),(
    -0.317095118379,1.317095118379),.UNSPECIFIED.);
#6571 = CARTESIAN_POINT('',(-21.37059972468,5.469124701954,
    -38.5000495582));
#6572 = CARTESIAN_POINT('',(-21.43072207106,5.331283494862,
    -38.32436002814));
#6573 = CARTESIAN_POINT('',(-21.49084441743,5.19344228777,
    -38.14867049808));
#6574 = CARTESIAN_POINT('',(-21.55096676381,5.055601080678,
    -37.97298096802));
#6575 = CARTESIAN_POINT('',(-21.34100556655,5.472478368254,
    -38.48706260804));
#6576 = CARTESIAN_POINT('',(-21.40387803994,5.334319379568,
    -38.31262657535));
#6577 = CARTESIAN_POINT('',(-21.46675051334,5.196160390883,
    -38.13819054265));
#6578 = CARTESIAN_POINT('',(-21.52962298673,5.058001402197,
    -37.96375450995));
#6579 = CARTESIAN_POINT('',(-21.16306957606,5.493538904032,
    -38.40335602715));
#6580 = CARTESIAN_POINT('',(-21.24252278325,5.353364653905,
    -38.23706871138));
#6581 = CARTESIAN_POINT('',(-21.32197599044,5.213190403777,
    -38.0707813956));
#6582 = CARTESIAN_POINT('',(-21.40142919763,5.07301615365,
    -37.90449407983));
#6583 = CARTESIAN_POINT('',(-20.86731818196,5.538614558803,
    -38.19942989335));
#6584 = CARTESIAN_POINT('',(-20.97460797854,5.393949200971,
    -38.05337184172));
#6585 = CARTESIAN_POINT('',(-21.08189777512,5.249283843139,
    -37.90731379009));
#6586 = CARTESIAN_POINT('',(-21.1891875717,5.104618485307,
    -37.76125573846));
#6587 = CARTESIAN_POINT('',(-20.53687612195,5.612926331541,
    -37.79808465327));
#6588 = CARTESIAN_POINT('',(-20.67316570748,5.460922740346,
    -37.68828314139));
#6589 = CARTESIAN_POINT('',(-20.80945529301,5.308919149151,
    -37.57848162952));
#6590 = CARTESIAN_POINT('',(-20.94574487853,5.156915557956,
    -37.46868011764));
#6591 = CARTESIAN_POINT('',(-20.30556741484,5.693150502545,
    -37.28671204233));
#6592 = CARTESIAN_POINT('',(-20.45855396806,5.533594768175,
    -37.21882020568));
#6593 = CARTESIAN_POINT('',(-20.61154052128,5.374039033804,
    -37.15092836903));
#6594 = CARTESIAN_POINT('',(-20.7645270745,5.214483299434,
    -37.08303653239));
#6595 = CARTESIAN_POINT('',(-20.21114867442,5.748449266304,
    -36.86637243287));
#6596 = CARTESIAN_POINT('',(-20.36567595477,5.586834808918,
    -36.80748229639));
#6597 = CARTESIAN_POINT('',(-20.52020323511,5.425220351533,
    -36.74859215991));
#6598 = CARTESIAN_POINT('',(-20.67473051546,5.263605894147,
    -36.68970202343));
#6599 = CARTESIAN_POINT('',(-20.16479477608,5.774570208526,
    -36.64645173877));
#6600 = CARTESIAN_POINT('',(-20.32110302855,5.61203835341,
    -36.59580505069));
#6601 = CARTESIAN_POINT('',(-20.47741128102,5.449506498293,
    -36.54515836261));
#6602 = CARTESIAN_POINT('',(-20.63371953349,5.286974643177,
    -36.49451167453));
#6603 = CARTESIAN_POINT('',(-20.15896015284,5.777810892549,
    -36.61877675899));
#6604 = CARTESIAN_POINT('',(-20.31551835837,5.615164051476,
    -36.56924958741));
#6605 = CARTESIAN_POINT('',(-20.4720765639,5.452517210402,
    -36.51972241583));
#6606 = CARTESIAN_POINT('',(-20.62863476943,5.289870369328,
    -36.47019524425));
#6607 = DEFINITIONAL_REPRESENTATION('',(#6608),#6611);
#6608 = B_SPLINE_CURVE_WITH_KNOTS('',1,(#6609,#6610),.UNSPECIFIED.,.F.,
  .F.,(2,2),(0.,0.999999525662),.PIECEWISE_BEZIER_KNOTS.);
#6609 = CARTESIAN_POINT('',(-4.944153253895E-08,8.247051796108E-10));
#6610 = CARTESIAN_POINT('',(1.000000000001,-3.884589781876E-13));
#6611 = ( GEOMETRIC_REPRESENTATION_CONTEXT(2) 
PARAMETRIC_REPRESENTATION_CONTEXT() REPRESENTATION_CONTEXT('2D SPACE',''
  ) );
#6612 = ORIENTED_EDGE('',*,*,#6613,.T.);
#6613 = EDGE_CURVE('',#6529,#5123,#6614,.T.);
#6614 = SURFACE_CURVE('',#6615,(#6620,#6627),.PCURVE_S1.);
#6615 = CIRCLE('',#6616,33.);
#6616 = AXIS2_PLACEMENT_3D('',#6617,#6618,#6619);
#6617 = CARTESIAN_POINT('',(-19.46471492683,-27.1,-32.89552491131));
#6618 = DIRECTION('',(0.978147600734,3.469446951954E-18,-0.207911690818)
  );
#6619 = DIRECTION('',(-2.432113096657E-02,0.993134485182,-0.114421925042
    ));
#6620 = PCURVE('',#5166,#6621);
#6621 = DEFINITIONAL_REPRESENTATION('',(#6622),#6626);
#6622 = LINE('',#6623,#6624);
#6623 = CARTESIAN_POINT('',(0.117246621396,149.3927097711));
#6624 = VECTOR('',#6625,1.);
#6625 = DIRECTION('',(-1.,0.));
#6626 = ( GEOMETRIC_REPRESENTATION_CONTEXT(2) 
PARAMETRIC_REPRESENTATION_CONTEXT() REPRESENTATION_CONTEXT('2D SPACE',''
  ) );
#6627 = PCURVE('',#5650,#6628);
#6628 = DEFINITIONAL_REPRESENTATION('',(#6629),#6633);
#6629 = LINE('',#6630,#6631);
#6630 = CARTESIAN_POINT('',(3.024346032194,0.15));
#6631 = VECTOR('',#6632,1.);
#6632 = DIRECTION('',(1.,1.24221661967E-12));
#6633 = ( GEOMETRIC_REPRESENTATION_CONTEXT(2) 
PARAMETRIC_REPRESENTATION_CONTEXT() REPRESENTATION_CONTEXT('2D SPACE',''
  ) );
#6634 = ORIENTED_EDGE('',*,*,#5150,.F.);
#6635 = ORIENTED_EDGE('',*,*,#6636,.T.);
#6636 = EDGE_CURVE('',#5151,#6637,#6639,.T.);
#6637 = VERTEX_POINT('',#6638);
#6638 = CARTESIAN_POINT('',(3.599489437413,5.673438140316,
    -41.74449261988));
#6639 = SURFACE_CURVE('',#6640,(#6645,#6652),.PCURVE_S1.);
#6640 = CIRCLE('',#6641,33.);
#6641 = AXIS2_PLACEMENT_3D('',#6642,#6643,#6644);
#6642 = CARTESIAN_POINT('',(4.402086531072,-27.1,-37.96857016727));
#6643 = DIRECTION('',(-0.978147600734,0.,0.207911690818));
#6644 = DIRECTION('',(0.,1.,0.));
#6645 = PCURVE('',#5166,#6646);
#6646 = DEFINITIONAL_REPRESENTATION('',(#6647),#6651);
#6647 = LINE('',#6648,#6649);
#6648 = CARTESIAN_POINT('',(0.,124.9927097711));
#6649 = VECTOR('',#6650,1.);
#6650 = DIRECTION('',(1.,0.));
#6651 = ( GEOMETRIC_REPRESENTATION_CONTEXT(2) 
PARAMETRIC_REPRESENTATION_CONTEXT() REPRESENTATION_CONTEXT('2D SPACE',''
  ) );
#6652 = PCURVE('',#5256,#6653);
#6653 = DEFINITIONAL_REPRESENTATION('',(#6654),#6658);
#6654 = LINE('',#6655,#6656);
#6655 = CARTESIAN_POINT('',(3.14159265359,0.15));
#6656 = VECTOR('',#6657,1.);
#6657 = DIRECTION('',(1.,1.295280278813E-12));
#6658 = ( GEOMETRIC_REPRESENTATION_CONTEXT(2) 
PARAMETRIC_REPRESENTATION_CONTEXT() REPRESENTATION_CONTEXT('2D SPACE',''
  ) );
#6659 = ORIENTED_EDGE('',*,*,#6660,.T.);
#6660 = EDGE_CURVE('',#6637,#6661,#6663,.T.);
#6661 = VERTEX_POINT('',#6662);
#6662 = CARTESIAN_POINT('',(3.877448109862,5.39865583934,-43.71546506803
    ));
#6663 = SURFACE_CURVE('',#6664,(#6672,#6701),.PCURVE_S1.);
#6664 = B_SPLINE_CURVE_WITH_KNOTS('',3,(#6665,#6666,#6667,#6668,#6669,
    #6670,#6671),.UNSPECIFIED.,.F.,.F.,(4,1,1,1,4),(0.,0.250001061175,
    0.500000721177,0.750000381179,1.),.UNSPECIFIED.);
#6665 = CARTESIAN_POINT('',(3.599489437413,5.673438140316,
    -41.74449261988));
#6666 = CARTESIAN_POINT('',(3.558766479124,5.650367666136,
    -41.93607894543));
#6667 = CARTESIAN_POINT('',(3.480053228163,5.599311088486,
    -42.32961862858));
#6668 = CARTESIAN_POINT('',(3.48717547976,5.521023585915,-42.8809193431)
  );
#6669 = CARTESIAN_POINT('',(3.633314995064,5.449689039261,
    -43.36396335378));
#6670 = CARTESIAN_POINT('',(3.784740958564,5.414764404676,
    -43.60236238821));
#6671 = CARTESIAN_POINT('',(3.877448109862,5.39865583934,-43.71546506803
    ));
#6672 = PCURVE('',#5166,#6673);
#6673 = DEFINITIONAL_REPRESENTATION('',(#6674),#6700);
#6674 = B_SPLINE_CURVE_WITH_KNOTS('',3,(#6675,#6676,#6677,#6678,#6679,
    #6680,#6681,#6682,#6683,#6684,#6685,#6686,#6687,#6688,#6689,#6690,
    #6691,#6692,#6693,#6694,#6695,#6696,#6697,#6698,#6699),
  .UNSPECIFIED.,.F.,.F.,(4,1,1,1,1,1,1,1,1,1,1,1,1,1,1,1,1,1,1,1,1,1,4),
  (0.,4.545454545455E-02,9.090909090909E-02,0.136363636364,
    0.181818181818,0.227272727273,0.272727272727,0.318181818182,
    0.363636363636,0.409090909091,0.454545454545,0.5,0.545454545455,
    0.590909090909,0.636363636364,0.681818181818,0.727272727273,
    0.772727272727,0.818181818182,0.863636363636,0.909090909091,
    0.954545454545,1.),.QUASI_UNIFORM_KNOTS.);
#6675 = CARTESIAN_POINT('',(0.117246587901,124.9927097711));
#6676 = CARTESIAN_POINT('',(0.118333197226,124.99270977602));
#6677 = CARTESIAN_POINT('',(0.120516518605,124.99255021152));
#6678 = CARTESIAN_POINT('',(0.123804751288,124.99123156476));
#6679 = CARTESIAN_POINT('',(0.127089207866,124.98823450019));
#6680 = CARTESIAN_POINT('',(0.130352753663,124.98295479288));
#6681 = CARTESIAN_POINT('',(0.133578635274,124.97480718728));
#6682 = CARTESIAN_POINT('',(0.136748673742,124.96313565744));
#6683 = CARTESIAN_POINT('',(0.139851412274,124.9476177145));
#6684 = CARTESIAN_POINT('',(0.142882110194,124.92826443893));
#6685 = CARTESIAN_POINT('',(0.145834595241,124.90501614129));
#6686 = CARTESIAN_POINT('',(0.148703072888,124.87783208687));
#6687 = CARTESIAN_POINT('',(0.151481640856,124.84666649184));
#6688 = CARTESIAN_POINT('',(0.154164424892,124.81147481421));
#6689 = CARTESIAN_POINT('',(0.156743199857,124.77266987364));
#6690 = CARTESIAN_POINT('',(0.159209794228,124.73066300792));
#6691 = CARTESIAN_POINT('',(0.161555817134,124.68587144415));
#6692 = CARTESIAN_POINT('',(0.163773672372,124.638690334));
#6693 = CARTESIAN_POINT('',(0.165852778665,124.58959724162));
#6694 = CARTESIAN_POINT('',(0.167796602261,124.53868130093));
#6695 = CARTESIAN_POINT('',(0.169622659387,124.4856432001));
#6696 = CARTESIAN_POINT('',(0.171345482973,124.43026604566));
#6697 = CARTESIAN_POINT('',(0.17298040292,124.37231085262));
#6698 = CARTESIAN_POINT('',(0.174021821079,124.33180000668));
#6699 = CARTESIAN_POINT('',(0.174532926956,124.31103694829));
#6700 = ( GEOMETRIC_REPRESENTATION_CONTEXT(2) 
PARAMETRIC_REPRESENTATION_CONTEXT() REPRESENTATION_CONTEXT('2D SPACE',''
  ) );
#6701 = PCURVE('',#6702,#6739);
#6702 = B_SPLINE_SURFACE_WITH_KNOTS('',3,3,(
    (#6703,#6704,#6705,#6706)
    ,(#6707,#6708,#6709,#6710)
    ,(#6711,#6712,#6713,#6714)
    ,(#6715,#6716,#6717,#6718)
    ,(#6719,#6720,#6721,#6722)
    ,(#6723,#6724,#6725,#6726)
    ,(#6727,#6728,#6729,#6730)
    ,(#6731,#6732,#6733,#6734)
    ,(#6735,#6736,#6737,#6738
    )),.UNSPECIFIED.,.F.,.F.,.F.,(4,1,1,1,1,1,4),(4,4),(
    -3.842721123093E-02,0.,0.25,0.5,0.75,1.,1.055629793555),(
    -0.317095118379,1.317095118379),.UNSPECIFIED.);
#6703 = CARTESIAN_POINT('',(3.52334692652,5.778591921266,-41.64565147235
    ));
#6704 = CARTESIAN_POINT('',(3.686453429669,5.615913071982,
    -41.66438858979));
#6705 = CARTESIAN_POINT('',(3.849559932818,5.453234222698,
    -41.68312570723));
#6706 = CARTESIAN_POINT('',(4.012666435966,5.290555373414,
    -41.70186282467));
#6707 = CARTESIAN_POINT('',(3.516948915342,5.775096618175,
    -41.67553448863));
#6708 = CARTESIAN_POINT('',(3.680304230746,5.612543566119,
    -41.69303106693));
#6709 = CARTESIAN_POINT('',(3.84365954615,5.449990514064,-41.71052764523
    ));
#6710 = CARTESIAN_POINT('',(4.007014861554,5.287437462008,
    -41.72802422353));
#6711 = CARTESIAN_POINT('',(3.468682633526,5.748363627299,
    -41.90064126027));
#6712 = CARTESIAN_POINT('',(3.633827784104,5.586759520648,-41.9095610332
    ));
#6713 = CARTESIAN_POINT('',(3.798972934683,5.425155413996,
    -41.91848080613));
#6714 = CARTESIAN_POINT('',(3.964118085262,5.263551307345,
    -41.92740057907));
#6715 = CARTESIAN_POINT('',(3.382573102957,5.69216019276,-42.32965860814
    ));
#6716 = CARTESIAN_POINT('',(3.550031531211,5.53265649058,-42.32959341817
    ));
#6717 = CARTESIAN_POINT('',(3.717489959464,5.3731527884,-42.32952822819)
  );
#6718 = CARTESIAN_POINT('',(3.884948387718,5.21364908622,-42.32946303821
    ));
#6719 = CARTESIAN_POINT('',(3.388708855549,5.609306178175,
    -42.90822217802));
#6720 = CARTESIAN_POINT('',(3.557862377113,5.457647695196,
    -42.86131880608));
#6721 = CARTESIAN_POINT('',(3.727015898676,5.305989212216,
    -42.81441543413));
#6722 = CARTESIAN_POINT('',(3.89616942024,5.154330729236,-42.76751206218
    ));
#6723 = CARTESIAN_POINT('',(3.542546905704,5.533605948261,
    -43.41812906217));
#6724 = CARTESIAN_POINT('',(3.698475292905,5.389447071206,-43.3250793726
    ));
#6725 = CARTESIAN_POINT('',(3.854403680105,5.245288194152,
    -43.23202968302));
#6726 = CARTESIAN_POINT('',(4.010332067306,5.101129317098,
    -43.13897999345));
#6727 = CARTESIAN_POINT('',(3.720335915719,5.492413999804,
    -43.69894379051));
#6728 = CARTESIAN_POINT('',(3.859917700618,5.352346503729,
    -43.57859397185));
#6729 = CARTESIAN_POINT('',(3.999499485517,5.212279007653,
    -43.45824415319));
#6730 = CARTESIAN_POINT('',(4.139081270417,5.072211511578,
    -43.33789433454));
#6731 = CARTESIAN_POINT('',(3.84497949921,5.471948368303,-43.84358357392
    ));
#6732 = CARTESIAN_POINT('',(3.973078529216,5.333840728387,
    -43.70944251534));
#6733 = CARTESIAN_POINT('',(4.101177559223,5.195733088471,
    -43.57530145676));
#6734 = CARTESIAN_POINT('',(4.229276589229,5.057625448555,
    -43.44116039817));
#6735 = CARTESIAN_POINT('',(3.868595992011,5.468275167363,
    -43.86975281697));
#6736 = CARTESIAN_POINT('',(3.994520302383,5.330516112862,
    -43.73313408312));
#6737 = CARTESIAN_POINT('',(4.120444612755,5.192757058362,
    -43.59651534927));
#6738 = CARTESIAN_POINT('',(4.246368923127,5.054998003861,
    -43.45989661541));
#6739 = DEFINITIONAL_REPRESENTATION('',(#6740),#6743);
#6740 = B_SPLINE_CURVE_WITH_KNOTS('',1,(#6741,#6742),.UNSPECIFIED.,.F.,
  .F.,(2,2),(0.,1.),.PIECEWISE_BEZIER_KNOTS.);
#6741 = CARTESIAN_POINT('',(-4.670543216873E-07,9.788883903881E-13));
#6742 = CARTESIAN_POINT('',(1.0000000524,8.28236145158E-10));
#6743 = ( GEOMETRIC_REPRESENTATION_CONTEXT(2) 
PARAMETRIC_REPRESENTATION_CONTEXT() REPRESENTATION_CONTEXT('2D SPACE',''
  ) );
#6744 = ORIENTED_EDGE('',*,*,#6745,.T.);
#6745 = EDGE_CURVE('',#6661,#6527,#6746,.T.);
#6746 = SURFACE_CURVE('',#6747,(#6751,#6758),.PCURVE_S1.);
#6747 = LINE('',#6748,#6749);
#6748 = CARTESIAN_POINT('',(3.877448109862,5.39865583934,-43.71546506803
    ));
#6749 = VECTOR('',#6750,1.);
#6750 = DIRECTION('',(-0.978147600734,0.,0.207911690818));
#6751 = PCURVE('',#5166,#6752);
#6752 = DEFINITIONAL_REPRESENTATION('',(#6753),#6757);
#6753 = LINE('',#6754,#6755);
#6754 = CARTESIAN_POINT('',(0.174532926956,124.31103694829));
#6755 = VECTOR('',#6756,1.);
#6756 = DIRECTION('',(0.,1.));
#6757 = ( GEOMETRIC_REPRESENTATION_CONTEXT(2) 
PARAMETRIC_REPRESENTATION_CONTEXT() REPRESENTATION_CONTEXT('2D SPACE',''
  ) );
#6758 = PCURVE('',#6759,#6764);
#6759 = PLANE('',#6760);
#6760 = AXIS2_PLACEMENT_3D('',#6761,#6762,#6763);
#6761 = CARTESIAN_POINT('',(-12.68181665103,12.41042478537,
    0.458422849993));
#6762 = DIRECTION('',(-3.610348622615E-02,0.984807753012,-0.169853548357
    ));
#6763 = DIRECTION('',(0.978147600734,-9.87404602526E-15,-0.207911690818)
  );
#6764 = DEFINITIONAL_REPRESENTATION('',(#6765),#6769);
#6765 = LINE('',#6766,#6767);
#6766 = CARTESIAN_POINT('',(25.381672822814,40.379168041003));
#6767 = VECTOR('',#6768,1.);
#6768 = DIRECTION('',(-1.,-8.326672684689E-17));
#6769 = ( GEOMETRIC_REPRESENTATION_CONTEXT(2) 
PARAMETRIC_REPRESENTATION_CONTEXT() REPRESENTATION_CONTEXT('2D SPACE',''
  ) );
#6770 = ADVANCED_FACE('',(#6771),#5256,.T.);
#6771 = FACE_BOUND('',#6772,.T.);
#6772 = EDGE_LOOP('',(#6773,#6774,#6775,#6795));
#6773 = ORIENTED_EDGE('',*,*,#6473,.T.);
#6774 = ORIENTED_EDGE('',*,*,#5233,.T.);
#6775 = ORIENTED_EDGE('',*,*,#6776,.F.);
#6776 = EDGE_CURVE('',#6637,#5236,#6777,.T.);
#6777 = SURFACE_CURVE('',#6778,(#6782,#6789),.PCURVE_S1.);
#6778 = LINE('',#6779,#6780);
#6779 = CARTESIAN_POINT('',(3.599489437413,5.673438140316,
    -41.74449261988));
#6780 = VECTOR('',#6781,1.);
#6781 = DIRECTION('',(0.708852230817,-0.70225224654,-6.610822260166E-02)
  );
#6782 = PCURVE('',#5256,#6783);
#6783 = DEFINITIONAL_REPRESENTATION('',(#6784),#6788);
#6784 = LINE('',#6785,#6786);
#6785 = CARTESIAN_POINT('',(3.258839241491,0.15));
#6786 = VECTOR('',#6787,1.);
#6787 = DIRECTION('',(4.239376997604E-08,-1.));
#6788 = ( GEOMETRIC_REPRESENTATION_CONTEXT(2) 
PARAMETRIC_REPRESENTATION_CONTEXT() REPRESENTATION_CONTEXT('2D SPACE',''
  ) );
#6789 = PCURVE('',#6702,#6790);
#6790 = DEFINITIONAL_REPRESENTATION('',(#6791),#6794);
#6791 = B_SPLINE_CURVE_WITH_KNOTS('',1,(#6792,#6793),.UNSPECIFIED.,.F.,
  .F.,(2,2),(0.,0.424264068711),.PIECEWISE_BEZIER_KNOTS.);
#6792 = CARTESIAN_POINT('',(-4.670543216873E-07,9.788883903881E-13));
#6793 = CARTESIAN_POINT('',(-3.077192961269E-07,0.999999999999));
#6794 = ( GEOMETRIC_REPRESENTATION_CONTEXT(2) 
PARAMETRIC_REPRESENTATION_CONTEXT() REPRESENTATION_CONTEXT('2D SPACE',''
  ) );
#6795 = ORIENTED_EDGE('',*,*,#6636,.F.);
#6796 = ADVANCED_FACE('',(#6797),#5284,.F.);
#6797 = FACE_BOUND('',#6798,.F.);
#6798 = EDGE_LOOP('',(#6799,#6829,#6912,#6995,#6996,#7044));
#6799 = ORIENTED_EDGE('',*,*,#6800,.T.);
#6800 = EDGE_CURVE('',#6801,#6803,#6805,.T.);
#6801 = VERTEX_POINT('',#6802);
#6802 = CARTESIAN_POINT('',(5.445079869033,5.081027835589,
    -44.12404936294));
#6803 = VERTEX_POINT('',#6804);
#6804 = CARTESIAN_POINT('',(5.531728248867,2.717489228359,
    -43.71640084963));
#6805 = SURFACE_CURVE('',#6806,(#6810,#6817),.PCURVE_S1.);
#6806 = LINE('',#6807,#6808);
#6807 = CARTESIAN_POINT('',(5.445079869033,5.081027835589,
    -44.12404936294));
#6808 = VECTOR('',#6809,1.);
#6809 = DIRECTION('',(3.610349159751E-02,-0.984807753012,0.169853547215)
  );
#6810 = PCURVE('',#5284,#6811);
#6811 = DEFINITIONAL_REPRESENTATION('',(#6812),#6816);
#6812 = LINE('',#6813,#6814);
#6813 = CARTESIAN_POINT('',(0.963931395283,16.098731717521));
#6814 = VECTOR('',#6815,1.);
#6815 = DIRECTION('',(1.47092638995E-09,1.));
#6816 = ( GEOMETRIC_REPRESENTATION_CONTEXT(2) 
PARAMETRIC_REPRESENTATION_CONTEXT() REPRESENTATION_CONTEXT('2D SPACE',''
  ) );
#6817 = PCURVE('',#6818,#6823);
#6818 = PLANE('',#6819);
#6819 = AXIS2_PLACEMENT_3D('',#6820,#6821,#6822);
#6820 = CARTESIAN_POINT('',(3.477956048996,5.376470161492,
    -43.75918256175));
#6821 = DIRECTION('',(0.204753045059,0.173648177667,0.963287340793));
#6822 = DIRECTION('',(0.978147600734,6.60582699652E-15,-0.207911690818)
  );
#6823 = DEFINITIONAL_REPRESENTATION('',(#6824),#6828);
#6824 = LINE('',#6825,#6826);
#6825 = CARTESIAN_POINT('',(1.999997518474,-0.299999999999));
#6826 = VECTOR('',#6827,1.);
#6827 = DIRECTION('',(5.491345642095E-09,-1.));
#6828 = ( GEOMETRIC_REPRESENTATION_CONTEXT(2) 
PARAMETRIC_REPRESENTATION_CONTEXT() REPRESENTATION_CONTEXT('2D SPACE',''
  ) );
#6829 = ORIENTED_EDGE('',*,*,#6830,.T.);
#6830 = EDGE_CURVE('',#6803,#6831,#6833,.T.);
#6831 = VERTEX_POINT('',#6832);
#6832 = CARTESIAN_POINT('',(4.206779194552,2.780255746083,
    -43.07085511757));
#6833 = SURFACE_CURVE('',#6834,(#6840,#6846),.PCURVE_S1.);
#6834 = B_SPLINE_CURVE_WITH_KNOTS('',3,(#6835,#6836,#6837,#6838,#6839),
  .UNSPECIFIED.,.F.,.F.,(4,1,4),(0.,0.5,1.),.QUASI_UNIFORM_KNOTS.);
#6835 = CARTESIAN_POINT('',(5.531728248867,2.717489228359,
    -43.71640084963));
#6836 = CARTESIAN_POINT('',(5.276279346457,2.717489228359,
    -43.66210350925));
#6837 = CARTESIAN_POINT('',(4.763932081728,2.719151910087,
    -43.54356053816));
#6838 = CARTESIAN_POINT('',(4.358590498035,2.754165789176,
    -43.25439269711));
#6839 = CARTESIAN_POINT('',(4.206779194552,2.780255746083,
    -43.07085511757));
#6840 = PCURVE('',#5284,#6841);
#6841 = DEFINITIONAL_REPRESENTATION('',(#6842),#6845);
#6842 = B_SPLINE_CURVE_WITH_KNOTS('',1,(#6843,#6844),.UNSPECIFIED.,.F.,
  .F.,(2,2),(0.,1.),.PIECEWISE_BEZIER_KNOTS.);
#6843 = CARTESIAN_POINT('',(0.963931398813,18.498731717521));
#6844 = CARTESIAN_POINT('',(0.543316466665,18.49873171752));
#6845 = ( GEOMETRIC_REPRESENTATION_CONTEXT(2) 
PARAMETRIC_REPRESENTATION_CONTEXT() REPRESENTATION_CONTEXT('2D SPACE',''
  ) );
#6846 = PCURVE('',#6847,#6884);
#6847 = B_SPLINE_SURFACE_WITH_KNOTS('',3,3,(
    (#6848,#6849,#6850,#6851)
    ,(#6852,#6853,#6854,#6855)
    ,(#6856,#6857,#6858,#6859)
    ,(#6860,#6861,#6862,#6863)
    ,(#6864,#6865,#6866,#6867)
    ,(#6868,#6869,#6870,#6871)
    ,(#6872,#6873,#6874,#6875)
    ,(#6876,#6877,#6878,#6879)
    ,(#6880,#6881,#6882,#6883
    )),.UNSPECIFIED.,.F.,.F.,.F.,(4,1,1,1,1,1,4),(4,4),(
    -4.536392101743E-02,0.,0.25,0.5,0.75,1.,1.060233204283),(
    -0.317095118379,1.317095118379),.UNSPECIFIED.);
#6848 = CARTESIAN_POINT('',(5.549660052666,2.259756747694,-44.0478473306
    ));
#6849 = CARTESIAN_POINT('',(5.574736954968,2.449073129545,
    -43.91764190621));
#6850 = CARTESIAN_POINT('',(5.59981385727,2.638389511397,-43.78743648183
    ));
#6851 = CARTESIAN_POINT('',(5.624890759572,2.827705893248,
    -43.65723105744));
#6852 = CARTESIAN_POINT('',(5.521546637344,2.259755914823,
    -44.04187646867));
#6853 = CARTESIAN_POINT('',(5.547542159908,2.449070254571,
    -43.91187814313));
#6854 = CARTESIAN_POINT('',(5.573537682473,2.638384594318,
    -43.78187981759));
#6855 = CARTESIAN_POINT('',(5.599533205037,2.827698934065,
    -43.65188149205));
#6856 = CARTESIAN_POINT('',(5.337914048801,2.259718920628,-44.0030586487
    ));
#6857 = CARTESIAN_POINT('',(5.369222274039,2.449029336955,
    -43.87421232089));
#6858 = CARTESIAN_POINT('',(5.400530499278,2.638339753283,
    -43.74536599309));
#6859 = CARTESIAN_POINT('',(5.431838724516,2.82765016961,-43.61651966528
    ));
#6860 = CARTESIAN_POINT('',(4.995154538756,2.260095357339,
    -43.92802029263));
#6861 = CARTESIAN_POINT('',(5.031035969261,2.449445696666,
    -43.79991455679));
#6862 = CARTESIAN_POINT('',(5.066917399765,2.638796035993,
    -43.67180882096));
#6863 = CARTESIAN_POINT('',(5.102798830269,2.828146375319,
    -43.54370308512));
#6864 = CARTESIAN_POINT('',(4.558191138857,2.272223866307,
    -43.76481998259));
#6865 = CARTESIAN_POINT('',(4.62408865872,2.460898427519,-43.64701251259
    ));
#6866 = CARTESIAN_POINT('',(4.689986178582,2.649572988732,
    -43.52920504259));
#6867 = CARTESIAN_POINT('',(4.755883698444,2.838247549944,-43.4113975726
    ));
#6868 = CARTESIAN_POINT('',(4.188845287464,2.298435449104,
    -43.53433882282));
#6869 = CARTESIAN_POINT('',(4.284052884919,2.485058429925,
    -43.43465642756));
#6870 = CARTESIAN_POINT('',(4.379260482374,2.671681410745,-43.3349740323
    ));
#6871 = CARTESIAN_POINT('',(4.47446807983,2.858304391566,-43.23529163704
    ));
#6872 = CARTESIAN_POINT('',(3.977888614387,2.326061522541,
    -43.32932313146));
#6873 = CARTESIAN_POINT('',(4.092819102646,2.510132932234,
    -43.24862692858));
#6874 = CARTESIAN_POINT('',(4.207749590906,2.694204341927,-43.1679307257
    ));
#6875 = CARTESIAN_POINT('',(4.322680079166,2.87827575162,-43.08723452282
    ));
#6876 = CARTESIAN_POINT('',(3.875302163305,2.344843001181,
    -43.19862304002));
#6877 = CARTESIAN_POINT('',(3.999284009695,2.527247064962,
    -43.12951800367));
#6878 = CARTESIAN_POINT('',(4.123265856085,2.709651128744,
    -43.06041296732));
#6879 = CARTESIAN_POINT('',(4.247247702475,2.892055192525,
    -42.99130793097));
#6880 = CARTESIAN_POINT('',(3.855847658789,2.348627346393,
    -43.17254629341));
#6881 = CARTESIAN_POINT('',(3.981506151974,2.530698967249,
    -43.10572513731));
#6882 = CARTESIAN_POINT('',(4.10716464516,2.712770588105,-43.03890398121
    ));
#6883 = CARTESIAN_POINT('',(4.232823138345,2.894842208961,
    -42.97208282511));
#6884 = DEFINITIONAL_REPRESENTATION('',(#6885),#6911);
#6885 = B_SPLINE_CURVE_WITH_KNOTS('',3,(#6886,#6887,#6888,#6889,#6890,
    #6891,#6892,#6893,#6894,#6895,#6896,#6897,#6898,#6899,#6900,#6901,
    #6902,#6903,#6904,#6905,#6906,#6907,#6908,#6909,#6910),
  .UNSPECIFIED.,.F.,.F.,(4,1,1,1,1,1,1,1,1,1,1,1,1,1,1,1,1,1,1,1,1,1,4),
  (0.,4.545454545455E-02,9.090909090909E-02,0.136363636364,
    0.181818181818,0.227272727273,0.272727272727,0.318181818182,
    0.363636363636,0.409090909091,0.454545454545,0.5,0.545454545455,
    0.590909090909,0.636363636364,0.681818181818,0.727272727273,
    0.772727272727,0.818181818182,0.863636363636,0.909090909091,
    0.954545454545,1.),.QUASI_UNIFORM_KNOTS.);
#6886 = CARTESIAN_POINT('',(1.380845270822E-06,0.999999999998));
#6887 = CARTESIAN_POINT('',(1.328157696144E-02,0.999999702964));
#6888 = CARTESIAN_POINT('',(3.967151801702E-02,1.000025908385));
#6889 = CARTESIAN_POINT('',(7.896500660932E-02,1.000154169976));
#6890 = CARTESIAN_POINT('',(0.118189717656,1.000384936833));
#6891 = CARTESIAN_POINT('',(0.157558794431,1.00071427194));
#6892 = CARTESIAN_POINT('',(0.197301916685,1.0010983232));
#6893 = CARTESIAN_POINT('',(0.237660569317,1.001449338464));
#6894 = CARTESIAN_POINT('',(0.278975412423,1.001525064596));
#6895 = CARTESIAN_POINT('',(0.321316453287,1.001314702681));
#6896 = CARTESIAN_POINT('',(0.364615558581,1.000945416147));
#6897 = CARTESIAN_POINT('',(0.408823649172,1.000517402927));
#6898 = CARTESIAN_POINT('',(0.453870843678,1.000153797803));
#6899 = CARTESIAN_POINT('',(0.499681578879,0.999993372996));
#6900 = CARTESIAN_POINT('',(0.546116034642,0.999916643396));
#6901 = CARTESIAN_POINT('',(0.593241736152,0.999950709546));
#6902 = CARTESIAN_POINT('',(0.641146294463,1.000100937313));
#6903 = CARTESIAN_POINT('',(0.689941105342,1.000349707743));
#6904 = CARTESIAN_POINT('',(0.739745763854,1.000646194396));
#6905 = CARTESIAN_POINT('',(0.790769451551,1.000898162114));
#6906 = CARTESIAN_POINT('',(0.842764781863,1.00091546934));
#6907 = CARTESIAN_POINT('',(0.895294271446,1.000644058801));
#6908 = CARTESIAN_POINT('',(0.947898113418,1.000194960198));
#6909 = CARTESIAN_POINT('',(0.982723012943,1.000013626725));
#6910 = CARTESIAN_POINT('',(1.000000003468,0.999999999999));
#6911 = ( GEOMETRIC_REPRESENTATION_CONTEXT(2) 
PARAMETRIC_REPRESENTATION_CONTEXT() REPRESENTATION_CONTEXT('2D SPACE',''
  ) );
#6912 = ORIENTED_EDGE('',*,*,#6913,.T.);
#6913 = EDGE_CURVE('',#6831,#5269,#6914,.T.);
#6914 = SURFACE_CURVE('',#6915,(#6923,#6952),.PCURVE_S1.);
#6915 = B_SPLINE_CURVE_WITH_KNOTS('',3,(#6916,#6917,#6918,#6919,#6920,
    #6921,#6922),.UNSPECIFIED.,.F.,.F.,(4,1,1,1,4),(0.,0.249999592075,
    0.49999919268,0.749998793286,1.),.UNSPECIFIED.);
#6916 = CARTESIAN_POINT('',(4.206779194552,2.780255746083,
    -43.07085511757));
#6917 = CARTESIAN_POINT('',(4.125911089952,2.794153561063,
    -42.97308679519));
#6918 = CARTESIAN_POINT('',(3.992909182421,2.82540736819,-42.75842057593
    ));
#6919 = CARTESIAN_POINT('',(3.883455444482,2.881166146498,
    -42.36770910464));
#6920 = CARTESIAN_POINT('',(3.875401466109,2.941856334332,
    -41.91585078898));
#6921 = CARTESIAN_POINT('',(3.949508146601,2.987339891762,
    -41.54070421073));
#6922 = CARTESIAN_POINT('',(3.987032060107,3.007767158411,
    -41.36416824768));
#6923 = PCURVE('',#5284,#6924);
#6924 = DEFINITIONAL_REPRESENTATION('',(#6925),#6951);
#6925 = B_SPLINE_CURVE_WITH_KNOTS('',3,(#6926,#6927,#6928,#6929,#6930,
    #6931,#6932,#6933,#6934,#6935,#6936,#6937,#6938,#6939,#6940,#6941,
    #6942,#6943,#6944,#6945,#6946,#6947,#6948,#6949,#6950),
  .UNSPECIFIED.,.F.,.F.,(4,1,1,1,1,1,1,1,1,1,1,1,1,1,1,1,1,1,1,1,1,1,4),
  (0.,4.545454545455E-02,9.090909090909E-02,0.136363636364,
    0.181818181818,0.227272727273,0.272727272727,0.318181818182,
    0.363636363636,0.409090909091,0.454545454545,0.5,0.545454545455,
    0.590909090909,0.636363636364,0.681818181818,0.727272727273,
    0.772727272727,0.818181818182,0.863636363636,0.909090909091,
    0.954545454545,1.),.QUASI_UNIFORM_KNOTS.);
#6926 = CARTESIAN_POINT('',(0.543316466665,18.49873171752));
#6927 = CARTESIAN_POINT('',(0.536518822373,18.498731717526));
#6928 = CARTESIAN_POINT('',(0.522936491827,18.498760841199));
#6929 = CARTESIAN_POINT('',(0.502564005059,18.498913152546));
#6930 = CARTESIAN_POINT('',(0.482155008587,18.499195336298));
#6931 = CARTESIAN_POINT('',(0.461670771579,18.499628668005));
#6932 = CARTESIAN_POINT('',(0.441066810698,18.50023431557));
#6933 = CARTESIAN_POINT('',(0.420289874905,18.501033848509));
#6934 = CARTESIAN_POINT('',(0.399305495955,18.502046943484));
#6935 = CARTESIAN_POINT('',(0.378098697609,18.503291384253));
#6936 = CARTESIAN_POINT('',(0.35664809258,18.504785356566));
#6937 = CARTESIAN_POINT('',(0.334931997495,18.506546937094));
#6938 = CARTESIAN_POINT('',(0.312927161994,18.508594236843));
#6939 = CARTESIAN_POINT('',(0.29060949017,18.510945338551));
#6940 = CARTESIAN_POINT('',(0.267857915362,18.513639511711));
#6941 = CARTESIAN_POINT('',(0.244549104848,18.516715734629));
#6942 = CARTESIAN_POINT('',(0.220568129396,18.520214069367));
#6943 = CARTESIAN_POINT('',(0.195841425786,18.524170534148));
#6944 = CARTESIAN_POINT('',(0.170227632039,18.528636238802));
#6945 = CARTESIAN_POINT('',(0.143814352148,18.533591161911));
#6946 = CARTESIAN_POINT('',(0.116921687779,18.538944158845));
#6947 = CARTESIAN_POINT('',(8.980951137674E-02,18.544619176052));
#6948 = CARTESIAN_POINT('',(6.2741541705E-02,18.550536114948));
#6949 = CARTESIAN_POINT('',(4.48968116359E-02,18.55458934898));
#6950 = CARTESIAN_POINT('',(3.606770609405E-02,18.556629897905));
#6951 = ( GEOMETRIC_REPRESENTATION_CONTEXT(2) 
PARAMETRIC_REPRESENTATION_CONTEXT() REPRESENTATION_CONTEXT('2D SPACE',''
  ) );
#6952 = PCURVE('',#6953,#6990);
#6953 = B_SPLINE_SURFACE_WITH_KNOTS('',3,3,(
    (#6954,#6955,#6956,#6957)
    ,(#6958,#6959,#6960,#6961)
    ,(#6962,#6963,#6964,#6965)
    ,(#6966,#6967,#6968,#6969)
    ,(#6970,#6971,#6972,#6973)
    ,(#6974,#6975,#6976,#6977)
    ,(#6978,#6979,#6980,#6981)
    ,(#6982,#6983,#6984,#6985)
    ,(#6986,#6987,#6988,#6989
    )),.UNSPECIFIED.,.F.,.F.,.F.,(4,1,1,1,1,1,4),(4,4),(
    -4.855273781007E-02,0.,0.25,0.5,0.75,1.,1.036033113589),(
    -0.317095118379,1.317095118379),.UNSPECIFIED.);
#6954 = CARTESIAN_POINT('',(3.978375846412,2.32769415924,-43.31968338024
    ));
#6955 = CARTESIAN_POINT('',(4.092996962206,2.511599347361,
    -43.23988900731));
#6956 = CARTESIAN_POINT('',(4.207618078,2.695504535481,-43.16009463437)
  );
#6957 = CARTESIAN_POINT('',(4.322239193793,2.879409723602,
    -43.08030026143));
#6958 = CARTESIAN_POINT('',(3.956811740017,2.330925078641,
    -43.29654418654));
#6959 = CARTESIAN_POINT('',(4.073409596394,2.514555616477,
    -43.21875950825));
#6960 = CARTESIAN_POINT('',(4.190007452771,2.698186154313,
    -43.14097482996));
#6961 = CARTESIAN_POINT('',(4.306605309149,2.881816692149,
    -43.06319015168));
#6962 = CARTESIAN_POINT('',(3.828262460912,2.351405281148,
    -43.15109192432));
#6963 = CARTESIAN_POINT('',(3.956706841525,2.53326389769,-43.08609304258
    ));
#6964 = CARTESIAN_POINT('',(4.085151222137,2.715122514232,
    -43.02109416084));
#6965 = CARTESIAN_POINT('',(4.21359560275,2.896981130773,-42.9560952791)
  );
#6966 = CARTESIAN_POINT('',(3.638849215483,2.395630862363,
    -42.84858807571));
#6967 = CARTESIAN_POINT('',(3.785282910836,2.573379743425,
    -42.81129623943));
#6968 = CARTESIAN_POINT('',(3.931716606189,2.751128624486,
    -42.77400440315));
#6969 = CARTESIAN_POINT('',(4.078150301542,2.928877505548,
    -42.73671256687));
#6970 = CARTESIAN_POINT('',(3.499143308646,2.467290889788,
    -42.36067795081));
#6971 = CARTESIAN_POINT('',(3.658088865042,2.638463281589,
    -42.36358579452));
#6972 = CARTESIAN_POINT('',(3.817034421438,2.809635673391,
    -42.36649363822));
#6973 = CARTESIAN_POINT('',(3.975979977834,2.980808065192,
    -42.36940148193));
#6974 = CARTESIAN_POINT('',(3.492568688868,2.544342541829,
    -41.81243211141));
#6975 = CARTESIAN_POINT('',(3.65090228164,2.708747959646,-41.85520536013
    ));
#6976 = CARTESIAN_POINT('',(3.809235874413,2.873153377464,
    -41.89797860885));
#6977 = CARTESIAN_POINT('',(3.967569467185,3.037558795282,
    -41.94075185757));
#6978 = CARTESIAN_POINT('',(3.575296392487,2.596878969571,
    -41.39915036258));
#6979 = CARTESIAN_POINT('',(3.732273379801,2.759723210601,
    -41.44651328708));
#6980 = CARTESIAN_POINT('',(3.889250367114,2.922567451632,
    -41.49387621158));
#6981 = CARTESIAN_POINT('',(4.046227354428,3.085411692662,
    -41.54123913608));
#6982 = CARTESIAN_POINT('',(3.62134999636,2.621372758608,-41.18433708448
    ));
#6983 = CARTESIAN_POINT('',(3.777068022704,2.783594917239,
    -41.23776082863));
#6984 = CARTESIAN_POINT('',(3.932786049048,2.94581707587,-41.29118457277
    ));
#6985 = CARTESIAN_POINT('',(4.088504075392,3.108039234501,
    -41.34460831692));
#6986 = CARTESIAN_POINT('',(3.627125234871,2.62439586009,-41.15739471517
    ));
#6987 = CARTESIAN_POINT('',(3.78267558986,2.786541195548,-41.21166424116
    ));
#6988 = CARTESIAN_POINT('',(3.938225944849,2.948686531007,
    -41.26593376715));
#6989 = CARTESIAN_POINT('',(4.093776299837,3.110831866465,
    -41.32020329314));
#6990 = DEFINITIONAL_REPRESENTATION('',(#6991),#6994);
#6991 = B_SPLINE_CURVE_WITH_KNOTS('',1,(#6992,#6993),.UNSPECIFIED.,.F.,
  .F.,(2,2),(0.,1.),.PIECEWISE_BEZIER_KNOTS.);
#6992 = CARTESIAN_POINT('',(2.852388175596E-09,0.999999999997));
#6993 = CARTESIAN_POINT('',(1.000000401529,0.999999999999));
#6994 = ( GEOMETRIC_REPRESENTATION_CONTEXT(2) 
PARAMETRIC_REPRESENTATION_CONTEXT() REPRESENTATION_CONTEXT('2D SPACE',''
  ) );
#6995 = ORIENTED_EDGE('',*,*,#5268,.T.);
#6996 = ORIENTED_EDGE('',*,*,#6997,.T.);
#6997 = EDGE_CURVE('',#5236,#6998,#7000,.T.);
#6998 = VERTEX_POINT('',#6999);
#6999 = CARTESIAN_POINT('',(4.120130832111,5.143794352539,
    -43.47850363907));
#7000 = SURFACE_CURVE('',#7001,(#7009,#7038),.PCURVE_S1.);
#7001 = B_SPLINE_CURVE_WITH_KNOTS('',3,(#7002,#7003,#7004,#7005,#7006,
    #7007,#7008),.UNSPECIFIED.,.F.,.F.,(4,1,1,1,4),(0.,0.250000923183,
    0.500000615477,0.750000307771,1.),.UNSPECIFIED.);
#7002 = CARTESIAN_POINT('',(3.900229968975,5.375497744937,
    -41.77253996337));
#7003 = CARTESIAN_POINT('',(3.862238297116,5.353974597507,
    -41.95127659644));
#7004 = CARTESIAN_POINT('',(3.787468635951,5.306498673021,
    -42.32949930318));
#7005 = CARTESIAN_POINT('',(3.797702699647,5.242613257076,
    -42.79481542916));
#7006 = CARTESIAN_POINT('',(3.919563951899,5.185046256281,
    -43.19314546803));
#7007 = CARTESIAN_POINT('',(4.043985626503,5.156880500195,
    -43.38644523227));
#7008 = CARTESIAN_POINT('',(4.120130832111,5.143794352539,
    -43.47850363907));
#7009 = PCURVE('',#5284,#7010);
#7010 = DEFINITIONAL_REPRESENTATION('',(#7011),#7037);
#7011 = B_SPLINE_CURVE_WITH_KNOTS('',3,(#7012,#7013,#7014,#7015,#7016,
    #7017,#7018,#7019,#7020,#7021,#7022,#7023,#7024,#7025,#7026,#7027,
    #7028,#7029,#7030,#7031,#7032,#7033,#7034,#7035,#7036),
  .UNSPECIFIED.,.F.,.F.,(4,1,1,1,1,1,1,1,1,1,1,1,1,1,1,1,1,1,1,1,1,1,4),
  (0.,4.545454545455E-02,9.090909090909E-02,0.136363636364,
    0.181818181818,0.227272727273,0.272727272727,0.318181818182,
    0.363636363636,0.409090909091,0.454545454545,0.5,0.545454545455,
    0.590909090909,0.636363636364,0.681818181818,0.727272727273,
    0.772727272727,0.818181818182,0.863636363636,0.909090909091,
    0.954545454545,1.),.QUASI_UNIFORM_KNOTS.);
#7012 = CARTESIAN_POINT('',(3.606775831753E-02,16.15237321619));
#7013 = CARTESIAN_POINT('',(4.501406238401E-02,16.150457855865));
#7014 = CARTESIAN_POINT('',(6.308085851942E-02,16.146656275738));
#7015 = CARTESIAN_POINT('',(9.046665326071E-02,16.141112826208));
#7016 = CARTESIAN_POINT('',(0.117902825113,16.135799524401));
#7017 = CARTESIAN_POINT('',(0.145148060502,16.130788549454));
#7018 = CARTESIAN_POINT('',(0.171964015357,16.126148544233));
#7019 = CARTESIAN_POINT('',(0.198058686895,16.121961344614));
#7020 = CARTESIAN_POINT('',(0.223345376039,16.118246608329));
#7021 = CARTESIAN_POINT('',(0.247936721127,16.114961809619));
#7022 = CARTESIAN_POINT('',(0.271883685029,16.112077616005));
#7023 = CARTESIAN_POINT('',(0.295286640669,16.109561159848));
#7024 = CARTESIAN_POINT('',(0.318250568747,16.107380520869));
#7025 = CARTESIAN_POINT('',(0.340882738023,16.10550352451));
#7026 = CARTESIAN_POINT('',(0.363145300779,16.103909005599));
#7027 = CARTESIAN_POINT('',(0.384989558663,16.102575776002));
#7028 = CARTESIAN_POINT('',(0.406355474373,16.101482670557));
#7029 = CARTESIAN_POINT('',(0.427183927536,16.100608455187));
#7030 = CARTESIAN_POINT('',(0.447379382397,16.099932148493));
#7031 = CARTESIAN_POINT('',(0.466991891493,16.099431579733));
#7032 = CARTESIAN_POINT('',(0.486221537534,16.099083388902));
#7033 = CARTESIAN_POINT('',(0.505234869072,16.098864468328));
#7034 = CARTESIAN_POINT('',(0.524200232293,16.098751642703));
#7035 = CARTESIAN_POINT('',(0.536914920635,16.09873171752));
#7036 = CARTESIAN_POINT('',(0.543316468746,16.09873171752));
#7037 = ( GEOMETRIC_REPRESENTATION_CONTEXT(2) 
PARAMETRIC_REPRESENTATION_CONTEXT() REPRESENTATION_CONTEXT('2D SPACE',''
  ) );
#7038 = PCURVE('',#6702,#7039);
#7039 = DEFINITIONAL_REPRESENTATION('',(#7040),#7043);
#7040 = B_SPLINE_CURVE_WITH_KNOTS('',1,(#7041,#7042),.UNSPECIFIED.,.F.,
  .F.,(2,2),(0.,1.),.PIECEWISE_BEZIER_KNOTS.);
#7041 = CARTESIAN_POINT('',(-3.077220928093E-07,0.999999999999));
#7042 = CARTESIAN_POINT('',(1.000000001898,0.999999999994));
#7043 = ( GEOMETRIC_REPRESENTATION_CONTEXT(2) 
PARAMETRIC_REPRESENTATION_CONTEXT() REPRESENTATION_CONTEXT('2D SPACE',''
  ) );
#7044 = ORIENTED_EDGE('',*,*,#7045,.T.);
#7045 = EDGE_CURVE('',#6998,#6801,#7046,.T.);
#7046 = SURFACE_CURVE('',#7047,(#7053,#7059),.PCURVE_S1.);
#7047 = B_SPLINE_CURVE_WITH_KNOTS('',3,(#7048,#7049,#7050,#7051,#7052),
  .UNSPECIFIED.,.F.,.F.,(4,1,4),(0.,0.5,1.),.QUASI_UNIFORM_KNOTS.);
#7048 = CARTESIAN_POINT('',(4.120130832111,5.143794352539,
    -43.47850363907));
#7049 = CARTESIAN_POINT('',(4.271942135593,5.117704395632,
    -43.66204121861));
#7050 = CARTESIAN_POINT('',(4.67728371898,5.082690517704,-43.95120905287
    ));
#7051 = CARTESIAN_POINT('',(5.189630966623,5.081027835589,
    -44.06975202257));
#7052 = CARTESIAN_POINT('',(5.445079869033,5.081027835589,
    -44.12404936294));
#7053 = PCURVE('',#5284,#7054);
#7054 = DEFINITIONAL_REPRESENTATION('',(#7055),#7058);
#7055 = B_SPLINE_CURVE_WITH_KNOTS('',1,(#7056,#7057),.UNSPECIFIED.,.F.,
  .F.,(2,2),(0.,1.),.PIECEWISE_BEZIER_KNOTS.);
#7056 = CARTESIAN_POINT('',(0.543316468746,16.09873171752));
#7057 = CARTESIAN_POINT('',(0.963931395283,16.098731717521));
#7058 = ( GEOMETRIC_REPRESENTATION_CONTEXT(2) 
PARAMETRIC_REPRESENTATION_CONTEXT() REPRESENTATION_CONTEXT('2D SPACE',''
  ) );
#7059 = PCURVE('',#7060,#7097);
#7060 = B_SPLINE_SURFACE_WITH_KNOTS('',3,3,(
    (#7061,#7062,#7063,#7064)
    ,(#7065,#7066,#7067,#7068)
    ,(#7069,#7070,#7071,#7072)
    ,(#7073,#7074,#7075,#7076)
    ,(#7077,#7078,#7079,#7080)
    ,(#7081,#7082,#7083,#7084)
    ,(#7085,#7086,#7087,#7088)
    ,(#7089,#7090,#7091,#7092)
    ,(#7093,#7094,#7095,#7096
    )),.UNSPECIFIED.,.F.,.F.,.F.,(4,1,1,1,1,1,4),(4,4),(
    -6.060580320884E-02,0.,0.25,0.5,0.75,1.,1.045379211354),(
    -0.317095118379,1.317095118379),.UNSPECIFIED.);
#7061 = CARTESIAN_POINT('',(3.740672161455,5.490391648957,
    -43.71457200694));
#7062 = CARTESIAN_POINT('',(3.878132525682,5.350592619368,
    -43.59222509511));
#7063 = CARTESIAN_POINT('',(4.01559288991,5.210793589778,-43.46987818327
    ));
#7064 = CARTESIAN_POINT('',(4.153053254137,5.070994560188,
    -43.34753127144));
#7065 = CARTESIAN_POINT('',(3.760211019085,5.486610739721,
    -43.74064676163));
#7066 = CARTESIAN_POINT('',(3.8959864785,5.347143905032,-43.61601565229)
  );
#7067 = CARTESIAN_POINT('',(4.031761937914,5.207677070344,
    -43.49138454295));
#7068 = CARTESIAN_POINT('',(4.167537397329,5.068210235655,-43.3667534336
    ));
#7069 = CARTESIAN_POINT('',(3.862213833267,5.46797109742,-43.87040043273
    ));
#7070 = CARTESIAN_POINT('',(3.988985602614,5.330159541092,
    -43.73425825646));
#7071 = CARTESIAN_POINT('',(4.11575737196,5.192347984763,-43.59811608019
    ));
#7072 = CARTESIAN_POINT('',(4.242529141307,5.054536428434,
    -43.46197390392));
#7073 = CARTESIAN_POINT('',(4.068961120424,5.440701576693,
    -44.07245410543));
#7074 = CARTESIAN_POINT('',(4.1763901403,5.305410711895,-43.91758557766)
  );
#7075 = CARTESIAN_POINT('',(4.283819160176,5.170119847096,
    -43.76271704988));
#7076 = CARTESIAN_POINT('',(4.391248180051,5.034828982298,
    -43.60784852211));
#7077 = CARTESIAN_POINT('',(4.442166630276,5.413946972258,
    -44.30690409041));
#7078 = CARTESIAN_POINT('',(4.519872074568,5.280756040447,
    -44.13354224873));
#7079 = CARTESIAN_POINT('',(4.59757751886,5.147565108636,-43.96018040704
    ));
#7080 = CARTESIAN_POINT('',(4.675282963153,5.014374176825,
    -43.78681856536));
#7081 = CARTESIAN_POINT('',(4.884692449835,5.401836184432,-44.4711839824
    ));
#7082 = CARTESIAN_POINT('',(4.932161736516,5.269315033697,
    -44.28751186863));
#7083 = CARTESIAN_POINT('',(4.979631023196,5.136793882963,
    -44.10383975487));
#7084 = CARTESIAN_POINT('',(5.027100309876,5.004272732229,
    -43.92016764111));
#7085 = CARTESIAN_POINT('',(5.223372304423,5.401513261289,
    -44.54504491024));
#7086 = CARTESIAN_POINT('',(5.266450107577,5.268950928847,
    -44.36067812863));
#7087 = CARTESIAN_POINT('',(5.30952791073,5.136388596404,-44.17631134702
    ));
#7088 = CARTESIAN_POINT('',(5.352605713884,5.003826263961,
    -43.99194456541));
#7089 = CARTESIAN_POINT('',(5.406064579201,5.401545007906,
    -44.58369328571));
#7090 = CARTESIAN_POINT('',(5.443874782779,5.268986724043,
    -44.39818336766));
#7091 = CARTESIAN_POINT('',(5.481684986357,5.136428440179,-44.2126734496
    ));
#7092 = CARTESIAN_POINT('',(5.519495189935,5.003870156316,
    -44.02716353155));
#7093 = CARTESIAN_POINT('',(5.434087931968,5.401544018549,-44.5896555695
    ));
#7094 = CARTESIAN_POINT('',(5.470984184776,5.268987815631,
    -44.40393931993));
#7095 = CARTESIAN_POINT('',(5.507880437584,5.136431612712,
    -44.21822307036));
#7096 = CARTESIAN_POINT('',(5.544776690392,5.003875409794,
    -44.03250682079));
#7097 = DEFINITIONAL_REPRESENTATION('',(#7098),#7124);
#7098 = B_SPLINE_CURVE_WITH_KNOTS('',3,(#7099,#7100,#7101,#7102,#7103,
    #7104,#7105,#7106,#7107,#7108,#7109,#7110,#7111,#7112,#7113,#7114,
    #7115,#7116,#7117,#7118,#7119,#7120,#7121,#7122,#7123),
  .UNSPECIFIED.,.F.,.F.,(4,1,1,1,1,1,1,1,1,1,1,1,1,1,1,1,1,1,1,1,1,1,4),
  (0.,4.545454545455E-02,9.090909090909E-02,0.136363636364,
    0.181818181818,0.227272727273,0.272727272727,0.318181818182,
    0.363636363636,0.409090909091,0.454545454545,0.5,0.545454545455,
    0.590909090909,0.636363636364,0.681818181818,0.727272727273,
    0.772727272727,0.818181818182,0.863636363636,0.909090909091,
    0.954545454545,1.),.QUASI_UNIFORM_KNOTS.);
#7099 = CARTESIAN_POINT('',(2.193334301989E-09,0.999999999994));
#7100 = CARTESIAN_POINT('',(1.744721044843E-02,1.000017290984));
#7101 = CARTESIAN_POINT('',(5.268014324102E-02,1.000231210577));
#7102 = CARTESIAN_POINT('',(0.105966447125,1.000747051414));
#7103 = CARTESIAN_POINT('',(0.159115150725,1.001024926648));
#7104 = CARTESIAN_POINT('',(0.211537261955,1.000946474025));
#7105 = CARTESIAN_POINT('',(0.26268436883,1.000607829635));
#7106 = CARTESIAN_POINT('',(0.312317468122,1.000258247465));
#7107 = CARTESIAN_POINT('',(0.360760210627,1.000001277917));
#7108 = CARTESIAN_POINT('',(0.408194472555,0.999881728834));
#7109 = CARTESIAN_POINT('',(0.454785341573,0.999895627173));
#7110 = CARTESIAN_POINT('',(0.500660478363,1.000004364537));
#7111 = CARTESIAN_POINT('',(0.545917816535,1.000141336688));
#7112 = CARTESIAN_POINT('',(0.590462989722,1.000471811581));
#7113 = CARTESIAN_POINT('',(0.634259545863,1.000881357137));
#7114 = CARTESIAN_POINT('',(0.67726885854,1.001257574282));
#7115 = CARTESIAN_POINT('',(0.71946224308,1.001498578103));
#7116 = CARTESIAN_POINT('',(0.760792858973,1.001474078855));
#7117 = CARTESIAN_POINT('',(0.801306707817,1.001162934286));
#7118 = CARTESIAN_POINT('',(0.841287521339,1.000791663986));
#7119 = CARTESIAN_POINT('',(0.880944009927,1.000450929799));
#7120 = CARTESIAN_POINT('',(0.92047612686,1.000193299724));
#7121 = CARTESIAN_POINT('',(0.960071082432,1.000036022961));
#7122 = CARTESIAN_POINT('',(0.986639417328,0.999999812876));
#7123 = CARTESIAN_POINT('',(0.999998603554,1.000000000011));
#7124 = ( GEOMETRIC_REPRESENTATION_CONTEXT(2) 
PARAMETRIC_REPRESENTATION_CONTEXT() REPRESENTATION_CONTEXT('2D SPACE',''
  ) );
#7125 = ADVANCED_FACE('',(#7126),#5319,.F.);
#7126 = FACE_BOUND('',#7127,.F.);
#7127 = EDGE_LOOP('',(#7128,#7151,#7171,#7172));
#7128 = ORIENTED_EDGE('',*,*,#7129,.T.);
#7129 = EDGE_CURVE('',#7130,#6182,#7132,.T.);
#7130 = VERTEX_POINT('',#7131);
#7131 = CARTESIAN_POINT('',(3.700602655687,2.709670359657,
    -41.26879340534));
#7132 = SURFACE_CURVE('',#7133,(#7138,#7144),.PCURVE_S1.);
#7133 = CIRCLE('',#7134,30.);
#7134 = AXIS2_PLACEMENT_3D('',#7135,#7136,#7137);
#7135 = CARTESIAN_POINT('',(4.402086750024,-27.1,-37.96857021381));
#7136 = DIRECTION('',(0.978147600734,3.469446951954E-18,-0.207911690818)
  );
#7137 = DIRECTION('',(-2.338280314457E-02,0.993655678655,-0.110007439718
    ));
#7138 = PCURVE('',#5319,#7139);
#7139 = DEFINITIONAL_REPRESENTATION('',(#7140),#7143);
#7140 = B_SPLINE_CURVE_WITH_KNOTS('',1,(#7141,#7142),.UNSPECIFIED.,.F.,
  .F.,(2,2),(0.,4.391697992963E-02),.PIECEWISE_BEZIER_KNOTS.);
#7141 = CARTESIAN_POINT('',(3.028889148677,-0.149999821435));
#7142 = CARTESIAN_POINT('',(3.072805715962,-0.149999950885));
#7143 = ( GEOMETRIC_REPRESENTATION_CONTEXT(2) 
PARAMETRIC_REPRESENTATION_CONTEXT() REPRESENTATION_CONTEXT('2D SPACE',''
  ) );
#7144 = PCURVE('',#6327,#7145);
#7145 = DEFINITIONAL_REPRESENTATION('',(#7146),#7150);
#7146 = LINE('',#7147,#7148);
#7147 = CARTESIAN_POINT('',(6.182941043974E-02,138.93311814962));
#7148 = VECTOR('',#7149,1.);
#7149 = DIRECTION('',(1.,0.));
#7150 = ( GEOMETRIC_REPRESENTATION_CONTEXT(2) 
PARAMETRIC_REPRESENTATION_CONTEXT() REPRESENTATION_CONTEXT('2D SPACE',''
  ) );
#7151 = ORIENTED_EDGE('',*,*,#7152,.T.);
#7152 = EDGE_CURVE('',#6182,#5303,#7153,.T.);
#7153 = SURFACE_CURVE('',#7154,(#7158,#7165),.PCURVE_S1.);
#7154 = LINE('',#7155,#7156);
#7155 = CARTESIAN_POINT('',(3.973379514349,2.829054419079,-39.9854802911
    ));
#7156 = VECTOR('',#7157,1.);
#7157 = DIRECTION('',(0.681549489094,0.705435046265,-0.194555106377));
#7158 = PCURVE('',#5319,#7159);
#7159 = DEFINITIONAL_REPRESENTATION('',(#7160),#7164);
#7160 = LINE('',#7161,#7162);
#7161 = CARTESIAN_POINT('',(3.072805719297,-0.149999714233));
#7162 = VECTOR('',#7163,1.);
#7163 = DIRECTION('',(-5.154048293588E-09,1.));
#7164 = ( GEOMETRIC_REPRESENTATION_CONTEXT(2) 
PARAMETRIC_REPRESENTATION_CONTEXT() REPRESENTATION_CONTEXT('2D SPACE',''
  ) );
#7165 = PCURVE('',#5353,#7166);
#7166 = DEFINITIONAL_REPRESENTATION('',(#7167),#7170);
#7167 = B_SPLINE_CURVE_WITH_KNOTS('',1,(#7168,#7169),.UNSPECIFIED.,.F.,
  .F.,(2,2),(-3.346763474635E-07,0.424263740219),
  .PIECEWISE_BEZIER_KNOTS.);
#7168 = CARTESIAN_POINT('',(-3.962279728287E-09,-1.402657978414E-06));
#7169 = CARTESIAN_POINT('',(4.077789854734E-09,1.00000004383));
#7170 = ( GEOMETRIC_REPRESENTATION_CONTEXT(2) 
PARAMETRIC_REPRESENTATION_CONTEXT() REPRESENTATION_CONTEXT('2D SPACE',''
  ) );
#7171 = ORIENTED_EDGE('',*,*,#5302,.F.);
#7172 = ORIENTED_EDGE('',*,*,#7173,.F.);
#7173 = EDGE_CURVE('',#7130,#5269,#7174,.T.);
#7174 = SURFACE_CURVE('',#7175,(#7179,#7186),.PCURVE_S1.);
#7175 = LINE('',#7176,#7177);
#7176 = CARTESIAN_POINT('',(3.700602763022,2.709670462163,
    -41.26879205853));
#7177 = VECTOR('',#7178,1.);
#7178 = DIRECTION('',(0.675120327664,0.70262065122,-0.224803833718));
#7179 = PCURVE('',#5319,#7180);
#7180 = DEFINITIONAL_REPRESENTATION('',(#7181),#7185);
#7181 = LINE('',#7182,#7183);
#7182 = CARTESIAN_POINT('',(3.028889193434,-0.149999933357));
#7183 = VECTOR('',#7184,1.);
#7184 = DIRECTION('',(-5.323958518027E-08,1.));
#7185 = ( GEOMETRIC_REPRESENTATION_CONTEXT(2) 
PARAMETRIC_REPRESENTATION_CONTEXT() REPRESENTATION_CONTEXT('2D SPACE',''
  ) );
#7186 = PCURVE('',#6953,#7187);
#7187 = DEFINITIONAL_REPRESENTATION('',(#7188),#7191);
#7188 = B_SPLINE_CURVE_WITH_KNOTS('',1,(#7189,#7190),.UNSPECIFIED.,.F.,
  .F.,(2,2),(1.582811775609E-07,0.424264068711),
  .PIECEWISE_BEZIER_KNOTS.);
#7189 = CARTESIAN_POINT('',(1.000000586185,3.730720241482E-07));
#7190 = CARTESIAN_POINT('',(1.000000401527,0.999999999999));
#7191 = ( GEOMETRIC_REPRESENTATION_CONTEXT(2) 
PARAMETRIC_REPRESENTATION_CONTEXT() REPRESENTATION_CONTEXT('2D SPACE',''
  ) );
#7192 = ADVANCED_FACE('',(#7193),#5353,.F.);
#7193 = FACE_BOUND('',#7194,.F.);
#7194 = EDGE_LOOP('',(#7195,#7196,#7197,#7198));
#7195 = ORIENTED_EDGE('',*,*,#7152,.F.);
#7196 = ORIENTED_EDGE('',*,*,#6181,.T.);
#7197 = ORIENTED_EDGE('',*,*,#5560,.T.);
#7198 = ORIENTED_EDGE('',*,*,#5331,.F.);
#7199 = ADVANCED_FACE('',(#7200),#5650,.T.);
#7200 = FACE_BOUND('',#7201,.T.);
#7201 = EDGE_LOOP('',(#7202,#7222,#7223,#7224));
#7202 = ORIENTED_EDGE('',*,*,#7203,.T.);
#7203 = EDGE_CURVE('',#6529,#5632,#7204,.T.);
#7204 = SURFACE_CURVE('',#7205,(#7209,#7216),.PCURVE_S1.);
#7205 = LINE('',#7206,#7207);
#7206 = CARTESIAN_POINT('',(-20.26731202049,5.673438140316,
    -36.67144736392));
#7207 = VECTOR('',#7208,1.);
#7208 = DIRECTION('',(-0.674457372143,-0.70225224654,0.22792331033));
#7209 = PCURVE('',#5650,#7210);
#7210 = DEFINITIONAL_REPRESENTATION('',(#7211),#7215);
#7211 = LINE('',#7212,#7213);
#7212 = CARTESIAN_POINT('',(3.024346065689,0.149999999999));
#7213 = VECTOR('',#7214,1.);
#7214 = DIRECTION('',(-4.239371816585E-08,-1.));
#7215 = ( GEOMETRIC_REPRESENTATION_CONTEXT(2) 
PARAMETRIC_REPRESENTATION_CONTEXT() REPRESENTATION_CONTEXT('2D SPACE',''
  ) );
#7216 = PCURVE('',#6570,#7217);
#7217 = DEFINITIONAL_REPRESENTATION('',(#7218),#7221);
#7218 = B_SPLINE_CURVE_WITH_KNOTS('',1,(#7219,#7220),.UNSPECIFIED.,.F.,
  .F.,(2,2),(3.557744326747E-12,0.424264068713),
  .PIECEWISE_BEZIER_KNOTS.);
#7219 = CARTESIAN_POINT('',(1.000000474339,8.3005107194E-12));
#7220 = CARTESIAN_POINT('',(1.000000312293,1.));
#7221 = ( GEOMETRIC_REPRESENTATION_CONTEXT(2) 
PARAMETRIC_REPRESENTATION_CONTEXT() REPRESENTATION_CONTEXT('2D SPACE',''
  ) );
#7222 = ORIENTED_EDGE('',*,*,#5631,.T.);
#7223 = ORIENTED_EDGE('',*,*,#6502,.F.);
#7224 = ORIENTED_EDGE('',*,*,#6613,.F.);
#7225 = ADVANCED_FACE('',(#7226),#5844,.F.);
#7226 = FACE_BOUND('',#7227,.F.);
#7227 = EDGE_LOOP('',(#7228,#7258,#7341,#7387,#7388,#7473));
#7228 = ORIENTED_EDGE('',*,*,#7229,.T.);
#7229 = EDGE_CURVE('',#7230,#7232,#7234,.T.);
#7230 = VERTEX_POINT('',#7231);
#7231 = CARTESIAN_POINT('',(-22.83454734358,2.717489228359,
    -37.68696284231));
#7232 = VERTEX_POINT('',#7233);
#7233 = CARTESIAN_POINT('',(-22.92119569767,5.081027835589,
    -38.0946113611));
#7234 = SURFACE_CURVE('',#7235,(#7239,#7246),.PCURVE_S1.);
#7235 = LINE('',#7236,#7237);
#7236 = CARTESIAN_POINT('',(-22.83454734358,2.717489228359,
    -37.68696284231));
#7237 = VECTOR('',#7238,1.);
#7238 = DIRECTION('',(-3.610348087146E-02,0.984807753012,-0.169853549495
    ));
#7239 = PCURVE('',#5844,#7240);
#7240 = DEFINITIONAL_REPRESENTATION('',(#7241),#7245);
#7241 = LINE('',#7242,#7243);
#7242 = CARTESIAN_POINT('',(0.963931398809,24.722861400331));
#7243 = VECTOR('',#7244,1.);
#7244 = DIRECTION('',(-1.466363835911E-09,1.));
#7245 = ( GEOMETRIC_REPRESENTATION_CONTEXT(2) 
PARAMETRIC_REPRESENTATION_CONTEXT() REPRESENTATION_CONTEXT('2D SPACE',''
  ) );
#7246 = PCURVE('',#7247,#7252);
#7247 = PLANE('',#7248);
#7248 = AXIS2_PLACEMENT_3D('',#7249,#7250,#7251);
#7249 = CARTESIAN_POINT('',(-26.84461957375,5.376470161492,
    -37.3139201464));
#7250 = DIRECTION('',(0.204753045059,0.173648177667,0.963287340793));
#7251 = DIRECTION('',(0.978147600734,6.60582699652E-15,-0.207911690818)
  );
#7252 = DEFINITIONAL_REPRESENTATION('',(#7253),#7257);
#7253 = LINE('',#7254,#7255);
#7254 = CARTESIAN_POINT('',(4.000002468364,-2.7));
#7255 = VECTOR('',#7256,1.);
#7256 = DIRECTION('',(5.474332293032E-09,1.));
#7257 = ( GEOMETRIC_REPRESENTATION_CONTEXT(2) 
PARAMETRIC_REPRESENTATION_CONTEXT() REPRESENTATION_CONTEXT('2D SPACE',''
  ) );
#7258 = ORIENTED_EDGE('',*,*,#7259,.T.);
#7259 = EDGE_CURVE('',#7232,#7260,#7262,.T.);
#7260 = VERTEX_POINT('',#7261);
#7261 = CARTESIAN_POINT('',(-21.44822742268,5.143794352539,
    -38.04378132088));
#7262 = SURFACE_CURVE('',#7263,(#7269,#7275),.PCURVE_S1.);
#7263 = B_SPLINE_CURVE_WITH_KNOTS('',3,(#7264,#7265,#7266,#7267,#7268),
  .UNSPECIFIED.,.F.,.F.,(4,1,4),(0.,0.5,1.),.QUASI_UNIFORM_KNOTS.);
#7264 = CARTESIAN_POINT('',(-22.92119569767,5.081027835589,
    -38.0946113611));
#7265 = CARTESIAN_POINT('',(-22.66574679526,5.081027835589,
    -38.14890870148));
#7266 = CARTESIAN_POINT('',(-22.14947852486,5.082690517704,
    -38.24900470958));
#7267 = CARTESIAN_POINT('',(-21.66156540838,5.117704395632,
    -38.14970402302));
#7268 = CARTESIAN_POINT('',(-21.44822742268,5.143794352539,
    -38.04378132088));
#7269 = PCURVE('',#5844,#7270);
#7270 = DEFINITIONAL_REPRESENTATION('',(#7271),#7274);
#7271 = B_SPLINE_CURVE_WITH_KNOTS('',1,(#7272,#7273),.UNSPECIFIED.,.F.,
  .F.,(2,2),(0.,1.),.PIECEWISE_BEZIER_KNOTS.);
#7272 = CARTESIAN_POINT('',(0.963931395289,27.122861400332));
#7273 = CARTESIAN_POINT('',(0.543316468746,27.122861400331));
#7274 = ( GEOMETRIC_REPRESENTATION_CONTEXT(2) 
PARAMETRIC_REPRESENTATION_CONTEXT() REPRESENTATION_CONTEXT('2D SPACE',''
  ) );
#7275 = PCURVE('',#7276,#7313);
#7276 = B_SPLINE_SURFACE_WITH_KNOTS('',3,3,(
    (#7277,#7278,#7279,#7280)
    ,(#7281,#7282,#7283,#7284)
    ,(#7285,#7286,#7287,#7288)
    ,(#7289,#7290,#7291,#7292)
    ,(#7293,#7294,#7295,#7296)
    ,(#7297,#7298,#7299,#7300)
    ,(#7301,#7302,#7303,#7304)
    ,(#7305,#7306,#7307,#7308)
    ,(#7309,#7310,#7311,#7312
    )),.UNSPECIFIED.,.F.,.F.,.F.,(4,1,1,1,1,1,4),(4,4),(
    -4.535178472878E-02,0.,0.25,0.5,0.75,1.,1.060187938375),(
    -0.317095118379,1.317095118379),.UNSPECIFIED.);
#7277 = CARTESIAN_POINT('',(-23.10088861657,5.401546669022,
    -38.52434369961));
#7278 = CARTESIAN_POINT('',(-23.05903939072,5.268990404179,-38.339680596
    ));
#7279 = CARTESIAN_POINT('',(-23.01719016486,5.136434139336,
    -38.15501749239));
#7280 = CARTESIAN_POINT('',(-22.975340939,5.003877874493,-37.97035438878
    ));
#7281 = CARTESIAN_POINT('',(-23.07278786715,5.401545815343,
    -38.53032164791));
#7282 = CARTESIAN_POINT('',(-23.03186158417,5.268987511225,
    -38.34547419041));
#7283 = CARTESIAN_POINT('',(-22.99093530119,5.136429207107,
    -38.16062673291));
#7284 = CARTESIAN_POINT('',(-22.95000901821,5.003870902989,
    -37.97577927542));
#7285 = CARTESIAN_POINT('',(-22.88926809927,5.401508794078,
    -38.56954462738));
#7286 = CARTESIAN_POINT('',(-22.85366248388,5.268946571214,
    -38.38358894789));
#7287 = CARTESIAN_POINT('',(-22.8180568685,5.136384348351,-38.1976332684
    ));
#7288 = CARTESIAN_POINT('',(-22.78245125311,5.003822125487,
    -38.01167758891));
#7289 = CARTESIAN_POINT('',(-22.54564001072,5.401885614138,
    -38.64040023659));
#7290 = CARTESIAN_POINT('',(-22.51451379917,5.269363278137,
    -38.45326116712));
#7291 = CARTESIAN_POINT('',(-22.48338758763,5.136840942135,
    -38.26612209766));
#7292 = CARTESIAN_POINT('',(-22.45226137608,5.004318606133,
    -38.0789830282));
#7293 = CARTESIAN_POINT('',(-22.08019636571,5.414009086565,
    -38.66904166701));
#7294 = CARTESIAN_POINT('',(-22.0806701008,5.2808112786,-38.47910219558)
  );
#7295 = CARTESIAN_POINT('',(-22.08114383589,5.147613470635,
    -38.28916272414));
#7296 = CARTESIAN_POINT('',(-22.08161757098,5.014415662671,
    -38.0992232527));
#7297 = CARTESIAN_POINT('',(-21.64906754182,5.440210148668,
    -38.60876765072));
#7298 = CARTESIAN_POINT('',(-21.68368369651,5.304961823798,
    -38.42345984331));
#7299 = CARTESIAN_POINT('',(-21.71829985119,5.169713498929,
    -38.2381520359));
#7300 = CARTESIAN_POINT('',(-21.75291600588,5.03446517406,
    -38.05284422849));
#7301 = CARTESIAN_POINT('',(-21.37283306041,5.467845256192,
    -38.50725525656));
#7302 = CARTESIAN_POINT('',(-21.43320098445,5.330044561213,
    -38.3312723366));
#7303 = CARTESIAN_POINT('',(-21.4935689085,5.192243866234,
    -38.15528941665));
#7304 = CARTESIAN_POINT('',(-21.55393683255,5.054443171256,
    -37.97930649669));
#7305 = CARTESIAN_POINT('',(-21.22593109217,5.486629900804,
    -38.42956720946));
#7306 = CARTESIAN_POINT('',(-21.29928439952,5.347161596673,
    -38.2604929283));
#7307 = CARTESIAN_POINT('',(-21.37263770687,5.207693292543,
    -38.09141864714));
#7308 = CARTESIAN_POINT('',(-21.44599101422,5.068224988413,
    -37.92234436599));
#7309 = CARTESIAN_POINT('',(-21.19756697107,5.49041238837,
    -38.41366539609));
#7310 = CARTESIAN_POINT('',(-21.27337963348,5.350611804969,
    -38.24599491199));
#7311 = CARTESIAN_POINT('',(-21.34919229589,5.210811221567,
    -38.07832442789));
#7312 = CARTESIAN_POINT('',(-21.4250049583,5.071010638166,
    -37.91065394378));
#7313 = DEFINITIONAL_REPRESENTATION('',(#7314),#7340);
#7314 = B_SPLINE_CURVE_WITH_KNOTS('',3,(#7315,#7316,#7317,#7318,#7319,
    #7320,#7321,#7322,#7323,#7324,#7325,#7326,#7327,#7328,#7329,#7330,
    #7331,#7332,#7333,#7334,#7335,#7336,#7337,#7338,#7339),
  .UNSPECIFIED.,.F.,.F.,(4,1,1,1,1,1,1,1,1,1,1,1,1,1,1,1,1,1,1,1,1,1,4),
  (0.,4.545454545455E-02,9.090909090909E-02,0.136363636364,
    0.181818181818,0.227272727273,0.272727272727,0.318181818182,
    0.363636363636,0.409090909091,0.454545454545,0.5,0.545454545455,
    0.590909090909,0.636363636364,0.681818181818,0.727272727273,
    0.772727272727,0.818181818182,0.863636363636,0.909090909091,
    0.954545454545,1.),.QUASI_UNIFORM_KNOTS.);
#7315 = CARTESIAN_POINT('',(1.388322664637E-06,1.000000000005));
#7316 = CARTESIAN_POINT('',(1.328269722001E-02,0.999999701512));
#7317 = CARTESIAN_POINT('',(3.967464590838E-02,1.000025822777));
#7318 = CARTESIAN_POINT('',(7.897081782966E-02,1.000153852809));
#7319 = CARTESIAN_POINT('',(0.118198214745,1.000384431544));
#7320 = CARTESIAN_POINT('',(0.157570293118,1.000713734377));
#7321 = CARTESIAN_POINT('',(0.19731709396,1.001097972189));
#7322 = CARTESIAN_POINT('',(0.237680513791,1.001449368531));
#7323 = CARTESIAN_POINT('',(0.27900189688,1.001525492361));
#7324 = CARTESIAN_POINT('',(0.321351069666,1.001315476706));
#7325 = CARTESIAN_POINT('',(0.364659525835,1.000946240227));
#7326 = CARTESIAN_POINT('',(0.408877687988,1.000517911798));
#7327 = CARTESIAN_POINT('',(0.453935042983,1.000153748889));
#7328 = CARTESIAN_POINT('',(0.499755190993,0.999992861436));
#7329 = CARTESIAN_POINT('',(0.546197646052,0.999916604413));
#7330 = CARTESIAN_POINT('',(0.593329651979,0.999951559474));
#7331 = CARTESIAN_POINT('',(0.641238110004,1.000102488624));
#7332 = CARTESIAN_POINT('',(0.690033526923,1.000351348176));
#7333 = CARTESIAN_POINT('',(0.739834487311,1.000647113972));
#7334 = CARTESIAN_POINT('',(0.790848142034,1.000897499587));
#7335 = CARTESIAN_POINT('',(0.842826979958,1.000913545623));
#7336 = CARTESIAN_POINT('',(0.895335940413,1.000642150365));
#7337 = CARTESIAN_POINT('',(0.947917892862,1.000194269048));
#7338 = CARTESIAN_POINT('',(0.982729140507,1.000013550324));
#7339 = CARTESIAN_POINT('',(0.999999997833,0.999999999999));
#7340 = ( GEOMETRIC_REPRESENTATION_CONTEXT(2) 
PARAMETRIC_REPRESENTATION_CONTEXT() REPRESENTATION_CONTEXT('2D SPACE',''
  ) );
#7341 = ORIENTED_EDGE('',*,*,#7342,.T.);
#7342 = EDGE_CURVE('',#7260,#5632,#7343,.T.);
#7343 = SURFACE_CURVE('',#7344,(#7352,#7381),.PCURVE_S1.);
#7344 = B_SPLINE_CURVE_WITH_KNOTS('',3,(#7345,#7346,#7347,#7348,#7349,
    #7350,#7351),.UNSPECIFIED.,.F.,.F.,(4,1,1,1,4),(0.,0.249999687662,
    0.499999375385,0.749999063109,1.),.UNSPECIFIED.);
#7345 = CARTESIAN_POINT('',(-21.44822742268,5.143794352539,
    -38.04378132088));
#7346 = CARTESIAN_POINT('',(-21.33480023938,5.157665817178,
    -37.98746451582));
#7347 = CARTESIAN_POINT('',(-21.12673264053,5.188830254147,
    -37.84627813416));
#7348 = CARTESIAN_POINT('',(-20.86640882734,5.245398978191,
    -37.53259738541));
#7349 = CARTESIAN_POINT('',(-20.67547091475,5.30736317327,
    -37.12255573281));
#7350 = CARTESIAN_POINT('',(-20.59089570195,5.354289565335,
    -36.75086872216));
#7351 = CARTESIAN_POINT('',(-20.55346004937,5.375497744937,
    -36.57474769293));
#7352 = PCURVE('',#5844,#7353);
#7353 = DEFINITIONAL_REPRESENTATION('',(#7354),#7380);
#7354 = B_SPLINE_CURVE_WITH_KNOTS('',3,(#7355,#7356,#7357,#7358,#7359,
    #7360,#7361,#7362,#7363,#7364,#7365,#7366,#7367,#7368,#7369,#7370,
    #7371,#7372,#7373,#7374,#7375,#7376,#7377,#7378,#7379),
  .UNSPECIFIED.,.F.,.F.,(4,1,1,1,1,1,1,1,1,1,1,1,1,1,1,1,1,1,1,1,1,1,4),
  (0.,4.545453125949E-02,9.090906251898E-02,0.136363593778,
    0.181818125038,0.227272656297,0.272727187557,0.318181718816,
    0.363636250076,0.409090781335,0.454545312595,0.499999843854,
    0.545454375114,0.590908906373,0.636363437633,0.681817968892,
    0.727272500152,0.772727031411,0.818181562671,0.86363609393,
    0.90909062519,0.954545156449,0.999999687709),.QUASI_UNIFORM_KNOTS.);
#7355 = CARTESIAN_POINT('',(0.543316468746,27.122861400331));
#7356 = CARTESIAN_POINT('',(0.536531636064,27.122861400331));
#7357 = CARTESIAN_POINT('',(0.522980691051,27.122834888322));
#7358 = CARTESIAN_POINT('',(0.502663324259,27.122695386046));
#7359 = CARTESIAN_POINT('',(0.482308587765,27.122435960392));
#7360 = CARTESIAN_POINT('',(0.461867646526,27.12203639033));
#7361 = CARTESIAN_POINT('',(0.44128649155,27.121476573374));
#7362 = CARTESIAN_POINT('',(0.420500002156,27.120735964776));
#7363 = CARTESIAN_POINT('',(0.399473700497,27.119796104208));
#7364 = CARTESIAN_POINT('',(0.378204275087,27.118640615832));
#7365 = CARTESIAN_POINT('',(0.356679436345,27.117252681195));
#7366 = CARTESIAN_POINT('',(0.334886837908,27.115615601703));
#7367 = CARTESIAN_POINT('',(0.312811796773,27.113712641953));
#7368 = CARTESIAN_POINT('',(0.290437935895,27.111527093904));
#7369 = CARTESIAN_POINT('',(0.267644055,27.109023486615));
#7370 = CARTESIAN_POINT('',(0.24430707918,27.106166614612));
#7371 = CARTESIAN_POINT('',(0.220313246999,27.102920284337));
#7372 = CARTESIAN_POINT('',(0.1955897976,27.099251989104));
#7373 = CARTESIAN_POINT('',(0.169997146097,27.095115462814));
#7374 = CARTESIAN_POINT('',(0.143620821734,27.090529290869));
#7375 = CARTESIAN_POINT('',(0.116774838554,27.08557690596));
#7376 = CARTESIAN_POINT('',(8.97140771912E-02,27.080327981493));
#7377 = CARTESIAN_POINT('',(6.269727964807E-02,27.074855878928));
#7378 = CARTESIAN_POINT('',(4.488331050986E-02,27.071107270835));
#7379 = CARTESIAN_POINT('',(3.606794001066E-02,27.069219940563));
#7380 = ( GEOMETRIC_REPRESENTATION_CONTEXT(2) 
PARAMETRIC_REPRESENTATION_CONTEXT() REPRESENTATION_CONTEXT('2D SPACE',''
  ) );
#7381 = PCURVE('',#6570,#7382);
#7382 = DEFINITIONAL_REPRESENTATION('',(#7383),#7386);
#7383 = B_SPLINE_CURVE_WITH_KNOTS('',1,(#7384,#7385),.UNSPECIFIED.,.F.,
  .F.,(2,2),(0.,0.999999687709),.PIECEWISE_BEZIER_KNOTS.);
#7384 = CARTESIAN_POINT('',(-1.785677225682E-09,1.));
#7385 = CARTESIAN_POINT('',(0.999999999999,0.999999999998));
#7386 = ( GEOMETRIC_REPRESENTATION_CONTEXT(2) 
PARAMETRIC_REPRESENTATION_CONTEXT() REPRESENTATION_CONTEXT('2D SPACE',''
  ) );
#7387 = ORIENTED_EDGE('',*,*,#5830,.T.);
#7388 = ORIENTED_EDGE('',*,*,#7389,.T.);
#7389 = EDGE_CURVE('',#5798,#7390,#7392,.T.);
#7390 = VERTEX_POINT('',#7391);
#7391 = CARTESIAN_POINT('',(-21.36157904941,2.780255746083,
    -37.63613280168));
#7392 = SURFACE_CURVE('',#7393,(#7401,#7430),.PCURVE_S1.);
#7393 = B_SPLINE_CURVE_WITH_KNOTS('',3,(#7394,#7395,#7396,#7397,#7398,
    #7399,#7400),.UNSPECIFIED.,.F.,.F.,(4,1,1,1,4),(0.,0.250001198367,
    0.500000801907,0.750000405448,1.),.UNSPECIFIED.);
#7394 = CARTESIAN_POINT('',(-20.4666579429,3.007767181067,
    -36.16637598312));
#7395 = CARTESIAN_POINT('',(-20.5044473489,2.987195347917,
    -36.34416132766));
#7396 = CARTESIAN_POINT('',(-20.58947690106,2.941603601326,
    -36.71797387279));
#7397 = CARTESIAN_POINT('',(-20.78568398208,2.879348173335,
    -37.13751526436));
#7398 = CARTESIAN_POINT('',(-21.05990644129,2.821822581486,
    -37.45539012238));
#7399 = CARTESIAN_POINT('',(-21.25372401098,2.793445770971,
    -37.58258257569));
#7400 = CARTESIAN_POINT('',(-21.36157904941,2.780255746083,
    -37.63613280168));
#7401 = PCURVE('',#5844,#7402);
#7402 = DEFINITIONAL_REPRESENTATION('',(#7403),#7429);
#7403 = B_SPLINE_CURVE_WITH_KNOTS('',3,(#7404,#7405,#7406,#7407,#7408,
    #7409,#7410,#7411,#7412,#7413,#7414,#7415,#7416,#7417,#7418,#7419,
    #7420,#7421,#7422,#7423,#7424,#7425,#7426,#7427,#7428),
  .UNSPECIFIED.,.F.,.F.,(4,1,1,1,1,1,1,1,1,1,1,1,1,1,1,1,1,1,1,1,1,1,4),
  (0.,4.545454545455E-02,9.090909090909E-02,0.136363636364,
    0.181818181818,0.227272727273,0.272727272727,0.318181818182,
    0.363636363636,0.409090909091,0.454545454545,0.5,0.545454545455,
    0.590909090909,0.636363636364,0.681818181818,0.727272727273,
    0.772727272727,0.818181818182,0.863636363636,0.909090909091,
    0.954545454545,1.),.QUASI_UNIFORM_KNOTS.);
#7404 = CARTESIAN_POINT('',(3.606770568295E-02,24.664963242704));
#7405 = CARTESIAN_POINT('',(4.495930429257E-02,24.667018232879));
#7406 = CARTESIAN_POINT('',(6.291476911268E-02,24.671097121183));
#7407 = CARTESIAN_POINT('',(9.013030340358E-02,24.677046138115));
#7408 = CARTESIAN_POINT('',(0.117395447802,24.682750089168));
#7409 = CARTESIAN_POINT('',(0.144471389594,24.688132212338));
#7410 = CARTESIAN_POINT('',(0.171122571217,24.693119503187));
#7411 = CARTESIAN_POINT('',(0.197059308384,24.697624938669));
#7412 = CARTESIAN_POINT('',(0.222199496223,24.701627564481));
#7413 = CARTESIAN_POINT('',(0.246664382713,24.705172502483));
#7414 = CARTESIAN_POINT('',(0.270513386244,24.708290855434));
#7415 = CARTESIAN_POINT('',(0.293853860355,24.711017482566));
#7416 = CARTESIAN_POINT('',(0.316800549258,24.713386236322));
#7417 = CARTESIAN_POINT('',(0.339470542247,24.715431239822));
#7418 = CARTESIAN_POINT('',(0.36181560937,24.717173732993));
#7419 = CARTESIAN_POINT('',(0.383776367378,24.718634986033));
#7420 = CARTESIAN_POINT('',(0.405282009236,24.719836222611));
#7421 = CARTESIAN_POINT('',(0.426263231133,24.720798822236));
#7422 = CARTESIAN_POINT('',(0.446613686329,24.721543587593));
#7423 = CARTESIAN_POINT('',(0.466379398164,24.722094038373));
#7424 = CARTESIAN_POINT('',(0.485762180037,24.722476411261));
#7425 = CARTESIAN_POINT('',(0.504928720467,24.722716366465));
#7426 = CARTESIAN_POINT('',(0.524047442291,24.722839718713));
#7427 = CARTESIAN_POINT('',(0.536864081141,24.722861400326));
#7428 = CARTESIAN_POINT('',(0.543316466664,24.72286140033));
#7429 = ( GEOMETRIC_REPRESENTATION_CONTEXT(2) 
PARAMETRIC_REPRESENTATION_CONTEXT() REPRESENTATION_CONTEXT('2D SPACE',''
  ) );
#7430 = PCURVE('',#7431,#7468);
#7431 = B_SPLINE_SURFACE_WITH_KNOTS('',3,3,(
    (#7432,#7433,#7434,#7435)
    ,(#7436,#7437,#7438,#7439)
    ,(#7440,#7441,#7442,#7443)
    ,(#7444,#7445,#7446,#7447)
    ,(#7448,#7449,#7450,#7451)
    ,(#7452,#7453,#7454,#7455)
    ,(#7456,#7457,#7458,#7459)
    ,(#7460,#7461,#7462,#7463)
    ,(#7464,#7465,#7466,#7467
    )),.UNSPECIFIED.,.F.,.F.,.F.,(4,1,1,1,1,1,4),(4,4),(
    -3.835032917175E-02,0.,0.25,0.5,0.75,1.,1.054403047416),(
    -0.317095118379,1.317095118378),.UNSPECIFIED.);
#7432 = CARTESIAN_POINT('',(-20.05250710757,2.625063444118,
    -36.1179313082));
#7433 = CARTESIAN_POINT('',(-20.21672895085,2.78718940926,
    -36.10444448236));
#7434 = CARTESIAN_POINT('',(-20.38095079413,2.949315374401,
    -36.09095765651));
#7435 = CARTESIAN_POINT('',(-20.5451726374,3.111441339542,
    -36.07747083067));
#7436 = CARTESIAN_POINT('',(-20.058614615,2.621822442195,-36.14688634961
    ));
#7437 = CARTESIAN_POINT('',(-20.22262604344,2.784031816193,
    -36.13247725799));
#7438 = CARTESIAN_POINT('',(-20.38663747187,2.946241190191,
    -36.11806816636));
#7439 = CARTESIAN_POINT('',(-20.55064890031,3.108450564189,
    -36.10365907474));
#7440 = CARTESIAN_POINT('',(-20.10464159047,2.596949635161,
    -36.36538040125));
#7441 = CARTESIAN_POINT('',(-20.26729770371,2.75979547134,
    -36.34474622232));
#7442 = CARTESIAN_POINT('',(-20.42995381695,2.92264130752,
    -36.32411204339));
#7443 = CARTESIAN_POINT('',(-20.59260993019,3.085487143699,
    -36.30347786447));
#7444 = CARTESIAN_POINT('',(-20.19766620404,2.544076752122,
    -36.77924334662));
#7445 = CARTESIAN_POINT('',(-20.35971329451,2.70848757334,
    -36.75390410432));
#7446 = CARTESIAN_POINT('',(-20.52176038497,2.872898394557,
    -36.72856486203));
#7447 = CARTESIAN_POINT('',(-20.68380747544,3.037309215774,
    -36.70322561974));
#7448 = CARTESIAN_POINT('',(-20.43274854271,2.464989525362,
    -37.28996510685));
#7449 = CARTESIAN_POINT('',(-20.57871712984,2.636361839109,
    -37.22691408798));
#7450 = CARTESIAN_POINT('',(-20.72468571698,2.807734152855,
    -37.1638630691));
#7451 = CARTESIAN_POINT('',(-20.87065430411,2.979106466602,
    -37.10081205022));
#7452 = CARTESIAN_POINT('',(-20.77907268642,2.39098962453,
    -37.68661396424));
#7453 = CARTESIAN_POINT('',(-20.89522117506,2.569175437678,
    -37.59098341558));
#7454 = CARTESIAN_POINT('',(-21.0113696637,2.747361250826,
    -37.49535286692));
#7455 = CARTESIAN_POINT('',(-21.12751815234,2.925547063974,
    -37.39972231825));
#7456 = CARTESIAN_POINT('',(-21.05685731602,2.350448150887,
    -37.86706590412));
#7457 = CARTESIAN_POINT('',(-21.14700021065,2.532388113762,
    -37.75513174043));
#7458 = CARTESIAN_POINT('',(-21.23714310528,2.714328076637,
    -37.64319757675));
#7459 = CARTESIAN_POINT('',(-21.32728599991,2.896268039512,
    -37.53126341306));
#7460 = CARTESIAN_POINT('',(-21.22884079291,2.330466144357,
    -37.94583470837));
#7461 = CARTESIAN_POINT('',(-21.30336778942,2.514137457622,
    -37.82718920908));
#7462 = CARTESIAN_POINT('',(-21.37789478592,2.697808770887,
    -37.70854370979));
#7463 = CARTESIAN_POINT('',(-21.45242178242,2.881480084152,
    -37.5898982105));
#7464 = CARTESIAN_POINT('',(-21.26028405329,2.326950642907,
    -37.95938435068));
#7465 = CARTESIAN_POINT('',(-21.33197737209,2.51092153235,
    -37.83960845677));
#7466 = CARTESIAN_POINT('',(-21.40367069089,2.694892421792,
    -37.71983256286));
#7467 = CARTESIAN_POINT('',(-21.47536400969,2.878863311234,
    -37.60005666895));
#7468 = DEFINITIONAL_REPRESENTATION('',(#7469),#7472);
#7469 = B_SPLINE_CURVE_WITH_KNOTS('',1,(#7470,#7471),.UNSPECIFIED.,.F.,
  .F.,(2,2),(0.,1.),.PIECEWISE_BEZIER_KNOTS.);
#7470 = CARTESIAN_POINT('',(-3.987056690483E-07,0.999999999998));
#7471 = CARTESIAN_POINT('',(0.999999996989,1.000000000003));
#7472 = ( GEOMETRIC_REPRESENTATION_CONTEXT(2) 
PARAMETRIC_REPRESENTATION_CONTEXT() REPRESENTATION_CONTEXT('2D SPACE',''
  ) );
#7473 = ORIENTED_EDGE('',*,*,#7474,.T.);
#7474 = EDGE_CURVE('',#7390,#7230,#7475,.T.);
#7475 = SURFACE_CURVE('',#7476,(#7482,#7488),.PCURVE_S1.);
#7476 = B_SPLINE_CURVE_WITH_KNOTS('',3,(#7477,#7478,#7479,#7480,#7481),
  .UNSPECIFIED.,.F.,.F.,(4,1,4),(0.,0.5,1.),.QUASI_UNIFORM_KNOTS.);
#7477 = CARTESIAN_POINT('',(-21.36157904941,2.780255746083,
    -37.63613280168));
#7478 = CARTESIAN_POINT('',(-21.57491703511,2.754165789176,
    -37.74205550382));
#7479 = CARTESIAN_POINT('',(-22.06283015465,2.719151910088,
    -37.84135619646));
#7480 = CARTESIAN_POINT('',(-22.57909844117,2.717489228359,
    -37.74126018269));
#7481 = CARTESIAN_POINT('',(-22.83454734358,2.717489228359,
    -37.68696284231));
#7482 = PCURVE('',#5844,#7483);
#7483 = DEFINITIONAL_REPRESENTATION('',(#7484),#7487);
#7484 = B_SPLINE_CURVE_WITH_KNOTS('',1,(#7485,#7486),.UNSPECIFIED.,.F.,
  .F.,(2,2),(0.,1.),.PIECEWISE_BEZIER_KNOTS.);
#7485 = CARTESIAN_POINT('',(0.543316466664,24.72286140033));
#7486 = CARTESIAN_POINT('',(0.963931398809,24.722861400331));
#7487 = ( GEOMETRIC_REPRESENTATION_CONTEXT(2) 
PARAMETRIC_REPRESENTATION_CONTEXT() REPRESENTATION_CONTEXT('2D SPACE',''
  ) );
#7488 = PCURVE('',#7489,#7526);
#7489 = B_SPLINE_SURFACE_WITH_KNOTS('',3,3,(
    (#7490,#7491,#7492,#7493)
    ,(#7494,#7495,#7496,#7497)
    ,(#7498,#7499,#7500,#7501)
    ,(#7502,#7503,#7504,#7505)
    ,(#7506,#7507,#7508,#7509)
    ,(#7510,#7511,#7512,#7513)
    ,(#7514,#7515,#7516,#7517)
    ,(#7518,#7519,#7520,#7521)
    ,(#7522,#7523,#7524,#7525
    )),.UNSPECIFIED.,.F.,.F.,.F.,(4,1,1,1,1,1,4),(4,4),(
    -6.059804854514E-02,0.,0.25,0.5,0.75,1.,1.045385846652),(
    -0.317095118379,1.317095118379),.UNSPECIFIED.);
#7490 = CARTESIAN_POINT('',(-21.08241759415,2.348601036813,
    -37.87190691969));
#7491 = CARTESIAN_POINT('',(-21.17003048403,2.530674716568,
    -37.75974159425));
#7492 = CARTESIAN_POINT('',(-21.25764337391,2.712748396322,
    -37.64757626881));
#7493 = CARTESIAN_POINT('',(-21.34525626379,2.894822076076,
    -37.53541094337));
#7494 = CARTESIAN_POINT('',(-21.11087171766,2.34482035918,-37.8877791085
    ));
#7495 = CARTESIAN_POINT('',(-21.19601639487,2.527226212304,
    -37.77421248276));
#7496 = CARTESIAN_POINT('',(-21.28116107208,2.709632065428,
    -37.66064585702));
#7497 = CARTESIAN_POINT('',(-21.3663057493,2.892037918553,
    -37.54707923128));
#7498 = CARTESIAN_POINT('',(-21.25683822122,2.326180035704,
    -37.96482922346));
#7499 = CARTESIAN_POINT('',(-21.32907507615,2.510241222513,
    -37.84440864574));
#7500 = CARTESIAN_POINT('',(-21.40131193109,2.694302409323,
    -37.72398806803));
#7501 = CARTESIAN_POINT('',(-21.47354878603,2.878363596133,
    -37.60356749031));
#7502 = CARTESIAN_POINT('',(-21.52789397296,2.298910273381,
    -38.06532412583));
#7503 = CARTESIAN_POINT('',(-21.57484356184,2.485492189948,
    -37.93566337761));
#7504 = CARTESIAN_POINT('',(-21.62179315072,2.672074106515,
    -37.80600262939));
#7505 = CARTESIAN_POINT('',(-21.6687427396,2.858656023083,
    -37.67634188118));
#7506 = CARTESIAN_POINT('',(-21.96427368237,2.272152341499,
    -38.1277107527));
#7507 = CARTESIAN_POINT('',(-21.97654111588,2.46083439579,
    -37.99324536424));
#7508 = CARTESIAN_POINT('',(-21.98880854939,2.649516450081,
    -37.85877997577));
#7509 = CARTESIAN_POINT('',(-22.00107598289,2.838198504373,
    -37.72431458731));
#7510 = CARTESIAN_POINT('',(-22.43539186268,2.260045469493,
    -38.09776691362));
#7511 = CARTESIAN_POINT('',(-22.41584619793,2.449396965253,
    -37.96618219861));
#7512 = CARTESIAN_POINT('',(-22.39630053317,2.638748461012,
    -37.8345974836));
#7513 = CARTESIAN_POINT('',(-22.37675486842,2.828099956772,
    -37.70301276858));
#7514 = CARTESIAN_POINT('',(-22.77473749159,2.259723433898,
    -38.02750392999));
#7515 = CARTESIAN_POINT('',(-22.75090109365,2.449033743649,
    -37.89707003419));
#7516 = CARTESIAN_POINT('',(-22.72706469572,2.6383440534,-37.76663613839
    ));
#7517 = CARTESIAN_POINT('',(-22.70322829778,2.827654363151,
    -37.63620224259));
#7518 = CARTESIAN_POINT('',(-22.95732551625,2.259755098215,
    -37.98851005814));
#7519 = CARTESIAN_POINT('',(-22.92821344945,2.449069457602,
    -37.85917406066));
#7520 = CARTESIAN_POINT('',(-22.89910138264,2.638383816989,
    -37.72983806318));
#7521 = CARTESIAN_POINT('',(-22.86998931583,2.827698176376,
    -37.6005020657));
#7522 = CARTESIAN_POINT('',(-22.98535089524,2.259754080298,
    -37.9825589818));
#7523 = CARTESIAN_POINT('',(-22.95532004805,2.449070521153,
    -37.85340620881));
#7524 = CARTESIAN_POINT('',(-22.92528920085,2.638386962008,
    -37.72425343582));
#7525 = CARTESIAN_POINT('',(-22.89525835366,2.827703402862,
    -37.59510066283));
#7526 = DEFINITIONAL_REPRESENTATION('',(#7527),#7553);
#7527 = B_SPLINE_CURVE_WITH_KNOTS('',3,(#7528,#7529,#7530,#7531,#7532,
    #7533,#7534,#7535,#7536,#7537,#7538,#7539,#7540,#7541,#7542,#7543,
    #7544,#7545,#7546,#7547,#7548,#7549,#7550,#7551,#7552),
  .UNSPECIFIED.,.F.,.F.,(4,1,1,1,1,1,1,1,1,1,1,1,1,1,1,1,1,1,1,1,1,1,4),
  (0.,4.545454545455E-02,9.090909090909E-02,0.136363636364,
    0.181818181818,0.227272727273,0.272727272727,0.318181818182,
    0.363636363636,0.409090909091,0.454545454545,0.5,0.545454545455,
    0.590909090909,0.636363636364,0.681818181818,0.727272727273,
    0.772727272727,0.818181818182,0.863636363636,0.909090909091,
    0.954545454545,1.),.QUASI_UNIFORM_KNOTS.);
#7528 = CARTESIAN_POINT('',(-3.505264630141E-09,1.000000000002));
#7529 = CARTESIAN_POINT('',(1.744615420525E-02,1.000017307117));
#7530 = CARTESIAN_POINT('',(5.267729365474E-02,1.000231421061));
#7531 = CARTESIAN_POINT('',(0.105961276131,1.000747696825));
#7532 = CARTESIAN_POINT('',(0.159107475949,1.001025711254));
#7533 = CARTESIAN_POINT('',(0.211526337271,1.00094699978));
#7534 = CARTESIAN_POINT('',(0.262669036312,1.000607801566));
#7535 = CARTESIAN_POINT('',(0.312296405566,1.000257715465));
#7536 = CARTESIAN_POINT('',(0.360732811337,1.000000530074));
#7537 = CARTESIAN_POINT('',(0.408160586259,0.999881067994));
#7538 = CARTESIAN_POINT('',(0.454745205449,0.999895230681));
#7539 = CARTESIAN_POINT('',(0.500614590665,1.000004215795));
#7540 = CARTESIAN_POINT('',(0.545867048829,1.000140957166));
#7541 = CARTESIAN_POINT('',(0.590408766016,1.000471069118));
#7542 = CARTESIAN_POINT('',(0.634203606429,1.000880432239));
#7543 = CARTESIAN_POINT('',(0.677213230419,1.001256784419));
#7544 = CARTESIAN_POINT('',(0.719409099434,1.001498242692));
#7545 = CARTESIAN_POINT('',(0.760744611814,1.001474602059));
#7546 = CARTESIAN_POINT('',(0.80126521729,1.001164087015));
#7547 = CARTESIAN_POINT('',(0.841253861961,1.000792979574));
#7548 = CARTESIAN_POINT('',(0.88091882079,1.000452024956));
#7549 = CARTESIAN_POINT('',(0.920459639661,1.00019393857));
#7550 = CARTESIAN_POINT('',(0.960063172346,1.000036185881));
#7551 = CARTESIAN_POINT('',(0.986636884253,0.999999814257));
#7552 = CARTESIAN_POINT('',(0.999998610696,1.000000000005));
#7553 = ( GEOMETRIC_REPRESENTATION_CONTEXT(2) 
PARAMETRIC_REPRESENTATION_CONTEXT() REPRESENTATION_CONTEXT('2D SPACE',''
  ) );
#7554 = ADVANCED_FACE('',(#7555),#5818,.F.);
#7555 = FACE_BOUND('',#7556,.F.);
#7556 = EDGE_LOOP('',(#7557,#7580,#7600,#7601));
#7557 = ORIENTED_EDGE('',*,*,#7558,.T.);
#7558 = EDGE_CURVE('',#6230,#7559,#7561,.T.);
#7559 = VERTEX_POINT('',#7560);
#7560 = CARTESIAN_POINT('',(-20.16619872504,2.709670530163,
    -36.19574680403));
#7561 = SURFACE_CURVE('',#7562,(#7567,#7573),.PCURVE_S1.);
#7562 = CIRCLE('',#7563,30.);
#7563 = AXIS2_PLACEMENT_3D('',#7564,#7565,#7566);
#7564 = CARTESIAN_POINT('',(-19.46471484149,-27.1,-32.89552492945));
#7565 = DIRECTION('',(-0.978147600734,1.734723475977E-18,0.207911690818)
  );
#7566 = DIRECTION('',(-1.429004793781E-02,0.997635205713,
    -6.722938979412E-02));
#7567 = PCURVE('',#5818,#7568);
#7568 = DEFINITIONAL_REPRESENTATION('',(#7569),#7572);
#7569 = B_SPLINE_CURVE_WITH_KNOTS('',1,(#7570,#7571),.UNSPECIFIED.,.F.,
  .F.,(2,2),(0.,4.391790585804E-02),.PIECEWISE_BEZIER_KNOTS.);
#7570 = CARTESIAN_POINT('',(3.210378054791,-0.150000029277));
#7571 = CARTESIAN_POINT('',(3.25429612223,-0.150000083405));
#7572 = ( GEOMETRIC_REPRESENTATION_CONTEXT(2) 
PARAMETRIC_REPRESENTATION_CONTEXT() REPRESENTATION_CONTEXT('2D SPACE',''
  ) );
#7573 = PCURVE('',#6327,#7574);
#7574 = DEFINITIONAL_REPRESENTATION('',(#7575),#7579);
#7575 = LINE('',#7576,#7577);
#7576 = CARTESIAN_POINT('',(0.105747361056,114.53311801303));
#7577 = VECTOR('',#7578,1.);
#7578 = DIRECTION('',(-1.,0.));
#7579 = ( GEOMETRIC_REPRESENTATION_CONTEXT(2) 
PARAMETRIC_REPRESENTATION_CONTEXT() REPRESENTATION_CONTEXT('2D SPACE',''
  ) );
#7580 = ORIENTED_EDGE('',*,*,#7581,.T.);
#7581 = EDGE_CURVE('',#7559,#5798,#7582,.T.);
#7582 = SURFACE_CURVE('',#7583,(#7587,#7594),.PCURVE_S1.);
#7583 = LINE('',#7584,#7585);
#7584 = CARTESIAN_POINT('',(-20.16619872504,2.709670530163,
    -36.19574680403));
#7585 = VECTOR('',#7586,1.);
#7586 = DIRECTION('',(-0.708189168071,0.702620544343,6.922768878537E-02)
  );
#7587 = PCURVE('',#5818,#7588);
#7588 = DEFINITIONAL_REPRESENTATION('',(#7589),#7593);
#7589 = LINE('',#7590,#7591);
#7590 = CARTESIAN_POINT('',(3.25429612223,-0.15000003978));
#7591 = VECTOR('',#7592,1.);
#7592 = DIRECTION('',(5.296032544126E-08,1.));
#7593 = ( GEOMETRIC_REPRESENTATION_CONTEXT(2) 
PARAMETRIC_REPRESENTATION_CONTEXT() REPRESENTATION_CONTEXT('2D SPACE',''
  ) );
#7594 = PCURVE('',#7431,#7595);
#7595 = DEFINITIONAL_REPRESENTATION('',(#7596),#7599);
#7596 = B_SPLINE_CURVE_WITH_KNOTS('',1,(#7597,#7598),.UNSPECIFIED.,.F.,
  .F.,(2,2),(0.,0.42426406871),.PIECEWISE_BEZIER_KNOTS.);
#7597 = CARTESIAN_POINT('',(-5.818649871465E-07,-5.434576984621E-13));
#7598 = CARTESIAN_POINT('',(-3.987060343564E-07,0.999999999998));
#7599 = ( GEOMETRIC_REPRESENTATION_CONTEXT(2) 
PARAMETRIC_REPRESENTATION_CONTEXT() REPRESENTATION_CONTEXT('2D SPACE',''
  ) );
#7600 = ORIENTED_EDGE('',*,*,#5797,.F.);
#7601 = ORIENTED_EDGE('',*,*,#7602,.F.);
#7602 = EDGE_CURVE('',#6230,#5737,#7603,.T.);
#7603 = SURFACE_CURVE('',#7604,(#7608,#7615),.PCURVE_S1.);
#7604 = LINE('',#7605,#7606);
#7605 = CARTESIAN_POINT('',(-19.8934161938,2.829056360903,
    -34.91240664366));
#7606 = VECTOR('',#7607,1.);
#7607 = DIRECTION('',(-0.701759589199,0.705434383471,9.947768385505E-02)
  );
#7608 = PCURVE('',#5818,#7609);
#7609 = DEFINITIONAL_REPRESENTATION('',(#7610),#7614);
#7610 = LINE('',#7611,#7612);
#7611 = CARTESIAN_POINT('',(3.210378054426,-0.149999978765));
#7612 = VECTOR('',#7613,1.);
#7613 = DIRECTION('',(-4.454730680597E-09,1.));
#7614 = ( GEOMETRIC_REPRESENTATION_CONTEXT(2) 
PARAMETRIC_REPRESENTATION_CONTEXT() REPRESENTATION_CONTEXT('2D SPACE',''
  ) );
#7615 = PCURVE('',#5758,#7616);
#7616 = DEFINITIONAL_REPRESENTATION('',(#7617),#7620);
#7617 = B_SPLINE_CURVE_WITH_KNOTS('',1,(#7618,#7619),.UNSPECIFIED.,.F.,
  .F.,(2,2),(-7.143172236125E-08,0.424264092795),
  .PIECEWISE_BEZIER_KNOTS.);
#7618 = CARTESIAN_POINT('',(0.999999994443,-4.032202272481E-07));
#7619 = CARTESIAN_POINT('',(0.999999995872,0.999999739841));
#7620 = ( GEOMETRIC_REPRESENTATION_CONTEXT(2) 
PARAMETRIC_REPRESENTATION_CONTEXT() REPRESENTATION_CONTEXT('2D SPACE',''
  ) );
#7621 = ADVANCED_FACE('',(#7622),#5758,.F.);
#7622 = FACE_BOUND('',#7623,.F.);
#7623 = EDGE_LOOP('',(#7624,#7625,#7626,#7627));
#7624 = ORIENTED_EDGE('',*,*,#7602,.T.);
#7625 = ORIENTED_EDGE('',*,*,#5736,.F.);
#7626 = ORIENTED_EDGE('',*,*,#6111,.T.);
#7627 = ORIENTED_EDGE('',*,*,#6405,.T.);
#7628 = ADVANCED_FACE('',(#7629),#6327,.F.);
#7629 = FACE_BOUND('',#7630,.F.);
#7630 = EDGE_LOOP('',(#7631,#7661,#7707,#7708,#7709,#7710));
#7631 = ORIENTED_EDGE('',*,*,#7632,.F.);
#7632 = EDGE_CURVE('',#7633,#7635,#7637,.T.);
#7633 = VERTEX_POINT('',#7634);
#7634 = CARTESIAN_POINT('',(-21.21459616848,2.444232579442,
    -37.8494036722));
#7635 = VERTEX_POINT('',#7636);
#7636 = CARTESIAN_POINT('',(3.985758573386,2.444232579442,
    -43.20590442899));
#7637 = SURFACE_CURVE('',#7638,(#7642,#7649),.PCURVE_S1.);
#7638 = LINE('',#7639,#7640);
#7639 = CARTESIAN_POINT('',(-21.21459616848,2.444232579442,
    -37.8494036722));
#7640 = VECTOR('',#7641,1.);
#7641 = DIRECTION('',(0.978147600734,0.,-0.207911690818));
#7642 = PCURVE('',#6327,#7643);
#7643 = DEFINITIONAL_REPRESENTATION('',(#7644),#7648);
#7644 = LINE('',#7645,#7646);
#7645 = CARTESIAN_POINT('',(-2.097283235969E-09,113.85144509698));
#7646 = VECTOR('',#7647,1.);
#7647 = DIRECTION('',(0.,1.));
#7648 = ( GEOMETRIC_REPRESENTATION_CONTEXT(2) 
PARAMETRIC_REPRESENTATION_CONTEXT() REPRESENTATION_CONTEXT('2D SPACE',''
  ) );
#7649 = PCURVE('',#7650,#7655);
#7650 = PLANE('',#7651);
#7651 = AXIS2_PLACEMENT_3D('',#7652,#7653,#7654);
#7652 = CARTESIAN_POINT('',(-20.30385668588,2.9,-35.40045619365));
#7653 = DIRECTION('',(3.610348622615E-02,-0.984807753012,0.169853548357)
  );
#7654 = DIRECTION('',(-0.204753045059,-0.173648177667,-0.963287340793));
#7655 = DEFINITIONAL_REPRESENTATION('',(#7656),#7660);
#7656 = LINE('',#7657,#7658);
#7657 = CARTESIAN_POINT('',(2.624659968692,-0.38167282881));
#7658 = VECTOR('',#7659,1.);
#7659 = DIRECTION('',(3.805289416903E-14,1.));
#7660 = ( GEOMETRIC_REPRESENTATION_CONTEXT(2) 
PARAMETRIC_REPRESENTATION_CONTEXT() REPRESENTATION_CONTEXT('2D SPACE',''
  ) );
#7661 = ORIENTED_EDGE('',*,*,#7662,.F.);
#7662 = EDGE_CURVE('',#7559,#7633,#7663,.T.);
#7663 = SURFACE_CURVE('',#7664,(#7672,#7701),.PCURVE_S1.);
#7664 = B_SPLINE_CURVE_WITH_KNOTS('',3,(#7665,#7666,#7667,#7668,#7669,
    #7670,#7671),.UNSPECIFIED.,.F.,.F.,(4,1,1,1,4),(0.,0.250001312484,
    0.500000879381,0.750000446278,1.),.UNSPECIFIED.);
#7665 = CARTESIAN_POINT('',(-20.16619872504,2.709670530163,
    -36.19574680403));
#7666 = CARTESIAN_POINT('',(-20.20592747655,2.688042968733,
    -36.38265604576));
#7667 = CARTESIAN_POINT('',(-20.29199533957,2.639782933368,
    -36.7644906594));
#7668 = CARTESIAN_POINT('',(-20.51771901193,2.56474774703,-37.2532625468
    ));
#7669 = CARTESIAN_POINT('',(-20.84668429588,2.494714135558,
    -37.63094593777));
#7670 = CARTESIAN_POINT('',(-21.0835576297,2.460121827423,
    -37.78513120534));
#7671 = CARTESIAN_POINT('',(-21.21459616848,2.444232579442,
    -37.8494036722));
#7672 = PCURVE('',#6327,#7673);
#7673 = DEFINITIONAL_REPRESENTATION('',(#7674),#7700);
#7674 = B_SPLINE_CURVE_WITH_KNOTS('',3,(#7675,#7676,#7677,#7678,#7679,
    #7680,#7681,#7682,#7683,#7684,#7685,#7686,#7687,#7688,#7689,#7690,
    #7691,#7692,#7693,#7694,#7695,#7696,#7697,#7698,#7699),
  .UNSPECIFIED.,.F.,.F.,(4,1,1,1,1,1,1,1,1,1,1,1,1,1,1,1,1,1,1,1,1,1,4),
  (0.,4.545454545455E-02,9.090909090909E-02,0.136363636364,
    0.181818181818,0.227272727273,0.272727272727,0.318181818182,
    0.363636363636,0.409090909091,0.454545454545,0.5,0.545454545455,
    0.590909090909,0.636363636364,0.681818181818,0.727272727273,
    0.772727272727,0.818181818182,0.863636363636,0.909090909091,
    0.954545454545,1.),.QUASI_UNIFORM_KNOTS.);
#7675 = CARTESIAN_POINT('',(6.182945519757E-02,114.5331179454));
#7676 = CARTESIAN_POINT('',(6.06639773289E-02,114.53311795149));
#7677 = CARTESIAN_POINT('',(5.832230685197E-02,114.53295934903));
#7678 = CARTESIAN_POINT('',(5.479576195782E-02,114.5316588031));
#7679 = CARTESIAN_POINT('',(5.127324710591E-02,114.52871016599));
#7680 = CARTESIAN_POINT('',(4.777295688374E-02,114.5235232661));
#7681 = CARTESIAN_POINT('',(4.431264499304E-02,114.51552547308));
#7682 = CARTESIAN_POINT('',(4.091171429505E-02,114.50407871424));
#7683 = CARTESIAN_POINT('',(3.758179154914E-02,114.48885334139));
#7684 = CARTESIAN_POINT('',(3.432673414351E-02,114.46982816803));
#7685 = CARTESIAN_POINT('',(3.11520554814E-02,114.44691656499));
#7686 = CARTESIAN_POINT('',(2.806283205729E-02,114.42004943074));
#7687 = CARTESIAN_POINT('',(2.506426512187E-02,114.38915299583));
#7688 = CARTESIAN_POINT('',(2.216152375952E-02,114.35415463487));
#7689 = CARTESIAN_POINT('',(1.936500388893E-02,114.31546254692));
#7690 = CARTESIAN_POINT('',(1.668504225945E-02,114.27348353191));
#7691 = CARTESIAN_POINT('',(1.413222175418E-02,114.2286299504));
#7692 = CARTESIAN_POINT('',(1.171623604793E-02,114.18129331956));
#7693 = CARTESIAN_POINT('',(9.450120755859E-03,114.13194296948));
#7694 = CARTESIAN_POINT('',(7.331185864458E-03,114.08068147951));
#7695 = CARTESIAN_POINT('',(5.341013010801E-03,114.02724466133));
#7696 = CARTESIAN_POINT('',(3.464524320224E-03,113.97144614536));
#7697 = CARTESIAN_POINT('',(1.685749212556E-03,113.91307870335));
#7698 = CARTESIAN_POINT('',(5.545608280563E-04,113.8723200497));
#7699 = CARTESIAN_POINT('',(0.,113.85144509698));
#7700 = ( GEOMETRIC_REPRESENTATION_CONTEXT(2) 
PARAMETRIC_REPRESENTATION_CONTEXT() REPRESENTATION_CONTEXT('2D SPACE',''
  ) );
#7701 = PCURVE('',#7431,#7702);
#7702 = DEFINITIONAL_REPRESENTATION('',(#7703),#7706);
#7703 = B_SPLINE_CURVE_WITH_KNOTS('',1,(#7704,#7705),.UNSPECIFIED.,.F.,
  .F.,(2,2),(0.,1.),.PIECEWISE_BEZIER_KNOTS.);
#7704 = CARTESIAN_POINT('',(-5.818649871465E-07,-5.434576984621E-13));
#7705 = CARTESIAN_POINT('',(1.000000056932,-8.646120790653E-10));
#7706 = ( GEOMETRIC_REPRESENTATION_CONTEXT(2) 
PARAMETRIC_REPRESENTATION_CONTEXT() REPRESENTATION_CONTEXT('2D SPACE',''
  ) );
#7707 = ORIENTED_EDGE('',*,*,#7558,.F.);
#7708 = ORIENTED_EDGE('',*,*,#6229,.T.);
#7709 = ORIENTED_EDGE('',*,*,#7129,.F.);
#7710 = ORIENTED_EDGE('',*,*,#7711,.F.);
#7711 = EDGE_CURVE('',#7635,#7130,#7712,.T.);
#7712 = SURFACE_CURVE('',#7713,(#7721,#7750),.PCURVE_S1.);
#7713 = B_SPLINE_CURVE_WITH_KNOTS('',3,(#7714,#7715,#7716,#7717,#7718,
    #7719,#7720),.UNSPECIFIED.,.F.,.F.,(4,1,1,1,4),(0.,0.249999550982,
    0.499999114471,0.749998677959,1.),.UNSPECIFIED.);
#7714 = CARTESIAN_POINT('',(3.985758573386,2.444232579442,
    -43.20590442899));
#7715 = CARTESIAN_POINT('',(3.887193616492,2.460970440259,
    -43.08790799086));
#7716 = CARTESIAN_POINT('',(3.724090329554,2.499101031346,
    -42.82687982295));
#7717 = CARTESIAN_POINT('',(3.591667721849,2.566932725552,
    -42.36237098663));
#7718 = CARTESIAN_POINT('',(3.584737138635,2.640045606039,-41.8373285787
    ));
#7719 = CARTESIAN_POINT('',(3.661166938254,2.688202400694,
    -41.45432286229));
#7720 = CARTESIAN_POINT('',(3.700602763022,2.709670462163,
    -41.26879205853));
#7721 = PCURVE('',#6327,#7722);
#7722 = DEFINITIONAL_REPRESENTATION('',(#7723),#7749);
#7723 = B_SPLINE_CURVE_WITH_KNOTS('',3,(#7724,#7725,#7726,#7727,#7728,
    #7729,#7730,#7731,#7732,#7733,#7734,#7735,#7736,#7737,#7738,#7739,
    #7740,#7741,#7742,#7743,#7744,#7745,#7746,#7747,#7748),
  .UNSPECIFIED.,.F.,.F.,(4,1,1,1,1,1,1,1,1,1,1,1,1,1,1,1,1,1,1,1,1,1,4),
  (0.,4.545451880993E-02,9.090903761987E-02,0.13636355643,0.18181807524,
    0.22727259405,0.27272711286,0.31818163167,0.363636150479,
    0.409090669289,0.454545188099,0.499999706909,0.545454225719,
    0.590908744529,0.636363263339,0.681817782149,0.727272300959,
    0.772726819769,0.818181338579,0.863635857389,0.909090376199,
    0.954544895009,0.999999413819),.QUASI_UNIFORM_KNOTS.);
#7724 = CARTESIAN_POINT('',(0.,139.61479075458));
#7725 = CARTESIAN_POINT('',(5.841784329031E-04,139.59280092524));
#7726 = CARTESIAN_POINT('',(1.787677950178E-03,139.5497494674));
#7727 = CARTESIAN_POINT('',(3.698251505929E-03,139.4880192242));
#7728 = CARTESIAN_POINT('',(5.714038481244E-03,139.42919834736));
#7729 = CARTESIAN_POINT('',(7.834953165833E-03,139.37334897345));
#7730 = CARTESIAN_POINT('',(1.00608455094E-02,139.32053430226));
#7731 = CARTESIAN_POINT('',(1.239181432753E-02,139.27081356684));
#7732 = CARTESIAN_POINT('',(1.482680281284E-02,139.22426469582));
#7733 = CARTESIAN_POINT('',(1.736359943911E-02,139.18098431214));
#7734 = CARTESIAN_POINT('',(2.000024227931E-02,139.14106507411));
#7735 = CARTESIAN_POINT('',(2.27347071959E-02,139.10460069577));
#7736 = CARTESIAN_POINT('',(2.556499264086E-02,139.07168463288));
#7737 = CARTESIAN_POINT('',(2.848909302822E-02,139.04241031861));
#7738 = CARTESIAN_POINT('',(3.150455492955E-02,139.01676883351));
#7739 = CARTESIAN_POINT('',(3.46088832047E-02,138.99474990216));
#7740 = CARTESIAN_POINT('',(3.779976438688E-02,138.97634833241));
#7741 = CARTESIAN_POINT('',(4.107423553567E-02,138.96153995506));
#7742 = CARTESIAN_POINT('',(4.443178725482E-02,138.95037142576));
#7743 = CARTESIAN_POINT('',(4.786038364289E-02,138.94255558309));
#7744 = CARTESIAN_POINT('',(5.133645510766E-02,138.93747147586));
#7745 = CARTESIAN_POINT('',(5.483887841788E-02,138.93456897661));
#7746 = CARTESIAN_POINT('',(5.834587604645E-02,138.93327897423));
#7747 = CARTESIAN_POINT('',(6.067252842567E-02,138.93311797044));
#7748 = CARTESIAN_POINT('',(6.182941043998E-02,138.93311797459));
#7749 = ( GEOMETRIC_REPRESENTATION_CONTEXT(2) 
PARAMETRIC_REPRESENTATION_CONTEXT() REPRESENTATION_CONTEXT('2D SPACE',''
  ) );
#7750 = PCURVE('',#6953,#7751);
#7751 = DEFINITIONAL_REPRESENTATION('',(#7752),#7755);
#7752 = B_SPLINE_CURVE_WITH_KNOTS('',1,(#7753,#7754),.UNSPECIFIED.,.F.,
  .F.,(2,2),(0.,0.999999413819),.PIECEWISE_BEZIER_KNOTS.);
#7753 = CARTESIAN_POINT('',(-5.40423670579E-08,-8.556791093013E-10));
#7754 = CARTESIAN_POINT('',(1.000000000003,-3.431752479085E-13));
#7755 = ( GEOMETRIC_REPRESENTATION_CONTEXT(2) 
PARAMETRIC_REPRESENTATION_CONTEXT() REPRESENTATION_CONTEXT('2D SPACE',''
  ) );
#7756 = ADVANCED_FACE('',(#7757),#6570,.F.);
#7757 = FACE_BOUND('',#7758,.F.);
#7758 = EDGE_LOOP('',(#7759,#7760,#7761,#7762));
#7759 = ORIENTED_EDGE('',*,*,#6526,.T.);
#7760 = ORIENTED_EDGE('',*,*,#7203,.T.);
#7761 = ORIENTED_EDGE('',*,*,#7342,.F.);
#7762 = ORIENTED_EDGE('',*,*,#7763,.F.);
#7763 = EDGE_CURVE('',#6527,#7260,#7764,.T.);
#7764 = SURFACE_CURVE('',#7765,(#7769,#7775),.PCURVE_S1.);
#7765 = LINE('',#7766,#7767);
#7766 = CARTESIAN_POINT('',(-21.32290662028,5.39865583934,
    -38.35896431373));
#7767 = VECTOR('',#7768,1.);
#7768 = DIRECTION('',(-0.295383964049,-0.600714285349,0.74289343863));
#7769 = PCURVE('',#6570,#7770);
#7770 = DEFINITIONAL_REPRESENTATION('',(#7771),#7774);
#7771 = B_SPLINE_CURVE_WITH_KNOTS('',1,(#7772,#7773),.UNSPECIFIED.,.F.,
  .F.,(2,2),(0.,0.424264068654),.PIECEWISE_BEZIER_KNOTS.);
#7772 = CARTESIAN_POINT('',(-4.944153253895E-08,8.247051796108E-10));
#7773 = CARTESIAN_POINT('',(-1.787202667751E-09,1.));
#7774 = ( GEOMETRIC_REPRESENTATION_CONTEXT(2) 
PARAMETRIC_REPRESENTATION_CONTEXT() REPRESENTATION_CONTEXT('2D SPACE',''
  ) );
#7775 = PCURVE('',#7276,#7776);
#7776 = DEFINITIONAL_REPRESENTATION('',(#7777),#7780);
#7777 = B_SPLINE_CURVE_WITH_KNOTS('',1,(#7778,#7779),.UNSPECIFIED.,.F.,
  .F.,(2,2),(0.,0.424264068654),.PIECEWISE_BEZIER_KNOTS.);
#7778 = CARTESIAN_POINT('',(0.999999939325,1.375883198715E-10));
#7779 = CARTESIAN_POINT('',(0.999999997831,0.999999999999));
#7780 = ( GEOMETRIC_REPRESENTATION_CONTEXT(2) 
PARAMETRIC_REPRESENTATION_CONTEXT() REPRESENTATION_CONTEXT('2D SPACE',''
  ) );
#7781 = ADVANCED_FACE('',(#7782),#6702,.F.);
#7782 = FACE_BOUND('',#7783,.F.);
#7783 = EDGE_LOOP('',(#7784,#7785,#7804,#7805));
#7784 = ORIENTED_EDGE('',*,*,#6660,.T.);
#7785 = ORIENTED_EDGE('',*,*,#7786,.T.);
#7786 = EDGE_CURVE('',#6661,#6998,#7787,.T.);
#7787 = SURFACE_CURVE('',#7788,(#7792,#7798),.PCURVE_S1.);
#7788 = LINE('',#7789,#7790);
#7789 = CARTESIAN_POINT('',(3.877448109862,5.39865583934,-43.71546506803
    ));
#7790 = VECTOR('',#7791,1.);
#7791 = DIRECTION('',(0.572008662008,-0.600714285349,0.558523444418));
#7792 = PCURVE('',#6702,#7793);
#7793 = DEFINITIONAL_REPRESENTATION('',(#7794),#7797);
#7794 = B_SPLINE_CURVE_WITH_KNOTS('',1,(#7795,#7796),.UNSPECIFIED.,.F.,
  .F.,(2,2),(0.,0.42426406865),.PIECEWISE_BEZIER_KNOTS.);
#7795 = CARTESIAN_POINT('',(1.0000000524,8.282404899086E-10));
#7796 = CARTESIAN_POINT('',(1.000000001894,0.999999999994));
#7797 = ( GEOMETRIC_REPRESENTATION_CONTEXT(2) 
PARAMETRIC_REPRESENTATION_CONTEXT() REPRESENTATION_CONTEXT('2D SPACE',''
  ) );
#7798 = PCURVE('',#7060,#7799);
#7799 = DEFINITIONAL_REPRESENTATION('',(#7800),#7803);
#7800 = B_SPLINE_CURVE_WITH_KNOTS('',1,(#7801,#7802),.UNSPECIFIED.,.F.,
  .F.,(2,2),(0.,0.42426406865),.PIECEWISE_BEZIER_KNOTS.);
#7801 = CARTESIAN_POINT('',(6.129022480126E-08,1.405151120619E-10));
#7802 = CARTESIAN_POINT('',(2.18872798112E-09,0.999999999994));
#7803 = ( GEOMETRIC_REPRESENTATION_CONTEXT(2) 
PARAMETRIC_REPRESENTATION_CONTEXT() REPRESENTATION_CONTEXT('2D SPACE',''
  ) );
#7804 = ORIENTED_EDGE('',*,*,#6997,.F.);
#7805 = ORIENTED_EDGE('',*,*,#6776,.F.);
#7806 = ADVANCED_FACE('',(#7807,#8372,#8407,#8442),#6759,.T.);
#7807 = FACE_BOUND('',#7808,.F.);
#7808 = EDGE_LOOP('',(#7809,#7810,#7840,#7868,#7959,#7987,#8078,#8106,
    #8197,#8225,#8316,#8344));
#7809 = ORIENTED_EDGE('',*,*,#6745,.T.);
#7810 = ORIENTED_EDGE('',*,*,#7811,.F.);
#7811 = EDGE_CURVE('',#7812,#6527,#7814,.T.);
#7812 = VERTEX_POINT('',#7813);
#7813 = CARTESIAN_POINT('',(-22.99345268529,5.324375708192,
    -38.43455362185));
#7814 = SURFACE_CURVE('',#7815,(#7823,#7834),.PCURVE_S1.);
#7815 = B_SPLINE_CURVE_WITH_KNOTS('',3,(#7816,#7817,#7818,#7819,#7820,
    #7821,#7822),.UNSPECIFIED.,.F.,.F.,(4,1,1,1,4),(0.,0.249997137807,
    0.499998188663,0.749999239518,1.),.UNSPECIFIED.);
#7816 = CARTESIAN_POINT('',(-22.99345268529,5.324375708192,
    -38.43455362185));
#7817 = CARTESIAN_POINT('',(-22.84018199231,5.324375713933,
    -38.46713228006));
#7818 = CARTESIAN_POINT('',(-22.52751645173,5.324742539334,
    -38.53146454539));
#7819 = CARTESIAN_POINT('',(-22.08047269444,5.336472754863,
    -38.55847505521));
#7820 = CARTESIAN_POINT('',(-21.66921822991,5.361480149781,
    -38.50089747384));
#7821 = CARTESIAN_POINT('',(-21.43604273005,5.384819977263,
    -38.41513656538));
#7822 = CARTESIAN_POINT('',(-21.32290662028,5.39865583934,
    -38.35896431373));
#7823 = PCURVE('',#6759,#7824);
#7824 = DEFINITIONAL_REPRESENTATION('',(#7825),#7833);
#7825 = B_SPLINE_CURVE_WITH_KNOTS('',3,(#7826,#7827,#7828,#7829,#7830,
    #7831,#7832),.UNSPECIFIED.,.F.,.F.,(4,1,1,1,4),(0.,0.249997137807,
    0.499998188663,0.749999239518,1.),.UNSPECIFIED.);
#7826 = CARTESIAN_POINT('',(-1.999997547354,40.806930267752));
#7827 = CARTESIAN_POINT('',(-1.84330270284,40.806930234683));
#7828 = CARTESIAN_POINT('',(-1.52409422443,40.804817771398));
#7829 = CARTESIAN_POINT('',(-1.081203645047,40.737266152446));
#7830 = CARTESIAN_POINT('',(-0.690907129572,40.593254304737));
#7831 = CARTESIAN_POINT('',(-0.480657769318,40.458845595143));
#7832 = CARTESIAN_POINT('',(-0.381672822808,40.379168041007));
#7833 = ( GEOMETRIC_REPRESENTATION_CONTEXT(2) 
PARAMETRIC_REPRESENTATION_CONTEXT() REPRESENTATION_CONTEXT('2D SPACE',''
  ) );
#7834 = PCURVE('',#7276,#7835);
#7835 = DEFINITIONAL_REPRESENTATION('',(#7836),#7839);
#7836 = B_SPLINE_CURVE_WITH_KNOTS('',1,(#7837,#7838),.UNSPECIFIED.,.F.,
  .F.,(2,2),(0.,1.),.PIECEWISE_BEZIER_KNOTS.);
#7837 = CARTESIAN_POINT('',(1.304342520682E-06,-3.467913657782E-12));
#7838 = CARTESIAN_POINT('',(0.999999939325,1.375863079332E-10));
#7839 = ( GEOMETRIC_REPRESENTATION_CONTEXT(2) 
PARAMETRIC_REPRESENTATION_CONTEXT() REPRESENTATION_CONTEXT('2D SPACE',''
  ) );
#7840 = ORIENTED_EDGE('',*,*,#7841,.F.);
#7841 = EDGE_CURVE('',#7842,#7812,#7844,.T.);
#7842 = VERTEX_POINT('',#7843);
#7843 = CARTESIAN_POINT('',(-23.97160002933,5.324375708192,
    -38.22664198559));
#7844 = SURFACE_CURVE('',#7845,(#7849,#7856),.PCURVE_S1.);
#7845 = LINE('',#7846,#7847);
#7846 = CARTESIAN_POINT('',(-23.97160002933,5.324375708192,
    -38.22664198559));
#7847 = VECTOR('',#7848,1.);
#7848 = DIRECTION('',(0.978147600734,8.437697201434E-14,-0.207911690817)
  );
#7849 = PCURVE('',#6759,#7850);
#7850 = DEFINITIONAL_REPRESENTATION('',(#7851),#7855);
#7851 = LINE('',#7852,#7853);
#7852 = CARTESIAN_POINT('',(-2.999997284926,40.806930267748));
#7853 = VECTOR('',#7854,1.);
#7854 = DIRECTION('',(1.,-5.166977956605E-13));
#7855 = ( GEOMETRIC_REPRESENTATION_CONTEXT(2) 
PARAMETRIC_REPRESENTATION_CONTEXT() REPRESENTATION_CONTEXT('2D SPACE',''
  ) );
#7856 = PCURVE('',#7857,#7862);
#7857 = PLANE('',#7858);
#7858 = AXIS2_PLACEMENT_3D('',#7859,#7860,#7861);
#7859 = CARTESIAN_POINT('',(-23.44640040501,5.20270177189,
    -38.16062613313));
#7860 = DIRECTION('',(0.119253246695,0.819152044289,0.561042415054));
#7861 = DIRECTION('',(0.170311286565,-0.573576436351,0.801251606757));
#7862 = DEFINITIONAL_REPRESENTATION('',(#7863),#7867);
#7863 = LINE('',#7864,#7865);
#7864 = CARTESIAN_POINT('',(-0.212132034357,-0.499997284929));
#7865 = VECTOR('',#7866,1.);
#7866 = DIRECTION('',(2.820244038304E-13,1.));
#7867 = ( GEOMETRIC_REPRESENTATION_CONTEXT(2) 
PARAMETRIC_REPRESENTATION_CONTEXT() REPRESENTATION_CONTEXT('2D SPACE',''
  ) );
#7868 = ORIENTED_EDGE('',*,*,#7869,.F.);
#7869 = EDGE_CURVE('',#7870,#7842,#7872,.T.);
#7870 = VERTEX_POINT('',#7871);
#7871 = CARTESIAN_POINT('',(-27.165434524,4.855525547675,-40.26615612434
    ));
#7872 = SURFACE_CURVE('',#7873,(#7885,#7900),.PCURVE_S1.);
#7873 = B_SPLINE_CURVE_WITH_KNOTS('',3,(#7874,#7875,#7876,#7877,#7878,
    #7879,#7880,#7881,#7882,#7883,#7884),.UNSPECIFIED.,.F.,.F.,(4,1,1,1,
    1,1,1,1,4),(0.,0.125000036631,0.249999813283,0.374999589934,
    0.499999366586,0.624999143237,0.749998919889,0.87499869654,1.),
  .UNSPECIFIED.);
#7874 = CARTESIAN_POINT('',(-27.165434524,4.855525547675,-40.26615612434
    ));
#7875 = CARTESIAN_POINT('',(-27.11961721715,4.894382566692,
    -40.05060261113));
#7876 = CARTESIAN_POINT('',(-27.02062211472,4.975698540708,
    -39.60017614622));
#7877 = CARTESIAN_POINT('',(-26.80532897171,5.075780433344,
    -39.06566514155));
#7878 = CARTESIAN_POINT('',(-26.5099836705,5.15864476307,-38.64799686182
    ));
#7879 = CARTESIAN_POINT('',(-26.15589504292,5.222486917615,
    -38.3531050838));
#7880 = CARTESIAN_POINT('',(-25.7376325545,5.271817156685,
    -38.15599370034));
#7881 = CARTESIAN_POINT('',(-25.22822878492,5.306807594043,
    -38.0613969011));
#7882 = CARTESIAN_POINT('',(-24.64366103847,5.323859835047,
    -38.08678203127));
#7883 = CARTESIAN_POINT('',(-24.18902815315,5.324375714494,
    -38.18042617464));
#7884 = CARTESIAN_POINT('',(-23.97160002933,5.324375708192,
    -38.22664198559));
#7885 = PCURVE('',#6759,#7886);
#7886 = DEFINITIONAL_REPRESENTATION('',(#7887),#7899);
#7887 = B_SPLINE_CURVE_WITH_KNOTS('',3,(#7888,#7889,#7890,#7891,#7892,
    #7893,#7894,#7895,#7896,#7897,#7898),.UNSPECIFIED.,.F.,.F.,(4,1,1,1,
    1,1,1,1,4),(0.,0.125000036631,0.249999813283,0.374999589934,
    0.499999366586,0.624999143237,0.749998919889,0.87499869654,1.),
  .UNSPECIFIED.);
#7888 = CARTESIAN_POINT('',(-5.699999999994,43.506930733145));
#7889 = CARTESIAN_POINT('',(-5.70000000662,43.283162078971));
#7890 = CARTESIAN_POINT('',(-5.696817112602,42.814882047994));
#7891 = CARTESIAN_POINT('',(-5.597359728054,42.238533398795));
#7892 = CARTESIAN_POINT('',(-5.395306548527,41.761336742663));
#7893 = CARTESIAN_POINT('',(-5.110267055189,41.39368442748));
#7894 = CARTESIAN_POINT('',(-4.742126366679,41.10960290281));
#7895 = CARTESIAN_POINT('',(-4.263522072135,40.908101004953));
#7896 = CARTESIAN_POINT('',(-3.686450668144,40.809901062786));
#7897 = CARTESIAN_POINT('',(-3.22228288997,40.806930231455));
#7898 = CARTESIAN_POINT('',(-2.999997284926,40.806930267748));
#7899 = ( GEOMETRIC_REPRESENTATION_CONTEXT(2) 
PARAMETRIC_REPRESENTATION_CONTEXT() REPRESENTATION_CONTEXT('2D SPACE',''
  ) );
#7900 = PCURVE('',#7901,#7954);
#7901 = B_SPLINE_SURFACE_WITH_KNOTS('',3,3,(
    (#7902,#7903,#7904,#7905)
    ,(#7906,#7907,#7908,#7909)
    ,(#7910,#7911,#7912,#7913)
    ,(#7914,#7915,#7916,#7917)
    ,(#7918,#7919,#7920,#7921)
    ,(#7922,#7923,#7924,#7925)
    ,(#7926,#7927,#7928,#7929)
    ,(#7930,#7931,#7932,#7933)
    ,(#7934,#7935,#7936,#7937)
    ,(#7938,#7939,#7940,#7941)
    ,(#7942,#7943,#7944,#7945)
    ,(#7946,#7947,#7948,#7949)
    ,(#7950,#7951,#7952,#7953
    )),.UNSPECIFIED.,.F.,.F.,.F.,(4,1,1,1,1,1,1,1,1,1,4),(4,4),(
    -1.210613555044E-02,0.,0.125,0.25,0.375,0.5,0.625,0.75,0.875,1.,
    1.012134427674),(-0.317095118379,1.317095118379),.UNSPECIFIED.);
#7902 = CARTESIAN_POINT('',(-27.08886554498,4.938115589144,
    -40.36363792318));
#7903 = CARTESIAN_POINT('',(-27.24310359252,4.776937412036,
    -40.30324450446));
#7904 = CARTESIAN_POINT('',(-27.39734164007,4.615759234928,
    -40.24285108573));
#7905 = CARTESIAN_POINT('',(-27.55157968761,4.45458105782,-40.182457667)
  );
#7906 = CARTESIAN_POINT('',(-27.08455119205,4.941790378143,
    -40.3432486081));
#7907 = CARTESIAN_POINT('',(-27.23868491161,4.780697634376,
    -40.28238202402));
#7908 = CARTESIAN_POINT('',(-27.39281863117,4.61960489061,
    -40.22151543995));
#7909 = CARTESIAN_POINT('',(-27.54695235073,4.458512146844,
    -40.16064885587));
#7910 = CARTESIAN_POINT('',(-27.03532012734,4.983690336746,
    -40.1107778037));
#7911 = CARTESIAN_POINT('',(-27.1883672039,4.823506206638,
    -40.04487406743));
#7912 = CARTESIAN_POINT('',(-27.34141428045,4.66332207653,
    -39.97897033115));
#7913 = CARTESIAN_POINT('',(-27.494461357,4.503137946422,-39.91306659488
    ));
#7914 = CARTESIAN_POINT('',(-26.93186874732,5.068508870258,
    -39.64099077423));
#7915 = CARTESIAN_POINT('',(-27.08433561633,4.909072484922,
    -39.57087495442));
#7916 = CARTESIAN_POINT('',(-27.23680248533,4.749636099587,
    -39.50075913461));
#7917 = CARTESIAN_POINT('',(-27.38926935434,4.590199714251,
    -39.43064331481));
#7918 = CARTESIAN_POINT('',(-26.7235299462,5.164969693606,
    -39.12599647175));
#7919 = CARTESIAN_POINT('',(-26.86405055999,5.011753573538,
    -39.02235492313));
#7920 = CARTESIAN_POINT('',(-27.00457117378,4.85853745347,
    -38.91871337451));
#7921 = CARTESIAN_POINT('',(-27.14509178757,4.705321333401,
    -38.81507182589));
#7922 = CARTESIAN_POINT('',(-26.44167197038,5.244004944239,
    -38.72766230275));
#7923 = CARTESIAN_POINT('',(-26.5590230083,5.097366750851,
    -38.59080690146));
#7924 = CARTESIAN_POINT('',(-26.67637404621,4.950728557463,
    -38.45395150017));
#7925 = CARTESIAN_POINT('',(-26.79372508413,4.804090364075,
    -38.31709609889));
#7926 = CARTESIAN_POINT('',(-26.10677470427,5.304333830316,
    -38.44906114097));
#7927 = CARTESIAN_POINT('',(-26.19115727434,5.163730984618,
    -38.28422056882));
#7928 = CARTESIAN_POINT('',(-26.27553984442,5.023128138921,
    -38.11937999666));
#7929 = CARTESIAN_POINT('',(-26.3599224145,4.882525293223,
    -37.95453942451));
#7930 = CARTESIAN_POINT('',(-25.7114532166,5.351003387223,
    -38.26250008356));
#7931 = CARTESIAN_POINT('',(-25.75642637491,5.214971266576,
    -38.07953526059));
#7932 = CARTESIAN_POINT('',(-25.80139953322,5.078939145928,
    -37.89657043763));
#7933 = CARTESIAN_POINT('',(-25.84637269153,4.942907025281,
    -37.71360561466));
#7934 = CARTESIAN_POINT('',(-25.22551738807,5.384409437341,
    -38.17210126758));
#7935 = CARTESIAN_POINT('',(-25.23017409707,5.251099096593,
    -37.9819251406));
#7936 = CARTESIAN_POINT('',(-25.23483080606,5.117788755846,
    -37.79174901362));
#7937 = CARTESIAN_POINT('',(-25.23948751506,4.984478415099,
    -37.60157288664));
#7938 = CARTESIAN_POINT('',(-24.66179043247,5.400994684905,
    -38.19576417029));
#7939 = CARTESIAN_POINT('',(-24.63065470565,5.26848646192,
    -38.00854529635));
#7940 = CARTESIAN_POINT('',(-24.59951897884,5.135978238935,
    -37.82132642241));
#7941 = CARTESIAN_POINT('',(-24.56838325202,5.00347001595,
    -37.63410754847));
#7942 = CARTESIAN_POINT('',(-24.18743570317,5.401566605351,
    -38.29327539632));
#7943 = CARTESIAN_POINT('',(-24.15226327317,5.269005239473,
    -38.10722267165));
#7944 = CARTESIAN_POINT('',(-24.11709084316,5.136443873594,
    -37.92116994698));
#7945 = CARTESIAN_POINT('',(-24.08191841316,5.003882507716,
    -37.73511722231));
#7946 = CARTESIAN_POINT('',(-23.95290274821,5.401537560621,
    -38.34329531564));
#7947 = CARTESIAN_POINT('',(-23.91266971619,5.268978893581,
    -38.15830260731));
#7948 = CARTESIAN_POINT('',(-23.87243668418,5.136420226542,
    -37.97330989899));
#7949 = CARTESIAN_POINT('',(-23.83220365216,5.003861559502,
    -37.78831719067));
#7950 = CARTESIAN_POINT('',(-23.93228448636,5.401534575013,
    -38.34769517298));
#7951 = CARTESIAN_POINT('',(-23.89157375731,5.268976542661,
    -38.16280032239));
#7952 = CARTESIAN_POINT('',(-23.85086302826,5.136418510309,
    -37.9779054718));
#7953 = CARTESIAN_POINT('',(-23.81015229921,5.003860477956,
    -37.79301062121));
#7954 = DEFINITIONAL_REPRESENTATION('',(#7955),#7958);
#7955 = B_SPLINE_CURVE_WITH_KNOTS('',1,(#7956,#7957),.UNSPECIFIED.,.F.,
  .F.,(2,2),(0.,1.),.PIECEWISE_BEZIER_KNOTS.);
#7956 = CARTESIAN_POINT('',(-8.665955557928E-08,-4.156772316835E-12));
#7957 = CARTESIAN_POINT('',(1.000000508937,-1.360411431954E-12));
#7958 = ( GEOMETRIC_REPRESENTATION_CONTEXT(2) 
PARAMETRIC_REPRESENTATION_CONTEXT() REPRESENTATION_CONTEXT('2D SPACE',''
  ) );
#7959 = ORIENTED_EDGE('',*,*,#7960,.F.);
#7960 = EDGE_CURVE('',#7961,#7870,#7963,.T.);
#7961 = VERTEX_POINT('',#7962);
#7962 = CARTESIAN_POINT('',(-33.51277826963,-0.527567407716,
    -70.12806062521));
#7963 = SURFACE_CURVE('',#7964,(#7968,#7975),.PCURVE_S1.);
#7964 = LINE('',#7965,#7966);
#7965 = CARTESIAN_POINT('',(-33.51277826963,-0.527567407716,
    -70.12806062521));
#7966 = VECTOR('',#7967,1.);
#7967 = DIRECTION('',(0.204753045059,0.173648177667,0.963287340793));
#7968 = PCURVE('',#6759,#7969);
#7969 = DEFINITIONAL_REPRESENTATION('',(#7970),#7974);
#7970 = LINE('',#7971,#7972);
#7971 = CARTESIAN_POINT('',(-5.699999999999,74.506927552672));
#7972 = VECTOR('',#7973,1.);
#7973 = DIRECTION('',(-3.79973830178E-14,-1.));
#7974 = ( GEOMETRIC_REPRESENTATION_CONTEXT(2) 
PARAMETRIC_REPRESENTATION_CONTEXT() REPRESENTATION_CONTEXT('2D SPACE',''
  ) );
#7975 = PCURVE('',#7976,#7981);
#7976 = PLANE('',#7977);
#7977 = AXIS2_PLACEMENT_3D('',#7978,#7979,#7980);
#7978 = CARTESIAN_POINT('',(-30.4804132443,2.016257711702,
    -55.14044467244));
#7979 = DIRECTION('',(-0.717183821415,0.69636424032,2.691117061357E-02)
  );
#7980 = DIRECTION('',(-0.666125781545,-0.69636424032,0.267120362317));
#7981 = DEFINITIONAL_REPRESENTATION('',(#7982),#7986);
#7982 = LINE('',#7983,#7984);
#7983 = CARTESIAN_POINT('',(-0.21213203435,-15.49999728492));
#7984 = VECTOR('',#7985,1.);
#7985 = DIRECTION('',(3.885780586188E-15,1.));
#7986 = ( GEOMETRIC_REPRESENTATION_CONTEXT(2) 
PARAMETRIC_REPRESENTATION_CONTEXT() REPRESENTATION_CONTEXT('2D SPACE',''
  ) );
#7987 = ORIENTED_EDGE('',*,*,#7988,.F.);
#7988 = EDGE_CURVE('',#7989,#7961,#7991,.T.);
#7989 = VERTEX_POINT('',#7990);
#7990 = CARTESIAN_POINT('',(-31.42461306999,-0.996417958884,
    -73.29030072272));
#7991 = SURFACE_CURVE('',#7992,(#8004,#8019),.PCURVE_S1.);
#7992 = B_SPLINE_CURVE_WITH_KNOTS('',3,(#7993,#7994,#7995,#7996,#7997,
    #7998,#7999,#8000,#8001,#8002,#8003),.UNSPECIFIED.,.F.,.F.,(4,1,1,1,
    1,1,1,1,4),(0.,0.125000036631,0.249999813283,0.374999589934,
    0.499999366586,0.624999143237,0.749998919889,0.87499869654,1.),
  .UNSPECIFIED.);
#7993 = CARTESIAN_POINT('',(-31.42461306999,-0.996417958884,
    -73.29030072272));
#7994 = CARTESIAN_POINT('',(-31.64349184355,-0.996417960034,
    -73.24377660986));
#7995 = CARTESIAN_POINT('',(-32.10088712508,-0.995865256289,
    -73.14334967533));
#7996 = CARTESIAN_POINT('',(-32.64427697114,-0.978594662706,
    -72.92771401369));
#7997 = CARTESIAN_POINT('',(-33.06967473164,-0.943508496289,
    -72.63386398005));
#7998 = CARTESIAN_POINT('',(-33.37093025742,-0.894011907709,
    -72.28284983002));
#7999 = CARTESIAN_POINT('',(-33.57342599221,-0.830084948023,
    -71.86916069501));
#8000 = CARTESIAN_POINT('',(-33.67252890345,-0.746976184452,
    -71.36623263655));
#8001 = CARTESIAN_POINT('',(-33.65042581409,-0.646768786766,
    -70.78993014234));
#8002 = CARTESIAN_POINT('',(-33.55829195963,-0.566166897954,
    -70.34218552705));
#8003 = CARTESIAN_POINT('',(-33.51277826963,-0.527567407716,
    -70.12806062521));
#8004 = PCURVE('',#6759,#8005);
#8005 = DEFINITIONAL_REPRESENTATION('',(#8006),#8018);
#8006 = B_SPLINE_CURVE_WITH_KNOTS('',3,(#8007,#8008,#8009,#8010,#8011,
    #8012,#8013,#8014,#8015,#8016,#8017),.UNSPECIFIED.,.F.,.F.,(4,1,1,1,
    1,1,1,1,4),(0.,0.125000036631,0.249999813283,0.374999589934,
    0.499999366586,0.624999143237,0.749998919889,0.87499869654,1.),
  .UNSPECIFIED.);
#8007 = CARTESIAN_POINT('',(-2.99999953459,77.206930267747));
#8008 = CARTESIAN_POINT('',(-3.223768188768,77.206930274372));
#8009 = CARTESIAN_POINT('',(-3.692048219746,77.203747380355));
#8010 = CARTESIAN_POINT('',(-4.268396868944,77.104289995806));
#8011 = CARTESIAN_POINT('',(-4.745593525076,76.902236816273));
#8012 = CARTESIAN_POINT('',(-5.113245840259,76.617197322947));
#8013 = CARTESIAN_POINT('',(-5.397327364936,76.249056634425));
#8014 = CARTESIAN_POINT('',(-5.598829262785,75.770452339889));
#8015 = CARTESIAN_POINT('',(-5.697029204952,75.1933809359));
#8016 = CARTESIAN_POINT('',(-5.700000036286,74.729213157721));
#8017 = CARTESIAN_POINT('',(-5.699999999999,74.506927552672));
#8018 = ( GEOMETRIC_REPRESENTATION_CONTEXT(2) 
PARAMETRIC_REPRESENTATION_CONTEXT() REPRESENTATION_CONTEXT('2D SPACE',''
  ) );
#8019 = PCURVE('',#8020,#8073);
#8020 = B_SPLINE_SURFACE_WITH_KNOTS('',3,3,(
    (#8021,#8022,#8023,#8024)
    ,(#8025,#8026,#8027,#8028)
    ,(#8029,#8030,#8031,#8032)
    ,(#8033,#8034,#8035,#8036)
    ,(#8037,#8038,#8039,#8040)
    ,(#8041,#8042,#8043,#8044)
    ,(#8045,#8046,#8047,#8048)
    ,(#8049,#8050,#8051,#8052)
    ,(#8053,#8054,#8055,#8056)
    ,(#8057,#8058,#8059,#8060)
    ,(#8061,#8062,#8063,#8064)
    ,(#8065,#8066,#8067,#8068)
    ,(#8069,#8070,#8071,#8072
    )),.UNSPECIFIED.,.F.,.F.,.F.,(4,1,1,1,1,1,1,1,1,1,4),(4,4),(
    -1.210613555044E-02,0.,0.125,0.25,0.375,0.5,0.625,0.75,0.875,1.,
    1.012134427674),(-0.317095118379,1.317095118379),.UNSPECIFIED.);
#8021 = CARTESIAN_POINT('',(-31.34607492209,-0.886209694015,
    -73.22807112942));
#8022 = CARTESIAN_POINT('',(-31.37227414732,-1.075524308148,
    -73.35802774751));
#8023 = CARTESIAN_POINT('',(-31.39847337254,-1.264838922282,
    -73.4879843656));
#8024 = CARTESIAN_POINT('',(-31.42467259777,-1.454153536416,
    -73.61794098368));
#8025 = CARTESIAN_POINT('',(-31.36677865361,-0.886213011217,
    -73.22368964851));
#8026 = CARTESIAN_POINT('',(-31.3934583669,-1.075526987791,
    -73.35354043915));
#8027 = CARTESIAN_POINT('',(-31.42013808018,-1.264840964365,
    -73.48339122979));
#8028 = CARTESIAN_POINT('',(-31.44681779347,-1.45415494094,
    -73.61324202043));
#8029 = CARTESIAN_POINT('',(-31.60283456078,-0.886243946672,
    -73.17369377972));
#8030 = CARTESIAN_POINT('',(-31.63462923186,-1.075555211831,
    -73.30244163178));
#8031 = CARTESIAN_POINT('',(-31.66642390293,-1.264866476989,
    -73.43118948384));
#8032 = CARTESIAN_POINT('',(-31.69821857401,-1.454177742148,
    -73.5599373359));
#8033 = CARTESIAN_POINT('',(-32.07989119855,-0.88563331224,
    -73.06875181386));
#8034 = CARTESIAN_POINT('',(-32.11596096925,-1.074998097988,
    -73.19690127684));
#8035 = CARTESIAN_POINT('',(-32.15203073995,-1.264362883736,
    -73.32505073981));
#8036 = CARTESIAN_POINT('',(-32.18810051065,-1.453727669484,
    -73.45320020279));
#8037 = CARTESIAN_POINT('',(-32.60344579351,-0.868839317316,
    -72.86009557526));
#8038 = CARTESIAN_POINT('',(-32.673588496,-1.057385384914,
    -72.97625570022));
#8039 = CARTESIAN_POINT('',(-32.74373119848,-1.245931452512,
    -73.09241582517));
#8040 = CARTESIAN_POINT('',(-32.81387390097,-1.43447752011,
    -73.20857595013));
#8041 = CARTESIAN_POINT('',(-33.0091527892,-0.835345992174,
    -72.57966620734));
#8042 = CARTESIAN_POINT('',(-33.11312203549,-1.021155760968,
    -72.67277126826));
#8043 = CARTESIAN_POINT('',(-33.21709128178,-1.206965529763,
    -72.76587632917));
#8044 = CARTESIAN_POINT('',(-33.32106052806,-1.392775298557,
    -72.85898139009));
#8045 = CARTESIAN_POINT('',(-33.29376844869,-0.788520976397,
    -72.2476787001));
#8046 = CARTESIAN_POINT('',(-33.42632283344,-0.969741296176,
    -72.30809826119));
#8047 = CARTESIAN_POINT('',(-33.55887721818,-1.150961615955,
    -72.36851782229));
#8048 = CARTESIAN_POINT('',(-33.69143160293,-1.332181935734,
    -72.42893738338));
#8049 = CARTESIAN_POINT('',(-33.48542221428,-0.728109723541,
    -71.8566781004));
#8050 = CARTESIAN_POINT('',(-33.63660185561,-0.903290563532,
    -71.87812194814));
#8051 = CARTESIAN_POINT('',(-33.78778149694,-1.078471403524,
    -71.89956579588));
#8052 = CARTESIAN_POINT('',(-33.93896113828,-1.253652243515,
    -71.92100964361));
#8053 = CARTESIAN_POINT('',(-33.58012180527,-0.6488355112,
    -71.37691865414));
#8054 = CARTESIAN_POINT('',(-33.73886549868,-0.817428812433,
    -71.35856028427));
#8055 = CARTESIAN_POINT('',(-33.89760919208,-0.986022113666,
    -71.3402019144));
#8056 = CARTESIAN_POINT('',(-34.05635288549,-1.154615414899,
    -71.32184354454));
#8057 = CARTESIAN_POINT('',(-33.55963545837,-0.552230174204,
    -70.82115719242));
#8058 = CARTESIAN_POINT('',(-33.7156030686,-0.714637236066,
    -70.76752119502));
#8059 = CARTESIAN_POINT('',(-33.87157067884,-0.877044297928,
    -70.71388519762));
#8060 = CARTESIAN_POINT('',(-34.02753828907,-1.03945135979,
    -70.66024920022));
#8061 = CARTESIAN_POINT('',(-33.46370278968,-0.468138845047,
    -70.353988329));
#8062 = CARTESIAN_POINT('',(-33.61851294057,-0.629818156495,
    -70.29637887365));
#8063 = CARTESIAN_POINT('',(-33.77332309145,-0.791497467942,
    -70.2387694183));
#8064 = CARTESIAN_POINT('',(-33.92813324234,-0.953176779391,
    -70.18115996295));
#8065 = CARTESIAN_POINT('',(-33.41443785198,-0.426496696972,
    -70.12301950524));
#8066 = CARTESIAN_POINT('',(-33.56820454896,-0.587278176926,
    -70.06042623235));
#8067 = CARTESIAN_POINT('',(-33.72197124594,-0.748059656879,
    -69.99783295946));
#8068 = CARTESIAN_POINT('',(-33.87573794291,-0.908841136833,
    -69.93523968658));
#8069 = CARTESIAN_POINT('',(-33.41010433124,-0.422835761848,
    -70.10271458891));
#8070 = CARTESIAN_POINT('',(-33.56377476497,-0.58353257026,
    -70.03965085337));
#8071 = CARTESIAN_POINT('',(-33.71744519869,-0.744229378671,
    -69.97658711782));
#8072 = CARTESIAN_POINT('',(-33.87111563242,-0.904926187083,
    -69.91352338228));
#8073 = DEFINITIONAL_REPRESENTATION('',(#8074),#8077);
#8074 = B_SPLINE_CURVE_WITH_KNOTS('',1,(#8075,#8076),.UNSPECIFIED.,.F.,
  .F.,(2,2),(0.,1.),.PIECEWISE_BEZIER_KNOTS.);
#8075 = CARTESIAN_POINT('',(-8.666023742195E-08,2.99995158143E-13));
#8076 = CARTESIAN_POINT('',(1.000000508937,1.177649180115E-11));
#8077 = ( GEOMETRIC_REPRESENTATION_CONTEXT(2) 
PARAMETRIC_REPRESENTATION_CONTEXT() REPRESENTATION_CONTEXT('2D SPACE',''
  ) );
#8078 = ORIENTED_EDGE('',*,*,#8079,.F.);
#8079 = EDGE_CURVE('',#8080,#7989,#8082,.T.);
#8080 = VERTEX_POINT('',#8081);
#8081 = CARTESIAN_POINT('',(-1.102040558218,-0.996417958884,
    -79.73556247681));
#8082 = SURFACE_CURVE('',#8083,(#8087,#8094),.PCURVE_S1.);
#8083 = LINE('',#8084,#8085);
#8084 = CARTESIAN_POINT('',(-1.102040558218,-0.996417958884,
    -79.73556247681));
#8085 = VECTOR('',#8086,1.);
#8086 = DIRECTION('',(-0.978147600734,0.,0.207911690818));
#8087 = PCURVE('',#6759,#8088);
#8088 = DEFINITIONAL_REPRESENTATION('',(#8089),#8093);
#8089 = LINE('',#8090,#8091);
#8090 = CARTESIAN_POINT('',(27.999997284932,77.206930267743));
#8091 = VECTOR('',#8092,1.);
#8092 = DIRECTION('',(-1.,-5.551115123126E-17));
#8093 = ( GEOMETRIC_REPRESENTATION_CONTEXT(2) 
PARAMETRIC_REPRESENTATION_CONTEXT() REPRESENTATION_CONTEXT('2D SPACE',''
  ) );
#8094 = PCURVE('',#8095,#8100);
#8095 = PLANE('',#8096);
#8096 = AXIS2_PLACEMENT_3D('',#8097,#8098,#8099);
#8097 = CARTESIAN_POINT('',(-16.28862314767,-1.170186348486,
    -76.6319469025));
#8098 = DIRECTION('',(-0.170311286565,0.573576436351,-0.801251606757));
#8099 = DIRECTION('',(-0.119253246695,-0.819152044289,-0.561042415054));
#8100 = DEFINITIONAL_REPRESENTATION('',(#8101),#8105);
#8101 = LINE('',#8102,#8103);
#8102 = CARTESIAN_POINT('',(-0.212132034358,-15.49999728492));
#8103 = VECTOR('',#8104,1.);
#8104 = DIRECTION('',(9.603429163008E-15,1.));
#8105 = ( GEOMETRIC_REPRESENTATION_CONTEXT(2) 
PARAMETRIC_REPRESENTATION_CONTEXT() REPRESENTATION_CONTEXT('2D SPACE',''
  ) );
#8106 = ORIENTED_EDGE('',*,*,#8107,.F.);
#8107 = EDGE_CURVE('',#8108,#8080,#8110,.T.);
#8108 = VERTEX_POINT('',#8109);
#8109 = CARTESIAN_POINT('',(2.091793936458,-0.527567798367,
    -77.69604833806));
#8110 = SURFACE_CURVE('',#8111,(#8123,#8138),.PCURVE_S1.);
#8111 = B_SPLINE_CURVE_WITH_KNOTS('',3,(#8112,#8113,#8114,#8115,#8116,
    #8117,#8118,#8119,#8120,#8121,#8122),.UNSPECIFIED.,.F.,.F.,(4,1,1,1,
    1,1,1,1,4),(0.,0.125000036631,0.249999813283,0.374999589934,
    0.499999366586,0.624999143237,0.749998919889,0.87499869654,1.),
  .UNSPECIFIED.);
#8112 = CARTESIAN_POINT('',(2.091793936458,-0.527567798367,
    -77.69604833806));
#8113 = CARTESIAN_POINT('',(2.045976629601,-0.566424817384,
    -77.91160185127));
#8114 = CARTESIAN_POINT('',(1.94698152718,-0.647740791401,
    -78.36202831618));
#8115 = CARTESIAN_POINT('',(1.731688384162,-0.747822684036,
    -78.89653932085));
#8116 = CARTESIAN_POINT('',(1.436343082951,-0.830687013762,
    -79.31420760058));
#8117 = CARTESIAN_POINT('',(1.082254455379,-0.894529168307,
    -79.6090993786));
#8118 = CARTESIAN_POINT('',(0.663991966951,-0.943859407377,
    -79.80621076207));
#8119 = CARTESIAN_POINT('',(0.154588197374,-0.978849844735,
    -79.90080756131));
#8120 = CARTESIAN_POINT('',(-0.429979549073,-0.995902085739,
    -79.87542243113));
#8121 = CARTESIAN_POINT('',(-0.884612434392,-0.996417965186,
    -79.78177828776));
#8122 = CARTESIAN_POINT('',(-1.102040558218,-0.996417958884,
    -79.73556247681));
#8123 = PCURVE('',#6759,#8124);
#8124 = DEFINITIONAL_REPRESENTATION('',(#8125),#8137);
#8125 = B_SPLINE_CURVE_WITH_KNOTS('',3,(#8126,#8127,#8128,#8129,#8130,
    #8131,#8132,#8133,#8134,#8135,#8136),.UNSPECIFIED.,.F.,.F.,(4,1,1,1,
    1,1,1,1,4),(0.,0.125000036631,0.249999813283,0.374999589934,
    0.499999366586,0.624999143237,0.749998919889,0.87499869654,1.),
  .UNSPECIFIED.);
#8126 = CARTESIAN_POINT('',(30.700000000006,74.506929802344));
#8127 = CARTESIAN_POINT('',(30.700000006625,74.73069845652));
#8128 = CARTESIAN_POINT('',(30.696817112616,75.198978487496));
#8129 = CARTESIAN_POINT('',(30.59735972806,75.775327136696));
#8130 = CARTESIAN_POINT('',(30.395306548532,76.252523792828));
#8131 = CARTESIAN_POINT('',(30.110267055202,76.62017610801));
#8132 = CARTESIAN_POINT('',(29.742126366686,76.904257632691));
#8133 = CARTESIAN_POINT('',(29.263522072145,77.105759530547));
#8134 = CARTESIAN_POINT('',(28.686450668155,77.203959472704));
#8135 = CARTESIAN_POINT('',(28.222282889982,77.206930304035));
#8136 = CARTESIAN_POINT('',(27.999997284932,77.206930267743));
#8137 = ( GEOMETRIC_REPRESENTATION_CONTEXT(2) 
PARAMETRIC_REPRESENTATION_CONTEXT() REPRESENTATION_CONTEXT('2D SPACE',''
  ) );
#8138 = PCURVE('',#8139,#8192);
#8139 = B_SPLINE_SURFACE_WITH_KNOTS('',3,3,(
    (#8140,#8141,#8142,#8143)
    ,(#8144,#8145,#8146,#8147)
    ,(#8148,#8149,#8150,#8151)
    ,(#8152,#8153,#8154,#8155)
    ,(#8156,#8157,#8158,#8159)
    ,(#8160,#8161,#8162,#8163)
    ,(#8164,#8165,#8166,#8167)
    ,(#8168,#8169,#8170,#8171)
    ,(#8172,#8173,#8174,#8175)
    ,(#8176,#8177,#8178,#8179)
    ,(#8180,#8181,#8182,#8183)
    ,(#8184,#8185,#8186,#8187)
    ,(#8188,#8189,#8190,#8191
    )),.UNSPECIFIED.,.F.,.F.,.F.,(4,1,1,1,1,1,1,1,1,1,4),(4,4),(
    -1.210613555044E-02,0.,0.125,0.25,0.375,0.5,0.625,0.75,0.875,1.,
    1.012134427674),(-0.317095118379,1.317095118379),.UNSPECIFIED.);
#8140 = CARTESIAN_POINT('',(2.00835601389,-0.422791201223,
    -77.63088237783));
#8141 = CARTESIAN_POINT('',(2.174394054376,-0.583485667126,
    -77.63576119448));
#8142 = CARTESIAN_POINT('',(2.340432094861,-0.744180133029,
    -77.64064001113));
#8143 = CARTESIAN_POINT('',(2.506470135346,-0.904874598932,
    -77.64551882778));
#8144 = CARTESIAN_POINT('',(2.00404166096,-0.426465990222,
    -77.65127169292));
#8145 = CARTESIAN_POINT('',(2.169975373462,-0.587245889467,
    -77.65662367491));
#8146 = CARTESIAN_POINT('',(2.335909085964,-0.748025788712,
    -77.66197565691));
#8147 = CARTESIAN_POINT('',(2.501842798466,-0.908805687956,
    -77.66732763891));
#8148 = CARTESIAN_POINT('',(1.954810596255,-0.468365948825,
    -77.88374249732));
#8149 = CARTESIAN_POINT('',(2.119657665749,-0.630054461728,
    -77.89413163151));
#8150 = CARTESIAN_POINT('',(2.284504735243,-0.791742974631,
    -77.9045207657));
#8151 = CARTESIAN_POINT('',(2.449351804737,-0.953431487535,
    -77.9149098999));
#8152 = CARTESIAN_POINT('',(1.851359216231,-0.553184482337,
    -78.35352952679));
#8153 = CARTESIAN_POINT('',(2.01562607818,-0.715620740012,
    -78.36813074452));
#8154 = CARTESIAN_POINT('',(2.179892940128,-0.878056997688,
    -78.38273196224));
#8155 = CARTESIAN_POINT('',(2.344159802077,-1.040493255363,
    -78.39733317997));
#8156 = CARTESIAN_POINT('',(1.643020415115,-0.649645305686,
    -78.86852382927));
#8157 = CARTESIAN_POINT('',(1.795341021845,-0.818301828628,
    -78.91665077581));
#8158 = CARTESIAN_POINT('',(1.947661628575,-0.986958351571,
    -78.96477772234));
#8159 = CARTESIAN_POINT('',(2.099982235305,-1.155614874513,
    -79.01290466888));
#8160 = CARTESIAN_POINT('',(1.361162439294,-0.728680556318,
    -79.26685799827));
#8161 = CARTESIAN_POINT('',(1.490313470149,-0.903915005941,
    -79.34819879747));
#8162 = CARTESIAN_POINT('',(1.619464501005,-1.079149455564,
    -79.42953959668));
#8163 = CARTESIAN_POINT('',(1.74861553186,-1.254383905188,
    -79.51088039589));
#8164 = CARTESIAN_POINT('',(1.026265173178,-0.789009442395,
    -79.54545916005));
#8165 = CARTESIAN_POINT('',(1.122447736197,-0.970279239709,
    -79.65478513012));
#8166 = CARTESIAN_POINT('',(1.218630299216,-1.151549037022,
    -79.76411110019));
#8167 = CARTESIAN_POINT('',(1.314812862236,-1.332818834335,
    -79.87343707027));
#8168 = CARTESIAN_POINT('',(0.630943685508,-0.835678999303,
    -79.73202021746));
#8169 = CARTESIAN_POINT('',(0.687716836761,-1.021519521666,
    -79.85947043835));
#8170 = CARTESIAN_POINT('',(0.744489988013,-1.20736004403,
    -79.98692065923));
#8171 = CARTESIAN_POINT('',(0.801263139265,-1.393200566393,
    -80.11437088011));
#8172 = CARTESIAN_POINT('',(0.145007856983,-0.86908504942,
    -79.82241903344));
#8173 = CARTESIAN_POINT('',(0.16146455892,-1.057647351684,
    -79.95708055834));
#8174 = CARTESIAN_POINT('',(0.177921260857,-1.246209653947,
    -80.09174208324));
#8175 = CARTESIAN_POINT('',(0.194377962794,-1.434771956211,
    -80.22640360813));
#8176 = CARTESIAN_POINT('',(-0.418719098621,-0.885670296984,
    -79.79875613073));
#8177 = CARTESIAN_POINT('',(-0.438054832495,-1.07503471701,
    -79.93046040259));
#8178 = CARTESIAN_POINT('',(-0.45739056637,-1.264399137036,
    -80.06216467445));
#8179 = CARTESIAN_POINT('',(-0.476726300244,-1.453763557062,
    -80.1938689463));
#8180 = CARTESIAN_POINT('',(-0.893073827921,-0.88624221743,
    -79.70124490469));
#8181 = CARTESIAN_POINT('',(-0.916446264982,-1.075553494563,
    -79.83178302728));
#8182 = CARTESIAN_POINT('',(-0.939818702043,-1.264864771696,
    -79.96232114988));
#8183 = CARTESIAN_POINT('',(-0.963191139103,-1.454176048828,
    -80.09285927247));
#8184 = CARTESIAN_POINT('',(-1.127606782881,-0.8862131727,
    -79.65122498538));
#8185 = CARTESIAN_POINT('',(-1.156039821955,-1.075527148672,
    -79.78070309162));
#8186 = CARTESIAN_POINT('',(-1.18447286103,-1.264841124643,
    -79.91018119787));
#8187 = CARTESIAN_POINT('',(-1.212905900104,-1.454155100614,
    -80.03965930411));
#8188 = CARTESIAN_POINT('',(-1.148225044726,-0.886210187092,
    -79.64682512804));
#8189 = CARTESIAN_POINT('',(-1.177135780835,-1.075524797751,
    -79.77620537655));
#8190 = CARTESIAN_POINT('',(-1.206046516943,-1.26483940841,
    -79.90558562505));
#8191 = CARTESIAN_POINT('',(-1.234957253052,-1.454154019069,
    -80.03496587356));
#8192 = DEFINITIONAL_REPRESENTATION('',(#8193),#8196);
#8193 = B_SPLINE_CURVE_WITH_KNOTS('',1,(#8194,#8195),.UNSPECIFIED.,.F.,
  .F.,(2,2),(0.,1.),.PIECEWISE_BEZIER_KNOTS.);
#8194 = CARTESIAN_POINT('',(-8.666025735338E-08,4.231918917304E-13));
#8195 = CARTESIAN_POINT('',(1.000000508937,-3.303312067609E-12));
#8196 = ( GEOMETRIC_REPRESENTATION_CONTEXT(2) 
PARAMETRIC_REPRESENTATION_CONTEXT() REPRESENTATION_CONTEXT('2D SPACE',''
  ) );
#8197 = ORIENTED_EDGE('',*,*,#8198,.F.);
#8198 = EDGE_CURVE('',#8199,#8108,#8201,.T.);
#8199 = VERTEX_POINT('',#8200);
#8200 = CARTESIAN_POINT('',(8.439137682081,4.855525157024,
    -47.83414383719));
#8201 = SURFACE_CURVE('',#8202,(#8206,#8213),.PCURVE_S1.);
#8202 = LINE('',#8203,#8204);
#8203 = CARTESIAN_POINT('',(8.439137682081,4.855525157024,
    -47.83414383719));
#8204 = VECTOR('',#8205,1.);
#8205 = DIRECTION('',(-0.204753045059,-0.173648177667,-0.963287340793));
#8206 = PCURVE('',#6759,#8207);
#8207 = DEFINITIONAL_REPRESENTATION('',(#8208),#8212);
#8208 = LINE('',#8209,#8210);
#8209 = CARTESIAN_POINT('',(30.700000000004,43.506932982819));
#8210 = VECTOR('',#8211,1.);
#8211 = DIRECTION('',(3.79973830178E-14,1.));
#8212 = ( GEOMETRIC_REPRESENTATION_CONTEXT(2) 
PARAMETRIC_REPRESENTATION_CONTEXT() REPRESENTATION_CONTEXT('2D SPACE',''
  ) );
#8213 = PCURVE('',#8214,#8219);
#8214 = PLANE('',#8215);
#8215 = AXIS2_PLACEMENT_3D('',#8216,#8217,#8218);
#8216 = CARTESIAN_POINT('',(5.417603702627,2.016257711702,
    -62.77080372545));
#8217 = DIRECTION('',(0.666125781545,0.69636424032,-0.267120362317));
#8218 = DIRECTION('',(0.717183821415,-0.69636424032,-2.691117061357E-02)
  );
#8219 = DEFINITIONAL_REPRESENTATION('',(#8220),#8224);
#8220 = LINE('',#8221,#8222);
#8221 = CARTESIAN_POINT('',(-0.212132034356,-15.49999728492));
#8222 = VECTOR('',#8223,1.);
#8223 = DIRECTION('',(-2.256528297551E-14,1.));
#8224 = ( GEOMETRIC_REPRESENTATION_CONTEXT(2) 
PARAMETRIC_REPRESENTATION_CONTEXT() REPRESENTATION_CONTEXT('2D SPACE',''
  ) );
#8225 = ORIENTED_EDGE('',*,*,#8226,.F.);
#8226 = EDGE_CURVE('',#8227,#8199,#8229,.T.);
#8227 = VERTEX_POINT('',#8228);
#8228 = CARTESIAN_POINT('',(6.350972482447,5.324375708192,
    -44.67190373968));
#8229 = SURFACE_CURVE('',#8230,(#8242,#8257),.PCURVE_S1.);
#8230 = B_SPLINE_CURVE_WITH_KNOTS('',3,(#8231,#8232,#8233,#8234,#8235,
    #8236,#8237,#8238,#8239,#8240,#8241),.UNSPECIFIED.,.F.,.F.,(4,1,1,1,
    1,1,1,1,4),(0.,0.125000036631,0.249999813283,0.374999589934,
    0.499999366586,0.624999143237,0.749998919889,0.87499869654,1.),
  .UNSPECIFIED.);
#8231 = CARTESIAN_POINT('',(6.350972482447,5.324375708192,
    -44.67190373968));
#8232 = CARTESIAN_POINT('',(6.569851256006,5.324375709342,
    -44.71842785255));
#8233 = CARTESIAN_POINT('',(7.027246537534,5.323823005597,
    -44.81885478707));
#8234 = CARTESIAN_POINT('',(7.570636383599,5.306552412014,
    -45.03449044872));
#8235 = CARTESIAN_POINT('',(7.996034144099,5.271466245597,
    -45.32834048235));
#8236 = CARTESIAN_POINT('',(8.297289669873,5.221969657017,
    -45.67935463239));
#8237 = CARTESIAN_POINT('',(8.499785404666,5.158042697331,
    -46.09304376739));
#8238 = CARTESIAN_POINT('',(8.59888831591,5.07493393376,-46.59597182586)
  );
#8239 = CARTESIAN_POINT('',(8.576785226546,4.974726536074,
    -47.17227432007));
#8240 = CARTESIAN_POINT('',(8.484651372085,4.894124647262,
    -47.62001893535));
#8241 = CARTESIAN_POINT('',(8.439137682081,4.855525157024,
    -47.83414383719));
#8242 = PCURVE('',#6759,#8243);
#8243 = DEFINITIONAL_REPRESENTATION('',(#8244),#8256);
#8244 = B_SPLINE_CURVE_WITH_KNOTS('',3,(#8245,#8246,#8247,#8248,#8249,
    #8250,#8251,#8252,#8253,#8254,#8255),.UNSPECIFIED.,.F.,.F.,(4,1,1,1,
    1,1,1,1,4),(0.,0.125000036631,0.249999813283,0.374999589934,
    0.499999366586,0.624999143237,0.749998919889,0.87499869654,1.),
  .UNSPECIFIED.);
#8245 = CARTESIAN_POINT('',(27.999999534601,40.806930267743));
#8246 = CARTESIAN_POINT('',(28.22376818878,40.806930261128));
#8247 = CARTESIAN_POINT('',(28.692048219753,40.810113155135));
#8248 = CARTESIAN_POINT('',(29.268396868959,40.909570539693));
#8249 = CARTESIAN_POINT('',(29.745593525089,41.111623719216));
#8250 = CARTESIAN_POINT('',(30.113245840268,41.396663212554));
#8251 = CARTESIAN_POINT('',(30.397327364946,41.764803901065));
#8252 = CARTESIAN_POINT('',(30.598829262801,42.24340819561));
#8253 = CARTESIAN_POINT('',(30.697029204964,42.820479599599));
#8254 = CARTESIAN_POINT('',(30.700000036294,43.284647377769));
#8255 = CARTESIAN_POINT('',(30.700000000004,43.506932982819));
#8256 = ( GEOMETRIC_REPRESENTATION_CONTEXT(2) 
PARAMETRIC_REPRESENTATION_CONTEXT() REPRESENTATION_CONTEXT('2D SPACE',''
  ) );
#8257 = PCURVE('',#8258,#8311);
#8258 = B_SPLINE_SURFACE_WITH_KNOTS('',3,3,(
    (#8259,#8260,#8261,#8262)
    ,(#8263,#8264,#8265,#8266)
    ,(#8267,#8268,#8269,#8270)
    ,(#8271,#8272,#8273,#8274)
    ,(#8275,#8276,#8277,#8278)
    ,(#8279,#8280,#8281,#8282)
    ,(#8283,#8284,#8285,#8286)
    ,(#8287,#8288,#8289,#8290)
    ,(#8291,#8292,#8293,#8294)
    ,(#8295,#8296,#8297,#8298)
    ,(#8299,#8300,#8301,#8302)
    ,(#8303,#8304,#8305,#8306)
    ,(#8307,#8308,#8309,#8310
    )),.UNSPECIFIED.,.F.,.F.,.F.,(4,1,1,1,1,1,1,1,1,1,4),(4,4),(
    -1.210613555044E-02,0.,0.125,0.25,0.375,0.5,0.625,0.75,0.875,1.,
    1.012134427674),(-0.317095118379,1.317095118379),.UNSPECIFIED.);
#8259 = CARTESIAN_POINT('',(6.265565391002,5.401534081936,-44.7664491716
    ));
#8260 = CARTESIAN_POINT('',(6.303564609168,5.268976053058,
    -44.58097795143));
#8261 = CARTESIAN_POINT('',(6.341563827334,5.136418024181,
    -44.39550673126));
#8262 = CARTESIAN_POINT('',(6.3795630455,5.003859995304,-44.21003551109)
  );
#8263 = CARTESIAN_POINT('',(6.286269122525,5.401537399138,
    -44.77083065251));
#8264 = CARTESIAN_POINT('',(6.324748828751,5.268978732701,
    -44.58546525979));
#8265 = CARTESIAN_POINT('',(6.363228534977,5.136420066264,
    -44.40009986707));
#8266 = CARTESIAN_POINT('',(6.401708241203,5.003861399827,
    -44.21473447435));
#8267 = CARTESIAN_POINT('',(6.522325029693,5.401568334593,-44.8208265213
    ));
#8268 = CARTESIAN_POINT('',(6.56591969371,5.26900695674,-44.63656406715)
  );
#8269 = CARTESIAN_POINT('',(6.609514357727,5.136445578888,
    -44.45230161301));
#8270 = CARTESIAN_POINT('',(6.653109021743,5.003884201035,
    -44.26803915887));
#8271 = CARTESIAN_POINT('',(6.999381667467,5.400957700161,
    -44.92576848716));
#8272 = CARTESIAN_POINT('',(7.047251431104,5.268449842898,-44.7421044221
    ));
#8273 = CARTESIAN_POINT('',(7.095121194742,5.135941985635,
    -44.55844035704));
#8274 = CARTESIAN_POINT('',(7.14299095838,5.003434128372,-44.37477629198
    ));
#8275 = CARTESIAN_POINT('',(7.522936262425,5.384163705237,
    -45.13442472576));
#8276 = CARTESIAN_POINT('',(7.604878957851,5.250837129824,
    -44.96274999872));
#8277 = CARTESIAN_POINT('',(7.686821653278,5.117510554411,
    -44.79107527168));
#8278 = CARTESIAN_POINT('',(7.768764348704,4.984183978998,
    -44.61940054464));
#8279 = CARTESIAN_POINT('',(7.928643258111,5.350670380095,
    -45.41485409368));
#8280 = CARTESIAN_POINT('',(8.04441249734,5.214607505878,-45.26623443068
    ));
#8281 = CARTESIAN_POINT('',(8.160181736569,5.078544631661,
    -45.11761476768));
#8282 = CARTESIAN_POINT('',(8.275950975798,4.942481757444,
    -44.96899510468));
#8283 = CARTESIAN_POINT('',(8.213258917601,5.303845364317,
    -45.74684160092));
#8284 = CARTESIAN_POINT('',(8.357613295289,5.163193041086,
    -45.63090743774));
#8285 = CARTESIAN_POINT('',(8.501967672976,5.022540717854,
    -45.51497327457));
#8286 = CARTESIAN_POINT('',(8.646322050664,4.881888394622,
    -45.39903911139));
#8287 = CARTESIAN_POINT('',(8.404912683193,5.243434111462,
    -46.13784220061));
#8288 = CARTESIAN_POINT('',(8.567892317465,5.096742308442,-46.0608837508
    ));
#8289 = CARTESIAN_POINT('',(8.730871951737,4.950050505422,
    -45.98392530098));
#8290 = CARTESIAN_POINT('',(8.89385158601,4.803358702403,-45.90696685116
    ));
#8291 = CARTESIAN_POINT('',(8.499612274181,5.164159899121,
    -46.61760164688));
#8292 = CARTESIAN_POINT('',(8.670155960529,5.010880557343,
    -46.58044541467));
#8293 = CARTESIAN_POINT('',(8.840699646877,4.857601215565,
    -46.54328918245));
#8294 = CARTESIAN_POINT('',(9.011243333226,4.704321873787,
    -46.50613295024));
#8295 = CARTESIAN_POINT('',(8.479125927278,5.067554562125,-47.1733631086
    ));
#8296 = CARTESIAN_POINT('',(8.646893530454,4.908088980976,
    -47.17148450392));
#8297 = CARTESIAN_POINT('',(8.814661133631,4.748623399826,
    -47.16960589924));
#8298 = CARTESIAN_POINT('',(8.982428736807,4.589157818677,
    -47.16772729456));
#8299 = CARTESIAN_POINT('',(8.383193258594,4.983463232967,
    -47.64053197201));
#8300 = CARTESIAN_POINT('',(8.54980340242,4.823269901404,-47.64262682529
    ));
#8301 = CARTESIAN_POINT('',(8.716413546246,4.663076569841,
    -47.64472167856));
#8302 = CARTESIAN_POINT('',(8.883023690072,4.502883238278,
    -47.64681653183));
#8303 = CARTESIAN_POINT('',(8.333928320897,4.941821084893,
    -47.87150079578));
#8304 = CARTESIAN_POINT('',(8.499495010813,4.780729921835,
    -47.87857946659));
#8305 = CARTESIAN_POINT('',(8.665061700729,4.619638758778,
    -47.88565813739));
#8306 = CARTESIAN_POINT('',(8.830628390645,4.45854759572,-47.8927368082)
  );
#8307 = CARTESIAN_POINT('',(8.329594800157,4.938160149769,
    -47.89180571211));
#8308 = CARTESIAN_POINT('',(8.495065226822,4.776984315169,
    -47.89935484557));
#8309 = CARTESIAN_POINT('',(8.660535653487,4.61580848057,-47.90690397903
    ));
#8310 = CARTESIAN_POINT('',(8.826006080152,4.454632645971,-47.9144531125
    ));
#8311 = DEFINITIONAL_REPRESENTATION('',(#8312),#8315);
#8312 = B_SPLINE_CURVE_WITH_KNOTS('',1,(#8313,#8314),.UNSPECIFIED.,.F.,
  .F.,(2,2),(0.,1.),.PIECEWISE_BEZIER_KNOTS.);
#8313 = CARTESIAN_POINT('',(-8.666032054781E-08,1.149291019185E-11));
#8314 = CARTESIAN_POINT('',(1.000000508937,-7.996704871861E-13));
#8315 = ( GEOMETRIC_REPRESENTATION_CONTEXT(2) 
PARAMETRIC_REPRESENTATION_CONTEXT() REPRESENTATION_CONTEXT('2D SPACE',''
  ) );
#8316 = ORIENTED_EDGE('',*,*,#8317,.F.);
#8317 = EDGE_CURVE('',#8318,#8227,#8320,.T.);
#8318 = VERTEX_POINT('',#8319);
#8319 = CARTESIAN_POINT('',(5.372822937878,5.324375708192,
    -44.46399163569));
#8320 = SURFACE_CURVE('',#8321,(#8325,#8332),.PCURVE_S1.);
#8321 = LINE('',#8322,#8323);
#8322 = CARTESIAN_POINT('',(5.372822937878,5.324375708192,
    -44.46399163569));
#8323 = VECTOR('',#8324,1.);
#8324 = DIRECTION('',(0.978147600734,-4.352065607836E-14,-0.207911690818
    ));
#8325 = PCURVE('',#6759,#8326);
#8326 = DEFINITIONAL_REPRESENTATION('',(#8327),#8331);
#8327 = LINE('',#8328,#8329);
#8328 = CARTESIAN_POINT('',(26.99999754734,40.806930267746));
#8329 = VECTOR('',#8330,1.);
#8330 = DIRECTION('',(1.,2.002564780668E-13));
#8331 = ( GEOMETRIC_REPRESENTATION_CONTEXT(2) 
PARAMETRIC_REPRESENTATION_CONTEXT() REPRESENTATION_CONTEXT('2D SPACE',''
  ) );
#8332 = PCURVE('',#8333,#8338);
#8333 = PLANE('',#8334);
#8334 = AXIS2_PLACEMENT_3D('',#8335,#8336,#8337);
#8335 = CARTESIAN_POINT('',(5.898027617005,5.20270177189,-44.39797685766
    ));
#8336 = DIRECTION('',(0.119253246695,0.819152044289,0.561042415054));
#8337 = DIRECTION('',(0.170311286565,-0.573576436351,0.801251606757));
#8338 = DEFINITIONAL_REPRESENTATION('',(#8339),#8343);
#8339 = LINE('',#8340,#8341);
#8340 = CARTESIAN_POINT('',(-0.212132034359,-0.500002452663));
#8341 = VECTOR('',#8342,1.);
#8342 = DIRECTION('',(-1.246780456654E-13,1.));
#8343 = ( GEOMETRIC_REPRESENTATION_CONTEXT(2) 
PARAMETRIC_REPRESENTATION_CONTEXT() REPRESENTATION_CONTEXT('2D SPACE',''
  ) );
#8344 = ORIENTED_EDGE('',*,*,#8345,.F.);
#8345 = EDGE_CURVE('',#6661,#8318,#8346,.T.);
#8346 = SURFACE_CURVE('',#8347,(#8355,#8366),.PCURVE_S1.);
#8347 = B_SPLINE_CURVE_WITH_KNOTS('',3,(#8348,#8349,#8350,#8351,#8352,
    #8353,#8354),.UNSPECIFIED.,.F.,.F.,(4,1,1,1,4),(0.,0.25000076423,
    0.500001821795,0.750002879361,1.),.UNSPECIFIED.);
#8348 = CARTESIAN_POINT('',(3.877448109862,5.39865583934,-43.71546506803
    ));
#8349 = CARTESIAN_POINT('',(3.957143178395,5.384959628203,
    -43.81181515835));
#8350 = CARTESIAN_POINT('',(4.131497150063,5.361946814405,
    -43.98230311071));
#8351 = CARTESIAN_POINT('',(4.487400645475,5.336414643263,
    -44.20598779321));
#8352 = CARTESIAN_POINT('',(4.912320545708,5.324693799913,
    -44.36426454062));
#8353 = CARTESIAN_POINT('',(5.220480718793,5.324375713201,
    -44.43161026836));
#8354 = CARTESIAN_POINT('',(5.372822937878,5.324375708192,
    -44.46399163569));
#8355 = PCURVE('',#6759,#8356);
#8356 = DEFINITIONAL_REPRESENTATION('',(#8357),#8365);
#8357 = B_SPLINE_CURVE_WITH_KNOTS('',3,(#8358,#8359,#8360,#8361,#8362,
    #8363,#8364),.UNSPECIFIED.,.F.,.F.,(4,1,1,1,4),(0.,0.25000076423,
    0.500001821795,0.750002879361,1.),.UNSPECIFIED.);
#8358 = CARTESIAN_POINT('',(25.381672822814,40.379168041003));
#8359 = CARTESIAN_POINT('',(25.479658673079,40.458041377439));
#8360 = CARTESIAN_POINT('',(25.685649030584,40.590566890266));
#8361 = CARTESIAN_POINT('',(26.080281841262,40.737600803806));
#8362 = CARTESIAN_POINT('',(26.528823808351,40.805098450537));
#8363 = CARTESIAN_POINT('',(26.844251906419,40.806930238898));
#8364 = CARTESIAN_POINT('',(26.99999754734,40.806930267746));
#8365 = ( GEOMETRIC_REPRESENTATION_CONTEXT(2) 
PARAMETRIC_REPRESENTATION_CONTEXT() REPRESENTATION_CONTEXT('2D SPACE',''
  ) );
#8366 = PCURVE('',#7060,#8367);
#8367 = DEFINITIONAL_REPRESENTATION('',(#8368),#8371);
#8368 = B_SPLINE_CURVE_WITH_KNOTS('',1,(#8369,#8370),.UNSPECIFIED.,.F.,
  .F.,(2,2),(0.,1.),.PIECEWISE_BEZIER_KNOTS.);
#8369 = CARTESIAN_POINT('',(6.129022480126E-08,1.405151120619E-10));
#8370 = CARTESIAN_POINT('',(0.999998687697,1.272782597979E-12));
#8371 = ( GEOMETRIC_REPRESENTATION_CONTEXT(2) 
PARAMETRIC_REPRESENTATION_CONTEXT() REPRESENTATION_CONTEXT('2D SPACE',''
  ) );
#8372 = FACE_BOUND('',#8373,.F.);
#8373 = EDGE_LOOP('',(#8374));
#8374 = ORIENTED_EDGE('',*,*,#8375,.F.);
#8375 = EDGE_CURVE('',#8376,#8376,#8378,.T.);
#8376 = VERTEX_POINT('',#8377);
#8377 = CARTESIAN_POINT('',(-2.755344286434,2.444420061216,
    -59.43422629165));
#8378 = SURFACE_CURVE('',#8379,(#8384,#8395),.PCURVE_S1.);
#8379 = CIRCLE('',#8380,1.65);
#8380 = AXIS2_PLACEMENT_3D('',#8381,#8382,#8383);
#8381 = CARTESIAN_POINT('',(-2.755344286434,2.163978874654,
    -61.06021913938));
#8382 = DIRECTION('',(3.610348622615E-02,-0.984807753012,0.169853548357)
  );
#8383 = DIRECTION('',(1.37563571645E-15,0.169964355492,0.985450210747));
#8384 = PCURVE('',#6759,#8385);
#8385 = DEFINITIONAL_REPRESENTATION('',(#8386),#8394);
#8386 = ( BOUNDED_CURVE() B_SPLINE_CURVE(2,(#8387,#8388,#8389,#8390,
#8391,#8392,#8393),.UNSPECIFIED.,.T.,.F.) B_SPLINE_CURVE_WITH_KNOTS((1,2
    ,2,2,2,1),(-2.094395102393,0.,2.094395102393,4.188790204786,
6.28318530718,8.377580409573),.UNSPECIFIED.) CURVE() 
GEOMETRIC_REPRESENTATION_ITEM() RATIONAL_B_SPLINE_CURVE((1.,0.5,1.,0.5,
1.,0.5,1.)) REPRESENTATION_ITEM('') );
#8387 = CARTESIAN_POINT('',(22.161937077776,57.391933840316));
#8388 = CARTESIAN_POINT('',(19.364681211424,57.977475997774));
#8389 = CARTESIAN_POINT('',(21.270403527944,60.107199560191));
#8390 = CARTESIAN_POINT('',(23.176125844465,62.236923122608));
#8391 = CARTESIAN_POINT('',(24.067659394296,59.521657402734));
#8392 = CARTESIAN_POINT('',(24.959192944127,56.806391682859));
#8393 = CARTESIAN_POINT('',(22.161937077776,57.391933840316));
#8394 = ( GEOMETRIC_REPRESENTATION_CONTEXT(2) 
PARAMETRIC_REPRESENTATION_CONTEXT() REPRESENTATION_CONTEXT('2D SPACE',''
  ) );
#8395 = PCURVE('',#8396,#8401);
#8396 = CYLINDRICAL_SURFACE('',#8397,1.65);
#8397 = AXIS2_PLACEMENT_3D('',#8398,#8399,#8400);
#8398 = CARTESIAN_POINT('',(-3.789654687464,30.37723494568,
    -65.92626699461));
#8399 = DIRECTION('',(3.610348622615E-02,-0.984807753012,0.169853548357)
  );
#8400 = DIRECTION('',(1.37563571645E-15,0.169964355492,0.985450210747));
#8401 = DEFINITIONAL_REPRESENTATION('',(#8402),#8406);
#8402 = LINE('',#8403,#8404);
#8403 = CARTESIAN_POINT('',(0.,28.648491022467));
#8404 = VECTOR('',#8405,1.);
#8405 = DIRECTION('',(1.,0.));
#8406 = ( GEOMETRIC_REPRESENTATION_CONTEXT(2) 
PARAMETRIC_REPRESENTATION_CONTEXT() REPRESENTATION_CONTEXT('2D SPACE',''
  ) );
#8407 = FACE_BOUND('',#8408,.F.);
#8408 = EDGE_LOOP('',(#8409));
#8409 = ORIENTED_EDGE('',*,*,#8410,.F.);
#8410 = EDGE_CURVE('',#8411,#8411,#8413,.T.);
#8411 = VERTEX_POINT('',#8412);
#8412 = CARTESIAN_POINT('',(-22.31829630111,2.444420061216,
    -55.27599247529));
#8413 = SURFACE_CURVE('',#8414,(#8419,#8430),.PCURVE_S1.);
#8414 = CIRCLE('',#8415,1.65);
#8415 = AXIS2_PLACEMENT_3D('',#8416,#8417,#8418);
#8416 = CARTESIAN_POINT('',(-22.31829630111,2.163978874654,
    -56.90198532302));
#8417 = DIRECTION('',(3.610348622615E-02,-0.984807753012,0.169853548357)
  );
#8418 = DIRECTION('',(1.37563571645E-15,0.169964355492,0.985450210747));
#8419 = PCURVE('',#6759,#8420);
#8420 = DEFINITIONAL_REPRESENTATION('',(#8421),#8429);
#8421 = ( BOUNDED_CURVE() B_SPLINE_CURVE(2,(#8422,#8423,#8424,#8425,
#8426,#8427,#8428),.UNSPECIFIED.,.T.,.F.) B_SPLINE_CURVE_WITH_KNOTS((1,2
    ,2,2,2,1),(-2.094395102393,0.,2.094395102393,4.188790204786,
6.28318530718,8.377580409573),.UNSPECIFIED.) CURVE() 
GEOMETRIC_REPRESENTATION_ITEM() RATIONAL_B_SPLINE_CURVE((1.,0.5,1.,0.5,
1.,0.5,1.)) REPRESENTATION_ITEM('') );
#8422 = CARTESIAN_POINT('',(2.161937077775,57.391933840313));
#8423 = CARTESIAN_POINT('',(-0.635318788577,57.97747599777));
#8424 = CARTESIAN_POINT('',(1.270403527943,60.107199560187));
#8425 = CARTESIAN_POINT('',(3.176125844464,62.236923122604));
#8426 = CARTESIAN_POINT('',(4.067659394295,59.52165740273));
#8427 = CARTESIAN_POINT('',(4.959192944127,56.806391682855));
#8428 = CARTESIAN_POINT('',(2.161937077775,57.391933840313));
#8429 = ( GEOMETRIC_REPRESENTATION_CONTEXT(2) 
PARAMETRIC_REPRESENTATION_CONTEXT() REPRESENTATION_CONTEXT('2D SPACE',''
  ) );
#8430 = PCURVE('',#8431,#8436);
#8431 = CYLINDRICAL_SURFACE('',#8432,1.65);
#8432 = AXIS2_PLACEMENT_3D('',#8433,#8434,#8435);
#8433 = CARTESIAN_POINT('',(-23.35260670214,30.37723494568,
    -61.76803317826));
#8434 = DIRECTION('',(3.610348622615E-02,-0.984807753012,0.169853548357)
  );
#8435 = DIRECTION('',(1.37563571645E-15,0.169964355492,0.985450210747));
#8436 = DEFINITIONAL_REPRESENTATION('',(#8437),#8441);
#8437 = LINE('',#8438,#8439);
#8438 = CARTESIAN_POINT('',(0.,28.648491022468));
#8439 = VECTOR('',#8440,1.);
#8440 = DIRECTION('',(1.,0.));
#8441 = ( GEOMETRIC_REPRESENTATION_CONTEXT(2) 
PARAMETRIC_REPRESENTATION_CONTEXT() REPRESENTATION_CONTEXT('2D SPACE',''
  ) );
#8442 = FACE_BOUND('',#8443,.F.);
#8443 = EDGE_LOOP('',(#8444,#8474,#8502,#8530,#8558,#8586,#8614,#8642,
    #8670,#8698,#8726,#8754,#8782,#8810,#8838,#8866));
#8444 = ORIENTED_EDGE('',*,*,#8445,.T.);
#8445 = EDGE_CURVE('',#8446,#8448,#8450,.T.);
#8446 = VERTEX_POINT('',#8447);
#8447 = CARTESIAN_POINT('',(-10.5046293594,2.090086041902,
    -59.84148703569));
#8448 = VERTEX_POINT('',#8449);
#8449 = CARTESIAN_POINT('',(-13.27604748375,2.090086041902,
    -59.25240392823));
#8450 = SURFACE_CURVE('',#8451,(#8455,#8462),.PCURVE_S1.);
#8451 = LINE('',#8452,#8453);
#8452 = CARTESIAN_POINT('',(-10.5046293594,2.090086041902,
    -59.84148703569));
#8453 = VECTOR('',#8454,1.);
#8454 = DIRECTION('',(-0.978147600734,0.,0.207911690818));
#8455 = PCURVE('',#6759,#8456);
#8456 = DEFINITIONAL_REPRESENTATION('',(#8457),#8461);
#8457 = LINE('',#8458,#8459);
#8458 = CARTESIAN_POINT('',(14.666666746149,59.432462131916));
#8459 = VECTOR('',#8460,1.);
#8460 = DIRECTION('',(-1.,-2.775557561563E-17));
#8461 = ( GEOMETRIC_REPRESENTATION_CONTEXT(2) 
PARAMETRIC_REPRESENTATION_CONTEXT() REPRESENTATION_CONTEXT('2D SPACE',''
  ) );
#8462 = PCURVE('',#8463,#8468);
#8463 = PLANE('',#8464);
#8464 = AXIS2_PLACEMENT_3D('',#8465,#8466,#8467);
#8465 = CARTESIAN_POINT('',(-10.5046293594,2.090086041902,
    -59.84148703569));
#8466 = DIRECTION('',(-0.204753045059,-0.173648177667,-0.963287340793));
#8467 = DIRECTION('',(-0.978147600734,-6.60582699652E-15,0.207911690818)
  );
#8468 = DEFINITIONAL_REPRESENTATION('',(#8469),#8473);
#8469 = LINE('',#8470,#8471);
#8470 = CARTESIAN_POINT('',(0.,0.));
#8471 = VECTOR('',#8472,1.);
#8472 = DIRECTION('',(1.,1.387778780781E-17));
#8473 = ( GEOMETRIC_REPRESENTATION_CONTEXT(2) 
PARAMETRIC_REPRESENTATION_CONTEXT() REPRESENTATION_CONTEXT('2D SPACE',''
  ) );
#8474 = ORIENTED_EDGE('',*,*,#8475,.T.);
#8475 = EDGE_CURVE('',#8448,#8476,#8478,.T.);
#8476 = VERTEX_POINT('',#8477);
#8477 = CARTESIAN_POINT('',(-15.31212744227,1.469386163986,
    -62.41842826231));
#8478 = SURFACE_CURVE('',#8479,(#8483,#8490),.PCURVE_S1.);
#8479 = LINE('',#8480,#8481);
#8480 = CARTESIAN_POINT('',(-13.27604748375,2.090086041902,
    -59.25240392823));
#8481 = VECTOR('',#8482,1.);
#8482 = DIRECTION('',(-0.533696914051,-0.162697740828,-0.829877731393));
#8483 = PCURVE('',#6759,#8484);
#8484 = DEFINITIONAL_REPRESENTATION('',(#8485),#8489);
#8485 = LINE('',#8486,#8487);
#8486 = CARTESIAN_POINT('',(11.833333492282,59.432462131918));
#8487 = VECTOR('',#8488,1.);
#8488 = DIRECTION('',(-0.349493073693,0.936938947553));
#8489 = ( GEOMETRIC_REPRESENTATION_CONTEXT(2) 
PARAMETRIC_REPRESENTATION_CONTEXT() REPRESENTATION_CONTEXT('2D SPACE',''
  ) );
#8490 = PCURVE('',#8491,#8496);
#8491 = PLANE('',#8492);
#8492 = AXIS2_PLACEMENT_3D('',#8493,#8494,#8495);
#8493 = CARTESIAN_POINT('',(-13.27604748375,2.090086041902,
    -59.25240392823));
#8494 = DIRECTION('',(0.844904812517,-6.068883535394E-02,-0.531462814362
    ));
#8495 = DIRECTION('',(-0.533696914051,-0.162697740828,-0.829877731393));
#8496 = DEFINITIONAL_REPRESENTATION('',(#8497),#8501);
#8497 = LINE('',#8498,#8499);
#8498 = CARTESIAN_POINT('',(-0.,0.));
#8499 = VECTOR('',#8500,1.);
#8500 = DIRECTION('',(1.,0.));
#8501 = ( GEOMETRIC_REPRESENTATION_CONTEXT(2) 
PARAMETRIC_REPRESENTATION_CONTEXT() REPRESENTATION_CONTEXT('2D SPACE',''
  ) );
#8502 = ORIENTED_EDGE('',*,*,#8503,.T.);
#8503 = EDGE_CURVE('',#8476,#8504,#8506,.T.);
#8504 = VERTEX_POINT('',#8505);
#8505 = CARTESIAN_POINT('',(-16.45329995407,1.469386163986,
    -62.17586455693));
#8506 = SURFACE_CURVE('',#8507,(#8511,#8518),.PCURVE_S1.);
#8507 = LINE('',#8508,#8509);
#8508 = CARTESIAN_POINT('',(-15.31212744227,1.469386163986,
    -62.41842826231));
#8509 = VECTOR('',#8510,1.);
#8510 = DIRECTION('',(-0.978147600734,0.,0.207911690818));
#8511 = PCURVE('',#6759,#8512);
#8512 = DEFINITIONAL_REPRESENTATION('',(#8513),#8517);
#8513 = LINE('',#8514,#8515);
#8514 = CARTESIAN_POINT('',(10.500000238422,63.006930267749));
#8515 = VECTOR('',#8516,1.);
#8516 = DIRECTION('',(-1.,-2.775557561563E-17));
#8517 = ( GEOMETRIC_REPRESENTATION_CONTEXT(2) 
PARAMETRIC_REPRESENTATION_CONTEXT() REPRESENTATION_CONTEXT('2D SPACE',''
  ) );
#8518 = PCURVE('',#8519,#8524);
#8519 = PLANE('',#8520);
#8520 = AXIS2_PLACEMENT_3D('',#8521,#8522,#8523);
#8521 = CARTESIAN_POINT('',(-15.31212744227,1.469386163986,
    -62.41842826231));
#8522 = DIRECTION('',(-0.204753045059,-0.173648177667,-0.963287340793));
#8523 = DIRECTION('',(-0.978147600734,-6.60582699652E-15,0.207911690818)
  );
#8524 = DEFINITIONAL_REPRESENTATION('',(#8525),#8529);
#8525 = LINE('',#8526,#8527);
#8526 = CARTESIAN_POINT('',(0.,0.));
#8527 = VECTOR('',#8528,1.);
#8528 = DIRECTION('',(1.,1.387778780781E-17));
#8529 = ( GEOMETRIC_REPRESENTATION_CONTEXT(2) 
PARAMETRIC_REPRESENTATION_CONTEXT() REPRESENTATION_CONTEXT('2D SPACE',''
  ) );
#8530 = ORIENTED_EDGE('',*,*,#8531,.T.);
#8531 = EDGE_CURVE('',#8504,#8532,#8534,.T.);
#8532 = VERTEX_POINT('',#8533);
#8533 = CARTESIAN_POINT('',(-14.18449216172,2.149200308104,
    -58.71656462155));
#8534 = SURFACE_CURVE('',#8535,(#8539,#8546),.PCURVE_S1.);
#8535 = LINE('',#8536,#8537);
#8536 = CARTESIAN_POINT('',(-16.45329995407,1.469386163986,
    -62.17586455693));
#8537 = VECTOR('',#8538,1.);
#8538 = DIRECTION('',(0.541168910267,0.162153127646,0.825131852345));
#8539 = PCURVE('',#6759,#8540);
#8540 = DEFINITIONAL_REPRESENTATION('',(#8541),#8545);
#8541 = LINE('',#8542,#8543);
#8542 = CARTESIAN_POINT('',(9.333333253865,63.00693026775));
#8543 = VECTOR('',#8544,1.);
#8544 = DIRECTION('',(0.357788512601,-0.933802645237));
#8545 = ( GEOMETRIC_REPRESENTATION_CONTEXT(2) 
PARAMETRIC_REPRESENTATION_CONTEXT() REPRESENTATION_CONTEXT('2D SPACE',''
  ) );
#8546 = PCURVE('',#8547,#8552);
#8547 = PLANE('',#8548);
#8548 = AXIS2_PLACEMENT_3D('',#8549,#8550,#8551);
#8549 = CARTESIAN_POINT('',(-16.45329995407,1.469386163986,
    -62.17586455693));
#8550 = DIRECTION('',(-0.840138529555,6.212932320331E-02,0.538801631731)
  );
#8551 = DIRECTION('',(0.541168910267,0.162153127646,0.825131852345));
#8552 = DEFINITIONAL_REPRESENTATION('',(#8553),#8557);
#8553 = LINE('',#8554,#8555);
#8554 = CARTESIAN_POINT('',(0.,0.));
#8555 = VECTOR('',#8556,1.);
#8556 = DIRECTION('',(1.,0.));
#8557 = ( GEOMETRIC_REPRESENTATION_CONTEXT(2) 
PARAMETRIC_REPRESENTATION_CONTEXT() REPRESENTATION_CONTEXT('2D SPACE',''
  ) );
#8558 = ORIENTED_EDGE('',*,*,#8559,.T.);
#8559 = EDGE_CURVE('',#8532,#8560,#8562,.T.);
#8560 = VERTEX_POINT('',#8561);
#8561 = CARTESIAN_POINT('',(-14.76688725077,2.208314574305,
    -58.25002929444));
#8562 = SURFACE_CURVE('',#8563,(#8567,#8574),.PCURVE_S1.);
#8563 = LINE('',#8564,#8565);
#8564 = CARTESIAN_POINT('',(-14.18449216172,2.149200308104,
    -58.71656462155));
#8565 = VECTOR('',#8566,1.);
#8566 = DIRECTION('',(-0.778026365161,7.897123194628E-02,0.62324836112)
  );
#8567 = PCURVE('',#6759,#8568);
#8568 = DEFINITIONAL_REPRESENTATION('',(#8569),#8573);
#8569 = LINE('',#8570,#8571);
#8570 = CARTESIAN_POINT('',(10.833333253868,59.092036640576));
#8571 = VECTOR('',#8572,1.);
#8572 = DIRECTION('',(-0.89060524295,-0.45477719955));
#8573 = ( GEOMETRIC_REPRESENTATION_CONTEXT(2) 
PARAMETRIC_REPRESENTATION_CONTEXT() REPRESENTATION_CONTEXT('2D SPACE',''
  ) );
#8574 = PCURVE('',#8575,#8580);
#8575 = PLANE('',#8576);
#8576 = AXIS2_PLACEMENT_3D('',#8577,#8578,#8579);
#8577 = CARTESIAN_POINT('',(-14.18449216172,2.149200308104,
    -58.71656462155));
#8578 = DIRECTION('',(-0.627193362048,-0.154651977459,-0.763355259674));
#8579 = DIRECTION('',(-0.778026365161,7.897123194628E-02,0.62324836112)
  );
#8580 = DEFINITIONAL_REPRESENTATION('',(#8581),#8585);
#8581 = LINE('',#8582,#8583);
#8582 = CARTESIAN_POINT('',(0.,0.));
#8583 = VECTOR('',#8584,1.);
#8584 = DIRECTION('',(1.,0.));
#8585 = ( GEOMETRIC_REPRESENTATION_CONTEXT(2) 
PARAMETRIC_REPRESENTATION_CONTEXT() REPRESENTATION_CONTEXT('2D SPACE',''
  ) );
#8586 = ORIENTED_EDGE('',*,*,#8587,.T.);
#8587 = EDGE_CURVE('',#8560,#8588,#8590,.T.);
#8588 = VERTEX_POINT('',#8589);
#8589 = CARTESIAN_POINT('',(-15.11655473921,2.326543106708,
    -57.49021831646));
#8590 = SURFACE_CURVE('',#8591,(#8595,#8602),.PCURVE_S1.);
#8591 = LINE('',#8592,#8593);
#8592 = CARTESIAN_POINT('',(-14.76688725077,2.208314574305,
    -58.25002929444));
#8593 = VECTOR('',#8594,1.);
#8594 = DIRECTION('',(-0.413943050583,0.139961194528,0.899478746219));
#8595 = PCURVE('',#6759,#8596);
#8596 = DEFINITIONAL_REPRESENTATION('',(#8597),#8601);
#8597 = LINE('',#8598,#8599);
#8598 = CARTESIAN_POINT('',(10.166666746149,58.751611149249));
#8599 = VECTOR('',#8600,1.);
#8600 = DIRECTION('',(-0.59190954875,-0.806004395831));
#8601 = ( GEOMETRIC_REPRESENTATION_CONTEXT(2) 
PARAMETRIC_REPRESENTATION_CONTEXT() REPRESENTATION_CONTEXT('2D SPACE',''
  ) );
#8602 = PCURVE('',#8603,#8608);
#8603 = PLANE('',#8604);
#8604 = AXIS2_PLACEMENT_3D('',#8605,#8606,#8607);
#8605 = CARTESIAN_POINT('',(-14.76688725077,2.208314574305,
    -58.25002929444));
#8606 = DIRECTION('',(-0.909586548469,-0.102784014484,-0.402601238461));
#8607 = DIRECTION('',(-0.413943050583,0.139961194528,0.899478746219));
#8608 = DEFINITIONAL_REPRESENTATION('',(#8609),#8613);
#8609 = LINE('',#8610,#8611);
#8610 = CARTESIAN_POINT('',(0.,0.));
#8611 = VECTOR('',#8612,1.);
#8612 = DIRECTION('',(1.,5.551115123126E-17));
#8613 = ( GEOMETRIC_REPRESENTATION_CONTEXT(2) 
PARAMETRIC_REPRESENTATION_CONTEXT() REPRESENTATION_CONTEXT('2D SPACE',''
  ) );
#8614 = ORIENTED_EDGE('',*,*,#8615,.T.);
#8615 = EDGE_CURVE('',#8588,#8616,#8618,.T.);
#8616 = VERTEX_POINT('',#8617);
#8617 = CARTESIAN_POINT('',(-15.17502444991,2.41521450601,
    -56.96367505161));
#8618 = SURFACE_CURVE('',#8619,(#8623,#8630),.PCURVE_S1.);
#8619 = LINE('',#8620,#8621);
#8620 = CARTESIAN_POINT('',(-15.11655473921,2.326543106708,
    -57.49021831646));
#8621 = VECTOR('',#8622,1.);
#8622 = DIRECTION('',(-0.108851923803,0.165077820374,0.980255360559));
#8623 = PCURVE('',#6759,#8624);
#8624 = DEFINITIONAL_REPRESENTATION('',(#8625),#8629);
#8625 = LINE('',#8626,#8627);
#8626 = CARTESIAN_POINT('',(9.666666746143,58.070760166582));
#8627 = VECTOR('',#8628,1.);
#8628 = DIRECTION('',(-0.310279797551,-0.950645279393));
#8629 = ( GEOMETRIC_REPRESENTATION_CONTEXT(2) 
PARAMETRIC_REPRESENTATION_CONTEXT() REPRESENTATION_CONTEXT('2D SPACE',''
  ) );
#8630 = PCURVE('',#8631,#8636);
#8631 = PLANE('',#8632);
#8632 = AXIS2_PLACEMENT_3D('',#8633,#8634,#8635);
#8633 = CARTESIAN_POINT('',(-15.11655473921,2.326543106708,
    -57.49021831646));
#8634 = DIRECTION('',(-0.993402132556,-5.387952141153E-02,
    -0.101238333678));
#8635 = DIRECTION('',(-0.108851923803,0.165077820374,0.980255360559));
#8636 = DEFINITIONAL_REPRESENTATION('',(#8637),#8641);
#8637 = LINE('',#8638,#8639);
#8638 = CARTESIAN_POINT('',(0.,0.));
#8639 = VECTOR('',#8640,1.);
#8640 = DIRECTION('',(1.,2.775557561563E-17));
#8641 = ( GEOMETRIC_REPRESENTATION_CONTEXT(2) 
PARAMETRIC_REPRESENTATION_CONTEXT() REPRESENTATION_CONTEXT('2D SPACE',''
  ) );
#8642 = ORIENTED_EDGE('',*,*,#8643,.T.);
#8643 = EDGE_CURVE('',#8616,#8644,#8646,.T.);
#8644 = VERTEX_POINT('',#8645);
#8645 = CARTESIAN_POINT('',(-15.03561804034,2.533443121214,
    -56.30781945971));
#8646 = SURFACE_CURVE('',#8647,(#8651,#8658),.PCURVE_S1.);
#8647 = LINE('',#8648,#8649);
#8648 = CARTESIAN_POINT('',(-15.17502444991,2.41521450601,
    -56.96367505161));
#8649 = VECTOR('',#8650,1.);
#8650 = DIRECTION('',(0.204753045059,0.173648177667,0.963287340793));
#8651 = PCURVE('',#6759,#8652);
#8652 = DEFINITIONAL_REPRESENTATION('',(#8653),#8657);
#8653 = LINE('',#8654,#8655);
#8654 = CARTESIAN_POINT('',(9.500000238422,57.560121929582));
#8655 = VECTOR('',#8656,1.);
#8656 = DIRECTION('',(-3.79973830178E-14,-1.));
#8657 = ( GEOMETRIC_REPRESENTATION_CONTEXT(2) 
PARAMETRIC_REPRESENTATION_CONTEXT() REPRESENTATION_CONTEXT('2D SPACE',''
  ) );
#8658 = PCURVE('',#8659,#8664);
#8659 = PLANE('',#8660);
#8660 = AXIS2_PLACEMENT_3D('',#8661,#8662,#8663);
#8661 = CARTESIAN_POINT('',(-15.17502444991,2.41521450601,
    -56.96367505161));
#8662 = DIRECTION('',(-0.978147600734,0.,0.207911690818));
#8663 = DIRECTION('',(0.204753045059,0.173648177667,0.963287340793));
#8664 = DEFINITIONAL_REPRESENTATION('',(#8665),#8669);
#8665 = LINE('',#8666,#8667);
#8666 = CARTESIAN_POINT('',(0.,0.));
#8667 = VECTOR('',#8668,1.);
#8668 = DIRECTION('',(1.,-2.775557561563E-17));
#8669 = ( GEOMETRIC_REPRESENTATION_CONTEXT(2) 
PARAMETRIC_REPRESENTATION_CONTEXT() REPRESENTATION_CONTEXT('2D SPACE',''
  ) );
#8670 = ORIENTED_EDGE('',*,*,#8671,.T.);
#8671 = EDGE_CURVE('',#8644,#8672,#8674,.T.);
#8672 = VERTEX_POINT('',#8673);
#8673 = CARTESIAN_POINT('',(-14.76803886174,2.622114520516,
    -55.85058002571));
#8674 = SURFACE_CURVE('',#8675,(#8679,#8686),.PCURVE_S1.);
#8675 = LINE('',#8676,#8677);
#8676 = CARTESIAN_POINT('',(-15.03561804034,2.533443121214,
    -56.30781945971));
#8677 = VECTOR('',#8678,1.);
#8678 = DIRECTION('',(0.498146955257,0.165077820374,0.851233765888));
#8679 = PCURVE('',#6759,#8680);
#8680 = DEFINITIONAL_REPRESENTATION('',(#8681),#8685);
#8681 = LINE('',#8682,#8683);
#8682 = CARTESIAN_POINT('',(9.500000238426,56.879270470078));
#8683 = VECTOR('',#8684,1.);
#8684 = DIRECTION('',(0.310279797551,-0.950645279393));
#8685 = ( GEOMETRIC_REPRESENTATION_CONTEXT(2) 
PARAMETRIC_REPRESENTATION_CONTEXT() REPRESENTATION_CONTEXT('2D SPACE',''
  ) );
#8686 = PCURVE('',#8687,#8692);
#8687 = PLANE('',#8688);
#8688 = AXIS2_PLACEMENT_3D('',#8689,#8690,#8691);
#8689 = CARTESIAN_POINT('',(-15.03561804034,2.533443121214,
    -56.30781945971));
#8690 = DIRECTION('',(-0.866340665818,5.387952141153E-02,0.496538868491)
  );
#8691 = DIRECTION('',(0.498146955257,0.165077820374,0.851233765888));
#8692 = DEFINITIONAL_REPRESENTATION('',(#8693),#8697);
#8693 = LINE('',#8694,#8695);
#8694 = CARTESIAN_POINT('',(0.,0.));
#8695 = VECTOR('',#8696,1.);
#8696 = DIRECTION('',(1.,2.775557561563E-17));
#8697 = ( GEOMETRIC_REPRESENTATION_CONTEXT(2) 
PARAMETRIC_REPRESENTATION_CONTEXT() REPRESENTATION_CONTEXT('2D SPACE',''
  ) );
#8698 = ORIENTED_EDGE('',*,*,#8699,.T.);
#8699 = EDGE_CURVE('',#8672,#8700,#8702,.T.);
#8700 = VERTEX_POINT('',#8701);
#8701 = CARTESIAN_POINT('',(-14.13955874944,2.740343052919,
    -55.29868073855));
#8702 = SURFACE_CURVE('',#8703,(#8707,#8714),.PCURVE_S1.);
#8703 = LINE('',#8704,#8705);
#8704 = CARTESIAN_POINT('',(-14.76803886174,2.622114520516,
    -55.85058002571));
#8705 = VECTOR('',#8706,1.);
#8706 = DIRECTION('',(0.744006759338,0.139961194528,0.653348916036));
#8707 = PCURVE('',#6759,#8708);
#8708 = DEFINITIONAL_REPRESENTATION('',(#8709),#8713);
#8709 = LINE('',#8710,#8711);
#8710 = CARTESIAN_POINT('',(9.666666746148,56.368632233081));
#8711 = VECTOR('',#8712,1.);
#8712 = DIRECTION('',(0.59190954875,-0.806004395831));
#8713 = ( GEOMETRIC_REPRESENTATION_CONTEXT(2) 
PARAMETRIC_REPRESENTATION_CONTEXT() REPRESENTATION_CONTEXT('2D SPACE',''
  ) );
#8714 = PCURVE('',#8715,#8720);
#8715 = PLANE('',#8716);
#8716 = AXIS2_PLACEMENT_3D('',#8717,#8718,#8719);
#8717 = CARTESIAN_POINT('',(-14.76803886174,2.622114520516,
    -55.85058002571));
#8718 = DIRECTION('',(-0.667195983457,0.102784014484,0.737756711949));
#8719 = DIRECTION('',(0.744006759338,0.139961194528,0.653348916036));
#8720 = DEFINITIONAL_REPRESENTATION('',(#8721),#8725);
#8721 = LINE('',#8722,#8723);
#8722 = CARTESIAN_POINT('',(0.,0.));
#8723 = VECTOR('',#8724,1.);
#8724 = DIRECTION('',(1.,-1.387778780781E-17));
#8725 = ( GEOMETRIC_REPRESENTATION_CONTEXT(2) 
PARAMETRIC_REPRESENTATION_CONTEXT() REPRESENTATION_CONTEXT('2D SPACE',''
  ) );
#8726 = ORIENTED_EDGE('',*,*,#8727,.T.);
#8727 = EDGE_CURVE('',#8700,#8728,#8730,.T.);
#8728 = VERTEX_POINT('',#8729);
#8729 = CARTESIAN_POINT('',(-13.38290577048,2.829014452221,
    -54.94539714995));
#8730 = SURFACE_CURVE('',#8731,(#8735,#8742),.PCURVE_S1.);
#8731 = LINE('',#8732,#8733);
#8732 = CARTESIAN_POINT('',(-14.13955874944,2.740343052919,
    -55.29868073855));
#8733 = VECTOR('',#8734,1.);
#8734 = DIRECTION('',(0.90103557127,0.105591449642,0.420696262248));
#8735 = PCURVE('',#6759,#8736);
#8736 = DEFINITIONAL_REPRESENTATION('',(#8737),#8741);
#8737 = LINE('',#8738,#8739);
#8738 = CARTESIAN_POINT('',(10.166666746149,55.687781250415));
#8739 = VECTOR('',#8740,1.);
#8740 = DIRECTION('',(0.793878111009,-0.608076923474));
#8741 = ( GEOMETRIC_REPRESENTATION_CONTEXT(2) 
PARAMETRIC_REPRESENTATION_CONTEXT() REPRESENTATION_CONTEXT('2D SPACE',''
  ) );
#8742 = PCURVE('',#8743,#8748);
#8743 = PLANE('',#8744);
#8744 = AXIS2_PLACEMENT_3D('',#8745,#8746,#8747);
#8745 = CARTESIAN_POINT('',(-14.13955874944,2.740343052919,
    -55.29868073855));
#8746 = DIRECTION('',(-0.432240023123,0.137855487266,0.891159035774));
#8747 = DIRECTION('',(0.90103557127,0.105591449643,0.420696262248));
#8748 = DEFINITIONAL_REPRESENTATION('',(#8749),#8753);
#8749 = LINE('',#8750,#8751);
#8750 = CARTESIAN_POINT('',(0.,0.));
#8751 = VECTOR('',#8752,1.);
#8752 = DIRECTION('',(1.,-2.775557561563E-17));
#8753 = ( GEOMETRIC_REPRESENTATION_CONTEXT(2) 
PARAMETRIC_REPRESENTATION_CONTEXT() REPRESENTATION_CONTEXT('2D SPACE',''
  ) );
#8754 = ORIENTED_EDGE('',*,*,#8755,.T.);
#8755 = EDGE_CURVE('',#8728,#8756,#8758,.T.);
#8756 = VERTEX_POINT('',#8757);
#8757 = CARTESIAN_POINT('',(-12.53293103641,2.858571585322,
    -54.95469314221));
#8758 = SURFACE_CURVE('',#8759,(#8763,#8770),.PCURVE_S1.);
#8759 = LINE('',#8760,#8761);
#8760 = CARTESIAN_POINT('',(-13.38290577048,2.829014452221,
    -54.94539714995));
#8761 = VECTOR('',#8762,1.);
#8762 = DIRECTION('',(0.999336234704,3.475104955195E-02,
    -1.092952710624E-02));
#8763 = PCURVE('',#6759,#8764);
#8764 = DEFINITIONAL_REPRESENTATION('',(#8765),#8769);
#8765 = LINE('',#8766,#8767);
#8766 = CARTESIAN_POINT('',(10.833333253863,55.177143013411));
#8767 = VECTOR('',#8768,1.);
#8768 = DIRECTION('',(0.979770716763,-0.200123318418));
#8769 = ( GEOMETRIC_REPRESENTATION_CONTEXT(2) 
PARAMETRIC_REPRESENTATION_CONTEXT() REPRESENTATION_CONTEXT('2D SPACE',''
  ) );
#8770 = PCURVE('',#8771,#8776);
#8771 = PLANE('',#8772);
#8772 = AXIS2_PLACEMENT_3D('',#8773,#8774,#8775);
#8773 = CARTESIAN_POINT('',(-13.38290577048,2.829014452221,
    -54.94539714995));
#8774 = DIRECTION('',(4.860893955467E-03,0.170135399497,0.985408705841)
  );
#8775 = DIRECTION('',(0.999336234704,3.475104955195E-02,
    -1.092952710624E-02));
#8776 = DEFINITIONAL_REPRESENTATION('',(#8777),#8781);
#8777 = LINE('',#8778,#8779);
#8778 = CARTESIAN_POINT('',(0.,0.));
#8779 = VECTOR('',#8780,1.);
#8780 = DIRECTION('',(1.,-1.756407519427E-17));
#8781 = ( GEOMETRIC_REPRESENTATION_CONTEXT(2) 
PARAMETRIC_REPRESENTATION_CONTEXT() REPRESENTATION_CONTEXT('2D SPACE',''
  ) );
#8782 = ORIENTED_EDGE('',*,*,#8783,.T.);
#8783 = EDGE_CURVE('',#8756,#8784,#8786,.T.);
#8784 = VERTEX_POINT('',#8785);
#8785 = CARTESIAN_POINT('',(-8.620340633476,2.858571585322,
    -55.78633990548));
#8786 = SURFACE_CURVE('',#8787,(#8791,#8798),.PCURVE_S1.);
#8787 = LINE('',#8788,#8789);
#8788 = CARTESIAN_POINT('',(-12.53293103641,2.858571585322,
    -54.95469314221));
#8789 = VECTOR('',#8790,1.);
#8790 = DIRECTION('',(0.978147600734,0.,-0.207911690818));
#8791 = PCURVE('',#6759,#8792);
#8792 = DEFINITIONAL_REPRESENTATION('',(#8793),#8797);
#8793 = LINE('',#8794,#8795);
#8794 = CARTESIAN_POINT('',(11.666666746146,55.006930267751));
#8795 = VECTOR('',#8796,1.);
#8796 = DIRECTION('',(1.,5.551115123126E-17));
#8797 = ( GEOMETRIC_REPRESENTATION_CONTEXT(2) 
PARAMETRIC_REPRESENTATION_CONTEXT() REPRESENTATION_CONTEXT('2D SPACE',''
  ) );
#8798 = PCURVE('',#8799,#8804);
#8799 = PLANE('',#8800);
#8800 = AXIS2_PLACEMENT_3D('',#8801,#8802,#8803);
#8801 = CARTESIAN_POINT('',(-12.53293103641,2.858571585322,
    -54.95469314221));
#8802 = DIRECTION('',(0.204753045059,0.173648177667,0.963287340793));
#8803 = DIRECTION('',(0.978147600734,6.60582699652E-15,-0.207911690818)
  );
#8804 = DEFINITIONAL_REPRESENTATION('',(#8805),#8809);
#8805 = LINE('',#8806,#8807);
#8806 = CARTESIAN_POINT('',(0.,0.));
#8807 = VECTOR('',#8808,1.);
#8808 = DIRECTION('',(1.,-6.938893903907E-18));
#8809 = ( GEOMETRIC_REPRESENTATION_CONTEXT(2) 
PARAMETRIC_REPRESENTATION_CONTEXT() REPRESENTATION_CONTEXT('2D SPACE',''
  ) );
#8810 = ORIENTED_EDGE('',*,*,#8811,.T.);
#8811 = EDGE_CURVE('',#8784,#8812,#8814,.T.);
#8812 = VERTEX_POINT('',#8813);
#8813 = CARTESIAN_POINT('',(-10.25836499395,1.469386163986,
    -63.49263863182));
#8814 = SURFACE_CURVE('',#8815,(#8819,#8826),.PCURVE_S1.);
#8815 = LINE('',#8816,#8817);
#8816 = CARTESIAN_POINT('',(-8.620340633476,2.858571585322,
    -55.78633990548));
#8817 = VECTOR('',#8818,1.);
#8818 = DIRECTION('',(-0.204753045059,-0.173648177667,-0.963287340793));
#8819 = PCURVE('',#6759,#8820);
#8820 = DEFINITIONAL_REPRESENTATION('',(#8821),#8825);
#8821 = LINE('',#8822,#8823);
#8822 = CARTESIAN_POINT('',(15.666666746145,55.00693026775));
#8823 = VECTOR('',#8824,1.);
#8824 = DIRECTION('',(3.79973830178E-14,1.));
#8825 = ( GEOMETRIC_REPRESENTATION_CONTEXT(2) 
PARAMETRIC_REPRESENTATION_CONTEXT() REPRESENTATION_CONTEXT('2D SPACE',''
  ) );
#8826 = PCURVE('',#8827,#8832);
#8827 = PLANE('',#8828);
#8828 = AXIS2_PLACEMENT_3D('',#8829,#8830,#8831);
#8829 = CARTESIAN_POINT('',(-8.620340633476,2.858571585322,
    -55.78633990548));
#8830 = DIRECTION('',(0.978147600734,0.,-0.207911690818));
#8831 = DIRECTION('',(-0.204753045059,-0.173648177667,-0.963287340793));
#8832 = DEFINITIONAL_REPRESENTATION('',(#8833),#8837);
#8833 = LINE('',#8834,#8835);
#8834 = CARTESIAN_POINT('',(-0.,0.));
#8835 = VECTOR('',#8836,1.);
#8836 = DIRECTION('',(1.,2.775557561563E-17));
#8837 = ( GEOMETRIC_REPRESENTATION_CONTEXT(2) 
PARAMETRIC_REPRESENTATION_CONTEXT() REPRESENTATION_CONTEXT('2D SPACE',''
  ) );
#8838 = ORIENTED_EDGE('',*,*,#8839,.T.);
#8839 = EDGE_CURVE('',#8812,#8840,#8842,.T.);
#8840 = VERTEX_POINT('',#8841);
#8841 = CARTESIAN_POINT('',(-11.23651259468,1.469386163986,-63.284726941
    ));
#8842 = SURFACE_CURVE('',#8843,(#8847,#8854),.PCURVE_S1.);
#8843 = LINE('',#8844,#8845);
#8844 = CARTESIAN_POINT('',(-10.25836499395,1.469386163986,
    -63.49263863182));
#8845 = VECTOR('',#8846,1.);
#8846 = DIRECTION('',(-0.978147600734,0.,0.207911690818));
#8847 = PCURVE('',#6759,#8848);
#8848 = DEFINITIONAL_REPRESENTATION('',(#8849),#8853);
#8849 = LINE('',#8850,#8851);
#8850 = CARTESIAN_POINT('',(15.666666746144,63.006930267747));
#8851 = VECTOR('',#8852,1.);
#8852 = DIRECTION('',(-1.,-5.551115123126E-17));
#8853 = ( GEOMETRIC_REPRESENTATION_CONTEXT(2) 
PARAMETRIC_REPRESENTATION_CONTEXT() REPRESENTATION_CONTEXT('2D SPACE',''
  ) );
#8854 = PCURVE('',#8855,#8860);
#8855 = PLANE('',#8856);
#8856 = AXIS2_PLACEMENT_3D('',#8857,#8858,#8859);
#8857 = CARTESIAN_POINT('',(-10.25836499395,1.469386163986,
    -63.49263863182));
#8858 = DIRECTION('',(-0.204753045059,-0.173648177667,-0.963287340793));
#8859 = DIRECTION('',(-0.978147600734,-6.60582699652E-15,0.207911690818)
  );
#8860 = DEFINITIONAL_REPRESENTATION('',(#8861),#8865);
#8861 = LINE('',#8862,#8863);
#8862 = CARTESIAN_POINT('',(0.,0.));
#8863 = VECTOR('',#8864,1.);
#8864 = DIRECTION('',(1.,6.938893903907E-18));
#8865 = ( GEOMETRIC_REPRESENTATION_CONTEXT(2) 
PARAMETRIC_REPRESENTATION_CONTEXT() REPRESENTATION_CONTEXT('2D SPACE',''
  ) );
#8866 = ORIENTED_EDGE('',*,*,#8867,.T.);
#8867 = EDGE_CURVE('',#8840,#8446,#8868,.T.);
#8868 = SURFACE_CURVE('',#8869,(#8873,#8880),.PCURVE_S1.);
#8869 = LINE('',#8870,#8871);
#8870 = CARTESIAN_POINT('',(-11.23651259468,1.469386163986,-63.284726941
    ));
#8871 = VECTOR('',#8872,1.);
#8872 = DIRECTION('',(0.204753045059,0.173648177667,0.963287340793));
#8873 = PCURVE('',#6759,#8874);
#8874 = DEFINITIONAL_REPRESENTATION('',(#8875),#8879);
#8875 = LINE('',#8876,#8877);
#8876 = CARTESIAN_POINT('',(14.666666746147,63.006930267744));
#8877 = VECTOR('',#8878,1.);
#8878 = DIRECTION('',(-3.796962744218E-14,-1.));
#8879 = ( GEOMETRIC_REPRESENTATION_CONTEXT(2) 
PARAMETRIC_REPRESENTATION_CONTEXT() REPRESENTATION_CONTEXT('2D SPACE',''
  ) );
#8880 = PCURVE('',#8881,#8886);
#8881 = PLANE('',#8882);
#8882 = AXIS2_PLACEMENT_3D('',#8883,#8884,#8885);
#8883 = CARTESIAN_POINT('',(-11.23651259468,1.469386163986,-63.284726941
    ));
#8884 = DIRECTION('',(-0.978147600734,0.,0.207911690818));
#8885 = DIRECTION('',(0.204753045059,0.173648177667,0.963287340793));
#8886 = DEFINITIONAL_REPRESENTATION('',(#8887),#8891);
#8887 = LINE('',#8888,#8889);
#8888 = CARTESIAN_POINT('',(0.,0.));
#8889 = VECTOR('',#8890,1.);
#8890 = DIRECTION('',(1.,-2.775557561563E-17));
#8891 = ( GEOMETRIC_REPRESENTATION_CONTEXT(2) 
PARAMETRIC_REPRESENTATION_CONTEXT() REPRESENTATION_CONTEXT('2D SPACE',''
  ) );
#8892 = ADVANCED_FACE('',(#8893),#6818,.T.);
#8893 = FACE_BOUND('',#8894,.F.);
#8894 = EDGE_LOOP('',(#8895,#8931,#8957,#8958));
#8895 = ORIENTED_EDGE('',*,*,#8896,.T.);
#8896 = EDGE_CURVE('',#8897,#8899,#8901,.T.);
#8897 = VERTEX_POINT('',#8898);
#8898 = CARTESIAN_POINT('',(6.423229480343,5.081027835589,
    -44.33196148112));
#8899 = VERTEX_POINT('',#8900);
#8900 = CARTESIAN_POINT('',(6.509877847284,2.717489228359,
    -43.92431296507));
#8901 = SURFACE_CURVE('',#8902,(#8906,#8913),.PCURVE_S1.);
#8902 = LINE('',#8903,#8904);
#8903 = CARTESIAN_POINT('',(6.423229480343,5.081027835589,
    -44.33196148112));
#8904 = VECTOR('',#8905,1.);
#8905 = DIRECTION('',(3.610348622579E-02,-0.984807753012,0.169853548357)
  );
#8906 = PCURVE('',#6818,#8907);
#8907 = DEFINITIONAL_REPRESENTATION('',(#8908),#8912);
#8908 = LINE('',#8909,#8910);
#8909 = CARTESIAN_POINT('',(2.999999573968,-0.299999999999));
#8910 = VECTOR('',#8911,1.);
#8911 = DIRECTION('',(-3.829575545566E-13,-1.));
#8912 = ( GEOMETRIC_REPRESENTATION_CONTEXT(2) 
PARAMETRIC_REPRESENTATION_CONTEXT() REPRESENTATION_CONTEXT('2D SPACE',''
  ) );
#8913 = PCURVE('',#8914,#8925);
#8914 = SURFACE_OF_LINEAR_EXTRUSION('',#8915,#8923);
#8915 = B_SPLINE_CURVE_WITH_KNOTS('',3,(#8916,#8917,#8918,#8919,#8920,
    #8921,#8922),.UNSPECIFIED.,.F.,.F.,(4,1,1,1,4),(0.,0.25,0.5,0.75,1.)
  ,.QUASI_UNIFORM_KNOTS.);
#8916 = CARTESIAN_POINT('',(8.102983166787,21.25912181978,
    -50.85934469614));
#8917 = CARTESIAN_POINT('',(8.19433437912,21.33800125984,-50.42142045133
    ));
#8918 = CARTESIAN_POINT('',(8.388005912684,21.49805252546,-49.5346123088
    ));
#8919 = CARTESIAN_POINT('',(8.039327943289,21.69988830243,
    -48.29025839155));
#8920 = CARTESIAN_POINT('',(7.025207241664,21.80403800728,
    -47.47084230671));
#8921 = CARTESIAN_POINT('',(6.122613690171,21.80315907565,
    -47.28408615428));
#8922 = CARTESIAN_POINT('',(5.678638495302,21.80345334002,
    -47.18801017393));
#8923 = VECTOR('',#8924,1.);
#8924 = DIRECTION('',(3.610348622615E-02,-0.984807753012,0.169853548357)
  );
#8925 = DEFINITIONAL_REPRESENTATION('',(#8926),#8930);
#8926 = LINE('',#8927,#8928);
#8927 = CARTESIAN_POINT('',(0.975350926831,16.980366621061));
#8928 = VECTOR('',#8929,1.);
#8929 = DIRECTION('',(6.837123459984E-14,1.));
#8930 = ( GEOMETRIC_REPRESENTATION_CONTEXT(2) 
PARAMETRIC_REPRESENTATION_CONTEXT() REPRESENTATION_CONTEXT('2D SPACE',''
  ) );
#8931 = ORIENTED_EDGE('',*,*,#8932,.T.);
#8932 = EDGE_CURVE('',#8899,#6803,#8933,.T.);
#8933 = SURFACE_CURVE('',#8934,(#8938,#8945),.PCURVE_S1.);
#8934 = LINE('',#8935,#8936);
#8935 = CARTESIAN_POINT('',(6.509877847284,2.717489228359,
    -43.92431296507));
#8936 = VECTOR('',#8937,1.);
#8937 = DIRECTION('',(-0.978147600734,7.949180621603E-14,0.207911690818)
  );
#8938 = PCURVE('',#6818,#8939);
#8939 = DEFINITIONAL_REPRESENTATION('',(#8940),#8944);
#8940 = LINE('',#8941,#8942);
#8941 = CARTESIAN_POINT('',(2.999999573968,-2.699999999999));
#8942 = VECTOR('',#8943,1.);
#8943 = DIRECTION('',(-1.,6.737665980694E-15));
#8944 = ( GEOMETRIC_REPRESENTATION_CONTEXT(2) 
PARAMETRIC_REPRESENTATION_CONTEXT() REPRESENTATION_CONTEXT('2D SPACE',''
  ) );
#8945 = PCURVE('',#8946,#8951);
#8946 = PLANE('',#8947);
#8947 = AXIS2_PLACEMENT_3D('',#8948,#8949,#8950);
#8948 = CARTESIAN_POINT('',(5.995507029816,2.543720838757,-43.9393722771
    ));
#8949 = DIRECTION('',(0.170311286565,-0.573576436351,0.801251606757));
#8950 = DIRECTION('',(0.119253246695,0.819152044289,0.561042415054));
#8951 = DEFINITIONAL_REPRESENTATION('',(#8952),#8956);
#8952 = LINE('',#8953,#8954);
#8953 = CARTESIAN_POINT('',(0.212132034354,-0.499999573967));
#8954 = VECTOR('',#8955,1.);
#8955 = DIRECTION('',(2.918498775983E-13,1.));
#8956 = ( GEOMETRIC_REPRESENTATION_CONTEXT(2) 
PARAMETRIC_REPRESENTATION_CONTEXT() REPRESENTATION_CONTEXT('2D SPACE',''
  ) );
#8957 = ORIENTED_EDGE('',*,*,#6800,.F.);
#8958 = ORIENTED_EDGE('',*,*,#8959,.T.);
#8959 = EDGE_CURVE('',#6801,#8897,#8960,.T.);
#8960 = SURFACE_CURVE('',#8961,(#8965,#8972),.PCURVE_S1.);
#8961 = LINE('',#8962,#8963);
#8962 = CARTESIAN_POINT('',(5.445079869033,5.081027835589,
    -44.12404936294));
#8963 = VECTOR('',#8964,1.);
#8964 = DIRECTION('',(0.978147600734,-7.638318708911E-14,-0.207911690818
    ));
#8965 = PCURVE('',#6818,#8966);
#8966 = DEFINITIONAL_REPRESENTATION('',(#8967),#8971);
#8967 = LINE('',#8968,#8969);
#8968 = CARTESIAN_POINT('',(1.999997518474,-0.299999999999));
#8969 = VECTOR('',#8970,1.);
#8970 = DIRECTION('',(1.,-3.670674875167E-15));
#8971 = ( GEOMETRIC_REPRESENTATION_CONTEXT(2) 
PARAMETRIC_REPRESENTATION_CONTEXT() REPRESENTATION_CONTEXT('2D SPACE',''
  ) );
#8972 = PCURVE('',#8333,#8973);
#8973 = DEFINITIONAL_REPRESENTATION('',(#8974),#8978);
#8974 = LINE('',#8975,#8976);
#8975 = CARTESIAN_POINT('',(0.212132034356,-0.500002481525));
#8976 = VECTOR('',#8977,1.);
#8977 = DIRECTION('',(-2.830791157038E-13,1.));
#8978 = ( GEOMETRIC_REPRESENTATION_CONTEXT(2) 
PARAMETRIC_REPRESENTATION_CONTEXT() REPRESENTATION_CONTEXT('2D SPACE',''
  ) );
#8979 = ADVANCED_FACE('',(#8980),#6847,.F.);
#8980 = FACE_BOUND('',#8981,.F.);
#8981 = EDGE_LOOP('',(#8982,#9012,#9031,#9032));
#8982 = ORIENTED_EDGE('',*,*,#8983,.T.);
#8983 = EDGE_CURVE('',#8984,#7635,#8986,.T.);
#8984 = VERTEX_POINT('',#8985);
#8985 = CARTESIAN_POINT('',(5.481133437151,2.369952449156,
    -43.95443099925));
#8986 = SURFACE_CURVE('',#8987,(#8995,#9001),.PCURVE_S1.);
#8987 = B_SPLINE_CURVE_WITH_KNOTS('',3,(#8988,#8989,#8990,#8991,#8992,
    #8993,#8994),.UNSPECIFIED.,.F.,.F.,(4,1,1,1,4),(0.,0.24999718471,
    0.499998215949,0.749999247188,1.),.UNSPECIFIED.);
#8988 = CARTESIAN_POINT('',(5.481133437151,2.369952449156,
    -43.95443099925));
#8989 = CARTESIAN_POINT('',(5.327849287705,2.369952454794,
    -43.92184941479));
#8990 = CARTESIAN_POINT('',(5.016037295105,2.370318939047,
    -43.85344686079));
#8991 = CARTESIAN_POINT('',(4.596551585392,2.382054013458,
    -43.69624267481));
#8992 = CARTESIAN_POINT('',(4.244267040299,2.40707131208,-43.47631244536
    ));
#8993 = CARTESIAN_POINT('',(4.066237811442,2.430401602589,
    -43.30320256882));
#8994 = CARTESIAN_POINT('',(3.985758573386,2.444232579442,
    -43.20590442899));
#8995 = PCURVE('',#6847,#8996);
#8996 = DEFINITIONAL_REPRESENTATION('',(#8997),#9000);
#8997 = B_SPLINE_CURVE_WITH_KNOTS('',1,(#8998,#8999),.UNSPECIFIED.,.F.,
  .F.,(2,2),(0.,1.),.PIECEWISE_BEZIER_KNOTS.);
#8998 = CARTESIAN_POINT('',(1.282170732299E-06,1.613479196595E-13));
#8999 = CARTESIAN_POINT('',(0.999999934203,-4.25871147723E-11));
#9000 = ( GEOMETRIC_REPRESENTATION_CONTEXT(2) 
PARAMETRIC_REPRESENTATION_CONTEXT() REPRESENTATION_CONTEXT('2D SPACE',''
  ) );
#9001 = PCURVE('',#7650,#9002);
#9002 = DEFINITIONAL_REPRESENTATION('',(#9003),#9011);
#9003 = B_SPLINE_CURVE_WITH_KNOTS('',3,(#9004,#9005,#9006,#9007,#9008,
    #9009,#9010),.UNSPECIFIED.,.F.,.F.,(4,1,1,1,4),(0.,0.24999718471,
    0.499998215949,0.749999247188,1.),.UNSPECIFIED.);
#9004 = CARTESIAN_POINT('',(3.052422190465,26.999997588832));
#9005 = CARTESIAN_POINT('',(3.052422157991,26.843288973507));
#9006 = CARTESIAN_POINT('',(3.050311659293,26.524069130407));
#9007 = CARTESIAN_POINT('',(2.982732059155,26.081065601798));
#9008 = CARTESIAN_POINT('',(2.838663178287,25.690753253373));
#9009 = CARTESIAN_POINT('',(2.704309389937,25.480622823177));
#9010 = CARTESIAN_POINT('',(2.624659968686,25.381672828798));
#9011 = ( GEOMETRIC_REPRESENTATION_CONTEXT(2) 
PARAMETRIC_REPRESENTATION_CONTEXT() REPRESENTATION_CONTEXT('2D SPACE',''
  ) );
#9012 = ORIENTED_EDGE('',*,*,#9013,.T.);
#9013 = EDGE_CURVE('',#7635,#6831,#9014,.T.);
#9014 = SURFACE_CURVE('',#9015,(#9019,#9025),.PCURVE_S1.);
#9015 = LINE('',#9016,#9017);
#9016 = CARTESIAN_POINT('',(3.985758573386,2.444232579442,
    -43.20590442899));
#9017 = VECTOR('',#9018,1.);
#9018 = DIRECTION('',(0.520950600005,0.79201419919,0.31831427966));
#9019 = PCURVE('',#6847,#9020);
#9020 = DEFINITIONAL_REPRESENTATION('',(#9021),#9024);
#9021 = B_SPLINE_CURVE_WITH_KNOTS('',1,(#9022,#9023),.UNSPECIFIED.,.F.,
  .F.,(2,2),(0.,0.42426406873),.PIECEWISE_BEZIER_KNOTS.);
#9022 = CARTESIAN_POINT('',(0.999999934203,-4.258867581978E-11));
#9023 = CARTESIAN_POINT('',(1.000000003471,0.999999999999));
#9024 = ( GEOMETRIC_REPRESENTATION_CONTEXT(2) 
PARAMETRIC_REPRESENTATION_CONTEXT() REPRESENTATION_CONTEXT('2D SPACE',''
  ) );
#9025 = PCURVE('',#6953,#9026);
#9026 = DEFINITIONAL_REPRESENTATION('',(#9027),#9030);
#9027 = B_SPLINE_CURVE_WITH_KNOTS('',1,(#9028,#9029),.UNSPECIFIED.,.F.,
  .F.,(2,2),(0.,0.42426406873),.PIECEWISE_BEZIER_KNOTS.);
#9028 = CARTESIAN_POINT('',(-5.40423670579E-08,-8.556791093013E-10));
#9029 = CARTESIAN_POINT('',(2.854358521934E-09,0.999999999997));
#9030 = ( GEOMETRIC_REPRESENTATION_CONTEXT(2) 
PARAMETRIC_REPRESENTATION_CONTEXT() REPRESENTATION_CONTEXT('2D SPACE',''
  ) );
#9031 = ORIENTED_EDGE('',*,*,#6830,.F.);
#9032 = ORIENTED_EDGE('',*,*,#9033,.F.);
#9033 = EDGE_CURVE('',#8984,#6803,#9034,.T.);
#9034 = SURFACE_CURVE('',#9035,(#9039,#9045),.PCURVE_S1.);
#9035 = LINE('',#9036,#9037);
#9036 = CARTESIAN_POINT('',(5.481133437151,2.369952449156,
    -43.95443099925));
#9037 = VECTOR('',#9038,1.);
#9038 = DIRECTION('',(0.119253114859,0.819152044289,0.561042443077));
#9039 = PCURVE('',#6847,#9040);
#9040 = DEFINITIONAL_REPRESENTATION('',(#9041),#9044);
#9041 = B_SPLINE_CURVE_WITH_KNOTS('',1,(#9042,#9043),.UNSPECIFIED.,.F.,
  .F.,(2,2),(0.,0.424264068711),.PIECEWISE_BEZIER_KNOTS.);
#9042 = CARTESIAN_POINT('',(1.282170732299E-06,1.613479196595E-13));
#9043 = CARTESIAN_POINT('',(1.380844934893E-06,0.999999999998));
#9044 = ( GEOMETRIC_REPRESENTATION_CONTEXT(2) 
PARAMETRIC_REPRESENTATION_CONTEXT() REPRESENTATION_CONTEXT('2D SPACE',''
  ) );
#9045 = PCURVE('',#8946,#9046);
#9046 = DEFINITIONAL_REPRESENTATION('',(#9047),#9051);
#9047 = LINE('',#9048,#9049);
#9048 = CARTESIAN_POINT('',(-0.212132034357,0.500002411162));
#9049 = VECTOR('',#9050,1.);
#9050 = DIRECTION('',(1.,1.347814534702E-07));
#9051 = ( GEOMETRIC_REPRESENTATION_CONTEXT(2) 
PARAMETRIC_REPRESENTATION_CONTEXT() REPRESENTATION_CONTEXT('2D SPACE',''
  ) );
#9052 = ADVANCED_FACE('',(#9053),#6953,.F.);
#9053 = FACE_BOUND('',#9054,.F.);
#9054 = EDGE_LOOP('',(#9055,#9056,#9057,#9058));
#9055 = ORIENTED_EDGE('',*,*,#7711,.T.);
#9056 = ORIENTED_EDGE('',*,*,#7173,.T.);
#9057 = ORIENTED_EDGE('',*,*,#6913,.F.);
#9058 = ORIENTED_EDGE('',*,*,#9013,.F.);
#9059 = ADVANCED_FACE('',(#9060),#7060,.F.);
#9060 = FACE_BOUND('',#9061,.F.);
#9061 = EDGE_LOOP('',(#9062,#9063,#9083,#9084));
#9062 = ORIENTED_EDGE('',*,*,#8345,.T.);
#9063 = ORIENTED_EDGE('',*,*,#9064,.T.);
#9064 = EDGE_CURVE('',#8318,#6801,#9065,.T.);
#9065 = SURFACE_CURVE('',#9066,(#9070,#9076),.PCURVE_S1.);
#9066 = LINE('',#9067,#9068);
#9067 = CARTESIAN_POINT('',(5.372822937878,5.324375708192,
    -44.46399163569));
#9068 = VECTOR('',#9069,1.);
#9069 = DIRECTION('',(0.170311220026,-0.573576436351,0.801251620901));
#9070 = PCURVE('',#7060,#9071);
#9071 = DEFINITIONAL_REPRESENTATION('',(#9072),#9075);
#9072 = B_SPLINE_CURVE_WITH_KNOTS('',1,(#9073,#9074),.UNSPECIFIED.,.F.,
  .F.,(2,2),(0.,0.424264068715),.PIECEWISE_BEZIER_KNOTS.);
#9073 = CARTESIAN_POINT('',(0.999998687697,1.261979036301E-12));
#9074 = CARTESIAN_POINT('',(0.999998603555,1.000000000011));
#9075 = ( GEOMETRIC_REPRESENTATION_CONTEXT(2) 
PARAMETRIC_REPRESENTATION_CONTEXT() REPRESENTATION_CONTEXT('2D SPACE',''
  ) );
#9076 = PCURVE('',#8333,#9077);
#9077 = DEFINITIONAL_REPRESENTATION('',(#9078),#9082);
#9078 = LINE('',#9079,#9080);
#9079 = CARTESIAN_POINT('',(-0.212132034359,-0.500002452663));
#9080 = VECTOR('',#9081,1.);
#9081 = DIRECTION('',(1.,-6.802575783227E-08));
#9082 = ( GEOMETRIC_REPRESENTATION_CONTEXT(2) 
PARAMETRIC_REPRESENTATION_CONTEXT() REPRESENTATION_CONTEXT('2D SPACE',''
  ) );
#9083 = ORIENTED_EDGE('',*,*,#7045,.F.);
#9084 = ORIENTED_EDGE('',*,*,#7786,.F.);
#9085 = ADVANCED_FACE('',(#9086),#7247,.T.);
#9086 = FACE_BOUND('',#9087,.F.);
#9087 = EDGE_LOOP('',(#9088,#9124,#9145,#9146));
#9088 = ORIENTED_EDGE('',*,*,#9089,.F.);
#9089 = EDGE_CURVE('',#9090,#9092,#9094,.T.);
#9090 = VERTEX_POINT('',#9091);
#9091 = CARTESIAN_POINT('',(-23.89934378638,5.081027835588,
    -37.88669956656));
#9092 = VERTEX_POINT('',#9093);
#9093 = CARTESIAN_POINT('',(-23.81269541944,2.717489228359,
    -37.47905105051));
#9094 = SURFACE_CURVE('',#9095,(#9099,#9106),.PCURVE_S1.);
#9095 = LINE('',#9096,#9097);
#9096 = CARTESIAN_POINT('',(-23.89934378638,5.081027835588,
    -37.88669956656));
#9097 = VECTOR('',#9098,1.);
#9098 = DIRECTION('',(3.610348622529E-02,-0.984807753012,0.169853548357)
  );
#9099 = PCURVE('',#7247,#9100);
#9100 = DEFINITIONAL_REPRESENTATION('',(#9101),#9105);
#9101 = LINE('',#9102,#9103);
#9102 = CARTESIAN_POINT('',(3.000001982626,-0.3));
#9103 = VECTOR('',#9104,1.);
#9104 = DIRECTION('',(-8.928136008279E-13,-1.));
#9105 = ( GEOMETRIC_REPRESENTATION_CONTEXT(2) 
PARAMETRIC_REPRESENTATION_CONTEXT() REPRESENTATION_CONTEXT('2D SPACE',''
  ) );
#9106 = PCURVE('',#9107,#9118);
#9107 = SURFACE_OF_LINEAR_EXTRUSION('',#9108,#9116);
#9108 = B_SPLINE_CURVE_WITH_KNOTS('',3,(#9109,#9110,#9111,#9112,#9113,
    #9114,#9115),.UNSPECIFIED.,.F.,.F.,(4,1,1,1,4),(0.,0.25,0.5,0.75,1.)
  ,.QUASI_UNIFORM_KNOTS.);
#9109 = CARTESIAN_POINT('',(-24.38078725455,21.80345334002,
    -40.79868199077));
#9110 = CARTESIAN_POINT('',(-24.82545639886,21.80315907565,
    -40.70587078584));
#9111 = CARTESIAN_POINT('',(-25.72597720843,21.80403800728,
    -40.50936314938));
#9112 = CARTESIAN_POINT('',(-26.98570911653,21.69988830243,
    -40.84545694175));
#9113 = CARTESIAN_POINT('',(-27.81036662676,21.49805252546,
    -41.84041070377));
#9114 = CARTESIAN_POINT('',(-27.99413624394,21.33800125984,
    -42.72932356359));
#9115 = CARTESIAN_POINT('',(-28.08880259611,21.25912181978,
    -43.16654315368));
#9116 = VECTOR('',#9117,1.);
#9117 = DIRECTION('',(3.610348622615E-02,-0.984807753012,0.169853548357)
  );
#9118 = DEFINITIONAL_REPRESENTATION('',(#9119),#9123);
#9119 = LINE('',#9120,#9121);
#9120 = CARTESIAN_POINT('',(2.464878816565E-02,16.980366621062));
#9121 = VECTOR('',#9122,1.);
#9122 = DIRECTION('',(1.618164514421E-13,1.));
#9123 = ( GEOMETRIC_REPRESENTATION_CONTEXT(2) 
PARAMETRIC_REPRESENTATION_CONTEXT() REPRESENTATION_CONTEXT('2D SPACE',''
  ) );
#9124 = ORIENTED_EDGE('',*,*,#9125,.T.);
#9125 = EDGE_CURVE('',#9090,#7232,#9126,.T.);
#9126 = SURFACE_CURVE('',#9127,(#9131,#9138),.PCURVE_S1.);
#9127 = LINE('',#9128,#9129);
#9128 = CARTESIAN_POINT('',(-23.89934378638,5.081027835588,
    -37.88669956656));
#9129 = VECTOR('',#9130,1.);
#9130 = DIRECTION('',(0.978147600734,1.003641113568E-13,-0.207911690817)
  );
#9131 = PCURVE('',#7247,#9132);
#9132 = DEFINITIONAL_REPRESENTATION('',(#9133),#9137);
#9133 = LINE('',#9134,#9135);
#9134 = CARTESIAN_POINT('',(3.000001982626,-0.3));
#9135 = VECTOR('',#9136,1.);
#9136 = DIRECTION('',(1.,-6.675215935559E-15));
#9137 = ( GEOMETRIC_REPRESENTATION_CONTEXT(2) 
PARAMETRIC_REPRESENTATION_CONTEXT() REPRESENTATION_CONTEXT('2D SPACE',''
  ) );
#9138 = PCURVE('',#7857,#9139);
#9139 = DEFINITIONAL_REPRESENTATION('',(#9140),#9144);
#9140 = LINE('',#9141,#9142);
#9141 = CARTESIAN_POINT('',(0.212132034356,-0.499998017371));
#9142 = VECTOR('',#9143,1.);
#9143 = DIRECTION('',(3.530231662552E-13,1.));
#9144 = ( GEOMETRIC_REPRESENTATION_CONTEXT(2) 
PARAMETRIC_REPRESENTATION_CONTEXT() REPRESENTATION_CONTEXT('2D SPACE',''
  ) );
#9145 = ORIENTED_EDGE('',*,*,#7229,.F.);
#9146 = ORIENTED_EDGE('',*,*,#9147,.T.);
#9147 = EDGE_CURVE('',#7230,#9092,#9148,.T.);
#9148 = SURFACE_CURVE('',#9149,(#9153,#9160),.PCURVE_S1.);
#9149 = LINE('',#9150,#9151);
#9150 = CARTESIAN_POINT('',(-22.83454734358,2.717489228359,
    -37.68696284231));
#9151 = VECTOR('',#9152,1.);
#9152 = DIRECTION('',(-0.978147600734,-9.503504474558E-14,0.207911690817
    ));
#9153 = PCURVE('',#7247,#9154);
#9154 = DEFINITIONAL_REPRESENTATION('',(#9155),#9159);
#9155 = LINE('',#9156,#9157);
#9156 = CARTESIAN_POINT('',(4.000002468364,-2.7));
#9157 = VECTOR('',#9158,1.);
#9158 = DIRECTION('',(-1.,-5.051514762044E-15));
#9159 = ( GEOMETRIC_REPRESENTATION_CONTEXT(2) 
PARAMETRIC_REPRESENTATION_CONTEXT() REPRESENTATION_CONTEXT('2D SPACE',''
  ) );
#9160 = PCURVE('',#9161,#9166);
#9161 = PLANE('',#9162);
#9162 = AXIS2_PLACEMENT_3D('',#9163,#9164,#9165);
#9163 = CARTESIAN_POINT('',(-23.3489209922,2.543720838757,
    -37.70202155257));
#9164 = DIRECTION('',(0.170311286565,-0.573576436351,0.801251606757));
#9165 = DIRECTION('',(0.119253246695,0.819152044289,0.561042415054));
#9166 = DEFINITIONAL_REPRESENTATION('',(#9167),#9171);
#9167 = LINE('',#9168,#9169);
#9168 = CARTESIAN_POINT('',(0.212132034359,-0.500002468367));
#9169 = VECTOR('',#9170,1.);
#9170 = DIRECTION('',(-3.798905634511E-13,1.));
#9171 = ( GEOMETRIC_REPRESENTATION_CONTEXT(2) 
PARAMETRIC_REPRESENTATION_CONTEXT() REPRESENTATION_CONTEXT('2D SPACE',''
  ) );
#9172 = ADVANCED_FACE('',(#9173),#7276,.F.);
#9173 = FACE_BOUND('',#9174,.F.);
#9174 = EDGE_LOOP('',(#9175,#9176,#9177,#9178));
#9175 = ORIENTED_EDGE('',*,*,#7811,.T.);
#9176 = ORIENTED_EDGE('',*,*,#7763,.T.);
#9177 = ORIENTED_EDGE('',*,*,#7259,.F.);
#9178 = ORIENTED_EDGE('',*,*,#9179,.F.);
#9179 = EDGE_CURVE('',#7812,#7232,#9180,.T.);
#9180 = SURFACE_CURVE('',#9181,(#9185,#9191),.PCURVE_S1.);
#9181 = LINE('',#9182,#9183);
#9182 = CARTESIAN_POINT('',(-22.99345268529,5.324375708192,
    -38.43455362185));
#9183 = VECTOR('',#9184,1.);
#9184 = DIRECTION('',(0.170311353101,-0.573576436351,0.801251592615));
#9185 = PCURVE('',#7276,#9186);
#9186 = DEFINITIONAL_REPRESENTATION('',(#9187),#9190);
#9187 = B_SPLINE_CURVE_WITH_KNOTS('',1,(#9188,#9189),.UNSPECIFIED.,.F.,
  .F.,(2,2),(0.,0.424264068717),.PIECEWISE_BEZIER_KNOTS.);
#9188 = CARTESIAN_POINT('',(1.304342520682E-06,-3.467913657782E-12));
#9189 = CARTESIAN_POINT('',(1.388320174843E-06,1.000000000005));
#9190 = ( GEOMETRIC_REPRESENTATION_CONTEXT(2) 
PARAMETRIC_REPRESENTATION_CONTEXT() REPRESENTATION_CONTEXT('2D SPACE',''
  ) );
#9191 = PCURVE('',#7857,#9192);
#9192 = DEFINITIONAL_REPRESENTATION('',(#9193),#9197);
#9193 = LINE('',#9194,#9195);
#9194 = CARTESIAN_POINT('',(-0.212132034361,0.500002452643));
#9195 = VECTOR('',#9196,1.);
#9196 = DIRECTION('',(1.,6.802220339774E-08));
#9197 = ( GEOMETRIC_REPRESENTATION_CONTEXT(2) 
PARAMETRIC_REPRESENTATION_CONTEXT() REPRESENTATION_CONTEXT('2D SPACE',''
  ) );
#9198 = ADVANCED_FACE('',(#9199),#7431,.F.);
#9199 = FACE_BOUND('',#9200,.F.);
#9200 = EDGE_LOOP('',(#9201,#9202,#9221,#9222));
#9201 = ORIENTED_EDGE('',*,*,#7662,.T.);
#9202 = ORIENTED_EDGE('',*,*,#9203,.T.);
#9203 = EDGE_CURVE('',#7633,#7390,#9204,.T.);
#9204 = SURFACE_CURVE('',#9205,(#9209,#9215),.PCURVE_S1.);
#9205 = LINE('',#9206,#9207);
#9206 = CARTESIAN_POINT('',(-21.21459616848,2.444232579442,
    -37.8494036722));
#9207 = VECTOR('',#9208,1.);
#9208 = DIRECTION('',(-0.346441972738,0.79201419919,0.502684262542));
#9209 = PCURVE('',#7431,#9210);
#9210 = DEFINITIONAL_REPRESENTATION('',(#9211),#9214);
#9211 = B_SPLINE_CURVE_WITH_KNOTS('',1,(#9212,#9213),.UNSPECIFIED.,.F.,
  .F.,(2,2),(0.,0.424264068733),.PIECEWISE_BEZIER_KNOTS.);
#9212 = CARTESIAN_POINT('',(1.000000056932,-8.646159271892E-10));
#9213 = CARTESIAN_POINT('',(0.999999996993,1.000000000003));
#9214 = ( GEOMETRIC_REPRESENTATION_CONTEXT(2) 
PARAMETRIC_REPRESENTATION_CONTEXT() REPRESENTATION_CONTEXT('2D SPACE',''
  ) );
#9215 = PCURVE('',#7489,#9216);
#9216 = DEFINITIONAL_REPRESENTATION('',(#9217),#9220);
#9217 = B_SPLINE_CURVE_WITH_KNOTS('',1,(#9218,#9219),.UNSPECIFIED.,.F.,
  .F.,(2,2),(0.,0.424264068733),.PIECEWISE_BEZIER_KNOTS.);
#9218 = CARTESIAN_POINT('',(6.644459016015E-08,-4.920061825955E-11));
#9219 = CARTESIAN_POINT('',(-3.500760381446E-09,1.000000000002));
#9220 = ( GEOMETRIC_REPRESENTATION_CONTEXT(2) 
PARAMETRIC_REPRESENTATION_CONTEXT() REPRESENTATION_CONTEXT('2D SPACE',''
  ) );
#9221 = ORIENTED_EDGE('',*,*,#7389,.F.);
#9222 = ORIENTED_EDGE('',*,*,#7581,.F.);
#9223 = ADVANCED_FACE('',(#9224),#7489,.F.);
#9224 = FACE_BOUND('',#9225,.F.);
#9225 = EDGE_LOOP('',(#9226,#9256,#9276,#9277));
#9226 = ORIENTED_EDGE('',*,*,#9227,.T.);
#9227 = EDGE_CURVE('',#7633,#9228,#9230,.T.);
#9228 = VERTEX_POINT('',#9229);
#9229 = CARTESIAN_POINT('',(-22.88514226716,2.369952449156,
    -37.92499296816));
#9230 = SURFACE_CURVE('',#9231,(#9239,#9245),.PCURVE_S1.);
#9231 = B_SPLINE_CURVE_WITH_KNOTS('',3,(#9232,#9233,#9234,#9235,#9236,
    #9237,#9238),.UNSPECIFIED.,.F.,.F.,(4,1,1,1,4),(0.,0.250000756914,
    0.500001794978,0.750002833043,1.),.UNSPECIFIED.);
#9232 = CARTESIAN_POINT('',(-21.21459616848,2.444232579442,
    -37.8494036722));
#9233 = CARTESIAN_POINT('',(-21.32659698671,2.430535556266,
    -37.90501225212));
#9234 = CARTESIAN_POINT('',(-21.55522411723,2.407522231986,
    -37.98984688675));
#9235 = CARTESIAN_POINT('',(-21.97141528328,2.381986850478,
    -38.04943639637));
#9236 = CARTESIAN_POINT('',(-22.4240095377,2.370269724669,
    -38.02117019801));
#9237 = CARTESIAN_POINT('',(-22.73283015455,2.369952454068,
    -37.95736787863));
#9238 = CARTESIAN_POINT('',(-22.88514226716,2.369952449156,
    -37.92499296816));
#9239 = PCURVE('',#7489,#9240);
#9240 = DEFINITIONAL_REPRESENTATION('',(#9241),#9244);
#9241 = B_SPLINE_CURVE_WITH_KNOTS('',1,(#9242,#9243),.UNSPECIFIED.,.F.,
  .F.,(2,2),(0.,1.),.PIECEWISE_BEZIER_KNOTS.);
#9242 = CARTESIAN_POINT('',(6.644459016015E-08,-4.920061825955E-11));
#9243 = CARTESIAN_POINT('',(0.999998709633,-2.558202892156E-12));
#9244 = ( GEOMETRIC_REPRESENTATION_CONTEXT(2) 
PARAMETRIC_REPRESENTATION_CONTEXT() REPRESENTATION_CONTEXT('2D SPACE',''
  ) );
#9245 = PCURVE('',#7650,#9246);
#9246 = DEFINITIONAL_REPRESENTATION('',(#9247),#9255);
#9247 = B_SPLINE_CURVE_WITH_KNOTS('',3,(#9248,#9249,#9250,#9251,#9252,
    #9253,#9254),.UNSPECIFIED.,.F.,.F.,(4,1,1,1,4),(0.,0.250000756914,
    0.500001794978,0.750002833043,1.),.UNSPECIFIED.);
#9248 = CARTESIAN_POINT('',(2.624659968692,-0.38167282881));
#9249 = CARTESIAN_POINT('',(2.703537981464,-0.479664486566));
#9250 = CARTESIAN_POINT('',(2.836066434044,-0.685657453421));
#9251 = CARTESIAN_POINT('',(2.983118835346,-1.08036448824));
#9252 = CARTESIAN_POINT('',(3.050595073606,-1.5289453454));
#9253 = CARTESIAN_POINT('',(3.052422162173,-1.84428273893));
#9254 = CARTESIAN_POINT('',(3.052422190467,-1.999997588818));
#9255 = ( GEOMETRIC_REPRESENTATION_CONTEXT(2) 
PARAMETRIC_REPRESENTATION_CONTEXT() REPRESENTATION_CONTEXT('2D SPACE',''
  ) );
#9256 = ORIENTED_EDGE('',*,*,#9257,.T.);
#9257 = EDGE_CURVE('',#9228,#7230,#9258,.T.);
#9258 = SURFACE_CURVE('',#9259,(#9263,#9269),.PCURVE_S1.);
#9259 = LINE('',#9260,#9261);
#9260 = CARTESIAN_POINT('',(-22.88514226716,2.369952449156,
    -37.92499296816));
#9261 = VECTOR('',#9262,1.);
#9262 = DIRECTION('',(0.119253378535,0.819152044289,0.561042387031));
#9263 = PCURVE('',#7489,#9264);
#9264 = DEFINITIONAL_REPRESENTATION('',(#9265),#9268);
#9265 = B_SPLINE_CURVE_WITH_KNOTS('',1,(#9266,#9267),.UNSPECIFIED.,.F.,
  .F.,(2,2),(0.,0.424264068715),.PIECEWISE_BEZIER_KNOTS.);
#9266 = CARTESIAN_POINT('',(0.999998709633,-2.553613197153E-12));
#9267 = CARTESIAN_POINT('',(0.999998610693,1.000000000005));
#9268 = ( GEOMETRIC_REPRESENTATION_CONTEXT(2) 
PARAMETRIC_REPRESENTATION_CONTEXT() REPRESENTATION_CONTEXT('2D SPACE',''
  ) );
#9269 = PCURVE('',#9161,#9270);
#9270 = DEFINITIONAL_REPRESENTATION('',(#9271),#9275);
#9271 = LINE('',#9272,#9273);
#9272 = CARTESIAN_POINT('',(-0.212132034356,-0.500002411189));
#9273 = VECTOR('',#9274,1.);
#9274 = DIRECTION('',(1.,-1.347850163008E-07));
#9275 = ( GEOMETRIC_REPRESENTATION_CONTEXT(2) 
PARAMETRIC_REPRESENTATION_CONTEXT() REPRESENTATION_CONTEXT('2D SPACE',''
  ) );
#9276 = ORIENTED_EDGE('',*,*,#7474,.F.);
#9277 = ORIENTED_EDGE('',*,*,#9203,.F.);
#9278 = ADVANCED_FACE('',(#9279,#9776,#9802),#7650,.T.);
#9279 = FACE_BOUND('',#9280,.F.);
#9280 = EDGE_LOOP('',(#9281,#9282,#9283,#9306,#9397,#9425,#9516,#9544,
    #9635,#9663,#9754,#9775));
#9281 = ORIENTED_EDGE('',*,*,#7632,.T.);
#9282 = ORIENTED_EDGE('',*,*,#8983,.F.);
#9283 = ORIENTED_EDGE('',*,*,#9284,.F.);
#9284 = EDGE_CURVE('',#9285,#8984,#9287,.T.);
#9285 = VERTEX_POINT('',#9286);
#9286 = CARTESIAN_POINT('',(6.459282941125,2.369952449155,
    -44.16234309461));
#9287 = SURFACE_CURVE('',#9288,(#9292,#9299),.PCURVE_S1.);
#9288 = LINE('',#9289,#9290);
#9289 = CARTESIAN_POINT('',(6.459282941125,2.369952449155,
    -44.16234309461));
#9290 = VECTOR('',#9291,1.);
#9291 = DIRECTION('',(-0.978147600734,4.574109961337E-14,0.207911690818)
  );
#9292 = PCURVE('',#7650,#9293);
#9293 = DEFINITIONAL_REPRESENTATION('',(#9294),#9298);
#9294 = LINE('',#9295,#9296);
#9295 = CARTESIAN_POINT('',(3.052422190461,27.999999534591));
#9296 = VECTOR('',#9297,1.);
#9297 = DIRECTION('',(-2.386424391432E-13,-1.));
#9298 = ( GEOMETRIC_REPRESENTATION_CONTEXT(2) 
PARAMETRIC_REPRESENTATION_CONTEXT() REPRESENTATION_CONTEXT('2D SPACE',''
  ) );
#9299 = PCURVE('',#8946,#9300);
#9300 = DEFINITIONAL_REPRESENTATION('',(#9301),#9305);
#9301 = LINE('',#9302,#9303);
#9302 = CARTESIAN_POINT('',(-0.212132034355,-0.499999534597));
#9303 = VECTOR('',#9304,1.);
#9304 = DIRECTION('',(1.400685123443E-13,1.));
#9305 = ( GEOMETRIC_REPRESENTATION_CONTEXT(2) 
PARAMETRIC_REPRESENTATION_CONTEXT() REPRESENTATION_CONTEXT('2D SPACE',''
  ) );
#9306 = ORIENTED_EDGE('',*,*,#9307,.F.);
#9307 = EDGE_CURVE('',#9308,#9285,#9310,.T.);
#9308 = VERTEX_POINT('',#9309);
#9309 = CARTESIAN_POINT('',(8.54744814076,1.901101897988,-47.32458319212
    ));
#9310 = SURFACE_CURVE('',#9311,(#9323,#9338),.PCURVE_S1.);
#9311 = B_SPLINE_CURVE_WITH_KNOTS('',3,(#9312,#9313,#9314,#9315,#9316,
    #9317,#9318,#9319,#9320,#9321,#9322),.UNSPECIFIED.,.F.,.F.,(4,1,1,1,
    1,1,1,1,4),(0.,0.125001294003,0.250001071737,0.375000849471,
    0.500000627205,0.625000404939,0.750000182673,0.874999960408,1.),
  .UNSPECIFIED.);
#9312 = CARTESIAN_POINT('',(8.54744814076,1.901101897988,-47.32458319212
    ));
#9313 = CARTESIAN_POINT('',(8.593278142104,1.939969645866,
    -47.10897017146));
#9314 = CARTESIAN_POINT('',(8.686079643018,2.021283447537,
    -46.65723981113));
#9315 = CARTESIAN_POINT('',(8.706713143239,2.121497055024,-46.0805889418
    ));
#9316 = CARTESIAN_POINT('',(8.606722862579,2.204229589514,
    -45.57965363643));
#9317 = CARTESIAN_POINT('',(8.403497996997,2.268021160407,
    -45.16659450163));
#9318 = CARTESIAN_POINT('',(8.101382671046,2.317395490415,
    -44.81610644838));
#9319 = CARTESIAN_POINT('',(7.674490533482,2.352388464888,
    -44.52247910028));
#9320 = CARTESIAN_POINT('',(7.12958533786,2.369444116479,-44.30776757086
    ));
#9321 = CARTESIAN_POINT('',(6.676591996409,2.36995245022,-44.20853355405
    ));
#9322 = CARTESIAN_POINT('',(6.459282941125,2.369952449155,
    -44.16234309461));
#9323 = PCURVE('',#7650,#9324);
#9324 = DEFINITIONAL_REPRESENTATION('',(#9325),#9337);
#9325 = B_SPLINE_CURVE_WITH_KNOTS('',3,(#9326,#9327,#9328,#9329,#9330,
    #9331,#9332,#9333,#9334,#9335,#9336),.UNSPECIFIED.,.F.,.F.,(4,1,1,1,
    1,1,1,1,4),(0.,0.125001294003,0.250001071737,0.375000849471,
    0.500000627205,0.625000404939,0.750000182673,0.874999960408,1.),
  .UNSPECIFIED.);
#9326 = CARTESIAN_POINT('',(5.752424905537,30.699999999995));
#9327 = CARTESIAN_POINT('',(5.528594466306,30.700000038164));
#9328 = CARTESIAN_POINT('',(5.06032694537,30.696853580617));
#9329 = CARTESIAN_POINT('',(4.48321978057,30.597143732099));
#9330 = CARTESIAN_POINT('',(4.006782102944,30.395188172645));
#9331 = CARTESIAN_POINT('',(3.639421087416,30.110524434843));
#9332 = CARTESIAN_POINT('',(3.355085653139,29.742140489856));
#9333 = CARTESIAN_POINT('',(3.153569144633,29.263528411312));
#9334 = CARTESIAN_POINT('',(3.055349561675,28.685889664467));
#9335 = CARTESIAN_POINT('',(3.052422184332,28.222163402157));
#9336 = CARTESIAN_POINT('',(3.052422190461,27.999999534591));
#9337 = ( GEOMETRIC_REPRESENTATION_CONTEXT(2) 
PARAMETRIC_REPRESENTATION_CONTEXT() REPRESENTATION_CONTEXT('2D SPACE',''
  ) );
#9338 = PCURVE('',#9339,#9392);
#9339 = B_SPLINE_SURFACE_WITH_KNOTS('',3,3,(
    (#9340,#9341,#9342,#9343)
    ,(#9344,#9345,#9346,#9347)
    ,(#9348,#9349,#9350,#9351)
    ,(#9352,#9353,#9354,#9355)
    ,(#9356,#9357,#9358,#9359)
    ,(#9360,#9361,#9362,#9363)
    ,(#9364,#9365,#9366,#9367)
    ,(#9368,#9369,#9370,#9371)
    ,(#9372,#9373,#9374,#9375)
    ,(#9376,#9377,#9378,#9379)
    ,(#9380,#9381,#9382,#9383)
    ,(#9384,#9385,#9386,#9387)
    ,(#9388,#9389,#9390,#9391
    )),.UNSPECIFIED.,.F.,.F.,.F.,(4,1,1,1,1,1,1,1,1,1,4),(4,4),(
    -1.210361036621E-02,0.,0.125,0.25,0.375,0.5,0.625,0.75,0.875,1.,
    1.012140488591),(-0.317095118379,1.317095118379),.UNSPECIFIED.);
#9340 = CARTESIAN_POINT('',(8.444718282285,1.796324721237,
    -47.35018132946));
#9341 = CARTESIAN_POINT('',(8.598385902825,1.957019091081,
    -47.41325860581));
#9342 = CARTESIAN_POINT('',(8.752053523364,2.117713460925,
    -47.47633588217));
#9343 = CARTESIAN_POINT('',(8.905721143903,2.278407830769,
    -47.53941315852));
#9344 = CARTESIAN_POINT('',(8.449070159087,1.799999961849,
    -47.32979737187));
#9345 = CARTESIAN_POINT('',(8.602834944011,1.960779806386,
    -47.39239972046));
#9346 = CARTESIAN_POINT('',(8.756599728936,2.121559650923,
    -47.45500206904));
#9347 = CARTESIAN_POINT('',(8.91036451386,2.28233949546,-47.51760441762)
  );
#9348 = CARTESIAN_POINT('',(8.498661484604,1.841911432339,
    -47.09733639757));
#9349 = CARTESIAN_POINT('',(8.653482839184,2.003600418267,
    -47.15489214188));
#9350 = CARTESIAN_POINT('',(8.808304193765,2.165289404195,
    -47.21244788619));
#9351 = CARTESIAN_POINT('',(8.963125548345,2.326978390123,-47.2700036305
    ));
#9352 = CARTESIAN_POINT('',(8.595266944387,1.926728325383,
    -46.62610373423));
#9353 = CARTESIAN_POINT('',(8.751272925689,2.08916374388,-46.6795834764)
  );
#9354 = CARTESIAN_POINT('',(8.907278906991,2.251599162378,
    -46.73306321857));
#9355 = CARTESIAN_POINT('',(9.063284888293,2.414034580876,
    -46.78654296074));
#9356 = CARTESIAN_POINT('',(8.614317136261,2.023313984404,
    -46.07015110087));
#9357 = CARTESIAN_POINT('',(8.773041776349,2.191980119056,
    -46.08808313401));
#9358 = CARTESIAN_POINT('',(8.931766416436,2.360646253708,
    -46.10601516714));
#9359 = CARTESIAN_POINT('',(9.090491056524,2.529312388359,
    -46.12394720028));
#9360 = CARTESIAN_POINT('',(8.518788937336,2.102222310709,
    -45.59233692907));
#9361 = CARTESIAN_POINT('',(8.669848580417,2.277458216051,
    -45.57054830702));
#9362 = CARTESIAN_POINT('',(8.820908223498,2.452694121393,
    -45.54875968498));
#9363 = CARTESIAN_POINT('',(8.971967866579,2.627930026734,
    -45.52697106294));
#9364 = CARTESIAN_POINT('',(8.32645360489,2.162503858612,-45.2019434848)
  );
#9365 = CARTESIAN_POINT('',(8.458806282445,2.343769479609,
    -45.14121839389));
#9366 = CARTESIAN_POINT('',(8.591158959999,2.525035100605,
    -45.08049330298));
#9367 = CARTESIAN_POINT('',(8.723511637554,2.706300721601,
    -45.01976821208));
#9368 = CARTESIAN_POINT('',(8.041014105612,2.209214923952,
    -44.87044154755));
#9369 = CARTESIAN_POINT('',(8.144719869222,2.39505572162,-44.77710057682
    ));
#9370 = CARTESIAN_POINT('',(8.248425632831,2.580896519289,
    -44.68375960608));
#9371 = CARTESIAN_POINT('',(8.352131396441,2.766737316957,
    -44.59041863535));
#9372 = CARTESIAN_POINT('',(7.6338576801,2.242623493358,-44.59019550601)
  );
#9373 = CARTESIAN_POINT('',(7.703659686126,2.431186097472,
    -44.47386708537));
#9374 = CARTESIAN_POINT('',(7.773461692153,2.619748701586,
    -44.35753866473));
#9375 = CARTESIAN_POINT('',(7.843263698179,2.8083113057,-44.24121024408)
  );
#9376 = CARTESIAN_POINT('',(7.10869699592,2.259212237181,-44.38238792472
    ));
#9377 = CARTESIAN_POINT('',(7.144581956143,2.448576911804,
    -44.25419982336));
#9378 = CARTESIAN_POINT('',(7.180466916367,2.637941586428,-44.126011722)
  );
#9379 = CARTESIAN_POINT('',(7.21635187659,2.827306261052,-43.99782362064
    ));
#9380 = CARTESIAN_POINT('',(6.636118058036,2.259776359142,-44.2786674018
    ));
#9381 = CARTESIAN_POINT('',(6.667857014942,2.449087622682,
    -44.14990771671));
#9382 = CARTESIAN_POINT('',(6.699595971848,2.638398886223,
    -44.02114803162));
#9383 = CARTESIAN_POINT('',(6.731334928754,2.827710149763,
    -43.89238834653));
#9384 = CARTESIAN_POINT('',(6.401622282608,2.259747695541,
    -44.22898997708));
#9385 = CARTESIAN_POINT('',(6.428311306161,2.449061672952,
    -44.09914116055));
#9386 = CARTESIAN_POINT('',(6.455000329714,2.638375650363,
    -43.96929234402));
#9387 = CARTESIAN_POINT('',(6.481689353266,2.827689627774,
    -43.83944352749));
#9388 = CARTESIAN_POINT('',(6.380995877703,2.259744783956,
    -44.22462258069));
#9389 = CARTESIAN_POINT('',(6.407208807734,2.449059399336,
    -44.09466886842));
#9390 = CARTESIAN_POINT('',(6.433421737764,2.638374014716,
    -43.96471515615));
#9391 = CARTESIAN_POINT('',(6.459634667795,2.827688630097,
    -43.83476144389));
#9392 = DEFINITIONAL_REPRESENTATION('',(#9393),#9396);
#9393 = B_SPLINE_CURVE_WITH_KNOTS('',1,(#9394,#9395),.UNSPECIFIED.,.F.,
  .F.,(2,2),(0.,1.),.PIECEWISE_BEZIER_KNOTS.);
#9394 = CARTESIAN_POINT('',(-5.054244287977E-07,3.969410423348E-12));
#9395 = CARTESIAN_POINT('',(1.000000087286,3.516998798396E-12));
#9396 = ( GEOMETRIC_REPRESENTATION_CONTEXT(2) 
PARAMETRIC_REPRESENTATION_CONTEXT() REPRESENTATION_CONTEXT('2D SPACE',''
  ) );
#9397 = ORIENTED_EDGE('',*,*,#9398,.F.);
#9398 = EDGE_CURVE('',#9399,#9308,#9401,.T.);
#9399 = VERTEX_POINT('',#9400);
#9400 = CARTESIAN_POINT('',(2.200104395136,-3.481991057404,
    -77.18648769299));
#9401 = SURFACE_CURVE('',#9402,(#9406,#9413),.PCURVE_S1.);
#9402 = LINE('',#9403,#9404);
#9403 = CARTESIAN_POINT('',(2.200104395136,-3.481991057404,
    -77.18648769299));
#9404 = VECTOR('',#9405,1.);
#9405 = DIRECTION('',(0.204753045059,0.173648177667,0.963287340793));
#9406 = PCURVE('',#7650,#9407);
#9407 = DEFINITIONAL_REPRESENTATION('',(#9408),#9412);
#9408 = LINE('',#9409,#9410);
#9409 = CARTESIAN_POINT('',(36.752421725062,30.699999999995));
#9410 = VECTOR('',#9411,1.);
#9411 = DIRECTION('',(-1.,0.));
#9412 = ( GEOMETRIC_REPRESENTATION_CONTEXT(2) 
PARAMETRIC_REPRESENTATION_CONTEXT() REPRESENTATION_CONTEXT('2D SPACE',''
  ) );
#9413 = PCURVE('',#9414,#9419);
#9414 = PLANE('',#9415);
#9415 = AXIS2_PLACEMENT_3D('',#9416,#9417,#9418);
#9416 = CARTESIAN_POINT('',(5.515083115438,-0.642723221431,
    -62.31219914489));
#9417 = DIRECTION('',(0.717183821415,-0.69636424032,-2.691117061358E-02)
  );
#9418 = DIRECTION('',(0.666125781545,0.69636424032,-0.267120362317));
#9419 = DEFINITIONAL_REPRESENTATION('',(#9420),#9424);
#9420 = LINE('',#9421,#9422);
#9421 = CARTESIAN_POINT('',(-0.212132034356,-15.4999995346));
#9422 = VECTOR('',#9423,1.);
#9423 = DIRECTION('',(-3.885780586188E-15,1.));
#9424 = ( GEOMETRIC_REPRESENTATION_CONTEXT(2) 
PARAMETRIC_REPRESENTATION_CONTEXT() REPRESENTATION_CONTEXT('2D SPACE',''
  ) );
#9425 = ORIENTED_EDGE('',*,*,#9426,.F.);
#9426 = EDGE_CURVE('',#9427,#9399,#9429,.T.);
#9427 = VERTEX_POINT('',#9428);
#9428 = CARTESIAN_POINT('',(-0.993730099536,-3.950841217921,
    -79.22600183174));
#9429 = SURFACE_CURVE('',#9430,(#9442,#9457),.PCURVE_S1.);
#9430 = B_SPLINE_CURVE_WITH_KNOTS('',3,(#9431,#9432,#9433,#9434,#9435,
    #9436,#9437,#9438,#9439,#9440,#9441),.UNSPECIFIED.,.F.,.F.,(4,1,1,1,
    1,1,1,1,4),(0.,0.125001294003,0.250001071737,0.375000849471,
    0.500000627205,0.625000404939,0.750000182673,0.874999960408,1.),
  .UNSPECIFIED.);
#9431 = CARTESIAN_POINT('',(-0.993730099536,-3.950841217921,
    -79.22600183174));
#9432 = CARTESIAN_POINT('',(-0.774790900251,-3.950841224549,
    -79.27253883359));
#9433 = CARTESIAN_POINT('',(-0.316111901383,-3.95029484793,
    -79.3668661829));
#9434 = CARTESIAN_POINT('',(0.268799982346,-3.932980414439,
    -79.39080427448));
#9435 = CARTESIAN_POINT('',(0.77617736937,-3.89791119957,-79.29532000378
    ));
#9436 = CARTESIAN_POINT('',(1.193796432447,-3.848479860253,
    -79.09748567866));
#9437 = CARTESIAN_POINT('',(1.547346189775,-3.784510659524,
    -78.8017427488));
#9438 = CARTESIAN_POINT('',(1.84245635957,-3.701400544275,-78.3825994304
    ));
#9439 = CARTESIAN_POINT('',(2.05680290134,-3.601094628536,
    -77.84658833757));
#9440 = CARTESIAN_POINT('',(2.154615672749,-3.52056940815,
    -77.40049533547));
#9441 = CARTESIAN_POINT('',(2.200104395136,-3.481991057404,
    -77.18648769299));
#9442 = PCURVE('',#7650,#9443);
#9443 = DEFINITIONAL_REPRESENTATION('',(#9444),#9456);
#9444 = B_SPLINE_CURVE_WITH_KNOTS('',3,(#9445,#9446,#9447,#9448,#9449,
    #9450,#9451,#9452,#9453,#9454,#9455),.UNSPECIFIED.,.F.,.F.,(4,1,1,1,
    1,1,1,1,4),(0.,0.125001294003,0.250001071737,0.375000849471,
    0.500000627205,0.625000404939,0.750000182673,0.874999960408,1.),
  .UNSPECIFIED.);
#9445 = CARTESIAN_POINT('',(39.45242219046,27.999997284924));
#9446 = CARTESIAN_POINT('',(39.452422228635,28.223827724152));
#9447 = CARTESIAN_POINT('',(39.449275771089,28.692095245087));
#9448 = CARTESIAN_POINT('',(39.349565922563,29.269202409892));
#9449 = CARTESIAN_POINT('',(39.147610363111,29.745640087509));
#9450 = CARTESIAN_POINT('',(38.862946625317,30.113001103041));
#9451 = CARTESIAN_POINT('',(38.494562680327,30.397336537317));
#9452 = CARTESIAN_POINT('',(38.015950601783,30.598853045831));
#9453 = CARTESIAN_POINT('',(37.438311854932,30.697072628781));
#9454 = CARTESIAN_POINT('',(36.974585592625,30.700000006127));
#9455 = CARTESIAN_POINT('',(36.752421725062,30.699999999995));
#9456 = ( GEOMETRIC_REPRESENTATION_CONTEXT(2) 
PARAMETRIC_REPRESENTATION_CONTEXT() REPRESENTATION_CONTEXT('2D SPACE',''
  ) );
#9457 = PCURVE('',#9458,#9511);
#9458 = B_SPLINE_SURFACE_WITH_KNOTS('',3,3,(
    (#9459,#9460,#9461,#9462)
    ,(#9463,#9464,#9465,#9466)
    ,(#9467,#9468,#9469,#9470)
    ,(#9471,#9472,#9473,#9474)
    ,(#9475,#9476,#9477,#9478)
    ,(#9479,#9480,#9481,#9482)
    ,(#9483,#9484,#9485,#9486)
    ,(#9487,#9488,#9489,#9490)
    ,(#9491,#9492,#9493,#9494)
    ,(#9495,#9496,#9497,#9498)
    ,(#9499,#9500,#9501,#9502)
    ,(#9503,#9504,#9505,#9506)
    ,(#9507,#9508,#9509,#9510
    )),.UNSPECIFIED.,.F.,.F.,.F.,(4,1,1,1,1,1,1,1,1,1,4),(4,4),(
    -1.210361036621E-02,0.,0.125,0.25,0.375,0.5,0.625,0.75,0.875,1.,
    1.012140488591),(-0.317095118379,1.317095118379),.UNSPECIFIED.);
#9459 = CARTESIAN_POINT('',(-1.033301647142,-4.027999688242,
    -79.10489192999));
#9460 = CARTESIAN_POINT('',(-1.074026125485,-3.895441666931,
    -79.28978392209));
#9461 = CARTESIAN_POINT('',(-1.114750603829,-3.762883645619,
    -79.47467591419));
#9462 = CARTESIAN_POINT('',(-1.155475082172,-3.630325624308,
    -79.6595679063));
#9463 = CARTESIAN_POINT('',(-1.012603115015,-4.028002938027,
    -79.109310381));
#9464 = CARTESIAN_POINT('',(-1.052845362628,-3.895444273883,
    -79.29430114728));
#9465 = CARTESIAN_POINT('',(-1.093087610241,-3.762885609739,
    -79.47929191355));
#9466 = CARTESIAN_POINT('',(-1.133329857855,-3.630326945595,
    -79.66428267983));
#9467 = CARTESIAN_POINT('',(-0.776554933266,-4.02803354905,
    -79.15966145305));
#9468 = CARTESIAN_POINT('',(-0.811672824975,-3.895472147003,
    -79.34572556049));
#9469 = CARTESIAN_POINT('',(-0.846790716685,-3.762910744956,
    -79.53178966793));
#9470 = CARTESIAN_POINT('',(-0.881908608394,-3.63034934291,
    -79.71785377537));
#9471 = CARTESIAN_POINT('',(-0.298074902695,-4.027429187214,
    -79.25786144436));
#9472 = CARTESIAN_POINT('',(-0.329051931672,-3.894921840333,
    -79.44511913019));
#9473 = CARTESIAN_POINT('',(-0.360028960648,-3.762414493451,
    -79.63237681603));
#9474 = CARTESIAN_POINT('',(-0.391005989625,-3.629907146569,
    -79.81963450187));
#9475 = CARTESIAN_POINT('',(0.265836977848,-4.01059310166,
    -79.28010930002));
#9476 = CARTESIAN_POINT('',(0.270925917578,-3.877264132397,
    -79.47026929268));
#9477 = CARTESIAN_POINT('',(0.276014857307,-3.743935163133,
    -79.66042928534));
#9478 = CARTESIAN_POINT('',(0.281103797036,-3.610606193869,
    -79.85058927801));
#9479 = CARTESIAN_POINT('',(0.749794937962,-3.977116540734,
    -79.18888125476));
#9480 = CARTESIAN_POINT('',(0.795116985727,-3.841051590404,
    -79.37172989057));
#9481 = CARTESIAN_POINT('',(0.840439033492,-3.704986640073,
    -79.55457852638));
#9482 = CARTESIAN_POINT('',(0.885761081257,-3.568921689743,
    -79.73742716219));
#9483 = CARTESIAN_POINT('',(1.144496463415,-3.930353137706,
    -79.00164430222));
#9484 = CARTESIAN_POINT('',(1.229187616193,-3.789705000634,
    -79.1662878671));
#9485 = CARTESIAN_POINT('',(1.313878768972,-3.649056863563,
    -79.33093143198));
#9486 = CARTESIAN_POINT('',(1.39856992175,-3.508408726491,
    -79.49557499686));
#9487 = CARTESIAN_POINT('',(1.478896181548,-3.869901850287,
    -78.72222770262));
#9488 = CARTESIAN_POINT('',(1.596484815643,-3.723210386265,
    -78.85882474438));
#9489 = CARTESIAN_POINT('',(1.714073449738,-3.576518922242,
    -78.99542178613));
#9490 = CARTESIAN_POINT('',(1.831662083834,-3.429827458219,
    -79.13201882788));
#9491 = CARTESIAN_POINT('',(1.760559220067,-3.790627027577,
    -78.32246306391));
#9492 = CARTESIAN_POINT('',(1.901248381537,-3.637346962945,
    -78.42576968905));
#9493 = CARTESIAN_POINT('',(2.041937543007,-3.484066898313,
    -78.52907631418));
#9494 = CARTESIAN_POINT('',(2.182626704476,-3.330786833681,
    -78.63238293931));
#9495 = CARTESIAN_POINT('',(1.968027394255,-3.693924043763,
    -77.80587966204));
#9496 = CARTESIAN_POINT('',(2.120532295767,-3.534454872732,
    -77.87581347505));
#9497 = CARTESIAN_POINT('',(2.273037197279,-3.374985701701,
    -77.94574728806));
#9498 = CARTESIAN_POINT('',(2.425542098791,-3.215516530671,
    -78.01568110106));
#9499 = CARTESIAN_POINT('',(2.070267987493,-3.609910161814,
    -77.34050062687));
#9500 = CARTESIAN_POINT('',(2.223326717031,-3.449716141243,
    -77.40634949534));
#9501 = CARTESIAN_POINT('',(2.376385446568,-3.289522120672,
    -77.47219836381));
#9502 = CARTESIAN_POINT('',(2.529444176106,-3.129328100101,
    -77.53804723228));
#9503 = CARTESIAN_POINT('',(2.119185831893,-3.568286694064,
    -77.10956633433));
#9504 = CARTESIAN_POINT('',(2.273317607479,-3.407195602952,
    -77.17044208726));
#9505 = CARTESIAN_POINT('',(2.427449383065,-3.24610451184,
    -77.23131784019));
#9506 = CARTESIAN_POINT('',(2.581581158651,-3.085013420727,
    -77.29219359312));
#9507 = CARTESIAN_POINT('',(2.123486383174,-3.564625547765,
    -77.08925318574));
#9508 = CARTESIAN_POINT('',(2.277721569256,-3.403449803377,
    -77.14966010111));
#9509 = CARTESIAN_POINT('',(2.431956755339,-3.242274058989,
    -77.21006701649));
#9510 = CARTESIAN_POINT('',(2.586191941421,-3.081098314602,
    -77.27047393186));
#9511 = DEFINITIONAL_REPRESENTATION('',(#9512),#9515);
#9512 = B_SPLINE_CURVE_WITH_KNOTS('',1,(#9513,#9514),.UNSPECIFIED.,.F.,
  .F.,(2,2),(0.,1.),.PIECEWISE_BEZIER_KNOTS.);
#9513 = CARTESIAN_POINT('',(-5.054237406725E-07,-7.998056770345E-12));
#9514 = CARTESIAN_POINT('',(1.000000087286,-1.257912542544E-12));
#9515 = ( GEOMETRIC_REPRESENTATION_CONTEXT(2) 
PARAMETRIC_REPRESENTATION_CONTEXT() REPRESENTATION_CONTEXT('2D SPACE',''
  ) );
#9516 = ORIENTED_EDGE('',*,*,#9517,.F.);
#9517 = EDGE_CURVE('',#9518,#9427,#9520,.T.);
#9518 = VERTEX_POINT('',#9519);
#9519 = CARTESIAN_POINT('',(-31.31630261131,-3.950841217921,
    -72.78074007765));
#9520 = SURFACE_CURVE('',#9521,(#9525,#9532),.PCURVE_S1.);
#9521 = LINE('',#9522,#9523);
#9522 = CARTESIAN_POINT('',(-31.31630261131,-3.950841217921,
    -72.78074007765));
#9523 = VECTOR('',#9524,1.);
#9524 = DIRECTION('',(0.978147600734,0.,-0.207911690818));
#9525 = PCURVE('',#7650,#9526);
#9526 = DEFINITIONAL_REPRESENTATION('',(#9527),#9531);
#9527 = LINE('',#9528,#9529);
#9528 = CARTESIAN_POINT('',(39.452422190463,-2.9999995346));
#9529 = VECTOR('',#9530,1.);
#9530 = DIRECTION('',(3.808064974464E-14,1.));
#9531 = ( GEOMETRIC_REPRESENTATION_CONTEXT(2) 
PARAMETRIC_REPRESENTATION_CONTEXT() REPRESENTATION_CONTEXT('2D SPACE',''
  ) );
#9532 = PCURVE('',#9533,#9538);
#9533 = PLANE('',#9534);
#9534 = AXIS2_PLACEMENT_3D('',#9535,#9536,#9537);
#9535 = CARTESIAN_POINT('',(-16.19114373486,-3.829167281619,
    -76.17334232194));
#9536 = DIRECTION('',(-0.119253246695,-0.819152044289,-0.561042415054));
#9537 = DIRECTION('',(-0.170311286565,0.573576436351,-0.801251606757));
#9538 = DEFINITIONAL_REPRESENTATION('',(#9539),#9543);
#9539 = LINE('',#9540,#9541);
#9540 = CARTESIAN_POINT('',(-0.212132034361,-15.4999995346));
#9541 = VECTOR('',#9542,1.);
#9542 = DIRECTION('',(8.718026300869E-14,1.));
#9543 = ( GEOMETRIC_REPRESENTATION_CONTEXT(2) 
PARAMETRIC_REPRESENTATION_CONTEXT() REPRESENTATION_CONTEXT('2D SPACE',''
  ) );
#9544 = ORIENTED_EDGE('',*,*,#9545,.F.);
#9545 = EDGE_CURVE('',#9546,#9518,#9548,.T.);
#9546 = VERTEX_POINT('',#9547);
#9547 = CARTESIAN_POINT('',(-33.40446781095,-3.481990666753,
    -69.61849998015));
#9548 = SURFACE_CURVE('',#9549,(#9561,#9576),.PCURVE_S1.);
#9549 = B_SPLINE_CURVE_WITH_KNOTS('',3,(#9550,#9551,#9552,#9553,#9554,
    #9555,#9556,#9557,#9558,#9559,#9560),.UNSPECIFIED.,.F.,.F.,(4,1,1,1,
    1,1,1,1,4),(0.,0.125001294003,0.250001071737,0.375000849471,
    0.500000627205,0.625000404939,0.750000182673,0.874999960408,1.),
  .UNSPECIFIED.);
#9550 = CARTESIAN_POINT('',(-33.40446781095,-3.481990666753,
    -69.61849998015));
#9551 = CARTESIAN_POINT('',(-33.45029781229,-3.520858414631,
    -69.8341130008));
#9552 = CARTESIAN_POINT('',(-33.54309931321,-3.602172216302,
    -70.28584336113));
#9553 = CARTESIAN_POINT('',(-33.56373281343,-3.702385823789,
    -70.86249423047));
#9554 = CARTESIAN_POINT('',(-33.46374253277,-3.785118358279,
    -71.36342953583));
#9555 = CARTESIAN_POINT('',(-33.26051766718,-3.848909929172,
    -71.77648867063));
#9556 = CARTESIAN_POINT('',(-32.95840234123,-3.89828425918,
    -72.12697672388));
#9557 = CARTESIAN_POINT('',(-32.53151020367,-3.933277233654,
    -72.42060407199));
#9558 = CARTESIAN_POINT('',(-31.98660500805,-3.950332885244,
    -72.6353156014));
#9559 = CARTESIAN_POINT('',(-31.5336116666,-3.950841218986,
    -72.73454961821));
#9560 = CARTESIAN_POINT('',(-31.31630261131,-3.950841217921,
    -72.78074007765));
#9561 = PCURVE('',#7650,#9562);
#9562 = DEFINITIONAL_REPRESENTATION('',(#9563),#9575);
#9563 = B_SPLINE_CURVE_WITH_KNOTS('',3,(#9564,#9565,#9566,#9567,#9568,
    #9569,#9570,#9571,#9572,#9573,#9574),.UNSPECIFIED.,.F.,.F.,(4,1,1,1,
    1,1,1,1,4),(0.,0.125001294003,0.250001071737,0.375000849471,
    0.500000627205,0.625000404939,0.750000182673,0.874999960408,1.),
  .UNSPECIFIED.);
#9564 = CARTESIAN_POINT('',(36.752419475398,-5.700000000006));
#9565 = CARTESIAN_POINT('',(36.976249914618,-5.700000038173));
#9566 = CARTESIAN_POINT('',(37.444517435555,-5.696853580633));
#9567 = CARTESIAN_POINT('',(38.021624600365,-5.597143732111));
#9568 = CARTESIAN_POINT('',(38.498062277981,-5.395188172659));
#9569 = CARTESIAN_POINT('',(38.865423293508,-5.110524434849));
#9570 = CARTESIAN_POINT('',(39.149758727785,-4.742140489864));
#9571 = CARTESIAN_POINT('',(39.351275236301,-4.263528411321));
#9572 = CARTESIAN_POINT('',(39.44949481925,-3.685889664481));
#9573 = CARTESIAN_POINT('',(39.452422196593,-3.222163402171));
#9574 = CARTESIAN_POINT('',(39.452422190463,-2.9999995346));
#9575 = ( GEOMETRIC_REPRESENTATION_CONTEXT(2) 
PARAMETRIC_REPRESENTATION_CONTEXT() REPRESENTATION_CONTEXT('2D SPACE',''
  ) );
#9576 = PCURVE('',#9577,#9630);
#9577 = B_SPLINE_SURFACE_WITH_KNOTS('',3,3,(
    (#9578,#9579,#9580,#9581)
    ,(#9582,#9583,#9584,#9585)
    ,(#9586,#9587,#9588,#9589)
    ,(#9590,#9591,#9592,#9593)
    ,(#9594,#9595,#9596,#9597)
    ,(#9598,#9599,#9600,#9601)
    ,(#9602,#9603,#9604,#9605)
    ,(#9606,#9607,#9608,#9609)
    ,(#9610,#9611,#9612,#9613)
    ,(#9614,#9615,#9616,#9617)
    ,(#9618,#9619,#9620,#9621)
    ,(#9622,#9623,#9624,#9625)
    ,(#9626,#9627,#9628,#9629
    )),.UNSPECIFIED.,.F.,.F.,.F.,(4,1,1,1,1,1,1,1,1,1,4),(4,4),(
    -1.210361036621E-02,0.,0.125,0.25,0.375,0.5,0.625,0.75,0.875,1.,
    1.012140488591),(-0.317095118379,1.317095118379),.UNSPECIFIED.);
#9578 = CARTESIAN_POINT('',(-33.29486900893,-3.564580128615,
    -69.56058600419));
#9579 = CARTESIAN_POINT('',(-33.46033662241,-3.403401855448,
    -69.55302332992));
#9580 = CARTESIAN_POINT('',(-33.62580423589,-3.242223582281,
    -69.54546065564));
#9581 = CARTESIAN_POINT('',(-33.79127184937,-3.081045309114,
    -69.53789798137));
#9582 = CARTESIAN_POINT('',(-33.29922088573,-3.568255369228,
    -69.58096996177));
#9583 = CARTESIAN_POINT('',(-33.4647856636,-3.407162570754,
    -69.57388221527));
#9584 = CARTESIAN_POINT('',(-33.63035044146,-3.246069772279,
    -69.56679446877));
#9585 = CARTESIAN_POINT('',(-33.79591521933,-3.084976973805,
    -69.55970672227));
#9586 = CARTESIAN_POINT('',(-33.34881221125,-3.610166839717,
    -69.81343093608));
#9587 = CARTESIAN_POINT('',(-33.51543355877,-3.449983182634,
    -69.81138979385));
#9588 = CARTESIAN_POINT('',(-33.68205490629,-3.289799525551,
    -69.80934865162));
#9589 = CARTESIAN_POINT('',(-33.84867625381,-3.129615868468,
    -69.80730750939));
#9590 = CARTESIAN_POINT('',(-33.44541767103,-3.694983732761,
    -70.28466359942));
#9591 = CARTESIAN_POINT('',(-33.61322364527,-3.535546508248,
    -70.28669845933));
#9592 = CARTESIAN_POINT('',(-33.78102961952,-3.376109283734,
    -70.28873331924));
#9593 = CARTESIAN_POINT('',(-33.94883559376,-3.216672059221,
    -70.29076817915));
#9594 = CARTESIAN_POINT('',(-33.46446786291,-3.791569391782,
    -70.84061623278));
#9595 = CARTESIAN_POINT('',(-33.63499249593,-3.638362883423,
    -70.87819880172));
#9596 = CARTESIAN_POINT('',(-33.80551712896,-3.485156375064,
    -70.91578137067));
#9597 = CARTESIAN_POINT('',(-33.97604176199,-3.331949866704,
    -70.95336393961));
#9598 = CARTESIAN_POINT('',(-33.36893966398,-3.870477718088,
    -71.31843040458));
#9599 = CARTESIAN_POINT('',(-33.5317993,-3.723840980418,-71.39573362871)
  );
#9600 = CARTESIAN_POINT('',(-33.69465893602,-3.577204242749,
    -71.47303685283));
#9601 = CARTESIAN_POINT('',(-33.85751857205,-3.430567505079,
    -71.55034007695));
#9602 = CARTESIAN_POINT('',(-33.17660433153,-3.930759265991,
    -71.70882384885));
#9603 = CARTESIAN_POINT('',(-33.32075700203,-3.790152243976,
    -71.82506354184));
#9604 = CARTESIAN_POINT('',(-33.46490967253,-3.649545221961,
    -71.94130323483));
#9605 = CARTESIAN_POINT('',(-33.60906234302,-3.508938199946,
    -72.05754292782));
#9606 = CARTESIAN_POINT('',(-32.89116483226,-3.97747033133,
    -72.0403257861));
#9607 = CARTESIAN_POINT('',(-33.00667058881,-3.841438485987,
    -72.18918135891));
#9608 = CARTESIAN_POINT('',(-33.12217634536,-3.705406640645,
    -72.33803693173));
#9609 = CARTESIAN_POINT('',(-33.23768210191,-3.569374795302,
    -72.48689250454));
#9610 = CARTESIAN_POINT('',(-32.48400840674,-4.010878900736,
    -72.32057182764));
#9611 = CARTESIAN_POINT('',(-32.56561040571,-3.877568861839,
    -72.49241485036));
#9612 = CARTESIAN_POINT('',(-32.64721240468,-3.744258822942,
    -72.66425787308));
#9613 = CARTESIAN_POINT('',(-32.72881440365,-3.610948784045,
    -72.83610089581));
#9614 = CARTESIAN_POINT('',(-31.95884772256,-4.027467644559,
    -72.52837940893));
#9615 = CARTESIAN_POINT('',(-32.00653267573,-3.894959676172,
    -72.71208211237));
#9616 = CARTESIAN_POINT('',(-32.05421762889,-3.762451707784,
    -72.89578481581));
#9617 = CARTESIAN_POINT('',(-32.10190258206,-3.629943739397,
    -73.07948751925));
#9618 = CARTESIAN_POINT('',(-31.48626878468,-4.02803176652,
    -72.63209993185));
#9619 = CARTESIAN_POINT('',(-31.52980773453,-3.895470387049,
    -72.81637421902));
#9620 = CARTESIAN_POINT('',(-31.57334668437,-3.762909007579,
    -73.00064850619));
#9621 = CARTESIAN_POINT('',(-31.61688563422,-3.630347628108,
    -73.18492279336));
#9622 = CARTESIAN_POINT('',(-31.25177300925,-4.028003102919,
    -72.68177735657));
#9623 = CARTESIAN_POINT('',(-31.29026202575,-3.895444437319,
    -72.86714077518));
#9624 = CARTESIAN_POINT('',(-31.32875104224,-3.762885771719,
    -73.05250419379));
#9625 = CARTESIAN_POINT('',(-31.36724005873,-3.630327106119,
    -73.23786761241));
#9626 = CARTESIAN_POINT('',(-31.23114660435,-4.028000191334,
    -72.68614475296));
#9627 = CARTESIAN_POINT('',(-31.26915952732,-3.895442163703,
    -72.87161306731));
#9628 = CARTESIAN_POINT('',(-31.30717245029,-3.762884136073,
    -73.05708138166));
#9629 = CARTESIAN_POINT('',(-31.34518537326,-3.630326108442,
    -73.24254969601));
#9630 = DEFINITIONAL_REPRESENTATION('',(#9631),#9634);
#9631 = B_SPLINE_CURVE_WITH_KNOTS('',1,(#9632,#9633),.UNSPECIFIED.,.F.,
  .F.,(2,2),(0.,1.),.PIECEWISE_BEZIER_KNOTS.);
#9632 = CARTESIAN_POINT('',(-5.05422452922E-07,3.093012413235E-12));
#9633 = CARTESIAN_POINT('',(1.000000087286,-2.57614625039E-12));
#9634 = ( GEOMETRIC_REPRESENTATION_CONTEXT(2) 
PARAMETRIC_REPRESENTATION_CONTEXT() REPRESENTATION_CONTEXT('2D SPACE',''
  ) );
#9635 = ORIENTED_EDGE('',*,*,#9636,.F.);
#9636 = EDGE_CURVE('',#9637,#9546,#9639,.T.);
#9637 = VERTEX_POINT('',#9638);
#9638 = CARTESIAN_POINT('',(-27.05712406532,1.901102288638,
    -39.75659547927));
#9639 = SURFACE_CURVE('',#9640,(#9644,#9651),.PCURVE_S1.);
#9640 = LINE('',#9641,#9642);
#9641 = CARTESIAN_POINT('',(-27.05712406532,1.901102288638,
    -39.75659547927));
#9642 = VECTOR('',#9643,1.);
#9643 = DIRECTION('',(-0.204753045059,-0.173648177667,-0.963287340793));
#9644 = PCURVE('',#7650,#9645);
#9645 = DEFINITIONAL_REPRESENTATION('',(#9646),#9650);
#9646 = LINE('',#9647,#9648);
#9647 = CARTESIAN_POINT('',(5.752422655862,-5.700000000002));
#9648 = VECTOR('',#9649,1.);
#9649 = DIRECTION('',(1.,0.));
#9650 = ( GEOMETRIC_REPRESENTATION_CONTEXT(2) 
PARAMETRIC_REPRESENTATION_CONTEXT() REPRESENTATION_CONTEXT('2D SPACE',''
  ) );
#9651 = PCURVE('',#9652,#9657);
#9652 = PLANE('',#9653);
#9653 = AXIS2_PLACEMENT_3D('',#9654,#9655,#9656);
#9654 = CARTESIAN_POINT('',(-30.38293383149,-0.642723221431,
    -54.68184009188));
#9655 = DIRECTION('',(-0.666125781545,-0.69636424032,0.267120362317));
#9656 = DIRECTION('',(-0.717183821415,0.69636424032,2.691117061358E-02)
  );
#9657 = DEFINITIONAL_REPRESENTATION('',(#9658),#9662);
#9658 = LINE('',#9659,#9660);
#9659 = CARTESIAN_POINT('',(-0.212132034357,-15.4999995346));
#9660 = VECTOR('',#9661,1.);
#9661 = DIRECTION('',(1.302083441068E-14,1.));
#9662 = ( GEOMETRIC_REPRESENTATION_CONTEXT(2) 
PARAMETRIC_REPRESENTATION_CONTEXT() REPRESENTATION_CONTEXT('2D SPACE',''
  ) );
#9663 = ORIENTED_EDGE('',*,*,#9664,.F.);
#9664 = EDGE_CURVE('',#9665,#9637,#9667,.T.);
#9665 = VERTEX_POINT('',#9666);
#9666 = CARTESIAN_POINT('',(-23.86328957065,2.369952449155,
    -37.71708134052));
#9667 = SURFACE_CURVE('',#9668,(#9680,#9695),.PCURVE_S1.);
#9668 = B_SPLINE_CURVE_WITH_KNOTS('',3,(#9669,#9670,#9671,#9672,#9673,
    #9674,#9675,#9676,#9677,#9678,#9679),.UNSPECIFIED.,.F.,.F.,(4,1,1,1,
    1,1,1,1,4),(0.,0.125001294003,0.250001071737,0.375000849471,
    0.500000627205,0.625000404939,0.750000182673,0.874999960408,1.),
  .UNSPECIFIED.);
#9669 = CARTESIAN_POINT('',(-23.86328957065,2.369952449155,
    -37.71708134052));
#9670 = CARTESIAN_POINT('',(-24.08222876994,2.369952455784,
    -37.67054433868));
#9671 = CARTESIAN_POINT('',(-24.5409077688,2.369406079165,
    -37.57621698937));
#9672 = CARTESIAN_POINT('',(-25.12581965253,2.352091645674,
    -37.55227889778));
#9673 = CARTESIAN_POINT('',(-25.63319703956,2.317022430805,
    -37.64776316848));
#9674 = CARTESIAN_POINT('',(-26.05081610264,2.267591091488,
    -37.84559749361));
#9675 = CARTESIAN_POINT('',(-26.40436585996,2.203621890759,
    -38.14134042346));
#9676 = CARTESIAN_POINT('',(-26.69947602976,2.12051177551,
    -38.56048374187));
#9677 = CARTESIAN_POINT('',(-26.91382257153,2.020205859771,
    -39.09649483469));
#9678 = CARTESIAN_POINT('',(-27.01163534294,1.939680639385,
    -39.54258783679));
#9679 = CARTESIAN_POINT('',(-27.05712406532,1.901102288638,
    -39.75659547927));
#9680 = PCURVE('',#7650,#9681);
#9681 = DEFINITIONAL_REPRESENTATION('',(#9682),#9694);
#9682 = B_SPLINE_CURVE_WITH_KNOTS('',3,(#9683,#9684,#9685,#9686,#9687,
    #9688,#9689,#9690,#9691,#9692,#9693),.UNSPECIFIED.,.F.,.F.,(4,1,1,1,
    1,1,1,1,4),(0.,0.125001294003,0.250001071737,0.375000849471,
    0.500000627205,0.625000404939,0.750000182673,0.874999960408,1.),
  .UNSPECIFIED.);
#9683 = CARTESIAN_POINT('',(3.052422190464,-2.999997284934));
#9684 = CARTESIAN_POINT('',(3.052422152299,-3.223827724164));
#9685 = CARTESIAN_POINT('',(3.055568609844,-3.692095245092));
#9686 = CARTESIAN_POINT('',(3.155278458361,-4.2692024099));
#9687 = CARTESIAN_POINT('',(3.357234017814,-4.745640087522));
#9688 = CARTESIAN_POINT('',(3.641897755618,-5.113001103055));
#9689 = CARTESIAN_POINT('',(4.010281700596,-5.397336537325));
#9690 = CARTESIAN_POINT('',(4.488893779152,-5.598853045842));
#9691 = CARTESIAN_POINT('',(5.066532525993,-5.697072628794));
#9692 = CARTESIAN_POINT('',(5.5302587883,-5.700000006142));
#9693 = CARTESIAN_POINT('',(5.752422655862,-5.700000000002));
#9694 = ( GEOMETRIC_REPRESENTATION_CONTEXT(2) 
PARAMETRIC_REPRESENTATION_CONTEXT() REPRESENTATION_CONTEXT('2D SPACE',''
  ) );
#9695 = PCURVE('',#9696,#9749);
#9696 = B_SPLINE_SURFACE_WITH_KNOTS('',3,3,(
    (#9697,#9698,#9699,#9700)
    ,(#9701,#9702,#9703,#9704)
    ,(#9705,#9706,#9707,#9708)
    ,(#9709,#9710,#9711,#9712)
    ,(#9713,#9714,#9715,#9716)
    ,(#9717,#9718,#9719,#9720)
    ,(#9721,#9722,#9723,#9724)
    ,(#9725,#9726,#9727,#9728)
    ,(#9729,#9730,#9731,#9732)
    ,(#9733,#9734,#9735,#9736)
    ,(#9737,#9738,#9739,#9740)
    ,(#9741,#9742,#9743,#9744)
    ,(#9745,#9746,#9747,#9748
    )),.UNSPECIFIED.,.F.,.F.,.F.,(4,1,1,1,1,1,1,1,1,1,4),(4,4),(
    -1.210361036621E-02,0.,0.125,0.25,0.375,0.5,0.625,0.75,0.875,1.,
    1.012140488591),(-0.317095118379,1.317095118379),.UNSPECIFIED.);
#9697 = CARTESIAN_POINT('',(-23.8168490795,2.259744280864,
    -37.80587540366));
#9698 = CARTESIAN_POINT('',(-23.7879245941,2.449058902564,
    -37.67649801364));
#9699 = CARTESIAN_POINT('',(-23.7590001087,2.638373524263,
    -37.54712062362));
#9700 = CARTESIAN_POINT('',(-23.73007562329,2.827688145963,
    -37.4177432336));
#9701 = CARTESIAN_POINT('',(-23.83754761163,2.259747530649,
    -37.80145695265));
#9702 = CARTESIAN_POINT('',(-23.80910535696,2.449061509516,
    -37.67198078845));
#9703 = CARTESIAN_POINT('',(-23.78066310228,2.638375488383,
    -37.54250462426));
#9704 = CARTESIAN_POINT('',(-23.75222084761,2.82768946725,
    -37.41302846006));
#9705 = CARTESIAN_POINT('',(-24.07359579338,2.259778141672,
    -37.7511058806));
#9706 = CARTESIAN_POINT('',(-24.05027789461,2.449089382636,
    -37.62055637524));
#9707 = CARTESIAN_POINT('',(-24.02695999584,2.6384006236,-37.49000686988
    ));
#9708 = CARTESIAN_POINT('',(-24.00364209707,2.827711864565,
    -37.35945736452));
#9709 = CARTESIAN_POINT('',(-24.55207582395,2.259173779836,
    -37.65290588929));
#9710 = CARTESIAN_POINT('',(-24.53289878791,2.448539075965,
    -37.52116280554));
#9711 = CARTESIAN_POINT('',(-24.51372175188,2.637904372095,
    -37.38941972178));
#9712 = CARTESIAN_POINT('',(-24.49454471584,2.827269668224,
    -37.25767663802));
#9713 = CARTESIAN_POINT('',(-25.11598770449,2.242337694282,
    -37.63065803363));
#9714 = CARTESIAN_POINT('',(-25.13287663716,2.430881368029,
    -37.49601264305));
#9715 = CARTESIAN_POINT('',(-25.14976556983,2.619425041777,
    -37.36136725247));
#9716 = CARTESIAN_POINT('',(-25.1666545025,2.807968715524,
    -37.22672186188));
#9717 = CARTESIAN_POINT('',(-25.59994566461,2.208861133356,
    -37.72188607889));
#9718 = CARTESIAN_POINT('',(-25.65706770531,2.394668826037,
    -37.59455204516));
#9719 = CARTESIAN_POINT('',(-25.71418974602,2.580476518717,
    -37.46721801143));
#9720 = CARTESIAN_POINT('',(-25.77131178672,2.766284211398,
    -37.33988397771));
#9721 = CARTESIAN_POINT('',(-25.99464719006,2.162097730328,
    -37.90912303143));
#9722 = CARTESIAN_POINT('',(-26.09113833578,2.343322236267,
    -37.79999406863));
#9723 = CARTESIAN_POINT('',(-26.1876294815,2.524546742207,
    -37.69086510583));
#9724 = CARTESIAN_POINT('',(-26.28412062722,2.705771248146,
    -37.58173614303));
#9725 = CARTESIAN_POINT('',(-26.32904690819,2.101646442909,
    -38.18853963103));
#9726 = CARTESIAN_POINT('',(-26.45843553523,2.276827621897,
    -38.10745719135));
#9727 = CARTESIAN_POINT('',(-26.58782416226,2.452008800886,
    -38.02637475168));
#9728 = CARTESIAN_POINT('',(-26.7172127893,2.627189979874,
    -37.94529231201));
#9729 = CARTESIAN_POINT('',(-26.61070994671,2.022371620199,
    -38.58830426973));
#9730 = CARTESIAN_POINT('',(-26.76319910112,2.190964198578,
    -38.54051224668));
#9731 = CARTESIAN_POINT('',(-26.91568825553,2.359556776957,
    -38.49272022363));
#9732 = CARTESIAN_POINT('',(-27.06817740994,2.528149355336,
    -38.44492820058));
#9733 = CARTESIAN_POINT('',(-26.8181781209,1.925668636385,
    -39.10488767161));
#9734 = CARTESIAN_POINT('',(-26.98248301535,2.088072108365,
    -39.09046846068));
#9735 = CARTESIAN_POINT('',(-27.14678790981,2.250475580345,
    -39.07604924976));
#9736 = CARTESIAN_POINT('',(-27.31109280426,2.412879052325,
    -39.06163003883));
#9737 = CARTESIAN_POINT('',(-26.92041871414,1.841654754436,
    -39.57026670678));
#9738 = CARTESIAN_POINT('',(-27.08527743662,2.003333376876,
    -39.55993244039));
#9739 = CARTESIAN_POINT('',(-27.25013615909,2.165011999316,-39.549598174
    ));
#9740 = CARTESIAN_POINT('',(-27.41499488157,2.326690621756,
    -39.53926390761));
#9741 = CARTESIAN_POINT('',(-26.96933655854,1.800031286685,
    -39.80120099932));
#9742 = CARTESIAN_POINT('',(-27.13526832706,1.960812838584,
    -39.79583984847));
#9743 = CARTESIAN_POINT('',(-27.30120009559,2.121594390483,
    -39.79047869762));
#9744 = CARTESIAN_POINT('',(-27.46713186412,2.282375942382,
    -39.78511754677));
#9745 = CARTESIAN_POINT('',(-26.97363710982,1.796370140387,
    -39.82151414791));
#9746 = CARTESIAN_POINT('',(-27.13967228884,1.95706703901,
    -39.81662183462));
#9747 = CARTESIAN_POINT('',(-27.30570746786,2.117763937633,
    -39.81172952133));
#9748 = CARTESIAN_POINT('',(-27.47174264689,2.278460836256,
    -39.80683720803));
#9749 = DEFINITIONAL_REPRESENTATION('',(#9750),#9753);
#9750 = B_SPLINE_CURVE_WITH_KNOTS('',1,(#9751,#9752),.UNSPECIFIED.,.F.,
  .F.,(2,2),(0.,1.),.PIECEWISE_BEZIER_KNOTS.);
#9751 = CARTESIAN_POINT('',(-5.054239881034E-07,-1.499304510464E-12));
#9752 = CARTESIAN_POINT('',(1.000000087285,-7.304220713498E-12));
#9753 = ( GEOMETRIC_REPRESENTATION_CONTEXT(2) 
PARAMETRIC_REPRESENTATION_CONTEXT() REPRESENTATION_CONTEXT('2D SPACE',''
  ) );
#9754 = ORIENTED_EDGE('',*,*,#9755,.F.);
#9755 = EDGE_CURVE('',#9228,#9665,#9756,.T.);
#9756 = SURFACE_CURVE('',#9757,(#9761,#9768),.PCURVE_S1.);
#9757 = LINE('',#9758,#9759);
#9758 = CARTESIAN_POINT('',(-22.88514226716,2.369952449156,
    -37.92499296816));
#9759 = VECTOR('',#9760,1.);
#9760 = DIRECTION('',(-0.978147600734,-7.860381403018E-14,0.207911690817
    ));
#9761 = PCURVE('',#7650,#9762);
#9762 = DEFINITIONAL_REPRESENTATION('',(#9763),#9767);
#9763 = LINE('',#9764,#9765);
#9764 = CARTESIAN_POINT('',(3.052422190467,-1.999997588818));
#9765 = VECTOR('',#9766,1.);
#9766 = DIRECTION('',(4.777289674962E-13,-1.));
#9767 = ( GEOMETRIC_REPRESENTATION_CONTEXT(2) 
PARAMETRIC_REPRESENTATION_CONTEXT() REPRESENTATION_CONTEXT('2D SPACE',''
  ) );
#9768 = PCURVE('',#9161,#9769);
#9769 = DEFINITIONAL_REPRESENTATION('',(#9770),#9774);
#9770 = LINE('',#9771,#9772);
#9771 = CARTESIAN_POINT('',(-0.212132034356,-0.500002411189));
#9772 = VECTOR('',#9773,1.);
#9773 = DIRECTION('',(-3.664291092775E-13,1.));
#9774 = ( GEOMETRIC_REPRESENTATION_CONTEXT(2) 
PARAMETRIC_REPRESENTATION_CONTEXT() REPRESENTATION_CONTEXT('2D SPACE',''
  ) );
#9775 = ORIENTED_EDGE('',*,*,#9227,.F.);
#9776 = FACE_BOUND('',#9777,.F.);
#9777 = EDGE_LOOP('',(#9778));
#9778 = ORIENTED_EDGE('',*,*,#9779,.T.);
#9779 = EDGE_CURVE('',#9780,#9780,#9782,.T.);
#9780 = VERTEX_POINT('',#9781);
#9781 = CARTESIAN_POINT('',(-22.20998584243,-0.510003197821,
    -54.76643183022));
#9782 = SURFACE_CURVE('',#9783,(#9788,#9795),.PCURVE_S1.);
#9783 = CIRCLE('',#9784,1.65);
#9784 = AXIS2_PLACEMENT_3D('',#9785,#9786,#9787);
#9785 = CARTESIAN_POINT('',(-22.20998584243,-0.790444384383,
    -56.39242467795));
#9786 = DIRECTION('',(3.610348622615E-02,-0.984807753012,0.169853548357)
  );
#9787 = DIRECTION('',(1.37563571645E-15,0.169964355492,0.985450210747));
#9788 = PCURVE('',#7650,#9789);
#9789 = DEFINITIONAL_REPRESENTATION('',(#9790),#9794);
#9790 = CIRCLE('',#9791,1.65);
#9791 = AXIS2_PLACEMENT_2D('',#9792,#9793);
#9792 = CARTESIAN_POINT('',(21.25242219046,2.499999999996));
#9793 = DIRECTION('',(-0.978785713594,-0.204886619533));
#9794 = ( GEOMETRIC_REPRESENTATION_CONTEXT(2) 
PARAMETRIC_REPRESENTATION_CONTEXT() REPRESENTATION_CONTEXT('2D SPACE',''
  ) );
#9795 = PCURVE('',#8431,#9796);
#9796 = DEFINITIONAL_REPRESENTATION('',(#9797),#9801);
#9797 = LINE('',#9798,#9799);
#9798 = CARTESIAN_POINT('',(0.,31.648491022468));
#9799 = VECTOR('',#9800,1.);
#9800 = DIRECTION('',(1.,0.));
#9801 = ( GEOMETRIC_REPRESENTATION_CONTEXT(2) 
PARAMETRIC_REPRESENTATION_CONTEXT() REPRESENTATION_CONTEXT('2D SPACE',''
  ) );
#9802 = FACE_BOUND('',#9803,.F.);
#9803 = EDGE_LOOP('',(#9804));
#9804 = ORIENTED_EDGE('',*,*,#9805,.T.);
#9805 = EDGE_CURVE('',#9806,#9806,#9808,.T.);
#9806 = VERTEX_POINT('',#9807);
#9807 = CARTESIAN_POINT('',(-2.647033827756,-0.510003197821,
    -58.92466564658));
#9808 = SURFACE_CURVE('',#9809,(#9814,#9821),.PCURVE_S1.);
#9809 = CIRCLE('',#9810,1.65);
#9810 = AXIS2_PLACEMENT_3D('',#9811,#9812,#9813);
#9811 = CARTESIAN_POINT('',(-2.647033827756,-0.790444384383,
    -60.55065849431));
#9812 = DIRECTION('',(3.610348622615E-02,-0.984807753012,0.169853548357)
  );
#9813 = DIRECTION('',(1.37563571645E-15,0.169964355492,0.985450210747));
#9814 = PCURVE('',#7650,#9815);
#9815 = DEFINITIONAL_REPRESENTATION('',(#9816),#9820);
#9816 = CIRCLE('',#9817,1.65);
#9817 = AXIS2_PLACEMENT_2D('',#9818,#9819);
#9818 = CARTESIAN_POINT('',(21.252422190465,22.499999999995));
#9819 = DIRECTION('',(-0.978785713594,-0.204886619533));
#9820 = ( GEOMETRIC_REPRESENTATION_CONTEXT(2) 
PARAMETRIC_REPRESENTATION_CONTEXT() REPRESENTATION_CONTEXT('2D SPACE',''
  ) );
#9821 = PCURVE('',#8396,#9822);
#9822 = DEFINITIONAL_REPRESENTATION('',(#9823),#9827);
#9823 = LINE('',#9824,#9825);
#9824 = CARTESIAN_POINT('',(0.,31.648491022467));
#9825 = VECTOR('',#9826,1.);
#9826 = DIRECTION('',(1.,0.));
#9827 = ( GEOMETRIC_REPRESENTATION_CONTEXT(2) 
PARAMETRIC_REPRESENTATION_CONTEXT() REPRESENTATION_CONTEXT('2D SPACE',''
  ) );
#9828 = ADVANCED_FACE('',(#9829),#7857,.T.);
#9829 = FACE_BOUND('',#9830,.F.);
#9830 = EDGE_LOOP('',(#9831,#9832,#9833,#9834));
#9831 = ORIENTED_EDGE('',*,*,#7841,.T.);
#9832 = ORIENTED_EDGE('',*,*,#9179,.T.);
#9833 = ORIENTED_EDGE('',*,*,#9125,.F.);
#9834 = ORIENTED_EDGE('',*,*,#9835,.F.);
#9835 = EDGE_CURVE('',#7842,#9090,#9836,.T.);
#9836 = SURFACE_CURVE('',#9837,(#9841,#9848),.PCURVE_S1.);
#9837 = LINE('',#9838,#9839);
#9838 = CARTESIAN_POINT('',(-23.97160002933,5.324375708192,
    -38.22664198559));
#9839 = VECTOR('',#9840,1.);
#9840 = DIRECTION('',(0.170309597902,-0.57357643635,0.801251965693));
#9841 = PCURVE('',#7857,#9842);
#9842 = DEFINITIONAL_REPRESENTATION('',(#9843),#9847);
#9843 = LINE('',#9844,#9845);
#9844 = CARTESIAN_POINT('',(-0.212132034357,-0.499997284929));
#9845 = VECTOR('',#9846,1.);
#9846 = DIRECTION('',(0.999999999999,-1.726387878542E-06));
#9847 = ( GEOMETRIC_REPRESENTATION_CONTEXT(2) 
PARAMETRIC_REPRESENTATION_CONTEXT() REPRESENTATION_CONTEXT('2D SPACE',''
  ) );
#9848 = PCURVE('',#7901,#9849);
#9849 = DEFINITIONAL_REPRESENTATION('',(#9850),#9853);
#9850 = B_SPLINE_CURVE_WITH_KNOTS('',1,(#9851,#9852),.UNSPECIFIED.,.F.,
  .F.,(2,2),(0.,0.424264068714),.PIECEWISE_BEZIER_KNOTS.);
#9851 = CARTESIAN_POINT('',(1.000000508937,-1.361655762303E-12));
#9852 = CARTESIAN_POINT('',(1.000000358402,1.000000000006));
#9853 = ( GEOMETRIC_REPRESENTATION_CONTEXT(2) 
PARAMETRIC_REPRESENTATION_CONTEXT() REPRESENTATION_CONTEXT('2D SPACE',''
  ) );
#9854 = ADVANCED_FACE('',(#9855),#7901,.F.);
#9855 = FACE_BOUND('',#9856,.F.);
#9856 = EDGE_LOOP('',(#9857,#9858,#9859,#9933));
#9857 = ORIENTED_EDGE('',*,*,#7869,.T.);
#9858 = ORIENTED_EDGE('',*,*,#9835,.T.);
#9859 = ORIENTED_EDGE('',*,*,#9860,.F.);
#9860 = EDGE_CURVE('',#9861,#9090,#9863,.T.);
#9861 = VERTEX_POINT('',#9862);
#9862 = CARTESIAN_POINT('',(-27.44804775029,4.560083228608,
    -40.15282651467));
#9863 = SURFACE_CURVE('',#9864,(#9876,#9927),.PCURVE_S1.);
#9864 = B_SPLINE_CURVE_WITH_KNOTS('',3,(#9865,#9866,#9867,#9868,#9869,
    #9870,#9871,#9872,#9873,#9874,#9875),.UNSPECIFIED.,.F.,.F.,(4,1,1,1,
    1,1,1,1,4),(0.,0.125,0.25,0.375,0.5,0.625,0.75,0.875,1.),
  .QUASI_UNIFORM_KNOTS.);
#9865 = CARTESIAN_POINT('',(-27.44804775029,4.560083228608,
    -40.15282651467));
#9866 = CARTESIAN_POINT('',(-27.40382109256,4.597591234984,
    -39.94475644906));
#9867 = CARTESIAN_POINT('',(-27.31393111838,4.6726970822,-39.5284008305)
  );
#9868 = CARTESIAN_POINT('',(-27.09718520558,4.781751144903,
    -38.94217814435));
#9869 = CARTESIAN_POINT('',(-26.76481390773,4.881246029223,
    -38.43595633314));
#9870 = CARTESIAN_POINT('',(-26.3159706456,4.964763596848,
    -38.04712759087));
#9871 = CARTESIAN_POINT('',(-25.77218121669,5.026963141375,
    -37.80208178564));
#9872 = CARTESIAN_POINT('',(-25.166716753,5.06514121432,-37.70942146469)
  );
#9873 = CARTESIAN_POINT('',(-24.53397025068,5.080791593802,
    -37.7531752729));
#9874 = CARTESIAN_POINT('',(-24.11062366814,5.081027835588,
    -37.84179064135));
#9875 = CARTESIAN_POINT('',(-23.89934378638,5.081027835588,
    -37.88669956656));
#9876 = PCURVE('',#7901,#9877);
#9877 = DEFINITIONAL_REPRESENTATION('',(#9878),#9926);
#9878 = B_SPLINE_CURVE_WITH_KNOTS('',3,(#9879,#9880,#9881,#9882,#9883,
    #9884,#9885,#9886,#9887,#9888,#9889,#9890,#9891,#9892,#9893,#9894,
    #9895,#9896,#9897,#9898,#9899,#9900,#9901,#9902,#9903,#9904,#9905,
    #9906,#9907,#9908,#9909,#9910,#9911,#9912,#9913,#9914,#9915,#9916,
    #9917,#9918,#9919,#9920,#9921,#9922,#9923,#9924,#9925),
  .UNSPECIFIED.,.F.,.F.,(4,1,1,1,1,1,1,1,1,1,1,1,1,1,1,1,1,1,1,1,1,1,1,1
    ,1,1,1,1,1,1,1,1,1,1,1,1,1,1,1,1,1,1,1,1,4),(0.,2.272727272727E-02,
    4.545454545455E-02,6.818181818182E-02,9.090909090909E-02,
    0.113636363636,0.136363636364,0.159090909091,0.181818181818,
    0.204545454545,0.227272727273,0.25,0.272727272727,0.295454545455,
    0.318181818182,0.340909090909,0.363636363636,0.386363636364,
    0.409090909091,0.431818181818,0.454545454545,0.477272727273,0.5,
    0.522727272727,0.545454545455,0.568181818182,0.590909090909,
    0.613636363636,0.636363636364,0.659090909091,0.681818181818,
    0.704545454545,0.727272727273,0.75,0.772727272727,0.795454545455,
    0.818181818182,0.840909090909,0.863636363636,0.886363636364,
    0.909090909091,0.931818181818,0.954545454545,0.977272727273,1.),
  .QUASI_UNIFORM_KNOTS.);
#9879 = CARTESIAN_POINT('',(-7.648654724417E-08,0.999999999994));
#9880 = CARTESIAN_POINT('',(7.050383676917E-03,0.999999776903));
#9881 = CARTESIAN_POINT('',(2.109547011893E-02,1.000052040627));
#9882 = CARTESIAN_POINT('',(4.206206467501E-02,1.000198482885));
#9883 = CARTESIAN_POINT('',(6.299445474377E-02,1.000319431473));
#9884 = CARTESIAN_POINT('',(8.395819669344E-02,1.000333446584));
#9885 = CARTESIAN_POINT('',(0.105020638495,1.000212044709));
#9886 = CARTESIAN_POINT('',(0.126257328226,0.999950942415));
#9887 = CARTESIAN_POINT('',(0.147737734658,0.999869622805));
#9888 = CARTESIAN_POINT('',(0.169455236034,0.999905053368));
#9889 = CARTESIAN_POINT('',(0.191410306543,0.999976565891));
#9890 = CARTESIAN_POINT('',(0.213604509806,1.000030420865));
#9891 = CARTESIAN_POINT('',(0.236042456299,1.000019099292));
#9892 = CARTESIAN_POINT('',(0.25873081301,0.999961393588));
#9893 = CARTESIAN_POINT('',(0.281665706867,1.000035389979));
#9894 = CARTESIAN_POINT('',(0.304851256333,1.000131661177));
#9895 = CARTESIAN_POINT('',(0.328295096796,1.000193792152));
#9896 = CARTESIAN_POINT('',(0.352009278727,1.000168745882));
#9897 = CARTESIAN_POINT('',(0.376012538693,0.999991261618));
#9898 = CARTESIAN_POINT('',(0.400321713161,0.999769097687));
#9899 = CARTESIAN_POINT('',(0.42488113485,0.999670296976));
#9900 = CARTESIAN_POINT('',(0.449630645599,0.999734617214));
#9901 = CARTESIAN_POINT('',(0.474506087087,0.999911604172));
#9902 = CARTESIAN_POINT('',(0.499443813235,1.000049074736));
#9903 = CARTESIAN_POINT('',(0.524386122024,0.999893451839));
#9904 = CARTESIAN_POINT('',(0.549271770846,0.999700542772));
#9905 = CARTESIAN_POINT('',(0.57403332592,0.999632589967));
#9906 = CARTESIAN_POINT('',(0.598602743284,0.999740882199));
#9907 = CARTESIAN_POINT('',(0.622916917851,0.999981753768));
#9908 = CARTESIAN_POINT('',(0.646915773542,1.000179055799));
#9909 = CARTESIAN_POINT('',(0.670618241365,1.00021637256));
#9910 = CARTESIAN_POINT('',(0.694047847007,1.000155079812));
#9911 = CARTESIAN_POINT('',(0.71722002452,1.000050321265));
#9912 = CARTESIAN_POINT('',(0.740145598218,0.999963820624));
#9913 = CARTESIAN_POINT('',(0.762830885815,1.000018366537));
#9914 = CARTESIAN_POINT('',(0.785276175781,1.000049300777));
#9915 = CARTESIAN_POINT('',(0.807493017155,1.000013354731));
#9916 = CARTESIAN_POINT('',(0.82949041651,0.99994839492));
#9917 = CARTESIAN_POINT('',(0.851273979012,0.99990243736));
#9918 = CARTESIAN_POINT('',(0.872848075175,0.999950528446));
#9919 = CARTESIAN_POINT('',(0.894208630554,1.00016993895));
#9920 = CARTESIAN_POINT('',(0.91541445481,1.000275969791));
#9921 = CARTESIAN_POINT('',(0.936533826887,1.000267264396));
#9922 = CARTESIAN_POINT('',(0.957627269911,1.000166714195));
#9923 = CARTESIAN_POINT('',(0.978754111238,1.000043705233));
#9924 = CARTESIAN_POINT('',(0.992901183011,0.999999720135));
#9925 = CARTESIAN_POINT('',(1.000000358402,1.000000000006));
#9926 = ( GEOMETRIC_REPRESENTATION_CONTEXT(2) 
PARAMETRIC_REPRESENTATION_CONTEXT() REPRESENTATION_CONTEXT('2D SPACE',''
  ) );
#9927 = PCURVE('',#9107,#9928);
#9928 = DEFINITIONAL_REPRESENTATION('',(#9929),#9932);
#9929 = B_SPLINE_CURVE_WITH_KNOTS('',1,(#9930,#9931),.UNSPECIFIED.,.F.,
  .F.,(2,2),(0.,1.),.PIECEWISE_BEZIER_KNOTS.);
#9930 = CARTESIAN_POINT('',(0.975350926831,16.980366621063));
#9931 = CARTESIAN_POINT('',(2.464878816565E-02,16.980366621062));
#9932 = ( GEOMETRIC_REPRESENTATION_CONTEXT(2) 
PARAMETRIC_REPRESENTATION_CONTEXT() REPRESENTATION_CONTEXT('2D SPACE',''
  ) );
#9933 = ORIENTED_EDGE('',*,*,#9934,.F.);
#9934 = EDGE_CURVE('',#7870,#9861,#9935,.T.);
#9935 = SURFACE_CURVE('',#9936,(#9940,#9946),.PCURVE_S1.);
#9936 = LINE('',#9937,#9938);
#9937 = CARTESIAN_POINT('',(-27.165434524,4.855525547675,-40.26615612434
    ));
#9938 = VECTOR('',#9939,1.);
#9939 = DIRECTION('',(-0.666125762545,-0.696364224206,0.267120451706));
#9940 = PCURVE('',#7901,#9941);
#9941 = DEFINITIONAL_REPRESENTATION('',(#9942),#9945);
#9942 = B_SPLINE_CURVE_WITH_KNOTS('',1,(#9943,#9944),.UNSPECIFIED.,.F.,
  .F.,(2,2),(0.,0.424264068709),.PIECEWISE_BEZIER_KNOTS.);
#9943 = CARTESIAN_POINT('',(-8.665955557928E-08,-4.156772316835E-12));
#9944 = CARTESIAN_POINT('',(-7.648538450763E-08,0.999999999994));
#9945 = ( GEOMETRIC_REPRESENTATION_CONTEXT(2) 
PARAMETRIC_REPRESENTATION_CONTEXT() REPRESENTATION_CONTEXT('2D SPACE',''
  ) );
#9946 = PCURVE('',#7976,#9947);
#9947 = DEFINITIONAL_REPRESENTATION('',(#9948),#9952);
#9948 = LINE('',#9949,#9950);
#9949 = CARTESIAN_POINT('',(-0.212132034355,15.499999534599));
#9950 = VECTOR('',#9951,1.);
#9951 = DIRECTION('',(1.,9.279607932067E-08));
#9952 = ( GEOMETRIC_REPRESENTATION_CONTEXT(2) 
PARAMETRIC_REPRESENTATION_CONTEXT() REPRESENTATION_CONTEXT('2D SPACE',''
  ) );
#9953 = ADVANCED_FACE('',(#9954),#7976,.T.);
#9954 = FACE_BOUND('',#9955,.F.);
#9955 = EDGE_LOOP('',(#9956,#9957,#9958,#9986));
#9956 = ORIENTED_EDGE('',*,*,#7960,.T.);
#9957 = ORIENTED_EDGE('',*,*,#9934,.T.);
#9958 = ORIENTED_EDGE('',*,*,#9959,.F.);
#9959 = EDGE_CURVE('',#9960,#9861,#9962,.T.);
#9960 = VERTEX_POINT('',#9961);
#9961 = CARTESIAN_POINT('',(-33.79539165395,-0.823009860807,
    -70.01473175902));
#9962 = SURFACE_CURVE('',#9963,(#9967,#9974),.PCURVE_S1.);
#9963 = LINE('',#9964,#9965);
#9964 = CARTESIAN_POINT('',(-33.79539165395,-0.823009860807,
    -70.01473175902));
#9965 = VECTOR('',#9966,1.);
#9966 = DIRECTION('',(0.204753045059,0.173648177667,0.963287340793));
#9967 = PCURVE('',#7976,#9968);
#9968 = DEFINITIONAL_REPRESENTATION('',(#9969),#9973);
#9969 = LINE('',#9970,#9971);
#9970 = CARTESIAN_POINT('',(0.212132034358,-15.49999801737));
#9971 = VECTOR('',#9972,1.);
#9972 = DIRECTION('',(3.885780586188E-15,1.));
#9973 = ( GEOMETRIC_REPRESENTATION_CONTEXT(2) 
PARAMETRIC_REPRESENTATION_CONTEXT() REPRESENTATION_CONTEXT('2D SPACE',''
  ) );
#9974 = PCURVE('',#9975,#9980);
#9975 = PLANE('',#9976);
#9976 = AXIS2_PLACEMENT_3D('',#9977,#9978,#9979);
#9977 = CARTESIAN_POINT('',(-34.42048224094,-1.048512412184,
    -72.95555175574));
#9978 = DIRECTION('',(-0.978147600734,0.,0.207911690818));
#9979 = DIRECTION('',(0.204753045059,0.173648177667,0.963287340793));
#9980 = DEFINITIONAL_REPRESENTATION('',(#9981),#9985);
#9981 = LINE('',#9982,#9983);
#9982 = CARTESIAN_POINT('',(3.000001982621,-0.299999999999));
#9983 = VECTOR('',#9984,1.);
#9984 = DIRECTION('',(1.,-2.775557561563E-17));
#9985 = ( GEOMETRIC_REPRESENTATION_CONTEXT(2) 
PARAMETRIC_REPRESENTATION_CONTEXT() REPRESENTATION_CONTEXT('2D SPACE',''
  ) );
#9986 = ORIENTED_EDGE('',*,*,#9987,.F.);
#9987 = EDGE_CURVE('',#7961,#9960,#9988,.T.);
#9988 = SURFACE_CURVE('',#9989,(#9993,#10000),.PCURVE_S1.);
#9989 = LINE('',#9990,#9991);
#9990 = CARTESIAN_POINT('',(-33.51277826963,-0.527567407716,
    -70.12806062521));
#9991 = VECTOR('',#9992,1.);
#9992 = DIRECTION('',(-0.666126135028,-0.696364540103,0.267118699308));
#9993 = PCURVE('',#7976,#9994);
#9994 = DEFINITIONAL_REPRESENTATION('',(#9995),#9999);
#9995 = LINE('',#9996,#9997);
#9996 = CARTESIAN_POINT('',(-0.21213203435,-15.49999728492));
#9997 = VECTOR('',#9998,1.);
#9998 = DIRECTION('',(0.999999999999,-1.726388828283E-06));
#9999 = ( GEOMETRIC_REPRESENTATION_CONTEXT(2) 
PARAMETRIC_REPRESENTATION_CONTEXT() REPRESENTATION_CONTEXT('2D SPACE',''
  ) );
#10000 = PCURVE('',#8020,#10001);
#10001 = DEFINITIONAL_REPRESENTATION('',(#10002),#10005);
#10002 = B_SPLINE_CURVE_WITH_KNOTS('',1,(#10003,#10004),.UNSPECIFIED.,
  .F.,.F.,(2,2),(0.,0.424264068709),.PIECEWISE_BEZIER_KNOTS.);
#10003 = CARTESIAN_POINT('',(1.000000508937,1.17695646795E-11));
#10004 = CARTESIAN_POINT('',(1.000000358403,0.999999999998));
#10005 = ( GEOMETRIC_REPRESENTATION_CONTEXT(2) 
PARAMETRIC_REPRESENTATION_CONTEXT() REPRESENTATION_CONTEXT('2D SPACE',''
  ) );
#10006 = ADVANCED_FACE('',(#10007),#8020,.F.);
#10007 = FACE_BOUND('',#10008,.F.);
#10008 = EDGE_LOOP('',(#10009,#10010,#10011,#10096));
#10009 = ORIENTED_EDGE('',*,*,#7988,.T.);
#10010 = ORIENTED_EDGE('',*,*,#9987,.T.);
#10011 = ORIENTED_EDGE('',*,*,#10012,.F.);
#10012 = EDGE_CURVE('',#10013,#9960,#10015,.T.);
#10013 = VERTEX_POINT('',#10014);
#10014 = CARTESIAN_POINT('',(-31.47520797615,-1.343954738088,
    -73.52833085227));
#10015 = SURFACE_CURVE('',#10016,(#10028,#10079),.PCURVE_S1.);
#10016 = B_SPLINE_CURVE_WITH_KNOTS('',3,(#10017,#10018,#10019,#10020,
    #10021,#10022,#10023,#10024,#10025,#10026,#10027),.UNSPECIFIED.,.F.,
  .F.,(4,1,1,1,1,1,1,1,4),(0.,0.125,0.25,0.375,0.5,0.625,0.75,0.875,1.),
  .QUASI_UNIFORM_KNOTS.);
#10017 = CARTESIAN_POINT('',(-31.47520797615,-1.343954738088,
    -73.52833085227));
#10018 = CARTESIAN_POINT('',(-31.68648785791,-1.343954738088,
    -73.48342192705));
#10019 = CARTESIAN_POINT('',(-32.10927509373,-1.343718496351,
    -73.39218600063));
#10020 = CARTESIAN_POINT('',(-32.70511495955,-1.328068116645,
    -73.17479571343));
#10021 = CARTESIAN_POINT('',(-33.22054568312,-1.289890044521,
    -72.84388177024));
#10022 = CARTESIAN_POINT('',(-33.61765299831,-1.227690496934,
    -72.39884217045));
#10023 = CARTESIAN_POINT('',(-33.86954082049,-1.144172940729,
    -71.86106850446));
#10024 = CARTESIAN_POINT('',(-33.96727810412,-1.044678013789,
    -71.26342404491));
#10025 = CARTESIAN_POINT('',(-33.92684728705,-0.935624110147,
    -70.63972535048));
#10026 = CARTESIAN_POINT('',(-33.83961831168,-0.860517867183,
    -70.22280182463));
#10027 = CARTESIAN_POINT('',(-33.79539165395,-0.823009860807,
    -70.01473175902));
#10028 = PCURVE('',#8020,#10029);
#10029 = DEFINITIONAL_REPRESENTATION('',(#10030),#10078);
#10030 = B_SPLINE_CURVE_WITH_KNOTS('',3,(#10031,#10032,#10033,#10034,
    #10035,#10036,#10037,#10038,#10039,#10040,#10041,#10042,#10043,
    #10044,#10045,#10046,#10047,#10048,#10049,#10050,#10051,#10052,
    #10053,#10054,#10055,#10056,#10057,#10058,#10059,#10060,#10061,
    #10062,#10063,#10064,#10065,#10066,#10067,#10068,#10069,#10070,
    #10071,#10072,#10073,#10074,#10075,#10076,#10077),.UNSPECIFIED.,.F.,
  .F.,(4,1,1,1,1,1,1,1,1,1,1,1,1,1,1,1,1,1,1,1,1,1,1,1,1,1,1,1,1,1,1,1,1
    ,1,1,1,1,1,1,1,1,1,1,1,4),(0.,2.272727272727E-02,4.545454545455E-02,
    6.818181818182E-02,9.090909090909E-02,0.113636363636,0.136363636364,
    0.159090909091,0.181818181818,0.204545454545,0.227272727273,0.25,
    0.272727272727,0.295454545455,0.318181818182,0.340909090909,
    0.363636363636,0.386363636364,0.409090909091,0.431818181818,
    0.454545454545,0.477272727273,0.5,0.522727272727,0.545454545455,
    0.568181818182,0.590909090909,0.613636363636,0.636363636364,
    0.659090909091,0.681818181818,0.704545454545,0.727272727273,0.75,
    0.772727272727,0.795454545455,0.818181818182,0.840909090909,
    0.863636363636,0.886363636364,0.909090909091,0.931818181818,
    0.954545454545,0.977272727273,1.),.QUASI_UNIFORM_KNOTS.);
#10031 = CARTESIAN_POINT('',(-7.648664297538E-08,1.000000000006));
#10032 = CARTESIAN_POINT('',(7.050383676927E-03,0.999999776914));
#10033 = CARTESIAN_POINT('',(2.109547011912E-02,1.000052040636));
#10034 = CARTESIAN_POINT('',(4.20620646754E-02,1.00019848289));
#10035 = CARTESIAN_POINT('',(6.299445474431E-02,1.000319431474));
#10036 = CARTESIAN_POINT('',(8.395819669406E-02,1.000333446583));
#10037 = CARTESIAN_POINT('',(0.105020638496,1.000212044707));
#10038 = CARTESIAN_POINT('',(0.126257328226,0.999950942412));
#10039 = CARTESIAN_POINT('',(0.147737734659,0.999869622802));
#10040 = CARTESIAN_POINT('',(0.169455236034,0.999905053366));
#10041 = CARTESIAN_POINT('',(0.191410306544,0.999976565891));
#10042 = CARTESIAN_POINT('',(0.213604509806,1.000030420867));
#10043 = CARTESIAN_POINT('',(0.236042456299,1.000019099296));
#10044 = CARTESIAN_POINT('',(0.25873081301,0.999961393592));
#10045 = CARTESIAN_POINT('',(0.281665706867,1.000035389983));
#10046 = CARTESIAN_POINT('',(0.304851256333,1.000131661181));
#10047 = CARTESIAN_POINT('',(0.328295096796,1.000193792156));
#10048 = CARTESIAN_POINT('',(0.352009278727,1.000168745885));
#10049 = CARTESIAN_POINT('',(0.376012538693,0.99999126162));
#10050 = CARTESIAN_POINT('',(0.400321713161,0.999769097686));
#10051 = CARTESIAN_POINT('',(0.42488113485,0.999670296974));
#10052 = CARTESIAN_POINT('',(0.449630645599,0.999734617211));
#10053 = CARTESIAN_POINT('',(0.474506087087,0.999911604168));
#10054 = CARTESIAN_POINT('',(0.499443813235,1.00004907473));
#10055 = CARTESIAN_POINT('',(0.524386122024,0.999893451834));
#10056 = CARTESIAN_POINT('',(0.549271770846,0.999700542767));
#10057 = CARTESIAN_POINT('',(0.57403332592,0.999632589963));
#10058 = CARTESIAN_POINT('',(0.598602743284,0.999740882196));
#10059 = CARTESIAN_POINT('',(0.622916917851,0.999981753766));
#10060 = CARTESIAN_POINT('',(0.646915773542,1.000179055798));
#10061 = CARTESIAN_POINT('',(0.670618241365,1.000216372561));
#10062 = CARTESIAN_POINT('',(0.694047847007,1.000155079815));
#10063 = CARTESIAN_POINT('',(0.717220024521,1.00005032127));
#10064 = CARTESIAN_POINT('',(0.740145598219,0.99996382063));
#10065 = CARTESIAN_POINT('',(0.762830885816,1.000018366543));
#10066 = CARTESIAN_POINT('',(0.785276175781,1.000049300782));
#10067 = CARTESIAN_POINT('',(0.807493017155,1.000013354734));
#10068 = CARTESIAN_POINT('',(0.82949041651,0.999948394921));
#10069 = CARTESIAN_POINT('',(0.851273979012,0.99990243736));
#10070 = CARTESIAN_POINT('',(0.872848075175,0.999950528444));
#10071 = CARTESIAN_POINT('',(0.894208630554,1.000169938948));
#10072 = CARTESIAN_POINT('',(0.91541445481,1.000275969791));
#10073 = CARTESIAN_POINT('',(0.936533826887,1.000267264397));
#10074 = CARTESIAN_POINT('',(0.957627269911,1.000166714195));
#10075 = CARTESIAN_POINT('',(0.978754111238,1.000043705232));
#10076 = CARTESIAN_POINT('',(0.992901183011,0.999999720129));
#10077 = CARTESIAN_POINT('',(1.000000358401,0.999999999998));
#10078 = ( GEOMETRIC_REPRESENTATION_CONTEXT(2) 
PARAMETRIC_REPRESENTATION_CONTEXT() REPRESENTATION_CONTEXT('2D SPACE',''
  ) );
#10079 = PCURVE('',#10080,#10091);
#10080 = SURFACE_OF_LINEAR_EXTRUSION('',#10081,#10089);
#10081 = B_SPLINE_CURVE_WITH_KNOTS('',3,(#10082,#10083,#10084,#10085,
    #10086,#10087,#10088),.UNSPECIFIED.,.F.,.F.,(4,1,1,1,4),(0.,0.25,0.5
    ,0.75,1.),.QUASI_UNIFORM_KNOTS.);
#10082 = CARTESIAN_POINT('',(-34.57840910773,21.30583818022,
    -73.6977413469));
#10083 = CARTESIAN_POINT('',(-34.66976032006,21.22695874016,
    -74.13566559171));
#10084 = CARTESIAN_POINT('',(-34.86343185363,21.06690747454,
    -75.02247373423));
#10085 = CARTESIAN_POINT('',(-34.51475388423,20.86507169757,
    -76.26682765148));
#10086 = CARTESIAN_POINT('',(-33.50063318261,20.76092199272,
    -77.08624373632));
#10087 = CARTESIAN_POINT('',(-32.59803963112,20.76180092435,
    -77.27299988875));
#10088 = CARTESIAN_POINT('',(-32.15406443625,20.76150665998,
    -77.3690758691));
#10089 = VECTOR('',#10090,1.);
#10090 = DIRECTION('',(3.610348622615E-02,-0.984807753012,0.169853548357
    ));
#10091 = DEFINITIONAL_REPRESENTATION('',(#10092),#10095);
#10092 = B_SPLINE_CURVE_WITH_KNOTS('',1,(#10093,#10094),.UNSPECIFIED.,
  .F.,.F.,(2,2),(0.,1.),.PIECEWISE_BEZIER_KNOTS.);
#10093 = CARTESIAN_POINT('',(0.975350926832,22.446503023026));
#10094 = CARTESIAN_POINT('',(2.46487881664E-02,22.446503023024));
#10095 = ( GEOMETRIC_REPRESENTATION_CONTEXT(2) 
PARAMETRIC_REPRESENTATION_CONTEXT() REPRESENTATION_CONTEXT('2D SPACE',''
  ) );
#10096 = ORIENTED_EDGE('',*,*,#10097,.F.);
#10097 = EDGE_CURVE('',#7989,#10013,#10098,.T.);
#10098 = SURFACE_CURVE('',#10099,(#10103,#10109),.PCURVE_S1.);
#10099 = LINE('',#10100,#10101);
#10100 = CARTESIAN_POINT('',(-31.42461306999,-0.996417958884,
    -73.29030072272));
#10101 = VECTOR('',#10102,1.);
#10102 = DIRECTION('',(-0.119253337463,-0.819152044289,-0.561042395761)
  );
#10103 = PCURVE('',#8020,#10104);
#10104 = DEFINITIONAL_REPRESENTATION('',(#10105),#10108);
#10105 = B_SPLINE_CURVE_WITH_KNOTS('',1,(#10106,#10107),.UNSPECIFIED.,
  .F.,.F.,(2,2),(0.,0.424264068715),.PIECEWISE_BEZIER_KNOTS.);
#10106 = CARTESIAN_POINT('',(-8.666023742195E-08,2.99995158143E-13));
#10107 = CARTESIAN_POINT('',(-7.648652299945E-08,1.000000000006));
#10108 = ( GEOMETRIC_REPRESENTATION_CONTEXT(2) 
PARAMETRIC_REPRESENTATION_CONTEXT() REPRESENTATION_CONTEXT('2D SPACE',''
  ) );
#10109 = PCURVE('',#8095,#10110);
#10110 = DEFINITIONAL_REPRESENTATION('',(#10111),#10115);
#10111 = LINE('',#10112,#10113);
#10112 = CARTESIAN_POINT('',(-0.212132034356,15.499999534601));
#10113 = VECTOR('',#10114,1.);
#10114 = DIRECTION('',(1.,9.279621610014E-08));
#10115 = ( GEOMETRIC_REPRESENTATION_CONTEXT(2) 
PARAMETRIC_REPRESENTATION_CONTEXT() REPRESENTATION_CONTEXT('2D SPACE',''
  ) );
#10116 = ADVANCED_FACE('',(#10117),#8095,.T.);
#10117 = FACE_BOUND('',#10118,.F.);
#10118 = EDGE_LOOP('',(#10119,#10120,#10121,#10149));
#10119 = ORIENTED_EDGE('',*,*,#8079,.T.);
#10120 = ORIENTED_EDGE('',*,*,#10097,.T.);
#10121 = ORIENTED_EDGE('',*,*,#10122,.F.);
#10122 = EDGE_CURVE('',#10123,#10013,#10125,.T.);
#10123 = VERTEX_POINT('',#10124);
#10124 = CARTESIAN_POINT('',(-1.152634709429,-1.343954738088,
    -79.97359276683));
#10125 = SURFACE_CURVE('',#10126,(#10130,#10137),.PCURVE_S1.);
#10126 = LINE('',#10127,#10128);
#10127 = CARTESIAN_POINT('',(-1.152634709429,-1.343954738088,
    -79.97359276683));
#10128 = VECTOR('',#10129,1.);
#10129 = DIRECTION('',(-0.978147600734,0.,0.207911690818));
#10130 = PCURVE('',#8095,#10131);
#10131 = DEFINITIONAL_REPRESENTATION('',(#10132),#10136);
#10132 = LINE('',#10133,#10134);
#10133 = CARTESIAN_POINT('',(0.212132034357,-15.49999801736));
#10134 = VECTOR('',#10135,1.);
#10135 = DIRECTION('',(9.5895513752E-15,1.));
#10136 = ( GEOMETRIC_REPRESENTATION_CONTEXT(2) 
PARAMETRIC_REPRESENTATION_CONTEXT() REPRESENTATION_CONTEXT('2D SPACE',''
  ) );
#10137 = PCURVE('',#10138,#10143);
#10138 = PLANE('',#10139);
#10139 = AXIS2_PLACEMENT_3D('',#10140,#10141,#10142);
#10140 = CARTESIAN_POINT('',(1.770978986208,-1.048512412184,
    -80.648284316));
#10141 = DIRECTION('',(-0.204753045059,-0.173648177667,-0.963287340793)
  );
#10142 = DIRECTION('',(-0.978147600734,-6.60582699652E-15,0.207911690818
    ));
#10143 = DEFINITIONAL_REPRESENTATION('',(#10144),#10148);
#10144 = LINE('',#10145,#10146);
#10145 = CARTESIAN_POINT('',(3.000001982628,-0.3));
#10146 = VECTOR('',#10147,1.);
#10147 = DIRECTION('',(1.,0.));
#10148 = ( GEOMETRIC_REPRESENTATION_CONTEXT(2) 
PARAMETRIC_REPRESENTATION_CONTEXT() REPRESENTATION_CONTEXT('2D SPACE',''
  ) );
#10149 = ORIENTED_EDGE('',*,*,#10150,.F.);
#10150 = EDGE_CURVE('',#8080,#10123,#10151,.T.);
#10151 = SURFACE_CURVE('',#10152,(#10156,#10163),.PCURVE_S1.);
#10152 = LINE('',#10153,#10154);
#10153 = CARTESIAN_POINT('',(-1.102040558218,-0.996417958884,
    -79.73556247681));
#10154 = VECTOR('',#10155,1.);
#10155 = DIRECTION('',(-0.119251558032,-0.819152044288,-0.56104277399));
#10156 = PCURVE('',#8095,#10157);
#10157 = DEFINITIONAL_REPRESENTATION('',(#10158),#10162);
#10158 = LINE('',#10159,#10160);
#10159 = CARTESIAN_POINT('',(-0.212132034358,-15.49999728492));
#10160 = VECTOR('',#10161,1.);
#10161 = DIRECTION('',(0.999999999999,-1.726388785844E-06));
#10162 = ( GEOMETRIC_REPRESENTATION_CONTEXT(2) 
PARAMETRIC_REPRESENTATION_CONTEXT() REPRESENTATION_CONTEXT('2D SPACE',''
  ) );
#10163 = PCURVE('',#8139,#10164);
#10164 = DEFINITIONAL_REPRESENTATION('',(#10165),#10168);
#10165 = B_SPLINE_CURVE_WITH_KNOTS('',1,(#10166,#10167),.UNSPECIFIED.,
  .F.,.F.,(2,2),(0.,0.424264068716),.PIECEWISE_BEZIER_KNOTS.);
#10166 = CARTESIAN_POINT('',(1.000000508937,-3.300254647361E-12));
#10167 = CARTESIAN_POINT('',(1.000000358402,1.));
#10168 = ( GEOMETRIC_REPRESENTATION_CONTEXT(2) 
PARAMETRIC_REPRESENTATION_CONTEXT() REPRESENTATION_CONTEXT('2D SPACE',''
  ) );
#10169 = ADVANCED_FACE('',(#10170),#8139,.F.);
#10170 = FACE_BOUND('',#10171,.F.);
#10171 = EDGE_LOOP('',(#10172,#10173,#10174,#10259));
#10172 = ORIENTED_EDGE('',*,*,#8107,.T.);
#10173 = ORIENTED_EDGE('',*,*,#10150,.T.);
#10174 = ORIENTED_EDGE('',*,*,#10175,.F.);
#10175 = EDGE_CURVE('',#10176,#10123,#10178,.T.);
#10176 = VERTEX_POINT('',#10177);
#10177 = CARTESIAN_POINT('',(2.396069254485,-0.823010131107,
    -77.70746581872));
#10178 = SURFACE_CURVE('',#10179,(#10191,#10242),.PCURVE_S1.);
#10179 = B_SPLINE_CURVE_WITH_KNOTS('',3,(#10180,#10181,#10182,#10183,
    #10184,#10185,#10186,#10187,#10188,#10189,#10190),.UNSPECIFIED.,.F.,
  .F.,(4,1,1,1,1,1,1,1,4),(0.,0.125,0.25,0.375,0.5,0.625,0.75,0.875,1.),
  .QUASI_UNIFORM_KNOTS.);
#10180 = CARTESIAN_POINT('',(2.396069254485,-0.823010131107,
    -77.70746581872));
#10181 = CARTESIAN_POINT('',(2.351842596752,-0.860518137484,
    -77.91553588433));
#10182 = CARTESIAN_POINT('',(2.261952622568,-0.9356239847,
    -78.33189150289));
#10183 = CARTESIAN_POINT('',(2.04520670977,-1.044678047402,
    -78.91811418904));
#10184 = CARTESIAN_POINT('',(1.712835411916,-1.144172931722,
    -79.42433600025));
#10185 = CARTESIAN_POINT('',(1.26399214979,-1.227690499347,
    -79.81316474252));
#10186 = CARTESIAN_POINT('',(0.720202720883,-1.289890043874,
    -80.05821054775));
#10187 = CARTESIAN_POINT('',(0.114738257192,-1.328068116819,
    -80.1508708687));
#10188 = CARTESIAN_POINT('',(-0.518008245129,-1.343718496301,
    -80.10711706048));
#10189 = CARTESIAN_POINT('',(-0.941354827671,-1.343954738088,
    -80.01850169204));
#10190 = CARTESIAN_POINT('',(-1.152634709429,-1.343954738088,
    -79.97359276683));
#10191 = PCURVE('',#8139,#10192);
#10192 = DEFINITIONAL_REPRESENTATION('',(#10193),#10241);
#10193 = B_SPLINE_CURVE_WITH_KNOTS('',3,(#10194,#10195,#10196,#10197,
    #10198,#10199,#10200,#10201,#10202,#10203,#10204,#10205,#10206,
    #10207,#10208,#10209,#10210,#10211,#10212,#10213,#10214,#10215,
    #10216,#10217,#10218,#10219,#10220,#10221,#10222,#10223,#10224,
    #10225,#10226,#10227,#10228,#10229,#10230,#10231,#10232,#10233,
    #10234,#10235,#10236,#10237,#10238,#10239,#10240),.UNSPECIFIED.,.F.,
  .F.,(4,1,1,1,1,1,1,1,1,1,1,1,1,1,1,1,1,1,1,1,1,1,1,1,1,1,1,1,1,1,1,1,1
    ,1,1,1,1,1,1,1,1,1,1,1,4),(0.,2.272727272727E-02,4.545454545455E-02,
    6.818181818182E-02,9.090909090909E-02,0.113636363636,0.136363636364,
    0.159090909091,0.181818181818,0.204545454545,0.227272727273,0.25,
    0.272727272727,0.295454545455,0.318181818182,0.340909090909,
    0.363636363636,0.386363636364,0.409090909091,0.431818181818,
    0.454545454545,0.477272727273,0.5,0.522727272727,0.545454545455,
    0.568181818182,0.590909090909,0.613636363636,0.636363636364,
    0.659090909091,0.681818181818,0.704545454545,0.727272727273,0.75,
    0.772727272727,0.795454545455,0.818181818182,0.840909090909,
    0.863636363636,0.886363636364,0.909090909091,0.931818181818,
    0.954545454545,0.977272727273,1.),.QUASI_UNIFORM_KNOTS.);
#10194 = CARTESIAN_POINT('',(-7.648703345915E-08,1.));
#10195 = CARTESIAN_POINT('',(7.050383676521E-03,0.999999776909));
#10196 = CARTESIAN_POINT('',(2.109547011869E-02,1.000052040631));
#10197 = CARTESIAN_POINT('',(4.206206467494E-02,1.000198482886));
#10198 = CARTESIAN_POINT('',(6.299445474385E-02,1.000319431472));
#10199 = CARTESIAN_POINT('',(8.395819669363E-02,1.000333446581));
#10200 = CARTESIAN_POINT('',(0.105020638496,1.000212044706));
#10201 = CARTESIAN_POINT('',(0.126257328226,0.999950942411));
#10202 = CARTESIAN_POINT('',(0.147737734659,0.9998696228));
#10203 = CARTESIAN_POINT('',(0.169455236034,0.999905053364));
#10204 = CARTESIAN_POINT('',(0.191410306544,0.999976565888));
#10205 = CARTESIAN_POINT('',(0.213604509806,1.000030420863));
#10206 = CARTESIAN_POINT('',(0.2360424563,1.000019099291));
#10207 = CARTESIAN_POINT('',(0.258730813011,0.999961393587));
#10208 = CARTESIAN_POINT('',(0.281665706868,1.000035389978));
#10209 = CARTESIAN_POINT('',(0.304851256334,1.000131661176));
#10210 = CARTESIAN_POINT('',(0.328295096797,1.000193792152));
#10211 = CARTESIAN_POINT('',(0.352009278728,1.000168745881));
#10212 = CARTESIAN_POINT('',(0.376012538693,0.999991261617));
#10213 = CARTESIAN_POINT('',(0.400321713161,0.999769097685));
#10214 = CARTESIAN_POINT('',(0.42488113485,0.999670296974));
#10215 = CARTESIAN_POINT('',(0.449630645599,0.999734617212));
#10216 = CARTESIAN_POINT('',(0.474506087088,0.99991160417));
#10217 = CARTESIAN_POINT('',(0.499443813235,1.000049074734));
#10218 = CARTESIAN_POINT('',(0.524386122024,0.999893451838));
#10219 = CARTESIAN_POINT('',(0.549271770846,0.999700542771));
#10220 = CARTESIAN_POINT('',(0.57403332592,0.999632589967));
#10221 = CARTESIAN_POINT('',(0.598602743284,0.9997408822));
#10222 = CARTESIAN_POINT('',(0.622916917851,0.999981753769));
#10223 = CARTESIAN_POINT('',(0.646915773542,1.0001790558));
#10224 = CARTESIAN_POINT('',(0.670618241364,1.000216372561));
#10225 = CARTESIAN_POINT('',(0.694047847007,1.000155079814));
#10226 = CARTESIAN_POINT('',(0.71722002452,1.000050321267));
#10227 = CARTESIAN_POINT('',(0.740145598218,0.999963820625));
#10228 = CARTESIAN_POINT('',(0.762830885815,1.000018366537));
#10229 = CARTESIAN_POINT('',(0.78527617578,1.000049300776));
#10230 = CARTESIAN_POINT('',(0.807493017155,1.000013354727));
#10231 = CARTESIAN_POINT('',(0.82949041651,0.999948394915));
#10232 = CARTESIAN_POINT('',(0.851273979012,0.999902437354));
#10233 = CARTESIAN_POINT('',(0.872848075175,0.999950528438));
#10234 = CARTESIAN_POINT('',(0.894208630554,1.000169938943));
#10235 = CARTESIAN_POINT('',(0.91541445481,1.000275969786));
#10236 = CARTESIAN_POINT('',(0.936533826888,1.000267264392));
#10237 = CARTESIAN_POINT('',(0.957627269911,1.000166714192));
#10238 = CARTESIAN_POINT('',(0.978754111239,1.000043705231));
#10239 = CARTESIAN_POINT('',(0.992901183012,0.999999720131));
#10240 = CARTESIAN_POINT('',(1.000000358402,1.));
#10241 = ( GEOMETRIC_REPRESENTATION_CONTEXT(2) 
PARAMETRIC_REPRESENTATION_CONTEXT() REPRESENTATION_CONTEXT('2D SPACE',''
  ) );
#10242 = PCURVE('',#10243,#10254);
#10243 = SURFACE_OF_LINEAR_EXTRUSION('',#10244,#10252);
#10244 = B_SPLINE_CURVE_WITH_KNOTS('',3,(#10245,#10246,#10247,#10248,
    #10249,#10250,#10251),.UNSPECIFIED.,.F.,.F.,(4,1,1,1,4),(0.,0.25,0.5
    ,0.75,1.),.QUASI_UNIFORM_KNOTS.);
#10245 = CARTESIAN_POINT('',(-2.094638686396,20.76150665998,
    -83.75840405227));
#10246 = CARTESIAN_POINT('',(-1.649969542089,20.76180092435,
    -83.8512152572));
#10247 = CARTESIAN_POINT('',(-0.749448732511,20.76092199272,
    -84.04772289365));
#10248 = CARTESIAN_POINT('',(0.51028317559,20.86507169757,
    -83.71162910128));
#10249 = CARTESIAN_POINT('',(1.334940685811,21.06690747454,
    -82.71667533927));
#10250 = CARTESIAN_POINT('',(1.518710302992,21.22695874016,
    -81.82776247944));
#10251 = CARTESIAN_POINT('',(1.61337665517,21.30583818022,
    -81.39054288936));
#10252 = VECTOR('',#10253,1.);
#10253 = DIRECTION('',(3.610348622615E-02,-0.984807753012,0.169853548357
    ));
#10254 = DEFINITIONAL_REPRESENTATION('',(#10255),#10258);
#10255 = B_SPLINE_CURVE_WITH_KNOTS('',1,(#10256,#10257),.UNSPECIFIED.,
  .F.,.F.,(2,2),(0.,1.),.PIECEWISE_BEZIER_KNOTS.);
#10256 = CARTESIAN_POINT('',(0.975350926831,22.446503023025));
#10257 = CARTESIAN_POINT('',(2.464878816587E-02,22.446503023027));
#10258 = ( GEOMETRIC_REPRESENTATION_CONTEXT(2) 
PARAMETRIC_REPRESENTATION_CONTEXT() REPRESENTATION_CONTEXT('2D SPACE',''
  ) );
#10259 = ORIENTED_EDGE('',*,*,#10260,.F.);
#10260 = EDGE_CURVE('',#8108,#10176,#10261,.T.);
#10261 = SURFACE_CURVE('',#10262,(#10266,#10272),.PCURVE_S1.);
#10262 = LINE('',#10263,#10264);
#10263 = CARTESIAN_POINT('',(2.091793936458,-0.527567798367,
    -77.69604833806));
#10264 = VECTOR('',#10265,1.);
#10265 = DIRECTION('',(0.717183802415,-0.696364256434,
    -2.691126000288E-02));
#10266 = PCURVE('',#8139,#10267);
#10267 = DEFINITIONAL_REPRESENTATION('',(#10268),#10271);
#10268 = B_SPLINE_CURVE_WITH_KNOTS('',1,(#10269,#10270),.UNSPECIFIED.,
  .F.,.F.,(2,2),(0.,0.424264068712),.PIECEWISE_BEZIER_KNOTS.);
#10269 = CARTESIAN_POINT('',(-8.666025735338E-08,4.231918917304E-13));
#10270 = CARTESIAN_POINT('',(-7.648651240779E-08,1.));
#10271 = ( GEOMETRIC_REPRESENTATION_CONTEXT(2) 
PARAMETRIC_REPRESENTATION_CONTEXT() REPRESENTATION_CONTEXT('2D SPACE',''
  ) );
#10272 = PCURVE('',#8214,#10273);
#10273 = DEFINITIONAL_REPRESENTATION('',(#10274),#10278);
#10274 = LINE('',#10275,#10276);
#10275 = CARTESIAN_POINT('',(-0.212132034356,15.499999534602));
#10276 = VECTOR('',#10277,1.);
#10277 = DIRECTION('',(1.,9.279610933832E-08));
#10278 = ( GEOMETRIC_REPRESENTATION_CONTEXT(2) 
PARAMETRIC_REPRESENTATION_CONTEXT() REPRESENTATION_CONTEXT('2D SPACE',''
  ) );
#10279 = ADVANCED_FACE('',(#10280),#8214,.T.);
#10280 = FACE_BOUND('',#10281,.F.);
#10281 = EDGE_LOOP('',(#10282,#10283,#10284,#10312));
#10282 = ORIENTED_EDGE('',*,*,#8198,.T.);
#10283 = ORIENTED_EDGE('',*,*,#10260,.T.);
#10284 = ORIENTED_EDGE('',*,*,#10285,.F.);
#10285 = EDGE_CURVE('',#10286,#10176,#10288,.T.);
#10286 = VERTEX_POINT('',#10287);
#10287 = CARTESIAN_POINT('',(8.743413158139,4.560082958308,
    -47.84556057437));
#10288 = SURFACE_CURVE('',#10289,(#10293,#10300),.PCURVE_S1.);
#10289 = LINE('',#10290,#10291);
#10290 = CARTESIAN_POINT('',(8.743413158139,4.560082958308,
    -47.84556057437));
#10291 = VECTOR('',#10292,1.);
#10292 = DIRECTION('',(-0.204753045059,-0.173648177667,-0.963287340793)
  );
#10293 = PCURVE('',#8214,#10294);
#10294 = DEFINITIONAL_REPRESENTATION('',(#10295),#10299);
#10295 = LINE('',#10296,#10297);
#10296 = CARTESIAN_POINT('',(0.212132034356,-15.49999801737));
#10297 = VECTOR('',#10298,1.);
#10298 = DIRECTION('',(-2.256528297551E-14,1.));
#10299 = ( GEOMETRIC_REPRESENTATION_CONTEXT(2) 
PARAMETRIC_REPRESENTATION_CONTEXT() REPRESENTATION_CONTEXT('2D SPACE',''
  ) );
#10300 = PCURVE('',#10301,#10306);
#10301 = PLANE('',#10302);
#10302 = AXIS2_PLACEMENT_3D('',#10303,#10304,#10305);
#10303 = CARTESIAN_POINT('',(9.346841653398,5.376470161492,
    -45.00665270666));
#10304 = DIRECTION('',(0.978147600734,0.,-0.207911690818));
#10305 = DIRECTION('',(-0.204753045059,-0.173648177667,-0.963287340793)
  );
#10306 = DEFINITIONAL_REPRESENTATION('',(#10307),#10311);
#10307 = LINE('',#10308,#10309);
#10308 = CARTESIAN_POINT('',(3.000001982626,-0.3));
#10309 = VECTOR('',#10310,1.);
#10310 = DIRECTION('',(1.,2.775557561563E-17));
#10311 = ( GEOMETRIC_REPRESENTATION_CONTEXT(2) 
PARAMETRIC_REPRESENTATION_CONTEXT() REPRESENTATION_CONTEXT('2D SPACE',''
  ) );
#10312 = ORIENTED_EDGE('',*,*,#10313,.F.);
#10313 = EDGE_CURVE('',#8199,#10286,#10314,.T.);
#10314 = SURFACE_CURVE('',#10315,(#10319,#10326),.PCURVE_S1.);
#10315 = LINE('',#10316,#10317);
#10316 = CARTESIAN_POINT('',(8.439137682081,4.855525157024,
    -47.83414383719));
#10317 = VECTOR('',#10318,1.);
#10318 = DIRECTION('',(0.717184174898,-0.696363940535,
    -2.690950760547E-02));
#10319 = PCURVE('',#8214,#10320);
#10320 = DEFINITIONAL_REPRESENTATION('',(#10321),#10325);
#10321 = LINE('',#10322,#10323);
#10322 = CARTESIAN_POINT('',(-0.212132034356,-15.49999728492));
#10323 = VECTOR('',#10324,1.);
#10324 = DIRECTION('',(0.999999999999,-1.726388398737E-06));
#10325 = ( GEOMETRIC_REPRESENTATION_CONTEXT(2) 
PARAMETRIC_REPRESENTATION_CONTEXT() REPRESENTATION_CONTEXT('2D SPACE',''
  ) );
#10326 = PCURVE('',#8258,#10327);
#10327 = DEFINITIONAL_REPRESENTATION('',(#10328),#10331);
#10328 = B_SPLINE_CURVE_WITH_KNOTS('',1,(#10329,#10330),.UNSPECIFIED.,
  .F.,.F.,(2,2),(0.,0.424264068712),.PIECEWISE_BEZIER_KNOTS.);
#10329 = CARTESIAN_POINT('',(1.000000508937,-7.941265997572E-13));
#10330 = CARTESIAN_POINT('',(1.000000358402,0.999999999999));
#10331 = ( GEOMETRIC_REPRESENTATION_CONTEXT(2) 
PARAMETRIC_REPRESENTATION_CONTEXT() REPRESENTATION_CONTEXT('2D SPACE',''
  ) );
#10332 = ADVANCED_FACE('',(#10333),#8258,.F.);
#10333 = FACE_BOUND('',#10334,.F.);
#10334 = EDGE_LOOP('',(#10335,#10336,#10337,#10409));
#10335 = ORIENTED_EDGE('',*,*,#8226,.T.);
#10336 = ORIENTED_EDGE('',*,*,#10313,.T.);
#10337 = ORIENTED_EDGE('',*,*,#10338,.F.);
#10338 = EDGE_CURVE('',#8897,#10286,#10339,.T.);
#10339 = SURFACE_CURVE('',#10340,(#10352,#10403),.PCURVE_S1.);
#10340 = B_SPLINE_CURVE_WITH_KNOTS('',3,(#10341,#10342,#10343,#10344,
    #10345,#10346,#10347,#10348,#10349,#10350,#10351),.UNSPECIFIED.,.F.,
  .F.,(4,1,1,1,1,1,1,1,4),(0.,0.125,0.25,0.375,0.5,0.625,0.75,0.875,1.),
  .QUASI_UNIFORM_KNOTS.);
#10341 = CARTESIAN_POINT('',(6.423229480343,5.081027835589,
    -44.33196148112));
#10342 = CARTESIAN_POINT('',(6.634509362101,5.081027835589,
    -44.37687040634));
#10343 = CARTESIAN_POINT('',(7.05729659792,5.080791593852,
    -44.46810633275));
#10344 = CARTESIAN_POINT('',(7.653136463741,5.065141214146,
    -44.68549661996));
#10345 = CARTESIAN_POINT('',(8.168567187311,5.026963142022,
    -45.01641056315));
#10346 = CARTESIAN_POINT('',(8.565674502506,4.964763594435,
    -45.46145016293));
#10347 = CARTESIAN_POINT('',(8.817562324679,4.88124603823,
    -45.99922382893));
#10348 = CARTESIAN_POINT('',(8.915299608311,4.781751111289,
    -46.59686828847));
#10349 = CARTESIAN_POINT('',(8.874868791243,4.672697207647,
    -47.22056698291));
#10350 = CARTESIAN_POINT('',(8.787639815872,4.597590964684,
    -47.63749050876));
#10351 = CARTESIAN_POINT('',(8.743413158139,4.560082958308,
    -47.84556057437));
#10352 = PCURVE('',#8258,#10353);
#10353 = DEFINITIONAL_REPRESENTATION('',(#10354),#10402);
#10354 = B_SPLINE_CURVE_WITH_KNOTS('',3,(#10355,#10356,#10357,#10358,
    #10359,#10360,#10361,#10362,#10363,#10364,#10365,#10366,#10367,
    #10368,#10369,#10370,#10371,#10372,#10373,#10374,#10375,#10376,
    #10377,#10378,#10379,#10380,#10381,#10382,#10383,#10384,#10385,
    #10386,#10387,#10388,#10389,#10390,#10391,#10392,#10393,#10394,
    #10395,#10396,#10397,#10398,#10399,#10400,#10401),.UNSPECIFIED.,.F.,
  .F.,(4,1,1,1,1,1,1,1,1,1,1,1,1,1,1,1,1,1,1,1,1,1,1,1,1,1,1,1,1,1,1,1,1
    ,1,1,1,1,1,1,1,1,1,1,1,4),(0.,2.272727272727E-02,4.545454545455E-02,
    6.818181818182E-02,9.090909090909E-02,0.113636363636,0.136363636364,
    0.159090909091,0.181818181818,0.204545454545,0.227272727273,0.25,
    0.272727272727,0.295454545455,0.318181818182,0.340909090909,
    0.363636363636,0.386363636364,0.409090909091,0.431818181818,
    0.454545454545,0.477272727273,0.5,0.522727272727,0.545454545455,
    0.568181818182,0.590909090909,0.613636363636,0.636363636364,
    0.659090909091,0.681818181818,0.704545454545,0.727272727273,0.75,
    0.772727272727,0.795454545455,0.818181818182,0.840909090909,
    0.863636363636,0.886363636364,0.909090909091,0.931818181818,
    0.954545454545,0.977272727273,1.),.QUASI_UNIFORM_KNOTS.);
#10355 = CARTESIAN_POINT('',(-7.648644668992E-08,1.000000000012));
#10356 = CARTESIAN_POINT('',(7.050383677115E-03,0.999999776917));
#10357 = CARTESIAN_POINT('',(2.10954701193E-02,1.000052040634));
#10358 = CARTESIAN_POINT('',(4.206206467556E-02,1.000198482886));
#10359 = CARTESIAN_POINT('',(6.299445474446E-02,1.00031943147));
#10360 = CARTESIAN_POINT('',(8.39581966942E-02,1.00033344658));
#10361 = CARTESIAN_POINT('',(0.105020638496,1.000212044706));
#10362 = CARTESIAN_POINT('',(0.126257328226,0.999950942412));
#10363 = CARTESIAN_POINT('',(0.147737734659,0.999869622802));
#10364 = CARTESIAN_POINT('',(0.169455236034,0.999905053365));
#10365 = CARTESIAN_POINT('',(0.191410306544,0.999976565889));
#10366 = CARTESIAN_POINT('',(0.213604509806,1.000030420864));
#10367 = CARTESIAN_POINT('',(0.236042456299,1.000019099291));
#10368 = CARTESIAN_POINT('',(0.258730813011,0.999961393586));
#10369 = CARTESIAN_POINT('',(0.281665706868,1.000035389977));
#10370 = CARTESIAN_POINT('',(0.304851256333,1.000131661175));
#10371 = CARTESIAN_POINT('',(0.328295096797,1.000193792151));
#10372 = CARTESIAN_POINT('',(0.352009278728,1.000168745881));
#10373 = CARTESIAN_POINT('',(0.376012538693,0.999991261619));
#10374 = CARTESIAN_POINT('',(0.400321713161,0.999769097688));
#10375 = CARTESIAN_POINT('',(0.42488113485,0.999670296977));
#10376 = CARTESIAN_POINT('',(0.449630645599,0.999734617216));
#10377 = CARTESIAN_POINT('',(0.474506087087,0.999911604175));
#10378 = CARTESIAN_POINT('',(0.499443813235,1.000049074738));
#10379 = CARTESIAN_POINT('',(0.524386122024,0.999893451841));
#10380 = CARTESIAN_POINT('',(0.549271770846,0.999700542772));
#10381 = CARTESIAN_POINT('',(0.57403332592,0.999632589966));
#10382 = CARTESIAN_POINT('',(0.598602743284,0.999740882197));
#10383 = CARTESIAN_POINT('',(0.622916917851,0.999981753766));
#10384 = CARTESIAN_POINT('',(0.646915773542,1.000179055797));
#10385 = CARTESIAN_POINT('',(0.670618241364,1.000216372559));
#10386 = CARTESIAN_POINT('',(0.694047847007,1.000155079813));
#10387 = CARTESIAN_POINT('',(0.71722002452,1.000050321267));
#10388 = CARTESIAN_POINT('',(0.740145598217,0.999963820627));
#10389 = CARTESIAN_POINT('',(0.762830885815,1.00001836654));
#10390 = CARTESIAN_POINT('',(0.78527617578,1.00004930078));
#10391 = CARTESIAN_POINT('',(0.807493017154,1.000013354733));
#10392 = CARTESIAN_POINT('',(0.829490416509,0.999948394921));
#10393 = CARTESIAN_POINT('',(0.851273979011,0.99990243736));
#10394 = CARTESIAN_POINT('',(0.872848075174,0.999950528446));
#10395 = CARTESIAN_POINT('',(0.894208630553,1.00016993895));
#10396 = CARTESIAN_POINT('',(0.915414454809,1.000275969794));
#10397 = CARTESIAN_POINT('',(0.936533826886,1.0002672644));
#10398 = CARTESIAN_POINT('',(0.95762726991,1.000166714198));
#10399 = CARTESIAN_POINT('',(0.978754111238,1.000043705234));
#10400 = CARTESIAN_POINT('',(0.992901183011,0.999999720131));
#10401 = CARTESIAN_POINT('',(1.000000358401,0.999999999999));
#10402 = ( GEOMETRIC_REPRESENTATION_CONTEXT(2) 
PARAMETRIC_REPRESENTATION_CONTEXT() REPRESENTATION_CONTEXT('2D SPACE',''
  ) );
#10403 = PCURVE('',#8914,#10404);
#10404 = DEFINITIONAL_REPRESENTATION('',(#10405),#10408);
#10405 = B_SPLINE_CURVE_WITH_KNOTS('',1,(#10406,#10407),.UNSPECIFIED.,
  .F.,.F.,(2,2),(0.,1.),.PIECEWISE_BEZIER_KNOTS.);
#10406 = CARTESIAN_POINT('',(0.975350926831,16.980366621061));
#10407 = CARTESIAN_POINT('',(2.464878816703E-02,16.980366621064));
#10408 = ( GEOMETRIC_REPRESENTATION_CONTEXT(2) 
PARAMETRIC_REPRESENTATION_CONTEXT() REPRESENTATION_CONTEXT('2D SPACE',''
  ) );
#10409 = ORIENTED_EDGE('',*,*,#10410,.F.);
#10410 = EDGE_CURVE('',#8227,#8897,#10411,.T.);
#10411 = SURFACE_CURVE('',#10412,(#10416,#10422),.PCURVE_S1.);
#10412 = LINE('',#10413,#10414);
#10413 = CARTESIAN_POINT('',(6.350972482447,5.324375708192,
    -44.67190373968));
#10414 = VECTOR('',#10415,1.);
#10415 = DIRECTION('',(0.170311377333,-0.573576436351,0.801251587464));
#10416 = PCURVE('',#8258,#10417);
#10417 = DEFINITIONAL_REPRESENTATION('',(#10418),#10421);
#10418 = B_SPLINE_CURVE_WITH_KNOTS('',1,(#10419,#10420),.UNSPECIFIED.,
  .F.,.F.,(2,2),(0.,0.424264068712),.PIECEWISE_BEZIER_KNOTS.);
#10419 = CARTESIAN_POINT('',(-8.666032054781E-08,1.149291019185E-11));
#10420 = CARTESIAN_POINT('',(-7.648652831447E-08,1.000000000012));
#10421 = ( GEOMETRIC_REPRESENTATION_CONTEXT(2) 
PARAMETRIC_REPRESENTATION_CONTEXT() REPRESENTATION_CONTEXT('2D SPACE',''
  ) );
#10422 = PCURVE('',#8333,#10423);
#10423 = DEFINITIONAL_REPRESENTATION('',(#10424),#10428);
#10424 = LINE('',#10425,#10426);
#10425 = CARTESIAN_POINT('',(-0.212132034357,0.499999534598));
#10426 = VECTOR('',#10427,1.);
#10427 = DIRECTION('',(1.,9.279623691683E-08));
#10428 = ( GEOMETRIC_REPRESENTATION_CONTEXT(2) 
PARAMETRIC_REPRESENTATION_CONTEXT() REPRESENTATION_CONTEXT('2D SPACE',''
  ) );
#10429 = ADVANCED_FACE('',(#10430),#8333,.T.);
#10430 = FACE_BOUND('',#10431,.F.);
#10431 = EDGE_LOOP('',(#10432,#10433,#10434,#10435));
#10432 = ORIENTED_EDGE('',*,*,#8317,.T.);
#10433 = ORIENTED_EDGE('',*,*,#10410,.T.);
#10434 = ORIENTED_EDGE('',*,*,#8959,.F.);
#10435 = ORIENTED_EDGE('',*,*,#9064,.F.);
#10436 = ADVANCED_FACE('',(#10437),#8396,.F.);
#10437 = FACE_BOUND('',#10438,.F.);
#10438 = EDGE_LOOP('',(#10439,#10440,#10461,#10462));
#10439 = ORIENTED_EDGE('',*,*,#8375,.T.);
#10440 = ORIENTED_EDGE('',*,*,#10441,.T.);
#10441 = EDGE_CURVE('',#8376,#9806,#10442,.T.);
#10442 = SEAM_CURVE('',#10443,(#10447,#10454),.PCURVE_S1.);
#10443 = LINE('',#10444,#10445);
#10444 = CARTESIAN_POINT('',(-2.755344286434,2.444420061216,
    -59.43422629165));
#10445 = VECTOR('',#10446,1.);
#10446 = DIRECTION('',(3.610348622615E-02,-0.984807753012,0.169853548357
    ));
#10447 = PCURVE('',#8396,#10448);
#10448 = DEFINITIONAL_REPRESENTATION('',(#10449),#10453);
#10449 = LINE('',#10450,#10451);
#10450 = CARTESIAN_POINT('',(6.28318530718,28.648491022466));
#10451 = VECTOR('',#10452,1.);
#10452 = DIRECTION('',(0.,1.));
#10453 = ( GEOMETRIC_REPRESENTATION_CONTEXT(2) 
PARAMETRIC_REPRESENTATION_CONTEXT() REPRESENTATION_CONTEXT('2D SPACE',''
  ) );
#10454 = PCURVE('',#8396,#10455);
#10455 = DEFINITIONAL_REPRESENTATION('',(#10456),#10460);
#10456 = LINE('',#10457,#10458);
#10457 = CARTESIAN_POINT('',(0.,28.648491022466));
#10458 = VECTOR('',#10459,1.);
#10459 = DIRECTION('',(0.,1.));
#10460 = ( GEOMETRIC_REPRESENTATION_CONTEXT(2) 
PARAMETRIC_REPRESENTATION_CONTEXT() REPRESENTATION_CONTEXT('2D SPACE',''
  ) );
#10461 = ORIENTED_EDGE('',*,*,#9805,.F.);
#10462 = ORIENTED_EDGE('',*,*,#10441,.F.);
#10463 = ADVANCED_FACE('',(#10464),#8431,.F.);
#10464 = FACE_BOUND('',#10465,.F.);
#10465 = EDGE_LOOP('',(#10466,#10467,#10488,#10489));
#10466 = ORIENTED_EDGE('',*,*,#8410,.T.);
#10467 = ORIENTED_EDGE('',*,*,#10468,.T.);
#10468 = EDGE_CURVE('',#8411,#9780,#10469,.T.);
#10469 = SEAM_CURVE('',#10470,(#10474,#10481),.PCURVE_S1.);
#10470 = LINE('',#10471,#10472);
#10471 = CARTESIAN_POINT('',(-22.31829630111,2.444420061216,
    -55.27599247529));
#10472 = VECTOR('',#10473,1.);
#10473 = DIRECTION('',(3.610348622615E-02,-0.984807753012,0.169853548357
    ));
#10474 = PCURVE('',#8431,#10475);
#10475 = DEFINITIONAL_REPRESENTATION('',(#10476),#10480);
#10476 = LINE('',#10477,#10478);
#10477 = CARTESIAN_POINT('',(6.28318530718,28.648491022468));
#10478 = VECTOR('',#10479,1.);
#10479 = DIRECTION('',(0.,1.));
#10480 = ( GEOMETRIC_REPRESENTATION_CONTEXT(2) 
PARAMETRIC_REPRESENTATION_CONTEXT() REPRESENTATION_CONTEXT('2D SPACE',''
  ) );
#10481 = PCURVE('',#8431,#10482);
#10482 = DEFINITIONAL_REPRESENTATION('',(#10483),#10487);
#10483 = LINE('',#10484,#10485);
#10484 = CARTESIAN_POINT('',(0.,28.648491022468));
#10485 = VECTOR('',#10486,1.);
#10486 = DIRECTION('',(0.,1.));
#10487 = ( GEOMETRIC_REPRESENTATION_CONTEXT(2) 
PARAMETRIC_REPRESENTATION_CONTEXT() REPRESENTATION_CONTEXT('2D SPACE',''
  ) );
#10488 = ORIENTED_EDGE('',*,*,#9779,.F.);
#10489 = ORIENTED_EDGE('',*,*,#10468,.F.);
#10490 = ADVANCED_FACE('',(#10491),#8463,.F.);
#10491 = FACE_BOUND('',#10492,.F.);
#10492 = EDGE_LOOP('',(#10493,#10494,#10517,#10545));
#10493 = ORIENTED_EDGE('',*,*,#8445,.F.);
#10494 = ORIENTED_EDGE('',*,*,#10495,.T.);
#10495 = EDGE_CURVE('',#8446,#10496,#10498,.T.);
#10496 = VERTEX_POINT('',#10497);
#10497 = CARTESIAN_POINT('',(-10.50101901078,1.991605266601,
    -59.82450168085));
#10498 = SURFACE_CURVE('',#10499,(#10503,#10510),.PCURVE_S1.);
#10499 = LINE('',#10500,#10501);
#10500 = CARTESIAN_POINT('',(-10.5046293594,2.090086041902,
    -59.84148703569));
#10501 = VECTOR('',#10502,1.);
#10502 = DIRECTION('',(3.610348622615E-02,-0.984807753012,0.169853548357
    ));
#10503 = PCURVE('',#8463,#10504);
#10504 = DEFINITIONAL_REPRESENTATION('',(#10505),#10509);
#10505 = LINE('',#10506,#10507);
#10506 = CARTESIAN_POINT('',(0.,0.));
#10507 = VECTOR('',#10508,1.);
#10508 = DIRECTION('',(3.082256672116E-14,-1.));
#10509 = ( GEOMETRIC_REPRESENTATION_CONTEXT(2) 
PARAMETRIC_REPRESENTATION_CONTEXT() REPRESENTATION_CONTEXT('2D SPACE',''
  ) );
#10510 = PCURVE('',#8881,#10511);
#10511 = DEFINITIONAL_REPRESENTATION('',(#10512),#10516);
#10512 = LINE('',#10513,#10514);
#10513 = CARTESIAN_POINT('',(3.574468135828,1.094013768466E-12));
#10514 = VECTOR('',#10515,1.);
#10515 = DIRECTION('',(1.141309269315E-13,-1.));
#10516 = ( GEOMETRIC_REPRESENTATION_CONTEXT(2) 
PARAMETRIC_REPRESENTATION_CONTEXT() REPRESENTATION_CONTEXT('2D SPACE',''
  ) );
#10517 = ORIENTED_EDGE('',*,*,#10518,.T.);
#10518 = EDGE_CURVE('',#10496,#10519,#10521,.T.);
#10519 = VERTEX_POINT('',#10520);
#10520 = CARTESIAN_POINT('',(-13.27243713512,1.991605266601,
    -59.23541857339));
#10521 = SURFACE_CURVE('',#10522,(#10526,#10533),.PCURVE_S1.);
#10522 = LINE('',#10523,#10524);
#10523 = CARTESIAN_POINT('',(-10.50101901078,1.991605266601,
    -59.82450168085));
#10524 = VECTOR('',#10525,1.);
#10525 = DIRECTION('',(-0.978147600734,0.,0.207911690818));
#10526 = PCURVE('',#8463,#10527);
#10527 = DEFINITIONAL_REPRESENTATION('',(#10528),#10532);
#10528 = LINE('',#10529,#10530);
#10529 = CARTESIAN_POINT('',(3.458705110509E-12,-0.1));
#10530 = VECTOR('',#10531,1.);
#10531 = DIRECTION('',(1.,1.387778780781E-17));
#10532 = ( GEOMETRIC_REPRESENTATION_CONTEXT(2) 
PARAMETRIC_REPRESENTATION_CONTEXT() REPRESENTATION_CONTEXT('2D SPACE',''
  ) );
#10533 = PCURVE('',#10534,#10539);
#10534 = PLANE('',#10535);
#10535 = AXIS2_PLACEMENT_3D('',#10536,#10537,#10538);
#10536 = CARTESIAN_POINT('',(-0.451361293232,12.31194401007,
    -2.123487930393));
#10537 = DIRECTION('',(-3.610348622615E-02,0.984807753012,
    -0.169853548357));
#10538 = DIRECTION('',(-0.999348056626,-3.557818811028E-02,
    6.136305767444E-03));
#10539 = DEFINITIONAL_REPRESENTATION('',(#10540),#10544);
#10540 = LINE('',#10541,#10542);
#10541 = CARTESIAN_POINT('',(10.056213799501,-58.61556588372));
#10542 = VECTOR('',#10543,1.);
#10543 = DIRECTION('',(0.978785713594,0.204886619533));
#10544 = ( GEOMETRIC_REPRESENTATION_CONTEXT(2) 
PARAMETRIC_REPRESENTATION_CONTEXT() REPRESENTATION_CONTEXT('2D SPACE',''
  ) );
#10545 = ORIENTED_EDGE('',*,*,#10546,.F.);
#10546 = EDGE_CURVE('',#8448,#10519,#10547,.T.);
#10547 = SURFACE_CURVE('',#10548,(#10552,#10559),.PCURVE_S1.);
#10548 = LINE('',#10549,#10550);
#10549 = CARTESIAN_POINT('',(-13.27604748375,2.090086041902,
    -59.25240392823));
#10550 = VECTOR('',#10551,1.);
#10551 = DIRECTION('',(3.610348622621E-02,-0.984807753012,0.169853548357
    ));
#10552 = PCURVE('',#8463,#10553);
#10553 = DEFINITIONAL_REPRESENTATION('',(#10554),#10558);
#10554 = LINE('',#10555,#10556);
#10555 = CARTESIAN_POINT('',(2.833333253867,3.297501161015E-13));
#10556 = VECTOR('',#10557,1.);
#10557 = DIRECTION('',(-2.786659791809E-14,-1.));
#10558 = ( GEOMETRIC_REPRESENTATION_CONTEXT(2) 
PARAMETRIC_REPRESENTATION_CONTEXT() REPRESENTATION_CONTEXT('2D SPACE',''
  ) );
#10559 = PCURVE('',#8491,#10560);
#10560 = DEFINITIONAL_REPRESENTATION('',(#10561),#10565);
#10561 = LINE('',#10562,#10563);
#10562 = CARTESIAN_POINT('',(-0.,0.));
#10563 = VECTOR('',#10564,1.);
#10564 = DIRECTION('',(-8.201772594418E-14,-1.));
#10565 = ( GEOMETRIC_REPRESENTATION_CONTEXT(2) 
PARAMETRIC_REPRESENTATION_CONTEXT() REPRESENTATION_CONTEXT('2D SPACE',''
  ) );
#10566 = ADVANCED_FACE('',(#10567),#8491,.F.);
#10567 = FACE_BOUND('',#10568,.F.);
#10568 = EDGE_LOOP('',(#10569,#10570,#10571,#10594));
#10569 = ORIENTED_EDGE('',*,*,#8475,.F.);
#10570 = ORIENTED_EDGE('',*,*,#10546,.T.);
#10571 = ORIENTED_EDGE('',*,*,#10572,.T.);
#10572 = EDGE_CURVE('',#10519,#10573,#10575,.T.);
#10573 = VERTEX_POINT('',#10574);
#10574 = CARTESIAN_POINT('',(-15.30851709365,1.370905388685,
    -62.40144290747));
#10575 = SURFACE_CURVE('',#10576,(#10580,#10587),.PCURVE_S1.);
#10576 = LINE('',#10577,#10578);
#10577 = CARTESIAN_POINT('',(-13.27243713512,1.991605266601,
    -59.23541857339));
#10578 = VECTOR('',#10579,1.);
#10579 = DIRECTION('',(-0.533696914051,-0.162697740828,-0.829877731393)
  );
#10580 = PCURVE('',#8491,#10581);
#10581 = DEFINITIONAL_REPRESENTATION('',(#10582),#10586);
#10582 = LINE('',#10583,#10584);
#10583 = CARTESIAN_POINT('',(-7.566714615992E-12,-0.100000000001));
#10584 = VECTOR('',#10585,1.);
#10585 = DIRECTION('',(1.,0.));
#10586 = ( GEOMETRIC_REPRESENTATION_CONTEXT(2) 
PARAMETRIC_REPRESENTATION_CONTEXT() REPRESENTATION_CONTEXT('2D SPACE',''
  ) );
#10587 = PCURVE('',#10534,#10588);
#10588 = DEFINITIONAL_REPRESENTATION('',(#10589),#10593);
#10589 = LINE('',#10590,#10591);
#10590 = CARTESIAN_POINT('',(12.829439910229,-58.03505381132));
#10591 = VECTOR('',#10592,1.);
#10592 = DIRECTION('',(0.534045081204,-0.845456001955));
#10593 = ( GEOMETRIC_REPRESENTATION_CONTEXT(2) 
PARAMETRIC_REPRESENTATION_CONTEXT() REPRESENTATION_CONTEXT('2D SPACE',''
  ) );
#10594 = ORIENTED_EDGE('',*,*,#10595,.F.);
#10595 = EDGE_CURVE('',#8476,#10573,#10596,.T.);
#10596 = SURFACE_CURVE('',#10597,(#10601,#10608),.PCURVE_S1.);
#10597 = LINE('',#10598,#10599);
#10598 = CARTESIAN_POINT('',(-15.31212744227,1.469386163986,
    -62.41842826231));
#10599 = VECTOR('',#10600,1.);
#10600 = DIRECTION('',(3.610348622623E-02,-0.984807753012,0.169853548357
    ));
#10601 = PCURVE('',#8491,#10602);
#10602 = DEFINITIONAL_REPRESENTATION('',(#10603),#10607);
#10603 = LINE('',#10604,#10605);
#10604 = CARTESIAN_POINT('',(3.815049150394,-3.634870182623E-13));
#10605 = VECTOR('',#10606,1.);
#10606 = DIRECTION('',(-9.27036225562E-14,-1.));
#10607 = ( GEOMETRIC_REPRESENTATION_CONTEXT(2) 
PARAMETRIC_REPRESENTATION_CONTEXT() REPRESENTATION_CONTEXT('2D SPACE',''
  ) );
#10608 = PCURVE('',#8519,#10609);
#10609 = DEFINITIONAL_REPRESENTATION('',(#10610),#10614);
#10610 = LINE('',#10611,#10612);
#10611 = CARTESIAN_POINT('',(0.,0.));
#10612 = VECTOR('',#10613,1.);
#10613 = DIRECTION('',(-4.742733983321E-14,-1.));
#10614 = ( GEOMETRIC_REPRESENTATION_CONTEXT(2) 
PARAMETRIC_REPRESENTATION_CONTEXT() REPRESENTATION_CONTEXT('2D SPACE',''
  ) );
#10615 = ADVANCED_FACE('',(#10616),#8519,.F.);
#10616 = FACE_BOUND('',#10617,.F.);
#10617 = EDGE_LOOP('',(#10618,#10619,#10620,#10643));
#10618 = ORIENTED_EDGE('',*,*,#8503,.F.);
#10619 = ORIENTED_EDGE('',*,*,#10595,.T.);
#10620 = ORIENTED_EDGE('',*,*,#10621,.T.);
#10621 = EDGE_CURVE('',#10573,#10622,#10624,.T.);
#10622 = VERTEX_POINT('',#10623);
#10623 = CARTESIAN_POINT('',(-16.44968960545,1.370905388685,
    -62.15887920209));
#10624 = SURFACE_CURVE('',#10625,(#10629,#10636),.PCURVE_S1.);
#10625 = LINE('',#10626,#10627);
#10626 = CARTESIAN_POINT('',(-15.30851709365,1.370905388685,
    -62.40144290747));
#10627 = VECTOR('',#10628,1.);
#10628 = DIRECTION('',(-0.978147600734,0.,0.207911690818));
#10629 = PCURVE('',#8519,#10630);
#10630 = DEFINITIONAL_REPRESENTATION('',(#10631),#10635);
#10631 = LINE('',#10632,#10633);
#10632 = CARTESIAN_POINT('',(3.458705110509E-12,-0.1));
#10633 = VECTOR('',#10634,1.);
#10634 = DIRECTION('',(1.,1.387778780781E-17));
#10635 = ( GEOMETRIC_REPRESENTATION_CONTEXT(2) 
PARAMETRIC_REPRESENTATION_CONTEXT() REPRESENTATION_CONTEXT('2D SPACE',''
  ) );
#10636 = PCURVE('',#10534,#10637);
#10637 = DEFINITIONAL_REPRESENTATION('',(#10638),#10642);
#10638 = LINE('',#10639,#10640);
#10639 = CARTESIAN_POINT('',(14.866848143556,-61.26051001328));
#10640 = VECTOR('',#10641,1.);
#10641 = DIRECTION('',(0.978785713594,0.204886619533));
#10642 = ( GEOMETRIC_REPRESENTATION_CONTEXT(2) 
PARAMETRIC_REPRESENTATION_CONTEXT() REPRESENTATION_CONTEXT('2D SPACE',''
  ) );
#10643 = ORIENTED_EDGE('',*,*,#10644,.F.);
#10644 = EDGE_CURVE('',#8504,#10622,#10645,.T.);
#10645 = SURFACE_CURVE('',#10646,(#10650,#10657),.PCURVE_S1.);
#10646 = LINE('',#10647,#10648);
#10647 = CARTESIAN_POINT('',(-16.45329995407,1.469386163986,
    -62.17586455693));
#10648 = VECTOR('',#10649,1.);
#10649 = DIRECTION('',(3.610348622612E-02,-0.984807753012,0.169853548357
    ));
#10650 = PCURVE('',#8519,#10651);
#10651 = DEFINITIONAL_REPRESENTATION('',(#10652),#10656);
#10652 = LINE('',#10653,#10654);
#10653 = CARTESIAN_POINT('',(1.166666984557,1.021335793716E-13));
#10654 = VECTOR('',#10655,1.);
#10655 = DIRECTION('',(6.016714904078E-14,-1.));
#10656 = ( GEOMETRIC_REPRESENTATION_CONTEXT(2) 
PARAMETRIC_REPRESENTATION_CONTEXT() REPRESENTATION_CONTEXT('2D SPACE',''
  ) );
#10657 = PCURVE('',#8547,#10658);
#10658 = DEFINITIONAL_REPRESENTATION('',(#10659),#10663);
#10659 = LINE('',#10660,#10661);
#10660 = CARTESIAN_POINT('',(0.,0.));
#10661 = VECTOR('',#10662,1.);
#10662 = DIRECTION('',(4.532485498032E-14,-1.));
#10663 = ( GEOMETRIC_REPRESENTATION_CONTEXT(2) 
PARAMETRIC_REPRESENTATION_CONTEXT() REPRESENTATION_CONTEXT('2D SPACE',''
  ) );
#10664 = ADVANCED_FACE('',(#10665),#8547,.F.);
#10665 = FACE_BOUND('',#10666,.F.);
#10666 = EDGE_LOOP('',(#10667,#10668,#10669,#10692));
#10667 = ORIENTED_EDGE('',*,*,#8531,.F.);
#10668 = ORIENTED_EDGE('',*,*,#10644,.T.);
#10669 = ORIENTED_EDGE('',*,*,#10670,.T.);
#10670 = EDGE_CURVE('',#10622,#10671,#10673,.T.);
#10671 = VERTEX_POINT('',#10672);
#10672 = CARTESIAN_POINT('',(-14.1808818131,2.050719532802,
    -58.69957926672));
#10673 = SURFACE_CURVE('',#10674,(#10678,#10685),.PCURVE_S1.);
#10674 = LINE('',#10675,#10676);
#10675 = CARTESIAN_POINT('',(-16.44968960545,1.370905388685,
    -62.15887920209));
#10676 = VECTOR('',#10677,1.);
#10677 = DIRECTION('',(0.541168910267,0.162153127646,0.825131852345));
#10678 = PCURVE('',#8547,#10679);
#10679 = DEFINITIONAL_REPRESENTATION('',(#10680),#10684);
#10680 = LINE('',#10681,#10682);
#10681 = CARTESIAN_POINT('',(2.192112810717E-12,-0.1));
#10682 = VECTOR('',#10683,1.);
#10683 = DIRECTION('',(1.,0.));
#10684 = ( GEOMETRIC_REPRESENTATION_CONTEXT(2) 
PARAMETRIC_REPRESENTATION_CONTEXT() REPRESENTATION_CONTEXT('2D SPACE',''
  ) );
#10685 = PCURVE('',#10534,#10686);
#10686 = DEFINITIONAL_REPRESENTATION('',(#10687),#10691);
#10687 = LINE('',#10688,#10689);
#10688 = CARTESIAN_POINT('',(16.008765120563,-61.02147555869));
#10689 = VECTOR('',#10690,1.);
#10690 = DIRECTION('',(-0.541521951916,0.840686609619));
#10691 = ( GEOMETRIC_REPRESENTATION_CONTEXT(2) 
PARAMETRIC_REPRESENTATION_CONTEXT() REPRESENTATION_CONTEXT('2D SPACE',''
  ) );
#10692 = ORIENTED_EDGE('',*,*,#10693,.F.);
#10693 = EDGE_CURVE('',#8532,#10671,#10694,.T.);
#10694 = SURFACE_CURVE('',#10695,(#10699,#10706),.PCURVE_S1.);
#10695 = LINE('',#10696,#10697);
#10696 = CARTESIAN_POINT('',(-14.18449216172,2.149200308104,
    -58.71656462155));
#10697 = VECTOR('',#10698,1.);
#10698 = DIRECTION('',(3.610348622615E-02,-0.984807753012,0.169853548357
    ));
#10699 = PCURVE('',#8547,#10700);
#10700 = DEFINITIONAL_REPRESENTATION('',(#10701),#10705);
#10701 = LINE('',#10702,#10703);
#10702 = CARTESIAN_POINT('',(4.192420793777,-6.148415110374E-13));
#10703 = VECTOR('',#10704,1.);
#10704 = DIRECTION('',(-2.09554595898E-14,-1.));
#10705 = ( GEOMETRIC_REPRESENTATION_CONTEXT(2) 
PARAMETRIC_REPRESENTATION_CONTEXT() REPRESENTATION_CONTEXT('2D SPACE',''
  ) );
#10706 = PCURVE('',#8575,#10707);
#10707 = DEFINITIONAL_REPRESENTATION('',(#10708),#10712);
#10708 = LINE('',#10709,#10710);
#10709 = CARTESIAN_POINT('',(0.,0.));
#10710 = VECTOR('',#10711,1.);
#10711 = DIRECTION('',(4.884981308351E-15,-1.));
#10712 = ( GEOMETRIC_REPRESENTATION_CONTEXT(2) 
PARAMETRIC_REPRESENTATION_CONTEXT() REPRESENTATION_CONTEXT('2D SPACE',''
  ) );
#10713 = ADVANCED_FACE('',(#10714),#8575,.F.);
#10714 = FACE_BOUND('',#10715,.F.);
#10715 = EDGE_LOOP('',(#10716,#10717,#10718,#10741));
#10716 = ORIENTED_EDGE('',*,*,#8559,.F.);
#10717 = ORIENTED_EDGE('',*,*,#10693,.T.);
#10718 = ORIENTED_EDGE('',*,*,#10719,.T.);
#10719 = EDGE_CURVE('',#10671,#10720,#10722,.T.);
#10720 = VERTEX_POINT('',#10721);
#10721 = CARTESIAN_POINT('',(-14.76327690215,2.109833799004,
    -58.2330439396));
#10722 = SURFACE_CURVE('',#10723,(#10727,#10734),.PCURVE_S1.);
#10723 = LINE('',#10724,#10725);
#10724 = CARTESIAN_POINT('',(-14.1808818131,2.050719532802,
    -58.69957926672));
#10725 = VECTOR('',#10726,1.);
#10726 = DIRECTION('',(-0.778026365161,7.897123194628E-02,0.62324836112)
  );
#10727 = PCURVE('',#8575,#10728);
#10728 = DEFINITIONAL_REPRESENTATION('',(#10729),#10733);
#10729 = LINE('',#10730,#10731);
#10730 = CARTESIAN_POINT('',(-1.561396845151E-12,-9.999999999971E-02));
#10731 = VECTOR('',#10732,1.);
#10732 = DIRECTION('',(1.,0.));
#10733 = ( GEOMETRIC_REPRESENTATION_CONTEXT(2) 
PARAMETRIC_REPRESENTATION_CONTEXT() REPRESENTATION_CONTEXT('2D SPACE',''
  ) );
#10734 = PCURVE('',#10534,#10735);
#10735 = DEFINITIONAL_REPRESENTATION('',(#10736),#10740);
#10736 = LINE('',#10737,#10738);
#10737 = CARTESIAN_POINT('',(13.738477229065,-57.49696353548));
#10738 = VECTOR('',#10739,1.);
#10739 = DIRECTION('',(0.778533925195,0.627602523354));
#10740 = ( GEOMETRIC_REPRESENTATION_CONTEXT(2) 
PARAMETRIC_REPRESENTATION_CONTEXT() REPRESENTATION_CONTEXT('2D SPACE',''
  ) );
#10741 = ORIENTED_EDGE('',*,*,#10742,.F.);
#10742 = EDGE_CURVE('',#8560,#10720,#10743,.T.);
#10743 = SURFACE_CURVE('',#10744,(#10748,#10755),.PCURVE_S1.);
#10744 = LINE('',#10745,#10746);
#10745 = CARTESIAN_POINT('',(-14.76688725077,2.208314574305,
    -58.25002929444));
#10746 = VECTOR('',#10747,1.);
#10747 = DIRECTION('',(3.610348622615E-02,-0.984807753012,0.169853548357
    ));
#10748 = PCURVE('',#8575,#10749);
#10749 = DEFINITIONAL_REPRESENTATION('',(#10750),#10754);
#10750 = LINE('',#10751,#10752);
#10751 = CARTESIAN_POINT('',(0.748554438675,6.819683706638E-13));
#10752 = VECTOR('',#10753,1.);
#10753 = DIRECTION('',(6.725175971667E-14,-1.));
#10754 = ( GEOMETRIC_REPRESENTATION_CONTEXT(2) 
PARAMETRIC_REPRESENTATION_CONTEXT() REPRESENTATION_CONTEXT('2D SPACE',''
  ) );
#10755 = PCURVE('',#8603,#10756);
#10756 = DEFINITIONAL_REPRESENTATION('',(#10757),#10761);
#10757 = LINE('',#10758,#10759);
#10758 = CARTESIAN_POINT('',(0.,0.));
#10759 = VECTOR('',#10760,1.);
#10760 = DIRECTION('',(9.989231664065E-14,-1.));
#10761 = ( GEOMETRIC_REPRESENTATION_CONTEXT(2) 
PARAMETRIC_REPRESENTATION_CONTEXT() REPRESENTATION_CONTEXT('2D SPACE',''
  ) );
#10762 = ADVANCED_FACE('',(#10763),#8603,.F.);
#10763 = FACE_BOUND('',#10764,.F.);
#10764 = EDGE_LOOP('',(#10765,#10766,#10767,#10790));
#10765 = ORIENTED_EDGE('',*,*,#8587,.F.);
#10766 = ORIENTED_EDGE('',*,*,#10742,.T.);
#10767 = ORIENTED_EDGE('',*,*,#10768,.T.);
#10768 = EDGE_CURVE('',#10720,#10769,#10771,.T.);
#10769 = VERTEX_POINT('',#10770);
#10770 = CARTESIAN_POINT('',(-15.11294439059,2.228062331406,
    -57.47323296162));
#10771 = SURFACE_CURVE('',#10772,(#10776,#10783),.PCURVE_S1.);
#10772 = LINE('',#10773,#10774);
#10773 = CARTESIAN_POINT('',(-14.76327690215,2.109833799004,
    -58.2330439396));
#10774 = VECTOR('',#10775,1.);
#10775 = DIRECTION('',(-0.413943050583,0.139961194528,0.899478746219));
#10776 = PCURVE('',#8603,#10777);
#10777 = DEFINITIONAL_REPRESENTATION('',(#10778),#10782);
#10778 = LINE('',#10779,#10780);
#10779 = CARTESIAN_POINT('',(5.006446646139E-12,-0.1));
#10780 = VECTOR('',#10781,1.);
#10781 = DIRECTION('',(1.,5.551115123126E-17));
#10782 = ( GEOMETRIC_REPRESENTATION_CONTEXT(2) 
PARAMETRIC_REPRESENTATION_CONTEXT() REPRESENTATION_CONTEXT('2D SPACE',''
  ) );
#10783 = PCURVE('',#10534,#10784);
#10784 = DEFINITIONAL_REPRESENTATION('',(#10785),#10789);
#10785 = LINE('',#10786,#10787);
#10786 = CARTESIAN_POINT('',(14.321252254432,-57.0271688809));
#10787 = VECTOR('',#10788,1.);
#10788 = DIRECTION('',(0.414213094065,0.910179934246));
#10789 = ( GEOMETRIC_REPRESENTATION_CONTEXT(2) 
PARAMETRIC_REPRESENTATION_CONTEXT() REPRESENTATION_CONTEXT('2D SPACE',''
  ) );
#10790 = ORIENTED_EDGE('',*,*,#10791,.F.);
#10791 = EDGE_CURVE('',#8588,#10769,#10792,.T.);
#10792 = SURFACE_CURVE('',#10793,(#10797,#10804),.PCURVE_S1.);
#10793 = LINE('',#10794,#10795);
#10794 = CARTESIAN_POINT('',(-15.11655473921,2.326543106708,
    -57.49021831646));
#10795 = VECTOR('',#10796,1.);
#10796 = DIRECTION('',(3.610348622615E-02,-0.984807753012,0.169853548357
    ));
#10797 = PCURVE('',#8603,#10798);
#10798 = DEFINITIONAL_REPRESENTATION('',(#10799),#10803);
#10799 = LINE('',#10800,#10801);
#10800 = CARTESIAN_POINT('',(0.844723659314,8.518186156437E-14));
#10801 = VECTOR('',#10802,1.);
#10802 = DIRECTION('',(9.90874049478E-15,-1.));
#10803 = ( GEOMETRIC_REPRESENTATION_CONTEXT(2) 
PARAMETRIC_REPRESENTATION_CONTEXT() REPRESENTATION_CONTEXT('2D SPACE',''
  ) );
#10804 = PCURVE('',#8631,#10805);
#10805 = DEFINITIONAL_REPRESENTATION('',(#10806),#10810);
#10806 = LINE('',#10807,#10808);
#10807 = CARTESIAN_POINT('',(0.,0.));
#10808 = VECTOR('',#10809,1.);
#10809 = DIRECTION('',(4.24382751163E-14,-1.));
#10810 = ( GEOMETRIC_REPRESENTATION_CONTEXT(2) 
PARAMETRIC_REPRESENTATION_CONTEXT() REPRESENTATION_CONTEXT('2D SPACE',''
  ) );
#10811 = ADVANCED_FACE('',(#10812),#8631,.F.);
#10812 = FACE_BOUND('',#10813,.F.);
#10813 = EDGE_LOOP('',(#10814,#10815,#10816,#10839));
#10814 = ORIENTED_EDGE('',*,*,#8615,.F.);
#10815 = ORIENTED_EDGE('',*,*,#10791,.T.);
#10816 = ORIENTED_EDGE('',*,*,#10817,.T.);
#10817 = EDGE_CURVE('',#10769,#10818,#10820,.T.);
#10818 = VERTEX_POINT('',#10819);
#10819 = CARTESIAN_POINT('',(-15.17141410129,2.316733730708,
    -56.94668969677));
#10820 = SURFACE_CURVE('',#10821,(#10825,#10832),.PCURVE_S1.);
#10821 = LINE('',#10822,#10823);
#10822 = CARTESIAN_POINT('',(-15.11294439059,2.228062331406,
    -57.47323296162));
#10823 = VECTOR('',#10824,1.);
#10824 = DIRECTION('',(-0.108851923803,0.165077820374,0.980255360559));
#10825 = PCURVE('',#8631,#10826);
#10826 = DEFINITIONAL_REPRESENTATION('',(#10827),#10831);
#10827 = LINE('',#10828,#10829);
#10828 = CARTESIAN_POINT('',(4.404761277943E-12,-0.100000000001));
#10829 = VECTOR('',#10830,1.);
#10830 = DIRECTION('',(1.,2.775557561563E-17));
#10831 = ( GEOMETRIC_REPRESENTATION_CONTEXT(2) 
PARAMETRIC_REPRESENTATION_CONTEXT() REPRESENTATION_CONTEXT('2D SPACE',''
  ) );
#10832 = PCURVE('',#10534,#10833);
#10833 = DEFINITIONAL_REPRESENTATION('',(#10834),#10838);
#10834 = LINE('',#10835,#10836);
#10835 = CARTESIAN_POINT('',(14.67114785499,-56.25831835621));
#10836 = VECTOR('',#10837,1.);
#10837 = DIRECTION('',(0.108922935389,0.994050196995));
#10838 = ( GEOMETRIC_REPRESENTATION_CONTEXT(2) 
PARAMETRIC_REPRESENTATION_CONTEXT() REPRESENTATION_CONTEXT('2D SPACE',''
  ) );
#10839 = ORIENTED_EDGE('',*,*,#10840,.F.);
#10840 = EDGE_CURVE('',#8616,#10818,#10841,.T.);
#10841 = SURFACE_CURVE('',#10842,(#10846,#10853),.PCURVE_S1.);
#10842 = LINE('',#10843,#10844);
#10843 = CARTESIAN_POINT('',(-15.17502444991,2.41521450601,
    -56.96367505161));
#10844 = VECTOR('',#10845,1.);
#10845 = DIRECTION('',(3.610348622615E-02,-0.984807753012,0.169853548357
    ));
#10846 = PCURVE('',#8631,#10847);
#10847 = DEFINITIONAL_REPRESENTATION('',(#10848),#10852);
#10848 = LINE('',#10849,#10850);
#10849 = CARTESIAN_POINT('',(0.537149079756,-1.180583408811E-13));
#10850 = VECTOR('',#10851,1.);
#10851 = DIRECTION('',(-5.553890680687E-14,-1.));
#10852 = ( GEOMETRIC_REPRESENTATION_CONTEXT(2) 
PARAMETRIC_REPRESENTATION_CONTEXT() REPRESENTATION_CONTEXT('2D SPACE',''
  ) );
#10853 = PCURVE('',#8659,#10854);
#10854 = DEFINITIONAL_REPRESENTATION('',(#10855),#10859);
#10855 = LINE('',#10856,#10857);
#10856 = CARTESIAN_POINT('',(0.,0.));
#10857 = VECTOR('',#10858,1.);
#10858 = DIRECTION('',(-7.8492767841E-14,-1.));
#10859 = ( GEOMETRIC_REPRESENTATION_CONTEXT(2) 
PARAMETRIC_REPRESENTATION_CONTEXT() REPRESENTATION_CONTEXT('2D SPACE',''
  ) );
#10860 = ADVANCED_FACE('',(#10861),#8659,.F.);
#10861 = FACE_BOUND('',#10862,.F.);
#10862 = EDGE_LOOP('',(#10863,#10864,#10865,#10888));
#10863 = ORIENTED_EDGE('',*,*,#8643,.F.);
#10864 = ORIENTED_EDGE('',*,*,#10840,.T.);
#10865 = ORIENTED_EDGE('',*,*,#10866,.T.);
#10866 = EDGE_CURVE('',#10818,#10867,#10869,.T.);
#10867 = VERTEX_POINT('',#10868);
#10868 = CARTESIAN_POINT('',(-15.03200769172,2.434962345913,
    -56.29083410487));
#10869 = SURFACE_CURVE('',#10870,(#10874,#10881),.PCURVE_S1.);
#10870 = LINE('',#10871,#10872);
#10871 = CARTESIAN_POINT('',(-15.17141410129,2.316733730708,
    -56.94668969677));
#10872 = VECTOR('',#10873,1.);
#10873 = DIRECTION('',(0.204753045059,0.173648177667,0.963287340793));
#10874 = PCURVE('',#8659,#10875);
#10875 = DEFINITIONAL_REPRESENTATION('',(#10876),#10880);
#10876 = LINE('',#10877,#10878);
#10877 = CARTESIAN_POINT('',(3.499089906711E-12,-0.100000000001));
#10878 = VECTOR('',#10879,1.);
#10879 = DIRECTION('',(1.,-2.775557561563E-17));
#10880 = ( GEOMETRIC_REPRESENTATION_CONTEXT(2) 
PARAMETRIC_REPRESENTATION_CONTEXT() REPRESENTATION_CONTEXT('2D SPACE',''
  ) );
#10881 = PCURVE('',#10534,#10882);
#10882 = DEFINITIONAL_REPRESENTATION('',(#10883),#10887);
#10883 = LINE('',#10884,#10885);
#10884 = CARTESIAN_POINT('',(14.729655709498,-55.72436520766));
#10885 = VECTOR('',#10886,1.);
#10886 = DIRECTION('',(-0.204886619533,0.978785713594));
#10887 = ( GEOMETRIC_REPRESENTATION_CONTEXT(2) 
PARAMETRIC_REPRESENTATION_CONTEXT() REPRESENTATION_CONTEXT('2D SPACE',''
  ) );
#10888 = ORIENTED_EDGE('',*,*,#10889,.F.);
#10889 = EDGE_CURVE('',#8644,#10867,#10890,.T.);
#10890 = SURFACE_CURVE('',#10891,(#10895,#10902),.PCURVE_S1.);
#10891 = LINE('',#10892,#10893);
#10892 = CARTESIAN_POINT('',(-15.03561804034,2.533443121214,
    -56.30781945971));
#10893 = VECTOR('',#10894,1.);
#10894 = DIRECTION('',(3.610348622616E-02,-0.984807753012,0.169853548357
    ));
#10895 = PCURVE('',#8659,#10896);
#10896 = DEFINITIONAL_REPRESENTATION('',(#10897),#10901);
#10897 = LINE('',#10898,#10899);
#10898 = CARTESIAN_POINT('',(0.680851459504,-7.382983113757E-13));
#10899 = VECTOR('',#10900,1.);
#10900 = DIRECTION('',(-7.643885524544E-14,-1.));
#10901 = ( GEOMETRIC_REPRESENTATION_CONTEXT(2) 
PARAMETRIC_REPRESENTATION_CONTEXT() REPRESENTATION_CONTEXT('2D SPACE',''
  ) );
#10902 = PCURVE('',#8687,#10903);
#10903 = DEFINITIONAL_REPRESENTATION('',(#10904),#10908);
#10904 = LINE('',#10905,#10906);
#10905 = CARTESIAN_POINT('',(0.,0.));
#10906 = VECTOR('',#10907,1.);
#10907 = DIRECTION('',(-3.952393967666E-14,-1.));
#10908 = ( GEOMETRIC_REPRESENTATION_CONTEXT(2) 
PARAMETRIC_REPRESENTATION_CONTEXT() REPRESENTATION_CONTEXT('2D SPACE',''
  ) );
#10909 = ADVANCED_FACE('',(#10910),#8687,.F.);
#10910 = FACE_BOUND('',#10911,.F.);
#10911 = EDGE_LOOP('',(#10912,#10913,#10914,#10937));
#10912 = ORIENTED_EDGE('',*,*,#8671,.F.);
#10913 = ORIENTED_EDGE('',*,*,#10889,.T.);
#10914 = ORIENTED_EDGE('',*,*,#10915,.T.);
#10915 = EDGE_CURVE('',#10867,#10916,#10918,.T.);
#10916 = VERTEX_POINT('',#10917);
#10917 = CARTESIAN_POINT('',(-14.76442851312,2.523633745215,
    -55.83359467087));
#10918 = SURFACE_CURVE('',#10919,(#10923,#10930),.PCURVE_S1.);
#10919 = LINE('',#10920,#10921);
#10920 = CARTESIAN_POINT('',(-15.03200769172,2.434962345913,
    -56.29083410487));
#10921 = VECTOR('',#10922,1.);
#10922 = DIRECTION('',(0.498146955257,0.165077820374,0.851233765888));
#10923 = PCURVE('',#8687,#10924);
#10924 = DEFINITIONAL_REPRESENTATION('',(#10925),#10929);
#10925 = LINE('',#10926,#10927);
#10926 = CARTESIAN_POINT('',(2.4214328459E-12,-0.1));
#10927 = VECTOR('',#10928,1.);
#10928 = DIRECTION('',(1.,2.775557561563E-17));
#10929 = ( GEOMETRIC_REPRESENTATION_CONTEXT(2) 
PARAMETRIC_REPRESENTATION_CONTEXT() REPRESENTATION_CONTEXT('2D SPACE',''
  ) );
#10930 = PCURVE('',#10534,#10931);
#10931 = DEFINITIONAL_REPRESENTATION('',(#10932),#10936);
#10932 = LINE('',#10933,#10934);
#10933 = CARTESIAN_POINT('',(14.590158355552,-55.05795752602));
#10934 = VECTOR('',#10935,1.);
#10935 = DIRECTION('',(-0.49847193073,0.866905839336));
#10936 = ( GEOMETRIC_REPRESENTATION_CONTEXT(2) 
PARAMETRIC_REPRESENTATION_CONTEXT() REPRESENTATION_CONTEXT('2D SPACE',''
  ) );
#10937 = ORIENTED_EDGE('',*,*,#10938,.F.);
#10938 = EDGE_CURVE('',#8672,#10916,#10939,.T.);
#10939 = SURFACE_CURVE('',#10940,(#10944,#10951),.PCURVE_S1.);
#10940 = LINE('',#10941,#10942);
#10941 = CARTESIAN_POINT('',(-14.76803886174,2.622114520516,
    -55.85058002571));
#10942 = VECTOR('',#10943,1.);
#10943 = DIRECTION('',(3.610348622615E-02,-0.984807753012,0.169853548357
    ));
#10944 = PCURVE('',#8687,#10945);
#10945 = DEFINITIONAL_REPRESENTATION('',(#10946),#10950);
#10946 = LINE('',#10947,#10948);
#10947 = CARTESIAN_POINT('',(0.537149079753,5.736938701872E-13));
#10948 = VECTOR('',#10949,1.);
#10949 = DIRECTION('',(4.060640712567E-14,-1.));
#10950 = ( GEOMETRIC_REPRESENTATION_CONTEXT(2) 
PARAMETRIC_REPRESENTATION_CONTEXT() REPRESENTATION_CONTEXT('2D SPACE',''
  ) );
#10951 = PCURVE('',#8715,#10952);
#10952 = DEFINITIONAL_REPRESENTATION('',(#10953),#10957);
#10953 = LINE('',#10954,#10955);
#10954 = CARTESIAN_POINT('',(0.,0.));
#10955 = VECTOR('',#10956,1.);
#10956 = DIRECTION('',(8.451572774959E-15,-1.));
#10957 = ( GEOMETRIC_REPRESENTATION_CONTEXT(2) 
PARAMETRIC_REPRESENTATION_CONTEXT() REPRESENTATION_CONTEXT('2D SPACE',''
  ) );
#10958 = ADVANCED_FACE('',(#10959),#8715,.F.);
#10959 = FACE_BOUND('',#10960,.F.);
#10960 = EDGE_LOOP('',(#10961,#10962,#10963,#10986));
#10961 = ORIENTED_EDGE('',*,*,#8699,.F.);
#10962 = ORIENTED_EDGE('',*,*,#10938,.T.);
#10963 = ORIENTED_EDGE('',*,*,#10964,.T.);
#10964 = EDGE_CURVE('',#10916,#10965,#10967,.T.);
#10965 = VERTEX_POINT('',#10966);
#10966 = CARTESIAN_POINT('',(-14.13594840082,2.641862277618,
    -55.28169538371));
#10967 = SURFACE_CURVE('',#10968,(#10972,#10979),.PCURVE_S1.);
#10968 = LINE('',#10969,#10970);
#10969 = CARTESIAN_POINT('',(-14.76442851312,2.523633745215,
    -55.83359467087));
#10970 = VECTOR('',#10971,1.);
#10971 = DIRECTION('',(0.744006759338,0.139961194528,0.653348916036));
#10972 = PCURVE('',#8715,#10973);
#10973 = DEFINITIONAL_REPRESENTATION('',(#10974),#10978);
#10974 = LINE('',#10975,#10976);
#10975 = CARTESIAN_POINT('',(9.139373285949E-13,-0.1));
#10976 = VECTOR('',#10977,1.);
#10977 = DIRECTION('',(1.,-1.387778780781E-17));
#10978 = ( GEOMETRIC_REPRESENTATION_CONTEXT(2) 
PARAMETRIC_REPRESENTATION_CONTEXT() REPRESENTATION_CONTEXT('2D SPACE',''
  ) );
#10979 = PCURVE('',#10534,#10980);
#10980 = DEFINITIONAL_REPRESENTATION('',(#10981),#10985);
#10981 = LINE('',#10982,#10983);
#10982 = CARTESIAN_POINT('',(14.322404616677,-54.59229985219));
#10983 = VECTOR('',#10984,1.);
#10984 = DIRECTION('',(-0.744492126047,0.667631241221));
#10985 = ( GEOMETRIC_REPRESENTATION_CONTEXT(2) 
PARAMETRIC_REPRESENTATION_CONTEXT() REPRESENTATION_CONTEXT('2D SPACE',''
  ) );
#10986 = ORIENTED_EDGE('',*,*,#10987,.F.);
#10987 = EDGE_CURVE('',#8700,#10965,#10988,.T.);
#10988 = SURFACE_CURVE('',#10989,(#10993,#11000),.PCURVE_S1.);
#10989 = LINE('',#10990,#10991);
#10990 = CARTESIAN_POINT('',(-14.13955874944,2.740343052919,
    -55.29868073855));
#10991 = VECTOR('',#10992,1.);
#10992 = DIRECTION('',(3.610348622619E-02,-0.984807753012,0.169853548357
    ));
#10993 = PCURVE('',#8715,#10994);
#10994 = DEFINITIONAL_REPRESENTATION('',(#10995),#10999);
#10995 = LINE('',#10996,#10997);
#10996 = CARTESIAN_POINT('',(0.84472365931,2.437633428443E-13));
#10997 = VECTOR('',#10998,1.);
#10998 = DIRECTION('',(3.826106098614E-14,-1.));
#10999 = ( GEOMETRIC_REPRESENTATION_CONTEXT(2) 
PARAMETRIC_REPRESENTATION_CONTEXT() REPRESENTATION_CONTEXT('2D SPACE',''
  ) );
#11000 = PCURVE('',#8743,#11001);
#11001 = DEFINITIONAL_REPRESENTATION('',(#11002),#11006);
#11002 = LINE('',#11003,#11004);
#11003 = CARTESIAN_POINT('',(0.,0.));
#11004 = VECTOR('',#11005,1.);
#11005 = DIRECTION('',(6.722400414105E-14,-1.));
#11006 = ( GEOMETRIC_REPRESENTATION_CONTEXT(2) 
PARAMETRIC_REPRESENTATION_CONTEXT() REPRESENTATION_CONTEXT('2D SPACE',''
  ) );
#11007 = ADVANCED_FACE('',(#11008),#8743,.F.);
#11008 = FACE_BOUND('',#11009,.F.);
#11009 = EDGE_LOOP('',(#11010,#11011,#11012,#11035));
#11010 = ORIENTED_EDGE('',*,*,#8727,.F.);
#11011 = ORIENTED_EDGE('',*,*,#10987,.T.);
#11012 = ORIENTED_EDGE('',*,*,#11013,.T.);
#11013 = EDGE_CURVE('',#10965,#11014,#11016,.T.);
#11014 = VERTEX_POINT('',#11015);
#11015 = CARTESIAN_POINT('',(-13.37929542186,2.73053367692,
    -54.92841179512));
#11016 = SURFACE_CURVE('',#11017,(#11021,#11028),.PCURVE_S1.);
#11017 = LINE('',#11018,#11019);
#11018 = CARTESIAN_POINT('',(-14.13594840082,2.641862277618,
    -55.28169538371));
#11019 = VECTOR('',#11020,1.);
#11020 = DIRECTION('',(0.90103557127,0.105591449642,0.420696262248));
#11021 = PCURVE('',#8743,#11022);
#11022 = DEFINITIONAL_REPRESENTATION('',(#11023),#11027);
#11023 = LINE('',#11024,#11025);
#11024 = CARTESIAN_POINT('',(-5.085671467286E-13,-0.1));
#11025 = VECTOR('',#11026,1.);
#11026 = DIRECTION('',(1.,-2.775557561563E-17));
#11027 = ( GEOMETRIC_REPRESENTATION_CONTEXT(2) 
PARAMETRIC_REPRESENTATION_CONTEXT() REPRESENTATION_CONTEXT('2D SPACE',''
  ) );
#11028 = PCURVE('',#10534,#11029);
#11029 = DEFINITIONAL_REPRESENTATION('',(#11030),#11034);
#11030 = LINE('',#11031,#11032);
#11031 = CARTESIAN_POINT('',(13.693514503634,-54.02833594703));
#11032 = VECTOR('',#11033,1.);
#11033 = DIRECTION('',(-0.901623378657,0.432522002977));
#11034 = ( GEOMETRIC_REPRESENTATION_CONTEXT(2) 
PARAMETRIC_REPRESENTATION_CONTEXT() REPRESENTATION_CONTEXT('2D SPACE',''
  ) );
#11035 = ORIENTED_EDGE('',*,*,#11036,.F.);
#11036 = EDGE_CURVE('',#8728,#11014,#11037,.T.);
#11037 = SURFACE_CURVE('',#11038,(#11042,#11049),.PCURVE_S1.);
#11038 = LINE('',#11039,#11040);
#11039 = CARTESIAN_POINT('',(-13.38290577048,2.829014452221,
    -54.94539714995));
#11040 = VECTOR('',#11041,1.);
#11041 = DIRECTION('',(3.610348622617E-02,-0.984807753012,0.169853548357
    ));
#11042 = PCURVE('',#8743,#11043);
#11043 = DEFINITIONAL_REPRESENTATION('',(#11044),#11048);
#11044 = LINE('',#11045,#11046);
#11045 = CARTESIAN_POINT('',(0.839759275982,-6.802891583391E-13));
#11046 = VECTOR('',#11047,1.);
#11047 = DIRECTION('',(4.918287999089E-14,-1.));
#11048 = ( GEOMETRIC_REPRESENTATION_CONTEXT(2) 
PARAMETRIC_REPRESENTATION_CONTEXT() REPRESENTATION_CONTEXT('2D SPACE',''
  ) );
#11049 = PCURVE('',#8771,#11050);
#11050 = DEFINITIONAL_REPRESENTATION('',(#11051),#11055);
#11051 = LINE('',#11052,#11053);
#11052 = CARTESIAN_POINT('',(0.,0.));
#11053 = VECTOR('',#11054,1.);
#11054 = DIRECTION('',(2.132907565844E-14,-1.));
#11055 = ( GEOMETRIC_REPRESENTATION_CONTEXT(2) 
PARAMETRIC_REPRESENTATION_CONTEXT() REPRESENTATION_CONTEXT('2D SPACE',''
  ) );
#11056 = ADVANCED_FACE('',(#11057),#8771,.F.);
#11057 = FACE_BOUND('',#11058,.F.);
#11058 = EDGE_LOOP('',(#11059,#11060,#11061,#11084));
#11059 = ORIENTED_EDGE('',*,*,#8755,.F.);
#11060 = ORIENTED_EDGE('',*,*,#11036,.T.);
#11061 = ORIENTED_EDGE('',*,*,#11062,.T.);
#11062 = EDGE_CURVE('',#11014,#11063,#11065,.T.);
#11063 = VERTEX_POINT('',#11064);
#11064 = CARTESIAN_POINT('',(-12.52932068779,2.76009081002,
    -54.93770778737));
#11065 = SURFACE_CURVE('',#11066,(#11070,#11077),.PCURVE_S1.);
#11066 = LINE('',#11067,#11068);
#11067 = CARTESIAN_POINT('',(-13.37929542186,2.73053367692,
    -54.92841179512));
#11068 = VECTOR('',#11069,1.);
#11069 = DIRECTION('',(0.999336234704,3.475104955195E-02,
    -1.092952710624E-02));
#11070 = PCURVE('',#8771,#11071);
#11071 = DEFINITIONAL_REPRESENTATION('',(#11072),#11076);
#11072 = LINE('',#11073,#11074);
#11073 = CARTESIAN_POINT('',(-2.543326064076E-12,-9.999999999872E-02));
#11074 = VECTOR('',#11075,1.);
#11075 = DIRECTION('',(1.,-1.756407519427E-17));
#11076 = ( GEOMETRIC_REPRESENTATION_CONTEXT(2) 
PARAMETRIC_REPRESENTATION_CONTEXT() REPRESENTATION_CONTEXT('2D SPACE',''
  ) );
#11077 = PCURVE('',#10534,#11078);
#11078 = DEFINITIONAL_REPRESENTATION('',(#11079),#11083);
#11079 = LINE('',#11080,#11081);
#11080 = CARTESIAN_POINT('',(12.936367907968,-53.66512158297));
#11081 = VECTOR('',#11082,1.);
#11082 = DIRECTION('',(-0.999988170366,-4.864065050444E-03));
#11083 = ( GEOMETRIC_REPRESENTATION_CONTEXT(2) 
PARAMETRIC_REPRESENTATION_CONTEXT() REPRESENTATION_CONTEXT('2D SPACE',''
  ) );
#11084 = ORIENTED_EDGE('',*,*,#11085,.F.);
#11085 = EDGE_CURVE('',#8756,#11063,#11086,.T.);
#11086 = SURFACE_CURVE('',#11087,(#11091,#11098),.PCURVE_S1.);
#11087 = LINE('',#11088,#11089);
#11088 = CARTESIAN_POINT('',(-12.53293103641,2.858571585322,
    -54.95469314221));
#11089 = VECTOR('',#11090,1.);
#11090 = DIRECTION('',(3.610348622615E-02,-0.984807753012,0.169853548357
    ));
#11091 = PCURVE('',#8771,#11092);
#11092 = DEFINITIONAL_REPRESENTATION('',(#11093),#11097);
#11093 = LINE('',#11094,#11095);
#11094 = CARTESIAN_POINT('',(0.850539292535,1.465222691441E-12));
#11095 = VECTOR('',#11096,1.);
#11096 = DIRECTION('',(1.342459129972E-15,-1.));
#11097 = ( GEOMETRIC_REPRESENTATION_CONTEXT(2) 
PARAMETRIC_REPRESENTATION_CONTEXT() REPRESENTATION_CONTEXT('2D SPACE',''
  ) );
#11098 = PCURVE('',#8799,#11099);
#11099 = DEFINITIONAL_REPRESENTATION('',(#11100),#11104);
#11100 = LINE('',#11101,#11102);
#11101 = CARTESIAN_POINT('',(0.,0.));
#11102 = VECTOR('',#11103,1.);
#11103 = DIRECTION('',(-1.002670169115E-14,-1.));
#11104 = ( GEOMETRIC_REPRESENTATION_CONTEXT(2) 
PARAMETRIC_REPRESENTATION_CONTEXT() REPRESENTATION_CONTEXT('2D SPACE',''
  ) );
#11105 = ADVANCED_FACE('',(#11106),#8799,.F.);
#11106 = FACE_BOUND('',#11107,.F.);
#11107 = EDGE_LOOP('',(#11108,#11109,#11110,#11133));
#11108 = ORIENTED_EDGE('',*,*,#8783,.F.);
#11109 = ORIENTED_EDGE('',*,*,#11085,.T.);
#11110 = ORIENTED_EDGE('',*,*,#11111,.T.);
#11111 = EDGE_CURVE('',#11063,#11112,#11114,.T.);
#11112 = VERTEX_POINT('',#11113);
#11113 = CARTESIAN_POINT('',(-8.616730284853,2.76009081002,
    -55.76935455064));
#11114 = SURFACE_CURVE('',#11115,(#11119,#11126),.PCURVE_S1.);
#11115 = LINE('',#11116,#11117);
#11116 = CARTESIAN_POINT('',(-12.52932068779,2.76009081002,
    -54.93770778737));
#11117 = VECTOR('',#11118,1.);
#11118 = DIRECTION('',(0.978147600734,0.,-0.207911690818));
#11119 = PCURVE('',#8799,#11120);
#11120 = DEFINITIONAL_REPRESENTATION('',(#11121),#11125);
#11121 = LINE('',#11122,#11123);
#11122 = CARTESIAN_POINT('',(-3.457671648999E-12,-0.100000000001));
#11123 = VECTOR('',#11124,1.);
#11124 = DIRECTION('',(1.,-6.938893903907E-18));
#11125 = ( GEOMETRIC_REPRESENTATION_CONTEXT(2) 
PARAMETRIC_REPRESENTATION_CONTEXT() REPRESENTATION_CONTEXT('2D SPACE',''
  ) );
#11126 = PCURVE('',#10534,#11127);
#11127 = DEFINITIONAL_REPRESENTATION('',(#11128),#11132);
#11128 = LINE('',#11129,#11130);
#11129 = CARTESIAN_POINT('',(12.085838677002,-53.66925866142));
#11130 = VECTOR('',#11131,1.);
#11131 = DIRECTION('',(-0.978785713594,-0.204886619533));
#11132 = ( GEOMETRIC_REPRESENTATION_CONTEXT(2) 
PARAMETRIC_REPRESENTATION_CONTEXT() REPRESENTATION_CONTEXT('2D SPACE',''
  ) );
#11133 = ORIENTED_EDGE('',*,*,#11134,.F.);
#11134 = EDGE_CURVE('',#8784,#11112,#11135,.T.);
#11135 = SURFACE_CURVE('',#11136,(#11140,#11147),.PCURVE_S1.);
#11136 = LINE('',#11137,#11138);
#11137 = CARTESIAN_POINT('',(-8.620340633476,2.858571585322,
    -55.78633990548));
#11138 = VECTOR('',#11139,1.);
#11139 = DIRECTION('',(3.610348622615E-02,-0.984807753012,0.169853548357
    ));
#11140 = PCURVE('',#8799,#11141);
#11141 = DEFINITIONAL_REPRESENTATION('',(#11142),#11146);
#11142 = LINE('',#11143,#11144);
#11143 = CARTESIAN_POINT('',(3.999999999999,-1.598998711216E-13));
#11144 = VECTOR('',#11145,1.);
#11145 = DIRECTION('',(-3.082256672116E-14,-1.));
#11146 = ( GEOMETRIC_REPRESENTATION_CONTEXT(2) 
PARAMETRIC_REPRESENTATION_CONTEXT() REPRESENTATION_CONTEXT('2D SPACE',''
  ) );
#11147 = PCURVE('',#8827,#11148);
#11148 = DEFINITIONAL_REPRESENTATION('',(#11149),#11153);
#11149 = LINE('',#11150,#11151);
#11150 = CARTESIAN_POINT('',(-0.,0.));
#11151 = VECTOR('',#11152,1.);
#11152 = DIRECTION('',(-1.141309269315E-13,-1.));
#11153 = ( GEOMETRIC_REPRESENTATION_CONTEXT(2) 
PARAMETRIC_REPRESENTATION_CONTEXT() REPRESENTATION_CONTEXT('2D SPACE',''
  ) );
#11154 = ADVANCED_FACE('',(#11155),#8827,.F.);
#11155 = FACE_BOUND('',#11156,.F.);
#11156 = EDGE_LOOP('',(#11157,#11158,#11159,#11182));
#11157 = ORIENTED_EDGE('',*,*,#8811,.F.);
#11158 = ORIENTED_EDGE('',*,*,#11134,.T.);
#11159 = ORIENTED_EDGE('',*,*,#11160,.T.);
#11160 = EDGE_CURVE('',#11112,#11161,#11163,.T.);
#11161 = VERTEX_POINT('',#11162);
#11162 = CARTESIAN_POINT('',(-10.25475464533,1.370905388685,
    -63.47565327698));
#11163 = SURFACE_CURVE('',#11164,(#11168,#11175),.PCURVE_S1.);
#11164 = LINE('',#11165,#11166);
#11165 = CARTESIAN_POINT('',(-8.616730284853,2.76009081002,
    -55.76935455064));
#11166 = VECTOR('',#11167,1.);
#11167 = DIRECTION('',(-0.204753045059,-0.173648177667,-0.963287340793)
  );
#11168 = PCURVE('',#8827,#11169);
#11169 = DEFINITIONAL_REPRESENTATION('',(#11170),#11174);
#11170 = LINE('',#11171,#11172);
#11171 = CARTESIAN_POINT('',(-4.114195095717E-12,-0.100000000002));
#11172 = VECTOR('',#11173,1.);
#11173 = DIRECTION('',(1.,2.775557561563E-17));
#11174 = ( GEOMETRIC_REPRESENTATION_CONTEXT(2) 
PARAMETRIC_REPRESENTATION_CONTEXT() REPRESENTATION_CONTEXT('2D SPACE',''
  ) );
#11175 = PCURVE('',#10534,#11176);
#11176 = DEFINITIONAL_REPRESENTATION('',(#11177),#11181);
#11177 = LINE('',#11178,#11179);
#11178 = CARTESIAN_POINT('',(8.170695822623,-54.48880513955));
#11179 = VECTOR('',#11180,1.);
#11180 = DIRECTION('',(0.204886619533,-0.978785713594));
#11181 = ( GEOMETRIC_REPRESENTATION_CONTEXT(2) 
PARAMETRIC_REPRESENTATION_CONTEXT() REPRESENTATION_CONTEXT('2D SPACE',''
  ) );
#11182 = ORIENTED_EDGE('',*,*,#11183,.F.);
#11183 = EDGE_CURVE('',#8812,#11161,#11184,.T.);
#11184 = SURFACE_CURVE('',#11185,(#11189,#11196),.PCURVE_S1.);
#11185 = LINE('',#11186,#11187);
#11186 = CARTESIAN_POINT('',(-10.25836499395,1.469386163986,
    -63.49263863182));
#11187 = VECTOR('',#11188,1.);
#11188 = DIRECTION('',(3.610348622619E-02,-0.984807753012,0.169853548357
    ));
#11189 = PCURVE('',#8827,#11190);
#11190 = DEFINITIONAL_REPRESENTATION('',(#11191),#11195);
#11191 = LINE('',#11192,#11193);
#11192 = CARTESIAN_POINT('',(7.999999999997,-1.31694655181E-12));
#11193 = VECTOR('',#11194,1.);
#11194 = DIRECTION('',(-2.600697435184E-14,-1.));
#11195 = ( GEOMETRIC_REPRESENTATION_CONTEXT(2) 
PARAMETRIC_REPRESENTATION_CONTEXT() REPRESENTATION_CONTEXT('2D SPACE',''
  ) );
#11196 = PCURVE('',#8855,#11197);
#11197 = DEFINITIONAL_REPRESENTATION('',(#11198),#11202);
#11198 = LINE('',#11199,#11200);
#11199 = CARTESIAN_POINT('',(0.,0.));
#11200 = VECTOR('',#11201,1.);
#11201 = DIRECTION('',(-2.909478213908E-14,-1.));
#11202 = ( GEOMETRIC_REPRESENTATION_CONTEXT(2) 
PARAMETRIC_REPRESENTATION_CONTEXT() REPRESENTATION_CONTEXT('2D SPACE',''
  ) );
#11203 = ADVANCED_FACE('',(#11204),#8855,.F.);
#11204 = FACE_BOUND('',#11205,.F.);
#11205 = EDGE_LOOP('',(#11206,#11207,#11208,#11231));
#11206 = ORIENTED_EDGE('',*,*,#8839,.F.);
#11207 = ORIENTED_EDGE('',*,*,#11183,.T.);
#11208 = ORIENTED_EDGE('',*,*,#11209,.T.);
#11209 = EDGE_CURVE('',#11161,#11210,#11212,.T.);
#11210 = VERTEX_POINT('',#11211);
#11211 = CARTESIAN_POINT('',(-11.23290224606,1.370905388685,
    -63.26774158617));
#11212 = SURFACE_CURVE('',#11213,(#11217,#11224),.PCURVE_S1.);
#11213 = LINE('',#11214,#11215);
#11214 = CARTESIAN_POINT('',(-10.25475464533,1.370905388685,
    -63.47565327698));
#11215 = VECTOR('',#11216,1.);
#11216 = DIRECTION('',(-0.978147600734,0.,0.207911690818));
#11217 = PCURVE('',#8855,#11218);
#11218 = DEFINITIONAL_REPRESENTATION('',(#11219),#11223);
#11219 = LINE('',#11220,#11221);
#11220 = CARTESIAN_POINT('',(3.458705110509E-12,-0.1));
#11221 = VECTOR('',#11222,1.);
#11222 = DIRECTION('',(1.,6.938893903907E-18));
#11223 = ( GEOMETRIC_REPRESENTATION_CONTEXT(2) 
PARAMETRIC_REPRESENTATION_CONTEXT() REPRESENTATION_CONTEXT('2D SPACE',''
  ) );
#11224 = PCURVE('',#10534,#11225);
#11225 = DEFINITIONAL_REPRESENTATION('',(#11226),#11230);
#11226 = LINE('',#11227,#11228);
#11227 = CARTESIAN_POINT('',(9.809788778892,-62.3190908483));
#11228 = VECTOR('',#11229,1.);
#11229 = DIRECTION('',(0.978785713594,0.204886619533));
#11230 = ( GEOMETRIC_REPRESENTATION_CONTEXT(2) 
PARAMETRIC_REPRESENTATION_CONTEXT() REPRESENTATION_CONTEXT('2D SPACE',''
  ) );
#11231 = ORIENTED_EDGE('',*,*,#11232,.F.);
#11232 = EDGE_CURVE('',#8840,#11210,#11233,.T.);
#11233 = SURFACE_CURVE('',#11234,(#11238,#11245),.PCURVE_S1.);
#11234 = LINE('',#11235,#11236);
#11235 = CARTESIAN_POINT('',(-11.23651259468,1.469386163986,
    -63.284726941));
#11236 = VECTOR('',#11237,1.);
#11237 = DIRECTION('',(3.610348622615E-02,-0.984807753012,0.169853548357
    ));
#11238 = PCURVE('',#8855,#11239);
#11239 = DEFINITIONAL_REPRESENTATION('',(#11240),#11244);
#11240 = LINE('',#11241,#11242);
#11241 = CARTESIAN_POINT('',(0.999999999997,-5.10091968664E-13));
#11242 = VECTOR('',#11243,1.);
#11243 = DIRECTION('',(1.002670169115E-14,-1.));
#11244 = ( GEOMETRIC_REPRESENTATION_CONTEXT(2) 
PARAMETRIC_REPRESENTATION_CONTEXT() REPRESENTATION_CONTEXT('2D SPACE',''
  ) );
#11245 = PCURVE('',#8881,#11246);
#11246 = DEFINITIONAL_REPRESENTATION('',(#11247),#11251);
#11247 = LINE('',#11248,#11249);
#11248 = CARTESIAN_POINT('',(0.,0.));
#11249 = VECTOR('',#11250,1.);
#11250 = DIRECTION('',(1.779132396962E-14,-1.));
#11251 = ( GEOMETRIC_REPRESENTATION_CONTEXT(2) 
PARAMETRIC_REPRESENTATION_CONTEXT() REPRESENTATION_CONTEXT('2D SPACE',''
  ) );
#11252 = ADVANCED_FACE('',(#11253),#8881,.F.);
#11253 = FACE_BOUND('',#11254,.F.);
#11254 = EDGE_LOOP('',(#11255,#11256,#11257,#11278));
#11255 = ORIENTED_EDGE('',*,*,#8867,.F.);
#11256 = ORIENTED_EDGE('',*,*,#11232,.T.);
#11257 = ORIENTED_EDGE('',*,*,#11258,.T.);
#11258 = EDGE_CURVE('',#11210,#10496,#11259,.T.);
#11259 = SURFACE_CURVE('',#11260,(#11264,#11271),.PCURVE_S1.);
#11260 = LINE('',#11261,#11262);
#11261 = CARTESIAN_POINT('',(-11.23290224606,1.370905388685,
    -63.26774158617));
#11262 = VECTOR('',#11263,1.);
#11263 = DIRECTION('',(0.204753045059,0.173648177667,0.963287340793));
#11264 = PCURVE('',#8881,#11265);
#11265 = DEFINITIONAL_REPRESENTATION('',(#11266),#11270);
#11266 = LINE('',#11267,#11268);
#11267 = CARTESIAN_POINT('',(-5.949320897036E-12,-9.999999999873E-02));
#11268 = VECTOR('',#11269,1.);
#11269 = DIRECTION('',(1.,-2.775557561563E-17));
#11270 = ( GEOMETRIC_REPRESENTATION_CONTEXT(2) 
PARAMETRIC_REPRESENTATION_CONTEXT() REPRESENTATION_CONTEXT('2D SPACE',''
  ) );
#11271 = PCURVE('',#10534,#11272);
#11272 = DEFINITIONAL_REPRESENTATION('',(#11273),#11277);
#11273 = LINE('',#11274,#11275);
#11274 = CARTESIAN_POINT('',(10.788574492482,-62.11420422877));
#11275 = VECTOR('',#11276,1.);
#11276 = DIRECTION('',(-0.204886619533,0.978785713594));
#11277 = ( GEOMETRIC_REPRESENTATION_CONTEXT(2) 
PARAMETRIC_REPRESENTATION_CONTEXT() REPRESENTATION_CONTEXT('2D SPACE',''
  ) );
#11278 = ORIENTED_EDGE('',*,*,#10495,.F.);
#11279 = ADVANCED_FACE('',(#11280),#8914,.T.);
#11280 = FACE_BOUND('',#11281,.T.);
#11281 = EDGE_LOOP('',(#11282,#11356,#11377,#11378));
#11282 = ORIENTED_EDGE('',*,*,#11283,.F.);
#11283 = EDGE_CURVE('',#11284,#8899,#11286,.T.);
#11284 = VERTEX_POINT('',#11285);
#11285 = CARTESIAN_POINT('',(8.830061525083,2.196544351079,
    -47.43791205832));
#11286 = SURFACE_CURVE('',#11287,(#11299,#11305),.PCURVE_S1.);
#11287 = B_SPLINE_CURVE_WITH_KNOTS('',3,(#11288,#11289,#11290,#11291,
    #11292,#11293,#11294,#11295,#11296,#11297,#11298),.UNSPECIFIED.,.F.,
  .F.,(4,1,1,1,1,1,1,1,4),(0.,0.125,0.25,0.375,0.5,0.625,0.75,0.875,1.),
  .QUASI_UNIFORM_KNOTS.);
#11288 = CARTESIAN_POINT('',(8.830061525083,2.196544351079,
    -47.43791205832));
#11289 = CARTESIAN_POINT('',(8.874288182815,2.234052357455,
    -47.2298419927));
#11290 = CARTESIAN_POINT('',(8.961517158185,2.309158600418,
    -46.81291846686));
#11291 = CARTESIAN_POINT('',(9.001947975254,2.41821250406,
    -46.18921977242));
#11292 = CARTESIAN_POINT('',(8.904210691622,2.517707431,-45.59157531287)
  );
#11293 = CARTESIAN_POINT('',(8.652322869449,2.601224987205,
    -45.05380164688));
#11294 = CARTESIAN_POINT('',(8.255215554254,2.663424534792,
    -44.6087620471));
#11295 = CARTESIAN_POINT('',(7.739784830684,2.701602606916,
    -44.27784810391));
#11296 = CARTESIAN_POINT('',(7.143944964863,2.717252986622,
    -44.0604578167));
#11297 = CARTESIAN_POINT('',(6.721157729043,2.717489228359,
    -43.96922189028));
#11298 = CARTESIAN_POINT('',(6.509877847284,2.717489228359,
    -43.92431296507));
#11299 = PCURVE('',#8914,#11300);
#11300 = DEFINITIONAL_REPRESENTATION('',(#11301),#11304);
#11301 = B_SPLINE_CURVE_WITH_KNOTS('',1,(#11302,#11303),.UNSPECIFIED.,
  .F.,.F.,(2,2),(0.,1.),.PIECEWISE_BEZIER_KNOTS.);
#11302 = CARTESIAN_POINT('',(2.464878816601E-02,19.380366621063));
#11303 = CARTESIAN_POINT('',(0.975350926831,19.38036662106));
#11304 = ( GEOMETRIC_REPRESENTATION_CONTEXT(2) 
PARAMETRIC_REPRESENTATION_CONTEXT() REPRESENTATION_CONTEXT('2D SPACE',''
  ) );
#11305 = PCURVE('',#9339,#11306);
#11306 = DEFINITIONAL_REPRESENTATION('',(#11307),#11355);
#11307 = B_SPLINE_CURVE_WITH_KNOTS('',3,(#11308,#11309,#11310,#11311,
    #11312,#11313,#11314,#11315,#11316,#11317,#11318,#11319,#11320,
    #11321,#11322,#11323,#11324,#11325,#11326,#11327,#11328,#11329,
    #11330,#11331,#11332,#11333,#11334,#11335,#11336,#11337,#11338,
    #11339,#11340,#11341,#11342,#11343,#11344,#11345,#11346,#11347,
    #11348,#11349,#11350,#11351,#11352,#11353,#11354),.UNSPECIFIED.,.F.,
  .F.,(4,1,1,1,1,1,1,1,1,1,1,1,1,1,1,1,1,1,1,1,1,1,1,1,1,1,1,1,1,1,1,1,1
    ,1,1,1,1,1,1,1,1,1,1,1,4),(0.,2.272727272727E-02,4.545454545455E-02,
    6.818181818182E-02,9.090909090909E-02,0.113636363636,0.136363636364,
    0.159090909091,0.181818181818,0.204545454545,0.227272727273,0.25,
    0.272727272727,0.295454545455,0.318181818182,0.340909090909,
    0.363636363636,0.386363636364,0.409090909091,0.431818181818,
    0.454545454545,0.477272727273,0.5,0.522727272727,0.545454545455,
    0.568181818182,0.590909090909,0.613636363636,0.636363636364,
    0.659090909091,0.681818181818,0.704545454545,0.727272727273,0.75,
    0.772727272727,0.795454545455,0.818181818182,0.840909090909,
    0.863636363636,0.886363636364,0.909090909091,0.931818181818,
    0.954545454545,0.977272727273,1.),.QUASI_UNIFORM_KNOTS.);
#11308 = CARTESIAN_POINT('',(-3.558473278071E-07,1.000000000006));
#11309 = CARTESIAN_POINT('',(7.048166359641E-03,0.999999758499));
#11310 = CARTESIAN_POINT('',(2.109018354353E-02,1.000049986597));
#11311 = CARTESIAN_POINT('',(4.205337469682E-02,1.000190644671));
#11312 = CARTESIAN_POINT('',(6.298233735779E-02,1.0003064997));
#11313 = CARTESIAN_POINT('',(8.394142093751E-02,1.000318988156));
#11314 = CARTESIAN_POINT('',(0.104996683729,1.000201727401));
#11315 = CARTESIAN_POINT('',(0.126222114652,0.999951065378));
#11316 = CARTESIAN_POINT('',(0.147685572963,0.999885487367));
#11317 = CARTESIAN_POINT('',(0.169382668451,0.99993444483));
#11318 = CARTESIAN_POINT('',(0.191316281592,1.000011447471));
#11319 = CARTESIAN_POINT('',(0.213490908735,1.000059677734));
#11320 = CARTESIAN_POINT('',(0.235914369018,1.000032119808));
#11321 = CARTESIAN_POINT('',(0.258597632023,0.999952838902));
#11322 = CARTESIAN_POINT('',(0.281538854045,1.000011746506));
#11323 = CARTESIAN_POINT('',(0.304739587949,1.000103028299));
#11324 = CARTESIAN_POINT('',(0.328205403359,1.000170876551));
#11325 = CARTESIAN_POINT('',(0.35194584331,1.000158886342));
#11326 = CARTESIAN_POINT('',(0.375976962583,0.999993920874));
#11327 = CARTESIAN_POINT('',(0.400312958973,0.999771544955));
#11328 = CARTESIAN_POINT('',(0.424897042353,0.999667462549));
#11329 = CARTESIAN_POINT('',(0.449667489145,0.999727165728));
#11330 = CARTESIAN_POINT('',(0.474558389792,0.999904167105));
#11331 = CARTESIAN_POINT('',(0.499504266849,1.000047866018));
#11332 = CARTESIAN_POINT('',(0.524445555685,0.999904452688));
#11333 = CARTESIAN_POINT('',(0.549323482293,0.999721212109));
#11334 = CARTESIAN_POINT('',(0.574073410545,0.999655016593));
#11335 = CARTESIAN_POINT('',(0.598630086869,0.999756007722));
#11336 = CARTESIAN_POINT('',(0.622932916145,0.99998311011));
#11337 = CARTESIAN_POINT('',(0.64692410675,1.000166543046));
#11338 = CARTESIAN_POINT('',(0.670621083363,1.000194991019));
#11339 = CARTESIAN_POINT('',(0.694045746142,1.000131986886));
#11340 = CARTESIAN_POINT('',(0.717212129176,1.000032883273));
#11341 = CARTESIAN_POINT('',(0.740129937914,0.999957711504));
#11342 = CARTESIAN_POINT('',(0.762804123657,1.000026310217));
#11343 = CARTESIAN_POINT('',(0.78523603038,1.000068700854));
#11344 = CARTESIAN_POINT('',(0.807439758976,1.000037584527));
#11345 = CARTESIAN_POINT('',(0.829426239264,0.999970020868));
#11346 = CARTESIAN_POINT('',(0.851202876543,0.9999153319));
#11347 = CARTESIAN_POINT('',(0.872775563204,0.999951104622));
#11348 = CARTESIAN_POINT('',(0.894141668072,1.00015984729));
#11349 = CARTESIAN_POINT('',(0.91535792458,1.000261561436));
#11350 = CARTESIAN_POINT('',(0.936490780894,1.000254133717));
#11351 = CARTESIAN_POINT('',(0.957599172443,1.000158685534));
#11352 = CARTESIAN_POINT('',(0.978740942456,1.00004159479));
#11353 = CARTESIAN_POINT('',(0.992896943682,0.999999705423));
#11354 = CARTESIAN_POINT('',(1.000000077057,1.));
#11355 = ( GEOMETRIC_REPRESENTATION_CONTEXT(2) 
PARAMETRIC_REPRESENTATION_CONTEXT() REPRESENTATION_CONTEXT('2D SPACE',''
  ) );
#11356 = ORIENTED_EDGE('',*,*,#11357,.F.);
#11357 = EDGE_CURVE('',#10286,#11284,#11358,.T.);
#11358 = SURFACE_CURVE('',#11359,(#11363,#11370),.PCURVE_S1.);
#11359 = LINE('',#11360,#11361);
#11360 = CARTESIAN_POINT('',(8.743413158139,4.560082958308,
    -47.84556057437));
#11361 = VECTOR('',#11362,1.);
#11362 = DIRECTION('',(3.610348622633E-02,-0.984807753012,0.169853548358
    ));
#11363 = PCURVE('',#8914,#11364);
#11364 = DEFINITIONAL_REPRESENTATION('',(#11365),#11369);
#11365 = LINE('',#11366,#11367);
#11366 = CARTESIAN_POINT('',(2.464878816703E-02,16.980366621064));
#11367 = VECTOR('',#11368,1.);
#11368 = DIRECTION('',(1.692439591251E-13,1.));
#11369 = ( GEOMETRIC_REPRESENTATION_CONTEXT(2) 
PARAMETRIC_REPRESENTATION_CONTEXT() REPRESENTATION_CONTEXT('2D SPACE',''
  ) );
#11370 = PCURVE('',#10301,#11371);
#11371 = DEFINITIONAL_REPRESENTATION('',(#11372),#11376);
#11372 = LINE('',#11373,#11374);
#11373 = CARTESIAN_POINT('',(3.000001982626,-0.3));
#11374 = VECTOR('',#11375,1.);
#11375 = DIRECTION('',(-9.39026634228E-13,-1.));
#11376 = ( GEOMETRIC_REPRESENTATION_CONTEXT(2) 
PARAMETRIC_REPRESENTATION_CONTEXT() REPRESENTATION_CONTEXT('2D SPACE',''
  ) );
#11377 = ORIENTED_EDGE('',*,*,#10338,.F.);
#11378 = ORIENTED_EDGE('',*,*,#8896,.T.);
#11379 = ADVANCED_FACE('',(#11380),#8946,.T.);
#11380 = FACE_BOUND('',#11381,.F.);
#11381 = EDGE_LOOP('',(#11382,#11383,#11384,#11385));
#11382 = ORIENTED_EDGE('',*,*,#9284,.T.);
#11383 = ORIENTED_EDGE('',*,*,#9033,.T.);
#11384 = ORIENTED_EDGE('',*,*,#8932,.F.);
#11385 = ORIENTED_EDGE('',*,*,#11386,.F.);
#11386 = EDGE_CURVE('',#9285,#8899,#11387,.T.);
#11387 = SURFACE_CURVE('',#11388,(#11392,#11399),.PCURVE_S1.);
#11388 = LINE('',#11389,#11390);
#11389 = CARTESIAN_POINT('',(6.459282941125,2.369952449155,
    -44.16234309461));
#11390 = VECTOR('',#11391,1.);
#11391 = DIRECTION('',(0.119253337463,0.819152044289,0.561042395761));
#11392 = PCURVE('',#8946,#11393);
#11393 = DEFINITIONAL_REPRESENTATION('',(#11394),#11398);
#11394 = LINE('',#11395,#11396);
#11395 = CARTESIAN_POINT('',(-0.212132034355,-0.499999534597));
#11396 = VECTOR('',#11397,1.);
#11397 = DIRECTION('',(1.,-9.279631389691E-08));
#11398 = ( GEOMETRIC_REPRESENTATION_CONTEXT(2) 
PARAMETRIC_REPRESENTATION_CONTEXT() REPRESENTATION_CONTEXT('2D SPACE',''
  ) );
#11399 = PCURVE('',#9339,#11400);
#11400 = DEFINITIONAL_REPRESENTATION('',(#11401),#11404);
#11401 = B_SPLINE_CURVE_WITH_KNOTS('',1,(#11402,#11403),.UNSPECIFIED.,
  .F.,.F.,(2,2),(0.,0.424264068709),.PIECEWISE_BEZIER_KNOTS.);
#11402 = CARTESIAN_POINT('',(1.000000087286,3.521422338316E-12));
#11403 = CARTESIAN_POINT('',(1.000000077057,1.));
#11404 = ( GEOMETRIC_REPRESENTATION_CONTEXT(2) 
PARAMETRIC_REPRESENTATION_CONTEXT() REPRESENTATION_CONTEXT('2D SPACE',''
  ) );
#11405 = ADVANCED_FACE('',(#11406),#9107,.T.);
#11406 = FACE_BOUND('',#11407,.T.);
#11407 = EDGE_LOOP('',(#11408,#11482,#11483,#11484));
#11408 = ORIENTED_EDGE('',*,*,#11409,.F.);
#11409 = EDGE_CURVE('',#9092,#11410,#11412,.T.);
#11410 = VERTEX_POINT('',#11411);
#11411 = CARTESIAN_POINT('',(-27.36139938335,2.196544621379,
    -39.74517799861));
#11412 = SURFACE_CURVE('',#11413,(#11425,#11431),.PCURVE_S1.);
#11413 = B_SPLINE_CURVE_WITH_KNOTS('',3,(#11414,#11415,#11416,#11417,
    #11418,#11419,#11420,#11421,#11422,#11423,#11424),.UNSPECIFIED.,.F.,
  .F.,(4,1,1,1,1,1,1,1,4),(0.,0.125,0.25,0.375,0.5,0.625,0.75,0.875,1.),
  .QUASI_UNIFORM_KNOTS.);
#11414 = CARTESIAN_POINT('',(-23.81269541944,2.717489228359,
    -37.47905105051));
#11415 = CARTESIAN_POINT('',(-24.0239753012,2.717489228359,
    -37.43414212529));
#11416 = CARTESIAN_POINT('',(-24.44732188374,2.717252986572,
    -37.34552675685));
#11417 = CARTESIAN_POINT('',(-25.08006838606,2.701602607091,
    -37.30177294863));
#11418 = CARTESIAN_POINT('',(-25.68553284975,2.663424534146,
    -37.39443326959));
#11419 = CARTESIAN_POINT('',(-26.22932227866,2.601224989619,
    -37.63947907481));
#11420 = CARTESIAN_POINT('',(-26.67816554078,2.517707421994,
    -38.02830781708));
#11421 = CARTESIAN_POINT('',(-27.01053683864,2.418212537673,
    -38.53452962829));
#11422 = CARTESIAN_POINT('',(-27.22728275143,2.309158474971,
    -39.12075231444));
#11423 = CARTESIAN_POINT('',(-27.31717272562,2.234052627755,
    -39.537107933));
#11424 = CARTESIAN_POINT('',(-27.36139938335,2.196544621379,
    -39.74517799861));
#11425 = PCURVE('',#9107,#11426);
#11426 = DEFINITIONAL_REPRESENTATION('',(#11427),#11430);
#11427 = B_SPLINE_CURVE_WITH_KNOTS('',1,(#11428,#11429),.UNSPECIFIED.,
  .F.,.F.,(2,2),(0.,1.),.PIECEWISE_BEZIER_KNOTS.);
#11428 = CARTESIAN_POINT('',(2.464878816592E-02,19.380366621061));
#11429 = CARTESIAN_POINT('',(0.97535092683,19.380366621063));
#11430 = ( GEOMETRIC_REPRESENTATION_CONTEXT(2) 
PARAMETRIC_REPRESENTATION_CONTEXT() REPRESENTATION_CONTEXT('2D SPACE',''
  ) );
#11431 = PCURVE('',#9696,#11432);
#11432 = DEFINITIONAL_REPRESENTATION('',(#11433),#11481);
#11433 = B_SPLINE_CURVE_WITH_KNOTS('',3,(#11434,#11435,#11436,#11437,
    #11438,#11439,#11440,#11441,#11442,#11443,#11444,#11445,#11446,
    #11447,#11448,#11449,#11450,#11451,#11452,#11453,#11454,#11455,
    #11456,#11457,#11458,#11459,#11460,#11461,#11462,#11463,#11464,
    #11465,#11466,#11467,#11468,#11469,#11470,#11471,#11472,#11473,
    #11474,#11475,#11476,#11477,#11478,#11479,#11480),.UNSPECIFIED.,.F.,
  .F.,(4,1,1,1,1,1,1,1,1,1,1,1,1,1,1,1,1,1,1,1,1,1,1,1,1,1,1,1,1,1,1,1,1
    ,1,1,1,1,1,1,1,1,1,1,1,4),(0.,2.272727272727E-02,4.545454545455E-02,
    6.818181818182E-02,9.090909090909E-02,0.113636363636,0.136363636364,
    0.159090909091,0.181818181818,0.204545454545,0.227272727273,0.25,
    0.272727272727,0.295454545455,0.318181818182,0.340909090909,
    0.363636363636,0.386363636364,0.409090909091,0.431818181818,
    0.454545454545,0.477272727273,0.5,0.522727272727,0.545454545455,
    0.568181818182,0.590909090909,0.613636363636,0.636363636364,
    0.659090909091,0.681818181818,0.704545454545,0.727272727273,0.75,
    0.772727272727,0.795454545455,0.818181818182,0.840909090909,
    0.863636363636,0.886363636364,0.909090909091,0.931818181818,
    0.954545454545,0.977272727273,1.),.QUASI_UNIFORM_KNOTS.);
#11434 = CARTESIAN_POINT('',(-3.55845650229E-07,0.999999999992));
#11435 = CARTESIAN_POINT('',(7.048166361098E-03,0.999999758486));
#11436 = CARTESIAN_POINT('',(2.109018354465E-02,1.000049986587));
#11437 = CARTESIAN_POINT('',(4.205337469767E-02,1.000190644663));
#11438 = CARTESIAN_POINT('',(6.298233735855E-02,1.000306499693));
#11439 = CARTESIAN_POINT('',(8.394142093831E-02,1.00031898815));
#11440 = CARTESIAN_POINT('',(0.10499668373,1.000201727395));
#11441 = CARTESIAN_POINT('',(0.126222114653,0.999951065372));
#11442 = CARTESIAN_POINT('',(0.147685572964,0.999885487362));
#11443 = CARTESIAN_POINT('',(0.169382668452,0.999934444827));
#11444 = CARTESIAN_POINT('',(0.191316281593,1.000011447469));
#11445 = CARTESIAN_POINT('',(0.213490908736,1.000059677732));
#11446 = CARTESIAN_POINT('',(0.235914369019,1.000032119806));
#11447 = CARTESIAN_POINT('',(0.258597632024,0.999952838901));
#11448 = CARTESIAN_POINT('',(0.281538854046,1.000011746505));
#11449 = CARTESIAN_POINT('',(0.30473958795,1.000103028298));
#11450 = CARTESIAN_POINT('',(0.328205403359,1.00017087655));
#11451 = CARTESIAN_POINT('',(0.351945843311,1.000158886341));
#11452 = CARTESIAN_POINT('',(0.375976962583,0.999993920874));
#11453 = CARTESIAN_POINT('',(0.400312958974,0.999771544955));
#11454 = CARTESIAN_POINT('',(0.424897042354,0.999667462549));
#11455 = CARTESIAN_POINT('',(0.449667489146,0.99972716573));
#11456 = CARTESIAN_POINT('',(0.474558389792,0.999904167108));
#11457 = CARTESIAN_POINT('',(0.49950426685,1.000047866021));
#11458 = CARTESIAN_POINT('',(0.524445555685,0.999904452692));
#11459 = CARTESIAN_POINT('',(0.549323482293,0.999721212114));
#11460 = CARTESIAN_POINT('',(0.574073410546,0.9996550166));
#11461 = CARTESIAN_POINT('',(0.598630086869,0.999756007729));
#11462 = CARTESIAN_POINT('',(0.622932916145,0.999983110118));
#11463 = CARTESIAN_POINT('',(0.646924106751,1.000166543055));
#11464 = CARTESIAN_POINT('',(0.670621083363,1.000194991029));
#11465 = CARTESIAN_POINT('',(0.694045746142,1.000131986898));
#11466 = CARTESIAN_POINT('',(0.717212129176,1.000032883285));
#11467 = CARTESIAN_POINT('',(0.740129937914,0.999957711516));
#11468 = CARTESIAN_POINT('',(0.762804123657,1.000026310229));
#11469 = CARTESIAN_POINT('',(0.78523603038,1.000068700863));
#11470 = CARTESIAN_POINT('',(0.807439758976,1.000037584534));
#11471 = CARTESIAN_POINT('',(0.829426239264,0.999970020872));
#11472 = CARTESIAN_POINT('',(0.851202876542,0.999915331902));
#11473 = CARTESIAN_POINT('',(0.872775563204,0.999951104621));
#11474 = CARTESIAN_POINT('',(0.894141668072,1.000159847289));
#11475 = CARTESIAN_POINT('',(0.91535792458,1.000261561436));
#11476 = CARTESIAN_POINT('',(0.936490780894,1.000254133717));
#11477 = CARTESIAN_POINT('',(0.957599172442,1.000158685536));
#11478 = CARTESIAN_POINT('',(0.978740942456,1.000041594791));
#11479 = CARTESIAN_POINT('',(0.992896943681,0.999999705424));
#11480 = CARTESIAN_POINT('',(1.000000077057,1.));
#11481 = ( GEOMETRIC_REPRESENTATION_CONTEXT(2) 
PARAMETRIC_REPRESENTATION_CONTEXT() REPRESENTATION_CONTEXT('2D SPACE',''
  ) );
#11482 = ORIENTED_EDGE('',*,*,#9089,.F.);
#11483 = ORIENTED_EDGE('',*,*,#9860,.F.);
#11484 = ORIENTED_EDGE('',*,*,#11485,.T.);
#11485 = EDGE_CURVE('',#9861,#11410,#11486,.T.);
#11486 = SURFACE_CURVE('',#11487,(#11491,#11498),.PCURVE_S1.);
#11487 = LINE('',#11488,#11489);
#11488 = CARTESIAN_POINT('',(-27.44804775029,4.560083228608,
    -40.15282651467));
#11489 = VECTOR('',#11490,1.);
#11490 = DIRECTION('',(3.610348622608E-02,-0.984807753012,0.169853548356
    ));
#11491 = PCURVE('',#9107,#11492);
#11492 = DEFINITIONAL_REPRESENTATION('',(#11493),#11497);
#11493 = LINE('',#11494,#11495);
#11494 = CARTESIAN_POINT('',(0.975350926831,16.980366621063));
#11495 = VECTOR('',#11496,1.);
#11496 = DIRECTION('',(7.600401789412E-14,1.));
#11497 = ( GEOMETRIC_REPRESENTATION_CONTEXT(2) 
PARAMETRIC_REPRESENTATION_CONTEXT() REPRESENTATION_CONTEXT('2D SPACE',''
  ) );
#11498 = PCURVE('',#9975,#11499);
#11499 = DEFINITIONAL_REPRESENTATION('',(#11500),#11504);
#11500 = LINE('',#11501,#11502);
#11501 = CARTESIAN_POINT('',(33.999999573962,-0.299999999999));
#11502 = VECTOR('',#11503,1.);
#11503 = DIRECTION('',(-3.991529329284E-13,-1.));
#11504 = ( GEOMETRIC_REPRESENTATION_CONTEXT(2) 
PARAMETRIC_REPRESENTATION_CONTEXT() REPRESENTATION_CONTEXT('2D SPACE',''
  ) );
#11505 = ADVANCED_FACE('',(#11506),#9161,.T.);
#11506 = FACE_BOUND('',#11507,.F.);
#11507 = EDGE_LOOP('',(#11508,#11509,#11529,#11530));
#11508 = ORIENTED_EDGE('',*,*,#9755,.T.);
#11509 = ORIENTED_EDGE('',*,*,#11510,.T.);
#11510 = EDGE_CURVE('',#9665,#9092,#11511,.T.);
#11511 = SURFACE_CURVE('',#11512,(#11516,#11523),.PCURVE_S1.);
#11512 = LINE('',#11513,#11514);
#11513 = CARTESIAN_POINT('',(-23.86328957065,2.369952449155,
    -37.71708134052));
#11514 = VECTOR('',#11515,1.);
#11515 = DIRECTION('',(0.119251558035,0.819152044288,0.561042773989));
#11516 = PCURVE('',#9161,#11517);
#11517 = DEFINITIONAL_REPRESENTATION('',(#11518),#11522);
#11518 = LINE('',#11519,#11520);
#11519 = CARTESIAN_POINT('',(-0.212132034355,0.499997284928));
#11520 = VECTOR('',#11521,1.);
#11521 = DIRECTION('',(0.999999999999,1.726385216755E-06));
#11522 = ( GEOMETRIC_REPRESENTATION_CONTEXT(2) 
PARAMETRIC_REPRESENTATION_CONTEXT() REPRESENTATION_CONTEXT('2D SPACE',''
  ) );
#11523 = PCURVE('',#9696,#11524);
#11524 = DEFINITIONAL_REPRESENTATION('',(#11525),#11528);
#11525 = B_SPLINE_CURVE_WITH_KNOTS('',1,(#11526,#11527),.UNSPECIFIED.,
  .F.,.F.,(2,2),(0.,0.42426406871),.PIECEWISE_BEZIER_KNOTS.);
#11526 = CARTESIAN_POINT('',(-5.054239881034E-07,-1.499304510464E-12));
#11527 = CARTESIAN_POINT('',(-3.558459007782E-07,0.999999999992));
#11528 = ( GEOMETRIC_REPRESENTATION_CONTEXT(2) 
PARAMETRIC_REPRESENTATION_CONTEXT() REPRESENTATION_CONTEXT('2D SPACE',''
  ) );
#11529 = ORIENTED_EDGE('',*,*,#9147,.F.);
#11530 = ORIENTED_EDGE('',*,*,#9257,.F.);
#11531 = ADVANCED_FACE('',(#11532),#9339,.F.);
#11532 = FACE_BOUND('',#11533,.F.);
#11533 = EDGE_LOOP('',(#11534,#11535,#11536,#11537));
#11534 = ORIENTED_EDGE('',*,*,#9307,.T.);
#11535 = ORIENTED_EDGE('',*,*,#11386,.T.);
#11536 = ORIENTED_EDGE('',*,*,#11283,.F.);
#11537 = ORIENTED_EDGE('',*,*,#11538,.F.);
#11538 = EDGE_CURVE('',#9308,#11284,#11539,.T.);
#11539 = SURFACE_CURVE('',#11540,(#11544,#11550),.PCURVE_S1.);
#11540 = LINE('',#11541,#11542);
#11541 = CARTESIAN_POINT('',(8.54744814076,1.901101897988,
    -47.32458319212));
#11542 = VECTOR('',#11543,1.);
#11543 = DIRECTION('',(0.666126135027,0.696364540102,-0.267118699311));
#11544 = PCURVE('',#9339,#11545);
#11545 = DEFINITIONAL_REPRESENTATION('',(#11546),#11549);
#11546 = B_SPLINE_CURVE_WITH_KNOTS('',1,(#11547,#11548),.UNSPECIFIED.,
  .F.,.F.,(2,2),(0.,0.424264068713),.PIECEWISE_BEZIER_KNOTS.);
#11547 = CARTESIAN_POINT('',(-5.054244287977E-07,3.969410423348E-12));
#11548 = CARTESIAN_POINT('',(-3.558471731722E-07,1.000000000006));
#11549 = ( GEOMETRIC_REPRESENTATION_CONTEXT(2) 
PARAMETRIC_REPRESENTATION_CONTEXT() REPRESENTATION_CONTEXT('2D SPACE',''
  ) );
#11550 = PCURVE('',#9414,#11551);
#11551 = DEFINITIONAL_REPRESENTATION('',(#11552),#11556);
#11552 = LINE('',#11553,#11554);
#11553 = CARTESIAN_POINT('',(-0.212132034355,15.499997284926));
#11554 = VECTOR('',#11555,1.);
#11555 = DIRECTION('',(0.999999999999,1.726385422396E-06));
#11556 = ( GEOMETRIC_REPRESENTATION_CONTEXT(2) 
PARAMETRIC_REPRESENTATION_CONTEXT() REPRESENTATION_CONTEXT('2D SPACE',''
  ) );
#11557 = ADVANCED_FACE('',(#11558),#9414,.T.);
#11558 = FACE_BOUND('',#11559,.F.);
#11559 = EDGE_LOOP('',(#11560,#11561,#11562,#11585));
#11560 = ORIENTED_EDGE('',*,*,#9398,.T.);
#11561 = ORIENTED_EDGE('',*,*,#11538,.T.);
#11562 = ORIENTED_EDGE('',*,*,#11563,.F.);
#11563 = EDGE_CURVE('',#11564,#11284,#11566,.T.);
#11564 = VERTEX_POINT('',#11565);
#11565 = CARTESIAN_POINT('',(2.482717621428,-3.186548738337,
    -77.29981730267));
#11566 = SURFACE_CURVE('',#11567,(#11571,#11578),.PCURVE_S1.);
#11567 = LINE('',#11568,#11569);
#11568 = CARTESIAN_POINT('',(2.482717621428,-3.186548738337,
    -77.29981730267));
#11569 = VECTOR('',#11570,1.);
#11570 = DIRECTION('',(0.204753045059,0.173648177667,0.963287340793));
#11571 = PCURVE('',#9414,#11572);
#11572 = DEFINITIONAL_REPRESENTATION('',(#11573),#11577);
#11573 = LINE('',#11574,#11575);
#11574 = CARTESIAN_POINT('',(0.212132034357,-15.49999957397));
#11575 = VECTOR('',#11576,1.);
#11576 = DIRECTION('',(-3.941291737419E-15,1.));
#11577 = ( GEOMETRIC_REPRESENTATION_CONTEXT(2) 
PARAMETRIC_REPRESENTATION_CONTEXT() REPRESENTATION_CONTEXT('2D SPACE',''
  ) );
#11578 = PCURVE('',#10301,#11579);
#11579 = DEFINITIONAL_REPRESENTATION('',(#11580),#11584);
#11580 = LINE('',#11581,#11582);
#11581 = CARTESIAN_POINT('',(33.999999573972,-2.7));
#11582 = VECTOR('',#11583,1.);
#11583 = DIRECTION('',(-1.,-2.775557561563E-17));
#11584 = ( GEOMETRIC_REPRESENTATION_CONTEXT(2) 
PARAMETRIC_REPRESENTATION_CONTEXT() REPRESENTATION_CONTEXT('2D SPACE',''
  ) );
#11585 = ORIENTED_EDGE('',*,*,#11586,.F.);
#11586 = EDGE_CURVE('',#9399,#11564,#11587,.T.);
#11587 = SURFACE_CURVE('',#11588,(#11592,#11599),.PCURVE_S1.);
#11588 = LINE('',#11589,#11590);
#11589 = CARTESIAN_POINT('',(2.200104395136,-3.481991057404,
    -77.18648769299));
#11590 = VECTOR('',#11591,1.);
#11591 = DIRECTION('',(0.666125762545,0.696364224206,-0.267120451707));
#11592 = PCURVE('',#9414,#11593);
#11593 = DEFINITIONAL_REPRESENTATION('',(#11594),#11598);
#11594 = LINE('',#11595,#11596);
#11595 = CARTESIAN_POINT('',(-0.212132034356,-15.4999995346));
#11596 = VECTOR('',#11597,1.);
#11597 = DIRECTION('',(1.,-9.279671553397E-08));
#11598 = ( GEOMETRIC_REPRESENTATION_CONTEXT(2) 
PARAMETRIC_REPRESENTATION_CONTEXT() REPRESENTATION_CONTEXT('2D SPACE',''
  ) );
#11599 = PCURVE('',#9458,#11600);
#11600 = DEFINITIONAL_REPRESENTATION('',(#11601),#11604);
#11601 = B_SPLINE_CURVE_WITH_KNOTS('',1,(#11602,#11603),.UNSPECIFIED.,
  .F.,.F.,(2,2),(0.,0.424264068713),.PIECEWISE_BEZIER_KNOTS.);
#11602 = CARTESIAN_POINT('',(1.000000087286,-1.268259897103E-12));
#11603 = CARTESIAN_POINT('',(1.000000077057,1.000000000003));
#11604 = ( GEOMETRIC_REPRESENTATION_CONTEXT(2) 
PARAMETRIC_REPRESENTATION_CONTEXT() REPRESENTATION_CONTEXT('2D SPACE',''
  ) );
#11605 = ADVANCED_FACE('',(#11606),#9458,.F.);
#11606 = FACE_BOUND('',#11607,.F.);
#11607 = EDGE_LOOP('',(#11608,#11609,#11610,#11684));
#11608 = ORIENTED_EDGE('',*,*,#9426,.T.);
#11609 = ORIENTED_EDGE('',*,*,#11586,.T.);
#11610 = ORIENTED_EDGE('',*,*,#11611,.F.);
#11611 = EDGE_CURVE('',#11612,#11564,#11614,.T.);
#11612 = VERTEX_POINT('',#11613);
#11613 = CARTESIAN_POINT('',(-1.065986342484,-3.707493345317,
    -79.56594425077));
#11614 = SURFACE_CURVE('',#11615,(#11627,#11678),.PCURVE_S1.);
#11615 = B_SPLINE_CURVE_WITH_KNOTS('',3,(#11616,#11617,#11618,#11619,
    #11620,#11621,#11622,#11623,#11624,#11625,#11626),.UNSPECIFIED.,.F.,
  .F.,(4,1,1,1,1,1,1,1,4),(0.,0.125,0.25,0.375,0.5,0.625,0.75,0.875,1.),
  .QUASI_UNIFORM_KNOTS.);
#11616 = CARTESIAN_POINT('',(-1.065986342484,-3.707493345317,
    -79.56594425077));
#11617 = CARTESIAN_POINT('',(-0.854706460726,-3.707493345317,
    -79.61085317599));
#11618 = CARTESIAN_POINT('',(-0.431359878188,-3.70725710353,
    -79.69946854443));
#11619 = CARTESIAN_POINT('',(0.201386624135,-3.691606724049,
    -79.74322235265));
#11620 = CARTESIAN_POINT('',(0.806851087826,-3.653428651104,
    -79.65056203169));
#11621 = CARTESIAN_POINT('',(1.350640516733,-3.591229106577,
    -79.40551622647));
#11622 = CARTESIAN_POINT('',(1.799483778859,-3.507711538952,
    -79.01668748419));
#11623 = CARTESIAN_POINT('',(2.131855076713,-3.408216654631,
    -78.51046567298));
#11624 = CARTESIAN_POINT('',(2.348600989511,-3.299162591929,
    -77.92424298684));
#11625 = CARTESIAN_POINT('',(2.438490963695,-3.224056744713,
    -77.50788736828));
#11626 = CARTESIAN_POINT('',(2.482717621428,-3.186548738337,
    -77.29981730267));
#11627 = PCURVE('',#9458,#11628);
#11628 = DEFINITIONAL_REPRESENTATION('',(#11629),#11677);
#11629 = B_SPLINE_CURVE_WITH_KNOTS('',3,(#11630,#11631,#11632,#11633,
    #11634,#11635,#11636,#11637,#11638,#11639,#11640,#11641,#11642,
    #11643,#11644,#11645,#11646,#11647,#11648,#11649,#11650,#11651,
    #11652,#11653,#11654,#11655,#11656,#11657,#11658,#11659,#11660,
    #11661,#11662,#11663,#11664,#11665,#11666,#11667,#11668,#11669,
    #11670,#11671,#11672,#11673,#11674,#11675,#11676),.UNSPECIFIED.,.F.,
  .F.,(4,1,1,1,1,1,1,1,1,1,1,1,1,1,1,1,1,1,1,1,1,1,1,1,1,1,1,1,1,1,1,1,1
    ,1,1,1,1,1,1,1,1,1,1,1,4),(0.,2.272727272727E-02,4.545454545455E-02,
    6.818181818182E-02,9.090909090909E-02,0.113636363636,0.136363636364,
    0.159090909091,0.181818181818,0.204545454545,0.227272727273,0.25,
    0.272727272727,0.295454545455,0.318181818182,0.340909090909,
    0.363636363636,0.386363636364,0.409090909091,0.431818181818,
    0.454545454545,0.477272727273,0.5,0.522727272727,0.545454545455,
    0.568181818182,0.590909090909,0.613636363636,0.636363636364,
    0.659090909091,0.681818181818,0.704545454545,0.727272727273,0.75,
    0.772727272727,0.795454545455,0.818181818182,0.840909090909,
    0.863636363636,0.886363636364,0.909090909091,0.931818181818,
    0.954545454545,0.977272727273,1.),.QUASI_UNIFORM_KNOTS.);
#11630 = CARTESIAN_POINT('',(-3.558460403312E-07,0.999999999998));
#11631 = CARTESIAN_POINT('',(7.048166360665E-03,0.999999758492));
#11632 = CARTESIAN_POINT('',(2.109018354414E-02,1.000049986593));
#11633 = CARTESIAN_POINT('',(4.205337469708E-02,1.000190644669));
#11634 = CARTESIAN_POINT('',(6.298233735789E-02,1.000306499699));
#11635 = CARTESIAN_POINT('',(8.39414209376E-02,1.000318988156));
#11636 = CARTESIAN_POINT('',(0.104996683729,1.000201727402));
#11637 = CARTESIAN_POINT('',(0.126222114652,0.999951065379));
#11638 = CARTESIAN_POINT('',(0.147685572964,0.999885487369));
#11639 = CARTESIAN_POINT('',(0.169382668451,0.999934444833));
#11640 = CARTESIAN_POINT('',(0.191316281592,1.000011447474));
#11641 = CARTESIAN_POINT('',(0.213490908736,1.000059677737));
#11642 = CARTESIAN_POINT('',(0.235914369018,1.00003211981));
#11643 = CARTESIAN_POINT('',(0.258597632023,0.999952838903));
#11644 = CARTESIAN_POINT('',(0.281538854045,1.000011746506));
#11645 = CARTESIAN_POINT('',(0.304739587949,1.000103028297));
#11646 = CARTESIAN_POINT('',(0.328205403359,1.000170876548));
#11647 = CARTESIAN_POINT('',(0.35194584331,1.000158886337));
#11648 = CARTESIAN_POINT('',(0.375976962583,0.99999392087));
#11649 = CARTESIAN_POINT('',(0.400312958973,0.999771544952));
#11650 = CARTESIAN_POINT('',(0.424897042353,0.999667462547));
#11651 = CARTESIAN_POINT('',(0.449667489145,0.999727165728));
#11652 = CARTESIAN_POINT('',(0.474558389792,0.999904167107));
#11653 = CARTESIAN_POINT('',(0.499504266849,1.000047866021));
#11654 = CARTESIAN_POINT('',(0.524445555685,0.999904452692));
#11655 = CARTESIAN_POINT('',(0.549323482293,0.999721212112));
#11656 = CARTESIAN_POINT('',(0.574073410546,0.999655016596));
#11657 = CARTESIAN_POINT('',(0.59863008687,0.999756007724));
#11658 = CARTESIAN_POINT('',(0.622932916145,0.999983110111));
#11659 = CARTESIAN_POINT('',(0.646924106751,1.000166543047));
#11660 = CARTESIAN_POINT('',(0.670621083364,1.00019499102));
#11661 = CARTESIAN_POINT('',(0.694045746143,1.000131986888));
#11662 = CARTESIAN_POINT('',(0.717212129177,1.000032883275));
#11663 = CARTESIAN_POINT('',(0.740129937915,0.999957711506));
#11664 = CARTESIAN_POINT('',(0.762804123658,1.00002631022));
#11665 = CARTESIAN_POINT('',(0.785236030381,1.000068700857));
#11666 = CARTESIAN_POINT('',(0.807439758977,1.000037584531));
#11667 = CARTESIAN_POINT('',(0.829426239264,0.999970020872));
#11668 = CARTESIAN_POINT('',(0.851202876543,0.999915331905));
#11669 = CARTESIAN_POINT('',(0.872775563204,0.999951104626));
#11670 = CARTESIAN_POINT('',(0.894141668072,1.000159847294));
#11671 = CARTESIAN_POINT('',(0.91535792458,1.000261561439));
#11672 = CARTESIAN_POINT('',(0.936490780894,1.000254133719));
#11673 = CARTESIAN_POINT('',(0.957599172442,1.000158685536));
#11674 = CARTESIAN_POINT('',(0.978740942455,1.000041594791));
#11675 = CARTESIAN_POINT('',(0.992896943681,0.999999705425));
#11676 = CARTESIAN_POINT('',(1.000000077056,1.000000000003));
#11677 = ( GEOMETRIC_REPRESENTATION_CONTEXT(2) 
PARAMETRIC_REPRESENTATION_CONTEXT() REPRESENTATION_CONTEXT('2D SPACE',''
  ) );
#11678 = PCURVE('',#10243,#11679);
#11679 = DEFINITIONAL_REPRESENTATION('',(#11680),#11683);
#11680 = B_SPLINE_CURVE_WITH_KNOTS('',1,(#11681,#11682),.UNSPECIFIED.,
  .F.,.F.,(2,2),(0.,1.),.PIECEWISE_BEZIER_KNOTS.);
#11681 = CARTESIAN_POINT('',(2.464878816613E-02,24.846503023027));
#11682 = CARTESIAN_POINT('',(0.97535092683,24.846503023025));
#11683 = ( GEOMETRIC_REPRESENTATION_CONTEXT(2) 
PARAMETRIC_REPRESENTATION_CONTEXT() REPRESENTATION_CONTEXT('2D SPACE',''
  ) );
#11684 = ORIENTED_EDGE('',*,*,#11685,.F.);
#11685 = EDGE_CURVE('',#9427,#11612,#11686,.T.);
#11686 = SURFACE_CURVE('',#11687,(#11691,#11697),.PCURVE_S1.);
#11687 = LINE('',#11688,#11689);
#11688 = CARTESIAN_POINT('',(-0.993730099536,-3.950841217921,
    -79.22600183174));
#11689 = VECTOR('',#11690,1.);
#11690 = DIRECTION('',(-0.170309597905,0.57357643635,-0.801251965692));
#11691 = PCURVE('',#9458,#11692);
#11692 = DEFINITIONAL_REPRESENTATION('',(#11693),#11696);
#11693 = B_SPLINE_CURVE_WITH_KNOTS('',1,(#11694,#11695),.UNSPECIFIED.,
  .F.,.F.,(2,2),(0.,0.424264068714),.PIECEWISE_BEZIER_KNOTS.);
#11694 = CARTESIAN_POINT('',(-5.054237406725E-07,-7.998056770345E-12));
#11695 = CARTESIAN_POINT('',(-3.558461317763E-07,0.999999999998));
#11696 = ( GEOMETRIC_REPRESENTATION_CONTEXT(2) 
PARAMETRIC_REPRESENTATION_CONTEXT() REPRESENTATION_CONTEXT('2D SPACE',''
  ) );
#11697 = PCURVE('',#9533,#11698);
#11698 = DEFINITIONAL_REPRESENTATION('',(#11699),#11703);
#11699 = LINE('',#11700,#11701);
#11700 = CARTESIAN_POINT('',(-0.212132034361,15.499997284924));
#11701 = VECTOR('',#11702,1.);
#11702 = DIRECTION('',(0.999999999999,1.726385741307E-06));
#11703 = ( GEOMETRIC_REPRESENTATION_CONTEXT(2) 
PARAMETRIC_REPRESENTATION_CONTEXT() REPRESENTATION_CONTEXT('2D SPACE',''
  ) );
#11704 = ADVANCED_FACE('',(#11705),#9533,.T.);
#11705 = FACE_BOUND('',#11706,.F.);
#11706 = EDGE_LOOP('',(#11707,#11708,#11709,#11732));
#11707 = ORIENTED_EDGE('',*,*,#9517,.T.);
#11708 = ORIENTED_EDGE('',*,*,#11685,.T.);
#11709 = ORIENTED_EDGE('',*,*,#11710,.F.);
#11710 = EDGE_CURVE('',#11711,#11612,#11713,.T.);
#11711 = VERTEX_POINT('',#11712);
#11712 = CARTESIAN_POINT('',(-31.38855960921,-3.707493345317,
    -73.12068233621));
#11713 = SURFACE_CURVE('',#11714,(#11718,#11725),.PCURVE_S1.);
#11714 = LINE('',#11715,#11716);
#11715 = CARTESIAN_POINT('',(-31.38855960921,-3.707493345317,
    -73.12068233621));
#11716 = VECTOR('',#11717,1.);
#11717 = DIRECTION('',(0.978147600734,0.,-0.207911690818));
#11718 = PCURVE('',#9533,#11719);
#11719 = DEFINITIONAL_REPRESENTATION('',(#11720),#11724);
#11720 = LINE('',#11721,#11722);
#11721 = CARTESIAN_POINT('',(0.212132034353,-15.49999957397));
#11722 = VECTOR('',#11723,1.);
#11723 = DIRECTION('',(8.718026300869E-14,1.));
#11724 = ( GEOMETRIC_REPRESENTATION_CONTEXT(2) 
PARAMETRIC_REPRESENTATION_CONTEXT() REPRESENTATION_CONTEXT('2D SPACE',''
  ) );
#11725 = PCURVE('',#10138,#11726);
#11726 = DEFINITIONAL_REPRESENTATION('',(#11727),#11731);
#11727 = LINE('',#11728,#11729);
#11728 = CARTESIAN_POINT('',(33.999999573969,-2.7));
#11729 = VECTOR('',#11730,1.);
#11730 = DIRECTION('',(-1.,0.));
#11731 = ( GEOMETRIC_REPRESENTATION_CONTEXT(2) 
PARAMETRIC_REPRESENTATION_CONTEXT() REPRESENTATION_CONTEXT('2D SPACE',''
  ) );
#11732 = ORIENTED_EDGE('',*,*,#11733,.F.);
#11733 = EDGE_CURVE('',#9518,#11711,#11734,.T.);
#11734 = SURFACE_CURVE('',#11735,(#11739,#11746),.PCURVE_S1.);
#11735 = LINE('',#11736,#11737);
#11736 = CARTESIAN_POINT('',(-31.31630261131,-3.950841217921,
    -72.78074007765));
#11737 = VECTOR('',#11738,1.);
#11738 = DIRECTION('',(-0.170311377334,0.573576436351,-0.801251587464));
#11739 = PCURVE('',#9533,#11740);
#11740 = DEFINITIONAL_REPRESENTATION('',(#11741),#11745);
#11741 = LINE('',#11742,#11743);
#11742 = CARTESIAN_POINT('',(-0.212132034361,-15.4999995346));
#11743 = VECTOR('',#11744,1.);
#11744 = DIRECTION('',(1.,-9.279672594231E-08));
#11745 = ( GEOMETRIC_REPRESENTATION_CONTEXT(2) 
PARAMETRIC_REPRESENTATION_CONTEXT() REPRESENTATION_CONTEXT('2D SPACE',''
  ) );
#11746 = PCURVE('',#9577,#11747);
#11747 = DEFINITIONAL_REPRESENTATION('',(#11748),#11751);
#11748 = B_SPLINE_CURVE_WITH_KNOTS('',1,(#11749,#11750),.UNSPECIFIED.,
  .F.,.F.,(2,2),(0.,0.424264068713),.PIECEWISE_BEZIER_KNOTS.);
#11749 = CARTESIAN_POINT('',(1.000000087286,-2.575045776883E-12));
#11750 = CARTESIAN_POINT('',(1.000000077057,1.000000000001));
#11751 = ( GEOMETRIC_REPRESENTATION_CONTEXT(2) 
PARAMETRIC_REPRESENTATION_CONTEXT() REPRESENTATION_CONTEXT('2D SPACE',''
  ) );
#11752 = ADVANCED_FACE('',(#11753),#9577,.F.);
#11753 = FACE_BOUND('',#11754,.F.);
#11754 = EDGE_LOOP('',(#11755,#11756,#11757,#11831));
#11755 = ORIENTED_EDGE('',*,*,#9545,.T.);
#11756 = ORIENTED_EDGE('',*,*,#11733,.T.);
#11757 = ORIENTED_EDGE('',*,*,#11758,.F.);
#11758 = EDGE_CURVE('',#11759,#11711,#11761,.T.);
#11759 = VERTEX_POINT('',#11760);
#11760 = CARTESIAN_POINT('',(-33.70874328701,-3.186548468037,
    -69.60708324296));
#11761 = SURFACE_CURVE('',#11762,(#11774,#11825),.PCURVE_S1.);
#11762 = B_SPLINE_CURVE_WITH_KNOTS('',3,(#11763,#11764,#11765,#11766,
    #11767,#11768,#11769,#11770,#11771,#11772,#11773),.UNSPECIFIED.,.F.,
  .F.,(4,1,1,1,1,1,1,1,4),(0.,0.125,0.25,0.375,0.5,0.625,0.75,0.875,1.),
  .QUASI_UNIFORM_KNOTS.);
#11763 = CARTESIAN_POINT('',(-33.70874328701,-3.186548468037,
    -69.60708324296));
#11764 = CARTESIAN_POINT('',(-33.75296994474,-3.224056474413,
    -69.81515330857));
#11765 = CARTESIAN_POINT('',(-33.84019892011,-3.299162717376,
    -70.23207683442));
#11766 = CARTESIAN_POINT('',(-33.88062973718,-3.408216621018,
    -70.85577552886));
#11767 = CARTESIAN_POINT('',(-33.78289245355,-3.507711547958,
    -71.45341998841));
#11768 = CARTESIAN_POINT('',(-33.53100463137,-3.591229104163,
    -71.9911936544));
#11769 = CARTESIAN_POINT('',(-33.13389731618,-3.65342865175,
    -72.43623325418));
#11770 = CARTESIAN_POINT('',(-32.61846659261,-3.691606723874,
    -72.76714719737));
#11771 = CARTESIAN_POINT('',(-32.02262672679,-3.70725710358,
    -72.98453748458));
#11772 = CARTESIAN_POINT('',(-31.59983949097,-3.707493345317,
    -73.07577341099));
#11773 = CARTESIAN_POINT('',(-31.38855960921,-3.707493345317,
    -73.12068233621));
#11774 = PCURVE('',#9577,#11775);
#11775 = DEFINITIONAL_REPRESENTATION('',(#11776),#11824);
#11776 = B_SPLINE_CURVE_WITH_KNOTS('',3,(#11777,#11778,#11779,#11780,
    #11781,#11782,#11783,#11784,#11785,#11786,#11787,#11788,#11789,
    #11790,#11791,#11792,#11793,#11794,#11795,#11796,#11797,#11798,
    #11799,#11800,#11801,#11802,#11803,#11804,#11805,#11806,#11807,
    #11808,#11809,#11810,#11811,#11812,#11813,#11814,#11815,#11816,
    #11817,#11818,#11819,#11820,#11821,#11822,#11823),.UNSPECIFIED.,.F.,
  .F.,(4,1,1,1,1,1,1,1,1,1,1,1,1,1,1,1,1,1,1,1,1,1,1,1,1,1,1,1,1,1,1,1,1
    ,1,1,1,1,1,1,1,1,1,1,1,4),(0.,2.272727272727E-02,4.545454545455E-02,
    6.818181818182E-02,9.090909090909E-02,0.113636363636,0.136363636364,
    0.159090909091,0.181818181818,0.204545454545,0.227272727273,0.25,
    0.272727272727,0.295454545455,0.318181818182,0.340909090909,
    0.363636363636,0.386363636364,0.409090909091,0.431818181818,
    0.454545454545,0.477272727273,0.5,0.522727272727,0.545454545455,
    0.568181818182,0.590909090909,0.613636363636,0.636363636364,
    0.659090909091,0.681818181818,0.704545454545,0.727272727273,0.75,
    0.772727272727,0.795454545455,0.818181818182,0.840909090909,
    0.863636363636,0.886363636364,0.909090909091,0.931818181818,
    0.954545454545,0.977272727273,1.),.QUASI_UNIFORM_KNOTS.);
#11777 = CARTESIAN_POINT('',(-3.558466028615E-07,1.000000000006));
#11778 = CARTESIAN_POINT('',(7.04816636005E-03,0.999999758499));
#11779 = CARTESIAN_POINT('',(2.109018354348E-02,1.000049986599));
#11780 = CARTESIAN_POINT('',(4.205337469647E-02,1.000190644674));
#11781 = CARTESIAN_POINT('',(6.298233735744E-02,1.000306499703));
#11782 = CARTESIAN_POINT('',(8.394142093735E-02,1.000318988158));
#11783 = CARTESIAN_POINT('',(0.104996683729,1.000201727403));
#11784 = CARTESIAN_POINT('',(0.126222114652,0.999951065379));
#11785 = CARTESIAN_POINT('',(0.147685572964,0.999885487369));
#11786 = CARTESIAN_POINT('',(0.169382668452,0.999934444833));
#11787 = CARTESIAN_POINT('',(0.191316281592,1.000011447475));
#11788 = CARTESIAN_POINT('',(0.213490908736,1.000059677739));
#11789 = CARTESIAN_POINT('',(0.235914369018,1.000032119813));
#11790 = CARTESIAN_POINT('',(0.258597632023,0.999952838909));
#11791 = CARTESIAN_POINT('',(0.281538854045,1.000011746514));
#11792 = CARTESIAN_POINT('',(0.304739587949,1.000103028307));
#11793 = CARTESIAN_POINT('',(0.328205403359,1.000170876559));
#11794 = CARTESIAN_POINT('',(0.35194584331,1.000158886349));
#11795 = CARTESIAN_POINT('',(0.375976962583,0.999993920881));
#11796 = CARTESIAN_POINT('',(0.400312958973,0.99977154496));
#11797 = CARTESIAN_POINT('',(0.424897042353,0.999667462551));
#11798 = CARTESIAN_POINT('',(0.449667489145,0.999727165729));
#11799 = CARTESIAN_POINT('',(0.474558389792,0.999904167104));
#11800 = CARTESIAN_POINT('',(0.49950426685,1.000047866016));
#11801 = CARTESIAN_POINT('',(0.524445555685,0.999904452686));
#11802 = CARTESIAN_POINT('',(0.549323482294,0.999721212107));
#11803 = CARTESIAN_POINT('',(0.574073410546,0.999655016593));
#11804 = CARTESIAN_POINT('',(0.59863008687,0.999756007723));
#11805 = CARTESIAN_POINT('',(0.622932916145,0.999983110112));
#11806 = CARTESIAN_POINT('',(0.646924106751,1.000166543049));
#11807 = CARTESIAN_POINT('',(0.670621083364,1.000194991023));
#11808 = CARTESIAN_POINT('',(0.694045746142,1.000131986891));
#11809 = CARTESIAN_POINT('',(0.717212129176,1.000032883278));
#11810 = CARTESIAN_POINT('',(0.740129937914,0.999957711509));
#11811 = CARTESIAN_POINT('',(0.762804123657,1.000026310223));
#11812 = CARTESIAN_POINT('',(0.78523603038,1.00006870086));
#11813 = CARTESIAN_POINT('',(0.807439758976,1.000037584533));
#11814 = CARTESIAN_POINT('',(0.829426239264,0.999970020874));
#11815 = CARTESIAN_POINT('',(0.851202876542,0.999915331906));
#11816 = CARTESIAN_POINT('',(0.872775563204,0.999951104626));
#11817 = CARTESIAN_POINT('',(0.894141668072,1.000159847293));
#11818 = CARTESIAN_POINT('',(0.915357924579,1.000261561437));
#11819 = CARTESIAN_POINT('',(0.936490780893,1.000254133715));
#11820 = CARTESIAN_POINT('',(0.957599172442,1.000158685531));
#11821 = CARTESIAN_POINT('',(0.978740942455,1.000041594787));
#11822 = CARTESIAN_POINT('',(0.992896943681,0.999999705423));
#11823 = CARTESIAN_POINT('',(1.000000077057,1.000000000001));
#11824 = ( GEOMETRIC_REPRESENTATION_CONTEXT(2) 
PARAMETRIC_REPRESENTATION_CONTEXT() REPRESENTATION_CONTEXT('2D SPACE',''
  ) );
#11825 = PCURVE('',#10080,#11826);
#11826 = DEFINITIONAL_REPRESENTATION('',(#11827),#11830);
#11827 = B_SPLINE_CURVE_WITH_KNOTS('',1,(#11828,#11829),.UNSPECIFIED.,
  .F.,.F.,(2,2),(0.,1.),.PIECEWISE_BEZIER_KNOTS.);
#11828 = CARTESIAN_POINT('',(2.464878816582E-02,24.846503023025));
#11829 = CARTESIAN_POINT('',(0.975350926831,24.846503023026));
#11830 = ( GEOMETRIC_REPRESENTATION_CONTEXT(2) 
PARAMETRIC_REPRESENTATION_CONTEXT() REPRESENTATION_CONTEXT('2D SPACE',''
  ) );
#11831 = ORIENTED_EDGE('',*,*,#11832,.F.);
#11832 = EDGE_CURVE('',#9546,#11759,#11833,.T.);
#11833 = SURFACE_CURVE('',#11834,(#11838,#11844),.PCURVE_S1.);
#11834 = LINE('',#11835,#11836);
#11835 = CARTESIAN_POINT('',(-33.40446781095,-3.481990666753,
    -69.61849998015));
#11836 = VECTOR('',#11837,1.);
#11837 = DIRECTION('',(-0.717184174897,0.696363940535,2.690950760778E-02
    ));
#11838 = PCURVE('',#9577,#11839);
#11839 = DEFINITIONAL_REPRESENTATION('',(#11840),#11843);
#11840 = B_SPLINE_CURVE_WITH_KNOTS('',1,(#11841,#11842),.UNSPECIFIED.,
  .F.,.F.,(2,2),(0.,0.424264068714),.PIECEWISE_BEZIER_KNOTS.);
#11841 = CARTESIAN_POINT('',(-5.05422452922E-07,3.093012413235E-12));
#11842 = CARTESIAN_POINT('',(-3.558457638466E-07,1.000000000006));
#11843 = ( GEOMETRIC_REPRESENTATION_CONTEXT(2) 
PARAMETRIC_REPRESENTATION_CONTEXT() REPRESENTATION_CONTEXT('2D SPACE',''
  ) );
#11844 = PCURVE('',#9652,#11845);
#11845 = DEFINITIONAL_REPRESENTATION('',(#11846),#11850);
#11846 = LINE('',#11847,#11848);
#11847 = CARTESIAN_POINT('',(-0.212132034352,15.499997284934));
#11848 = VECTOR('',#11849,1.);
#11849 = DIRECTION('',(0.999999999999,1.726386031676E-06));
#11850 = ( GEOMETRIC_REPRESENTATION_CONTEXT(2) 
PARAMETRIC_REPRESENTATION_CONTEXT() REPRESENTATION_CONTEXT('2D SPACE',''
  ) );
#11851 = ADVANCED_FACE('',(#11852),#9652,.T.);
#11852 = FACE_BOUND('',#11853,.F.);
#11853 = EDGE_LOOP('',(#11854,#11855,#11856,#11877));
#11854 = ORIENTED_EDGE('',*,*,#9636,.T.);
#11855 = ORIENTED_EDGE('',*,*,#11832,.T.);
#11856 = ORIENTED_EDGE('',*,*,#11857,.F.);
#11857 = EDGE_CURVE('',#11410,#11759,#11858,.T.);
#11858 = SURFACE_CURVE('',#11859,(#11863,#11870),.PCURVE_S1.);
#11859 = LINE('',#11860,#11861);
#11860 = CARTESIAN_POINT('',(-27.36139938335,2.196544621379,
    -39.74517799861));
#11861 = VECTOR('',#11862,1.);
#11862 = DIRECTION('',(-0.204753045059,-0.173648177667,-0.963287340793)
  );
#11863 = PCURVE('',#9652,#11864);
#11864 = DEFINITIONAL_REPRESENTATION('',(#11865),#11869);
#11865 = LINE('',#11866,#11867);
#11866 = CARTESIAN_POINT('',(0.212132034358,-15.49999957396));
#11867 = VECTOR('',#11868,1.);
#11868 = DIRECTION('',(1.302083441068E-14,1.));
#11869 = ( GEOMETRIC_REPRESENTATION_CONTEXT(2) 
PARAMETRIC_REPRESENTATION_CONTEXT() REPRESENTATION_CONTEXT('2D SPACE',''
  ) );
#11870 = PCURVE('',#9975,#11871);
#11871 = DEFINITIONAL_REPRESENTATION('',(#11872),#11876);
#11872 = LINE('',#11873,#11874);
#11873 = CARTESIAN_POINT('',(33.999999573966,-2.699999999999));
#11874 = VECTOR('',#11875,1.);
#11875 = DIRECTION('',(-1.,2.775557561563E-17));
#11876 = ( GEOMETRIC_REPRESENTATION_CONTEXT(2) 
PARAMETRIC_REPRESENTATION_CONTEXT() REPRESENTATION_CONTEXT('2D SPACE',''
  ) );
#11877 = ORIENTED_EDGE('',*,*,#11878,.F.);
#11878 = EDGE_CURVE('',#9637,#11410,#11879,.T.);
#11879 = SURFACE_CURVE('',#11880,(#11884,#11891),.PCURVE_S1.);
#11880 = LINE('',#11881,#11882);
#11881 = CARTESIAN_POINT('',(-27.05712406532,1.901102288638,
    -39.75659547927));
#11882 = VECTOR('',#11883,1.);
#11883 = DIRECTION('',(-0.717183802415,0.696364256434,2.691126000318E-02
    ));
#11884 = PCURVE('',#9652,#11885);
#11885 = DEFINITIONAL_REPRESENTATION('',(#11886),#11890);
#11886 = LINE('',#11887,#11888);
#11887 = CARTESIAN_POINT('',(-0.212132034357,-15.4999995346));
#11888 = VECTOR('',#11889,1.);
#11889 = DIRECTION('',(1.,-9.279638881962E-08));
#11890 = ( GEOMETRIC_REPRESENTATION_CONTEXT(2) 
PARAMETRIC_REPRESENTATION_CONTEXT() REPRESENTATION_CONTEXT('2D SPACE',''
  ) );
#11891 = PCURVE('',#9696,#11892);
#11892 = DEFINITIONAL_REPRESENTATION('',(#11893),#11896);
#11893 = B_SPLINE_CURVE_WITH_KNOTS('',1,(#11894,#11895),.UNSPECIFIED.,
  .F.,.F.,(2,2),(0.,0.424264068715),.PIECEWISE_BEZIER_KNOTS.);
#11894 = CARTESIAN_POINT('',(1.000000087285,-7.30961379074E-12));
#11895 = CARTESIAN_POINT('',(1.000000077056,1.));
#11896 = ( GEOMETRIC_REPRESENTATION_CONTEXT(2) 
PARAMETRIC_REPRESENTATION_CONTEXT() REPRESENTATION_CONTEXT('2D SPACE',''
  ) );
#11897 = ADVANCED_FACE('',(#11898),#9696,.F.);
#11898 = FACE_BOUND('',#11899,.F.);
#11899 = EDGE_LOOP('',(#11900,#11901,#11902,#11903));
#11900 = ORIENTED_EDGE('',*,*,#9664,.T.);
#11901 = ORIENTED_EDGE('',*,*,#11878,.T.);
#11902 = ORIENTED_EDGE('',*,*,#11409,.F.);
#11903 = ORIENTED_EDGE('',*,*,#11510,.F.);
#11904 = ADVANCED_FACE('',(#11905),#9975,.T.);
#11905 = FACE_BOUND('',#11906,.F.);
#11906 = EDGE_LOOP('',(#11907,#11908,#11909,#11930));
#11907 = ORIENTED_EDGE('',*,*,#11485,.T.);
#11908 = ORIENTED_EDGE('',*,*,#11857,.T.);
#11909 = ORIENTED_EDGE('',*,*,#11910,.F.);
#11910 = EDGE_CURVE('',#9960,#11759,#11911,.T.);
#11911 = SURFACE_CURVE('',#11912,(#11916,#11923),.PCURVE_S1.);
#11912 = LINE('',#11913,#11914);
#11913 = CARTESIAN_POINT('',(-33.79539165395,-0.823009860807,
    -70.01473175902));
#11914 = VECTOR('',#11915,1.);
#11915 = DIRECTION('',(3.610348622598E-02,-0.984807753012,0.169853548356
    ));
#11916 = PCURVE('',#9975,#11917);
#11917 = DEFINITIONAL_REPRESENTATION('',(#11918),#11922);
#11918 = LINE('',#11919,#11920);
#11919 = CARTESIAN_POINT('',(3.000001982621,-0.299999999999));
#11920 = VECTOR('',#11921,1.);
#11921 = DIRECTION('',(-8.223421943399E-13,-1.));
#11922 = ( GEOMETRIC_REPRESENTATION_CONTEXT(2) 
PARAMETRIC_REPRESENTATION_CONTEXT() REPRESENTATION_CONTEXT('2D SPACE',''
  ) );
#11923 = PCURVE('',#10080,#11924);
#11924 = DEFINITIONAL_REPRESENTATION('',(#11925),#11929);
#11925 = LINE('',#11926,#11927);
#11926 = CARTESIAN_POINT('',(2.46487881664E-02,22.446503023024));
#11927 = VECTOR('',#11928,1.);
#11928 = DIRECTION('',(1.543224460257E-13,1.));
#11929 = ( GEOMETRIC_REPRESENTATION_CONTEXT(2) 
PARAMETRIC_REPRESENTATION_CONTEXT() REPRESENTATION_CONTEXT('2D SPACE',''
  ) );
#11930 = ORIENTED_EDGE('',*,*,#9959,.T.);
#11931 = ADVANCED_FACE('',(#11932),#10080,.T.);
#11932 = FACE_BOUND('',#11933,.T.);
#11933 = EDGE_LOOP('',(#11934,#11935,#11936,#11937));
#11934 = ORIENTED_EDGE('',*,*,#11758,.F.);
#11935 = ORIENTED_EDGE('',*,*,#11910,.F.);
#11936 = ORIENTED_EDGE('',*,*,#10012,.F.);
#11937 = ORIENTED_EDGE('',*,*,#11938,.T.);
#11938 = EDGE_CURVE('',#10013,#11711,#11939,.T.);
#11939 = SURFACE_CURVE('',#11940,(#11944,#11951),.PCURVE_S1.);
#11940 = LINE('',#11941,#11942);
#11941 = CARTESIAN_POINT('',(-31.47520797615,-1.343954738088,
    -73.52833085227));
#11942 = VECTOR('',#11943,1.);
#11943 = DIRECTION('',(3.610348622651E-02,-0.984807753012,0.169853548357
    ));
#11944 = PCURVE('',#10080,#11945);
#11945 = DEFINITIONAL_REPRESENTATION('',(#11946),#11950);
#11946 = LINE('',#11947,#11948);
#11947 = CARTESIAN_POINT('',(0.975350926832,22.446503023026));
#11948 = VECTOR('',#11949,1.);
#11949 = DIRECTION('',(6.85100124779E-14,1.));
#11950 = ( GEOMETRIC_REPRESENTATION_CONTEXT(2) 
PARAMETRIC_REPRESENTATION_CONTEXT() REPRESENTATION_CONTEXT('2D SPACE',''
  ) );
#11951 = PCURVE('',#10138,#11952);
#11952 = DEFINITIONAL_REPRESENTATION('',(#11953),#11957);
#11953 = LINE('',#11954,#11955);
#11954 = CARTESIAN_POINT('',(33.999999573966,-0.299999999999));
#11955 = VECTOR('',#11956,1.);
#11956 = DIRECTION('',(-3.629041511743E-13,-1.));
#11957 = ( GEOMETRIC_REPRESENTATION_CONTEXT(2) 
PARAMETRIC_REPRESENTATION_CONTEXT() REPRESENTATION_CONTEXT('2D SPACE',''
  ) );
#11958 = ADVANCED_FACE('',(#11959),#10138,.T.);
#11959 = FACE_BOUND('',#11960,.F.);
#11960 = EDGE_LOOP('',(#11961,#11962,#11963,#11984));
#11961 = ORIENTED_EDGE('',*,*,#11938,.T.);
#11962 = ORIENTED_EDGE('',*,*,#11710,.T.);
#11963 = ORIENTED_EDGE('',*,*,#11964,.F.);
#11964 = EDGE_CURVE('',#10123,#11612,#11965,.T.);
#11965 = SURFACE_CURVE('',#11966,(#11970,#11977),.PCURVE_S1.);
#11966 = LINE('',#11967,#11968);
#11967 = CARTESIAN_POINT('',(-1.152634709429,-1.343954738088,
    -79.97359276683));
#11968 = VECTOR('',#11969,1.);
#11969 = DIRECTION('',(3.610348622701E-02,-0.984807753012,0.169853548357
    ));
#11970 = PCURVE('',#10138,#11971);
#11971 = DEFINITIONAL_REPRESENTATION('',(#11972),#11976);
#11972 = LINE('',#11973,#11974);
#11973 = CARTESIAN_POINT('',(3.000001982628,-0.3));
#11974 = VECTOR('',#11975,1.);
#11975 = DIRECTION('',(-8.727532585517E-13,-1.));
#11976 = ( GEOMETRIC_REPRESENTATION_CONTEXT(2) 
PARAMETRIC_REPRESENTATION_CONTEXT() REPRESENTATION_CONTEXT('2D SPACE',''
  ) );
#11977 = PCURVE('',#10243,#11978);
#11978 = DEFINITIONAL_REPRESENTATION('',(#11979),#11983);
#11979 = LINE('',#11980,#11981);
#11980 = CARTESIAN_POINT('',(2.464878816587E-02,22.446503023027));
#11981 = VECTOR('',#11982,1.);
#11982 = DIRECTION('',(1.6153600448E-13,1.));
#11983 = ( GEOMETRIC_REPRESENTATION_CONTEXT(2) 
PARAMETRIC_REPRESENTATION_CONTEXT() REPRESENTATION_CONTEXT('2D SPACE',''
  ) );
#11984 = ORIENTED_EDGE('',*,*,#10122,.T.);
#11985 = ADVANCED_FACE('',(#11986),#10243,.T.);
#11986 = FACE_BOUND('',#11987,.T.);
#11987 = EDGE_LOOP('',(#11988,#11989,#11990,#11991));
#11988 = ORIENTED_EDGE('',*,*,#11611,.F.);
#11989 = ORIENTED_EDGE('',*,*,#11964,.F.);
#11990 = ORIENTED_EDGE('',*,*,#10175,.F.);
#11991 = ORIENTED_EDGE('',*,*,#11992,.T.);
#11992 = EDGE_CURVE('',#10176,#11564,#11993,.T.);
#11993 = SURFACE_CURVE('',#11994,(#11998,#12005),.PCURVE_S1.);
#11994 = LINE('',#11995,#11996);
#11995 = CARTESIAN_POINT('',(2.396069254485,-0.823010131107,
    -77.70746581872));
#11996 = VECTOR('',#11997,1.);
#11997 = DIRECTION('',(3.610348622623E-02,-0.984807753012,0.169853548357
    ));
#11998 = PCURVE('',#10243,#11999);
#11999 = DEFINITIONAL_REPRESENTATION('',(#12000),#12004);
#12000 = LINE('',#12001,#12002);
#12001 = CARTESIAN_POINT('',(0.975350926831,22.446503023025));
#12002 = VECTOR('',#12003,1.);
#12003 = DIRECTION('',(7.757683384571E-14,1.));
#12004 = ( GEOMETRIC_REPRESENTATION_CONTEXT(2) 
PARAMETRIC_REPRESENTATION_CONTEXT() REPRESENTATION_CONTEXT('2D SPACE',''
  ) );
#12005 = PCURVE('',#10301,#12006);
#12006 = DEFINITIONAL_REPRESENTATION('',(#12007),#12011);
#12007 = LINE('',#12008,#12009);
#12008 = CARTESIAN_POINT('',(33.999999573966,-0.300000000001));
#12009 = VECTOR('',#12010,1.);
#12010 = DIRECTION('',(-4.3687276019E-13,-1.));
#12011 = ( GEOMETRIC_REPRESENTATION_CONTEXT(2) 
PARAMETRIC_REPRESENTATION_CONTEXT() REPRESENTATION_CONTEXT('2D SPACE',''
  ) );
#12012 = ADVANCED_FACE('',(#12013),#10301,.T.);
#12013 = FACE_BOUND('',#12014,.F.);
#12014 = EDGE_LOOP('',(#12015,#12016,#12017,#12018));
#12015 = ORIENTED_EDGE('',*,*,#11357,.F.);
#12016 = ORIENTED_EDGE('',*,*,#10285,.T.);
#12017 = ORIENTED_EDGE('',*,*,#11992,.T.);
#12018 = ORIENTED_EDGE('',*,*,#11563,.T.);
#12019 = ADVANCED_FACE('',(#12020,#12038),#10534,.T.);
#12020 = FACE_BOUND('',#12021,.F.);
#12021 = EDGE_LOOP('',(#12022,#12023,#12024,#12025,#12026,#12027,#12028,
    #12029,#12030,#12031,#12032,#12033,#12034,#12035,#12036,#12037));
#12022 = ORIENTED_EDGE('',*,*,#10518,.F.);
#12023 = ORIENTED_EDGE('',*,*,#11258,.F.);
#12024 = ORIENTED_EDGE('',*,*,#11209,.F.);
#12025 = ORIENTED_EDGE('',*,*,#11160,.F.);
#12026 = ORIENTED_EDGE('',*,*,#11111,.F.);
#12027 = ORIENTED_EDGE('',*,*,#11062,.F.);
#12028 = ORIENTED_EDGE('',*,*,#11013,.F.);
#12029 = ORIENTED_EDGE('',*,*,#10964,.F.);
#12030 = ORIENTED_EDGE('',*,*,#10915,.F.);
#12031 = ORIENTED_EDGE('',*,*,#10866,.F.);
#12032 = ORIENTED_EDGE('',*,*,#10817,.F.);
#12033 = ORIENTED_EDGE('',*,*,#10768,.F.);
#12034 = ORIENTED_EDGE('',*,*,#10719,.F.);
#12035 = ORIENTED_EDGE('',*,*,#10670,.F.);
#12036 = ORIENTED_EDGE('',*,*,#10621,.F.);
#12037 = ORIENTED_EDGE('',*,*,#10572,.F.);
#12038 = FACE_BOUND('',#12039,.F.);
#12039 = EDGE_LOOP('',(#12040,#12070,#12098,#12126,#12154,#12182,#12210,
    #12238,#12266,#12294));
#12040 = ORIENTED_EDGE('',*,*,#12041,.F.);
#12041 = EDGE_CURVE('',#12042,#12044,#12046,.T.);
#12042 = VERTEX_POINT('',#12043);
#12043 = CARTESIAN_POINT('',(-13.38937678973,2.168948065205,
    -58.18233199412));
#12044 = VERTEX_POINT('',#12045);
#12045 = CARTESIAN_POINT('',(-10.29190954288,2.168948065205,
    -58.840718982));
#12046 = SURFACE_CURVE('',#12047,(#12051,#12058),.PCURVE_S1.);
#12047 = LINE('',#12048,#12049);
#12048 = CARTESIAN_POINT('',(-13.38937678973,2.168948065205,
    -58.18233199412));
#12049 = VECTOR('',#12050,1.);
#12050 = DIRECTION('',(0.978147600734,0.,-0.207911690818));
#12051 = PCURVE('',#10534,#12052);
#12052 = DEFINITIONAL_REPRESENTATION('',(#12053),#12057);
#12053 = LINE('',#12054,#12055);
#12054 = CARTESIAN_POINT('',(12.946455852607,-56.96714746538));
#12055 = VECTOR('',#12056,1.);
#12056 = DIRECTION('',(-0.978785713594,-0.204886619533));
#12057 = ( GEOMETRIC_REPRESENTATION_CONTEXT(2) 
PARAMETRIC_REPRESENTATION_CONTEXT() REPRESENTATION_CONTEXT('2D SPACE',''
  ) );
#12058 = PCURVE('',#12059,#12064);
#12059 = PLANE('',#12060);
#12060 = AXIS2_PLACEMENT_3D('',#12061,#12062,#12063);
#12061 = CARTESIAN_POINT('',(-13.39298713836,2.267428840506,
    -58.19931734896));
#12062 = DIRECTION('',(0.204753045059,0.173648177667,0.963287340793));
#12063 = DIRECTION('',(0.978147600734,6.60582699652E-15,-0.207911690818)
  );
#12064 = DEFINITIONAL_REPRESENTATION('',(#12065),#12069);
#12065 = LINE('',#12066,#12067);
#12066 = CARTESIAN_POINT('',(6.322793850988E-12,-0.100000000001));
#12067 = VECTOR('',#12068,1.);
#12068 = DIRECTION('',(1.,-6.938893903907E-18));
#12069 = ( GEOMETRIC_REPRESENTATION_CONTEXT(2) 
PARAMETRIC_REPRESENTATION_CONTEXT() REPRESENTATION_CONTEXT('2D SPACE',''
  ) );
#12070 = ORIENTED_EDGE('',*,*,#12071,.F.);
#12071 = EDGE_CURVE('',#12072,#12042,#12074,.T.);
#12072 = VERTEX_POINT('',#12073);
#12073 = CARTESIAN_POINT('',(-13.84359901212,2.198505198306,
    -57.91441236557));
#12074 = SURFACE_CURVE('',#12075,(#12079,#12086),.PCURVE_S1.);
#12075 = LINE('',#12076,#12077);
#12076 = CARTESIAN_POINT('',(-13.84359901212,2.198505198306,
    -57.91441236557));
#12077 = VECTOR('',#12078,1.);
#12078 = DIRECTION('',(0.859978858938,-5.596051523854E-02,
    -0.507252188674));
#12079 = PCURVE('',#10534,#12080);
#12080 = DEFINITIONAL_REPRESENTATION('',(#12081),#12085);
#12081 = LINE('',#12082,#12083);
#12082 = CARTESIAN_POINT('',(13.400974395349,-56.69810235188));
#12083 = VECTOR('',#12084,1.);
#12084 = DIRECTION('',(-0.860539882212,-0.509383069136));
#12085 = ( GEOMETRIC_REPRESENTATION_CONTEXT(2) 
PARAMETRIC_REPRESENTATION_CONTEXT() REPRESENTATION_CONTEXT('2D SPACE',''
  ) );
#12086 = PCURVE('',#12087,#12092);
#12087 = PLANE('',#12088);
#12088 = AXIS2_PLACEMENT_3D('',#12089,#12090,#12091);
#12089 = CARTESIAN_POINT('',(-13.84720936074,2.296985973607,
    -57.93139772041));
#12090 = DIRECTION('',(0.509050980219,0.164384033109,0.844893478017));
#12091 = DIRECTION('',(0.859978858938,-5.596051523854E-02,
    -0.507252188674));
#12092 = DEFINITIONAL_REPRESENTATION('',(#12093),#12097);
#12093 = LINE('',#12094,#12095);
#12094 = CARTESIAN_POINT('',(-4.4542668165E-12,-0.1));
#12095 = VECTOR('',#12096,1.);
#12096 = DIRECTION('',(1.,0.));
#12097 = ( GEOMETRIC_REPRESENTATION_CONTEXT(2) 
PARAMETRIC_REPRESENTATION_CONTEXT() REPRESENTATION_CONTEXT('2D SPACE',''
  ) );
#12098 = ORIENTED_EDGE('',*,*,#12099,.F.);
#12099 = EDGE_CURVE('',#12100,#12072,#12102,.T.);
#12100 = VERTEX_POINT('',#12101);
#12101 = CARTESIAN_POINT('',(-14.09994521187,2.257619464507,
    -57.5171808693));
#12102 = SURFACE_CURVE('',#12103,(#12107,#12114),.PCURVE_S1.);
#12103 = LINE('',#12104,#12105);
#12104 = CARTESIAN_POINT('',(-14.09994521187,2.257619464507,
    -57.5171808693));
#12105 = VECTOR('',#12106,1.);
#12106 = DIRECTION('',(0.538038377676,-0.124073397286,-0.833738865733));
#12107 = PCURVE('',#10534,#12108);
#12108 = DEFINITIONAL_REPRESENTATION('',(#12109),#12113);
#12109 = LINE('',#12110,#12111);
#12110 = CARTESIAN_POINT('',(13.657487827331,-56.29660317201));
#12111 = VECTOR('',#12112,1.);
#12112 = DIRECTION('',(-0.538389377063,-0.842696195948));
#12113 = ( GEOMETRIC_REPRESENTATION_CONTEXT(2) 
PARAMETRIC_REPRESENTATION_CONTEXT() REPRESENTATION_CONTEXT('2D SPACE',''
  ) );
#12114 = PCURVE('',#12115,#12120);
#12115 = PLANE('',#12116);
#12116 = AXIS2_PLACEMENT_3D('',#12117,#12118,#12119);
#12117 = CARTESIAN_POINT('',(-14.10355556049,2.356100239808,
    -57.53416622414));
#12118 = DIRECTION('',(0.842146805747,0.121488607256,0.525384883564));
#12119 = DIRECTION('',(0.538038377676,-0.124073397286,-0.833738865733));
#12120 = DEFINITIONAL_REPRESENTATION('',(#12121),#12125);
#12121 = LINE('',#12122,#12123);
#12122 = CARTESIAN_POINT('',(-5.050390661232E-12,-0.1));
#12123 = VECTOR('',#12124,1.);
#12124 = DIRECTION('',(1.,0.));
#12125 = ( GEOMETRIC_REPRESENTATION_CONTEXT(2) 
PARAMETRIC_REPRESENTATION_CONTEXT() REPRESENTATION_CONTEXT('2D SPACE',''
  ) );
#12126 = ORIENTED_EDGE('',*,*,#12127,.F.);
#12127 = EDGE_CURVE('',#12128,#12100,#12130,.T.);
#12128 = VERTEX_POINT('',#12129);
#12129 = CARTESIAN_POINT('',(-14.15841492257,2.346290863809,
    -56.99063760445));
#12130 = SURFACE_CURVE('',#12131,(#12135,#12142),.PCURVE_S1.);
#12131 = LINE('',#12132,#12133);
#12132 = CARTESIAN_POINT('',(-14.15841492257,2.346290863809,
    -56.99063760445));
#12133 = VECTOR('',#12134,1.);
#12134 = DIRECTION('',(0.108851923803,-0.165077820374,-0.980255360559));
#12135 = PCURVE('',#10534,#12136);
#12136 = DEFINITIONAL_REPRESENTATION('',(#12137),#12141);
#12137 = LINE('',#12138,#12139);
#12138 = CARTESIAN_POINT('',(13.71599568184,-55.76265002347));
#12139 = VECTOR('',#12140,1.);
#12140 = DIRECTION('',(-0.108922935389,-0.994050196995));
#12141 = ( GEOMETRIC_REPRESENTATION_CONTEXT(2) 
PARAMETRIC_REPRESENTATION_CONTEXT() REPRESENTATION_CONTEXT('2D SPACE',''
  ) );
#12142 = PCURVE('',#12143,#12148);
#12143 = PLANE('',#12144);
#12144 = AXIS2_PLACEMENT_3D('',#12145,#12146,#12147);
#12145 = CARTESIAN_POINT('',(-14.16202527119,2.44477163911,
    -57.00762295929));
#12146 = DIRECTION('',(0.993402132556,5.387952141153E-02,0.101238333678)
  );
#12147 = DIRECTION('',(0.108851923803,-0.165077820374,-0.980255360559));
#12148 = DEFINITIONAL_REPRESENTATION('',(#12149),#12153);
#12149 = LINE('',#12150,#12151);
#12150 = CARTESIAN_POINT('',(-4.575215206692E-12,-0.1));
#12151 = VECTOR('',#12152,1.);
#12152 = DIRECTION('',(1.,-2.775557561563E-17));
#12153 = ( GEOMETRIC_REPRESENTATION_CONTEXT(2) 
PARAMETRIC_REPRESENTATION_CONTEXT() REPRESENTATION_CONTEXT('2D SPACE',''
  ) );
#12154 = ORIENTED_EDGE('',*,*,#12155,.F.);
#12155 = EDGE_CURVE('',#12156,#12128,#12158,.T.);
#12156 = VERTEX_POINT('',#12157);
#12157 = CARTESIAN_POINT('',(-14.05386009099,2.434962345913,
    -56.49874579569));
#12158 = SURFACE_CURVE('',#12159,(#12163,#12170),.PCURVE_S1.);
#12159 = LINE('',#12160,#12161);
#12160 = CARTESIAN_POINT('',(-14.05386009099,2.434962345913,
    -56.49874579569));
#12161 = VECTOR('',#12162,1.);
#12162 = DIRECTION('',(-0.204753045059,-0.173648177667,-0.963287340793)
  );
#12163 = PCURVE('',#10534,#12164);
#12164 = DEFINITIONAL_REPRESENTATION('',(#12165),#12169);
#12165 = LINE('',#12166,#12167);
#12166 = CARTESIAN_POINT('',(13.611372641962,-55.26284414555));
#12167 = VECTOR('',#12168,1.);
#12168 = DIRECTION('',(0.204886619533,-0.978785713594));
#12169 = ( GEOMETRIC_REPRESENTATION_CONTEXT(2) 
PARAMETRIC_REPRESENTATION_CONTEXT() REPRESENTATION_CONTEXT('2D SPACE',''
  ) );
#12170 = PCURVE('',#12171,#12176);
#12171 = PLANE('',#12172);
#12172 = AXIS2_PLACEMENT_3D('',#12173,#12174,#12175);
#12173 = CARTESIAN_POINT('',(-14.05747043961,2.533443121214,
    -56.51573115053));
#12174 = DIRECTION('',(0.978147600734,0.,-0.207911690818));
#12175 = DIRECTION('',(-0.204753045059,-0.173648177667,-0.963287340793)
  );
#12176 = DEFINITIONAL_REPRESENTATION('',(#12177),#12181);
#12177 = LINE('',#12178,#12179);
#12178 = CARTESIAN_POINT('',(-3.679962584657E-12,-0.1));
#12179 = VECTOR('',#12180,1.);
#12180 = DIRECTION('',(1.,2.775557561563E-17));
#12181 = ( GEOMETRIC_REPRESENTATION_CONTEXT(2) 
PARAMETRIC_REPRESENTATION_CONTEXT() REPRESENTATION_CONTEXT('2D SPACE',''
  ) );
#12182 = ORIENTED_EDGE('',*,*,#12183,.F.);
#12183 = EDGE_CURVE('',#12184,#12156,#12186,.T.);
#12184 = VERTEX_POINT('',#12185);
#12185 = CARTESIAN_POINT('',(-13.78628091239,2.523633745215,
    -56.04150636169));
#12186 = SURFACE_CURVE('',#12187,(#12191,#12198),.PCURVE_S1.);
#12187 = LINE('',#12188,#12189);
#12188 = CARTESIAN_POINT('',(-13.78628091239,2.523633745215,
    -56.04150636169));
#12189 = VECTOR('',#12190,1.);
#12190 = DIRECTION('',(-0.498146955257,-0.165077820374,-0.851233765888)
  );
#12191 = PCURVE('',#10534,#12192);
#12192 = DEFINITIONAL_REPRESENTATION('',(#12193),#12197);
#12193 = LINE('',#12194,#12195);
#12194 = CARTESIAN_POINT('',(13.343618903086,-54.79718647172));
#12195 = VECTOR('',#12196,1.);
#12196 = DIRECTION('',(0.49847193073,-0.866905839336));
#12197 = ( GEOMETRIC_REPRESENTATION_CONTEXT(2) 
PARAMETRIC_REPRESENTATION_CONTEXT() REPRESENTATION_CONTEXT('2D SPACE',''
  ) );
#12198 = PCURVE('',#12199,#12204);
#12199 = PLANE('',#12200);
#12200 = AXIS2_PLACEMENT_3D('',#12201,#12202,#12203);
#12201 = CARTESIAN_POINT('',(-13.78989126101,2.622114520516,
    -56.05849171652));
#12202 = DIRECTION('',(0.866340665818,-5.387952141153E-02,
    -0.496538868491));
#12203 = DIRECTION('',(-0.498146955257,-0.165077820374,-0.851233765888)
  );
#12204 = DEFINITIONAL_REPRESENTATION('',(#12205),#12209);
#12205 = LINE('',#12206,#12207);
#12206 = CARTESIAN_POINT('',(6.086258233506E-12,-9.999999999873E-02));
#12207 = VECTOR('',#12208,1.);
#12208 = DIRECTION('',(1.,-2.775557561563E-17));
#12209 = ( GEOMETRIC_REPRESENTATION_CONTEXT(2) 
PARAMETRIC_REPRESENTATION_CONTEXT() REPRESENTATION_CONTEXT('2D SPACE',''
  ) );
#12210 = ORIENTED_EDGE('',*,*,#12211,.F.);
#12211 = EDGE_CURVE('',#12212,#12184,#12214,.T.);
#12212 = VERTEX_POINT('',#12213);
#12213 = CARTESIAN_POINT('',(-13.3905284007,2.582748011416,
    -55.78288272539));
#12214 = SURFACE_CURVE('',#12215,(#12219,#12226),.PCURVE_S1.);
#12215 = LINE('',#12216,#12217);
#12216 = CARTESIAN_POINT('',(-13.3905284007,2.582748011416,
    -55.78288272539));
#12217 = VECTOR('',#12218,1.);
#12218 = DIRECTION('',(-0.830634663413,-0.124073397286,-0.542818430068)
  );
#12219 = PCURVE('',#10534,#12220);
#12220 = DEFINITIONAL_REPRESENTATION('',(#12221),#12225);
#12221 = LINE('',#12222,#12223);
#12222 = CARTESIAN_POINT('',(12.947608214852,-54.53227843667));
#12223 = VECTOR('',#12224,1.);
#12224 = DIRECTION('',(0.831176543454,-0.556008591312));
#12225 = ( GEOMETRIC_REPRESENTATION_CONTEXT(2) 
PARAMETRIC_REPRESENTATION_CONTEXT() REPRESENTATION_CONTEXT('2D SPACE',''
  ) );
#12226 = PCURVE('',#12227,#12232);
#12227 = PLANE('',#12228);
#12228 = AXIS2_PLACEMENT_3D('',#12229,#12230,#12231);
#12229 = CARTESIAN_POINT('',(-13.39413874933,2.681228786718,
    -55.79986808023));
#12230 = DIRECTION('',(0.555646105195,-0.121488607256,-0.82249493864));
#12231 = DIRECTION('',(-0.830634663413,-0.124073397286,-0.542818430068)
  );
#12232 = DEFINITIONAL_REPRESENTATION('',(#12233),#12237);
#12233 = LINE('',#12234,#12235);
#12234 = CARTESIAN_POINT('',(-8.390428976601E-12,-0.100000000002));
#12235 = VECTOR('',#12236,1.);
#12236 = DIRECTION('',(1.,1.702804564019E-14));
#12237 = ( GEOMETRIC_REPRESENTATION_CONTEXT(2) 
PARAMETRIC_REPRESENTATION_CONTEXT() REPRESENTATION_CONTEXT('2D SPACE',''
  ) );
#12238 = ORIENTED_EDGE('',*,*,#12239,.F.);
#12239 = EDGE_CURVE('',#12240,#12212,#12242,.T.);
#12240 = VERTEX_POINT('',#12241);
#12241 = CARTESIAN_POINT('',(-12.86660302235,2.612305144517,
    -55.72287478766));
#12242 = SURFACE_CURVE('',#12243,(#12247,#12254),.PCURVE_S1.);
#12243 = LINE('',#12244,#12245);
#12244 = CARTESIAN_POINT('',(-12.86660302235,2.612305144517,
    -55.72287478766));
#12245 = VECTOR('',#12246,1.);
#12246 = DIRECTION('',(-0.991947832665,-5.596051523854E-02,
    -0.113613018642));
#12247 = PCURVE('',#10534,#12248);
#12248 = DEFINITIONAL_REPRESENTATION('',(#12249),#12253);
#12249 = LINE('',#12250,#12251);
#12250 = CARTESIAN_POINT('',(12.423341043994,-54.46811994271));
#12251 = VECTOR('',#12252,1.);
#12252 = DIRECTION('',(0.992594948365,-0.121471266069));
#12253 = ( GEOMETRIC_REPRESENTATION_CONTEXT(2) 
PARAMETRIC_REPRESENTATION_CONTEXT() REPRESENTATION_CONTEXT('2D SPACE',''
  ) );
#12254 = PCURVE('',#12255,#12260);
#12255 = PLANE('',#12256);
#12256 = AXIS2_PLACEMENT_3D('',#12257,#12258,#12259);
#12257 = CARTESIAN_POINT('',(-12.87021337098,2.710785919818,
    -55.73986014249));
#12258 = DIRECTION('',(0.121392073682,-0.164384033109,-0.978898285884));
#12259 = DIRECTION('',(-0.991947832665,-5.596051523854E-02,
    -0.113613018641));
#12260 = DEFINITIONAL_REPRESENTATION('',(#12261),#12265);
#12261 = LINE('',#12262,#12263);
#12262 = CARTESIAN_POINT('',(-6.692481204634E-12,-9.999999999909E-02));
#12263 = VECTOR('',#12264,1.);
#12264 = DIRECTION('',(1.,1.387778780781E-17));
#12265 = ( GEOMETRIC_REPRESENTATION_CONTEXT(2) 
PARAMETRIC_REPRESENTATION_CONTEXT() REPRESENTATION_CONTEXT('2D SPACE',''
  ) );
#12266 = ORIENTED_EDGE('',*,*,#12267,.F.);
#12267 = EDGE_CURVE('',#12268,#12240,#12270,.T.);
#12268 = VERTEX_POINT('',#12269);
#12269 = CARTESIAN_POINT('',(-9.769135775502,2.612305144517,
    -56.38126177553));
#12270 = SURFACE_CURVE('',#12271,(#12275,#12282),.PCURVE_S1.);
#12271 = LINE('',#12272,#12273);
#12272 = CARTESIAN_POINT('',(-9.769135775502,2.612305144517,
    -56.38126177553));
#12273 = VECTOR('',#12274,1.);
#12274 = DIRECTION('',(-0.978147600734,0.,0.207911690818));
#12275 = PCURVE('',#10534,#12276);
#12276 = DEFINITIONAL_REPRESENTATION('',(#12277),#12281);
#12277 = LINE('',#12278,#12279);
#12278 = CARTESIAN_POINT('',(9.323853106522,-55.11692753866));
#12279 = VECTOR('',#12280,1.);
#12280 = DIRECTION('',(0.978785713594,0.204886619533));
#12281 = ( GEOMETRIC_REPRESENTATION_CONTEXT(2) 
PARAMETRIC_REPRESENTATION_CONTEXT() REPRESENTATION_CONTEXT('2D SPACE',''
  ) );
#12282 = PCURVE('',#12283,#12288);
#12283 = PLANE('',#12284);
#12284 = AXIS2_PLACEMENT_3D('',#12285,#12286,#12287);
#12285 = CARTESIAN_POINT('',(-9.772746124125,2.710785919818,
    -56.39824713037));
#12286 = DIRECTION('',(-0.204753045059,-0.173648177667,-0.963287340793)
  );
#12287 = DIRECTION('',(-0.978147600734,-6.60582699652E-15,0.207911690818
    ));
#12288 = DEFINITIONAL_REPRESENTATION('',(#12289),#12293);
#12289 = LINE('',#12290,#12291);
#12290 = CARTESIAN_POINT('',(5.264881412781E-13,-0.100000000001));
#12291 = VECTOR('',#12292,1.);
#12292 = DIRECTION('',(1.,6.938893903907E-18));
#12293 = ( GEOMETRIC_REPRESENTATION_CONTEXT(2) 
PARAMETRIC_REPRESENTATION_CONTEXT() REPRESENTATION_CONTEXT('2D SPACE',''
  ) );
#12294 = ORIENTED_EDGE('',*,*,#12295,.F.);
#12295 = EDGE_CURVE('',#12044,#12268,#12296,.T.);
#12296 = SURFACE_CURVE('',#12297,(#12301,#12308),.PCURVE_S1.);
#12297 = LINE('',#12298,#12299);
#12298 = CARTESIAN_POINT('',(-10.29190954288,2.168948065205,
    -58.840718982));
#12299 = VECTOR('',#12300,1.);
#12300 = DIRECTION('',(0.204753045059,0.173648177667,0.963287340793));
#12301 = PCURVE('',#10534,#12302);
#12302 = DEFINITIONAL_REPRESENTATION('',(#12303),#12307);
#12303 = LINE('',#12304,#12305);
#12304 = CARTESIAN_POINT('',(9.846967915134,-57.61595506134));
#12305 = VECTOR('',#12306,1.);
#12306 = DIRECTION('',(-0.204886619533,0.978785713594));
#12307 = ( GEOMETRIC_REPRESENTATION_CONTEXT(2) 
PARAMETRIC_REPRESENTATION_CONTEXT() REPRESENTATION_CONTEXT('2D SPACE',''
  ) );
#12308 = PCURVE('',#12309,#12314);
#12309 = PLANE('',#12310);
#12310 = AXIS2_PLACEMENT_3D('',#12311,#12312,#12313);
#12311 = CARTESIAN_POINT('',(-10.29551989151,2.267428840506,
    -58.85770433683));
#12312 = DIRECTION('',(-0.978147600734,0.,0.207911690818));
#12313 = DIRECTION('',(0.204753045059,0.173648177667,0.963287340793));
#12314 = DEFINITIONAL_REPRESENTATION('',(#12315),#12319);
#12315 = LINE('',#12316,#12317);
#12316 = CARTESIAN_POINT('',(-3.910274881669E-12,-9.999999999909E-02));
#12317 = VECTOR('',#12318,1.);
#12318 = DIRECTION('',(1.,-2.775557561563E-17));
#12319 = ( GEOMETRIC_REPRESENTATION_CONTEXT(2) 
PARAMETRIC_REPRESENTATION_CONTEXT() REPRESENTATION_CONTEXT('2D SPACE',''
  ) );
#12320 = ADVANCED_FACE('',(#12321),#12059,.F.);
#12321 = FACE_BOUND('',#12322,.F.);
#12322 = EDGE_LOOP('',(#12323,#12353,#12374,#12375));
#12323 = ORIENTED_EDGE('',*,*,#12324,.F.);
#12324 = EDGE_CURVE('',#12325,#12327,#12329,.T.);
#12325 = VERTEX_POINT('',#12326);
#12326 = CARTESIAN_POINT('',(-13.39298713836,2.267428840506,
    -58.19931734896));
#12327 = VERTEX_POINT('',#12328);
#12328 = CARTESIAN_POINT('',(-10.29551989151,2.267428840506,
    -58.85770433683));
#12329 = SURFACE_CURVE('',#12330,(#12334,#12341),.PCURVE_S1.);
#12330 = LINE('',#12331,#12332);
#12331 = CARTESIAN_POINT('',(-13.39298713836,2.267428840506,
    -58.19931734896));
#12332 = VECTOR('',#12333,1.);
#12333 = DIRECTION('',(0.978147600734,0.,-0.207911690818));
#12334 = PCURVE('',#12059,#12335);
#12335 = DEFINITIONAL_REPRESENTATION('',(#12336),#12340);
#12336 = LINE('',#12337,#12338);
#12337 = CARTESIAN_POINT('',(0.,0.));
#12338 = VECTOR('',#12339,1.);
#12339 = DIRECTION('',(1.,-6.938893903907E-18));
#12340 = ( GEOMETRIC_REPRESENTATION_CONTEXT(2) 
PARAMETRIC_REPRESENTATION_CONTEXT() REPRESENTATION_CONTEXT('2D SPACE',''
  ) );
#12341 = PCURVE('',#12342,#12347);
#12342 = PLANE('',#12343);
#12343 = AXIS2_PLACEMENT_3D('',#12344,#12345,#12346);
#12344 = CARTESIAN_POINT('',(-12.68181665103,12.41042478537,
    0.458422849993));
#12345 = DIRECTION('',(-3.610348622615E-02,0.984807753012,
    -0.169853548357));
#12346 = DIRECTION('',(0.978147600734,-9.87404602526E-15,-0.207911690818
    ));
#12347 = DEFINITIONAL_REPRESENTATION('',(#12348),#12352);
#12348 = LINE('',#12349,#12350);
#12349 = CARTESIAN_POINT('',(11.500000238421,58.411185657918));
#12350 = VECTOR('',#12351,1.);
#12351 = DIRECTION('',(1.,5.551115123126E-17));
#12352 = ( GEOMETRIC_REPRESENTATION_CONTEXT(2) 
PARAMETRIC_REPRESENTATION_CONTEXT() REPRESENTATION_CONTEXT('2D SPACE',''
  ) );
#12353 = ORIENTED_EDGE('',*,*,#12354,.T.);
#12354 = EDGE_CURVE('',#12325,#12042,#12355,.T.);
#12355 = SURFACE_CURVE('',#12356,(#12360,#12367),.PCURVE_S1.);
#12356 = LINE('',#12357,#12358);
#12357 = CARTESIAN_POINT('',(-13.39298713836,2.267428840506,
    -58.19931734896));
#12358 = VECTOR('',#12359,1.);
#12359 = DIRECTION('',(3.610348622608E-02,-0.984807753012,0.169853548357
    ));
#12360 = PCURVE('',#12059,#12361);
#12361 = DEFINITIONAL_REPRESENTATION('',(#12362),#12366);
#12362 = LINE('',#12363,#12364);
#12363 = CARTESIAN_POINT('',(0.,0.));
#12364 = VECTOR('',#12365,1.);
#12365 = DIRECTION('',(-9.929557176491E-14,-1.));
#12366 = ( GEOMETRIC_REPRESENTATION_CONTEXT(2) 
PARAMETRIC_REPRESENTATION_CONTEXT() REPRESENTATION_CONTEXT('2D SPACE',''
  ) );
#12367 = PCURVE('',#12087,#12368);
#12368 = DEFINITIONAL_REPRESENTATION('',(#12369),#12373);
#12369 = LINE('',#12370,#12371);
#12370 = CARTESIAN_POINT('',(0.528178358874,-3.576930418525E-13));
#12371 = VECTOR('',#12372,1.);
#12372 = DIRECTION('',(-1.079414335692E-13,-1.));
#12373 = ( GEOMETRIC_REPRESENTATION_CONTEXT(2) 
PARAMETRIC_REPRESENTATION_CONTEXT() REPRESENTATION_CONTEXT('2D SPACE',''
  ) );
#12374 = ORIENTED_EDGE('',*,*,#12041,.T.);
#12375 = ORIENTED_EDGE('',*,*,#12376,.F.);
#12376 = EDGE_CURVE('',#12327,#12044,#12377,.T.);
#12377 = SURFACE_CURVE('',#12378,(#12382,#12389),.PCURVE_S1.);
#12378 = LINE('',#12379,#12380);
#12379 = CARTESIAN_POINT('',(-10.29551989151,2.267428840506,
    -58.85770433683));
#12380 = VECTOR('',#12381,1.);
#12381 = DIRECTION('',(3.610348622617E-02,-0.984807753012,0.169853548357
    ));
#12382 = PCURVE('',#12059,#12383);
#12383 = DEFINITIONAL_REPRESENTATION('',(#12384),#12388);
#12384 = LINE('',#12385,#12386);
#12385 = CARTESIAN_POINT('',(3.166666507718,-1.033187424504E-12));
#12386 = VECTOR('',#12387,1.);
#12387 = DIRECTION('',(9.527101330065E-15,-1.));
#12388 = ( GEOMETRIC_REPRESENTATION_CONTEXT(2) 
PARAMETRIC_REPRESENTATION_CONTEXT() REPRESENTATION_CONTEXT('2D SPACE',''
  ) );
#12389 = PCURVE('',#12309,#12390);
#12390 = DEFINITIONAL_REPRESENTATION('',(#12391),#12395);
#12391 = LINE('',#12392,#12393);
#12392 = CARTESIAN_POINT('',(0.,0.));
#12393 = VECTOR('',#12394,1.);
#12394 = DIRECTION('',(2.189914916073E-14,-1.));
#12395 = ( GEOMETRIC_REPRESENTATION_CONTEXT(2) 
PARAMETRIC_REPRESENTATION_CONTEXT() REPRESENTATION_CONTEXT('2D SPACE',''
  ) );
#12396 = ADVANCED_FACE('',(#12397),#12087,.F.);
#12397 = FACE_BOUND('',#12398,.F.);
#12398 = EDGE_LOOP('',(#12399,#12422,#12443,#12444));
#12399 = ORIENTED_EDGE('',*,*,#12400,.F.);
#12400 = EDGE_CURVE('',#12401,#12325,#12403,.T.);
#12401 = VERTEX_POINT('',#12402);
#12402 = CARTESIAN_POINT('',(-13.84720936074,2.296985973607,
    -57.93139772041));
#12403 = SURFACE_CURVE('',#12404,(#12408,#12415),.PCURVE_S1.);
#12404 = LINE('',#12405,#12406);
#12405 = CARTESIAN_POINT('',(-13.84720936074,2.296985973607,
    -57.93139772041));
#12406 = VECTOR('',#12407,1.);
#12407 = DIRECTION('',(0.859978858938,-5.596051523854E-02,
    -0.507252188674));
#12408 = PCURVE('',#12087,#12409);
#12409 = DEFINITIONAL_REPRESENTATION('',(#12410),#12414);
#12410 = LINE('',#12411,#12412);
#12411 = CARTESIAN_POINT('',(0.,0.));
#12412 = VECTOR('',#12413,1.);
#12413 = DIRECTION('',(1.,0.));
#12414 = ( GEOMETRIC_REPRESENTATION_CONTEXT(2) 
PARAMETRIC_REPRESENTATION_CONTEXT() REPRESENTATION_CONTEXT('2D SPACE',''
  ) );
#12415 = PCURVE('',#12342,#12416);
#12416 = DEFINITIONAL_REPRESENTATION('',(#12417),#12421);
#12417 = LINE('',#12418,#12419);
#12418 = CARTESIAN_POINT('',(11.000000238425,58.240972912252));
#12419 = VECTOR('',#12420,1.);
#12420 = DIRECTION('',(0.94664991777,0.322263763377));
#12421 = ( GEOMETRIC_REPRESENTATION_CONTEXT(2) 
PARAMETRIC_REPRESENTATION_CONTEXT() REPRESENTATION_CONTEXT('2D SPACE',''
  ) );
#12422 = ORIENTED_EDGE('',*,*,#12423,.T.);
#12423 = EDGE_CURVE('',#12401,#12072,#12424,.T.);
#12424 = SURFACE_CURVE('',#12425,(#12429,#12436),.PCURVE_S1.);
#12425 = LINE('',#12426,#12427);
#12426 = CARTESIAN_POINT('',(-13.84720936074,2.296985973607,
    -57.93139772041));
#12427 = VECTOR('',#12428,1.);
#12428 = DIRECTION('',(3.610348622614E-02,-0.984807753012,0.169853548357
    ));
#12429 = PCURVE('',#12087,#12430);
#12430 = DEFINITIONAL_REPRESENTATION('',(#12431),#12435);
#12431 = LINE('',#12432,#12433);
#12432 = CARTESIAN_POINT('',(0.,0.));
#12433 = VECTOR('',#12434,1.);
#12434 = DIRECTION('',(-5.634381849973E-14,-1.));
#12435 = ( GEOMETRIC_REPRESENTATION_CONTEXT(2) 
PARAMETRIC_REPRESENTATION_CONTEXT() REPRESENTATION_CONTEXT('2D SPACE',''
  ) );
#12436 = PCURVE('',#12115,#12437);
#12437 = DEFINITIONAL_REPRESENTATION('',(#12438),#12442);
#12438 = LINE('',#12439,#12440);
#12439 = CARTESIAN_POINT('',(0.476445938406,3.178152185868E-13));
#12440 = VECTOR('',#12441,1.);
#12441 = DIRECTION('',(-1.097455459842E-13,-1.));
#12442 = ( GEOMETRIC_REPRESENTATION_CONTEXT(2) 
PARAMETRIC_REPRESENTATION_CONTEXT() REPRESENTATION_CONTEXT('2D SPACE',''
  ) );
#12443 = ORIENTED_EDGE('',*,*,#12071,.T.);
#12444 = ORIENTED_EDGE('',*,*,#12354,.F.);
#12445 = ADVANCED_FACE('',(#12446),#12115,.F.);
#12446 = FACE_BOUND('',#12447,.F.);
#12447 = EDGE_LOOP('',(#12448,#12471,#12492,#12493));
#12448 = ORIENTED_EDGE('',*,*,#12449,.F.);
#12449 = EDGE_CURVE('',#12450,#12401,#12452,.T.);
#12450 = VERTEX_POINT('',#12451);
#12451 = CARTESIAN_POINT('',(-14.10355556049,2.356100239808,
    -57.53416622414));
#12452 = SURFACE_CURVE('',#12453,(#12457,#12464),.PCURVE_S1.);
#12453 = LINE('',#12454,#12455);
#12454 = CARTESIAN_POINT('',(-14.10355556049,2.356100239808,
    -57.53416622414));
#12455 = VECTOR('',#12456,1.);
#12456 = DIRECTION('',(0.538038377676,-0.124073397286,-0.833738865733));
#12457 = PCURVE('',#12115,#12458);
#12458 = DEFINITIONAL_REPRESENTATION('',(#12459),#12463);
#12459 = LINE('',#12460,#12461);
#12460 = CARTESIAN_POINT('',(0.,0.));
#12461 = VECTOR('',#12462,1.);
#12462 = DIRECTION('',(1.,0.));
#12463 = ( GEOMETRIC_REPRESENTATION_CONTEXT(2) 
PARAMETRIC_REPRESENTATION_CONTEXT() REPRESENTATION_CONTEXT('2D SPACE',''
  ) );
#12464 = PCURVE('',#12342,#12465);
#12465 = DEFINITIONAL_REPRESENTATION('',(#12466),#12470);
#12466 = LINE('',#12467,#12468);
#12467 = CARTESIAN_POINT('',(10.666666746147,57.900547420919));
#12468 = VECTOR('',#12469,1.);
#12469 = DIRECTION('',(0.699625005502,0.714510218035));
#12470 = ( GEOMETRIC_REPRESENTATION_CONTEXT(2) 
PARAMETRIC_REPRESENTATION_CONTEXT() REPRESENTATION_CONTEXT('2D SPACE',''
  ) );
#12471 = ORIENTED_EDGE('',*,*,#12472,.T.);
#12472 = EDGE_CURVE('',#12450,#12100,#12473,.T.);
#12473 = SURFACE_CURVE('',#12474,(#12478,#12485),.PCURVE_S1.);
#12474 = LINE('',#12475,#12476);
#12475 = CARTESIAN_POINT('',(-14.10355556049,2.356100239808,
    -57.53416622414));
#12476 = VECTOR('',#12477,1.);
#12477 = DIRECTION('',(3.610348622615E-02,-0.984807753012,0.169853548357
    ));
#12478 = PCURVE('',#12115,#12479);
#12479 = DEFINITIONAL_REPRESENTATION('',(#12480),#12484);
#12480 = LINE('',#12481,#12482);
#12481 = CARTESIAN_POINT('',(0.,0.));
#12482 = VECTOR('',#12483,1.);
#12483 = DIRECTION('',(6.242228955955E-14,-1.));
#12484 = ( GEOMETRIC_REPRESENTATION_CONTEXT(2) 
PARAMETRIC_REPRESENTATION_CONTEXT() REPRESENTATION_CONTEXT('2D SPACE',''
  ) );
#12485 = PCURVE('',#12143,#12486);
#12486 = DEFINITIONAL_REPRESENTATION('',(#12487),#12491);
#12487 = LINE('',#12488,#12489);
#12488 = CARTESIAN_POINT('',(0.537149079756,1.172811847638E-13));
#12489 = VECTOR('',#12490,1.);
#12490 = DIRECTION('',(5.553890680687E-14,-1.));
#12491 = ( GEOMETRIC_REPRESENTATION_CONTEXT(2) 
PARAMETRIC_REPRESENTATION_CONTEXT() REPRESENTATION_CONTEXT('2D SPACE',''
  ) );
#12492 = ORIENTED_EDGE('',*,*,#12099,.T.);
#12493 = ORIENTED_EDGE('',*,*,#12423,.F.);
#12494 = ADVANCED_FACE('',(#12495),#12143,.F.);
#12495 = FACE_BOUND('',#12496,.F.);
#12496 = EDGE_LOOP('',(#12497,#12520,#12541,#12542));
#12497 = ORIENTED_EDGE('',*,*,#12498,.F.);
#12498 = EDGE_CURVE('',#12499,#12450,#12501,.T.);
#12499 = VERTEX_POINT('',#12500);
#12500 = CARTESIAN_POINT('',(-14.16202527119,2.44477163911,
    -57.00762295929));
#12501 = SURFACE_CURVE('',#12502,(#12506,#12513),.PCURVE_S1.);
#12502 = LINE('',#12503,#12504);
#12503 = CARTESIAN_POINT('',(-14.16202527119,2.44477163911,
    -57.00762295929));
#12504 = VECTOR('',#12505,1.);
#12505 = DIRECTION('',(0.108851923803,-0.165077820374,-0.980255360559));
#12506 = PCURVE('',#12143,#12507);
#12507 = DEFINITIONAL_REPRESENTATION('',(#12508),#12512);
#12508 = LINE('',#12509,#12510);
#12509 = CARTESIAN_POINT('',(0.,0.));
#12510 = VECTOR('',#12511,1.);
#12511 = DIRECTION('',(1.,-2.775557561563E-17));
#12512 = ( GEOMETRIC_REPRESENTATION_CONTEXT(2) 
PARAMETRIC_REPRESENTATION_CONTEXT() REPRESENTATION_CONTEXT('2D SPACE',''
  ) );
#12513 = PCURVE('',#12342,#12514);
#12514 = DEFINITIONAL_REPRESENTATION('',(#12515),#12519);
#12515 = LINE('',#12516,#12517);
#12516 = CARTESIAN_POINT('',(10.500000238426,57.389909183919));
#12517 = VECTOR('',#12518,1.);
#12518 = DIRECTION('',(0.310279797551,0.950645279393));
#12519 = ( GEOMETRIC_REPRESENTATION_CONTEXT(2) 
PARAMETRIC_REPRESENTATION_CONTEXT() REPRESENTATION_CONTEXT('2D SPACE',''
  ) );
#12520 = ORIENTED_EDGE('',*,*,#12521,.T.);
#12521 = EDGE_CURVE('',#12499,#12128,#12522,.T.);
#12522 = SURFACE_CURVE('',#12523,(#12527,#12534),.PCURVE_S1.);
#12523 = LINE('',#12524,#12525);
#12524 = CARTESIAN_POINT('',(-14.16202527119,2.44477163911,
    -57.00762295929));
#12525 = VECTOR('',#12526,1.);
#12526 = DIRECTION('',(3.610348622615E-02,-0.984807753012,0.169853548357
    ));
#12527 = PCURVE('',#12143,#12528);
#12528 = DEFINITIONAL_REPRESENTATION('',(#12529),#12533);
#12529 = LINE('',#12530,#12531);
#12530 = CARTESIAN_POINT('',(0.,0.));
#12531 = VECTOR('',#12532,1.);
#12532 = DIRECTION('',(-4.24382751163E-14,-1.));
#12533 = ( GEOMETRIC_REPRESENTATION_CONTEXT(2) 
PARAMETRIC_REPRESENTATION_CONTEXT() REPRESENTATION_CONTEXT('2D SPACE',''
  ) );
#12534 = PCURVE('',#12171,#12535);
#12535 = DEFINITIONAL_REPRESENTATION('',(#12536),#12540);
#12536 = LINE('',#12537,#12538);
#12537 = CARTESIAN_POINT('',(0.510638713838,1.964262086318E-13));
#12538 = VECTOR('',#12539,1.);
#12539 = DIRECTION('',(-1.779132396962E-14,-1.));
#12540 = ( GEOMETRIC_REPRESENTATION_CONTEXT(2) 
PARAMETRIC_REPRESENTATION_CONTEXT() REPRESENTATION_CONTEXT('2D SPACE',''
  ) );
#12541 = ORIENTED_EDGE('',*,*,#12127,.T.);
#12542 = ORIENTED_EDGE('',*,*,#12472,.F.);
#12543 = ADVANCED_FACE('',(#12544),#12171,.F.);
#12544 = FACE_BOUND('',#12545,.F.);
#12545 = EDGE_LOOP('',(#12546,#12569,#12590,#12591));
#12546 = ORIENTED_EDGE('',*,*,#12547,.F.);
#12547 = EDGE_CURVE('',#12548,#12499,#12550,.T.);
#12548 = VERTEX_POINT('',#12549);
#12549 = CARTESIAN_POINT('',(-14.05747043961,2.533443121214,
    -56.51573115053));
#12550 = SURFACE_CURVE('',#12551,(#12555,#12562),.PCURVE_S1.);
#12551 = LINE('',#12552,#12553);
#12552 = CARTESIAN_POINT('',(-14.05747043961,2.533443121214,
    -56.51573115053));
#12553 = VECTOR('',#12554,1.);
#12554 = DIRECTION('',(-0.204753045059,-0.173648177667,-0.963287340793)
  );
#12555 = PCURVE('',#12171,#12556);
#12556 = DEFINITIONAL_REPRESENTATION('',(#12557),#12561);
#12557 = LINE('',#12558,#12559);
#12558 = CARTESIAN_POINT('',(-0.,0.));
#12559 = VECTOR('',#12560,1.);
#12560 = DIRECTION('',(1.,2.775557561563E-17));
#12561 = ( GEOMETRIC_REPRESENTATION_CONTEXT(2) 
PARAMETRIC_REPRESENTATION_CONTEXT() REPRESENTATION_CONTEXT('2D SPACE',''
  ) );
#12562 = PCURVE('',#12342,#12563);
#12563 = DEFINITIONAL_REPRESENTATION('',(#12564),#12568);
#12564 = LINE('',#12565,#12566);
#12565 = CARTESIAN_POINT('',(10.500000238423,56.879270470081));
#12566 = VECTOR('',#12567,1.);
#12567 = DIRECTION('',(3.79973830178E-14,1.));
#12568 = ( GEOMETRIC_REPRESENTATION_CONTEXT(2) 
PARAMETRIC_REPRESENTATION_CONTEXT() REPRESENTATION_CONTEXT('2D SPACE',''
  ) );
#12569 = ORIENTED_EDGE('',*,*,#12570,.T.);
#12570 = EDGE_CURVE('',#12548,#12156,#12571,.T.);
#12571 = SURFACE_CURVE('',#12572,(#12576,#12583),.PCURVE_S1.);
#12572 = LINE('',#12573,#12574);
#12573 = CARTESIAN_POINT('',(-14.05747043961,2.533443121214,
    -56.51573115053));
#12574 = VECTOR('',#12575,1.);
#12575 = DIRECTION('',(3.610348622616E-02,-0.984807753012,0.169853548357
    ));
#12576 = PCURVE('',#12171,#12577);
#12577 = DEFINITIONAL_REPRESENTATION('',(#12578),#12582);
#12578 = LINE('',#12579,#12580);
#12579 = CARTESIAN_POINT('',(-0.,0.));
#12580 = VECTOR('',#12581,1.);
#12581 = DIRECTION('',(7.643885524544E-14,-1.));
#12582 = ( GEOMETRIC_REPRESENTATION_CONTEXT(2) 
PARAMETRIC_REPRESENTATION_CONTEXT() REPRESENTATION_CONTEXT('2D SPACE',''
  ) );
#12583 = PCURVE('',#12199,#12584);
#12584 = DEFINITIONAL_REPRESENTATION('',(#12585),#12589);
#12585 = LINE('',#12586,#12587);
#12586 = CARTESIAN_POINT('',(0.537149079761,1.124642046157E-12));
#12587 = VECTOR('',#12588,1.);
#12588 = DIRECTION('',(3.952393967666E-14,-1.));
#12589 = ( GEOMETRIC_REPRESENTATION_CONTEXT(2) 
PARAMETRIC_REPRESENTATION_CONTEXT() REPRESENTATION_CONTEXT('2D SPACE',''
  ) );
#12590 = ORIENTED_EDGE('',*,*,#12155,.T.);
#12591 = ORIENTED_EDGE('',*,*,#12521,.F.);
#12592 = ADVANCED_FACE('',(#12593),#12199,.F.);
#12593 = FACE_BOUND('',#12594,.F.);
#12594 = EDGE_LOOP('',(#12595,#12618,#12639,#12640));
#12595 = ORIENTED_EDGE('',*,*,#12596,.F.);
#12596 = EDGE_CURVE('',#12597,#12548,#12599,.T.);
#12597 = VERTEX_POINT('',#12598);
#12598 = CARTESIAN_POINT('',(-13.78989126101,2.622114520516,
    -56.05849171652));
#12599 = SURFACE_CURVE('',#12600,(#12604,#12611),.PCURVE_S1.);
#12600 = LINE('',#12601,#12602);
#12601 = CARTESIAN_POINT('',(-13.78989126101,2.622114520516,
    -56.05849171652));
#12602 = VECTOR('',#12603,1.);
#12603 = DIRECTION('',(-0.498146955257,-0.165077820374,-0.851233765888)
  );
#12604 = PCURVE('',#12199,#12605);
#12605 = DEFINITIONAL_REPRESENTATION('',(#12606),#12610);
#12606 = LINE('',#12607,#12608);
#12607 = CARTESIAN_POINT('',(-0.,0.));
#12608 = VECTOR('',#12609,1.);
#12609 = DIRECTION('',(1.,-2.775557561563E-17));
#12610 = ( GEOMETRIC_REPRESENTATION_CONTEXT(2) 
PARAMETRIC_REPRESENTATION_CONTEXT() REPRESENTATION_CONTEXT('2D SPACE',''
  ) );
#12611 = PCURVE('',#12342,#12612);
#12612 = DEFINITIONAL_REPRESENTATION('',(#12613),#12617);
#12613 = LINE('',#12614,#12615);
#12614 = CARTESIAN_POINT('',(10.666666746143,56.368632233075));
#12615 = VECTOR('',#12616,1.);
#12616 = DIRECTION('',(-0.310279797551,0.950645279393));
#12617 = ( GEOMETRIC_REPRESENTATION_CONTEXT(2) 
PARAMETRIC_REPRESENTATION_CONTEXT() REPRESENTATION_CONTEXT('2D SPACE',''
  ) );
#12618 = ORIENTED_EDGE('',*,*,#12619,.T.);
#12619 = EDGE_CURVE('',#12597,#12184,#12620,.T.);
#12620 = SURFACE_CURVE('',#12621,(#12625,#12632),.PCURVE_S1.);
#12621 = LINE('',#12622,#12623);
#12622 = CARTESIAN_POINT('',(-13.78989126101,2.622114520516,
    -56.05849171652));
#12623 = VECTOR('',#12624,1.);
#12624 = DIRECTION('',(3.610348622619E-02,-0.984807753012,0.169853548357
    ));
#12625 = PCURVE('',#12199,#12626);
#12626 = DEFINITIONAL_REPRESENTATION('',(#12627),#12631);
#12627 = LINE('',#12628,#12629);
#12628 = CARTESIAN_POINT('',(-0.,0.));
#12629 = VECTOR('',#12630,1.);
#12630 = DIRECTION('',(-6.05626659933E-14,-1.));
#12631 = ( GEOMETRIC_REPRESENTATION_CONTEXT(2) 
PARAMETRIC_REPRESENTATION_CONTEXT() REPRESENTATION_CONTEXT('2D SPACE',''
  ) );
#12632 = PCURVE('',#12227,#12633);
#12633 = DEFINITIONAL_REPRESENTATION('',(#12634),#12638);
#12634 = LINE('',#12635,#12636);
#12635 = CARTESIAN_POINT('',(0.4764459384,-2.189817771558E-12));
#12636 = VECTOR('',#12637,1.);
#12637 = DIRECTION('',(-4.657385588303E-14,-1.));
#12638 = ( GEOMETRIC_REPRESENTATION_CONTEXT(2) 
PARAMETRIC_REPRESENTATION_CONTEXT() REPRESENTATION_CONTEXT('2D SPACE',''
  ) );
#12639 = ORIENTED_EDGE('',*,*,#12183,.T.);
#12640 = ORIENTED_EDGE('',*,*,#12570,.F.);
#12641 = ADVANCED_FACE('',(#12642),#12227,.F.);
#12642 = FACE_BOUND('',#12643,.F.);
#12643 = EDGE_LOOP('',(#12644,#12667,#12688,#12689));
#12644 = ORIENTED_EDGE('',*,*,#12645,.F.);
#12645 = EDGE_CURVE('',#12646,#12597,#12648,.T.);
#12646 = VERTEX_POINT('',#12647);
#12647 = CARTESIAN_POINT('',(-13.39413874933,2.681228786718,
    -55.79986808023));
#12648 = SURFACE_CURVE('',#12649,(#12653,#12660),.PCURVE_S1.);
#12649 = LINE('',#12650,#12651);
#12650 = CARTESIAN_POINT('',(-13.39413874933,2.681228786718,
    -55.79986808023));
#12651 = VECTOR('',#12652,1.);
#12652 = DIRECTION('',(-0.830634663413,-0.124073397286,-0.542818430068)
  );
#12653 = PCURVE('',#12227,#12654);
#12654 = DEFINITIONAL_REPRESENTATION('',(#12655),#12659);
#12655 = LINE('',#12656,#12657);
#12656 = CARTESIAN_POINT('',(-0.,0.));
#12657 = VECTOR('',#12658,1.);
#12658 = DIRECTION('',(1.,4.163336342344E-17));
#12659 = ( GEOMETRIC_REPRESENTATION_CONTEXT(2) 
PARAMETRIC_REPRESENTATION_CONTEXT() REPRESENTATION_CONTEXT('2D SPACE',''
  ) );
#12660 = PCURVE('',#12342,#12661);
#12661 = DEFINITIONAL_REPRESENTATION('',(#12662),#12666);
#12662 = LINE('',#12663,#12664);
#12663 = CARTESIAN_POINT('',(11.000000238421,56.02820674175));
#12664 = VECTOR('',#12665,1.);
#12665 = DIRECTION('',(-0.699625005502,0.714510218035));
#12666 = ( GEOMETRIC_REPRESENTATION_CONTEXT(2) 
PARAMETRIC_REPRESENTATION_CONTEXT() REPRESENTATION_CONTEXT('2D SPACE',''
  ) );
#12667 = ORIENTED_EDGE('',*,*,#12668,.T.);
#12668 = EDGE_CURVE('',#12646,#12212,#12669,.T.);
#12669 = SURFACE_CURVE('',#12670,(#12674,#12681),.PCURVE_S1.);
#12670 = LINE('',#12671,#12672);
#12671 = CARTESIAN_POINT('',(-13.39413874933,2.681228786718,
    -55.79986808023));
#12672 = VECTOR('',#12673,1.);
#12673 = DIRECTION('',(3.610348622614E-02,-0.984807753012,0.169853548357
    ));
#12674 = PCURVE('',#12227,#12675);
#12675 = DEFINITIONAL_REPRESENTATION('',(#12676),#12680);
#12676 = LINE('',#12677,#12678);
#12677 = CARTESIAN_POINT('',(-0.,0.));
#12678 = VECTOR('',#12679,1.);
#12679 = DIRECTION('',(-5.07927033766E-15,-1.));
#12680 = ( GEOMETRIC_REPRESENTATION_CONTEXT(2) 
PARAMETRIC_REPRESENTATION_CONTEXT() REPRESENTATION_CONTEXT('2D SPACE',''
  ) );
#12681 = PCURVE('',#12255,#12682);
#12682 = DEFINITIONAL_REPRESENTATION('',(#12683),#12687);
#12683 = LINE('',#12684,#12685);
#12684 = CARTESIAN_POINT('',(0.528178358879,1.805805505128E-12));
#12685 = VECTOR('',#12686,1.);
#12686 = DIRECTION('',(1.5813739207E-14,-1.));
#12687 = ( GEOMETRIC_REPRESENTATION_CONTEXT(2) 
PARAMETRIC_REPRESENTATION_CONTEXT() REPRESENTATION_CONTEXT('2D SPACE',''
  ) );
#12688 = ORIENTED_EDGE('',*,*,#12211,.T.);
#12689 = ORIENTED_EDGE('',*,*,#12619,.F.);
#12690 = ADVANCED_FACE('',(#12691),#12255,.F.);
#12691 = FACE_BOUND('',#12692,.F.);
#12692 = EDGE_LOOP('',(#12693,#12716,#12737,#12738));
#12693 = ORIENTED_EDGE('',*,*,#12694,.F.);
#12694 = EDGE_CURVE('',#12695,#12646,#12697,.T.);
#12695 = VERTEX_POINT('',#12696);
#12696 = CARTESIAN_POINT('',(-12.87021337098,2.710785919818,
    -55.73986014249));
#12697 = SURFACE_CURVE('',#12698,(#12702,#12709),.PCURVE_S1.);
#12698 = LINE('',#12699,#12700);
#12699 = CARTESIAN_POINT('',(-12.87021337098,2.710785919818,
    -55.73986014249));
#12700 = VECTOR('',#12701,1.);
#12701 = DIRECTION('',(-0.991947832665,-5.596051523853E-02,
    -0.113613018642));
#12702 = PCURVE('',#12255,#12703);
#12703 = DEFINITIONAL_REPRESENTATION('',(#12704),#12708);
#12704 = LINE('',#12705,#12706);
#12705 = CARTESIAN_POINT('',(-0.,0.));
#12706 = VECTOR('',#12707,1.);
#12707 = DIRECTION('',(1.,9.87404602526E-15));
#12708 = ( GEOMETRIC_REPRESENTATION_CONTEXT(2) 
PARAMETRIC_REPRESENTATION_CONTEXT() REPRESENTATION_CONTEXT('2D SPACE',''
  ) );
#12709 = PCURVE('',#12342,#12710);
#12710 = DEFINITIONAL_REPRESENTATION('',(#12711),#12715);
#12711 = LINE('',#12712,#12713);
#12712 = CARTESIAN_POINT('',(11.500000238419,55.857993996077));
#12713 = VECTOR('',#12714,1.);
#12714 = DIRECTION('',(-0.94664991777,0.322263763377));
#12715 = ( GEOMETRIC_REPRESENTATION_CONTEXT(2) 
PARAMETRIC_REPRESENTATION_CONTEXT() REPRESENTATION_CONTEXT('2D SPACE',''
  ) );
#12716 = ORIENTED_EDGE('',*,*,#12717,.T.);
#12717 = EDGE_CURVE('',#12695,#12240,#12718,.T.);
#12718 = SURFACE_CURVE('',#12719,(#12723,#12730),.PCURVE_S1.);
#12719 = LINE('',#12720,#12721);
#12720 = CARTESIAN_POINT('',(-12.87021337098,2.710785919818,
    -55.73986014249));
#12721 = VECTOR('',#12722,1.);
#12722 = DIRECTION('',(3.610348622615E-02,-0.984807753012,0.169853548357
    ));
#12723 = PCURVE('',#12255,#12724);
#12724 = DEFINITIONAL_REPRESENTATION('',(#12725),#12729);
#12725 = LINE('',#12726,#12727);
#12726 = CARTESIAN_POINT('',(-0.,0.));
#12727 = VECTOR('',#12728,1.);
#12728 = DIRECTION('',(5.898059818321E-15,-1.));
#12729 = ( GEOMETRIC_REPRESENTATION_CONTEXT(2) 
PARAMETRIC_REPRESENTATION_CONTEXT() REPRESENTATION_CONTEXT('2D SPACE',''
  ) );
#12730 = PCURVE('',#12283,#12731);
#12731 = DEFINITIONAL_REPRESENTATION('',(#12732),#12736);
#12732 = LINE('',#12733,#12734);
#12733 = CARTESIAN_POINT('',(3.166666507725,-4.852923618515E-13));
#12734 = VECTOR('',#12735,1.);
#12735 = DIRECTION('',(1.002670169115E-14,-1.));
#12736 = ( GEOMETRIC_REPRESENTATION_CONTEXT(2) 
PARAMETRIC_REPRESENTATION_CONTEXT() REPRESENTATION_CONTEXT('2D SPACE',''
  ) );
#12737 = ORIENTED_EDGE('',*,*,#12239,.T.);
#12738 = ORIENTED_EDGE('',*,*,#12668,.F.);
#12739 = ADVANCED_FACE('',(#12740),#12283,.F.);
#12740 = FACE_BOUND('',#12741,.F.);
#12741 = EDGE_LOOP('',(#12742,#12765,#12786,#12787));
#12742 = ORIENTED_EDGE('',*,*,#12743,.F.);
#12743 = EDGE_CURVE('',#12744,#12695,#12746,.T.);
#12744 = VERTEX_POINT('',#12745);
#12745 = CARTESIAN_POINT('',(-9.772746124125,2.710785919818,
    -56.39824713037));
#12746 = SURFACE_CURVE('',#12747,(#12751,#12758),.PCURVE_S1.);
#12747 = LINE('',#12748,#12749);
#12748 = CARTESIAN_POINT('',(-9.772746124125,2.710785919818,
    -56.39824713037));
#12749 = VECTOR('',#12750,1.);
#12750 = DIRECTION('',(-0.978147600734,0.,0.207911690818));
#12751 = PCURVE('',#12283,#12752);
#12752 = DEFINITIONAL_REPRESENTATION('',(#12753),#12757);
#12753 = LINE('',#12754,#12755);
#12754 = CARTESIAN_POINT('',(0.,0.));
#12755 = VECTOR('',#12756,1.);
#12756 = DIRECTION('',(1.,6.938893903907E-18));
#12757 = ( GEOMETRIC_REPRESENTATION_CONTEXT(2) 
PARAMETRIC_REPRESENTATION_CONTEXT() REPRESENTATION_CONTEXT('2D SPACE',''
  ) );
#12758 = PCURVE('',#12342,#12759);
#12759 = DEFINITIONAL_REPRESENTATION('',(#12760),#12764);
#12760 = LINE('',#12761,#12762);
#12761 = CARTESIAN_POINT('',(14.666666746144,55.85799399608));
#12762 = VECTOR('',#12763,1.);
#12763 = DIRECTION('',(-1.,-5.551115123126E-17));
#12764 = ( GEOMETRIC_REPRESENTATION_CONTEXT(2) 
PARAMETRIC_REPRESENTATION_CONTEXT() REPRESENTATION_CONTEXT('2D SPACE',''
  ) );
#12765 = ORIENTED_EDGE('',*,*,#12766,.T.);
#12766 = EDGE_CURVE('',#12744,#12268,#12767,.T.);
#12767 = SURFACE_CURVE('',#12768,(#12772,#12779),.PCURVE_S1.);
#12768 = LINE('',#12769,#12770);
#12769 = CARTESIAN_POINT('',(-9.772746124125,2.710785919818,
    -56.39824713037));
#12770 = VECTOR('',#12771,1.);
#12771 = DIRECTION('',(3.610348622615E-02,-0.984807753012,0.169853548357
    ));
#12772 = PCURVE('',#12283,#12773);
#12773 = DEFINITIONAL_REPRESENTATION('',(#12774),#12778);
#12774 = LINE('',#12775,#12776);
#12775 = CARTESIAN_POINT('',(0.,0.));
#12776 = VECTOR('',#12777,1.);
#12777 = DIRECTION('',(3.082256672116E-14,-1.));
#12778 = ( GEOMETRIC_REPRESENTATION_CONTEXT(2) 
PARAMETRIC_REPRESENTATION_CONTEXT() REPRESENTATION_CONTEXT('2D SPACE',''
  ) );
#12779 = PCURVE('',#12309,#12780);
#12780 = DEFINITIONAL_REPRESENTATION('',(#12781),#12785);
#12781 = LINE('',#12782,#12783);
#12782 = CARTESIAN_POINT('',(2.553191661832,4.838351941316E-13));
#12783 = VECTOR('',#12784,1.);
#12784 = DIRECTION('',(1.141309269315E-13,-1.));
#12785 = ( GEOMETRIC_REPRESENTATION_CONTEXT(2) 
PARAMETRIC_REPRESENTATION_CONTEXT() REPRESENTATION_CONTEXT('2D SPACE',''
  ) );
#12786 = ORIENTED_EDGE('',*,*,#12267,.T.);
#12787 = ORIENTED_EDGE('',*,*,#12717,.F.);
#12788 = ADVANCED_FACE('',(#12789),#12309,.F.);
#12789 = FACE_BOUND('',#12790,.F.);
#12790 = EDGE_LOOP('',(#12791,#12812,#12813,#12814));
#12791 = ORIENTED_EDGE('',*,*,#12792,.F.);
#12792 = EDGE_CURVE('',#12327,#12744,#12793,.T.);
#12793 = SURFACE_CURVE('',#12794,(#12798,#12805),.PCURVE_S1.);
#12794 = LINE('',#12795,#12796);
#12795 = CARTESIAN_POINT('',(-10.29551989151,2.267428840506,
    -58.85770433683));
#12796 = VECTOR('',#12797,1.);
#12797 = DIRECTION('',(0.204753045059,0.173648177667,0.963287340793));
#12798 = PCURVE('',#12309,#12799);
#12799 = DEFINITIONAL_REPRESENTATION('',(#12800),#12804);
#12800 = LINE('',#12801,#12802);
#12801 = CARTESIAN_POINT('',(0.,0.));
#12802 = VECTOR('',#12803,1.);
#12803 = DIRECTION('',(1.,-2.775557561563E-17));
#12804 = ( GEOMETRIC_REPRESENTATION_CONTEXT(2) 
PARAMETRIC_REPRESENTATION_CONTEXT() REPRESENTATION_CONTEXT('2D SPACE',''
  ) );
#12805 = PCURVE('',#12342,#12806);
#12806 = DEFINITIONAL_REPRESENTATION('',(#12807),#12811);
#12807 = LINE('',#12808,#12809);
#12808 = CARTESIAN_POINT('',(14.666666746139,58.411185657912));
#12809 = VECTOR('',#12810,1.);
#12810 = DIRECTION('',(-3.79973830178E-14,-1.));
#12811 = ( GEOMETRIC_REPRESENTATION_CONTEXT(2) 
PARAMETRIC_REPRESENTATION_CONTEXT() REPRESENTATION_CONTEXT('2D SPACE',''
  ) );
#12812 = ORIENTED_EDGE('',*,*,#12376,.T.);
#12813 = ORIENTED_EDGE('',*,*,#12295,.T.);
#12814 = ORIENTED_EDGE('',*,*,#12766,.F.);
#12815 = ADVANCED_FACE('',(#12816),#12342,.T.);
#12816 = FACE_BOUND('',#12817,.F.);
#12817 = EDGE_LOOP('',(#12818,#12819,#12820,#12821,#12822,#12823,#12824,
    #12825,#12826,#12827));
#12818 = ORIENTED_EDGE('',*,*,#12324,.T.);
#12819 = ORIENTED_EDGE('',*,*,#12792,.T.);
#12820 = ORIENTED_EDGE('',*,*,#12743,.T.);
#12821 = ORIENTED_EDGE('',*,*,#12694,.T.);
#12822 = ORIENTED_EDGE('',*,*,#12645,.T.);
#12823 = ORIENTED_EDGE('',*,*,#12596,.T.);
#12824 = ORIENTED_EDGE('',*,*,#12547,.T.);
#12825 = ORIENTED_EDGE('',*,*,#12498,.T.);
#12826 = ORIENTED_EDGE('',*,*,#12449,.T.);
#12827 = ORIENTED_EDGE('',*,*,#12400,.T.);
#12828 = ( GEOMETRIC_REPRESENTATION_CONTEXT(3) 
GLOBAL_UNCERTAINTY_ASSIGNED_CONTEXT((#12832)) 
GLOBAL_UNIT_ASSIGNED_CONTEXT((#12829,#12830,#12831)) 
REPRESENTATION_CONTEXT('Context #1',
  '3D Context with UNIT and UNCERTAINTY') );
#12829 = ( LENGTH_UNIT() NAMED_UNIT(*) SI_UNIT(.MILLI.,.METRE.) );
#12830 = ( NAMED_UNIT(*) PLANE_ANGLE_UNIT() SI_UNIT($,.RADIAN.) );
#12831 = ( NAMED_UNIT(*) SI_UNIT($,.STERADIAN.) SOLID_ANGLE_UNIT() );
#12832 = UNCERTAINTY_MEASURE_WITH_UNIT(LENGTH_MEASURE(5.E-04),#12829,
  'distance_accuracy_value','confusion accuracy');
#12833 = PRODUCT_RELATED_PRODUCT_CATEGORY('part',$,(#7));
ENDSEC;
END-ISO-10303-21;
