ISO-10303-21;
HEADER;
FILE_DESCRIPTION(('Open CASCADE Model'),'2;1');
FILE_NAME('Open CASCADE Shape Model','2026-09-11T17:46:08',('Author'),(
    'Open CASCADE'),'Open CASCADE STEP processor 7.8','Open CASCADE 7.8'
  ,'Unknown');
FILE_SCHEMA(('AUTOMOTIVE_DESIGN { 1 0 10303 214 1 1 1 1 }'));
ENDSEC;
DATA;
#1 = APPLICATION_PROTOCOL_DEFINITION('international standard',
  'automotive_design',2000,#2);
#2 = APPLICATION_CONTEXT(
  'core data for automotive mechanical design processes');
#3 = SHAPE_DEFINITION_REPRESENTATION(#4,#10);
#4 = PRODUCT_DEFINITION_SHAPE('','',#5);
#5 = PRODUCT_DEFINITION('design','',#6,#9);
#6 = PRODUCT_DEFINITION_FORMATION('','',#7);
#7 = PRODUCT('Open CASCADE STEP translator 7.8 1',
  'Open CASCADE STEP translator 7.8 1','',(#8));
#8 = PRODUCT_CONTEXT('',#2,'mechanical');
#9 = PRODUCT_DEFINITION_CONTEXT('part definition',#2,'design');
#10 = ADVANCED_BREP_SHAPE_REPRESENTATION('',(#11,#15),#3691);
#11 = AXIS2_PLACEMENT_3D('',#12,#13,#14);
#12 = CARTESIAN_POINT('',(0.,0.,0.));
#13 = DIRECTION('',(0.,0.,1.));
#14 = DIRECTION('',(1.,0.,-0.));
#15 = MANIFOLD_SOLID_BREP('',#16);
#16 = CLOSED_SHELL('',(#17,#449,#535,#804,#949,#976,#1031,#1086,#1113,
    #1140,#1167,#1761,#1978,#2089,#2259,#2266,#2296,#2326,#2376,#2425,
    #2457,#2484,#2511,#2622,#2773,#2857,#2884,#2911,#3231,#3257,#3285,
    #3333,#3339,#3345,#3351,#3522,#3549,#3596,#3603,#3630,#3637,#3664));
#17 = ADVANCED_FACE('',(#18,#143,#296),#32,.F.);
#18 = FACE_BOUND('',#19,.T.);
#19 = EDGE_LOOP('',(#20,#55,#88,#116));
#20 = ORIENTED_EDGE('',*,*,#21,.T.);
#21 = EDGE_CURVE('',#22,#24,#26,.T.);
#22 = VERTEX_POINT('',#23);
#23 = CARTESIAN_POINT('',(28.256011445849,-0.5,12.25715371414));
#24 = VERTEX_POINT('',#25);
#25 = CARTESIAN_POINT('',(28.256011445849,-10.5,12.25715371414));
#26 = SURFACE_CURVE('',#27,(#31,#43),.PCURVE_S1.);
#27 = LINE('',#28,#29);
#28 = CARTESIAN_POINT('',(28.256011445849,-0.5,12.25715371414));
#29 = VECTOR('',#30,1.);
#30 = DIRECTION('',(0.,-1.,0.));
#31 = PCURVE('',#32,#37);
#32 = CYLINDRICAL_SURFACE('',#33,30.8);
#33 = AXIS2_PLACEMENT_3D('',#34,#35,#36);
#34 = CARTESIAN_POINT('',(-8.881784197001E-16,-0.5,1.7763568394E-15));
#35 = DIRECTION('',(-0.,1.,-0.));
#36 = DIRECTION('',(0.927183854567,0.,0.374606593416));
#37 = DEFINITIONAL_REPRESENTATION('',(#38),#42);
#38 = LINE('',#39,#40);
#39 = CARTESIAN_POINT('',(-2.531916079262E-02,0.));
#40 = VECTOR('',#41,1.);
#41 = DIRECTION('',(-0.,-1.));
#42 = ( GEOMETRIC_REPRESENTATION_CONTEXT(2) 
PARAMETRIC_REPRESENTATION_CONTEXT() REPRESENTATION_CONTEXT('2D SPACE',''
  ) );
#43 = PCURVE('',#44,#49);
#44 = CYLINDRICAL_SURFACE('',#45,0.8);
#45 = AXIS2_PLACEMENT_3D('',#46,#47,#48);
#46 = CARTESIAN_POINT('',(28.989933821066,-0.5,12.575521343078));
#47 = DIRECTION('',(0.,-1.,0.));
#48 = DIRECTION('',(-0.917402969021,-0.,-0.397959536173));
#49 = DEFINITIONAL_REPRESENTATION('',(#50),#54);
#50 = LINE('',#51,#52);
#51 = CARTESIAN_POINT('',(0.,0.));
#52 = VECTOR('',#53,1.);
#53 = DIRECTION('',(0.,1.));
#54 = ( GEOMETRIC_REPRESENTATION_CONTEXT(2) 
PARAMETRIC_REPRESENTATION_CONTEXT() REPRESENTATION_CONTEXT('2D SPACE',''
  ) );
#55 = ORIENTED_EDGE('',*,*,#56,.T.);
#56 = EDGE_CURVE('',#24,#57,#59,.T.);
#57 = VERTEX_POINT('',#58);
#58 = CARTESIAN_POINT('',(-28.25601144584,-10.5,12.25715371414));
#59 = SURFACE_CURVE('',#60,(#65,#72),.PCURVE_S1.);
#60 = CIRCLE('',#61,30.8);
#61 = AXIS2_PLACEMENT_3D('',#62,#63,#64);
#62 = CARTESIAN_POINT('',(-8.881784197001E-16,-10.5,1.7763568394E-15));
#63 = DIRECTION('',(0.,-1.,0.));
#64 = DIRECTION('',(0.917402969021,0.,0.397959536173));
#65 = PCURVE('',#32,#66);
#66 = DEFINITIONAL_REPRESENTATION('',(#67),#71);
#67 = LINE('',#68,#69);
#68 = CARTESIAN_POINT('',(-2.531916079262E-02,-10.));
#69 = VECTOR('',#70,1.);
#70 = DIRECTION('',(-1.,0.));
#71 = ( GEOMETRIC_REPRESENTATION_CONTEXT(2) 
PARAMETRIC_REPRESENTATION_CONTEXT() REPRESENTATION_CONTEXT('2D SPACE',''
  ) );
#72 = PCURVE('',#73,#78);
#73 = PLANE('',#74);
#74 = AXIS2_PLACEMENT_3D('',#75,#76,#77);
#75 = CARTESIAN_POINT('',(5.025987482445E-15,-10.5,24.031841905939));
#76 = DIRECTION('',(0.,1.,0.));
#77 = DIRECTION('',(0.,-0.,1.));
#78 = DEFINITIONAL_REPRESENTATION('',(#79),#87);
#79 = ( BOUNDED_CURVE() B_SPLINE_CURVE(2,(#80,#81,#82,#83,#84,#85,#86),
.UNSPECIFIED.,.T.,.F.) B_SPLINE_CURVE_WITH_KNOTS((1,2,2,2,2,1),(
    -2.094395102393,0.,2.094395102393,4.188790204786,6.28318530718,
8.377580409573),.UNSPECIFIED.) CURVE() GEOMETRIC_REPRESENTATION_ITEM() 
RATIONAL_B_SPLINE_CURVE((1.,0.5,1.,0.5,1.,0.5,1.)) REPRESENTATION_ITEM(
  '') );
#80 = CARTESIAN_POINT('',(-11.7746881918,28.256011445849));
#81 = CARTESIAN_POINT('',(37.166159251659,7.025998456778));
#82 = CARTESIAN_POINT('',(-5.68999504128,-24.74301221746));
#83 = CARTESIAN_POINT('',(-48.54614933421,-56.51202289169));
#84 = CARTESIAN_POINT('',(-54.63084248473,-3.512999228389));
#85 = CARTESIAN_POINT('',(-60.71553563525,49.48602443492));
#86 = CARTESIAN_POINT('',(-11.7746881918,28.256011445849));
#87 = ( GEOMETRIC_REPRESENTATION_CONTEXT(2) 
PARAMETRIC_REPRESENTATION_CONTEXT() REPRESENTATION_CONTEXT('2D SPACE',''
  ) );
#88 = ORIENTED_EDGE('',*,*,#89,.F.);
#89 = EDGE_CURVE('',#90,#57,#92,.T.);
#90 = VERTEX_POINT('',#91);
#91 = CARTESIAN_POINT('',(-28.25601144584,-0.5,12.25715371414));
#92 = SURFACE_CURVE('',#93,(#97,#104),.PCURVE_S1.);
#93 = LINE('',#94,#95);
#94 = CARTESIAN_POINT('',(-28.25601144584,-0.5,12.25715371414));
#95 = VECTOR('',#96,1.);
#96 = DIRECTION('',(0.,-1.,0.));
#97 = PCURVE('',#32,#98);
#98 = DEFINITIONAL_REPRESENTATION('',(#99),#103);
#99 = LINE('',#100,#101);
#100 = CARTESIAN_POINT('',(-2.34832862192,0.));
#101 = VECTOR('',#102,1.);
#102 = DIRECTION('',(-0.,-1.));
#103 = ( GEOMETRIC_REPRESENTATION_CONTEXT(2) 
PARAMETRIC_REPRESENTATION_CONTEXT() REPRESENTATION_CONTEXT('2D SPACE',''
  ) );
#104 = PCURVE('',#105,#110);
#105 = CYLINDRICAL_SURFACE('',#106,0.8);
#106 = AXIS2_PLACEMENT_3D('',#107,#108,#109);
#107 = CARTESIAN_POINT('',(-28.98993382106,-0.5,12.575521343078));
#108 = DIRECTION('',(0.,-1.,0.));
#109 = DIRECTION('',(0.917402969021,0.,-0.397959536173));
#110 = DEFINITIONAL_REPRESENTATION('',(#111),#115);
#111 = LINE('',#112,#113);
#112 = CARTESIAN_POINT('',(-0.,0.));
#113 = VECTOR('',#114,1.);
#114 = DIRECTION('',(-0.,1.));
#115 = ( GEOMETRIC_REPRESENTATION_CONTEXT(2) 
PARAMETRIC_REPRESENTATION_CONTEXT() REPRESENTATION_CONTEXT('2D SPACE',''
  ) );
#116 = ORIENTED_EDGE('',*,*,#117,.T.);
#117 = EDGE_CURVE('',#90,#22,#118,.T.);
#118 = SURFACE_CURVE('',#119,(#124,#131),.PCURVE_S1.);
#119 = CIRCLE('',#120,30.8);
#120 = AXIS2_PLACEMENT_3D('',#121,#122,#123);
#121 = CARTESIAN_POINT('',(-8.881784197001E-16,-0.5,1.7763568394E-15));
#122 = DIRECTION('',(0.,1.,-0.));
#123 = DIRECTION('',(-0.917402969021,0.,0.397959536173));
#124 = PCURVE('',#32,#125);
#125 = DEFINITIONAL_REPRESENTATION('',(#126),#130);
#126 = LINE('',#127,#128);
#127 = CARTESIAN_POINT('',(-2.34832862192,0.));
#128 = VECTOR('',#129,1.);
#129 = DIRECTION('',(1.,-0.));
#130 = ( GEOMETRIC_REPRESENTATION_CONTEXT(2) 
PARAMETRIC_REPRESENTATION_CONTEXT() REPRESENTATION_CONTEXT('2D SPACE',''
  ) );
#131 = PCURVE('',#132,#137);
#132 = PLANE('',#133);
#133 = AXIS2_PLACEMENT_3D('',#134,#135,#136);
#134 = CARTESIAN_POINT('',(5.025987482445E-15,-0.5,24.031841905939));
#135 = DIRECTION('',(0.,1.,0.));
#136 = DIRECTION('',(0.,-0.,1.));
#137 = DEFINITIONAL_REPRESENTATION('',(#138),#142);
#138 = CIRCLE('',#139,30.8);
#139 = AXIS2_PLACEMENT_2D('',#140,#141);
#140 = CARTESIAN_POINT('',(-24.03184190593,-5.914165902145E-15));
#141 = DIRECTION('',(0.397959536173,-0.917402969021));
#142 = ( GEOMETRIC_REPRESENTATION_CONTEXT(2) 
PARAMETRIC_REPRESENTATION_CONTEXT() REPRESENTATION_CONTEXT('2D SPACE',''
  ) );
#143 = FACE_BOUND('',#144,.T.);
#144 = EDGE_LOOP('',(#145));
#145 = ORIENTED_EDGE('',*,*,#146,.T.);
#146 = EDGE_CURVE('',#147,#147,#149,.T.);
#147 = VERTEX_POINT('',#148);
#148 = CARTESIAN_POINT('',(25.782921356847,-4.5,16.848767501115));
#149 = SURFACE_CURVE('',#150,(#195,#243),.PCURVE_S1.);
#150 = B_SPLINE_CURVE_WITH_KNOTS('',7,(#151,#152,#153,#154,#155,#156,
    #157,#158,#159,#160,#161,#162,#163,#164,#165,#166,#167,#168,#169,
    #170,#171,#172,#173,#174,#175,#176,#177,#178,#179,#180,#181,#182,
    #183,#184,#185,#186,#187,#188,#189,#190,#191,#192,#193,#194),
  .UNSPECIFIED.,.T.,.F.,(8,6,6,6,6,6,6,8),(0.,0.15273491563,
    0.285723645449,0.421923746179,0.588701440598,0.714477818133,
    0.837886405733,1.),.UNSPECIFIED.);
#151 = CARTESIAN_POINT('',(25.782921356847,-4.5,16.848767501115));
#152 = CARTESIAN_POINT('',(25.782921356847,-4.703169991256,
    16.848767501115));
#153 = CARTESIAN_POINT('',(25.798440798787,-4.906244513581,
    16.82501864133));
#154 = CARTESIAN_POINT('',(25.829458737665,-5.106759473971,
    16.777554025062));
#155 = CARTESIAN_POINT('',(25.87628773007,-5.301911616159,
    16.705590782628));
#156 = CARTESIAN_POINT('',(25.939389924017,-5.488019134682,
    16.607830373909));
#157 = CARTESIAN_POINT('',(26.019112332197,-5.659936798949,
    16.482678256494));
#158 = CARTESIAN_POINT('',(26.198974595615,-5.940423932782,
    16.195019754828));
#159 = CARTESIAN_POINT('',(26.298081857424,-6.058894456771,
    16.03473224456));
#160 = CARTESIAN_POINT('',(26.410013369418,-6.151744872672,
    15.850919258567));
#161 = CARTESIAN_POINT('',(26.530014457713,-6.209645360746,
    15.649814475171));
#162 = CARTESIAN_POINT('',(26.65225009714,-6.227577846358,
    15.440062546857));
#163 = CARTESIAN_POINT('',(26.771239156385,-6.205093589671,
    15.231305916859));
#164 = CARTESIAN_POINT('',(26.996358245078,-6.086676464668,
    14.828725685799));
#165 = CARTESIAN_POINT('',(27.098137866172,-5.991073628514,
    14.642486212983));
#166 = CARTESIAN_POINT('',(27.186553935254,-5.867883879324,
    14.477297641475));
#167 = CARTESIAN_POINT('',(27.261469272074,-5.723902837628,
    14.334998843743));
#168 = CARTESIAN_POINT('',(27.323168263071,-5.565120470531,
    14.216346883834));
#169 = CARTESIAN_POINT('',(27.372213867372,-5.396861981794,
    14.121209389665));
#170 = CARTESIAN_POINT('',(27.454935321363,-5.011939908664,
    13.959817066693));
#171 = CARTESIAN_POINT('',(27.483306968435,-4.790011817774,
    13.903635449456));
#172 = CARTESIAN_POINT('',(27.495807926827,-4.563025608776,
    13.878691207333));
#173 = CARTESIAN_POINT('',(27.492858733237,-4.334472178815,
    13.884563727652));
#174 = CARTESIAN_POINT('',(27.47428196739,-4.108090931813,
    13.921567674226));
#175 = CARTESIAN_POINT('',(27.439409882214,-3.888249769349,
    13.990417968497));
#176 = CARTESIAN_POINT('',(27.347868511505,-3.524734266999,
    14.168326898805));
#177 = CARTESIAN_POINT('',(27.298146005395,-3.373558064592,
    14.264349001915));
#178 = CARTESIAN_POINT('',(27.237449597135,-3.231617619321,
    14.380519602058));
#179 = CARTESIAN_POINT('',(27.16540996861,-3.103434833414,
    14.516733864219));
#180 = CARTESIAN_POINT('',(27.081920466793,-2.993935352233,
    14.672137057523));
#181 = CARTESIAN_POINT('',(26.987246767191,-2.908530716463,
    14.845019732182));
#182 = CARTESIAN_POINT('',(26.779637736561,-2.7993242308,15.216286744708
    ));
#183 = CARTESIAN_POINT('',(26.669765254082,-2.775806630105,
    15.409326326147));
#184 = CARTESIAN_POINT('',(26.556565435624,-2.786906712047,
    15.604204440281));
#185 = CARTESIAN_POINT('',(26.444561486208,-2.832744350059,
    15.792881120896));
#186 = CARTESIAN_POINT('',(26.33860836462,-2.909696910274,
    15.967958460882));
#187 = CARTESIAN_POINT('',(26.242861164799,-3.010571172953,
    16.123800018338));
#188 = CARTESIAN_POINT('',(26.050974832246,-3.274556552618,
    16.432568717724));
#189 = CARTESIAN_POINT('',(25.960402728661,-3.452395227813,
    16.575252502334));
#190 = CARTESIAN_POINT('',(25.888746317502,-3.647912964819,
    16.686439321993));
#191 = CARTESIAN_POINT('',(25.835628598112,-3.854575925055,
    16.768113341209));
#192 = CARTESIAN_POINT('',(25.800498691415,-4.067650677042,
    16.821869341561));
#193 = CARTESIAN_POINT('',(25.782921356847,-4.283784788788,
    16.848767501115));
#194 = CARTESIAN_POINT('',(25.782921356847,-4.5,16.848767501115));
#195 = PCURVE('',#32,#196);
#196 = DEFINITIONAL_REPRESENTATION('',(#197),#242);
#197 = B_SPLINE_CURVE_WITH_KNOTS('',7,(#198,#199,#200,#201,#202,#203,
    #204,#205,#206,#207,#208,#209,#210,#211,#212,#213,#214,#215,#216,
    #217,#218,#219,#220,#221,#222,#223,#224,#225,#226,#227,#228,#229,
    #230,#231,#232,#233,#234,#235,#236,#237,#238,#239,#240,#241),
  .UNSPECIFIED.,.T.,.F.,(8,6,6,6,6,6,6,8),(0.,0.15273491563,
    0.285723645449,0.421923746179,0.588701440598,0.714477818133,
    0.837886405733,1.),.UNSPECIFIED.);
#198 = CARTESIAN_POINT('',(-0.194849208698,-4.));
#199 = CARTESIAN_POINT('',(-0.194849208698,-4.203169991256));
#200 = CARTESIAN_POINT('',(-0.193928102161,-4.406244513581));
#201 = CARTESIAN_POINT('',(-0.192087161097,-4.606759473971));
#202 = CARTESIAN_POINT('',(-0.189299556322,-4.801911616159));
#203 = CARTESIAN_POINT('',(-0.185521784594,-4.988019134682));
#204 = CARTESIAN_POINT('',(-0.180704193358,-5.159936798949));
#205 = CARTESIAN_POINT('',(-0.169689234378,-5.440423932782));
#206 = CARTESIAN_POINT('',(-0.16357072771,-5.558894456771));
#207 = CARTESIAN_POINT('',(-0.156583599802,-5.651744872672));
#208 = CARTESIAN_POINT('',(-0.148980790046,-5.709645360746));
#209 = CARTESIAN_POINT('',(-0.141099238832,-5.727577846358));
#210 = CARTESIAN_POINT('',(-0.133297978784,-5.705093589671));
#211 = CARTESIAN_POINT('',(-0.118322403905,-5.586676464668));
#212 = CARTESIAN_POINT('',(-0.1114319423,-5.491073628514));
#213 = CARTESIAN_POINT('',(-0.105349066468,-5.367883879324));
#214 = CARTESIAN_POINT('',(-0.100127948345,-5.223902837628));
#215 = CARTESIAN_POINT('',(-9.5785951163E-02,-5.065120470531));
#216 = CARTESIAN_POINT('',(-9.231077909325E-02,-4.896861981794));
#217 = CARTESIAN_POINT('',(-8.642256844034E-02,-4.511939908664));
#218 = CARTESIAN_POINT('',(-8.437912894278E-02,-4.290011817774));
#219 = CARTESIAN_POINT('',(-8.347322306524E-02,-4.063025608776));
#220 = CARTESIAN_POINT('',(-8.368658488203E-02,-3.834472178815));
#221 = CARTESIAN_POINT('',(-8.503092308385E-02,-3.608090931813));
#222 = CARTESIAN_POINT('',(-8.753664775249E-02,-3.388249769349));
#223 = CARTESIAN_POINT('',(-9.403270326147E-02,-3.024734266999));
#224 = CARTESIAN_POINT('',(-9.754347742335E-02,-2.873558064592));
#225 = CARTESIAN_POINT('',(-0.101798986645,-2.731617619321));
#226 = CARTESIAN_POINT('',(-0.106801817898,-2.603434833414));
#227 = CARTESIAN_POINT('',(-0.112529169814,-2.493935352233));
#228 = CARTESIAN_POINT('',(-0.118928525848,-2.408530716463));
#229 = CARTESIAN_POINT('',(-0.132739280865,-2.2993242308));
#230 = CARTESIAN_POINT('',(-0.139950687568,-2.275806630105));
#231 = CARTESIAN_POINT('',(-0.147267431175,-2.286906712047));
#232 = CARTESIAN_POINT('',(-0.154390824167,-2.332744350059));
#233 = CARTESIAN_POINT('',(-0.161034790775,-2.409696910274));
#234 = CARTESIAN_POINT('',(-0.16697317447,-2.510571172953));
#235 = CARTESIAN_POINT('',(-0.178776293633,-2.774556552618));
#236 = CARTESIAN_POINT('',(-0.184263149048,-2.952395227813));
#237 = CARTESIAN_POINT('',(-0.188557764328,-3.147912964819));
#238 = CARTESIAN_POINT('',(-0.191720992384,-3.354575925055));
#239 = CARTESIAN_POINT('',(-0.19380595753,-3.567650677042));
#240 = CARTESIAN_POINT('',(-0.194849208698,-3.783784788788));
#241 = CARTESIAN_POINT('',(-0.194849208698,-4.));
#242 = ( GEOMETRIC_REPRESENTATION_CONTEXT(2) 
PARAMETRIC_REPRESENTATION_CONTEXT() REPRESENTATION_CONTEXT('2D SPACE',''
  ) );
#243 = PCURVE('',#244,#249);
#244 = CYLINDRICAL_SURFACE('',#245,1.7);
#245 = AXIS2_PLACEMENT_3D('',#246,#247,#248);
#246 = CARTESIAN_POINT('',(21.650635094611,-4.5,12.5));
#247 = DIRECTION('',(0.866025403784,0.,0.5));
#248 = DIRECTION('',(-0.5,0.,0.866025403784));
#249 = DEFINITIONAL_REPRESENTATION('',(#250),#295);
#250 = B_SPLINE_CURVE_WITH_KNOTS('',7,(#251,#252,#253,#254,#255,#256,
    #257,#258,#259,#260,#261,#262,#263,#264,#265,#266,#267,#268,#269,
    #270,#271,#272,#273,#274,#275,#276,#277,#278,#279,#280,#281,#282,
    #283,#284,#285,#286,#287,#288,#289,#290,#291,#292,#293,#294),
  .UNSPECIFIED.,.F.,.F.,(8,6,6,6,6,6,6,8),(0.,0.15273491563,
    0.285723645449,0.421923746179,0.588701440598,0.714477818133,
    0.837886405733,1.),.UNSPECIFIED.);
#251 = CARTESIAN_POINT('',(0.,5.753048629364));
#252 = CARTESIAN_POINT('',(0.119511759562,5.753048629364));
#253 = CARTESIAN_POINT('',(0.238966594633,5.754614430443));
#254 = CARTESIAN_POINT('',(0.359708177935,5.75774444535));
#255 = CARTESIAN_POINT('',(0.482849190863,5.76231792119));
#256 = CARTESIAN_POINT('',(0.609626855057,5.768085819823));
#257 = CARTESIAN_POINT('',(0.741280459267,5.77455139185));
#258 = CARTESIAN_POINT('',(1.000122979034,5.78648743032));
#259 = CARTESIAN_POINT('',(1.129921407877,5.792173081612));
#260 = CARTESIAN_POINT('',(1.265100611712,5.797202121486));
#261 = CARTESIAN_POINT('',(1.403528025884,5.800573720733));
#262 = CARTESIAN_POINT('',(1.543555619959,5.801556925568));
#263 = CARTESIAN_POINT('',(1.683746306521,5.800226158648));
#264 = CARTESIAN_POINT('',(1.963842667289,5.793894892802));
#265 = CARTESIAN_POINT('',(2.098718411296,5.78891889385));
#266 = CARTESIAN_POINT('',(2.228079200475,5.782895170023));
#267 = CARTESIAN_POINT('',(2.35264063894,5.776624355976));
#268 = CARTESIAN_POINT('',(2.472944235162,5.770731269614));
#269 = CARTESIAN_POINT('',(2.589276825247,5.765637261797));
#270 = CARTESIAN_POINT('',(2.839517739555,5.756579980905));
#271 = CARTESIAN_POINT('',(2.973378765789,5.753059739399));
#272 = CARTESIAN_POINT('',(3.105433721238,5.751413765876));
#273 = CARTESIAN_POINT('',(3.237175257407,5.751795949466));
#274 = CARTESIAN_POINT('',(3.369979657173,5.754209971609));
#275 = CARTESIAN_POINT('',(3.505140245475,5.7584350071));
#276 = CARTESIAN_POINT('',(3.74915601451,5.768112319722));
#277 = CARTESIAN_POINT('',(3.857693947396,5.773062417847));
#278 = CARTESIAN_POINT('',(3.969859111066,5.778583086446));
#279 = CARTESIAN_POINT('',(4.085810847807,5.784302069144));
#280 = CARTESIAN_POINT('',(4.205910631329,5.789699636274));
#281 = CARTESIAN_POINT('',(4.330679269815,5.794151144678));
#282 = CARTESIAN_POINT('',(4.588989368171,5.79998995636));
#283 = CARTESIAN_POINT('',(4.718979369712,5.801357386076));
#284 = CARTESIAN_POINT('',(4.849182992408,5.800762524654));
#285 = CARTESIAN_POINT('',(4.978230691834,5.798102599443));
#286 = CARTESIAN_POINT('',(5.10463108862,5.793883174531));
#287 = CARTESIAN_POINT('',(5.226520213091,5.788884445873));
#288 = CARTESIAN_POINT('',(5.490707714979,5.777090356936));
#289 = CARTESIAN_POINT('',(5.632554274671,5.769994506663));
#290 = CARTESIAN_POINT('',(5.768533412131,5.763531644084));
#291 = CARTESIAN_POINT('',(5.900160448004,5.758367359309));
#292 = CARTESIAN_POINT('',(6.028863040301,5.754821967853));
#293 = CARTESIAN_POINT('',(6.155999888819,5.753048629364));
#294 = CARTESIAN_POINT('',(6.28318530718,5.753048629364));
#295 = ( GEOMETRIC_REPRESENTATION_CONTEXT(2) 
PARAMETRIC_REPRESENTATION_CONTEXT() REPRESENTATION_CONTEXT('2D SPACE',''
  ) );
#296 = FACE_BOUND('',#297,.T.);
#297 = EDGE_LOOP('',(#298));
#298 = ORIENTED_EDGE('',*,*,#299,.T.);
#299 = EDGE_CURVE('',#300,#300,#302,.T.);
#300 = VERTEX_POINT('',#301);
#301 = CARTESIAN_POINT('',(-27.48292135684,-4.5,13.904281128248));
#302 = SURFACE_CURVE('',#303,(#348,#396),.PCURVE_S1.);
#303 = B_SPLINE_CURVE_WITH_KNOTS('',7,(#304,#305,#306,#307,#308,#309,
    #310,#311,#312,#313,#314,#315,#316,#317,#318,#319,#320,#321,#322,
    #323,#324,#325,#326,#327,#328,#329,#330,#331,#332,#333,#334,#335,
    #336,#337,#338,#339,#340,#341,#342,#343,#344,#345,#346,#347),
  .UNSPECIFIED.,.T.,.F.,(8,6,6,6,6,6,6,8),(0.,0.152734915139,
    0.285723644655,0.421923744965,0.588701441774,0.714477818949,
    0.837886406197,1.),.UNSPECIFIED.);
#304 = CARTESIAN_POINT('',(-27.48292135684,-4.5,13.904281128248));
#305 = CARTESIAN_POINT('',(-27.48292135684,-4.703169991256,
    13.904281128248));
#306 = CARTESIAN_POINT('',(-27.47011396193,-4.906244513582,
    13.929595789113));
#307 = CARTESIAN_POINT('',(-27.4445173679,-5.106759473971,
    13.980190420289));
#308 = CARTESIAN_POINT('',(-27.40560986801,-5.301911616159,
    14.056727138562));
#309 = CARTESIAN_POINT('',(-27.35249796755,-5.488019134682,
    14.160255445914));
#310 = CARTESIAN_POINT('',(-27.28397425862,-5.659936798949,
    14.291873135357));
#311 = CARTESIAN_POINT('',(-27.12478582021,-5.940423932904,
    14.591467675621));
#312 = CARTESIAN_POINT('',(-27.03552639544,-6.058894456589,
    14.757440836931));
#313 = CARTESIAN_POINT('',(-26.93230543605,-6.151744872707,
    14.946282862765));
#314 = CARTESIAN_POINT('',(-26.81814412878,-6.209645360853,
    15.150759245713));
#315 = CARTESIAN_POINT('',(-26.69761145007,-6.227577846251,
    15.361494378857));
#316 = CARTESIAN_POINT('',(-26.57631743509,-6.205093589718,
    15.568920241632));
#317 = CARTESIAN_POINT('',(-26.34023227219,-6.086676464668,
    15.965169207003));
#318 = CARTESIAN_POINT('',(-26.22983396809,-5.991073628514,
    16.146432680867));
#319 = CARTESIAN_POINT('',(-26.13098450329,-5.867883879324,
    16.305597528548));
#320 = CARTESIAN_POINT('',(-26.04520779793,-5.723902837627,
    16.441625512234));
#321 = CARTESIAN_POINT('',(-25.97330168194,-5.565120470531,
    16.554384385779));
#322 = CARTESIAN_POINT('',(-25.91543299729,-5.396861981794,
    16.644427872132));
#323 = CARTESIAN_POINT('',(-25.81702387167,-5.011939904974,
    16.796762915672));
#324 = CARTESIAN_POINT('',(-25.78255499029,-4.790011832259,
    16.849424287027));
#325 = CARTESIAN_POINT('',(-25.76720311946,-4.563025582696,
    16.872722559744));
#326 = CARTESIAN_POINT('',(-25.77081427356,-4.334472204735,
    16.867232224408));
#327 = CARTESIAN_POINT('',(-25.79357225244,-4.108090917604,
    16.832642293706));
#328 = CARTESIAN_POINT('',(-25.83576231032,-3.888249772911,
    16.768017040251));
#329 = CARTESIAN_POINT('',(-25.94406527923,-3.524734266999,
    16.599785420917));
#330 = CARTESIAN_POINT('',(-26.0023616068,-3.373558064592,
    16.508713415931));
#331 = CARTESIAN_POINT('',(-26.07262009357,-3.231617619322,
    16.398063484389));
#332 = CARTESIAN_POINT('',(-26.15456529069,-3.103434833413,
    16.267568204925));
#333 = CARTESIAN_POINT('',(-26.24740365301,-2.993935352233,
    16.117562578751));
#334 = CARTESIAN_POINT('',(-26.34978759134,-2.908530716463,
    15.949131412496));
#335 = CARTESIAN_POINT('',(-26.56750974046,-2.7993242308,15.583703211652
    ));
#336 = CARTESIAN_POINT('',(-26.67975068068,-2.775806630105,
    15.392031059928));
#337 = CARTESIAN_POINT('',(-26.79192016894,-2.786906712048,
    15.196558084374));
#338 = CARTESIAN_POINT('',(-26.89931699274,-2.832744350059,
    15.005221478547));
#339 = CARTESIAN_POINT('',(-26.997961856,-2.909696910273,14.82592471365)
  );
#340 = CARTESIAN_POINT('',(-27.08505100382,-3.010571172953,
    14.665084427535));
#341 = CARTESIAN_POINT('',(-27.2565093751,-3.274556552618,
    14.344521639212));
#342 = CARTESIAN_POINT('',(-27.33479110549,-3.452395227813,
    14.194742004328));
#343 = CARTESIAN_POINT('',(-27.3952535103,-3.647912964819,
    14.077092322092));
#344 = CARTESIAN_POINT('',(-27.43942642608,-3.854575925054,13.9902540181
    ));
#345 = CARTESIAN_POINT('',(-27.46841553464,-4.067650677043,
    13.932952626292));
#346 = CARTESIAN_POINT('',(-27.48292135684,-4.283784788787,
    13.904281128248));
#347 = CARTESIAN_POINT('',(-27.48292135684,-4.5,13.904281128248));
#348 = PCURVE('',#32,#349);
#349 = DEFINITIONAL_REPRESENTATION('',(#350),#395);
#350 = B_SPLINE_CURVE_WITH_KNOTS('',7,(#351,#352,#353,#354,#355,#356,
    #357,#358,#359,#360,#361,#362,#363,#364,#365,#366,#367,#368,#369,
    #370,#371,#372,#373,#374,#375,#376,#377,#378,#379,#380,#381,#382,
    #383,#384,#385,#386,#387,#388,#389,#390,#391,#392,#393,#394),
  .UNSPECIFIED.,.F.,.F.,(8,6,6,6,6,6,6,8),(0.,0.152734915139,
    0.285723644655,0.421923744965,0.588701441774,0.714477818949,
    0.837886406197,1.),.UNSPECIFIED.);
#351 = CARTESIAN_POINT('',(-2.289244311091,-4.));
#352 = CARTESIAN_POINT('',(-2.289244311091,-4.203169991256));
#353 = CARTESIAN_POINT('',(-2.288323204554,-4.406244513582));
#354 = CARTESIAN_POINT('',(-2.28648226349,-4.606759473971));
#355 = CARTESIAN_POINT('',(-2.283694658715,-4.801911616159));
#356 = CARTESIAN_POINT('',(-2.279916886987,-4.988019134682));
#357 = CARTESIAN_POINT('',(-2.275099295751,-5.159936798949));
#358 = CARTESIAN_POINT('',(-2.264084336767,-5.440423932904));
#359 = CARTESIAN_POINT('',(-2.257965830108,-5.558894456589));
#360 = CARTESIAN_POINT('',(-2.250978702201,-5.651744872707));
#361 = CARTESIAN_POINT('',(-2.243375892433,-5.709645360853));
#362 = CARTESIAN_POINT('',(-2.235494341219,-5.727577846251));
#363 = CARTESIAN_POINT('',(-2.227693081183,-5.705093589718));
#364 = CARTESIAN_POINT('',(-2.212717506298,-5.586676464668));
#365 = CARTESIAN_POINT('',(-2.205827044693,-5.491073628514));
#366 = CARTESIAN_POINT('',(-2.199744168861,-5.367883879324));
#367 = CARTESIAN_POINT('',(-2.194523050739,-5.223902837627));
#368 = CARTESIAN_POINT('',(-2.190181053556,-5.065120470531));
#369 = CARTESIAN_POINT('',(-2.186705881486,-4.896861981794));
#370 = CARTESIAN_POINT('',(-2.180817670777,-4.511939904974));
#371 = CARTESIAN_POINT('',(-2.178774231449,-4.290011832259));
#372 = CARTESIAN_POINT('',(-2.177868325412,-4.063025582696));
#373 = CARTESIAN_POINT('',(-2.178081687175,-3.834472204735));
#374 = CARTESIAN_POINT('',(-2.179426025619,-3.608090917604));
#375 = CARTESIAN_POINT('',(-2.181931750082,-3.388249772911));
#376 = CARTESIAN_POINT('',(-2.188427805655,-3.024734266999));
#377 = CARTESIAN_POINT('',(-2.191938579817,-2.873558064592));
#378 = CARTESIAN_POINT('',(-2.196194089038,-2.731617619322));
#379 = CARTESIAN_POINT('',(-2.201196920291,-2.603434833413));
#380 = CARTESIAN_POINT('',(-2.206924272207,-2.493935352233));
#381 = CARTESIAN_POINT('',(-2.213323628241,-2.408530716463));
#382 = CARTESIAN_POINT('',(-2.227134383259,-2.2993242308));
#383 = CARTESIAN_POINT('',(-2.234345789961,-2.275806630105));
#384 = CARTESIAN_POINT('',(-2.241662533568,-2.286906712048));
#385 = CARTESIAN_POINT('',(-2.24878592656,-2.332744350059));
#386 = CARTESIAN_POINT('',(-2.255429893168,-2.409696910273));
#387 = CARTESIAN_POINT('',(-2.261368276863,-2.510571172953));
#388 = CARTESIAN_POINT('',(-2.273171396026,-2.774556552618));
#389 = CARTESIAN_POINT('',(-2.278658251441,-2.952395227813));
#390 = CARTESIAN_POINT('',(-2.282952866721,-3.147912964819));
#391 = CARTESIAN_POINT('',(-2.286116094777,-3.354575925054));
#392 = CARTESIAN_POINT('',(-2.288201059923,-3.567650677043));
#393 = CARTESIAN_POINT('',(-2.289244311091,-3.783784788787));
#394 = CARTESIAN_POINT('',(-2.289244311091,-4.));
#395 = ( GEOMETRIC_REPRESENTATION_CONTEXT(2) 
PARAMETRIC_REPRESENTATION_CONTEXT() REPRESENTATION_CONTEXT('2D SPACE',''
  ) );
#396 = PCURVE('',#397,#402);
#397 = CYLINDRICAL_SURFACE('',#398,1.7);
#398 = AXIS2_PLACEMENT_3D('',#399,#400,#401);
#399 = CARTESIAN_POINT('',(-21.65063509461,-4.5,12.5));
#400 = DIRECTION('',(-0.866025403784,0.,0.5));
#401 = DIRECTION('',(-0.5,0.,-0.866025403784));
#402 = DEFINITIONAL_REPRESENTATION('',(#403),#448);
#403 = B_SPLINE_CURVE_WITH_KNOTS('',7,(#404,#405,#406,#407,#408,#409,
    #410,#411,#412,#413,#414,#415,#416,#417,#418,#419,#420,#421,#422,
    #423,#424,#425,#426,#427,#428,#429,#430,#431,#432,#433,#434,#435,
    #436,#437,#438,#439,#440,#441,#442,#443,#444,#445,#446,#447),
  .UNSPECIFIED.,.F.,.F.,(8,6,6,6,6,6,6,8),(0.,0.152734915139,
    0.285723644655,0.421923744965,0.588701441774,0.714477818949,
    0.837886406197,1.),.UNSPECIFIED.);
#404 = CARTESIAN_POINT('',(0.,5.753048629364));
#405 = CARTESIAN_POINT('',(0.119511759562,5.753048629364));
#406 = CARTESIAN_POINT('',(0.238966594633,5.754614430443));
#407 = CARTESIAN_POINT('',(0.359708177935,5.75774444535));
#408 = CARTESIAN_POINT('',(0.482849190863,5.76231792119));
#409 = CARTESIAN_POINT('',(0.609626855057,5.768085819823));
#410 = CARTESIAN_POINT('',(0.741280459267,5.77455139185));
#411 = CARTESIAN_POINT('',(1.000122979146,5.786487430325));
#412 = CARTESIAN_POINT('',(1.129921407748,5.792173081605));
#413 = CARTESIAN_POINT('',(1.265100611654,5.797202121486));
#414 = CARTESIAN_POINT('',(1.403528025956,5.80057372074));
#415 = CARTESIAN_POINT('',(1.543555620073,5.801556925562));
#416 = CARTESIAN_POINT('',(1.68374630641,5.80022615865));
#417 = CARTESIAN_POINT('',(1.963842667289,5.793894892802));
#418 = CARTESIAN_POINT('',(2.098718411296,5.78891889385));
#419 = CARTESIAN_POINT('',(2.228079200475,5.782895170023));
#420 = CARTESIAN_POINT('',(2.35264063894,5.776624355976));
#421 = CARTESIAN_POINT('',(2.472944235162,5.770731269614));
#422 = CARTESIAN_POINT('',(2.589276825247,5.765637261797));
#423 = CARTESIAN_POINT('',(2.839517741954,5.756579980818));
#424 = CARTESIAN_POINT('',(2.973378756464,5.753059739575));
#425 = CARTESIAN_POINT('',(3.105433737998,5.751413765798));
#426 = CARTESIAN_POINT('',(3.237175240659,5.751795949321));
#427 = CARTESIAN_POINT('',(3.369979666478,5.754209971821));
#428 = CARTESIAN_POINT('',(3.505140243084,5.758435007005));
#429 = CARTESIAN_POINT('',(3.74915601451,5.768112319722));
#430 = CARTESIAN_POINT('',(3.857693947397,5.773062417847));
#431 = CARTESIAN_POINT('',(3.969859111065,5.778583086446));
#432 = CARTESIAN_POINT('',(4.085810847807,5.784302069144));
#433 = CARTESIAN_POINT('',(4.205910631329,5.789699636274));
#434 = CARTESIAN_POINT('',(4.330679269815,5.794151144678));
#435 = CARTESIAN_POINT('',(4.588989368171,5.79998995636));
#436 = CARTESIAN_POINT('',(4.718979369712,5.801357386076));
#437 = CARTESIAN_POINT('',(4.849182992407,5.800762524654));
#438 = CARTESIAN_POINT('',(4.978230691835,5.798102599443));
#439 = CARTESIAN_POINT('',(5.104631088619,5.793883174532));
#440 = CARTESIAN_POINT('',(5.226520213091,5.788884445873));
#441 = CARTESIAN_POINT('',(5.490707714979,5.777090356936));
#442 = CARTESIAN_POINT('',(5.632554274671,5.769994506663));
#443 = CARTESIAN_POINT('',(5.768533412131,5.763531644084));
#444 = CARTESIAN_POINT('',(5.900160448003,5.758367359309));
#445 = CARTESIAN_POINT('',(6.028863040302,5.754821967853));
#446 = CARTESIAN_POINT('',(6.155999888819,5.753048629364));
#447 = CARTESIAN_POINT('',(6.28318530718,5.753048629364));
#448 = ( GEOMETRIC_REPRESENTATION_CONTEXT(2) 
PARAMETRIC_REPRESENTATION_CONTEXT() REPRESENTATION_CONTEXT('2D SPACE',''
  ) );
#449 = ADVANCED_FACE('',(#450),#44,.T.);
#450 = FACE_BOUND('',#451,.T.);
#451 = EDGE_LOOP('',(#452,#480,#508,#534));
#452 = ORIENTED_EDGE('',*,*,#453,.T.);
#453 = EDGE_CURVE('',#22,#454,#456,.T.);
#454 = VERTEX_POINT('',#455);
#455 = CARTESIAN_POINT('',(29.289619095799,-0.5,11.833774259425));
#456 = SURFACE_CURVE('',#457,(#462,#469),.PCURVE_S1.);
#457 = CIRCLE('',#458,0.8);
#458 = AXIS2_PLACEMENT_3D('',#459,#460,#461);
#459 = CARTESIAN_POINT('',(28.989933821066,-0.5,12.575521343078));
#460 = DIRECTION('',(0.,-1.,0.));
#461 = DIRECTION('',(0.,-0.,-1.));
#462 = PCURVE('',#44,#463);
#463 = DEFINITIONAL_REPRESENTATION('',(#464),#468);
#464 = LINE('',#465,#466);
#465 = CARTESIAN_POINT('',(-5.121680576616,0.));
#466 = VECTOR('',#467,1.);
#467 = DIRECTION('',(1.,0.));
#468 = ( GEOMETRIC_REPRESENTATION_CONTEXT(2) 
PARAMETRIC_REPRESENTATION_CONTEXT() REPRESENTATION_CONTEXT('2D SPACE',''
  ) );
#469 = PCURVE('',#132,#470);
#470 = DEFINITIONAL_REPRESENTATION('',(#471),#479);
#471 = ( BOUNDED_CURVE() B_SPLINE_CURVE(2,(#472,#473,#474,#475,#476,#477
,#478),.UNSPECIFIED.,.T.,.F.) B_SPLINE_CURVE_WITH_KNOTS((1,2,2,2,2,1),(
    -2.094395102393,0.,2.094395102393,4.188790204786,6.28318530718,
8.377580409573),.UNSPECIFIED.) CURVE() GEOMETRIC_REPRESENTATION_ITEM() 
RATIONAL_B_SPLINE_CURVE((1.,0.5,1.,0.5,1.,0.5,1.)) REPRESENTATION_ITEM(
  '') );
#472 = CARTESIAN_POINT('',(-12.25632056286,28.989933821066));
#473 = CARTESIAN_POINT('',(-12.25632056286,30.375574467121));
#474 = CARTESIAN_POINT('',(-11.05632056286,29.682754144093));
#475 = CARTESIAN_POINT('',(-9.856320562861,28.989933821066));
#476 = CARTESIAN_POINT('',(-11.05632056286,28.297113498038));
#477 = CARTESIAN_POINT('',(-12.25632056286,27.604293175011));
#478 = CARTESIAN_POINT('',(-12.25632056286,28.989933821066));
#479 = ( GEOMETRIC_REPRESENTATION_CONTEXT(2) 
PARAMETRIC_REPRESENTATION_CONTEXT() REPRESENTATION_CONTEXT('2D SPACE',''
  ) );
#480 = ORIENTED_EDGE('',*,*,#481,.T.);
#481 = EDGE_CURVE('',#454,#482,#484,.T.);
#482 = VERTEX_POINT('',#483);
#483 = CARTESIAN_POINT('',(29.289619095799,-10.5,11.833774259425));
#484 = SURFACE_CURVE('',#485,(#489,#496),.PCURVE_S1.);
#485 = LINE('',#486,#487);
#486 = CARTESIAN_POINT('',(29.289619095799,-0.5,11.833774259425));
#487 = VECTOR('',#488,1.);
#488 = DIRECTION('',(0.,-1.,0.));
#489 = PCURVE('',#44,#490);
#490 = DEFINITIONAL_REPRESENTATION('',(#491),#495);
#491 = LINE('',#492,#493);
#492 = CARTESIAN_POINT('',(1.545477166002,0.));
#493 = VECTOR('',#494,1.);
#494 = DIRECTION('',(0.,1.));
#495 = ( GEOMETRIC_REPRESENTATION_CONTEXT(2) 
PARAMETRIC_REPRESENTATION_CONTEXT() REPRESENTATION_CONTEXT('2D SPACE',''
  ) );
#496 = PCURVE('',#497,#502);
#497 = PLANE('',#498);
#498 = AXIS2_PLACEMENT_3D('',#499,#500,#501);
#499 = CARTESIAN_POINT('',(33.193181993491,-0.5,13.41091604429));
#500 = DIRECTION('',(0.374606593416,0.,-0.927183854567));
#501 = DIRECTION('',(-0.927183854567,0.,-0.374606593416));
#502 = DEFINITIONAL_REPRESENTATION('',(#503),#507);
#503 = LINE('',#504,#505);
#504 = CARTESIAN_POINT('',(4.210128205388,0.));
#505 = VECTOR('',#506,1.);
#506 = DIRECTION('',(-0.,-1.));
#507 = ( GEOMETRIC_REPRESENTATION_CONTEXT(2) 
PARAMETRIC_REPRESENTATION_CONTEXT() REPRESENTATION_CONTEXT('2D SPACE',''
  ) );
#508 = ORIENTED_EDGE('',*,*,#509,.F.);
#509 = EDGE_CURVE('',#24,#482,#510,.T.);
#510 = SURFACE_CURVE('',#511,(#516,#523),.PCURVE_S1.);
#511 = CIRCLE('',#512,0.8);
#512 = AXIS2_PLACEMENT_3D('',#513,#514,#515);
#513 = CARTESIAN_POINT('',(28.989933821066,-10.5,12.575521343078));
#514 = DIRECTION('',(0.,-1.,0.));
#515 = DIRECTION('',(0.,-0.,-1.));
#516 = PCURVE('',#44,#517);
#517 = DEFINITIONAL_REPRESENTATION('',(#518),#522);
#518 = LINE('',#519,#520);
#519 = CARTESIAN_POINT('',(-5.121680576616,10.));
#520 = VECTOR('',#521,1.);
#521 = DIRECTION('',(1.,0.));
#522 = ( GEOMETRIC_REPRESENTATION_CONTEXT(2) 
PARAMETRIC_REPRESENTATION_CONTEXT() REPRESENTATION_CONTEXT('2D SPACE',''
  ) );
#523 = PCURVE('',#73,#524);
#524 = DEFINITIONAL_REPRESENTATION('',(#525),#533);
#525 = ( BOUNDED_CURVE() B_SPLINE_CURVE(2,(#526,#527,#528,#529,#530,#531
,#532),.UNSPECIFIED.,.T.,.F.) B_SPLINE_CURVE_WITH_KNOTS((1,2,2,2,2,1),(
    -2.094395102393,0.,2.094395102393,4.188790204786,6.28318530718,
8.377580409573),.UNSPECIFIED.) CURVE() GEOMETRIC_REPRESENTATION_ITEM() 
RATIONAL_B_SPLINE_CURVE((1.,0.5,1.,0.5,1.,0.5,1.)) REPRESENTATION_ITEM(
  '') );
#526 = CARTESIAN_POINT('',(-12.25632056286,28.989933821066));
#527 = CARTESIAN_POINT('',(-12.25632056286,30.375574467121));
#528 = CARTESIAN_POINT('',(-11.05632056286,29.682754144093));
#529 = CARTESIAN_POINT('',(-9.856320562861,28.989933821066));
#530 = CARTESIAN_POINT('',(-11.05632056286,28.297113498038));
#531 = CARTESIAN_POINT('',(-12.25632056286,27.604293175011));
#532 = CARTESIAN_POINT('',(-12.25632056286,28.989933821066));
#533 = ( GEOMETRIC_REPRESENTATION_CONTEXT(2) 
PARAMETRIC_REPRESENTATION_CONTEXT() REPRESENTATION_CONTEXT('2D SPACE',''
  ) );
#534 = ORIENTED_EDGE('',*,*,#21,.F.);
#535 = ADVANCED_FACE('',(#536),#132,.T.);
#536 = FACE_BOUND('',#537,.T.);
#537 = EDGE_LOOP('',(#538,#539,#540,#564,#592,#621,#650,#677,#703,#730,
    #754,#783));
#538 = ORIENTED_EDGE('',*,*,#453,.F.);
#539 = ORIENTED_EDGE('',*,*,#117,.F.);
#540 = ORIENTED_EDGE('',*,*,#541,.T.);
#541 = EDGE_CURVE('',#90,#542,#544,.T.);
#542 = VERTEX_POINT('',#543);
#543 = CARTESIAN_POINT('',(-29.28961909579,-0.5,11.833774259425));
#544 = SURFACE_CURVE('',#545,(#550,#557),.PCURVE_S1.);
#545 = CIRCLE('',#546,0.8);
#546 = AXIS2_PLACEMENT_3D('',#547,#548,#549);
#547 = CARTESIAN_POINT('',(-28.98993382106,-0.5,12.575521343078));
#548 = DIRECTION('',(-0.,1.,0.));
#549 = DIRECTION('',(0.,0.,-1.));
#550 = PCURVE('',#132,#551);
#551 = DEFINITIONAL_REPRESENTATION('',(#552),#556);
#552 = CIRCLE('',#553,0.8);
#553 = AXIS2_PLACEMENT_2D('',#554,#555);
#554 = CARTESIAN_POINT('',(-11.45632056286,-28.98993382106));
#555 = DIRECTION('',(-1.,0.));
#556 = ( GEOMETRIC_REPRESENTATION_CONTEXT(2) 
PARAMETRIC_REPRESENTATION_CONTEXT() REPRESENTATION_CONTEXT('2D SPACE',''
  ) );
#557 = PCURVE('',#105,#558);
#558 = DEFINITIONAL_REPRESENTATION('',(#559),#563);
#559 = LINE('',#560,#561);
#560 = CARTESIAN_POINT('',(5.121680576616,-0.));
#561 = VECTOR('',#562,1.);
#562 = DIRECTION('',(-1.,0.));
#563 = ( GEOMETRIC_REPRESENTATION_CONTEXT(2) 
PARAMETRIC_REPRESENTATION_CONTEXT() REPRESENTATION_CONTEXT('2D SPACE',''
  ) );
#564 = ORIENTED_EDGE('',*,*,#565,.T.);
#565 = EDGE_CURVE('',#542,#566,#568,.T.);
#566 = VERTEX_POINT('',#567);
#567 = CARTESIAN_POINT('',(-32.4429566928,-0.5,13.107805347528));
#568 = SURFACE_CURVE('',#569,(#573,#580),.PCURVE_S1.);
#569 = LINE('',#570,#571);
#570 = CARTESIAN_POINT('',(-28.55726272065,-0.5,11.53788307721));
#571 = VECTOR('',#572,1.);
#572 = DIRECTION('',(-0.927183854567,0.,0.374606593416));
#573 = PCURVE('',#132,#574);
#574 = DEFINITIONAL_REPRESENTATION('',(#575),#579);
#575 = LINE('',#576,#577);
#576 = CARTESIAN_POINT('',(-12.49395882872,-28.55726272065));
#577 = VECTOR('',#578,1.);
#578 = DIRECTION('',(0.374606593416,-0.927183854567));
#579 = ( GEOMETRIC_REPRESENTATION_CONTEXT(2) 
PARAMETRIC_REPRESENTATION_CONTEXT() REPRESENTATION_CONTEXT('2D SPACE',''
  ) );
#580 = PCURVE('',#581,#586);
#581 = PLANE('',#582);
#582 = AXIS2_PLACEMENT_3D('',#583,#584,#585);
#583 = CARTESIAN_POINT('',(-28.55726272065,-0.5,11.53788307721));
#584 = DIRECTION('',(-0.374606593416,-0.,-0.927183854567));
#585 = DIRECTION('',(-0.927183854567,0.,0.374606593416));
#586 = DEFINITIONAL_REPRESENTATION('',(#587),#591);
#587 = LINE('',#588,#589);
#588 = CARTESIAN_POINT('',(0.,0.));
#589 = VECTOR('',#590,1.);
#590 = DIRECTION('',(1.,0.));
#591 = ( GEOMETRIC_REPRESENTATION_CONTEXT(2) 
PARAMETRIC_REPRESENTATION_CONTEXT() REPRESENTATION_CONTEXT('2D SPACE',''
  ) );
#592 = ORIENTED_EDGE('',*,*,#593,.T.);
#593 = EDGE_CURVE('',#566,#594,#596,.T.);
#594 = VERTEX_POINT('',#595);
#595 = CARTESIAN_POINT('',(-32.87797476477,-0.5,14.166113629608));
#596 = SURFACE_CURVE('',#597,(#602,#609),.PCURVE_S1.);
#597 = CIRCLE('',#598,0.8);
#598 = AXIS2_PLACEMENT_3D('',#599,#600,#601);
#599 = CARTESIAN_POINT('',(-32.14327141807,-0.5,13.849552431181));
#600 = DIRECTION('',(0.,1.,0.));
#601 = DIRECTION('',(0.,0.,-1.));
#602 = PCURVE('',#132,#603);
#603 = DEFINITIONAL_REPRESENTATION('',(#604),#608);
#604 = CIRCLE('',#605,0.8);
#605 = AXIS2_PLACEMENT_2D('',#606,#607);
#606 = CARTESIAN_POINT('',(-10.18228947475,-32.14327141807));
#607 = DIRECTION('',(-1.,0.));
#608 = ( GEOMETRIC_REPRESENTATION_CONTEXT(2) 
PARAMETRIC_REPRESENTATION_CONTEXT() REPRESENTATION_CONTEXT('2D SPACE',''
  ) );
#609 = PCURVE('',#610,#615);
#610 = CYLINDRICAL_SURFACE('',#611,0.8);
#611 = AXIS2_PLACEMENT_3D('',#612,#613,#614);
#612 = CARTESIAN_POINT('',(-32.14327141807,-0.5,13.849552431181));
#613 = DIRECTION('',(0.,-1.,-0.));
#614 = DIRECTION('',(-0.374606593416,0.,-0.927183854567));
#615 = DEFINITIONAL_REPRESENTATION('',(#616),#620);
#616 = LINE('',#617,#618);
#617 = CARTESIAN_POINT('',(0.383972435439,-0.));
#618 = VECTOR('',#619,1.);
#619 = DIRECTION('',(-1.,0.));
#620 = ( GEOMETRIC_REPRESENTATION_CONTEXT(2) 
PARAMETRIC_REPRESENTATION_CONTEXT() REPRESENTATION_CONTEXT('2D SPACE',''
  ) );
#621 = ORIENTED_EDGE('',*,*,#622,.T.);
#622 = EDGE_CURVE('',#594,#623,#625,.T.);
#623 = VERTEX_POINT('',#624);
#624 = CARTESIAN_POINT('',(-12.,-0.5,33.728919342309));
#625 = SURFACE_CURVE('',#626,(#631,#638),.PCURVE_S1.);
#626 = CIRCLE('',#627,35.8);
#627 = AXIS2_PLACEMENT_3D('',#628,#629,#630);
#628 = CARTESIAN_POINT('',(3.552713678801E-15,-0.5,-1.7763568394E-15));
#629 = DIRECTION('',(-0.,1.,0.));
#630 = DIRECTION('',(-0.927183854567,-0.,0.374606593416));
#631 = PCURVE('',#132,#632);
#632 = DEFINITIONAL_REPRESENTATION('',(#633),#637);
#633 = CIRCLE('',#634,35.8);
#634 = AXIS2_PLACEMENT_2D('',#635,#636);
#635 = CARTESIAN_POINT('',(-24.03184190593,-1.473273803644E-15));
#636 = DIRECTION('',(0.374606593416,-0.927183854567));
#637 = ( GEOMETRIC_REPRESENTATION_CONTEXT(2) 
PARAMETRIC_REPRESENTATION_CONTEXT() REPRESENTATION_CONTEXT('2D SPACE',''
  ) );
#638 = PCURVE('',#639,#644);
#639 = CYLINDRICAL_SURFACE('',#640,35.8);
#640 = AXIS2_PLACEMENT_3D('',#641,#642,#643);
#641 = CARTESIAN_POINT('',(3.552713678801E-15,-0.5,-1.7763568394E-15));
#642 = DIRECTION('',(-0.,1.,0.));
#643 = DIRECTION('',(-0.927183854567,-0.,0.374606593416));
#644 = DEFINITIONAL_REPRESENTATION('',(#645),#649);
#645 = LINE('',#646,#647);
#646 = CARTESIAN_POINT('',(0.,0.));
#647 = VECTOR('',#648,1.);
#648 = DIRECTION('',(1.,0.));
#649 = ( GEOMETRIC_REPRESENTATION_CONTEXT(2) 
PARAMETRIC_REPRESENTATION_CONTEXT() REPRESENTATION_CONTEXT('2D SPACE',''
  ) );
#650 = ORIENTED_EDGE('',*,*,#651,.T.);
#651 = EDGE_CURVE('',#623,#652,#654,.T.);
#652 = VERTEX_POINT('',#653);
#653 = CARTESIAN_POINT('',(-12.,-0.5,32.8));
#654 = SURFACE_CURVE('',#655,(#659,#665),.PCURVE_S1.);
#655 = LINE('',#656,#657);
#656 = CARTESIAN_POINT('',(-12.,-0.5,28.41592095297));
#657 = VECTOR('',#658,1.);
#658 = DIRECTION('',(-0.,0.,-1.));
#659 = PCURVE('',#132,#660);
#660 = DEFINITIONAL_REPRESENTATION('',(#661),#664);
#661 = B_SPLINE_CURVE_WITH_KNOTS('',1,(#662,#663),.UNSPECIFIED.,.F.,.F.,
  (2,2),(-7.38407904703,-4.38407904703),.PIECEWISE_BEZIER_KNOTS.);
#662 = CARTESIAN_POINT('',(11.768158094061,-12.));
#663 = CARTESIAN_POINT('',(8.768158094061,-12.));
#664 = ( GEOMETRIC_REPRESENTATION_CONTEXT(2) 
PARAMETRIC_REPRESENTATION_CONTEXT() REPRESENTATION_CONTEXT('2D SPACE',''
  ) );
#665 = PCURVE('',#666,#671);
#666 = PLANE('',#667);
#667 = AXIS2_PLACEMENT_3D('',#668,#669,#670);
#668 = CARTESIAN_POINT('',(-12.,-8.5,32.8));
#669 = DIRECTION('',(1.,0.,-0.));
#670 = DIRECTION('',(0.,0.,1.));
#671 = DEFINITIONAL_REPRESENTATION('',(#672),#676);
#672 = LINE('',#673,#674);
#673 = CARTESIAN_POINT('',(-4.38407904703,-8.));
#674 = VECTOR('',#675,1.);
#675 = DIRECTION('',(-1.,-0.));
#676 = ( GEOMETRIC_REPRESENTATION_CONTEXT(2) 
PARAMETRIC_REPRESENTATION_CONTEXT() REPRESENTATION_CONTEXT('2D SPACE',''
  ) );
#677 = ORIENTED_EDGE('',*,*,#678,.T.);
#678 = EDGE_CURVE('',#652,#679,#681,.T.);
#679 = VERTEX_POINT('',#680);
#680 = CARTESIAN_POINT('',(12.,-0.5,32.8));
#681 = SURFACE_CURVE('',#682,(#686,#692),.PCURVE_S1.);
#682 = LINE('',#683,#684);
#683 = CARTESIAN_POINT('',(-6.,-0.5,32.8));
#684 = VECTOR('',#685,1.);
#685 = DIRECTION('',(1.,0.,0.));
#686 = PCURVE('',#132,#687);
#687 = DEFINITIONAL_REPRESENTATION('',(#688),#691);
#688 = B_SPLINE_CURVE_WITH_KNOTS('',1,(#689,#690),.UNSPECIFIED.,.F.,.F.,
  (2,2),(-6.,18.),.PIECEWISE_BEZIER_KNOTS.);
#689 = CARTESIAN_POINT('',(8.768158094061,-12.));
#690 = CARTESIAN_POINT('',(8.768158094061,12.));
#691 = ( GEOMETRIC_REPRESENTATION_CONTEXT(2) 
PARAMETRIC_REPRESENTATION_CONTEXT() REPRESENTATION_CONTEXT('2D SPACE',''
  ) );
#692 = PCURVE('',#693,#698);
#693 = PLANE('',#694);
#694 = AXIS2_PLACEMENT_3D('',#695,#696,#697);
#695 = CARTESIAN_POINT('',(-12.,-8.5,32.8));
#696 = DIRECTION('',(0.,0.,1.));
#697 = DIRECTION('',(1.,0.,-0.));
#698 = DEFINITIONAL_REPRESENTATION('',(#699),#702);
#699 = B_SPLINE_CURVE_WITH_KNOTS('',1,(#700,#701),.UNSPECIFIED.,.F.,.F.,
  (2,2),(-6.,18.),.PIECEWISE_BEZIER_KNOTS.);
#700 = CARTESIAN_POINT('',(0.,8.));
#701 = CARTESIAN_POINT('',(24.,8.));
#702 = ( GEOMETRIC_REPRESENTATION_CONTEXT(2) 
PARAMETRIC_REPRESENTATION_CONTEXT() REPRESENTATION_CONTEXT('2D SPACE',''
  ) );
#703 = ORIENTED_EDGE('',*,*,#704,.F.);
#704 = EDGE_CURVE('',#705,#679,#707,.T.);
#705 = VERTEX_POINT('',#706);
#706 = CARTESIAN_POINT('',(12.,-0.5,33.728919342309));
#707 = SURFACE_CURVE('',#708,(#712,#718),.PCURVE_S1.);
#708 = LINE('',#709,#710);
#709 = CARTESIAN_POINT('',(12.,-0.5,28.41592095297));
#710 = VECTOR('',#711,1.);
#711 = DIRECTION('',(-0.,0.,-1.));
#712 = PCURVE('',#132,#713);
#713 = DEFINITIONAL_REPRESENTATION('',(#714),#717);
#714 = B_SPLINE_CURVE_WITH_KNOTS('',1,(#715,#716),.UNSPECIFIED.,.F.,.F.,
  (2,2),(-7.38407904703,-4.38407904703),.PIECEWISE_BEZIER_KNOTS.);
#715 = CARTESIAN_POINT('',(11.768158094061,12.));
#716 = CARTESIAN_POINT('',(8.768158094061,12.));
#717 = ( GEOMETRIC_REPRESENTATION_CONTEXT(2) 
PARAMETRIC_REPRESENTATION_CONTEXT() REPRESENTATION_CONTEXT('2D SPACE',''
  ) );
#718 = PCURVE('',#719,#724);
#719 = PLANE('',#720);
#720 = AXIS2_PLACEMENT_3D('',#721,#722,#723);
#721 = CARTESIAN_POINT('',(12.,-8.5,32.8));
#722 = DIRECTION('',(1.,0.,-0.));
#723 = DIRECTION('',(0.,0.,1.));
#724 = DEFINITIONAL_REPRESENTATION('',(#725),#729);
#725 = LINE('',#726,#727);
#726 = CARTESIAN_POINT('',(-4.38407904703,-8.));
#727 = VECTOR('',#728,1.);
#728 = DIRECTION('',(-1.,-0.));
#729 = ( GEOMETRIC_REPRESENTATION_CONTEXT(2) 
PARAMETRIC_REPRESENTATION_CONTEXT() REPRESENTATION_CONTEXT('2D SPACE',''
  ) );
#730 = ORIENTED_EDGE('',*,*,#731,.T.);
#731 = EDGE_CURVE('',#705,#732,#734,.T.);
#732 = VERTEX_POINT('',#733);
#733 = CARTESIAN_POINT('',(32.877974764773,-0.5,14.166113629608));
#734 = SURFACE_CURVE('',#735,(#740,#747),.PCURVE_S1.);
#735 = CIRCLE('',#736,35.8);
#736 = AXIS2_PLACEMENT_3D('',#737,#738,#739);
#737 = CARTESIAN_POINT('',(3.552713678801E-15,-0.5,-1.7763568394E-15));
#738 = DIRECTION('',(-0.,1.,0.));
#739 = DIRECTION('',(-0.927183854567,-0.,0.374606593416));
#740 = PCURVE('',#132,#741);
#741 = DEFINITIONAL_REPRESENTATION('',(#742),#746);
#742 = CIRCLE('',#743,35.8);
#743 = AXIS2_PLACEMENT_2D('',#744,#745);
#744 = CARTESIAN_POINT('',(-24.03184190593,-1.473273803644E-15));
#745 = DIRECTION('',(0.374606593416,-0.927183854567));
#746 = ( GEOMETRIC_REPRESENTATION_CONTEXT(2) 
PARAMETRIC_REPRESENTATION_CONTEXT() REPRESENTATION_CONTEXT('2D SPACE',''
  ) );
#747 = PCURVE('',#639,#748);
#748 = DEFINITIONAL_REPRESENTATION('',(#749),#753);
#749 = LINE('',#750,#751);
#750 = CARTESIAN_POINT('',(0.,0.));
#751 = VECTOR('',#752,1.);
#752 = DIRECTION('',(1.,0.));
#753 = ( GEOMETRIC_REPRESENTATION_CONTEXT(2) 
PARAMETRIC_REPRESENTATION_CONTEXT() REPRESENTATION_CONTEXT('2D SPACE',''
  ) );
#754 = ORIENTED_EDGE('',*,*,#755,.T.);
#755 = EDGE_CURVE('',#732,#756,#758,.T.);
#756 = VERTEX_POINT('',#757);
#757 = CARTESIAN_POINT('',(32.442956692806,-0.5,13.107805347528));
#758 = SURFACE_CURVE('',#759,(#764,#771),.PCURVE_S1.);
#759 = CIRCLE('',#760,0.8);
#760 = AXIS2_PLACEMENT_3D('',#761,#762,#763);
#761 = CARTESIAN_POINT('',(32.143271418074,-0.5,13.849552431181));
#762 = DIRECTION('',(0.,1.,0.));
#763 = DIRECTION('',(0.,0.,-1.));
#764 = PCURVE('',#132,#765);
#765 = DEFINITIONAL_REPRESENTATION('',(#766),#770);
#766 = CIRCLE('',#767,0.8);
#767 = AXIS2_PLACEMENT_2D('',#768,#769);
#768 = CARTESIAN_POINT('',(-10.18228947475,32.143271418074));
#769 = DIRECTION('',(-1.,0.));
#770 = ( GEOMETRIC_REPRESENTATION_CONTEXT(2) 
PARAMETRIC_REPRESENTATION_CONTEXT() REPRESENTATION_CONTEXT('2D SPACE',''
  ) );
#771 = PCURVE('',#772,#777);
#772 = CYLINDRICAL_SURFACE('',#773,0.8);
#773 = AXIS2_PLACEMENT_3D('',#774,#775,#776);
#774 = CARTESIAN_POINT('',(32.143271418074,-0.5,13.849552431181));
#775 = DIRECTION('',(0.,-1.,-0.));
#776 = DIRECTION('',(0.918379183374,0.,0.395701498034));
#777 = DEFINITIONAL_REPRESENTATION('',(#778),#782);
#778 = LINE('',#779,#780);
#779 = CARTESIAN_POINT('',(4.305557411339,-0.));
#780 = VECTOR('',#781,1.);
#781 = DIRECTION('',(-1.,0.));
#782 = ( GEOMETRIC_REPRESENTATION_CONTEXT(2) 
PARAMETRIC_REPRESENTATION_CONTEXT() REPRESENTATION_CONTEXT('2D SPACE',''
  ) );
#783 = ORIENTED_EDGE('',*,*,#784,.T.);
#784 = EDGE_CURVE('',#756,#454,#785,.T.);
#785 = SURFACE_CURVE('',#786,(#790,#797),.PCURVE_S1.);
#786 = LINE('',#787,#788);
#787 = CARTESIAN_POINT('',(33.193181993491,-0.5,13.41091604429));
#788 = VECTOR('',#789,1.);
#789 = DIRECTION('',(-0.927183854567,0.,-0.374606593416));
#790 = PCURVE('',#132,#791);
#791 = DEFINITIONAL_REPRESENTATION('',(#792),#796);
#792 = LINE('',#793,#794);
#793 = CARTESIAN_POINT('',(-10.62092586164,33.193181993491));
#794 = VECTOR('',#795,1.);
#795 = DIRECTION('',(-0.374606593416,-0.927183854567));
#796 = ( GEOMETRIC_REPRESENTATION_CONTEXT(2) 
PARAMETRIC_REPRESENTATION_CONTEXT() REPRESENTATION_CONTEXT('2D SPACE',''
  ) );
#797 = PCURVE('',#497,#798);
#798 = DEFINITIONAL_REPRESENTATION('',(#799),#803);
#799 = LINE('',#800,#801);
#800 = CARTESIAN_POINT('',(0.,0.));
#801 = VECTOR('',#802,1.);
#802 = DIRECTION('',(1.,0.));
#803 = ( GEOMETRIC_REPRESENTATION_CONTEXT(2) 
PARAMETRIC_REPRESENTATION_CONTEXT() REPRESENTATION_CONTEXT('2D SPACE',''
  ) );
#804 = ADVANCED_FACE('',(#805),#73,.F.);
#805 = FACE_BOUND('',#806,.F.);
#806 = EDGE_LOOP('',(#807,#808,#832,#855,#879,#903,#927,#948));
#807 = ORIENTED_EDGE('',*,*,#56,.T.);
#808 = ORIENTED_EDGE('',*,*,#809,.T.);
#809 = EDGE_CURVE('',#57,#810,#812,.T.);
#810 = VERTEX_POINT('',#811);
#811 = CARTESIAN_POINT('',(-29.28961909579,-10.5,11.833774259425));
#812 = SURFACE_CURVE('',#813,(#818,#825),.PCURVE_S1.);
#813 = CIRCLE('',#814,0.8);
#814 = AXIS2_PLACEMENT_3D('',#815,#816,#817);
#815 = CARTESIAN_POINT('',(-28.98993382106,-10.5,12.575521343078));
#816 = DIRECTION('',(-0.,1.,0.));
#817 = DIRECTION('',(0.,0.,-1.));
#818 = PCURVE('',#73,#819);
#819 = DEFINITIONAL_REPRESENTATION('',(#820),#824);
#820 = CIRCLE('',#821,0.8);
#821 = AXIS2_PLACEMENT_2D('',#822,#823);
#822 = CARTESIAN_POINT('',(-11.45632056286,-28.98993382106));
#823 = DIRECTION('',(-1.,0.));
#824 = ( GEOMETRIC_REPRESENTATION_CONTEXT(2) 
PARAMETRIC_REPRESENTATION_CONTEXT() REPRESENTATION_CONTEXT('2D SPACE',''
  ) );
#825 = PCURVE('',#105,#826);
#826 = DEFINITIONAL_REPRESENTATION('',(#827),#831);
#827 = LINE('',#828,#829);
#828 = CARTESIAN_POINT('',(5.121680576616,10.));
#829 = VECTOR('',#830,1.);
#830 = DIRECTION('',(-1.,0.));
#831 = ( GEOMETRIC_REPRESENTATION_CONTEXT(2) 
PARAMETRIC_REPRESENTATION_CONTEXT() REPRESENTATION_CONTEXT('2D SPACE',''
  ) );
#832 = ORIENTED_EDGE('',*,*,#833,.T.);
#833 = EDGE_CURVE('',#810,#834,#836,.T.);
#834 = VERTEX_POINT('',#835);
#835 = CARTESIAN_POINT('',(-32.4429566928,-10.5,13.107805347528));
#836 = SURFACE_CURVE('',#837,(#841,#848),.PCURVE_S1.);
#837 = LINE('',#838,#839);
#838 = CARTESIAN_POINT('',(-28.55726272065,-10.5,11.53788307721));
#839 = VECTOR('',#840,1.);
#840 = DIRECTION('',(-0.927183854567,0.,0.374606593416));
#841 = PCURVE('',#73,#842);
#842 = DEFINITIONAL_REPRESENTATION('',(#843),#847);
#843 = LINE('',#844,#845);
#844 = CARTESIAN_POINT('',(-12.49395882872,-28.55726272065));
#845 = VECTOR('',#846,1.);
#846 = DIRECTION('',(0.374606593416,-0.927183854567));
#847 = ( GEOMETRIC_REPRESENTATION_CONTEXT(2) 
PARAMETRIC_REPRESENTATION_CONTEXT() REPRESENTATION_CONTEXT('2D SPACE',''
  ) );
#848 = PCURVE('',#581,#849);
#849 = DEFINITIONAL_REPRESENTATION('',(#850),#854);
#850 = LINE('',#851,#852);
#851 = CARTESIAN_POINT('',(0.,-10.));
#852 = VECTOR('',#853,1.);
#853 = DIRECTION('',(1.,0.));
#854 = ( GEOMETRIC_REPRESENTATION_CONTEXT(2) 
PARAMETRIC_REPRESENTATION_CONTEXT() REPRESENTATION_CONTEXT('2D SPACE',''
  ) );
#855 = ORIENTED_EDGE('',*,*,#856,.T.);
#856 = EDGE_CURVE('',#834,#857,#859,.T.);
#857 = VERTEX_POINT('',#858);
#858 = CARTESIAN_POINT('',(-32.87797476477,-10.5,14.166113629608));
#859 = SURFACE_CURVE('',#860,(#865,#872),.PCURVE_S1.);
#860 = CIRCLE('',#861,0.8);
#861 = AXIS2_PLACEMENT_3D('',#862,#863,#864);
#862 = CARTESIAN_POINT('',(-32.14327141807,-10.5,13.849552431181));
#863 = DIRECTION('',(0.,1.,0.));
#864 = DIRECTION('',(0.,0.,-1.));
#865 = PCURVE('',#73,#866);
#866 = DEFINITIONAL_REPRESENTATION('',(#867),#871);
#867 = CIRCLE('',#868,0.8);
#868 = AXIS2_PLACEMENT_2D('',#869,#870);
#869 = CARTESIAN_POINT('',(-10.18228947475,-32.14327141807));
#870 = DIRECTION('',(-1.,0.));
#871 = ( GEOMETRIC_REPRESENTATION_CONTEXT(2) 
PARAMETRIC_REPRESENTATION_CONTEXT() REPRESENTATION_CONTEXT('2D SPACE',''
  ) );
#872 = PCURVE('',#610,#873);
#873 = DEFINITIONAL_REPRESENTATION('',(#874),#878);
#874 = LINE('',#875,#876);
#875 = CARTESIAN_POINT('',(0.383972435439,10.));
#876 = VECTOR('',#877,1.);
#877 = DIRECTION('',(-1.,0.));
#878 = ( GEOMETRIC_REPRESENTATION_CONTEXT(2) 
PARAMETRIC_REPRESENTATION_CONTEXT() REPRESENTATION_CONTEXT('2D SPACE',''
  ) );
#879 = ORIENTED_EDGE('',*,*,#880,.T.);
#880 = EDGE_CURVE('',#857,#881,#883,.T.);
#881 = VERTEX_POINT('',#882);
#882 = CARTESIAN_POINT('',(32.877974764773,-10.5,14.166113629608));
#883 = SURFACE_CURVE('',#884,(#889,#896),.PCURVE_S1.);
#884 = CIRCLE('',#885,35.8);
#885 = AXIS2_PLACEMENT_3D('',#886,#887,#888);
#886 = CARTESIAN_POINT('',(3.552713678801E-15,-10.5,-1.7763568394E-15));
#887 = DIRECTION('',(-0.,1.,0.));
#888 = DIRECTION('',(-0.927183854567,-0.,0.374606593416));
#889 = PCURVE('',#73,#890);
#890 = DEFINITIONAL_REPRESENTATION('',(#891),#895);
#891 = CIRCLE('',#892,35.8);
#892 = AXIS2_PLACEMENT_2D('',#893,#894);
#893 = CARTESIAN_POINT('',(-24.03184190593,-1.473273803644E-15));
#894 = DIRECTION('',(0.374606593416,-0.927183854567));
#895 = ( GEOMETRIC_REPRESENTATION_CONTEXT(2) 
PARAMETRIC_REPRESENTATION_CONTEXT() REPRESENTATION_CONTEXT('2D SPACE',''
  ) );
#896 = PCURVE('',#639,#897);
#897 = DEFINITIONAL_REPRESENTATION('',(#898),#902);
#898 = LINE('',#899,#900);
#899 = CARTESIAN_POINT('',(0.,-10.));
#900 = VECTOR('',#901,1.);
#901 = DIRECTION('',(1.,0.));
#902 = ( GEOMETRIC_REPRESENTATION_CONTEXT(2) 
PARAMETRIC_REPRESENTATION_CONTEXT() REPRESENTATION_CONTEXT('2D SPACE',''
  ) );
#903 = ORIENTED_EDGE('',*,*,#904,.T.);
#904 = EDGE_CURVE('',#881,#905,#907,.T.);
#905 = VERTEX_POINT('',#906);
#906 = CARTESIAN_POINT('',(32.442956692806,-10.5,13.107805347528));
#907 = SURFACE_CURVE('',#908,(#913,#920),.PCURVE_S1.);
#908 = CIRCLE('',#909,0.8);
#909 = AXIS2_PLACEMENT_3D('',#910,#911,#912);
#910 = CARTESIAN_POINT('',(32.143271418074,-10.5,13.849552431181));
#911 = DIRECTION('',(0.,1.,0.));
#912 = DIRECTION('',(0.,0.,-1.));
#913 = PCURVE('',#73,#914);
#914 = DEFINITIONAL_REPRESENTATION('',(#915),#919);
#915 = CIRCLE('',#916,0.8);
#916 = AXIS2_PLACEMENT_2D('',#917,#918);
#917 = CARTESIAN_POINT('',(-10.18228947475,32.143271418074));
#918 = DIRECTION('',(-1.,0.));
#919 = ( GEOMETRIC_REPRESENTATION_CONTEXT(2) 
PARAMETRIC_REPRESENTATION_CONTEXT() REPRESENTATION_CONTEXT('2D SPACE',''
  ) );
#920 = PCURVE('',#772,#921);
#921 = DEFINITIONAL_REPRESENTATION('',(#922),#926);
#922 = LINE('',#923,#924);
#923 = CARTESIAN_POINT('',(4.305557411339,10.));
#924 = VECTOR('',#925,1.);
#925 = DIRECTION('',(-1.,0.));
#926 = ( GEOMETRIC_REPRESENTATION_CONTEXT(2) 
PARAMETRIC_REPRESENTATION_CONTEXT() REPRESENTATION_CONTEXT('2D SPACE',''
  ) );
#927 = ORIENTED_EDGE('',*,*,#928,.T.);
#928 = EDGE_CURVE('',#905,#482,#929,.T.);
#929 = SURFACE_CURVE('',#930,(#934,#941),.PCURVE_S1.);
#930 = LINE('',#931,#932);
#931 = CARTESIAN_POINT('',(33.193181993491,-10.5,13.41091604429));
#932 = VECTOR('',#933,1.);
#933 = DIRECTION('',(-0.927183854567,0.,-0.374606593416));
#934 = PCURVE('',#73,#935);
#935 = DEFINITIONAL_REPRESENTATION('',(#936),#940);
#936 = LINE('',#937,#938);
#937 = CARTESIAN_POINT('',(-10.62092586164,33.193181993491));
#938 = VECTOR('',#939,1.);
#939 = DIRECTION('',(-0.374606593416,-0.927183854567));
#940 = ( GEOMETRIC_REPRESENTATION_CONTEXT(2) 
PARAMETRIC_REPRESENTATION_CONTEXT() REPRESENTATION_CONTEXT('2D SPACE',''
  ) );
#941 = PCURVE('',#497,#942);
#942 = DEFINITIONAL_REPRESENTATION('',(#943),#947);
#943 = LINE('',#944,#945);
#944 = CARTESIAN_POINT('',(-0.,-10.));
#945 = VECTOR('',#946,1.);
#946 = DIRECTION('',(1.,0.));
#947 = ( GEOMETRIC_REPRESENTATION_CONTEXT(2) 
PARAMETRIC_REPRESENTATION_CONTEXT() REPRESENTATION_CONTEXT('2D SPACE',''
  ) );
#948 = ORIENTED_EDGE('',*,*,#509,.F.);
#949 = ADVANCED_FACE('',(#950),#105,.T.);
#950 = FACE_BOUND('',#951,.F.);
#951 = EDGE_LOOP('',(#952,#953,#974,#975));
#952 = ORIENTED_EDGE('',*,*,#541,.T.);
#953 = ORIENTED_EDGE('',*,*,#954,.T.);
#954 = EDGE_CURVE('',#542,#810,#955,.T.);
#955 = SURFACE_CURVE('',#956,(#960,#967),.PCURVE_S1.);
#956 = LINE('',#957,#958);
#957 = CARTESIAN_POINT('',(-29.28961909579,-0.5,11.833774259425));
#958 = VECTOR('',#959,1.);
#959 = DIRECTION('',(0.,-1.,0.));
#960 = PCURVE('',#105,#961);
#961 = DEFINITIONAL_REPRESENTATION('',(#962),#966);
#962 = LINE('',#963,#964);
#963 = CARTESIAN_POINT('',(-1.545477166002,0.));
#964 = VECTOR('',#965,1.);
#965 = DIRECTION('',(-0.,1.));
#966 = ( GEOMETRIC_REPRESENTATION_CONTEXT(2) 
PARAMETRIC_REPRESENTATION_CONTEXT() REPRESENTATION_CONTEXT('2D SPACE',''
  ) );
#967 = PCURVE('',#581,#968);
#968 = DEFINITIONAL_REPRESENTATION('',(#969),#973);
#969 = LINE('',#970,#971);
#970 = CARTESIAN_POINT('',(0.789871794612,0.));
#971 = VECTOR('',#972,1.);
#972 = DIRECTION('',(0.,-1.));
#973 = ( GEOMETRIC_REPRESENTATION_CONTEXT(2) 
PARAMETRIC_REPRESENTATION_CONTEXT() REPRESENTATION_CONTEXT('2D SPACE',''
  ) );
#974 = ORIENTED_EDGE('',*,*,#809,.F.);
#975 = ORIENTED_EDGE('',*,*,#89,.F.);
#976 = ADVANCED_FACE('',(#977),#244,.F.);
#977 = FACE_BOUND('',#978,.F.);
#978 = EDGE_LOOP('',(#979,#1008,#1029,#1030));
#979 = ORIENTED_EDGE('',*,*,#980,.F.);
#980 = EDGE_CURVE('',#981,#981,#983,.T.);
#981 = VERTEX_POINT('',#982);
#982 = CARTESIAN_POINT('',(28.941273890185,-4.5,18.672243186434));
#983 = SURFACE_CURVE('',#984,(#989,#996),.PCURVE_S1.);
#984 = CIRCLE('',#985,1.7);
#985 = AXIS2_PLACEMENT_3D('',#986,#987,#988);
#986 = CARTESIAN_POINT('',(29.791273890185,-4.5,17.2));
#987 = DIRECTION('',(0.866025403784,0.,0.5));
#988 = DIRECTION('',(-0.5,0.,0.866025403784));
#989 = PCURVE('',#244,#990);
#990 = DEFINITIONAL_REPRESENTATION('',(#991),#995);
#991 = LINE('',#992,#993);
#992 = CARTESIAN_POINT('',(0.,9.4));
#993 = VECTOR('',#994,1.);
#994 = DIRECTION('',(1.,0.));
#995 = ( GEOMETRIC_REPRESENTATION_CONTEXT(2) 
PARAMETRIC_REPRESENTATION_CONTEXT() REPRESENTATION_CONTEXT('2D SPACE',''
  ) );
#996 = PCURVE('',#997,#1002);
#997 = PLANE('',#998);
#998 = AXIS2_PLACEMENT_3D('',#999,#1000,#1001);
#999 = CARTESIAN_POINT('',(29.791273890185,-4.5,17.2));
#1000 = DIRECTION('',(0.866025403784,0.,0.5));
#1001 = DIRECTION('',(-0.5,0.,0.866025403784));
#1002 = DEFINITIONAL_REPRESENTATION('',(#1003),#1007);
#1003 = CIRCLE('',#1004,1.7);
#1004 = AXIS2_PLACEMENT_2D('',#1005,#1006);
#1005 = CARTESIAN_POINT('',(0.,0.));
#1006 = DIRECTION('',(1.,0.));
#1007 = ( GEOMETRIC_REPRESENTATION_CONTEXT(2) 
PARAMETRIC_REPRESENTATION_CONTEXT() REPRESENTATION_CONTEXT('2D SPACE',''
  ) );
#1008 = ORIENTED_EDGE('',*,*,#1009,.F.);
#1009 = EDGE_CURVE('',#147,#981,#1010,.T.);
#1010 = SEAM_CURVE('',#1011,(#1015,#1022),.PCURVE_S1.);
#1011 = LINE('',#1012,#1013);
#1012 = CARTESIAN_POINT('',(20.800635094611,-4.5,13.972243186434));
#1013 = VECTOR('',#1014,1.);
#1014 = DIRECTION('',(0.866025403784,0.,0.5));
#1015 = PCURVE('',#244,#1016);
#1016 = DEFINITIONAL_REPRESENTATION('',(#1017),#1021);
#1017 = LINE('',#1018,#1019);
#1018 = CARTESIAN_POINT('',(6.28318530718,-0.));
#1019 = VECTOR('',#1020,1.);
#1020 = DIRECTION('',(0.,1.));
#1021 = ( GEOMETRIC_REPRESENTATION_CONTEXT(2) 
PARAMETRIC_REPRESENTATION_CONTEXT() REPRESENTATION_CONTEXT('2D SPACE',''
  ) );
#1022 = PCURVE('',#244,#1023);
#1023 = DEFINITIONAL_REPRESENTATION('',(#1024),#1028);
#1024 = LINE('',#1025,#1026);
#1025 = CARTESIAN_POINT('',(0.,-0.));
#1026 = VECTOR('',#1027,1.);
#1027 = DIRECTION('',(0.,1.));
#1028 = ( GEOMETRIC_REPRESENTATION_CONTEXT(2) 
PARAMETRIC_REPRESENTATION_CONTEXT() REPRESENTATION_CONTEXT('2D SPACE',''
  ) );
#1029 = ORIENTED_EDGE('',*,*,#146,.T.);
#1030 = ORIENTED_EDGE('',*,*,#1009,.T.);
#1031 = ADVANCED_FACE('',(#1032),#397,.F.);
#1032 = FACE_BOUND('',#1033,.F.);
#1033 = EDGE_LOOP('',(#1034,#1063,#1084,#1085));
#1034 = ORIENTED_EDGE('',*,*,#1035,.F.);
#1035 = EDGE_CURVE('',#1036,#1036,#1038,.T.);
#1036 = VERTEX_POINT('',#1037);
#1037 = CARTESIAN_POINT('',(-30.64127389018,-4.5,15.727756813566));
#1038 = SURFACE_CURVE('',#1039,(#1044,#1051),.PCURVE_S1.);
#1039 = CIRCLE('',#1040,1.7);
#1040 = AXIS2_PLACEMENT_3D('',#1041,#1042,#1043);
#1041 = CARTESIAN_POINT('',(-29.79127389018,-4.5,17.2));
#1042 = DIRECTION('',(-0.866025403784,0.,0.5));
#1043 = DIRECTION('',(-0.5,0.,-0.866025403784));
#1044 = PCURVE('',#397,#1045);
#1045 = DEFINITIONAL_REPRESENTATION('',(#1046),#1050);
#1046 = LINE('',#1047,#1048);
#1047 = CARTESIAN_POINT('',(0.,9.4));
#1048 = VECTOR('',#1049,1.);
#1049 = DIRECTION('',(1.,0.));
#1050 = ( GEOMETRIC_REPRESENTATION_CONTEXT(2) 
PARAMETRIC_REPRESENTATION_CONTEXT() REPRESENTATION_CONTEXT('2D SPACE',''
  ) );
#1051 = PCURVE('',#1052,#1057);
#1052 = PLANE('',#1053);
#1053 = AXIS2_PLACEMENT_3D('',#1054,#1055,#1056);
#1054 = CARTESIAN_POINT('',(-29.79127389018,-4.5,17.2));
#1055 = DIRECTION('',(-0.866025403784,0.,0.5));
#1056 = DIRECTION('',(-0.5,0.,-0.866025403784));
#1057 = DEFINITIONAL_REPRESENTATION('',(#1058),#1062);
#1058 = CIRCLE('',#1059,1.7);
#1059 = AXIS2_PLACEMENT_2D('',#1060,#1061);
#1060 = CARTESIAN_POINT('',(0.,0.));
#1061 = DIRECTION('',(1.,0.));
#1062 = ( GEOMETRIC_REPRESENTATION_CONTEXT(2) 
PARAMETRIC_REPRESENTATION_CONTEXT() REPRESENTATION_CONTEXT('2D SPACE',''
  ) );
#1063 = ORIENTED_EDGE('',*,*,#1064,.F.);
#1064 = EDGE_CURVE('',#300,#1036,#1065,.T.);
#1065 = SEAM_CURVE('',#1066,(#1070,#1077),.PCURVE_S1.);
#1066 = LINE('',#1067,#1068);
#1067 = CARTESIAN_POINT('',(-22.50063509461,-4.5,11.027756813566));
#1068 = VECTOR('',#1069,1.);
#1069 = DIRECTION('',(-0.866025403784,0.,0.5));
#1070 = PCURVE('',#397,#1071);
#1071 = DEFINITIONAL_REPRESENTATION('',(#1072),#1076);
#1072 = LINE('',#1073,#1074);
#1073 = CARTESIAN_POINT('',(6.28318530718,-0.));
#1074 = VECTOR('',#1075,1.);
#1075 = DIRECTION('',(0.,1.));
#1076 = ( GEOMETRIC_REPRESENTATION_CONTEXT(2) 
PARAMETRIC_REPRESENTATION_CONTEXT() REPRESENTATION_CONTEXT('2D SPACE',''
  ) );
#1077 = PCURVE('',#397,#1078);
#1078 = DEFINITIONAL_REPRESENTATION('',(#1079),#1083);
#1079 = LINE('',#1080,#1081);
#1080 = CARTESIAN_POINT('',(0.,-0.));
#1081 = VECTOR('',#1082,1.);
#1082 = DIRECTION('',(0.,1.));
#1083 = ( GEOMETRIC_REPRESENTATION_CONTEXT(2) 
PARAMETRIC_REPRESENTATION_CONTEXT() REPRESENTATION_CONTEXT('2D SPACE',''
  ) );
#1084 = ORIENTED_EDGE('',*,*,#299,.T.);
#1085 = ORIENTED_EDGE('',*,*,#1064,.T.);
#1086 = ADVANCED_FACE('',(#1087),#497,.T.);
#1087 = FACE_BOUND('',#1088,.T.);
#1088 = EDGE_LOOP('',(#1089,#1090,#1111,#1112));
#1089 = ORIENTED_EDGE('',*,*,#784,.F.);
#1090 = ORIENTED_EDGE('',*,*,#1091,.T.);
#1091 = EDGE_CURVE('',#756,#905,#1092,.T.);
#1092 = SURFACE_CURVE('',#1093,(#1097,#1104),.PCURVE_S1.);
#1093 = LINE('',#1094,#1095);
#1094 = CARTESIAN_POINT('',(32.442956692806,-0.5,13.107805347528));
#1095 = VECTOR('',#1096,1.);
#1096 = DIRECTION('',(0.,-1.,-0.));
#1097 = PCURVE('',#497,#1098);
#1098 = DEFINITIONAL_REPRESENTATION('',(#1099),#1103);
#1099 = LINE('',#1100,#1101);
#1100 = CARTESIAN_POINT('',(0.809144051624,0.));
#1101 = VECTOR('',#1102,1.);
#1102 = DIRECTION('',(0.,-1.));
#1103 = ( GEOMETRIC_REPRESENTATION_CONTEXT(2) 
PARAMETRIC_REPRESENTATION_CONTEXT() REPRESENTATION_CONTEXT('2D SPACE',''
  ) );
#1104 = PCURVE('',#772,#1105);
#1105 = DEFINITIONAL_REPRESENTATION('',(#1106),#1110);
#1106 = LINE('',#1107,#1108);
#1107 = CARTESIAN_POINT('',(-1.593655460402,0.));
#1108 = VECTOR('',#1109,1.);
#1109 = DIRECTION('',(-0.,1.));
#1110 = ( GEOMETRIC_REPRESENTATION_CONTEXT(2) 
PARAMETRIC_REPRESENTATION_CONTEXT() REPRESENTATION_CONTEXT('2D SPACE',''
  ) );
#1111 = ORIENTED_EDGE('',*,*,#928,.T.);
#1112 = ORIENTED_EDGE('',*,*,#481,.F.);
#1113 = ADVANCED_FACE('',(#1114),#581,.T.);
#1114 = FACE_BOUND('',#1115,.T.);
#1115 = EDGE_LOOP('',(#1116,#1117,#1118,#1119));
#1116 = ORIENTED_EDGE('',*,*,#565,.F.);
#1117 = ORIENTED_EDGE('',*,*,#954,.T.);
#1118 = ORIENTED_EDGE('',*,*,#833,.T.);
#1119 = ORIENTED_EDGE('',*,*,#1120,.F.);
#1120 = EDGE_CURVE('',#566,#834,#1121,.T.);
#1121 = SURFACE_CURVE('',#1122,(#1126,#1133),.PCURVE_S1.);
#1122 = LINE('',#1123,#1124);
#1123 = CARTESIAN_POINT('',(-32.4429566928,-0.5,13.107805347528));
#1124 = VECTOR('',#1125,1.);
#1125 = DIRECTION('',(0.,-1.,-0.));
#1126 = PCURVE('',#581,#1127);
#1127 = DEFINITIONAL_REPRESENTATION('',(#1128),#1132);
#1128 = LINE('',#1129,#1130);
#1129 = CARTESIAN_POINT('',(4.190855948376,0.));
#1130 = VECTOR('',#1131,1.);
#1131 = DIRECTION('',(-0.,-1.));
#1132 = ( GEOMETRIC_REPRESENTATION_CONTEXT(2) 
PARAMETRIC_REPRESENTATION_CONTEXT() REPRESENTATION_CONTEXT('2D SPACE',''
  ) );
#1133 = PCURVE('',#610,#1134);
#1134 = DEFINITIONAL_REPRESENTATION('',(#1135),#1139);
#1135 = LINE('',#1136,#1137);
#1136 = CARTESIAN_POINT('',(-0.,0.));
#1137 = VECTOR('',#1138,1.);
#1138 = DIRECTION('',(-0.,1.));
#1139 = ( GEOMETRIC_REPRESENTATION_CONTEXT(2) 
PARAMETRIC_REPRESENTATION_CONTEXT() REPRESENTATION_CONTEXT('2D SPACE',''
  ) );
#1140 = ADVANCED_FACE('',(#1141),#610,.T.);
#1141 = FACE_BOUND('',#1142,.F.);
#1142 = EDGE_LOOP('',(#1143,#1144,#1165,#1166));
#1143 = ORIENTED_EDGE('',*,*,#593,.T.);
#1144 = ORIENTED_EDGE('',*,*,#1145,.T.);
#1145 = EDGE_CURVE('',#594,#857,#1146,.T.);
#1146 = SURFACE_CURVE('',#1147,(#1151,#1158),.PCURVE_S1.);
#1147 = LINE('',#1148,#1149);
#1148 = CARTESIAN_POINT('',(-32.87797476477,-0.5,14.166113629608));
#1149 = VECTOR('',#1150,1.);
#1150 = DIRECTION('',(0.,-1.,-0.));
#1151 = PCURVE('',#610,#1152);
#1152 = DEFINITIONAL_REPRESENTATION('',(#1153),#1157);
#1153 = LINE('',#1154,#1155);
#1154 = CARTESIAN_POINT('',(-1.593655460402,0.));
#1155 = VECTOR('',#1156,1.);
#1156 = DIRECTION('',(-0.,1.));
#1157 = ( GEOMETRIC_REPRESENTATION_CONTEXT(2) 
PARAMETRIC_REPRESENTATION_CONTEXT() REPRESENTATION_CONTEXT('2D SPACE',''
  ) );
#1158 = PCURVE('',#639,#1159);
#1159 = DEFINITIONAL_REPRESENTATION('',(#1160),#1164);
#1160 = LINE('',#1161,#1162);
#1161 = CARTESIAN_POINT('',(2.285913360703E-02,0.));
#1162 = VECTOR('',#1163,1.);
#1163 = DIRECTION('',(-0.,-1.));
#1164 = ( GEOMETRIC_REPRESENTATION_CONTEXT(2) 
PARAMETRIC_REPRESENTATION_CONTEXT() REPRESENTATION_CONTEXT('2D SPACE',''
  ) );
#1165 = ORIENTED_EDGE('',*,*,#856,.F.);
#1166 = ORIENTED_EDGE('',*,*,#1120,.F.);
#1167 = ADVANCED_FACE('',(#1168,#1392,#1566),#639,.T.);
#1168 = FACE_BOUND('',#1169,.T.);
#1169 = EDGE_LOOP('',(#1170,#1171,#1172,#1173,#1194,#1195,#1217,#1278,
    #1311,#1372));
#1170 = ORIENTED_EDGE('',*,*,#622,.F.);
#1171 = ORIENTED_EDGE('',*,*,#1145,.T.);
#1172 = ORIENTED_EDGE('',*,*,#880,.T.);
#1173 = ORIENTED_EDGE('',*,*,#1174,.F.);
#1174 = EDGE_CURVE('',#732,#881,#1175,.T.);
#1175 = SURFACE_CURVE('',#1176,(#1180,#1187),.PCURVE_S1.);
#1176 = LINE('',#1177,#1178);
#1177 = CARTESIAN_POINT('',(32.877974764773,-0.5,14.166113629608));
#1178 = VECTOR('',#1179,1.);
#1179 = DIRECTION('',(0.,-1.,-0.));
#1180 = PCURVE('',#639,#1181);
#1181 = DEFINITIONAL_REPRESENTATION('',(#1182),#1186);
#1182 = LINE('',#1183,#1184);
#1183 = CARTESIAN_POINT('',(2.350788649105,0.));
#1184 = VECTOR('',#1185,1.);
#1185 = DIRECTION('',(-0.,-1.));
#1186 = ( GEOMETRIC_REPRESENTATION_CONTEXT(2) 
PARAMETRIC_REPRESENTATION_CONTEXT() REPRESENTATION_CONTEXT('2D SPACE',''
  ) );
#1187 = PCURVE('',#772,#1188);
#1188 = DEFINITIONAL_REPRESENTATION('',(#1189),#1193);
#1189 = LINE('',#1190,#1191);
#1190 = CARTESIAN_POINT('',(-0.,0.));
#1191 = VECTOR('',#1192,1.);
#1192 = DIRECTION('',(-0.,1.));
#1193 = ( GEOMETRIC_REPRESENTATION_CONTEXT(2) 
PARAMETRIC_REPRESENTATION_CONTEXT() REPRESENTATION_CONTEXT('2D SPACE',''
  ) );
#1194 = ORIENTED_EDGE('',*,*,#731,.F.);
#1195 = ORIENTED_EDGE('',*,*,#1196,.F.);
#1196 = EDGE_CURVE('',#1197,#705,#1199,.T.);
#1197 = VERTEX_POINT('',#1198);
#1198 = CARTESIAN_POINT('',(12.,-7.7,33.728919342309));
#1199 = SURFACE_CURVE('',#1200,(#1204,#1210),.PCURVE_S1.);
#1200 = LINE('',#1201,#1202);
#1201 = CARTESIAN_POINT('',(12.,-0.5,33.728919342309));
#1202 = VECTOR('',#1203,1.);
#1203 = DIRECTION('',(-0.,1.,0.));
#1204 = PCURVE('',#639,#1205);
#1205 = DEFINITIONAL_REPRESENTATION('',(#1206),#1209);
#1206 = B_SPLINE_CURVE_WITH_KNOTS('',1,(#1207,#1208),.UNSPECIFIED.,.F.,
  .F.,(2,2),(-8.24,6.000000000173E-07),.PIECEWISE_BEZIER_KNOTS.);
#1207 = CARTESIAN_POINT('',(1.528636650836,-8.24));
#1208 = CARTESIAN_POINT('',(1.528636650836,6.000000000173E-07));
#1209 = ( GEOMETRIC_REPRESENTATION_CONTEXT(2) 
PARAMETRIC_REPRESENTATION_CONTEXT() REPRESENTATION_CONTEXT('2D SPACE',''
  ) );
#1210 = PCURVE('',#719,#1211);
#1211 = DEFINITIONAL_REPRESENTATION('',(#1212),#1216);
#1212 = LINE('',#1213,#1214);
#1213 = CARTESIAN_POINT('',(0.928919342309,-8.));
#1214 = VECTOR('',#1215,1.);
#1215 = DIRECTION('',(0.,-1.));
#1216 = ( GEOMETRIC_REPRESENTATION_CONTEXT(2) 
PARAMETRIC_REPRESENTATION_CONTEXT() REPRESENTATION_CONTEXT('2D SPACE',''
  ) );
#1217 = ORIENTED_EDGE('',*,*,#1218,.T.);
#1218 = EDGE_CURVE('',#1197,#1219,#1221,.T.);
#1219 = VERTEX_POINT('',#1220);
#1220 = CARTESIAN_POINT('',(11.2,-8.5,34.002941049268));
#1221 = SURFACE_CURVE('',#1222,(#1237,#1255),.PCURVE_S1.);
#1222 = B_SPLINE_CURVE_WITH_KNOTS('',7,(#1223,#1224,#1225,#1226,#1227,
    #1228,#1229,#1230,#1231,#1232,#1233,#1234,#1235,#1236),
  .UNSPECIFIED.,.F.,.F.,(8,6,8),(0.,0.580295988793,1.),.UNSPECIFIED.);
#1223 = CARTESIAN_POINT('',(12.,-7.7,33.728919342309));
#1224 = CARTESIAN_POINT('',(12.,-7.798003763051,33.728919342309));
#1225 = CARTESIAN_POINT('',(11.985993082308,-7.89621649323,
    33.733902689839));
#1226 = CARTESIAN_POINT('',(11.957871811947,-7.992593951937,
    33.743907625828));
#1227 = CARTESIAN_POINT('',(11.915735874979,-8.085043271945,
    33.75885733955));
#1228 = CARTESIAN_POINT('',(11.859917028867,-8.171389788157,
    33.778549600494));
#1229 = CARTESIAN_POINT('',(11.791001193567,-8.249350274274,
    33.802657427598));
#1230 = CARTESIAN_POINT('',(11.651310409323,-8.364912541189,
    33.851009067691));
#1231 = CARTESIAN_POINT('',(11.586211815724,-8.407808600257,
    33.873409063798));
#1232 = CARTESIAN_POINT('',(11.515425864207,-8.443719624247,
    33.897592778269));
#1233 = CARTESIAN_POINT('',(11.44004593103,-8.47154027457,
    33.923130765706));
#1234 = CARTESIAN_POINT('',(11.361380312482,-8.490463151076,
    33.949536404762));
#1235 = CARTESIAN_POINT('',(11.28086710951,-8.5,33.976304776094));
#1236 = CARTESIAN_POINT('',(11.2,-8.5,34.002941049268));
#1237 = PCURVE('',#639,#1238);
#1238 = DEFINITIONAL_REPRESENTATION('',(#1239),#1254);
#1239 = B_SPLINE_CURVE_WITH_KNOTS('',7,(#1240,#1241,#1242,#1243,#1244,
    #1245,#1246,#1247,#1248,#1249,#1250,#1251,#1252,#1253),
  .UNSPECIFIED.,.F.,.F.,(8,6,8),(0.,0.580295988793,1.),.UNSPECIFIED.);
#1240 = CARTESIAN_POINT('',(1.528636650836,-7.2));
#1241 = CARTESIAN_POINT('',(1.528636650836,-7.298003763051));
#1242 = CARTESIAN_POINT('',(1.528221371668,-7.39621649323));
#1243 = CARTESIAN_POINT('',(1.527387628061,-7.492593951937));
#1244 = CARTESIAN_POINT('',(1.526138762103,-7.585043271945));
#1245 = CARTESIAN_POINT('',(1.524485399519,-7.671389788157));
#1246 = CARTESIAN_POINT('',(1.522446002187,-7.749350274274));
#1247 = CARTESIAN_POINT('',(1.518316891071,-7.864912541189));
#1248 = CARTESIAN_POINT('',(1.516393859129,-7.907808600257));
#1249 = CARTESIAN_POINT('',(1.514304395659,-7.943719624247));
#1250 = CARTESIAN_POINT('',(1.512081268325,-7.97154027457));
#1251 = CARTESIAN_POINT('',(1.509763430649,-7.990463151076));
#1252 = CARTESIAN_POINT('',(1.507393426974,-8.));
#1253 = CARTESIAN_POINT('',(1.505015188298,-8.));
#1254 = ( GEOMETRIC_REPRESENTATION_CONTEXT(2) 
PARAMETRIC_REPRESENTATION_CONTEXT() REPRESENTATION_CONTEXT('2D SPACE',''
  ) );
#1255 = PCURVE('',#1256,#1261);
#1256 = CYLINDRICAL_SURFACE('',#1257,0.8);
#1257 = AXIS2_PLACEMENT_3D('',#1258,#1259,#1260);
#1258 = CARTESIAN_POINT('',(11.2,-7.7,32.8));
#1259 = DIRECTION('',(0.,0.,1.));
#1260 = DIRECTION('',(1.,0.,-0.));
#1261 = DEFINITIONAL_REPRESENTATION('',(#1262),#1277);
#1262 = B_SPLINE_CURVE_WITH_KNOTS('',7,(#1263,#1264,#1265,#1266,#1267,
    #1268,#1269,#1270,#1271,#1272,#1273,#1274,#1275,#1276),
  .UNSPECIFIED.,.F.,.F.,(8,6,8),(0.,0.580295988793,1.),.UNSPECIFIED.);
#1263 = CARTESIAN_POINT('',(0.,0.928919342309));
#1264 = CARTESIAN_POINT('',(-0.122504703814,0.928919342309));
#1265 = CARTESIAN_POINT('',(-0.245270482256,0.933902689839));
#1266 = CARTESIAN_POINT('',(-0.368745819183,0.943907625828));
#1267 = CARTESIAN_POINT('',(-0.493372029808,0.95885733955));
#1268 = CARTESIAN_POINT('',(-0.619646195752,0.978549600494));
#1269 = CARTESIAN_POINT('',(-0.748139439827,1.002657427598));
#1270 = CARTESIAN_POINT('',(-0.974759140321,1.051009067691));
#1271 = CARTESIAN_POINT('',(-1.071636603916,1.073409063798));
#1272 = CARTESIAN_POINT('',(-1.169833520173,1.097592778269));
#1273 = CARTESIAN_POINT('',(-1.269050853373,1.123130765706));
#1274 = CARTESIAN_POINT('',(-1.369071336075,1.149536404762));
#1275 = CARTESIAN_POINT('',(-1.469712439907,1.176304776094));
#1276 = CARTESIAN_POINT('',(-1.570796326795,1.202941049268));
#1277 = ( GEOMETRIC_REPRESENTATION_CONTEXT(2) 
PARAMETRIC_REPRESENTATION_CONTEXT() REPRESENTATION_CONTEXT('2D SPACE',''
  ) );
#1278 = ORIENTED_EDGE('',*,*,#1279,.T.);
#1279 = EDGE_CURVE('',#1219,#1280,#1282,.T.);
#1280 = VERTEX_POINT('',#1281);
#1281 = CARTESIAN_POINT('',(-11.2,-8.5,34.002941049268));
#1282 = SURFACE_CURVE('',#1283,(#1288,#1295),.PCURVE_S1.);
#1283 = CIRCLE('',#1284,35.8);
#1284 = AXIS2_PLACEMENT_3D('',#1285,#1286,#1287);
#1285 = CARTESIAN_POINT('',(3.552713678801E-15,-8.5,-1.7763568394E-15));
#1286 = DIRECTION('',(0.,-1.,0.));
#1287 = DIRECTION('',(0.312849162011,0.,0.949802822605));
#1288 = PCURVE('',#639,#1289);
#1289 = DEFINITIONAL_REPRESENTATION('',(#1290),#1294);
#1290 = LINE('',#1291,#1292);
#1291 = CARTESIAN_POINT('',(1.505015188298,-8.));
#1292 = VECTOR('',#1293,1.);
#1293 = DIRECTION('',(-1.,-0.));
#1294 = ( GEOMETRIC_REPRESENTATION_CONTEXT(2) 
PARAMETRIC_REPRESENTATION_CONTEXT() REPRESENTATION_CONTEXT('2D SPACE',''
  ) );
#1295 = PCURVE('',#1296,#1301);
#1296 = PLANE('',#1297);
#1297 = AXIS2_PLACEMENT_3D('',#1298,#1299,#1300);
#1298 = CARTESIAN_POINT('',(-12.,-8.5,32.8));
#1299 = DIRECTION('',(-0.,1.,0.));
#1300 = DIRECTION('',(0.,0.,1.));
#1301 = DEFINITIONAL_REPRESENTATION('',(#1302),#1310);
#1302 = ( BOUNDED_CURVE() B_SPLINE_CURVE(2,(#1303,#1304,#1305,#1306,
#1307,#1308,#1309),.UNSPECIFIED.,.T.,.F.) B_SPLINE_CURVE_WITH_KNOTS((1,2
    ,2,2,2,1),(-2.094395102393,0.,2.094395102393,4.188790204786,
6.28318530718,8.377580409573),.UNSPECIFIED.) CURVE() 
GEOMETRIC_REPRESENTATION_ITEM() RATIONAL_B_SPLINE_CURVE((1.,0.5,1.,0.5,
1.,0.5,1.)) REPRESENTATION_ITEM('') );
#1303 = CARTESIAN_POINT('',(1.202941049268,23.2));
#1304 = CARTESIAN_POINT('',(20.601910094039,-35.6948215041));
#1305 = CARTESIAN_POINT('',(-40.10198600224,-23.04741075205));
#1306 = CARTESIAN_POINT('',(-100.8058820985,-10.4));
#1307 = CARTESIAN_POINT('',(-59.50095504702,35.847410752051));
#1308 = CARTESIAN_POINT('',(-18.1960279955,82.094821504102));
#1309 = CARTESIAN_POINT('',(1.202941049268,23.2));
#1310 = ( GEOMETRIC_REPRESENTATION_CONTEXT(2) 
PARAMETRIC_REPRESENTATION_CONTEXT() REPRESENTATION_CONTEXT('2D SPACE',''
  ) );
#1311 = ORIENTED_EDGE('',*,*,#1312,.F.);
#1312 = EDGE_CURVE('',#1313,#1280,#1315,.T.);
#1313 = VERTEX_POINT('',#1314);
#1314 = CARTESIAN_POINT('',(-12.,-7.7,33.728919342309));
#1315 = SURFACE_CURVE('',#1316,(#1331,#1349),.PCURVE_S1.);
#1316 = B_SPLINE_CURVE_WITH_KNOTS('',7,(#1317,#1318,#1319,#1320,#1321,
    #1322,#1323,#1324,#1325,#1326,#1327,#1328,#1329,#1330),
  .UNSPECIFIED.,.F.,.F.,(8,6,8),(0.,0.580286573198,1.),.UNSPECIFIED.);
#1317 = CARTESIAN_POINT('',(-12.,-7.7,33.728919342309));
#1318 = CARTESIAN_POINT('',(-12.,-7.797988396207,33.728919342309));
#1319 = CARTESIAN_POINT('',(-11.98599747192,-7.896203565385,
    33.733901127904));
#1320 = CARTESIAN_POINT('',(-11.95787585822,-7.992592760766,
    33.743906186709));
#1321 = CARTESIAN_POINT('',(-11.91573354261,-8.085053978036,
    33.75885819515));
#1322 = CARTESIAN_POINT('',(-11.85990626293,-8.171405535576,
    33.77855341032));
#1323 = CARTESIAN_POINT('',(-11.79098794234,-8.249361236635,
    33.802662014287));
#1324 = CARTESIAN_POINT('',(-11.65131772716,-8.364906487348,
    33.851006534743));
#1325 = CARTESIAN_POINT('',(-11.58622083216,-8.407803875665,
    33.873405971755));
#1326 = CARTESIAN_POINT('',(-11.51543172155,-8.443718396813,
    33.897590813694));
#1327 = CARTESIAN_POINT('',(-11.44004609986,-8.47154149187,
    33.923130743987));
#1328 = CARTESIAN_POINT('',(-11.36137547955,-8.490464518988,
    33.949538030586));
#1329 = CARTESIAN_POINT('',(-11.28086132179,-8.5,33.976306682469));
#1330 = CARTESIAN_POINT('',(-11.2,-8.5,34.002941049268));
#1331 = PCURVE('',#639,#1332);
#1332 = DEFINITIONAL_REPRESENTATION('',(#1333),#1348);
#1333 = B_SPLINE_CURVE_WITH_KNOTS('',7,(#1334,#1335,#1336,#1337,#1338,
    #1339,#1340,#1341,#1342,#1343,#1344,#1345,#1346,#1347),
  .UNSPECIFIED.,.F.,.F.,(8,6,8),(0.,0.580286573198,1.),.UNSPECIFIED.);
#1334 = CARTESIAN_POINT('',(0.845011131877,-7.2));
#1335 = CARTESIAN_POINT('',(0.845011131877,-7.297988396207));
#1336 = CARTESIAN_POINT('',(0.845426280901,-7.396203565385));
#1337 = CARTESIAN_POINT('',(0.846260034685,-7.492592760766));
#1338 = CARTESIAN_POINT('',(0.84750909001,-7.585053978036));
#1339 = CARTESIAN_POINT('',(0.849162702183,-7.671405535576));
#1340 = CARTESIAN_POINT('',(0.851202172217,-7.749361236635));
#1341 = CARTESIAN_POINT('',(0.855330675334,-7.864906487348));
#1342 = CARTESIAN_POINT('',(0.857253657335,-7.907803875665));
#1343 = CARTESIAN_POINT('',(0.859343214485,-7.943718396813));
#1344 = CARTESIAN_POINT('',(0.861566509722,-7.97154149187));
#1345 = CARTESIAN_POINT('',(0.863884494494,-7.990464518988));
#1346 = CARTESIAN_POINT('',(0.86625452595,-8.));
#1347 = CARTESIAN_POINT('',(0.868632594414,-8.));
#1348 = ( GEOMETRIC_REPRESENTATION_CONTEXT(2) 
PARAMETRIC_REPRESENTATION_CONTEXT() REPRESENTATION_CONTEXT('2D SPACE',''
  ) );
#1349 = PCURVE('',#1350,#1355);
#1350 = CYLINDRICAL_SURFACE('',#1351,0.8);
#1351 = AXIS2_PLACEMENT_3D('',#1352,#1353,#1354);
#1352 = CARTESIAN_POINT('',(-11.2,-7.7,32.8));
#1353 = DIRECTION('',(0.,0.,1.));
#1354 = DIRECTION('',(-1.,-0.,0.));
#1355 = DEFINITIONAL_REPRESENTATION('',(#1356),#1371);
#1356 = B_SPLINE_CURVE_WITH_KNOTS('',7,(#1357,#1358,#1359,#1360,#1361,
    #1362,#1363,#1364,#1365,#1366,#1367,#1368,#1369,#1370),
  .UNSPECIFIED.,.F.,.F.,(8,6,8),(0.,0.580286573198,1.),.UNSPECIFIED.);
#1357 = CARTESIAN_POINT('',(0.,0.928919342309));
#1358 = CARTESIAN_POINT('',(0.122485495259,0.928919342309));
#1359 = CARTESIAN_POINT('',(0.245254304177,0.933901127904));
#1360 = CARTESIAN_POINT('',(0.368742971565,0.943906186709));
#1361 = CARTESIAN_POINT('',(0.493384577935,0.95885819515));
#1362 = CARTESIAN_POINT('',(0.619669129745,0.97855341032));
#1363 = CARTESIAN_POINT('',(0.748160937217,1.002662014287));
#1364 = CARTESIAN_POINT('',(0.974747268629,1.051006534743));
#1365 = CARTESIAN_POINT('',(1.071624122511,1.073405971755));
#1366 = CARTESIAN_POINT('',(1.169826394265,1.097590813694));
#1367 = CARTESIAN_POINT('',(1.269051013366,1.123130743987));
#1368 = CARTESIAN_POINT('',(1.369077366616,1.149538030586));
#1369 = CARTESIAN_POINT('',(1.469719674546,1.176306682469));
#1370 = CARTESIAN_POINT('',(1.570796326795,1.202941049268));
#1371 = ( GEOMETRIC_REPRESENTATION_CONTEXT(2) 
PARAMETRIC_REPRESENTATION_CONTEXT() REPRESENTATION_CONTEXT('2D SPACE',''
  ) );
#1372 = ORIENTED_EDGE('',*,*,#1373,.T.);
#1373 = EDGE_CURVE('',#1313,#623,#1374,.T.);
#1374 = SURFACE_CURVE('',#1375,(#1379,#1385),.PCURVE_S1.);
#1375 = LINE('',#1376,#1377);
#1376 = CARTESIAN_POINT('',(-12.,-0.5,33.728919342309));
#1377 = VECTOR('',#1378,1.);
#1378 = DIRECTION('',(-0.,1.,0.));
#1379 = PCURVE('',#639,#1380);
#1380 = DEFINITIONAL_REPRESENTATION('',(#1381),#1384);
#1381 = B_SPLINE_CURVE_WITH_KNOTS('',1,(#1382,#1383),.UNSPECIFIED.,.F.,
  .F.,(2,2),(-8.24,6.000000000173E-07),.PIECEWISE_BEZIER_KNOTS.);
#1382 = CARTESIAN_POINT('',(0.845011131877,-8.24));
#1383 = CARTESIAN_POINT('',(0.845011131877,6.000000000173E-07));
#1384 = ( GEOMETRIC_REPRESENTATION_CONTEXT(2) 
PARAMETRIC_REPRESENTATION_CONTEXT() REPRESENTATION_CONTEXT('2D SPACE',''
  ) );
#1385 = PCURVE('',#666,#1386);
#1386 = DEFINITIONAL_REPRESENTATION('',(#1387),#1391);
#1387 = LINE('',#1388,#1389);
#1388 = CARTESIAN_POINT('',(0.928919342309,-8.));
#1389 = VECTOR('',#1390,1.);
#1390 = DIRECTION('',(0.,-1.));
#1391 = ( GEOMETRIC_REPRESENTATION_CONTEXT(2) 
PARAMETRIC_REPRESENTATION_CONTEXT() REPRESENTATION_CONTEXT('2D SPACE',''
  ) );
#1392 = FACE_BOUND('',#1393,.T.);
#1393 = EDGE_LOOP('',(#1394));
#1394 = ORIENTED_EDGE('',*,*,#1395,.F.);
#1395 = EDGE_CURVE('',#1396,#1396,#1398,.T.);
#1396 = VERTEX_POINT('',#1397);
#1397 = CARTESIAN_POINT('',(-32.39465973271,-4.5,15.238963901849));
#1398 = SURFACE_CURVE('',#1399,(#1451,#1506),.PCURVE_S1.);
#1399 = B_SPLINE_CURVE_WITH_KNOTS('',8,(#1400,#1401,#1402,#1403,#1404,
    #1405,#1406,#1407,#1408,#1409,#1410,#1411,#1412,#1413,#1414,#1415,
    #1416,#1417,#1418,#1419,#1420,#1421,#1422,#1423,#1424,#1425,#1426,
    #1427,#1428,#1429,#1430,#1431,#1432,#1433,#1434,#1435,#1436,#1437,
    #1438,#1439,#1440,#1441,#1442,#1443,#1444,#1445,#1446,#1447,#1448,
    #1449,#1450),.UNSPECIFIED.,.T.,.F.,(9,7,7,7,7,7,7,9),(0.,
    0.116305407388,0.220371515629,0.395456144314,0.531200499455,
    0.666437180717,0.811954487462,1.),.UNSPECIFIED.);
#1400 = CARTESIAN_POINT('',(-32.39465973271,-4.5,15.238963901849));
#1401 = CARTESIAN_POINT('',(-32.39465973271,-4.7466843904,
    15.238963901849));
#1402 = CARTESIAN_POINT('',(-32.3847571318,-4.993183258093,
    15.260014614623));
#1403 = CARTESIAN_POINT('',(-32.36497697679,-5.238319019177,
    15.302062927364));
#1404 = CARTESIAN_POINT('',(-32.33511062502,-5.480825805598,
    15.365353161798));
#1405 = CARTESIAN_POINT('',(-32.29474197513,-5.719215607264,
    15.450375000382));
#1406 = CARTESIAN_POINT('',(-32.24326019512,-5.951623804766,
    15.557798515682));
#1407 = CARTESIAN_POINT('',(-32.1798703274,-6.175618890143,
    15.688391852723));
#1408 = CARTESIAN_POINT('',(-32.03538083173,-6.577957799307,
    15.981181043002));
#1409 = CARTESIAN_POINT('',(-31.95604700895,-6.760852223711,
    16.140225850189));
#1410 = CARTESIAN_POINT('',(-31.86509866972,-6.932273117275,
    16.320174416882));
#1411 = CARTESIAN_POINT('',(-31.76224908912,-7.08782755395,
    16.520473827344));
#1412 = CARTESIAN_POINT('',(-31.64744616018,-7.223115962943,
    16.739932740231));
#1413 = CARTESIAN_POINT('',(-31.52092048139,-7.333730497437,
    16.976745756125));
#1414 = CARTESIAN_POINT('',(-31.38328488562,-7.415227534622,
    17.22848426323));
#1415 = CARTESIAN_POINT('',(-30.9873899956,-7.543548560747,
    17.935437691355));
#1416 = CARTESIAN_POINT('',(-30.73306603558,-7.521574742194,
    18.372712458647));
#1417 = CARTESIAN_POINT('',(-30.48369195485,-7.406328260529,
    18.784554861229));
#1418 = CARTESIAN_POINT('',(-30.24993334762,-7.210629591903,
    19.156302414252));
#1419 = CARTESIAN_POINT('',(-30.04164276681,-6.950909255051,
    19.477537771849));
#1420 = CARTESIAN_POINT('',(-29.86642153962,-6.647005726739,
    19.7420145177));
#1421 = CARTESIAN_POINT('',(-29.72745189153,-6.32157979805,
    19.948765819864));
#1422 = CARTESIAN_POINT('',(-29.54187588104,-5.750676900418,
    20.22222539201));
#1423 = CARTESIAN_POINT('',(-29.47767718577,-5.491806266342,
    20.31564257062));
#1424 = CARTESIAN_POINT('',(-29.42999550286,-5.226564248304,
    20.384426114111));
#1425 = CARTESIAN_POINT('',(-29.39851706085,-4.957334077322,
    20.429600077224));
#1426 = CARTESIAN_POINT('',(-29.38301149857,-4.686010930102,
    20.451815808516));
#1427 = CARTESIAN_POINT('',(-29.3833805911,-4.414255125379,
    20.451328193603));
#1428 = CARTESIAN_POINT('',(-29.39968665086,-4.14371801428,
    20.427963150789));
#1429 = CARTESIAN_POINT('',(-29.46451232468,-3.609812095637,
    20.334348842186));
#1430 = CARTESIAN_POINT('',(-29.512881654,-3.346667032899,
    20.264317640886));
#1431 = CARTESIAN_POINT('',(-29.57746159239,-3.088540612509,
    20.170381773453));
#1432 = CARTESIAN_POINT('',(-29.65862428287,-2.837653137036,
    20.051453296731));
#1433 = CARTESIAN_POINT('',(-29.75678030775,-2.597016991062,
    19.906131617001));
#1434 = CARTESIAN_POINT('',(-29.87223000838,-2.370648754635,
    19.732821166223));
#1435 = CARTESIAN_POINT('',(-30.0049731137,-2.163886537773,
    19.52993825273));
#1436 = CARTESIAN_POINT('',(-30.31527625173,-1.790414279389,
    19.045027215715));
#1437 = CARTESIAN_POINT('',(-30.50143166785,-1.62077463176,
    18.748848904617));
#1438 = CARTESIAN_POINT('',(-30.70595686611,-1.498704965899,
    18.41550816564));
#1439 = CARTESIAN_POINT('',(-30.91903082095,-1.439178402307,
    18.057424654494));
#1440 = CARTESIAN_POINT('',(-31.12955237452,-1.448655927861,
    17.690816914156));
#1441 = CARTESIAN_POINT('',(-31.32800891003,-1.525084476331,
    17.333398429238));
#1442 = CARTESIAN_POINT('',(-31.50711306495,-1.65772642915,
    17.00153903575));
#1443 = CARTESIAN_POINT('',(-31.86272803299,-2.045699805689,
    16.327617534049));
#1444 = CARTESIAN_POINT('',(-32.02587838613,-2.328501427562,
    16.005809709843));
#1445 = CARTESIAN_POINT('',(-32.15463358906,-2.652123800915,
    15.743645426923));
#1446 = CARTESIAN_POINT('',(-32.2530857448,-3.001764680392,
    15.538814040119));
#1447 = CARTESIAN_POINT('',(-32.32445298889,-3.367105355119,
    15.388203192454));
#1448 = CARTESIAN_POINT('',(-32.37119442475,-3.741428997717,
    15.288846920017));
#1449 = CARTESIAN_POINT('',(-32.39465973271,-4.120262619762,
    15.238963901849));
#1450 = CARTESIAN_POINT('',(-32.39465973271,-4.5,15.238963901849));
#1451 = PCURVE('',#639,#1452);
#1452 = DEFINITIONAL_REPRESENTATION('',(#1453),#1505);
#1453 = B_SPLINE_CURVE_WITH_KNOTS('',8,(#1454,#1455,#1456,#1457,#1458,
    #1459,#1460,#1461,#1462,#1463,#1464,#1465,#1466,#1467,#1468,#1469,
    #1470,#1471,#1472,#1473,#1474,#1475,#1476,#1477,#1478,#1479,#1480,
    #1481,#1482,#1483,#1484,#1485,#1486,#1487,#1488,#1489,#1490,#1491,
    #1492,#1493,#1494,#1495,#1496,#1497,#1498,#1499,#1500,#1501,#1502,
    #1503,#1504),.UNSPECIFIED.,.F.,.F.,(9,7,7,7,7,7,7,9),(0.,
    0.116305407388,0.220371515629,0.395456144314,0.531200499455,
    0.666437180717,0.811954487462,1.),.UNSPECIFIED.);
#1454 = CARTESIAN_POINT('',(5.572907009874E-02,-4.));
#1455 = CARTESIAN_POINT('',(5.572907009874E-02,-4.2466843904));
#1456 = CARTESIAN_POINT('',(5.637889059092E-02,-4.493183258093));
#1457 = CARTESIAN_POINT('',(5.76768918778E-02,-4.738319019177));
#1458 = CARTESIAN_POINT('',(5.963172853626E-02,-4.980825805598));
#1459 = CARTESIAN_POINT('',(6.226072820709E-02,-5.219215607264));
#1460 = CARTESIAN_POINT('',(6.558812273043E-02,-5.451623804766));
#1461 = CARTESIAN_POINT('',(6.964292633967E-02,-5.675618890143));
#1462 = CARTESIAN_POINT('',(7.876305836055E-02,-6.077957799307));
#1463 = CARTESIAN_POINT('',(8.372762903715E-02,-6.260852223711));
#1464 = CARTESIAN_POINT('',(8.935950789437E-02,-6.432273117275));
#1465 = CARTESIAN_POINT('',(9.564867046253E-02,-6.58782755395));
#1466 = CARTESIAN_POINT('',(0.102566457432,-6.723115962943));
#1467 = CARTESIAN_POINT('',(0.110065743224,-6.833730497437));
#1468 = CARTESIAN_POINT('',(0.118079502179,-6.915227534622));
#1469 = CARTESIAN_POINT('',(0.140712370784,-7.043548560747));
#1470 = CARTESIAN_POINT('',(0.15484054198,-7.021574742194));
#1471 = CARTESIAN_POINT('',(0.168285665228,-6.906328260529));
#1472 = CARTESIAN_POINT('',(0.180549101504,-6.710629591903));
#1473 = CARTESIAN_POINT('',(0.191242314842,-6.450909255051));
#1474 = CARTESIAN_POINT('',(0.200103817612,-6.147005726739));
#1475 = CARTESIAN_POINT('',(0.207062293685,-5.82157979805));
#1476 = CARTESIAN_POINT('',(0.21629364465,-5.250676900418));
#1477 = CARTESIAN_POINT('',(0.219459793908,-4.991806266342));
#1478 = CARTESIAN_POINT('',(0.221797604354,-4.726564248304));
#1479 = CARTESIAN_POINT('',(0.223335591037,-4.457334077322));
#1480 = CARTESIAN_POINT('',(0.224092343111,-4.186010930102));
#1481 = CARTESIAN_POINT('',(0.224075270825,-3.914255125379));
#1482 = CARTESIAN_POINT('',(0.223279400736,-3.64371801428));
#1483 = CARTESIAN_POINT('',(0.220098719878,-3.109812095637));
#1484 = CARTESIAN_POINT('',(0.217721306,-2.846667032899));
#1485 = CARTESIAN_POINT('',(0.21453714409,-2.588540612509));
#1486 = CARTESIAN_POINT('',(0.210515294432,-2.337653137036));
#1487 = CARTESIAN_POINT('',(0.205616956646,-2.097016991062));
#1488 = CARTESIAN_POINT('',(0.199800385721,-1.870648754635));
#1489 = CARTESIAN_POINT('',(0.193028375198,-1.663886537773));
#1490 = CARTESIAN_POINT('',(0.176947460313,-1.290414279389));
#1491 = CARTESIAN_POINT('',(0.167176225498,-1.12077463176));
#1492 = CARTESIAN_POINT('',(0.156253128041,-0.998704965899));
#1493 = CARTESIAN_POINT('',(0.144616287506,-0.939178402307));
#1494 = CARTESIAN_POINT('',(0.132810157482,-0.948655927861));
#1495 = CARTESIAN_POINT('',(0.121391964179,-1.025084476331));
#1496 = CARTESIAN_POINT('',(0.110858744413,-1.15772642915));
#1497 = CARTESIAN_POINT('',(8.95740445664E-02,-1.545699805689));
#1498 = CARTESIAN_POINT('',(7.949711324869E-02,-1.828501427562));
#1499 = CARTESIAN_POINT('',(7.133937332492E-02,-2.152123800915));
#1500 = CARTESIAN_POINT('',(6.499138546692E-02,-2.501764680392));
#1501 = CARTESIAN_POINT('',(6.033601629306E-02,-2.867105355119));
#1502 = CARTESIAN_POINT('',(5.726891569969E-02,-3.241428997717));
#1503 = CARTESIAN_POINT('',(5.572907009874E-02,-3.620262619762));
#1504 = CARTESIAN_POINT('',(5.572907009874E-02,-4.));
#1505 = ( GEOMETRIC_REPRESENTATION_CONTEXT(2) 
PARAMETRIC_REPRESENTATION_CONTEXT() REPRESENTATION_CONTEXT('2D SPACE',''
  ) );
#1506 = PCURVE('',#1507,#1512);
#1507 = CYLINDRICAL_SURFACE('',#1508,3.);
#1508 = AXIS2_PLACEMENT_3D('',#1509,#1510,#1511);
#1509 = CARTESIAN_POINT('',(-29.79127389018,-4.5,17.2));
#1510 = DIRECTION('',(-0.866025403784,0.,0.5));
#1511 = DIRECTION('',(-0.5,0.,-0.866025403784));
#1512 = DEFINITIONAL_REPRESENTATION('',(#1513),#1565);
#1513 = B_SPLINE_CURVE_WITH_KNOTS('',8,(#1514,#1515,#1516,#1517,#1518,
    #1519,#1520,#1521,#1522,#1523,#1524,#1525,#1526,#1527,#1528,#1529,
    #1530,#1531,#1532,#1533,#1534,#1535,#1536,#1537,#1538,#1539,#1540,
    #1541,#1542,#1543,#1544,#1545,#1546,#1547,#1548,#1549,#1550,#1551,
    #1552,#1553,#1554,#1555,#1556,#1557,#1558,#1559,#1560,#1561,#1562,
    #1563,#1564),.UNSPECIFIED.,.F.,.F.,(9,7,7,7,7,7,7,9),(0.,
    0.116305407388,0.220371515629,0.395456144314,0.531200499455,
    0.666437180717,0.811954487462,1.),.UNSPECIFIED.);
#1514 = CARTESIAN_POINT('',(0.,1.274080226405));
#1515 = CARTESIAN_POINT('',(8.222813013328E-02,1.274080226405));
#1516 = CARTESIAN_POINT('',(0.164394324557,1.27602967884));
#1517 = CARTESIAN_POINT('',(0.246953790817,1.279923718484));
#1518 = CARTESIAN_POINT('',(0.33032531136,1.285703816351));
#1519 = CARTESIAN_POINT('',(0.414930131542,1.293254459321));
#1520 = CARTESIAN_POINT('',(0.501201360641,1.302381687653));
#1521 = CARTESIAN_POINT('',(0.589600586977,1.312781120387));
#1522 = CARTESIAN_POINT('',(0.762171733676,1.334044141691));
#1523 = CARTESIAN_POINT('',(0.846764771361,1.344861439382));
#1524 = CARTESIAN_POINT('',(0.934226631261,1.356072150522));
#1525 = CARTESIAN_POINT('',(1.024435629895,1.367151506181));
#1526 = CARTESIAN_POINT('',(1.117371442964,1.377458709737));
#1527 = CARTESIAN_POINT('',(1.213101180544,1.386290765618));
#1528 = CARTESIAN_POINT('',(1.311783727807,1.392964096772));
#1529 = CARTESIAN_POINT('',(1.585212446752,1.403585778849));
#1530 = CARTESIAN_POINT('',(1.750609214674,1.401972152321));
#1531 = CARTESIAN_POINT('',(1.910755906823,1.391929064655));
#1532 = CARTESIAN_POINT('',(2.065802139798,1.375361948953));
#1533 = CARTESIAN_POINT('',(2.215463155039,1.355594693403));
#1534 = CARTESIAN_POINT('',(2.358851563917,1.336087032299));
#1535 = CARTESIAN_POINT('',(2.494217756011,1.319111437778));
#1536 = CARTESIAN_POINT('',(2.713958383764,1.295127684439));
#1537 = CARTESIAN_POINT('',(2.807521435269,1.286238572748));
#1538 = CARTESIAN_POINT('',(2.899338137166,1.279336795801));
#1539 = CARTESIAN_POINT('',(2.989959653556,1.274662646899));
#1540 = CARTESIAN_POINT('',(3.079911940322,1.272342301711));
#1541 = CARTESIAN_POINT('',(3.169713750514,1.272418137761));
#1542 = CARTESIAN_POINT('',(3.259889447899,1.274857078342));
#1543 = CARTESIAN_POINT('',(3.441834012722,1.284190604392));
#1544 = CARTESIAN_POINT('',(3.533511220948,1.291064071696));
#1545 = CARTESIAN_POINT('',(3.626690919784,1.3000240052));
#1546 = CARTESIAN_POINT('',(3.721956021562,1.310848718629));
#1547 = CARTESIAN_POINT('',(3.819892762758,1.323193489852));
#1548 = CARTESIAN_POINT('',(3.921117261615,1.336520638066));
#1549 = CARTESIAN_POINT('',(4.026327898496,1.350038082706));
#1550 = CARTESIAN_POINT('',(4.25490268802,1.376312964601));
#1551 = CARTESIAN_POINT('',(4.383427576098,1.389439128468));
#1552 = CARTESIAN_POINT('',(4.517406756503,1.399892776383));
#1553 = CARTESIAN_POINT('',(4.654120828438,1.405378478592));
#1554 = CARTESIAN_POINT('',(4.791440409985,1.404391621858));
#1555 = CARTESIAN_POINT('',(4.927327574605,1.397550780697));
#1556 = CARTESIAN_POINT('',(5.059356556753,1.386729832037));
#1557 = CARTESIAN_POINT('',(5.344218153902,1.357740677476));
#1558 = CARTESIAN_POINT('',(5.494016583562,1.338129115826));
#1559 = CARTESIAN_POINT('',(5.635844421553,1.31855225097));
#1560 = CARTESIAN_POINT('',(5.771462011544,1.301398625497));
#1561 = CARTESIAN_POINT('',(5.902467981915,1.287899048046));
#1562 = CARTESIAN_POINT('',(6.030327316821,1.278700182692));
#1563 = CARTESIAN_POINT('',(6.156606180434,1.274080226405));
#1564 = CARTESIAN_POINT('',(6.28318530718,1.274080226405));
#1565 = ( GEOMETRIC_REPRESENTATION_CONTEXT(2) 
PARAMETRIC_REPRESENTATION_CONTEXT() REPRESENTATION_CONTEXT('2D SPACE',''
  ) );
#1566 = FACE_BOUND('',#1567,.T.);
#1567 = EDGE_LOOP('',(#1568));
#1568 = ORIENTED_EDGE('',*,*,#1569,.F.);
#1569 = EDGE_CURVE('',#1570,#1570,#1572,.T.);
#1570 = VERTEX_POINT('',#1571);
#1571 = CARTESIAN_POINT('',(29.394659732711,-4.5,20.435116324556));
#1572 = SURFACE_CURVE('',#1573,(#1632,#1694),.PCURVE_S1.);
#1573 = B_SPLINE_CURVE_WITH_KNOTS('',8,(#1574,#1575,#1576,#1577,#1578,
    #1579,#1580,#1581,#1582,#1583,#1584,#1585,#1586,#1587,#1588,#1589,
    #1590,#1591,#1592,#1593,#1594,#1595,#1596,#1597,#1598,#1599,#1600,
    #1601,#1602,#1603,#1604,#1605,#1606,#1607,#1608,#1609,#1610,#1611,
    #1612,#1613,#1614,#1615,#1616,#1617,#1618,#1619,#1620,#1621,#1622,
    #1623,#1624,#1625,#1626,#1627,#1628,#1629,#1630,#1631),
  .UNSPECIFIED.,.T.,.F.,(9,7,7,7,7,7,7,7,9),(0.,0.10889146203,
    0.214965346609,0.30293596741,0.409408244035,0.542019794825,
    0.67413538727,0.816294339842,1.),.UNSPECIFIED.);
#1574 = CARTESIAN_POINT('',(29.394659732711,-4.5,20.435116324556));
#1575 = CARTESIAN_POINT('',(29.394659732711,-4.735619789444,
    20.435116324556));
#1576 = CARTESIAN_POINT('',(29.406774182996,-4.971242887987,
    20.417690269348));
#1577 = CARTESIAN_POINT('',(29.431005529398,-5.204647523604,
    20.382835380167));
#1578 = CARTESIAN_POINT('',(29.467128753071,-5.43361709501,
    20.330750684113));
#1579 = CARTESIAN_POINT('',(29.514702543533,-5.655986586532,
    20.261824534276));
#1580 = CARTESIAN_POINT('',(29.573085792794,-5.869680512812,
    20.176630930463));
#1581 = CARTESIAN_POINT('',(29.641459410586,-6.072742393347,
    20.075934640545));
#1582 = CARTESIAN_POINT('',(29.794244931965,-6.449036980596,
    19.848457179557));
#1583 = CARTESIAN_POINT('',(29.880472882395,-6.628514765913,
    19.719028294805));
#1584 = CARTESIAN_POINT('',(29.97756370228,-6.798909196268,
    19.571829178224));
#1585 = CARTESIAN_POINT('',(30.085284165818,-6.957126449361,
    19.406518767748));
#1586 = CARTESIAN_POINT('',(30.203135200074,-7.099850187568,
    19.223024731614));
#1587 = CARTESIAN_POINT('',(30.330338862137,-7.223513951571,
    19.021595027393));
#1588 = CARTESIAN_POINT('',(30.465820482243,-7.324245930117,
    18.802902064034));
#1589 = CARTESIAN_POINT('',(30.726258018047,-7.458759651979,
    18.373592167607));
#1590 = CARTESIAN_POINT('',(30.845739598427,-7.499316082192,
    18.173447054367));
#1591 = CARTESIAN_POINT('',(30.965394472679,-7.518866811373,
    17.969559610796));
#1592 = CARTESIAN_POINT('',(31.084027440354,-7.517112200961,
    17.763792271174));
#1593 = CARTESIAN_POINT('',(31.200514409622,-7.494030425155,
    17.558074357332));
#1594 = CARTESIAN_POINT('',(31.313822025671,-7.449875781385,
    17.354373307203));
#1595 = CARTESIAN_POINT('',(31.423018817557,-7.385177818044,
    17.154658741494));
#1596 = CARTESIAN_POINT('',(31.653464286654,-7.198546360231,
    16.726300827618));
#1597 = CARTESIAN_POINT('',(31.767710675962,-7.071249397611,
    16.509156516289));
#1598 = CARTESIAN_POINT('',(31.870118510797,-6.92354420577,
    16.310556934925));
#1599 = CARTESIAN_POINT('',(31.961072357975,-6.759404483531,
    16.131052587262));
#1600 = CARTESIAN_POINT('',(32.041082551525,-6.582236702458,
    15.970779780692));
#1601 = CARTESIAN_POINT('',(32.110702732893,-6.394981873541,
    15.829582097975));
#1602 = CARTESIAN_POINT('',(32.170492613691,-6.200178622039,
    15.70709498517));
#1603 = CARTESIAN_POINT('',(32.283898849817,-5.750676905341,
    15.472902294993));
#1604 = CARTESIAN_POINT('',(32.332701155823,-5.491806258167,
    15.370595996797));
#1605 = CARTESIAN_POINT('',(32.368428606144,-5.226564247786,
    15.294910685174));
#1606 = CARTESIAN_POINT('',(32.391811185863,-4.957334085297,
    15.245062570895));
#1607 = CARTESIAN_POINT('',(32.40329779467,-4.686010930617,
    15.220526489692));
#1608 = CARTESIAN_POINT('',(32.403060051057,-4.414255116467,
    15.221089946851));
#1609 = CARTESIAN_POINT('',(32.390978362047,-4.14371801934,
    15.246893926577));
#1610 = CARTESIAN_POINT('',(32.342318828801,-3.609812092455,
    15.34984176282));
#1611 = CARTESIAN_POINT('',(32.305854696216,-3.346667041963,
    15.426746427085));
#1612 = CARTESIAN_POINT('',(32.256793812932,-3.088540603344,
    15.529642237895));
#1613 = CARTESIAN_POINT('',(32.194380080087,-2.837653136371,
    15.659395420223));
#1614 = CARTESIAN_POINT('',(32.117605828341,-2.597017000272,
    15.817061866788));
#1615 = CARTESIAN_POINT('',(32.025239418686,-2.370648747044,
    16.003699479242));
#1616 = CARTESIAN_POINT('',(31.915909219614,-2.163886539965,
    16.220099826976));
#1617 = CARTESIAN_POINT('',(31.651115510442,-1.790414279389,
    16.731285748886));
#1618 = CARTESIAN_POINT('',(31.487695277042,-1.620774631758,
    17.040590223853));
#1619 = CARTESIAN_POINT('',(31.3012763281,-1.498704965905,
    17.384384610742));
#1620 = CARTESIAN_POINT('',(31.097703888197,-1.439178402298,
    17.747953824096));
#1621 = CARTESIAN_POINT('',(30.885473048619,-1.448655927868,
    18.113574707707));
#1622 = CARTESIAN_POINT('',(30.675167828659,-1.525084476328,
    18.464152351455));
#1623 = CARTESIAN_POINT('',(30.47732124087,-1.657726429151,
    18.785190796289));
#1624 = CARTESIAN_POINT('',(30.07149558596,-2.045699804065,
    19.430123140729));
#1625 = CARTESIAN_POINT('',(29.874377003564,-2.32850143638,
    19.732319416025));
#1626 = CARTESIAN_POINT('',(29.711713693753,-2.652123779613,
    19.974906806285));
#1627 = CARTESIAN_POINT('',(29.583550564466,-3.001764709498,
    20.162584603104));
#1628 = CARTESIAN_POINT('',(29.488801384074,-3.36710533128,
    20.299695845698));
#1629 = CARTESIAN_POINT('',(29.426127038057,-3.741429009037,
    20.389853265199));
#1630 = CARTESIAN_POINT('',(29.394659732711,-4.120262617193,
    20.435116324556));
#1631 = CARTESIAN_POINT('',(29.394659732711,-4.5,20.435116324556));
#1632 = PCURVE('',#639,#1633);
#1633 = DEFINITIONAL_REPRESENTATION('',(#1634),#1693);
#1634 = B_SPLINE_CURVE_WITH_KNOTS('',8,(#1635,#1636,#1637,#1638,#1639,
    #1640,#1641,#1642,#1643,#1644,#1645,#1646,#1647,#1648,#1649,#1650,
    #1651,#1652,#1653,#1654,#1655,#1656,#1657,#1658,#1659,#1660,#1661,
    #1662,#1663,#1664,#1665,#1666,#1667,#1668,#1669,#1670,#1671,#1672,
    #1673,#1674,#1675,#1676,#1677,#1678,#1679,#1680,#1681,#1682,#1683,
    #1684,#1685,#1686,#1687,#1688,#1689,#1690,#1691,#1692),
  .UNSPECIFIED.,.F.,.F.,(9,7,7,7,7,7,7,7,9),(0.,0.10889146203,
    0.214965346609,0.30293596741,0.409408244035,0.542019794825,
    0.67413538727,0.816294339842,1.),.UNSPECIFIED.);
#1635 = CARTESIAN_POINT('',(2.150124172492,-4.));
#1636 = CARTESIAN_POINT('',(2.150124172492,-4.235619789444));
#1637 = CARTESIAN_POINT('',(2.150717000553,-4.471242887987));
#1638 = CARTESIAN_POINT('',(2.151902762912,-4.704647523604));
#1639 = CARTESIAN_POINT('',(2.153673301557,-4.93361709501));
#1640 = CARTESIAN_POINT('',(2.156012674597,-5.155986586532));
#1641 = CARTESIAN_POINT('',(2.158897528477,-5.369680512812));
#1642 = CARTESIAN_POINT('',(2.162297362047,-5.572742393347));
#1643 = CARTESIAN_POINT('',(2.169951676884,-5.949036980596));
#1644 = CARTESIAN_POINT('',(2.174295836799,-6.128514765913));
#1645 = CARTESIAN_POINT('',(2.179221318169,-6.298909196268));
#1646 = CARTESIAN_POINT('',(2.184732587554,-6.457126449361));
#1647 = CARTESIAN_POINT('',(2.190823906199,-6.599850187568));
#1648 = CARTESIAN_POINT('',(2.197478056883,-6.723513951571));
#1649 = CARTESIAN_POINT('',(2.204663731213,-6.824245930117));
#1650 = CARTESIAN_POINT('',(2.218689713326,-6.958759651979));
#1651 = CARTESIAN_POINT('',(2.225200622211,-6.999316082192));
#1652 = CARTESIAN_POINT('',(2.231803803454,-7.018866811373));
#1653 = CARTESIAN_POINT('',(2.238437942877,-7.017112200961));
#1654 = CARTESIAN_POINT('',(2.245041153493,-6.994030425155));
#1655 = CARTESIAN_POINT('',(2.251551861365,-6.949875781385));
#1656 = CARTESIAN_POINT('',(2.257909754101,-6.885177818044));
#1657 = CARTESIAN_POINT('',(2.27149665227,-6.698546360231));
#1658 = CARTESIAN_POINT('',(2.278350125565,-6.571249397611));
#1659 = CARTESIAN_POINT('',(2.284591375352,-6.42354420577));
#1660 = CARTESIAN_POINT('',(2.290212154226,-6.259404483531));
#1661 = CARTESIAN_POINT('',(2.295215768744,-6.082236702458));
#1662 = CARTESIAN_POINT('',(2.29961315349,-5.894981873541));
#1663 = CARTESIAN_POINT('',(2.303420421433,-5.700178622039));
#1664 = CARTESIAN_POINT('',(2.310688746963,-5.250676905341));
#1665 = CARTESIAN_POINT('',(2.313854896466,-4.991806258167));
#1666 = CARTESIAN_POINT('',(2.316192706639,-4.726564247786));
#1667 = CARTESIAN_POINT('',(2.317730693393,-4.457334085297));
#1668 = CARTESIAN_POINT('',(2.318487445613,-4.186010930617));
#1669 = CARTESIAN_POINT('',(2.318470373134,-3.914255116467));
#1670 = CARTESIAN_POINT('',(2.317674503159,-3.64371801934));
#1671 = CARTESIAN_POINT('',(2.314493822252,-3.109812092455));
#1672 = CARTESIAN_POINT('',(2.312116408509,-2.846667041963));
#1673 = CARTESIAN_POINT('',(2.308932246291,-2.588540603344));
#1674 = CARTESIAN_POINT('',(2.304910396878,-2.337653136371));
#1675 = CARTESIAN_POINT('',(2.300012059229,-2.097017000272));
#1676 = CARTESIAN_POINT('',(2.294195487882,-1.870648747044));
#1677 = CARTESIAN_POINT('',(2.287423477686,-1.663886539965));
#1678 = CARTESIAN_POINT('',(2.271342562706,-1.290414279389));
#1679 = CARTESIAN_POINT('',(2.261571327891,-1.120774631758));
#1680 = CARTESIAN_POINT('',(2.250648230435,-0.998704965905));
#1681 = CARTESIAN_POINT('',(2.239011389899,-0.939178402298));
#1682 = CARTESIAN_POINT('',(2.227205259875,-0.948655927868));
#1683 = CARTESIAN_POINT('',(2.215787066572,-1.025084476328));
#1684 = CARTESIAN_POINT('',(2.205253846806,-1.157726429151));
#1685 = CARTESIAN_POINT('',(2.183969147049,-1.545699804065));
#1686 = CARTESIAN_POINT('',(2.17389221531,-1.82850143638));
#1687 = CARTESIAN_POINT('',(2.165734476307,-2.152123779613));
#1688 = CARTESIAN_POINT('',(2.159386487272,-2.501764709498));
#1689 = CARTESIAN_POINT('',(2.154731119015,-2.86710533128));
#1690 = CARTESIAN_POINT('',(2.151664018009,-3.241429009037));
#1691 = CARTESIAN_POINT('',(2.150124172492,-3.620262617193));
#1692 = CARTESIAN_POINT('',(2.150124172492,-4.));
#1693 = ( GEOMETRIC_REPRESENTATION_CONTEXT(2) 
PARAMETRIC_REPRESENTATION_CONTEXT() REPRESENTATION_CONTEXT('2D SPACE',''
  ) );
#1694 = PCURVE('',#1695,#1700);
#1695 = CYLINDRICAL_SURFACE('',#1696,3.);
#1696 = AXIS2_PLACEMENT_3D('',#1697,#1698,#1699);
#1697 = CARTESIAN_POINT('',(29.791273890185,-4.5,17.2));
#1698 = DIRECTION('',(0.866025403784,0.,0.5));
#1699 = DIRECTION('',(-0.5,0.,0.866025403784));
#1700 = DEFINITIONAL_REPRESENTATION('',(#1701),#1760);
#1701 = B_SPLINE_CURVE_WITH_KNOTS('',8,(#1702,#1703,#1704,#1705,#1706,
    #1707,#1708,#1709,#1710,#1711,#1712,#1713,#1714,#1715,#1716,#1717,
    #1718,#1719,#1720,#1721,#1722,#1723,#1724,#1725,#1726,#1727,#1728,
    #1729,#1730,#1731,#1732,#1733,#1734,#1735,#1736,#1737,#1738,#1739,
    #1740,#1741,#1742,#1743,#1744,#1745,#1746,#1747,#1748,#1749,#1750,
    #1751,#1752,#1753,#1754,#1755,#1756,#1757,#1758,#1759),
  .UNSPECIFIED.,.F.,.F.,(9,7,7,7,7,7,7,7,9),(0.,0.10889146203,
    0.214965346609,0.30293596741,0.409408244035,0.542019794825,
    0.67413538727,0.816294339842,1.),.UNSPECIFIED.);
#1702 = CARTESIAN_POINT('',(0.,1.274080226405));
#1703 = CARTESIAN_POINT('',(7.853992981455E-02,1.274080226405));
#1704 = CARTESIAN_POINT('',(0.157080837786,1.275858620501));
#1705 = CARTESIAN_POINT('',(0.235620913148,1.279416137463));
#1706 = CARTESIAN_POINT('',(0.31415888486,1.284657418803));
#1707 = CARTESIAN_POINT('',(0.392696466001,1.291394454978));
#1708 = CARTESIAN_POINT('',(0.471237171012,1.299359030088));
#1709 = CARTESIAN_POINT('',(0.549781505804,1.308224175085));
#1710 = CARTESIAN_POINT('',(0.704823402272,1.326801587436));
#1711 = CARTESIAN_POINT('',(0.783632099638,1.336762740648));
#1712 = CARTESIAN_POINT('',(0.86475354009,1.347246298853));
#1713 = CARTESIAN_POINT('',(0.948241814686,1.357879751546));
#1714 = CARTESIAN_POINT('',(1.034206884859,1.368194723007));
#1715 = CARTESIAN_POINT('',(1.12281408352,1.377641473698));
#1716 = CARTESIAN_POINT('',(1.214295576349,1.385625516776));
#1717 = CARTESIAN_POINT('',(1.387535946931,1.396516090667));
#1718 = CARTESIAN_POINT('',(1.466078078636,1.399917617941));
#1719 = CARTESIAN_POINT('',(1.544617863642,1.401598056945));
#1720 = CARTESIAN_POINT('',(1.623155616636,1.401453550866));
#1721 = CARTESIAN_POINT('',(1.70169397103,1.399475268541));
#1722 = CARTESIAN_POINT('',(1.780234930642,1.395752017417));
#1723 = CARTESIAN_POINT('',(1.858777439495,1.390461930348));
#1724 = CARTESIAN_POINT('',(2.032371328169,1.375854603835));
#1725 = CARTESIAN_POINT('',(2.123874914807,1.366222723601));
#1726 = CARTESIAN_POINT('',(2.212284551055,1.355610719433));
#1727 = CARTESIAN_POINT('',(2.297937784212,1.34462688783));
#1728 = CARTESIAN_POINT('',(2.381113229183,1.333781344721));
#1729 = CARTESIAN_POINT('',(2.462048399467,1.323475349044));
#1730 = CARTESIAN_POINT('',(2.540945090445,1.314011348301));
#1731 = CARTESIAN_POINT('',(2.713958381869,1.295127684645));
#1732 = CARTESIAN_POINT('',(2.807521438449,1.286238572312));
#1733 = CARTESIAN_POINT('',(2.899338137132,1.27933679609));
#1734 = CARTESIAN_POINT('',(2.98995965071,1.274662646994));
#1735 = CARTESIAN_POINT('',(3.079911940375,1.272342301422));
#1736 = CARTESIAN_POINT('',(3.16971375345,1.272418137993));
#1737 = CARTESIAN_POINT('',(3.259889446175,1.274857078253));
#1738 = CARTESIAN_POINT('',(3.441834013806,1.284190604448));
#1739 = CARTESIAN_POINT('',(3.53351121745,1.291064071435));
#1740 = CARTESIAN_POINT('',(3.626690923836,1.300024005583));
#1741 = CARTESIAN_POINT('',(3.721956021375,1.310848718558));
#1742 = CARTESIAN_POINT('',(3.819892758714,1.323193489472));
#1743 = CARTESIAN_POINT('',(3.92111726552,1.336520638482));
#1744 = CARTESIAN_POINT('',(4.026327897155,1.350038082551));
#1745 = CARTESIAN_POINT('',(4.254902688019,1.376312964601));
#1746 = CARTESIAN_POINT('',(4.383427576099,1.389439128468));
#1747 = CARTESIAN_POINT('',(4.517406756502,1.399892776382));
#1748 = CARTESIAN_POINT('',(4.654120828437,1.405378478593));
#1749 = CARTESIAN_POINT('',(4.791440409987,1.404391621857));
#1750 = CARTESIAN_POINT('',(4.927327574603,1.397550780698));
#1751 = CARTESIAN_POINT('',(5.059356556754,1.386729832037));
#1752 = CARTESIAN_POINT('',(5.34421815271,1.357740677597));
#1753 = CARTESIAN_POINT('',(5.494016588796,1.338129115332));
#1754 = CARTESIAN_POINT('',(5.635844410581,1.318552251902));
#1755 = CARTESIAN_POINT('',(5.771462024958,1.301398624521));
#1756 = CARTESIAN_POINT('',(5.902467971964,1.287899048611));
#1757 = CARTESIAN_POINT('',(6.030327321093,1.278700182545));
#1758 = CARTESIAN_POINT('',(6.156606179577,1.274080226405));
#1759 = CARTESIAN_POINT('',(6.28318530718,1.274080226405));
#1760 = ( GEOMETRIC_REPRESENTATION_CONTEXT(2) 
PARAMETRIC_REPRESENTATION_CONTEXT() REPRESENTATION_CONTEXT('2D SPACE',''
  ) );
#1761 = ADVANCED_FACE('',(#1762),#666,.F.);
#1762 = FACE_BOUND('',#1763,.F.);
#1763 = EDGE_LOOP('',(#1764,#1794,#1822,#1850,#1878,#1906,#1934,#1955,
    #1956,#1957));
#1764 = ORIENTED_EDGE('',*,*,#1765,.F.);
#1765 = EDGE_CURVE('',#1766,#1768,#1770,.T.);
#1766 = VERTEX_POINT('',#1767);
#1767 = CARTESIAN_POINT('',(-12.,2.7,53.8));
#1768 = VERTEX_POINT('',#1769);
#1769 = CARTESIAN_POINT('',(-12.,2.7,32.8));
#1770 = SURFACE_CURVE('',#1771,(#1775,#1782),.PCURVE_S1.);
#1771 = LINE('',#1772,#1773);
#1772 = CARTESIAN_POINT('',(-12.,2.7,53.8));
#1773 = VECTOR('',#1774,1.);
#1774 = DIRECTION('',(0.,2.114710523096E-17,-1.));
#1775 = PCURVE('',#666,#1776);
#1776 = DEFINITIONAL_REPRESENTATION('',(#1777),#1781);
#1777 = LINE('',#1778,#1779);
#1778 = CARTESIAN_POINT('',(21.,-11.2));
#1779 = VECTOR('',#1780,1.);
#1780 = DIRECTION('',(-1.,-2.114710523096E-17));
#1781 = ( GEOMETRIC_REPRESENTATION_CONTEXT(2) 
PARAMETRIC_REPRESENTATION_CONTEXT() REPRESENTATION_CONTEXT('2D SPACE',''
  ) );
#1782 = PCURVE('',#1783,#1788);
#1783 = CYLINDRICAL_SURFACE('',#1784,0.8);
#1784 = AXIS2_PLACEMENT_3D('',#1785,#1786,#1787);
#1785 = CARTESIAN_POINT('',(-11.2,2.7,32.8));
#1786 = DIRECTION('',(0.,0.,1.));
#1787 = DIRECTION('',(-1.,-0.,0.));
#1788 = DEFINITIONAL_REPRESENTATION('',(#1789),#1793);
#1789 = LINE('',#1790,#1791);
#1790 = CARTESIAN_POINT('',(-0.,21.));
#1791 = VECTOR('',#1792,1.);
#1792 = DIRECTION('',(-0.,-1.));
#1793 = ( GEOMETRIC_REPRESENTATION_CONTEXT(2) 
PARAMETRIC_REPRESENTATION_CONTEXT() REPRESENTATION_CONTEXT('2D SPACE',''
  ) );
#1794 = ORIENTED_EDGE('',*,*,#1795,.T.);
#1795 = EDGE_CURVE('',#1766,#1796,#1798,.T.);
#1796 = VERTEX_POINT('',#1797);
#1797 = CARTESIAN_POINT('',(-12.,10.,53.8));
#1798 = SURFACE_CURVE('',#1799,(#1803,#1810),.PCURVE_S1.);
#1799 = LINE('',#1800,#1801);
#1800 = CARTESIAN_POINT('',(-12.,-6.,53.8));
#1801 = VECTOR('',#1802,1.);
#1802 = DIRECTION('',(0.,1.,0.));
#1803 = PCURVE('',#666,#1804);
#1804 = DEFINITIONAL_REPRESENTATION('',(#1805),#1809);
#1805 = LINE('',#1806,#1807);
#1806 = CARTESIAN_POINT('',(21.,-2.5));
#1807 = VECTOR('',#1808,1.);
#1808 = DIRECTION('',(0.,-1.));
#1809 = ( GEOMETRIC_REPRESENTATION_CONTEXT(2) 
PARAMETRIC_REPRESENTATION_CONTEXT() REPRESENTATION_CONTEXT('2D SPACE',''
  ) );
#1810 = PCURVE('',#1811,#1816);
#1811 = PLANE('',#1812);
#1812 = AXIS2_PLACEMENT_3D('',#1813,#1814,#1815);
#1813 = CARTESIAN_POINT('',(-20.,10.,53.8));
#1814 = DIRECTION('',(0.,0.,1.));
#1815 = DIRECTION('',(1.,0.,0.));
#1816 = DEFINITIONAL_REPRESENTATION('',(#1817),#1821);
#1817 = LINE('',#1818,#1819);
#1818 = CARTESIAN_POINT('',(8.,-16.));
#1819 = VECTOR('',#1820,1.);
#1820 = DIRECTION('',(0.,1.));
#1821 = ( GEOMETRIC_REPRESENTATION_CONTEXT(2) 
PARAMETRIC_REPRESENTATION_CONTEXT() REPRESENTATION_CONTEXT('2D SPACE',''
  ) );
#1822 = ORIENTED_EDGE('',*,*,#1823,.F.);
#1823 = EDGE_CURVE('',#1824,#1796,#1826,.T.);
#1824 = VERTEX_POINT('',#1825);
#1825 = CARTESIAN_POINT('',(-12.,10.,57.8));
#1826 = SURFACE_CURVE('',#1827,(#1831,#1838),.PCURVE_S1.);
#1827 = LINE('',#1828,#1829);
#1828 = CARTESIAN_POINT('',(-12.,10.,53.8));
#1829 = VECTOR('',#1830,1.);
#1830 = DIRECTION('',(0.,0.,-1.));
#1831 = PCURVE('',#666,#1832);
#1832 = DEFINITIONAL_REPRESENTATION('',(#1833),#1837);
#1833 = LINE('',#1834,#1835);
#1834 = CARTESIAN_POINT('',(21.,-18.5));
#1835 = VECTOR('',#1836,1.);
#1836 = DIRECTION('',(-1.,0.));
#1837 = ( GEOMETRIC_REPRESENTATION_CONTEXT(2) 
PARAMETRIC_REPRESENTATION_CONTEXT() REPRESENTATION_CONTEXT('2D SPACE',''
  ) );
#1838 = PCURVE('',#1839,#1844);
#1839 = PLANE('',#1840);
#1840 = AXIS2_PLACEMENT_3D('',#1841,#1842,#1843);
#1841 = CARTESIAN_POINT('',(-20.,10.,53.8));
#1842 = DIRECTION('',(0.,1.,0.));
#1843 = DIRECTION('',(0.,0.,1.));
#1844 = DEFINITIONAL_REPRESENTATION('',(#1845),#1849);
#1845 = LINE('',#1846,#1847);
#1846 = CARTESIAN_POINT('',(0.,8.));
#1847 = VECTOR('',#1848,1.);
#1848 = DIRECTION('',(-1.,0.));
#1849 = ( GEOMETRIC_REPRESENTATION_CONTEXT(2) 
PARAMETRIC_REPRESENTATION_CONTEXT() REPRESENTATION_CONTEXT('2D SPACE',''
  ) );
#1850 = ORIENTED_EDGE('',*,*,#1851,.F.);
#1851 = EDGE_CURVE('',#1852,#1824,#1854,.T.);
#1852 = VERTEX_POINT('',#1853);
#1853 = CARTESIAN_POINT('',(-12.,-6.,57.8));
#1854 = SURFACE_CURVE('',#1855,(#1859,#1866),.PCURVE_S1.);
#1855 = LINE('',#1856,#1857);
#1856 = CARTESIAN_POINT('',(-12.,-6.,57.8));
#1857 = VECTOR('',#1858,1.);
#1858 = DIRECTION('',(0.,1.,0.));
#1859 = PCURVE('',#666,#1860);
#1860 = DEFINITIONAL_REPRESENTATION('',(#1861),#1865);
#1861 = LINE('',#1862,#1863);
#1862 = CARTESIAN_POINT('',(25.,-2.5));
#1863 = VECTOR('',#1864,1.);
#1864 = DIRECTION('',(0.,-1.));
#1865 = ( GEOMETRIC_REPRESENTATION_CONTEXT(2) 
PARAMETRIC_REPRESENTATION_CONTEXT() REPRESENTATION_CONTEXT('2D SPACE',''
  ) );
#1866 = PCURVE('',#1867,#1872);
#1867 = PLANE('',#1868);
#1868 = AXIS2_PLACEMENT_3D('',#1869,#1870,#1871);
#1869 = CARTESIAN_POINT('',(-20.,10.,57.8));
#1870 = DIRECTION('',(0.,0.,1.));
#1871 = DIRECTION('',(1.,0.,0.));
#1872 = DEFINITIONAL_REPRESENTATION('',(#1873),#1877);
#1873 = LINE('',#1874,#1875);
#1874 = CARTESIAN_POINT('',(8.,-16.));
#1875 = VECTOR('',#1876,1.);
#1876 = DIRECTION('',(0.,1.));
#1877 = ( GEOMETRIC_REPRESENTATION_CONTEXT(2) 
PARAMETRIC_REPRESENTATION_CONTEXT() REPRESENTATION_CONTEXT('2D SPACE',''
  ) );
#1878 = ORIENTED_EDGE('',*,*,#1879,.F.);
#1879 = EDGE_CURVE('',#1880,#1852,#1882,.T.);
#1880 = VERTEX_POINT('',#1881);
#1881 = CARTESIAN_POINT('',(-12.,-6.,55.8));
#1882 = SURFACE_CURVE('',#1883,(#1887,#1894),.PCURVE_S1.);
#1883 = LINE('',#1884,#1885);
#1884 = CARTESIAN_POINT('',(-12.,-6.,53.8));
#1885 = VECTOR('',#1886,1.);
#1886 = DIRECTION('',(0.,0.,1.));
#1887 = PCURVE('',#666,#1888);
#1888 = DEFINITIONAL_REPRESENTATION('',(#1889),#1893);
#1889 = LINE('',#1890,#1891);
#1890 = CARTESIAN_POINT('',(21.,-2.5));
#1891 = VECTOR('',#1892,1.);
#1892 = DIRECTION('',(1.,0.));
#1893 = ( GEOMETRIC_REPRESENTATION_CONTEXT(2) 
PARAMETRIC_REPRESENTATION_CONTEXT() REPRESENTATION_CONTEXT('2D SPACE',''
  ) );
#1894 = PCURVE('',#1895,#1900);
#1895 = PLANE('',#1896);
#1896 = AXIS2_PLACEMENT_3D('',#1897,#1898,#1899);
#1897 = CARTESIAN_POINT('',(-12.,-6.,53.8));
#1898 = DIRECTION('',(0.,1.,0.));
#1899 = DIRECTION('',(0.,0.,1.));
#1900 = DEFINITIONAL_REPRESENTATION('',(#1901),#1905);
#1901 = LINE('',#1902,#1903);
#1902 = CARTESIAN_POINT('',(0.,0.));
#1903 = VECTOR('',#1904,1.);
#1904 = DIRECTION('',(1.,0.));
#1905 = ( GEOMETRIC_REPRESENTATION_CONTEXT(2) 
PARAMETRIC_REPRESENTATION_CONTEXT() REPRESENTATION_CONTEXT('2D SPACE',''
  ) );
#1906 = ORIENTED_EDGE('',*,*,#1907,.F.);
#1907 = EDGE_CURVE('',#1908,#1880,#1910,.T.);
#1908 = VERTEX_POINT('',#1909);
#1909 = CARTESIAN_POINT('',(-12.,-7.7,55.8));
#1910 = SURFACE_CURVE('',#1911,(#1915,#1922),.PCURVE_S1.);
#1911 = LINE('',#1912,#1913);
#1912 = CARTESIAN_POINT('',(-12.,-8.5,55.8));
#1913 = VECTOR('',#1914,1.);
#1914 = DIRECTION('',(-0.,1.,0.));
#1915 = PCURVE('',#666,#1916);
#1916 = DEFINITIONAL_REPRESENTATION('',(#1917),#1921);
#1917 = LINE('',#1918,#1919);
#1918 = CARTESIAN_POINT('',(23.,0.));
#1919 = VECTOR('',#1920,1.);
#1920 = DIRECTION('',(0.,-1.));
#1921 = ( GEOMETRIC_REPRESENTATION_CONTEXT(2) 
PARAMETRIC_REPRESENTATION_CONTEXT() REPRESENTATION_CONTEXT('2D SPACE',''
  ) );
#1922 = PCURVE('',#1923,#1928);
#1923 = PLANE('',#1924);
#1924 = AXIS2_PLACEMENT_3D('',#1925,#1926,#1927);
#1925 = CARTESIAN_POINT('',(-12.,-8.5,55.8));
#1926 = DIRECTION('',(0.,0.,1.));
#1927 = DIRECTION('',(1.,0.,-0.));
#1928 = DEFINITIONAL_REPRESENTATION('',(#1929),#1933);
#1929 = LINE('',#1930,#1931);
#1930 = CARTESIAN_POINT('',(0.,0.));
#1931 = VECTOR('',#1932,1.);
#1932 = DIRECTION('',(0.,1.));
#1933 = ( GEOMETRIC_REPRESENTATION_CONTEXT(2) 
PARAMETRIC_REPRESENTATION_CONTEXT() REPRESENTATION_CONTEXT('2D SPACE',''
  ) );
#1934 = ORIENTED_EDGE('',*,*,#1935,.F.);
#1935 = EDGE_CURVE('',#1313,#1908,#1936,.T.);
#1936 = SURFACE_CURVE('',#1937,(#1941,#1948),.PCURVE_S1.);
#1937 = LINE('',#1938,#1939);
#1938 = CARTESIAN_POINT('',(-12.,-7.7,33.728919342309));
#1939 = VECTOR('',#1940,1.);
#1940 = DIRECTION('',(0.,0.,1.));
#1941 = PCURVE('',#666,#1942);
#1942 = DEFINITIONAL_REPRESENTATION('',(#1943),#1947);
#1943 = LINE('',#1944,#1945);
#1944 = CARTESIAN_POINT('',(0.928919342309,-0.8));
#1945 = VECTOR('',#1946,1.);
#1946 = DIRECTION('',(1.,0.));
#1947 = ( GEOMETRIC_REPRESENTATION_CONTEXT(2) 
PARAMETRIC_REPRESENTATION_CONTEXT() REPRESENTATION_CONTEXT('2D SPACE',''
  ) );
#1948 = PCURVE('',#1350,#1949);
#1949 = DEFINITIONAL_REPRESENTATION('',(#1950),#1954);
#1950 = LINE('',#1951,#1952);
#1951 = CARTESIAN_POINT('',(0.,0.928919342309));
#1952 = VECTOR('',#1953,1.);
#1953 = DIRECTION('',(0.,1.));
#1954 = ( GEOMETRIC_REPRESENTATION_CONTEXT(2) 
PARAMETRIC_REPRESENTATION_CONTEXT() REPRESENTATION_CONTEXT('2D SPACE',''
  ) );
#1955 = ORIENTED_EDGE('',*,*,#1373,.T.);
#1956 = ORIENTED_EDGE('',*,*,#651,.T.);
#1957 = ORIENTED_EDGE('',*,*,#1958,.T.);
#1958 = EDGE_CURVE('',#652,#1768,#1959,.T.);
#1959 = SURFACE_CURVE('',#1960,(#1964,#1971),.PCURVE_S1.);
#1960 = LINE('',#1961,#1962);
#1961 = CARTESIAN_POINT('',(-12.,-8.5,32.8));
#1962 = VECTOR('',#1963,1.);
#1963 = DIRECTION('',(-0.,1.,0.));
#1964 = PCURVE('',#666,#1965);
#1965 = DEFINITIONAL_REPRESENTATION('',(#1966),#1970);
#1966 = LINE('',#1967,#1968);
#1967 = CARTESIAN_POINT('',(0.,0.));
#1968 = VECTOR('',#1969,1.);
#1969 = DIRECTION('',(0.,-1.));
#1970 = ( GEOMETRIC_REPRESENTATION_CONTEXT(2) 
PARAMETRIC_REPRESENTATION_CONTEXT() REPRESENTATION_CONTEXT('2D SPACE',''
  ) );
#1971 = PCURVE('',#693,#1972);
#1972 = DEFINITIONAL_REPRESENTATION('',(#1973),#1977);
#1973 = LINE('',#1974,#1975);
#1974 = CARTESIAN_POINT('',(0.,0.));
#1975 = VECTOR('',#1976,1.);
#1976 = DIRECTION('',(0.,1.));
#1977 = ( GEOMETRIC_REPRESENTATION_CONTEXT(2) 
PARAMETRIC_REPRESENTATION_CONTEXT() REPRESENTATION_CONTEXT('2D SPACE',''
  ) );
#1978 = ADVANCED_FACE('',(#1979),#693,.F.);
#1979 = FACE_BOUND('',#1980,.F.);
#1980 = EDGE_LOOP('',(#1981,#1982,#1983,#2006,#2035,#2063));
#1981 = ORIENTED_EDGE('',*,*,#1958,.F.);
#1982 = ORIENTED_EDGE('',*,*,#678,.T.);
#1983 = ORIENTED_EDGE('',*,*,#1984,.T.);
#1984 = EDGE_CURVE('',#679,#1985,#1987,.T.);
#1985 = VERTEX_POINT('',#1986);
#1986 = CARTESIAN_POINT('',(12.,2.7,32.8));
#1987 = SURFACE_CURVE('',#1988,(#1992,#1999),.PCURVE_S1.);
#1988 = LINE('',#1989,#1990);
#1989 = CARTESIAN_POINT('',(12.,-8.5,32.8));
#1990 = VECTOR('',#1991,1.);
#1991 = DIRECTION('',(-0.,1.,0.));
#1992 = PCURVE('',#693,#1993);
#1993 = DEFINITIONAL_REPRESENTATION('',(#1994),#1998);
#1994 = LINE('',#1995,#1996);
#1995 = CARTESIAN_POINT('',(24.,0.));
#1996 = VECTOR('',#1997,1.);
#1997 = DIRECTION('',(0.,1.));
#1998 = ( GEOMETRIC_REPRESENTATION_CONTEXT(2) 
PARAMETRIC_REPRESENTATION_CONTEXT() REPRESENTATION_CONTEXT('2D SPACE',''
  ) );
#1999 = PCURVE('',#719,#2000);
#2000 = DEFINITIONAL_REPRESENTATION('',(#2001),#2005);
#2001 = LINE('',#2002,#2003);
#2002 = CARTESIAN_POINT('',(0.,0.));
#2003 = VECTOR('',#2004,1.);
#2004 = DIRECTION('',(0.,-1.));
#2005 = ( GEOMETRIC_REPRESENTATION_CONTEXT(2) 
PARAMETRIC_REPRESENTATION_CONTEXT() REPRESENTATION_CONTEXT('2D SPACE',''
  ) );
#2006 = ORIENTED_EDGE('',*,*,#2007,.T.);
#2007 = EDGE_CURVE('',#1985,#2008,#2010,.T.);
#2008 = VERTEX_POINT('',#2009);
#2009 = CARTESIAN_POINT('',(11.2,3.5,32.8));
#2010 = SURFACE_CURVE('',#2011,(#2016,#2023),.PCURVE_S1.);
#2011 = CIRCLE('',#2012,0.8);
#2012 = AXIS2_PLACEMENT_3D('',#2013,#2014,#2015);
#2013 = CARTESIAN_POINT('',(11.2,2.7,32.8));
#2014 = DIRECTION('',(0.,0.,1.));
#2015 = DIRECTION('',(0.,-1.,0.));
#2016 = PCURVE('',#693,#2017);
#2017 = DEFINITIONAL_REPRESENTATION('',(#2018),#2022);
#2018 = CIRCLE('',#2019,0.8);
#2019 = AXIS2_PLACEMENT_2D('',#2020,#2021);
#2020 = CARTESIAN_POINT('',(23.2,11.2));
#2021 = DIRECTION('',(0.,-1.));
#2022 = ( GEOMETRIC_REPRESENTATION_CONTEXT(2) 
PARAMETRIC_REPRESENTATION_CONTEXT() REPRESENTATION_CONTEXT('2D SPACE',''
  ) );
#2023 = PCURVE('',#2024,#2029);
#2024 = CYLINDRICAL_SURFACE('',#2025,0.8);
#2025 = AXIS2_PLACEMENT_3D('',#2026,#2027,#2028);
#2026 = CARTESIAN_POINT('',(11.2,2.7,32.8));
#2027 = DIRECTION('',(0.,0.,1.));
#2028 = DIRECTION('',(1.,0.,-0.));
#2029 = DEFINITIONAL_REPRESENTATION('',(#2030),#2034);
#2030 = LINE('',#2031,#2032);
#2031 = CARTESIAN_POINT('',(-1.570796326795,0.));
#2032 = VECTOR('',#2033,1.);
#2033 = DIRECTION('',(1.,0.));
#2034 = ( GEOMETRIC_REPRESENTATION_CONTEXT(2) 
PARAMETRIC_REPRESENTATION_CONTEXT() REPRESENTATION_CONTEXT('2D SPACE',''
  ) );
#2035 = ORIENTED_EDGE('',*,*,#2036,.F.);
#2036 = EDGE_CURVE('',#2037,#2008,#2039,.T.);
#2037 = VERTEX_POINT('',#2038);
#2038 = CARTESIAN_POINT('',(-11.2,3.5,32.8));
#2039 = SURFACE_CURVE('',#2040,(#2044,#2051),.PCURVE_S1.);
#2040 = LINE('',#2041,#2042);
#2041 = CARTESIAN_POINT('',(-12.,3.5,32.8));
#2042 = VECTOR('',#2043,1.);
#2043 = DIRECTION('',(1.,0.,-0.));
#2044 = PCURVE('',#693,#2045);
#2045 = DEFINITIONAL_REPRESENTATION('',(#2046),#2050);
#2046 = LINE('',#2047,#2048);
#2047 = CARTESIAN_POINT('',(0.,12.));
#2048 = VECTOR('',#2049,1.);
#2049 = DIRECTION('',(1.,0.));
#2050 = ( GEOMETRIC_REPRESENTATION_CONTEXT(2) 
PARAMETRIC_REPRESENTATION_CONTEXT() REPRESENTATION_CONTEXT('2D SPACE',''
  ) );
#2051 = PCURVE('',#2052,#2057);
#2052 = PLANE('',#2053);
#2053 = AXIS2_PLACEMENT_3D('',#2054,#2055,#2056);
#2054 = CARTESIAN_POINT('',(-12.,3.5,32.8));
#2055 = DIRECTION('',(-0.,1.,0.));
#2056 = DIRECTION('',(0.,0.,1.));
#2057 = DEFINITIONAL_REPRESENTATION('',(#2058),#2062);
#2058 = LINE('',#2059,#2060);
#2059 = CARTESIAN_POINT('',(0.,0.));
#2060 = VECTOR('',#2061,1.);
#2061 = DIRECTION('',(0.,1.));
#2062 = ( GEOMETRIC_REPRESENTATION_CONTEXT(2) 
PARAMETRIC_REPRESENTATION_CONTEXT() REPRESENTATION_CONTEXT('2D SPACE',''
  ) );
#2063 = ORIENTED_EDGE('',*,*,#2064,.F.);
#2064 = EDGE_CURVE('',#1768,#2037,#2065,.T.);
#2065 = SURFACE_CURVE('',#2066,(#2071,#2082),.PCURVE_S1.);
#2066 = CIRCLE('',#2067,0.8);
#2067 = AXIS2_PLACEMENT_3D('',#2068,#2069,#2070);
#2068 = CARTESIAN_POINT('',(-11.2,2.7,32.8));
#2069 = DIRECTION('',(-0.,-0.,-1.));
#2070 = DIRECTION('',(0.,-1.,0.));
#2071 = PCURVE('',#693,#2072);
#2072 = DEFINITIONAL_REPRESENTATION('',(#2073),#2081);
#2073 = ( BOUNDED_CURVE() B_SPLINE_CURVE(2,(#2074,#2075,#2076,#2077,
#2078,#2079,#2080),.UNSPECIFIED.,.T.,.F.) B_SPLINE_CURVE_WITH_KNOTS((1,2
    ,2,2,2,1),(-2.094395102393,0.,2.094395102393,4.188790204786,
6.28318530718,8.377580409573),.UNSPECIFIED.) CURVE() 
GEOMETRIC_REPRESENTATION_ITEM() RATIONAL_B_SPLINE_CURVE((1.,0.5,1.,0.5,
1.,0.5,1.)) REPRESENTATION_ITEM('') );
#2074 = CARTESIAN_POINT('',(0.8,10.4));
#2075 = CARTESIAN_POINT('',(-0.585640646055,10.4));
#2076 = CARTESIAN_POINT('',(0.107179676972,11.6));
#2077 = CARTESIAN_POINT('',(0.8,12.8));
#2078 = CARTESIAN_POINT('',(1.492820323028,11.6));
#2079 = CARTESIAN_POINT('',(2.185640646055,10.4));
#2080 = CARTESIAN_POINT('',(0.8,10.4));
#2081 = ( GEOMETRIC_REPRESENTATION_CONTEXT(2) 
PARAMETRIC_REPRESENTATION_CONTEXT() REPRESENTATION_CONTEXT('2D SPACE',''
  ) );
#2082 = PCURVE('',#1783,#2083);
#2083 = DEFINITIONAL_REPRESENTATION('',(#2084),#2088);
#2084 = LINE('',#2085,#2086);
#2085 = CARTESIAN_POINT('',(1.570796326795,-0.));
#2086 = VECTOR('',#2087,1.);
#2087 = DIRECTION('',(-1.,0.));
#2088 = ( GEOMETRIC_REPRESENTATION_CONTEXT(2) 
PARAMETRIC_REPRESENTATION_CONTEXT() REPRESENTATION_CONTEXT('2D SPACE',''
  ) );
#2089 = ADVANCED_FACE('',(#2090),#719,.T.);
#2090 = FACE_BOUND('',#2091,.T.);
#2091 = EDGE_LOOP('',(#2092,#2115,#2138,#2166,#2189,#2212,#2235,#2256,
    #2257,#2258));
#2092 = ORIENTED_EDGE('',*,*,#2093,.T.);
#2093 = EDGE_CURVE('',#1985,#2094,#2096,.T.);
#2094 = VERTEX_POINT('',#2095);
#2095 = CARTESIAN_POINT('',(12.,2.7,53.8));
#2096 = SURFACE_CURVE('',#2097,(#2101,#2108),.PCURVE_S1.);
#2097 = LINE('',#2098,#2099);
#2098 = CARTESIAN_POINT('',(12.,2.7,32.8));
#2099 = VECTOR('',#2100,1.);
#2100 = DIRECTION('',(0.,-2.114710523096E-17,1.));
#2101 = PCURVE('',#719,#2102);
#2102 = DEFINITIONAL_REPRESENTATION('',(#2103),#2107);
#2103 = LINE('',#2104,#2105);
#2104 = CARTESIAN_POINT('',(0.,-11.2));
#2105 = VECTOR('',#2106,1.);
#2106 = DIRECTION('',(1.,2.114710523096E-17));
#2107 = ( GEOMETRIC_REPRESENTATION_CONTEXT(2) 
PARAMETRIC_REPRESENTATION_CONTEXT() REPRESENTATION_CONTEXT('2D SPACE',''
  ) );
#2108 = PCURVE('',#2024,#2109);
#2109 = DEFINITIONAL_REPRESENTATION('',(#2110),#2114);
#2110 = LINE('',#2111,#2112);
#2111 = CARTESIAN_POINT('',(0.,0.));
#2112 = VECTOR('',#2113,1.);
#2113 = DIRECTION('',(0.,1.));
#2114 = ( GEOMETRIC_REPRESENTATION_CONTEXT(2) 
PARAMETRIC_REPRESENTATION_CONTEXT() REPRESENTATION_CONTEXT('2D SPACE',''
  ) );
#2115 = ORIENTED_EDGE('',*,*,#2116,.T.);
#2116 = EDGE_CURVE('',#2094,#2117,#2119,.T.);
#2117 = VERTEX_POINT('',#2118);
#2118 = CARTESIAN_POINT('',(12.,10.,53.8));
#2119 = SURFACE_CURVE('',#2120,(#2124,#2131),.PCURVE_S1.);
#2120 = LINE('',#2121,#2122);
#2121 = CARTESIAN_POINT('',(12.,-6.,53.8));
#2122 = VECTOR('',#2123,1.);
#2123 = DIRECTION('',(0.,1.,0.));
#2124 = PCURVE('',#719,#2125);
#2125 = DEFINITIONAL_REPRESENTATION('',(#2126),#2130);
#2126 = LINE('',#2127,#2128);
#2127 = CARTESIAN_POINT('',(21.,-2.5));
#2128 = VECTOR('',#2129,1.);
#2129 = DIRECTION('',(0.,-1.));
#2130 = ( GEOMETRIC_REPRESENTATION_CONTEXT(2) 
PARAMETRIC_REPRESENTATION_CONTEXT() REPRESENTATION_CONTEXT('2D SPACE',''
  ) );
#2131 = PCURVE('',#1811,#2132);
#2132 = DEFINITIONAL_REPRESENTATION('',(#2133),#2137);
#2133 = LINE('',#2134,#2135);
#2134 = CARTESIAN_POINT('',(32.,-16.));
#2135 = VECTOR('',#2136,1.);
#2136 = DIRECTION('',(0.,1.));
#2137 = ( GEOMETRIC_REPRESENTATION_CONTEXT(2) 
PARAMETRIC_REPRESENTATION_CONTEXT() REPRESENTATION_CONTEXT('2D SPACE',''
  ) );
#2138 = ORIENTED_EDGE('',*,*,#2139,.F.);
#2139 = EDGE_CURVE('',#2140,#2117,#2142,.T.);
#2140 = VERTEX_POINT('',#2141);
#2141 = CARTESIAN_POINT('',(12.,10.,57.8));
#2142 = SURFACE_CURVE('',#2143,(#2147,#2154),.PCURVE_S1.);
#2143 = LINE('',#2144,#2145);
#2144 = CARTESIAN_POINT('',(12.,10.,53.8));
#2145 = VECTOR('',#2146,1.);
#2146 = DIRECTION('',(0.,0.,-1.));
#2147 = PCURVE('',#719,#2148);
#2148 = DEFINITIONAL_REPRESENTATION('',(#2149),#2153);
#2149 = LINE('',#2150,#2151);
#2150 = CARTESIAN_POINT('',(21.,-18.5));
#2151 = VECTOR('',#2152,1.);
#2152 = DIRECTION('',(-1.,0.));
#2153 = ( GEOMETRIC_REPRESENTATION_CONTEXT(2) 
PARAMETRIC_REPRESENTATION_CONTEXT() REPRESENTATION_CONTEXT('2D SPACE',''
  ) );
#2154 = PCURVE('',#2155,#2160);
#2155 = PLANE('',#2156);
#2156 = AXIS2_PLACEMENT_3D('',#2157,#2158,#2159);
#2157 = CARTESIAN_POINT('',(-20.,10.,53.8));
#2158 = DIRECTION('',(0.,1.,0.));
#2159 = DIRECTION('',(0.,0.,1.));
#2160 = DEFINITIONAL_REPRESENTATION('',(#2161),#2165);
#2161 = LINE('',#2162,#2163);
#2162 = CARTESIAN_POINT('',(0.,32.));
#2163 = VECTOR('',#2164,1.);
#2164 = DIRECTION('',(-1.,0.));
#2165 = ( GEOMETRIC_REPRESENTATION_CONTEXT(2) 
PARAMETRIC_REPRESENTATION_CONTEXT() REPRESENTATION_CONTEXT('2D SPACE',''
  ) );
#2166 = ORIENTED_EDGE('',*,*,#2167,.F.);
#2167 = EDGE_CURVE('',#2168,#2140,#2170,.T.);
#2168 = VERTEX_POINT('',#2169);
#2169 = CARTESIAN_POINT('',(12.,-6.,57.8));
#2170 = SURFACE_CURVE('',#2171,(#2175,#2182),.PCURVE_S1.);
#2171 = LINE('',#2172,#2173);
#2172 = CARTESIAN_POINT('',(12.,-6.,57.8));
#2173 = VECTOR('',#2174,1.);
#2174 = DIRECTION('',(0.,1.,0.));
#2175 = PCURVE('',#719,#2176);
#2176 = DEFINITIONAL_REPRESENTATION('',(#2177),#2181);
#2177 = LINE('',#2178,#2179);
#2178 = CARTESIAN_POINT('',(25.,-2.5));
#2179 = VECTOR('',#2180,1.);
#2180 = DIRECTION('',(0.,-1.));
#2181 = ( GEOMETRIC_REPRESENTATION_CONTEXT(2) 
PARAMETRIC_REPRESENTATION_CONTEXT() REPRESENTATION_CONTEXT('2D SPACE',''
  ) );
#2182 = PCURVE('',#1867,#2183);
#2183 = DEFINITIONAL_REPRESENTATION('',(#2184),#2188);
#2184 = LINE('',#2185,#2186);
#2185 = CARTESIAN_POINT('',(32.,-16.));
#2186 = VECTOR('',#2187,1.);
#2187 = DIRECTION('',(0.,1.));
#2188 = ( GEOMETRIC_REPRESENTATION_CONTEXT(2) 
PARAMETRIC_REPRESENTATION_CONTEXT() REPRESENTATION_CONTEXT('2D SPACE',''
  ) );
#2189 = ORIENTED_EDGE('',*,*,#2190,.F.);
#2190 = EDGE_CURVE('',#2191,#2168,#2193,.T.);
#2191 = VERTEX_POINT('',#2192);
#2192 = CARTESIAN_POINT('',(12.,-6.,55.8));
#2193 = SURFACE_CURVE('',#2194,(#2198,#2205),.PCURVE_S1.);
#2194 = LINE('',#2195,#2196);
#2195 = CARTESIAN_POINT('',(12.,-6.,53.8));
#2196 = VECTOR('',#2197,1.);
#2197 = DIRECTION('',(0.,0.,1.));
#2198 = PCURVE('',#719,#2199);
#2199 = DEFINITIONAL_REPRESENTATION('',(#2200),#2204);
#2200 = LINE('',#2201,#2202);
#2201 = CARTESIAN_POINT('',(21.,-2.5));
#2202 = VECTOR('',#2203,1.);
#2203 = DIRECTION('',(1.,0.));
#2204 = ( GEOMETRIC_REPRESENTATION_CONTEXT(2) 
PARAMETRIC_REPRESENTATION_CONTEXT() REPRESENTATION_CONTEXT('2D SPACE',''
  ) );
#2205 = PCURVE('',#1895,#2206);
#2206 = DEFINITIONAL_REPRESENTATION('',(#2207),#2211);
#2207 = LINE('',#2208,#2209);
#2208 = CARTESIAN_POINT('',(0.,24.));
#2209 = VECTOR('',#2210,1.);
#2210 = DIRECTION('',(1.,0.));
#2211 = ( GEOMETRIC_REPRESENTATION_CONTEXT(2) 
PARAMETRIC_REPRESENTATION_CONTEXT() REPRESENTATION_CONTEXT('2D SPACE',''
  ) );
#2212 = ORIENTED_EDGE('',*,*,#2213,.F.);
#2213 = EDGE_CURVE('',#2214,#2191,#2216,.T.);
#2214 = VERTEX_POINT('',#2215);
#2215 = CARTESIAN_POINT('',(12.,-7.7,55.8));
#2216 = SURFACE_CURVE('',#2217,(#2221,#2228),.PCURVE_S1.);
#2217 = LINE('',#2218,#2219);
#2218 = CARTESIAN_POINT('',(12.,-8.5,55.8));
#2219 = VECTOR('',#2220,1.);
#2220 = DIRECTION('',(-0.,1.,0.));
#2221 = PCURVE('',#719,#2222);
#2222 = DEFINITIONAL_REPRESENTATION('',(#2223),#2227);
#2223 = LINE('',#2224,#2225);
#2224 = CARTESIAN_POINT('',(23.,0.));
#2225 = VECTOR('',#2226,1.);
#2226 = DIRECTION('',(0.,-1.));
#2227 = ( GEOMETRIC_REPRESENTATION_CONTEXT(2) 
PARAMETRIC_REPRESENTATION_CONTEXT() REPRESENTATION_CONTEXT('2D SPACE',''
  ) );
#2228 = PCURVE('',#1923,#2229);
#2229 = DEFINITIONAL_REPRESENTATION('',(#2230),#2234);
#2230 = LINE('',#2231,#2232);
#2231 = CARTESIAN_POINT('',(24.,0.));
#2232 = VECTOR('',#2233,1.);
#2233 = DIRECTION('',(0.,1.));
#2234 = ( GEOMETRIC_REPRESENTATION_CONTEXT(2) 
PARAMETRIC_REPRESENTATION_CONTEXT() REPRESENTATION_CONTEXT('2D SPACE',''
  ) );
#2235 = ORIENTED_EDGE('',*,*,#2236,.T.);
#2236 = EDGE_CURVE('',#2214,#1197,#2237,.T.);
#2237 = SURFACE_CURVE('',#2238,(#2242,#2249),.PCURVE_S1.);
#2238 = LINE('',#2239,#2240);
#2239 = CARTESIAN_POINT('',(12.,-7.7,55.8));
#2240 = VECTOR('',#2241,1.);
#2241 = DIRECTION('',(0.,0.,-1.));
#2242 = PCURVE('',#719,#2243);
#2243 = DEFINITIONAL_REPRESENTATION('',(#2244),#2248);
#2244 = LINE('',#2245,#2246);
#2245 = CARTESIAN_POINT('',(23.,-0.8));
#2246 = VECTOR('',#2247,1.);
#2247 = DIRECTION('',(-1.,0.));
#2248 = ( GEOMETRIC_REPRESENTATION_CONTEXT(2) 
PARAMETRIC_REPRESENTATION_CONTEXT() REPRESENTATION_CONTEXT('2D SPACE',''
  ) );
#2249 = PCURVE('',#1256,#2250);
#2250 = DEFINITIONAL_REPRESENTATION('',(#2251),#2255);
#2251 = LINE('',#2252,#2253);
#2252 = CARTESIAN_POINT('',(-0.,23.));
#2253 = VECTOR('',#2254,1.);
#2254 = DIRECTION('',(-0.,-1.));
#2255 = ( GEOMETRIC_REPRESENTATION_CONTEXT(2) 
PARAMETRIC_REPRESENTATION_CONTEXT() REPRESENTATION_CONTEXT('2D SPACE',''
  ) );
#2256 = ORIENTED_EDGE('',*,*,#1196,.T.);
#2257 = ORIENTED_EDGE('',*,*,#704,.T.);
#2258 = ORIENTED_EDGE('',*,*,#1984,.T.);
#2259 = ADVANCED_FACE('',(#2260),#772,.T.);
#2260 = FACE_BOUND('',#2261,.F.);
#2261 = EDGE_LOOP('',(#2262,#2263,#2264,#2265));
#2262 = ORIENTED_EDGE('',*,*,#755,.T.);
#2263 = ORIENTED_EDGE('',*,*,#1091,.T.);
#2264 = ORIENTED_EDGE('',*,*,#904,.F.);
#2265 = ORIENTED_EDGE('',*,*,#1174,.F.);
#2266 = ADVANCED_FACE('',(#2267,#2293),#997,.T.);
#2267 = FACE_BOUND('',#2268,.T.);
#2268 = EDGE_LOOP('',(#2269));
#2269 = ORIENTED_EDGE('',*,*,#2270,.T.);
#2270 = EDGE_CURVE('',#2271,#2271,#2273,.T.);
#2271 = VERTEX_POINT('',#2272);
#2272 = CARTESIAN_POINT('',(28.291273890185,-4.5,19.798076211353));
#2273 = SURFACE_CURVE('',#2274,(#2279,#2286),.PCURVE_S1.);
#2274 = CIRCLE('',#2275,3.);
#2275 = AXIS2_PLACEMENT_3D('',#2276,#2277,#2278);
#2276 = CARTESIAN_POINT('',(29.791273890185,-4.5,17.2));
#2277 = DIRECTION('',(0.866025403784,0.,0.5));
#2278 = DIRECTION('',(-0.5,0.,0.866025403784));
#2279 = PCURVE('',#997,#2280);
#2280 = DEFINITIONAL_REPRESENTATION('',(#2281),#2285);
#2281 = CIRCLE('',#2282,3.);
#2282 = AXIS2_PLACEMENT_2D('',#2283,#2284);
#2283 = CARTESIAN_POINT('',(0.,0.));
#2284 = DIRECTION('',(1.,0.));
#2285 = ( GEOMETRIC_REPRESENTATION_CONTEXT(2) 
PARAMETRIC_REPRESENTATION_CONTEXT() REPRESENTATION_CONTEXT('2D SPACE',''
  ) );
#2286 = PCURVE('',#1695,#2287);
#2287 = DEFINITIONAL_REPRESENTATION('',(#2288),#2292);
#2288 = LINE('',#2289,#2290);
#2289 = CARTESIAN_POINT('',(0.,0.));
#2290 = VECTOR('',#2291,1.);
#2291 = DIRECTION('',(1.,0.));
#2292 = ( GEOMETRIC_REPRESENTATION_CONTEXT(2) 
PARAMETRIC_REPRESENTATION_CONTEXT() REPRESENTATION_CONTEXT('2D SPACE',''
  ) );
#2293 = FACE_BOUND('',#2294,.T.);
#2294 = EDGE_LOOP('',(#2295));
#2295 = ORIENTED_EDGE('',*,*,#980,.F.);
#2296 = ADVANCED_FACE('',(#2297,#2323),#1052,.T.);
#2297 = FACE_BOUND('',#2298,.T.);
#2298 = EDGE_LOOP('',(#2299));
#2299 = ORIENTED_EDGE('',*,*,#2300,.T.);
#2300 = EDGE_CURVE('',#2301,#2301,#2303,.T.);
#2301 = VERTEX_POINT('',#2302);
#2302 = CARTESIAN_POINT('',(-31.29127389018,-4.5,14.601923788647));
#2303 = SURFACE_CURVE('',#2304,(#2309,#2316),.PCURVE_S1.);
#2304 = CIRCLE('',#2305,3.);
#2305 = AXIS2_PLACEMENT_3D('',#2306,#2307,#2308);
#2306 = CARTESIAN_POINT('',(-29.79127389018,-4.5,17.2));
#2307 = DIRECTION('',(-0.866025403784,0.,0.5));
#2308 = DIRECTION('',(-0.5,0.,-0.866025403784));
#2309 = PCURVE('',#1052,#2310);
#2310 = DEFINITIONAL_REPRESENTATION('',(#2311),#2315);
#2311 = CIRCLE('',#2312,3.);
#2312 = AXIS2_PLACEMENT_2D('',#2313,#2314);
#2313 = CARTESIAN_POINT('',(0.,0.));
#2314 = DIRECTION('',(1.,0.));
#2315 = ( GEOMETRIC_REPRESENTATION_CONTEXT(2) 
PARAMETRIC_REPRESENTATION_CONTEXT() REPRESENTATION_CONTEXT('2D SPACE',''
  ) );
#2316 = PCURVE('',#1507,#2317);
#2317 = DEFINITIONAL_REPRESENTATION('',(#2318),#2322);
#2318 = LINE('',#2319,#2320);
#2319 = CARTESIAN_POINT('',(0.,0.));
#2320 = VECTOR('',#2321,1.);
#2321 = DIRECTION('',(1.,0.));
#2322 = ( GEOMETRIC_REPRESENTATION_CONTEXT(2) 
PARAMETRIC_REPRESENTATION_CONTEXT() REPRESENTATION_CONTEXT('2D SPACE',''
  ) );
#2323 = FACE_BOUND('',#2324,.T.);
#2324 = EDGE_LOOP('',(#2325));
#2325 = ORIENTED_EDGE('',*,*,#1035,.F.);
#2326 = ADVANCED_FACE('',(#2327),#1350,.T.);
#2327 = FACE_BOUND('',#2328,.T.);
#2328 = EDGE_LOOP('',(#2329,#2330,#2331,#2354));
#2329 = ORIENTED_EDGE('',*,*,#1935,.F.);
#2330 = ORIENTED_EDGE('',*,*,#1312,.T.);
#2331 = ORIENTED_EDGE('',*,*,#2332,.T.);
#2332 = EDGE_CURVE('',#1280,#2333,#2335,.T.);
#2333 = VERTEX_POINT('',#2334);
#2334 = CARTESIAN_POINT('',(-11.2,-8.5,55.8));
#2335 = SURFACE_CURVE('',#2336,(#2340,#2347),.PCURVE_S1.);
#2336 = LINE('',#2337,#2338);
#2337 = CARTESIAN_POINT('',(-11.2,-8.5,34.002941049268));
#2338 = VECTOR('',#2339,1.);
#2339 = DIRECTION('',(0.,0.,1.));
#2340 = PCURVE('',#1350,#2341);
#2341 = DEFINITIONAL_REPRESENTATION('',(#2342),#2346);
#2342 = LINE('',#2343,#2344);
#2343 = CARTESIAN_POINT('',(1.570796326795,1.202941049268));
#2344 = VECTOR('',#2345,1.);
#2345 = DIRECTION('',(0.,1.));
#2346 = ( GEOMETRIC_REPRESENTATION_CONTEXT(2) 
PARAMETRIC_REPRESENTATION_CONTEXT() REPRESENTATION_CONTEXT('2D SPACE',''
  ) );
#2347 = PCURVE('',#1296,#2348);
#2348 = DEFINITIONAL_REPRESENTATION('',(#2349),#2353);
#2349 = LINE('',#2350,#2351);
#2350 = CARTESIAN_POINT('',(1.202941049268,0.8));
#2351 = VECTOR('',#2352,1.);
#2352 = DIRECTION('',(1.,0.));
#2353 = ( GEOMETRIC_REPRESENTATION_CONTEXT(2) 
PARAMETRIC_REPRESENTATION_CONTEXT() REPRESENTATION_CONTEXT('2D SPACE',''
  ) );
#2354 = ORIENTED_EDGE('',*,*,#2355,.F.);
#2355 = EDGE_CURVE('',#1908,#2333,#2356,.T.);
#2356 = SURFACE_CURVE('',#2357,(#2362,#2369),.PCURVE_S1.);
#2357 = CIRCLE('',#2358,0.8);
#2358 = AXIS2_PLACEMENT_3D('',#2359,#2360,#2361);
#2359 = CARTESIAN_POINT('',(-11.2,-7.7,55.8));
#2360 = DIRECTION('',(0.,0.,1.));
#2361 = DIRECTION('',(0.,-1.,0.));
#2362 = PCURVE('',#1350,#2363);
#2363 = DEFINITIONAL_REPRESENTATION('',(#2364),#2368);
#2364 = LINE('',#2365,#2366);
#2365 = CARTESIAN_POINT('',(-4.712388980385,23.));
#2366 = VECTOR('',#2367,1.);
#2367 = DIRECTION('',(1.,0.));
#2368 = ( GEOMETRIC_REPRESENTATION_CONTEXT(2) 
PARAMETRIC_REPRESENTATION_CONTEXT() REPRESENTATION_CONTEXT('2D SPACE',''
  ) );
#2369 = PCURVE('',#1923,#2370);
#2370 = DEFINITIONAL_REPRESENTATION('',(#2371),#2375);
#2371 = CIRCLE('',#2372,0.8);
#2372 = AXIS2_PLACEMENT_2D('',#2373,#2374);
#2373 = CARTESIAN_POINT('',(0.8,0.8));
#2374 = DIRECTION('',(0.,-1.));
#2375 = ( GEOMETRIC_REPRESENTATION_CONTEXT(2) 
PARAMETRIC_REPRESENTATION_CONTEXT() REPRESENTATION_CONTEXT('2D SPACE',''
  ) );
#2376 = ADVANCED_FACE('',(#2377),#1296,.F.);
#2377 = FACE_BOUND('',#2378,.F.);
#2378 = EDGE_LOOP('',(#2379,#2380,#2403,#2424));
#2379 = ORIENTED_EDGE('',*,*,#2332,.T.);
#2380 = ORIENTED_EDGE('',*,*,#2381,.T.);
#2381 = EDGE_CURVE('',#2333,#2382,#2384,.T.);
#2382 = VERTEX_POINT('',#2383);
#2383 = CARTESIAN_POINT('',(11.2,-8.5,55.8));
#2384 = SURFACE_CURVE('',#2385,(#2389,#2396),.PCURVE_S1.);
#2385 = LINE('',#2386,#2387);
#2386 = CARTESIAN_POINT('',(-12.,-8.5,55.8));
#2387 = VECTOR('',#2388,1.);
#2388 = DIRECTION('',(1.,0.,-0.));
#2389 = PCURVE('',#1296,#2390);
#2390 = DEFINITIONAL_REPRESENTATION('',(#2391),#2395);
#2391 = LINE('',#2392,#2393);
#2392 = CARTESIAN_POINT('',(23.,0.));
#2393 = VECTOR('',#2394,1.);
#2394 = DIRECTION('',(0.,1.));
#2395 = ( GEOMETRIC_REPRESENTATION_CONTEXT(2) 
PARAMETRIC_REPRESENTATION_CONTEXT() REPRESENTATION_CONTEXT('2D SPACE',''
  ) );
#2396 = PCURVE('',#1923,#2397);
#2397 = DEFINITIONAL_REPRESENTATION('',(#2398),#2402);
#2398 = LINE('',#2399,#2400);
#2399 = CARTESIAN_POINT('',(0.,0.));
#2400 = VECTOR('',#2401,1.);
#2401 = DIRECTION('',(1.,0.));
#2402 = ( GEOMETRIC_REPRESENTATION_CONTEXT(2) 
PARAMETRIC_REPRESENTATION_CONTEXT() REPRESENTATION_CONTEXT('2D SPACE',''
  ) );
#2403 = ORIENTED_EDGE('',*,*,#2404,.F.);
#2404 = EDGE_CURVE('',#1219,#2382,#2405,.T.);
#2405 = SURFACE_CURVE('',#2406,(#2410,#2417),.PCURVE_S1.);
#2406 = LINE('',#2407,#2408);
#2407 = CARTESIAN_POINT('',(11.2,-8.5,34.002941049268));
#2408 = VECTOR('',#2409,1.);
#2409 = DIRECTION('',(0.,0.,1.));
#2410 = PCURVE('',#1296,#2411);
#2411 = DEFINITIONAL_REPRESENTATION('',(#2412),#2416);
#2412 = LINE('',#2413,#2414);
#2413 = CARTESIAN_POINT('',(1.202941049268,23.2));
#2414 = VECTOR('',#2415,1.);
#2415 = DIRECTION('',(1.,0.));
#2416 = ( GEOMETRIC_REPRESENTATION_CONTEXT(2) 
PARAMETRIC_REPRESENTATION_CONTEXT() REPRESENTATION_CONTEXT('2D SPACE',''
  ) );
#2417 = PCURVE('',#1256,#2418);
#2418 = DEFINITIONAL_REPRESENTATION('',(#2419),#2423);
#2419 = LINE('',#2420,#2421);
#2420 = CARTESIAN_POINT('',(-1.570796326795,1.202941049268));
#2421 = VECTOR('',#2422,1.);
#2422 = DIRECTION('',(-0.,1.));
#2423 = ( GEOMETRIC_REPRESENTATION_CONTEXT(2) 
PARAMETRIC_REPRESENTATION_CONTEXT() REPRESENTATION_CONTEXT('2D SPACE',''
  ) );
#2424 = ORIENTED_EDGE('',*,*,#1279,.T.);
#2425 = ADVANCED_FACE('',(#2426),#1256,.T.);
#2426 = FACE_BOUND('',#2427,.F.);
#2427 = EDGE_LOOP('',(#2428,#2429,#2430,#2456));
#2428 = ORIENTED_EDGE('',*,*,#1218,.T.);
#2429 = ORIENTED_EDGE('',*,*,#2404,.T.);
#2430 = ORIENTED_EDGE('',*,*,#2431,.F.);
#2431 = EDGE_CURVE('',#2214,#2382,#2432,.T.);
#2432 = SURFACE_CURVE('',#2433,(#2438,#2445),.PCURVE_S1.);
#2433 = CIRCLE('',#2434,0.8);
#2434 = AXIS2_PLACEMENT_3D('',#2435,#2436,#2437);
#2435 = CARTESIAN_POINT('',(11.2,-7.7,55.8));
#2436 = DIRECTION('',(-0.,-0.,-1.));
#2437 = DIRECTION('',(0.,-1.,0.));
#2438 = PCURVE('',#1256,#2439);
#2439 = DEFINITIONAL_REPRESENTATION('',(#2440),#2444);
#2440 = LINE('',#2441,#2442);
#2441 = CARTESIAN_POINT('',(4.712388980385,23.));
#2442 = VECTOR('',#2443,1.);
#2443 = DIRECTION('',(-1.,0.));
#2444 = ( GEOMETRIC_REPRESENTATION_CONTEXT(2) 
PARAMETRIC_REPRESENTATION_CONTEXT() REPRESENTATION_CONTEXT('2D SPACE',''
  ) );
#2445 = PCURVE('',#1923,#2446);
#2446 = DEFINITIONAL_REPRESENTATION('',(#2447),#2455);
#2447 = ( BOUNDED_CURVE() B_SPLINE_CURVE(2,(#2448,#2449,#2450,#2451,
#2452,#2453,#2454),.UNSPECIFIED.,.T.,.F.) B_SPLINE_CURVE_WITH_KNOTS((1,2
    ,2,2,2,1),(-2.094395102393,0.,2.094395102393,4.188790204786,
6.28318530718,8.377580409573),.UNSPECIFIED.) CURVE() 
GEOMETRIC_REPRESENTATION_ITEM() RATIONAL_B_SPLINE_CURVE((1.,0.5,1.,0.5,
1.,0.5,1.)) REPRESENTATION_ITEM('') );
#2448 = CARTESIAN_POINT('',(23.2,-2.22044604925E-16));
#2449 = CARTESIAN_POINT('',(21.814359353945,-2.22044604925E-16));
#2450 = CARTESIAN_POINT('',(22.507179676972,1.2));
#2451 = CARTESIAN_POINT('',(23.2,2.4));
#2452 = CARTESIAN_POINT('',(23.892820323028,1.2));
#2453 = CARTESIAN_POINT('',(24.585640646055,9.992007221626E-16));
#2454 = CARTESIAN_POINT('',(23.2,-2.22044604925E-16));
#2455 = ( GEOMETRIC_REPRESENTATION_CONTEXT(2) 
PARAMETRIC_REPRESENTATION_CONTEXT() REPRESENTATION_CONTEXT('2D SPACE',''
  ) );
#2456 = ORIENTED_EDGE('',*,*,#2236,.T.);
#2457 = ADVANCED_FACE('',(#2458),#1507,.F.);
#2458 = FACE_BOUND('',#2459,.F.);
#2459 = EDGE_LOOP('',(#2460,#2461,#2482,#2483));
#2460 = ORIENTED_EDGE('',*,*,#1395,.F.);
#2461 = ORIENTED_EDGE('',*,*,#2462,.F.);
#2462 = EDGE_CURVE('',#2301,#1396,#2463,.T.);
#2463 = SEAM_CURVE('',#2464,(#2468,#2475),.PCURVE_S1.);
#2464 = LINE('',#2465,#2466);
#2465 = CARTESIAN_POINT('',(-31.29127389018,-4.5,14.601923788647));
#2466 = VECTOR('',#2467,1.);
#2467 = DIRECTION('',(-0.866025403784,0.,0.5));
#2468 = PCURVE('',#1507,#2469);
#2469 = DEFINITIONAL_REPRESENTATION('',(#2470),#2474);
#2470 = LINE('',#2471,#2472);
#2471 = CARTESIAN_POINT('',(6.28318530718,-0.));
#2472 = VECTOR('',#2473,1.);
#2473 = DIRECTION('',(0.,1.));
#2474 = ( GEOMETRIC_REPRESENTATION_CONTEXT(2) 
PARAMETRIC_REPRESENTATION_CONTEXT() REPRESENTATION_CONTEXT('2D SPACE',''
  ) );
#2475 = PCURVE('',#1507,#2476);
#2476 = DEFINITIONAL_REPRESENTATION('',(#2477),#2481);
#2477 = LINE('',#2478,#2479);
#2478 = CARTESIAN_POINT('',(0.,-0.));
#2479 = VECTOR('',#2480,1.);
#2480 = DIRECTION('',(0.,1.));
#2481 = ( GEOMETRIC_REPRESENTATION_CONTEXT(2) 
PARAMETRIC_REPRESENTATION_CONTEXT() REPRESENTATION_CONTEXT('2D SPACE',''
  ) );
#2482 = ORIENTED_EDGE('',*,*,#2300,.T.);
#2483 = ORIENTED_EDGE('',*,*,#2462,.T.);
#2484 = ADVANCED_FACE('',(#2485),#1695,.F.);
#2485 = FACE_BOUND('',#2486,.F.);
#2486 = EDGE_LOOP('',(#2487,#2488,#2509,#2510));
#2487 = ORIENTED_EDGE('',*,*,#1569,.F.);
#2488 = ORIENTED_EDGE('',*,*,#2489,.F.);
#2489 = EDGE_CURVE('',#2271,#1570,#2490,.T.);
#2490 = SEAM_CURVE('',#2491,(#2495,#2502),.PCURVE_S1.);
#2491 = LINE('',#2492,#2493);
#2492 = CARTESIAN_POINT('',(28.291273890185,-4.5,19.798076211353));
#2493 = VECTOR('',#2494,1.);
#2494 = DIRECTION('',(0.866025403784,0.,0.5));
#2495 = PCURVE('',#1695,#2496);
#2496 = DEFINITIONAL_REPRESENTATION('',(#2497),#2501);
#2497 = LINE('',#2498,#2499);
#2498 = CARTESIAN_POINT('',(6.28318530718,-0.));
#2499 = VECTOR('',#2500,1.);
#2500 = DIRECTION('',(0.,1.));
#2501 = ( GEOMETRIC_REPRESENTATION_CONTEXT(2) 
PARAMETRIC_REPRESENTATION_CONTEXT() REPRESENTATION_CONTEXT('2D SPACE',''
  ) );
#2502 = PCURVE('',#1695,#2503);
#2503 = DEFINITIONAL_REPRESENTATION('',(#2504),#2508);
#2504 = LINE('',#2505,#2506);
#2505 = CARTESIAN_POINT('',(0.,-0.));
#2506 = VECTOR('',#2507,1.);
#2507 = DIRECTION('',(0.,1.));
#2508 = ( GEOMETRIC_REPRESENTATION_CONTEXT(2) 
PARAMETRIC_REPRESENTATION_CONTEXT() REPRESENTATION_CONTEXT('2D SPACE',''
  ) );
#2509 = ORIENTED_EDGE('',*,*,#2270,.T.);
#2510 = ORIENTED_EDGE('',*,*,#2489,.T.);
#2511 = ADVANCED_FACE('',(#2512),#1783,.T.);
#2512 = FACE_BOUND('',#2513,.F.);
#2513 = EDGE_LOOP('',(#2514,#2515,#2538,#2573,#2599,#2621));
#2514 = ORIENTED_EDGE('',*,*,#2064,.T.);
#2515 = ORIENTED_EDGE('',*,*,#2516,.F.);
#2516 = EDGE_CURVE('',#2517,#2037,#2519,.T.);
#2517 = VERTEX_POINT('',#2518);
#2518 = CARTESIAN_POINT('',(-11.2,3.5,39.72));
#2519 = SURFACE_CURVE('',#2520,(#2524,#2531),.PCURVE_S1.);
#2520 = LINE('',#2521,#2522);
#2521 = CARTESIAN_POINT('',(-11.2,3.5,39.72));
#2522 = VECTOR('',#2523,1.);
#2523 = DIRECTION('',(0.,0.,-1.));
#2524 = PCURVE('',#1783,#2525);
#2525 = DEFINITIONAL_REPRESENTATION('',(#2526),#2530);
#2526 = LINE('',#2527,#2528);
#2527 = CARTESIAN_POINT('',(-1.570796326795,6.92));
#2528 = VECTOR('',#2529,1.);
#2529 = DIRECTION('',(-0.,-1.));
#2530 = ( GEOMETRIC_REPRESENTATION_CONTEXT(2) 
PARAMETRIC_REPRESENTATION_CONTEXT() REPRESENTATION_CONTEXT('2D SPACE',''
  ) );
#2531 = PCURVE('',#2052,#2532);
#2532 = DEFINITIONAL_REPRESENTATION('',(#2533),#2537);
#2533 = LINE('',#2534,#2535);
#2534 = CARTESIAN_POINT('',(6.92,0.8));
#2535 = VECTOR('',#2536,1.);
#2536 = DIRECTION('',(-1.,0.));
#2537 = ( GEOMETRIC_REPRESENTATION_CONTEXT(2) 
PARAMETRIC_REPRESENTATION_CONTEXT() REPRESENTATION_CONTEXT('2D SPACE',''
  ) );
#2538 = ORIENTED_EDGE('',*,*,#2539,.T.);
#2539 = EDGE_CURVE('',#2517,#2540,#2542,.T.);
#2540 = VERTEX_POINT('',#2541);
#2541 = CARTESIAN_POINT('',(-11.8,3.229150262213,38.679937006897));
#2542 = SURFACE_CURVE('',#2543,(#2548,#2561),.PCURVE_S1.);
#2543 = ELLIPSE('',#2544,3.174458063985,0.8);
#2544 = AXIS2_PLACEMENT_3D('',#2545,#2546,#2547);
#2545 = CARTESIAN_POINT('',(-11.2,2.7,36.648));
#2546 = DIRECTION('',(0.,-0.967724234524,0.252011519407));
#2547 = DIRECTION('',(0.,0.252011519407,0.967724234524));
#2548 = PCURVE('',#1783,#2549);
#2549 = DEFINITIONAL_REPRESENTATION('',(#2550),#2560);
#2550 = B_SPLINE_CURVE_WITH_KNOTS('',8,(#2551,#2552,#2553,#2554,#2555,
    #2556,#2557,#2558,#2559),.UNSPECIFIED.,.F.,.F.,(9,9),(0.,
    1.570796326795),.PIECEWISE_BEZIER_KNOTS.);
#2551 = CARTESIAN_POINT('',(-1.570796326795,6.92));
#2552 = CARTESIAN_POINT('',(-1.374446785946,6.92));
#2553 = CARTESIAN_POINT('',(-1.178097245097,6.784645296169));
#2554 = CARTESIAN_POINT('',(-0.981747704246,6.513937038348));
#2555 = CARTESIAN_POINT('',(-0.785398163395,6.119002881776));
#2556 = CARTESIAN_POINT('',(-0.589048622547,5.622120738431));
#2557 = CARTESIAN_POINT('',(-0.392699081699,5.054371722193));
#2558 = CARTESIAN_POINT('',(-0.196349540849,4.451185789489));
#2559 = CARTESIAN_POINT('',(0.,3.848));
#2560 = ( GEOMETRIC_REPRESENTATION_CONTEXT(2) 
PARAMETRIC_REPRESENTATION_CONTEXT() REPRESENTATION_CONTEXT('2D SPACE',''
  ) );
#2561 = PCURVE('',#2562,#2567);
#2562 = PLANE('',#2563);
#2563 = AXIS2_PLACEMENT_3D('',#2564,#2565,#2566);
#2564 = CARTESIAN_POINT('',(-11.8,3.,37.8));
#2565 = DIRECTION('',(0.,-0.967724234524,0.252011519407));
#2566 = DIRECTION('',(0.,0.252011519407,0.967724234524));
#2567 = DEFINITIONAL_REPRESENTATION('',(#2568),#2572);
#2568 = ELLIPSE('',#2569,3.174458063985,0.8);
#2569 = AXIS2_PLACEMENT_2D('',#2570,#2571);
#2570 = CARTESIAN_POINT('',(-1.190421773994,-0.6));
#2571 = DIRECTION('',(1.,0.));
#2572 = ( GEOMETRIC_REPRESENTATION_CONTEXT(2) 
PARAMETRIC_REPRESENTATION_CONTEXT() REPRESENTATION_CONTEXT('2D SPACE',''
  ) );
#2573 = ORIENTED_EDGE('',*,*,#2574,.T.);
#2574 = EDGE_CURVE('',#2540,#2575,#2577,.T.);
#2575 = VERTEX_POINT('',#2576);
#2576 = CARTESIAN_POINT('',(-11.8,3.229150262213,53.8));
#2577 = SURFACE_CURVE('',#2578,(#2582,#2588),.PCURVE_S1.);
#2578 = LINE('',#2579,#2580);
#2579 = CARTESIAN_POINT('',(-11.8,3.229150262213,35.8));
#2580 = VECTOR('',#2581,1.);
#2581 = DIRECTION('',(0.,0.,1.));
#2582 = PCURVE('',#1783,#2583);
#2583 = DEFINITIONAL_REPRESENTATION('',(#2584),#2587);
#2584 = B_SPLINE_CURVE_WITH_KNOTS('',1,(#2585,#2586),.UNSPECIFIED.,.F.,
  .F.,(2,2),(0.4,19.6),.PIECEWISE_BEZIER_KNOTS.);
#2585 = CARTESIAN_POINT('',(-0.722734247813,3.4));
#2586 = CARTESIAN_POINT('',(-0.722734247813,22.6));
#2587 = ( GEOMETRIC_REPRESENTATION_CONTEXT(2) 
PARAMETRIC_REPRESENTATION_CONTEXT() REPRESENTATION_CONTEXT('2D SPACE',''
  ) );
#2588 = PCURVE('',#2589,#2594);
#2589 = PLANE('',#2590);
#2590 = AXIS2_PLACEMENT_3D('',#2591,#2592,#2593);
#2591 = CARTESIAN_POINT('',(-11.8,1.510090724977,46.882390148105));
#2592 = DIRECTION('',(1.,0.,0.));
#2593 = DIRECTION('',(-0.,0.,1.));
#2594 = DEFINITIONAL_REPRESENTATION('',(#2595),#2598);
#2595 = B_SPLINE_CURVE_WITH_KNOTS('',1,(#2596,#2597),.UNSPECIFIED.,.F.,
  .F.,(2,2),(0.4,19.6),.PIECEWISE_BEZIER_KNOTS.);
#2596 = CARTESIAN_POINT('',(-10.6823901481,-1.719059537236));
#2597 = CARTESIAN_POINT('',(8.517609851895,-1.719059537236));
#2598 = ( GEOMETRIC_REPRESENTATION_CONTEXT(2) 
PARAMETRIC_REPRESENTATION_CONTEXT() REPRESENTATION_CONTEXT('2D SPACE',''
  ) );
#2599 = ORIENTED_EDGE('',*,*,#2600,.T.);
#2600 = EDGE_CURVE('',#2575,#1766,#2601,.T.);
#2601 = SURFACE_CURVE('',#2602,(#2607,#2614),.PCURVE_S1.);
#2602 = CIRCLE('',#2603,0.8);
#2603 = AXIS2_PLACEMENT_3D('',#2604,#2605,#2606);
#2604 = CARTESIAN_POINT('',(-11.2,2.7,53.8));
#2605 = DIRECTION('',(0.,0.,1.));
#2606 = DIRECTION('',(-1.,-0.,0.));
#2607 = PCURVE('',#1783,#2608);
#2608 = DEFINITIONAL_REPRESENTATION('',(#2609),#2613);
#2609 = LINE('',#2610,#2611);
#2610 = CARTESIAN_POINT('',(-6.28318530718,21.));
#2611 = VECTOR('',#2612,1.);
#2612 = DIRECTION('',(1.,-0.));
#2613 = ( GEOMETRIC_REPRESENTATION_CONTEXT(2) 
PARAMETRIC_REPRESENTATION_CONTEXT() REPRESENTATION_CONTEXT('2D SPACE',''
  ) );
#2614 = PCURVE('',#1811,#2615);
#2615 = DEFINITIONAL_REPRESENTATION('',(#2616),#2620);
#2616 = CIRCLE('',#2617,0.8);
#2617 = AXIS2_PLACEMENT_2D('',#2618,#2619);
#2618 = CARTESIAN_POINT('',(8.8,-7.3));
#2619 = DIRECTION('',(-1.,0.));
#2620 = ( GEOMETRIC_REPRESENTATION_CONTEXT(2) 
PARAMETRIC_REPRESENTATION_CONTEXT() REPRESENTATION_CONTEXT('2D SPACE',''
  ) );
#2621 = ORIENTED_EDGE('',*,*,#1765,.T.);
#2622 = ADVANCED_FACE('',(#2623),#2052,.T.);
#2623 = FACE_BOUND('',#2624,.T.);
#2624 = EDGE_LOOP('',(#2625,#2626,#2627,#2649,#2676,#2698,#2725,#2752));
#2625 = ORIENTED_EDGE('',*,*,#2036,.F.);
#2626 = ORIENTED_EDGE('',*,*,#2516,.F.);
#2627 = ORIENTED_EDGE('',*,*,#2628,.T.);
#2628 = EDGE_CURVE('',#2517,#2629,#2631,.T.);
#2629 = VERTEX_POINT('',#2630);
#2630 = CARTESIAN_POINT('',(-9.2,3.5,39.72));
#2631 = SURFACE_CURVE('',#2632,(#2636,#2643),.PCURVE_S1.);
#2632 = LINE('',#2633,#2634);
#2633 = CARTESIAN_POINT('',(-11.9,3.5,39.72));
#2634 = VECTOR('',#2635,1.);
#2635 = DIRECTION('',(1.,0.,0.));
#2636 = PCURVE('',#2052,#2637);
#2637 = DEFINITIONAL_REPRESENTATION('',(#2638),#2642);
#2638 = LINE('',#2639,#2640);
#2639 = CARTESIAN_POINT('',(6.92,1.E-01));
#2640 = VECTOR('',#2641,1.);
#2641 = DIRECTION('',(0.,1.));
#2642 = ( GEOMETRIC_REPRESENTATION_CONTEXT(2) 
PARAMETRIC_REPRESENTATION_CONTEXT() REPRESENTATION_CONTEXT('2D SPACE',''
  ) );
#2643 = PCURVE('',#2562,#2644);
#2644 = DEFINITIONAL_REPRESENTATION('',(#2645),#2648);
#2645 = B_SPLINE_CURVE_WITH_KNOTS('',1,(#2646,#2647),.UNSPECIFIED.,.F.,
  .F.,(2,2),(0.7,2.7),.PIECEWISE_BEZIER_KNOTS.);
#2646 = CARTESIAN_POINT('',(1.984036289991,-0.6));
#2647 = CARTESIAN_POINT('',(1.984036289991,-2.6));
#2648 = ( GEOMETRIC_REPRESENTATION_CONTEXT(2) 
PARAMETRIC_REPRESENTATION_CONTEXT() REPRESENTATION_CONTEXT('2D SPACE',''
  ) );
#2649 = ORIENTED_EDGE('',*,*,#2650,.F.);
#2650 = EDGE_CURVE('',#2651,#2629,#2653,.T.);
#2651 = VERTEX_POINT('',#2652);
#2652 = CARTESIAN_POINT('',(-9.2,3.5,53.8));
#2653 = SURFACE_CURVE('',#2654,(#2658,#2665),.PCURVE_S1.);
#2654 = LINE('',#2655,#2656);
#2655 = CARTESIAN_POINT('',(-9.2,3.5,41.341195074053));
#2656 = VECTOR('',#2657,1.);
#2657 = DIRECTION('',(0.,0.,-1.));
#2658 = PCURVE('',#2052,#2659);
#2659 = DEFINITIONAL_REPRESENTATION('',(#2660),#2664);
#2660 = LINE('',#2661,#2662);
#2661 = CARTESIAN_POINT('',(8.541195074053,2.8));
#2662 = VECTOR('',#2663,1.);
#2663 = DIRECTION('',(-1.,0.));
#2664 = ( GEOMETRIC_REPRESENTATION_CONTEXT(2) 
PARAMETRIC_REPRESENTATION_CONTEXT() REPRESENTATION_CONTEXT('2D SPACE',''
  ) );
#2665 = PCURVE('',#2666,#2671);
#2666 = PLANE('',#2667);
#2667 = AXIS2_PLACEMENT_3D('',#2668,#2669,#2670);
#2668 = CARTESIAN_POINT('',(-9.2,1.510090724977,46.882390148105));
#2669 = DIRECTION('',(1.,0.,0.));
#2670 = DIRECTION('',(-0.,0.,1.));
#2671 = DEFINITIONAL_REPRESENTATION('',(#2672),#2675);
#2672 = B_SPLINE_CURVE_WITH_KNOTS('',1,(#2673,#2674),.UNSPECIFIED.,.F.,
  .F.,(2,2),(-12.45880492594,3.541195074053),.PIECEWISE_BEZIER_KNOTS.);
#2673 = CARTESIAN_POINT('',(6.917609851895,-1.989909275023));
#2674 = CARTESIAN_POINT('',(-9.082390148105,-1.989909275023));
#2675 = ( GEOMETRIC_REPRESENTATION_CONTEXT(2) 
PARAMETRIC_REPRESENTATION_CONTEXT() REPRESENTATION_CONTEXT('2D SPACE',''
  ) );
#2676 = ORIENTED_EDGE('',*,*,#2677,.T.);
#2677 = EDGE_CURVE('',#2651,#2678,#2680,.T.);
#2678 = VERTEX_POINT('',#2679);
#2679 = CARTESIAN_POINT('',(9.2,3.5,53.8));
#2680 = SURFACE_CURVE('',#2681,(#2685,#2692),.PCURVE_S1.);
#2681 = LINE('',#2682,#2683);
#2682 = CARTESIAN_POINT('',(-16.,3.5,53.8));
#2683 = VECTOR('',#2684,1.);
#2684 = DIRECTION('',(1.,0.,-0.));
#2685 = PCURVE('',#2052,#2686);
#2686 = DEFINITIONAL_REPRESENTATION('',(#2687),#2691);
#2687 = LINE('',#2688,#2689);
#2688 = CARTESIAN_POINT('',(21.,-4.));
#2689 = VECTOR('',#2690,1.);
#2690 = DIRECTION('',(0.,1.));
#2691 = ( GEOMETRIC_REPRESENTATION_CONTEXT(2) 
PARAMETRIC_REPRESENTATION_CONTEXT() REPRESENTATION_CONTEXT('2D SPACE',''
  ) );
#2692 = PCURVE('',#1811,#2693);
#2693 = DEFINITIONAL_REPRESENTATION('',(#2694),#2697);
#2694 = B_SPLINE_CURVE_WITH_KNOTS('',1,(#2695,#2696),.UNSPECIFIED.,.F.,
  .F.,(2,2),(4.8,27.2),.PIECEWISE_BEZIER_KNOTS.);
#2695 = CARTESIAN_POINT('',(8.8,-6.5));
#2696 = CARTESIAN_POINT('',(31.2,-6.5));
#2697 = ( GEOMETRIC_REPRESENTATION_CONTEXT(2) 
PARAMETRIC_REPRESENTATION_CONTEXT() REPRESENTATION_CONTEXT('2D SPACE',''
  ) );
#2698 = ORIENTED_EDGE('',*,*,#2699,.T.);
#2699 = EDGE_CURVE('',#2678,#2700,#2702,.T.);
#2700 = VERTEX_POINT('',#2701);
#2701 = CARTESIAN_POINT('',(9.2,3.5,39.72));
#2702 = SURFACE_CURVE('',#2703,(#2707,#2714),.PCURVE_S1.);
#2703 = LINE('',#2704,#2705);
#2704 = CARTESIAN_POINT('',(9.2,3.5,41.341195074053));
#2705 = VECTOR('',#2706,1.);
#2706 = DIRECTION('',(0.,0.,-1.));
#2707 = PCURVE('',#2052,#2708);
#2708 = DEFINITIONAL_REPRESENTATION('',(#2709),#2713);
#2709 = LINE('',#2710,#2711);
#2710 = CARTESIAN_POINT('',(8.541195074053,21.2));
#2711 = VECTOR('',#2712,1.);
#2712 = DIRECTION('',(-1.,0.));
#2713 = ( GEOMETRIC_REPRESENTATION_CONTEXT(2) 
PARAMETRIC_REPRESENTATION_CONTEXT() REPRESENTATION_CONTEXT('2D SPACE',''
  ) );
#2714 = PCURVE('',#2715,#2720);
#2715 = PLANE('',#2716);
#2716 = AXIS2_PLACEMENT_3D('',#2717,#2718,#2719);
#2717 = CARTESIAN_POINT('',(9.2,1.510090724977,46.882390148105));
#2718 = DIRECTION('',(1.,0.,0.));
#2719 = DIRECTION('',(-0.,0.,1.));
#2720 = DEFINITIONAL_REPRESENTATION('',(#2721),#2724);
#2721 = B_SPLINE_CURVE_WITH_KNOTS('',1,(#2722,#2723),.UNSPECIFIED.,.F.,
  .F.,(2,2),(-12.45880492594,3.541195074053),.PIECEWISE_BEZIER_KNOTS.);
#2722 = CARTESIAN_POINT('',(6.917609851895,-1.989909275023));
#2723 = CARTESIAN_POINT('',(-9.082390148105,-1.989909275023));
#2724 = ( GEOMETRIC_REPRESENTATION_CONTEXT(2) 
PARAMETRIC_REPRESENTATION_CONTEXT() REPRESENTATION_CONTEXT('2D SPACE',''
  ) );
#2725 = ORIENTED_EDGE('',*,*,#2726,.T.);
#2726 = EDGE_CURVE('',#2700,#2727,#2729,.T.);
#2727 = VERTEX_POINT('',#2728);
#2728 = CARTESIAN_POINT('',(11.2,3.5,39.72));
#2729 = SURFACE_CURVE('',#2730,(#2734,#2741),.PCURVE_S1.);
#2730 = LINE('',#2731,#2732);
#2731 = CARTESIAN_POINT('',(-1.4,3.5,39.72));
#2732 = VECTOR('',#2733,1.);
#2733 = DIRECTION('',(1.,0.,0.));
#2734 = PCURVE('',#2052,#2735);
#2735 = DEFINITIONAL_REPRESENTATION('',(#2736),#2740);
#2736 = LINE('',#2737,#2738);
#2737 = CARTESIAN_POINT('',(6.92,10.6));
#2738 = VECTOR('',#2739,1.);
#2739 = DIRECTION('',(0.,1.));
#2740 = ( GEOMETRIC_REPRESENTATION_CONTEXT(2) 
PARAMETRIC_REPRESENTATION_CONTEXT() REPRESENTATION_CONTEXT('2D SPACE',''
  ) );
#2741 = PCURVE('',#2742,#2747);
#2742 = PLANE('',#2743);
#2743 = AXIS2_PLACEMENT_3D('',#2744,#2745,#2746);
#2744 = CARTESIAN_POINT('',(9.2,3.,37.8));
#2745 = DIRECTION('',(0.,-0.967724234524,0.252011519407));
#2746 = DIRECTION('',(0.,0.252011519407,0.967724234524));
#2747 = DEFINITIONAL_REPRESENTATION('',(#2748),#2751);
#2748 = B_SPLINE_CURVE_WITH_KNOTS('',1,(#2749,#2750),.UNSPECIFIED.,.F.,
  .F.,(2,2),(10.6,12.6),.PIECEWISE_BEZIER_KNOTS.);
#2749 = CARTESIAN_POINT('',(1.984036289991,0.));
#2750 = CARTESIAN_POINT('',(1.984036289991,-2.));
#2751 = ( GEOMETRIC_REPRESENTATION_CONTEXT(2) 
PARAMETRIC_REPRESENTATION_CONTEXT() REPRESENTATION_CONTEXT('2D SPACE',''
  ) );
#2752 = ORIENTED_EDGE('',*,*,#2753,.T.);
#2753 = EDGE_CURVE('',#2727,#2008,#2754,.T.);
#2754 = SURFACE_CURVE('',#2755,(#2759,#2766),.PCURVE_S1.);
#2755 = LINE('',#2756,#2757);
#2756 = CARTESIAN_POINT('',(11.2,3.5,39.72));
#2757 = VECTOR('',#2758,1.);
#2758 = DIRECTION('',(0.,0.,-1.));
#2759 = PCURVE('',#2052,#2760);
#2760 = DEFINITIONAL_REPRESENTATION('',(#2761),#2765);
#2761 = LINE('',#2762,#2763);
#2762 = CARTESIAN_POINT('',(6.92,23.2));
#2763 = VECTOR('',#2764,1.);
#2764 = DIRECTION('',(-1.,0.));
#2765 = ( GEOMETRIC_REPRESENTATION_CONTEXT(2) 
PARAMETRIC_REPRESENTATION_CONTEXT() REPRESENTATION_CONTEXT('2D SPACE',''
  ) );
#2766 = PCURVE('',#2024,#2767);
#2767 = DEFINITIONAL_REPRESENTATION('',(#2768),#2772);
#2768 = LINE('',#2769,#2770);
#2769 = CARTESIAN_POINT('',(1.570796326795,6.92));
#2770 = VECTOR('',#2771,1.);
#2771 = DIRECTION('',(-0.,-1.));
#2772 = ( GEOMETRIC_REPRESENTATION_CONTEXT(2) 
PARAMETRIC_REPRESENTATION_CONTEXT() REPRESENTATION_CONTEXT('2D SPACE',''
  ) );
#2773 = ADVANCED_FACE('',(#2774),#2024,.T.);
#2774 = FACE_BOUND('',#2775,.T.);
#2775 = EDGE_LOOP('',(#2776,#2777,#2778,#2808,#2834,#2856));
#2776 = ORIENTED_EDGE('',*,*,#2007,.T.);
#2777 = ORIENTED_EDGE('',*,*,#2753,.F.);
#2778 = ORIENTED_EDGE('',*,*,#2779,.F.);
#2779 = EDGE_CURVE('',#2780,#2727,#2782,.T.);
#2780 = VERTEX_POINT('',#2781);
#2781 = CARTESIAN_POINT('',(11.8,3.229150262213,38.679937006897));
#2782 = SURFACE_CURVE('',#2783,(#2788,#2801),.PCURVE_S1.);
#2783 = ELLIPSE('',#2784,3.174458063985,0.8);
#2784 = AXIS2_PLACEMENT_3D('',#2785,#2786,#2787);
#2785 = CARTESIAN_POINT('',(11.2,2.7,36.648));
#2786 = DIRECTION('',(0.,-0.967724234524,0.252011519407));
#2787 = DIRECTION('',(0.,0.252011519407,0.967724234524));
#2788 = PCURVE('',#2024,#2789);
#2789 = DEFINITIONAL_REPRESENTATION('',(#2790),#2800);
#2790 = B_SPLINE_CURVE_WITH_KNOTS('',8,(#2791,#2792,#2793,#2794,#2795,
    #2796,#2797,#2798,#2799),.UNSPECIFIED.,.F.,.F.,(9,9),(4.712388980385
    ,6.28318530718),.PIECEWISE_BEZIER_KNOTS.);
#2791 = CARTESIAN_POINT('',(0.,3.848));
#2792 = CARTESIAN_POINT('',(0.196349540849,4.451185789489));
#2793 = CARTESIAN_POINT('',(0.392699081699,5.054371722192));
#2794 = CARTESIAN_POINT('',(0.589048622547,5.622120738439));
#2795 = CARTESIAN_POINT('',(0.785398163397,6.11900288176));
#2796 = CARTESIAN_POINT('',(0.981747704246,6.513937038357));
#2797 = CARTESIAN_POINT('',(1.178097245096,6.784645296169));
#2798 = CARTESIAN_POINT('',(1.374446785946,6.92));
#2799 = CARTESIAN_POINT('',(1.570796326795,6.92));
#2800 = ( GEOMETRIC_REPRESENTATION_CONTEXT(2) 
PARAMETRIC_REPRESENTATION_CONTEXT() REPRESENTATION_CONTEXT('2D SPACE',''
  ) );
#2801 = PCURVE('',#2742,#2802);
#2802 = DEFINITIONAL_REPRESENTATION('',(#2803),#2807);
#2803 = ELLIPSE('',#2804,3.174458063985,0.8);
#2804 = AXIS2_PLACEMENT_2D('',#2805,#2806);
#2805 = CARTESIAN_POINT('',(-1.190421773994,-2.));
#2806 = DIRECTION('',(1.,0.));
#2807 = ( GEOMETRIC_REPRESENTATION_CONTEXT(2) 
PARAMETRIC_REPRESENTATION_CONTEXT() REPRESENTATION_CONTEXT('2D SPACE',''
  ) );
#2808 = ORIENTED_EDGE('',*,*,#2809,.T.);
#2809 = EDGE_CURVE('',#2780,#2810,#2812,.T.);
#2810 = VERTEX_POINT('',#2811);
#2811 = CARTESIAN_POINT('',(11.8,3.229150262213,53.8));
#2812 = SURFACE_CURVE('',#2813,(#2817,#2823),.PCURVE_S1.);
#2813 = LINE('',#2814,#2815);
#2814 = CARTESIAN_POINT('',(11.8,3.229150262213,35.8));
#2815 = VECTOR('',#2816,1.);
#2816 = DIRECTION('',(0.,0.,1.));
#2817 = PCURVE('',#2024,#2818);
#2818 = DEFINITIONAL_REPRESENTATION('',(#2819),#2822);
#2819 = B_SPLINE_CURVE_WITH_KNOTS('',1,(#2820,#2821),.UNSPECIFIED.,.F.,
  .F.,(2,2),(0.4,19.6),.PIECEWISE_BEZIER_KNOTS.);
#2820 = CARTESIAN_POINT('',(0.722734247813,3.4));
#2821 = CARTESIAN_POINT('',(0.722734247813,22.6));
#2822 = ( GEOMETRIC_REPRESENTATION_CONTEXT(2) 
PARAMETRIC_REPRESENTATION_CONTEXT() REPRESENTATION_CONTEXT('2D SPACE',''
  ) );
#2823 = PCURVE('',#2824,#2829);
#2824 = PLANE('',#2825);
#2825 = AXIS2_PLACEMENT_3D('',#2826,#2827,#2828);
#2826 = CARTESIAN_POINT('',(11.8,1.510090724977,46.882390148105));
#2827 = DIRECTION('',(1.,0.,0.));
#2828 = DIRECTION('',(-0.,0.,1.));
#2829 = DEFINITIONAL_REPRESENTATION('',(#2830),#2833);
#2830 = B_SPLINE_CURVE_WITH_KNOTS('',1,(#2831,#2832),.UNSPECIFIED.,.F.,
  .F.,(2,2),(0.4,19.6),.PIECEWISE_BEZIER_KNOTS.);
#2831 = CARTESIAN_POINT('',(-10.6823901481,-1.719059537236));
#2832 = CARTESIAN_POINT('',(8.517609851895,-1.719059537236));
#2833 = ( GEOMETRIC_REPRESENTATION_CONTEXT(2) 
PARAMETRIC_REPRESENTATION_CONTEXT() REPRESENTATION_CONTEXT('2D SPACE',''
  ) );
#2834 = ORIENTED_EDGE('',*,*,#2835,.F.);
#2835 = EDGE_CURVE('',#2094,#2810,#2836,.T.);
#2836 = SURFACE_CURVE('',#2837,(#2842,#2849),.PCURVE_S1.);
#2837 = CIRCLE('',#2838,0.8);
#2838 = AXIS2_PLACEMENT_3D('',#2839,#2840,#2841);
#2839 = CARTESIAN_POINT('',(11.2,2.7,53.8));
#2840 = DIRECTION('',(0.,0.,1.));
#2841 = DIRECTION('',(1.,0.,-0.));
#2842 = PCURVE('',#2024,#2843);
#2843 = DEFINITIONAL_REPRESENTATION('',(#2844),#2848);
#2844 = LINE('',#2845,#2846);
#2845 = CARTESIAN_POINT('',(0.,21.));
#2846 = VECTOR('',#2847,1.);
#2847 = DIRECTION('',(1.,0.));
#2848 = ( GEOMETRIC_REPRESENTATION_CONTEXT(2) 
PARAMETRIC_REPRESENTATION_CONTEXT() REPRESENTATION_CONTEXT('2D SPACE',''
  ) );
#2849 = PCURVE('',#1811,#2850);
#2850 = DEFINITIONAL_REPRESENTATION('',(#2851),#2855);
#2851 = CIRCLE('',#2852,0.8);
#2852 = AXIS2_PLACEMENT_2D('',#2853,#2854);
#2853 = CARTESIAN_POINT('',(31.2,-7.3));
#2854 = DIRECTION('',(1.,0.));
#2855 = ( GEOMETRIC_REPRESENTATION_CONTEXT(2) 
PARAMETRIC_REPRESENTATION_CONTEXT() REPRESENTATION_CONTEXT('2D SPACE',''
  ) );
#2856 = ORIENTED_EDGE('',*,*,#2093,.F.);
#2857 = ADVANCED_FACE('',(#2858),#1923,.T.);
#2858 = FACE_BOUND('',#2859,.T.);
#2859 = EDGE_LOOP('',(#2860,#2861,#2862,#2863,#2864,#2865));
#2860 = ORIENTED_EDGE('',*,*,#1907,.F.);
#2861 = ORIENTED_EDGE('',*,*,#2355,.T.);
#2862 = ORIENTED_EDGE('',*,*,#2381,.T.);
#2863 = ORIENTED_EDGE('',*,*,#2431,.F.);
#2864 = ORIENTED_EDGE('',*,*,#2213,.T.);
#2865 = ORIENTED_EDGE('',*,*,#2866,.T.);
#2866 = EDGE_CURVE('',#2191,#1880,#2867,.T.);
#2867 = SURFACE_CURVE('',#2868,(#2872,#2878),.PCURVE_S1.);
#2868 = LINE('',#2869,#2870);
#2869 = CARTESIAN_POINT('',(-12.,-6.,55.8));
#2870 = VECTOR('',#2871,1.);
#2871 = DIRECTION('',(-1.,0.,0.));
#2872 = PCURVE('',#1923,#2873);
#2873 = DEFINITIONAL_REPRESENTATION('',(#2874),#2877);
#2874 = B_SPLINE_CURVE_WITH_KNOTS('',1,(#2875,#2876),.UNSPECIFIED.,.F.,
  .F.,(2,2),(-24.,0.),.PIECEWISE_BEZIER_KNOTS.);
#2875 = CARTESIAN_POINT('',(24.,2.5));
#2876 = CARTESIAN_POINT('',(0.,2.5));
#2877 = ( GEOMETRIC_REPRESENTATION_CONTEXT(2) 
PARAMETRIC_REPRESENTATION_CONTEXT() REPRESENTATION_CONTEXT('2D SPACE',''
  ) );
#2878 = PCURVE('',#1895,#2879);
#2879 = DEFINITIONAL_REPRESENTATION('',(#2880),#2883);
#2880 = B_SPLINE_CURVE_WITH_KNOTS('',1,(#2881,#2882),.UNSPECIFIED.,.F.,
  .F.,(2,2),(-24.,0.),.PIECEWISE_BEZIER_KNOTS.);
#2881 = CARTESIAN_POINT('',(2.,24.));
#2882 = CARTESIAN_POINT('',(2.,0.));
#2883 = ( GEOMETRIC_REPRESENTATION_CONTEXT(2) 
PARAMETRIC_REPRESENTATION_CONTEXT() REPRESENTATION_CONTEXT('2D SPACE',''
  ) );
#2884 = ADVANCED_FACE('',(#2885),#1895,.F.);
#2885 = FACE_BOUND('',#2886,.F.);
#2886 = EDGE_LOOP('',(#2887,#2888,#2889,#2890));
#2887 = ORIENTED_EDGE('',*,*,#2190,.F.);
#2888 = ORIENTED_EDGE('',*,*,#2866,.T.);
#2889 = ORIENTED_EDGE('',*,*,#1879,.T.);
#2890 = ORIENTED_EDGE('',*,*,#2891,.T.);
#2891 = EDGE_CURVE('',#1852,#2168,#2892,.T.);
#2892 = SURFACE_CURVE('',#2893,(#2897,#2904),.PCURVE_S1.);
#2893 = LINE('',#2894,#2895);
#2894 = CARTESIAN_POINT('',(-12.,-6.,57.8));
#2895 = VECTOR('',#2896,1.);
#2896 = DIRECTION('',(1.,0.,0.));
#2897 = PCURVE('',#1895,#2898);
#2898 = DEFINITIONAL_REPRESENTATION('',(#2899),#2903);
#2899 = LINE('',#2900,#2901);
#2900 = CARTESIAN_POINT('',(4.,0.));
#2901 = VECTOR('',#2902,1.);
#2902 = DIRECTION('',(0.,1.));
#2903 = ( GEOMETRIC_REPRESENTATION_CONTEXT(2) 
PARAMETRIC_REPRESENTATION_CONTEXT() REPRESENTATION_CONTEXT('2D SPACE',''
  ) );
#2904 = PCURVE('',#1867,#2905);
#2905 = DEFINITIONAL_REPRESENTATION('',(#2906),#2910);
#2906 = LINE('',#2907,#2908);
#2907 = CARTESIAN_POINT('',(8.,-16.));
#2908 = VECTOR('',#2909,1.);
#2909 = DIRECTION('',(1.,0.));
#2910 = ( GEOMETRIC_REPRESENTATION_CONTEXT(2) 
PARAMETRIC_REPRESENTATION_CONTEXT() REPRESENTATION_CONTEXT('2D SPACE',''
  ) );
#2911 = ADVANCED_FACE('',(#2912,#3169,#3200),#1811,.F.);
#2912 = FACE_BOUND('',#2913,.F.);
#2913 = EDGE_LOOP('',(#2914,#2944,#2972,#3000,#3021,#3022,#3023,#3044,
    #3065,#3084,#3085,#3106,#3127,#3146,#3147,#3148));
#2914 = ORIENTED_EDGE('',*,*,#2915,.T.);
#2915 = EDGE_CURVE('',#2916,#2918,#2920,.T.);
#2916 = VERTEX_POINT('',#2917);
#2917 = CARTESIAN_POINT('',(20.,10.,53.8));
#2918 = VERTEX_POINT('',#2919);
#2919 = CARTESIAN_POINT('',(20.,52.,53.8));
#2920 = SURFACE_CURVE('',#2921,(#2925,#2932),.PCURVE_S1.);
#2921 = LINE('',#2922,#2923);
#2922 = CARTESIAN_POINT('',(20.,10.,53.8));
#2923 = VECTOR('',#2924,1.);
#2924 = DIRECTION('',(0.,1.,0.));
#2925 = PCURVE('',#1811,#2926);
#2926 = DEFINITIONAL_REPRESENTATION('',(#2927),#2931);
#2927 = LINE('',#2928,#2929);
#2928 = CARTESIAN_POINT('',(40.,0.));
#2929 = VECTOR('',#2930,1.);
#2930 = DIRECTION('',(0.,1.));
#2931 = ( GEOMETRIC_REPRESENTATION_CONTEXT(2) 
PARAMETRIC_REPRESENTATION_CONTEXT() REPRESENTATION_CONTEXT('2D SPACE',''
  ) );
#2932 = PCURVE('',#2933,#2938);
#2933 = PLANE('',#2934);
#2934 = AXIS2_PLACEMENT_3D('',#2935,#2936,#2937);
#2935 = CARTESIAN_POINT('',(20.,10.,53.8));
#2936 = DIRECTION('',(1.,0.,0.));
#2937 = DIRECTION('',(0.,0.,1.));
#2938 = DEFINITIONAL_REPRESENTATION('',(#2939),#2943);
#2939 = LINE('',#2940,#2941);
#2940 = CARTESIAN_POINT('',(0.,0.));
#2941 = VECTOR('',#2942,1.);
#2942 = DIRECTION('',(0.,-1.));
#2943 = ( GEOMETRIC_REPRESENTATION_CONTEXT(2) 
PARAMETRIC_REPRESENTATION_CONTEXT() REPRESENTATION_CONTEXT('2D SPACE',''
  ) );
#2944 = ORIENTED_EDGE('',*,*,#2945,.F.);
#2945 = EDGE_CURVE('',#2946,#2918,#2948,.T.);
#2946 = VERTEX_POINT('',#2947);
#2947 = CARTESIAN_POINT('',(-20.,52.,53.8));
#2948 = SURFACE_CURVE('',#2949,(#2953,#2960),.PCURVE_S1.);
#2949 = LINE('',#2950,#2951);
#2950 = CARTESIAN_POINT('',(-20.,52.,53.8));
#2951 = VECTOR('',#2952,1.);
#2952 = DIRECTION('',(1.,0.,0.));
#2953 = PCURVE('',#1811,#2954);
#2954 = DEFINITIONAL_REPRESENTATION('',(#2955),#2959);
#2955 = LINE('',#2956,#2957);
#2956 = CARTESIAN_POINT('',(0.,42.));
#2957 = VECTOR('',#2958,1.);
#2958 = DIRECTION('',(1.,0.));
#2959 = ( GEOMETRIC_REPRESENTATION_CONTEXT(2) 
PARAMETRIC_REPRESENTATION_CONTEXT() REPRESENTATION_CONTEXT('2D SPACE',''
  ) );
#2960 = PCURVE('',#2961,#2966);
#2961 = PLANE('',#2962);
#2962 = AXIS2_PLACEMENT_3D('',#2963,#2964,#2965);
#2963 = CARTESIAN_POINT('',(-20.,52.,53.8));
#2964 = DIRECTION('',(0.,1.,0.));
#2965 = DIRECTION('',(0.,0.,1.));
#2966 = DEFINITIONAL_REPRESENTATION('',(#2967),#2971);
#2967 = LINE('',#2968,#2969);
#2968 = CARTESIAN_POINT('',(0.,0.));
#2969 = VECTOR('',#2970,1.);
#2970 = DIRECTION('',(0.,1.));
#2971 = ( GEOMETRIC_REPRESENTATION_CONTEXT(2) 
PARAMETRIC_REPRESENTATION_CONTEXT() REPRESENTATION_CONTEXT('2D SPACE',''
  ) );
#2972 = ORIENTED_EDGE('',*,*,#2973,.F.);
#2973 = EDGE_CURVE('',#2974,#2946,#2976,.T.);
#2974 = VERTEX_POINT('',#2975);
#2975 = CARTESIAN_POINT('',(-20.,10.,53.8));
#2976 = SURFACE_CURVE('',#2977,(#2981,#2988),.PCURVE_S1.);
#2977 = LINE('',#2978,#2979);
#2978 = CARTESIAN_POINT('',(-20.,10.,53.8));
#2979 = VECTOR('',#2980,1.);
#2980 = DIRECTION('',(0.,1.,0.));
#2981 = PCURVE('',#1811,#2982);
#2982 = DEFINITIONAL_REPRESENTATION('',(#2983),#2987);
#2983 = LINE('',#2984,#2985);
#2984 = CARTESIAN_POINT('',(0.,0.));
#2985 = VECTOR('',#2986,1.);
#2986 = DIRECTION('',(0.,1.));
#2987 = ( GEOMETRIC_REPRESENTATION_CONTEXT(2) 
PARAMETRIC_REPRESENTATION_CONTEXT() REPRESENTATION_CONTEXT('2D SPACE',''
  ) );
#2988 = PCURVE('',#2989,#2994);
#2989 = PLANE('',#2990);
#2990 = AXIS2_PLACEMENT_3D('',#2991,#2992,#2993);
#2991 = CARTESIAN_POINT('',(-20.,10.,53.8));
#2992 = DIRECTION('',(1.,0.,0.));
#2993 = DIRECTION('',(0.,0.,1.));
#2994 = DEFINITIONAL_REPRESENTATION('',(#2995),#2999);
#2995 = LINE('',#2996,#2997);
#2996 = CARTESIAN_POINT('',(0.,0.));
#2997 = VECTOR('',#2998,1.);
#2998 = DIRECTION('',(0.,-1.));
#2999 = ( GEOMETRIC_REPRESENTATION_CONTEXT(2) 
PARAMETRIC_REPRESENTATION_CONTEXT() REPRESENTATION_CONTEXT('2D SPACE',''
  ) );
#3000 = ORIENTED_EDGE('',*,*,#3001,.T.);
#3001 = EDGE_CURVE('',#2974,#1796,#3002,.T.);
#3002 = SURFACE_CURVE('',#3003,(#3007,#3014),.PCURVE_S1.);
#3003 = LINE('',#3004,#3005);
#3004 = CARTESIAN_POINT('',(-20.,10.,53.8));
#3005 = VECTOR('',#3006,1.);
#3006 = DIRECTION('',(1.,0.,0.));
#3007 = PCURVE('',#1811,#3008);
#3008 = DEFINITIONAL_REPRESENTATION('',(#3009),#3013);
#3009 = LINE('',#3010,#3011);
#3010 = CARTESIAN_POINT('',(0.,0.));
#3011 = VECTOR('',#3012,1.);
#3012 = DIRECTION('',(1.,0.));
#3013 = ( GEOMETRIC_REPRESENTATION_CONTEXT(2) 
PARAMETRIC_REPRESENTATION_CONTEXT() REPRESENTATION_CONTEXT('2D SPACE',''
  ) );
#3014 = PCURVE('',#1839,#3015);
#3015 = DEFINITIONAL_REPRESENTATION('',(#3016),#3020);
#3016 = LINE('',#3017,#3018);
#3017 = CARTESIAN_POINT('',(0.,0.));
#3018 = VECTOR('',#3019,1.);
#3019 = DIRECTION('',(0.,1.));
#3020 = ( GEOMETRIC_REPRESENTATION_CONTEXT(2) 
PARAMETRIC_REPRESENTATION_CONTEXT() REPRESENTATION_CONTEXT('2D SPACE',''
  ) );
#3021 = ORIENTED_EDGE('',*,*,#1795,.F.);
#3022 = ORIENTED_EDGE('',*,*,#2600,.F.);
#3023 = ORIENTED_EDGE('',*,*,#3024,.T.);
#3024 = EDGE_CURVE('',#2575,#3025,#3027,.T.);
#3025 = VERTEX_POINT('',#3026);
#3026 = CARTESIAN_POINT('',(-11.8,7.166666666667,53.8));
#3027 = SURFACE_CURVE('',#3028,(#3032,#3038),.PCURVE_S1.);
#3028 = LINE('',#3029,#3030);
#3029 = CARTESIAN_POINT('',(-11.8,5.755045362488,53.8));
#3030 = VECTOR('',#3031,1.);
#3031 = DIRECTION('',(0.,1.,0.));
#3032 = PCURVE('',#1811,#3033);
#3033 = DEFINITIONAL_REPRESENTATION('',(#3034),#3037);
#3034 = B_SPLINE_CURVE_WITH_KNOTS('',1,(#3035,#3036),.UNSPECIFIED.,.F.,
  .F.,(2,2),(-11.75504536248,2.244954637512),.PIECEWISE_BEZIER_KNOTS.);
#3035 = CARTESIAN_POINT('',(8.2,-16.));
#3036 = CARTESIAN_POINT('',(8.2,-2.));
#3037 = ( GEOMETRIC_REPRESENTATION_CONTEXT(2) 
PARAMETRIC_REPRESENTATION_CONTEXT() REPRESENTATION_CONTEXT('2D SPACE',''
  ) );
#3038 = PCURVE('',#2589,#3039);
#3039 = DEFINITIONAL_REPRESENTATION('',(#3040),#3043);
#3040 = B_SPLINE_CURVE_WITH_KNOTS('',1,(#3041,#3042),.UNSPECIFIED.,.F.,
  .F.,(2,2),(-11.75504536248,2.244954637512),.PIECEWISE_BEZIER_KNOTS.);
#3041 = CARTESIAN_POINT('',(6.917609851895,7.510090724977));
#3042 = CARTESIAN_POINT('',(6.917609851895,-6.489909275023));
#3043 = ( GEOMETRIC_REPRESENTATION_CONTEXT(2) 
PARAMETRIC_REPRESENTATION_CONTEXT() REPRESENTATION_CONTEXT('2D SPACE',''
  ) );
#3044 = ORIENTED_EDGE('',*,*,#3045,.T.);
#3045 = EDGE_CURVE('',#3025,#3046,#3048,.T.);
#3046 = VERTEX_POINT('',#3047);
#3047 = CARTESIAN_POINT('',(-9.2,7.166666666667,53.8));
#3048 = SURFACE_CURVE('',#3049,(#3053,#3059),.PCURVE_S1.);
#3049 = LINE('',#3050,#3051);
#3050 = CARTESIAN_POINT('',(-15.9,7.166666666667,53.8));
#3051 = VECTOR('',#3052,1.);
#3052 = DIRECTION('',(1.,0.,-0.));
#3053 = PCURVE('',#1811,#3054);
#3054 = DEFINITIONAL_REPRESENTATION('',(#3055),#3058);
#3055 = B_SPLINE_CURVE_WITH_KNOTS('',1,(#3056,#3057),.UNSPECIFIED.,.F.,
  .F.,(2,2),(4.1,6.7),.PIECEWISE_BEZIER_KNOTS.);
#3056 = CARTESIAN_POINT('',(8.2,-2.833333333333));
#3057 = CARTESIAN_POINT('',(10.8,-2.833333333333));
#3058 = ( GEOMETRIC_REPRESENTATION_CONTEXT(2) 
PARAMETRIC_REPRESENTATION_CONTEXT() REPRESENTATION_CONTEXT('2D SPACE',''
  ) );
#3059 = PCURVE('',#2562,#3060);
#3060 = DEFINITIONAL_REPRESENTATION('',(#3061),#3064);
#3061 = B_SPLINE_CURVE_WITH_KNOTS('',1,(#3062,#3063),.UNSPECIFIED.,.F.,
  .F.,(2,2),(4.1,6.7),.PIECEWISE_BEZIER_KNOTS.);
#3062 = CARTESIAN_POINT('',(16.533635749922,0.));
#3063 = CARTESIAN_POINT('',(16.533635749922,-2.6));
#3064 = ( GEOMETRIC_REPRESENTATION_CONTEXT(2) 
PARAMETRIC_REPRESENTATION_CONTEXT() REPRESENTATION_CONTEXT('2D SPACE',''
  ) );
#3065 = ORIENTED_EDGE('',*,*,#3066,.F.);
#3066 = EDGE_CURVE('',#2651,#3046,#3067,.T.);
#3067 = SURFACE_CURVE('',#3068,(#3072,#3078),.PCURVE_S1.);
#3068 = LINE('',#3069,#3070);
#3069 = CARTESIAN_POINT('',(-9.2,5.755045362488,53.8));
#3070 = VECTOR('',#3071,1.);
#3071 = DIRECTION('',(0.,1.,0.));
#3072 = PCURVE('',#1811,#3073);
#3073 = DEFINITIONAL_REPRESENTATION('',(#3074),#3077);
#3074 = B_SPLINE_CURVE_WITH_KNOTS('',1,(#3075,#3076),.UNSPECIFIED.,.F.,
  .F.,(2,2),(-11.75504536248,2.244954637512),.PIECEWISE_BEZIER_KNOTS.);
#3075 = CARTESIAN_POINT('',(10.8,-16.));
#3076 = CARTESIAN_POINT('',(10.8,-2.));
#3077 = ( GEOMETRIC_REPRESENTATION_CONTEXT(2) 
PARAMETRIC_REPRESENTATION_CONTEXT() REPRESENTATION_CONTEXT('2D SPACE',''
  ) );
#3078 = PCURVE('',#2666,#3079);
#3079 = DEFINITIONAL_REPRESENTATION('',(#3080),#3083);
#3080 = B_SPLINE_CURVE_WITH_KNOTS('',1,(#3081,#3082),.UNSPECIFIED.,.F.,
  .F.,(2,2),(-11.75504536248,2.244954637512),.PIECEWISE_BEZIER_KNOTS.);
#3081 = CARTESIAN_POINT('',(6.917609851895,7.510090724977));
#3082 = CARTESIAN_POINT('',(6.917609851895,-6.489909275023));
#3083 = ( GEOMETRIC_REPRESENTATION_CONTEXT(2) 
PARAMETRIC_REPRESENTATION_CONTEXT() REPRESENTATION_CONTEXT('2D SPACE',''
  ) );
#3084 = ORIENTED_EDGE('',*,*,#2677,.T.);
#3085 = ORIENTED_EDGE('',*,*,#3086,.T.);
#3086 = EDGE_CURVE('',#2678,#3087,#3089,.T.);
#3087 = VERTEX_POINT('',#3088);
#3088 = CARTESIAN_POINT('',(9.2,7.166666666667,53.8));
#3089 = SURFACE_CURVE('',#3090,(#3094,#3100),.PCURVE_S1.);
#3090 = LINE('',#3091,#3092);
#3091 = CARTESIAN_POINT('',(9.2,5.755045362488,53.8));
#3092 = VECTOR('',#3093,1.);
#3093 = DIRECTION('',(0.,1.,0.));
#3094 = PCURVE('',#1811,#3095);
#3095 = DEFINITIONAL_REPRESENTATION('',(#3096),#3099);
#3096 = B_SPLINE_CURVE_WITH_KNOTS('',1,(#3097,#3098),.UNSPECIFIED.,.F.,
  .F.,(2,2),(-11.75504536248,2.244954637512),.PIECEWISE_BEZIER_KNOTS.);
#3097 = CARTESIAN_POINT('',(29.2,-16.));
#3098 = CARTESIAN_POINT('',(29.2,-2.));
#3099 = ( GEOMETRIC_REPRESENTATION_CONTEXT(2) 
PARAMETRIC_REPRESENTATION_CONTEXT() REPRESENTATION_CONTEXT('2D SPACE',''
  ) );
#3100 = PCURVE('',#2715,#3101);
#3101 = DEFINITIONAL_REPRESENTATION('',(#3102),#3105);
#3102 = B_SPLINE_CURVE_WITH_KNOTS('',1,(#3103,#3104),.UNSPECIFIED.,.F.,
  .F.,(2,2),(-11.75504536248,2.244954637512),.PIECEWISE_BEZIER_KNOTS.);
#3103 = CARTESIAN_POINT('',(6.917609851895,7.510090724977));
#3104 = CARTESIAN_POINT('',(6.917609851895,-6.489909275023));
#3105 = ( GEOMETRIC_REPRESENTATION_CONTEXT(2) 
PARAMETRIC_REPRESENTATION_CONTEXT() REPRESENTATION_CONTEXT('2D SPACE',''
  ) );
#3106 = ORIENTED_EDGE('',*,*,#3107,.T.);
#3107 = EDGE_CURVE('',#3087,#3108,#3110,.T.);
#3108 = VERTEX_POINT('',#3109);
#3109 = CARTESIAN_POINT('',(11.8,7.166666666667,53.8));
#3110 = SURFACE_CURVE('',#3111,(#3115,#3121),.PCURVE_S1.);
#3111 = LINE('',#3112,#3113);
#3112 = CARTESIAN_POINT('',(-5.4,7.166666666667,53.8));
#3113 = VECTOR('',#3114,1.);
#3114 = DIRECTION('',(1.,0.,-0.));
#3115 = PCURVE('',#1811,#3116);
#3116 = DEFINITIONAL_REPRESENTATION('',(#3117),#3120);
#3117 = B_SPLINE_CURVE_WITH_KNOTS('',1,(#3118,#3119),.UNSPECIFIED.,.F.,
  .F.,(2,2),(14.6,17.2),.PIECEWISE_BEZIER_KNOTS.);
#3118 = CARTESIAN_POINT('',(29.2,-2.833333333333));
#3119 = CARTESIAN_POINT('',(31.8,-2.833333333333));
#3120 = ( GEOMETRIC_REPRESENTATION_CONTEXT(2) 
PARAMETRIC_REPRESENTATION_CONTEXT() REPRESENTATION_CONTEXT('2D SPACE',''
  ) );
#3121 = PCURVE('',#2742,#3122);
#3122 = DEFINITIONAL_REPRESENTATION('',(#3123),#3126);
#3123 = B_SPLINE_CURVE_WITH_KNOTS('',1,(#3124,#3125),.UNSPECIFIED.,.F.,
  .F.,(2,2),(14.6,17.2),.PIECEWISE_BEZIER_KNOTS.);
#3124 = CARTESIAN_POINT('',(16.533635749922,0.));
#3125 = CARTESIAN_POINT('',(16.533635749922,-2.6));
#3126 = ( GEOMETRIC_REPRESENTATION_CONTEXT(2) 
PARAMETRIC_REPRESENTATION_CONTEXT() REPRESENTATION_CONTEXT('2D SPACE',''
  ) );
#3127 = ORIENTED_EDGE('',*,*,#3128,.F.);
#3128 = EDGE_CURVE('',#2810,#3108,#3129,.T.);
#3129 = SURFACE_CURVE('',#3130,(#3134,#3140),.PCURVE_S1.);
#3130 = LINE('',#3131,#3132);
#3131 = CARTESIAN_POINT('',(11.8,5.755045362488,53.8));
#3132 = VECTOR('',#3133,1.);
#3133 = DIRECTION('',(0.,1.,0.));
#3134 = PCURVE('',#1811,#3135);
#3135 = DEFINITIONAL_REPRESENTATION('',(#3136),#3139);
#3136 = B_SPLINE_CURVE_WITH_KNOTS('',1,(#3137,#3138),.UNSPECIFIED.,.F.,
  .F.,(2,2),(-11.75504536248,2.244954637512),.PIECEWISE_BEZIER_KNOTS.);
#3137 = CARTESIAN_POINT('',(31.8,-16.));
#3138 = CARTESIAN_POINT('',(31.8,-2.));
#3139 = ( GEOMETRIC_REPRESENTATION_CONTEXT(2) 
PARAMETRIC_REPRESENTATION_CONTEXT() REPRESENTATION_CONTEXT('2D SPACE',''
  ) );
#3140 = PCURVE('',#2824,#3141);
#3141 = DEFINITIONAL_REPRESENTATION('',(#3142),#3145);
#3142 = B_SPLINE_CURVE_WITH_KNOTS('',1,(#3143,#3144),.UNSPECIFIED.,.F.,
  .F.,(2,2),(-11.75504536248,2.244954637512),.PIECEWISE_BEZIER_KNOTS.);
#3143 = CARTESIAN_POINT('',(6.917609851895,7.510090724977));
#3144 = CARTESIAN_POINT('',(6.917609851895,-6.489909275023));
#3145 = ( GEOMETRIC_REPRESENTATION_CONTEXT(2) 
PARAMETRIC_REPRESENTATION_CONTEXT() REPRESENTATION_CONTEXT('2D SPACE',''
  ) );
#3146 = ORIENTED_EDGE('',*,*,#2835,.F.);
#3147 = ORIENTED_EDGE('',*,*,#2116,.T.);
#3148 = ORIENTED_EDGE('',*,*,#3149,.T.);
#3149 = EDGE_CURVE('',#2117,#2916,#3150,.T.);
#3150 = SURFACE_CURVE('',#3151,(#3155,#3162),.PCURVE_S1.);
#3151 = LINE('',#3152,#3153);
#3152 = CARTESIAN_POINT('',(-20.,10.,53.8));
#3153 = VECTOR('',#3154,1.);
#3154 = DIRECTION('',(1.,0.,0.));
#3155 = PCURVE('',#1811,#3156);
#3156 = DEFINITIONAL_REPRESENTATION('',(#3157),#3161);
#3157 = LINE('',#3158,#3159);
#3158 = CARTESIAN_POINT('',(0.,0.));
#3159 = VECTOR('',#3160,1.);
#3160 = DIRECTION('',(1.,0.));
#3161 = ( GEOMETRIC_REPRESENTATION_CONTEXT(2) 
PARAMETRIC_REPRESENTATION_CONTEXT() REPRESENTATION_CONTEXT('2D SPACE',''
  ) );
#3162 = PCURVE('',#2155,#3163);
#3163 = DEFINITIONAL_REPRESENTATION('',(#3164),#3168);
#3164 = LINE('',#3165,#3166);
#3165 = CARTESIAN_POINT('',(0.,0.));
#3166 = VECTOR('',#3167,1.);
#3167 = DIRECTION('',(0.,1.));
#3168 = ( GEOMETRIC_REPRESENTATION_CONTEXT(2) 
PARAMETRIC_REPRESENTATION_CONTEXT() REPRESENTATION_CONTEXT('2D SPACE',''
  ) );
#3169 = FACE_BOUND('',#3170,.F.);
#3170 = EDGE_LOOP('',(#3171));
#3171 = ORIENTED_EDGE('',*,*,#3172,.F.);
#3172 = EDGE_CURVE('',#3173,#3173,#3175,.T.);
#3173 = VERTEX_POINT('',#3174);
#3174 = CARTESIAN_POINT('',(-8.3,32.,53.8));
#3175 = SURFACE_CURVE('',#3176,(#3181,#3188),.PCURVE_S1.);
#3176 = CIRCLE('',#3177,1.7);
#3177 = AXIS2_PLACEMENT_3D('',#3178,#3179,#3180);
#3178 = CARTESIAN_POINT('',(-10.,32.,53.8));
#3179 = DIRECTION('',(0.,0.,1.));
#3180 = DIRECTION('',(1.,0.,0.));
#3181 = PCURVE('',#1811,#3182);
#3182 = DEFINITIONAL_REPRESENTATION('',(#3183),#3187);
#3183 = CIRCLE('',#3184,1.7);
#3184 = AXIS2_PLACEMENT_2D('',#3185,#3186);
#3185 = CARTESIAN_POINT('',(10.,22.));
#3186 = DIRECTION('',(1.,0.));
#3187 = ( GEOMETRIC_REPRESENTATION_CONTEXT(2) 
PARAMETRIC_REPRESENTATION_CONTEXT() REPRESENTATION_CONTEXT('2D SPACE',''
  ) );
#3188 = PCURVE('',#3189,#3194);
#3189 = CYLINDRICAL_SURFACE('',#3190,1.7);
#3190 = AXIS2_PLACEMENT_3D('',#3191,#3192,#3193);
#3191 = CARTESIAN_POINT('',(-10.,32.,49.8));
#3192 = DIRECTION('',(0.,0.,1.));
#3193 = DIRECTION('',(1.,0.,0.));
#3194 = DEFINITIONAL_REPRESENTATION('',(#3195),#3199);
#3195 = LINE('',#3196,#3197);
#3196 = CARTESIAN_POINT('',(0.,4.));
#3197 = VECTOR('',#3198,1.);
#3198 = DIRECTION('',(1.,0.));
#3199 = ( GEOMETRIC_REPRESENTATION_CONTEXT(2) 
PARAMETRIC_REPRESENTATION_CONTEXT() REPRESENTATION_CONTEXT('2D SPACE',''
  ) );
#3200 = FACE_BOUND('',#3201,.F.);
#3201 = EDGE_LOOP('',(#3202));
#3202 = ORIENTED_EDGE('',*,*,#3203,.F.);
#3203 = EDGE_CURVE('',#3204,#3204,#3206,.T.);
#3204 = VERTEX_POINT('',#3205);
#3205 = CARTESIAN_POINT('',(11.7,32.,53.8));
#3206 = SURFACE_CURVE('',#3207,(#3212,#3219),.PCURVE_S1.);
#3207 = CIRCLE('',#3208,1.7);
#3208 = AXIS2_PLACEMENT_3D('',#3209,#3210,#3211);
#3209 = CARTESIAN_POINT('',(10.,32.,53.8));
#3210 = DIRECTION('',(0.,0.,1.));
#3211 = DIRECTION('',(1.,0.,0.));
#3212 = PCURVE('',#1811,#3213);
#3213 = DEFINITIONAL_REPRESENTATION('',(#3214),#3218);
#3214 = CIRCLE('',#3215,1.7);
#3215 = AXIS2_PLACEMENT_2D('',#3216,#3217);
#3216 = CARTESIAN_POINT('',(30.,22.));
#3217 = DIRECTION('',(1.,0.));
#3218 = ( GEOMETRIC_REPRESENTATION_CONTEXT(2) 
PARAMETRIC_REPRESENTATION_CONTEXT() REPRESENTATION_CONTEXT('2D SPACE',''
  ) );
#3219 = PCURVE('',#3220,#3225);
#3220 = CYLINDRICAL_SURFACE('',#3221,1.7);
#3221 = AXIS2_PLACEMENT_3D('',#3222,#3223,#3224);
#3222 = CARTESIAN_POINT('',(10.,32.,49.8));
#3223 = DIRECTION('',(0.,0.,1.));
#3224 = DIRECTION('',(1.,0.,0.));
#3225 = DEFINITIONAL_REPRESENTATION('',(#3226),#3230);
#3226 = LINE('',#3227,#3228);
#3227 = CARTESIAN_POINT('',(0.,4.));
#3228 = VECTOR('',#3229,1.);
#3229 = DIRECTION('',(1.,0.));
#3230 = ( GEOMETRIC_REPRESENTATION_CONTEXT(2) 
PARAMETRIC_REPRESENTATION_CONTEXT() REPRESENTATION_CONTEXT('2D SPACE',''
  ) );
#3231 = ADVANCED_FACE('',(#3232),#2589,.F.);
#3232 = FACE_BOUND('',#3233,.F.);
#3233 = EDGE_LOOP('',(#3234,#3235,#3236));
#3234 = ORIENTED_EDGE('',*,*,#3024,.F.);
#3235 = ORIENTED_EDGE('',*,*,#2574,.F.);
#3236 = ORIENTED_EDGE('',*,*,#3237,.T.);
#3237 = EDGE_CURVE('',#2540,#3025,#3238,.T.);
#3238 = SURFACE_CURVE('',#3239,(#3243,#3250),.PCURVE_S1.);
#3239 = LINE('',#3240,#3241);
#3240 = CARTESIAN_POINT('',(-11.8,3.,37.8));
#3241 = VECTOR('',#3242,1.);
#3242 = DIRECTION('',(0.,0.252011519407,0.967724234524));
#3243 = PCURVE('',#2589,#3244);
#3244 = DEFINITIONAL_REPRESENTATION('',(#3245),#3249);
#3245 = LINE('',#3246,#3247);
#3246 = CARTESIAN_POINT('',(-9.082390148105,-1.489909275023));
#3247 = VECTOR('',#3248,1.);
#3248 = DIRECTION('',(0.967724234524,-0.252011519407));
#3249 = ( GEOMETRIC_REPRESENTATION_CONTEXT(2) 
PARAMETRIC_REPRESENTATION_CONTEXT() REPRESENTATION_CONTEXT('2D SPACE',''
  ) );
#3250 = PCURVE('',#2562,#3251);
#3251 = DEFINITIONAL_REPRESENTATION('',(#3252),#3256);
#3252 = LINE('',#3253,#3254);
#3253 = CARTESIAN_POINT('',(0.,0.));
#3254 = VECTOR('',#3255,1.);
#3255 = DIRECTION('',(1.,0.));
#3256 = ( GEOMETRIC_REPRESENTATION_CONTEXT(2) 
PARAMETRIC_REPRESENTATION_CONTEXT() REPRESENTATION_CONTEXT('2D SPACE',''
  ) );
#3257 = ADVANCED_FACE('',(#3258),#2562,.F.);
#3258 = FACE_BOUND('',#3259,.F.);
#3259 = EDGE_LOOP('',(#3260,#3261,#3262,#3263,#3284));
#3260 = ORIENTED_EDGE('',*,*,#3237,.F.);
#3261 = ORIENTED_EDGE('',*,*,#2539,.F.);
#3262 = ORIENTED_EDGE('',*,*,#2628,.T.);
#3263 = ORIENTED_EDGE('',*,*,#3264,.T.);
#3264 = EDGE_CURVE('',#2629,#3046,#3265,.T.);
#3265 = SURFACE_CURVE('',#3266,(#3270,#3277),.PCURVE_S1.);
#3266 = LINE('',#3267,#3268);
#3267 = CARTESIAN_POINT('',(-9.2,3.,37.8));
#3268 = VECTOR('',#3269,1.);
#3269 = DIRECTION('',(0.,0.252011519407,0.967724234524));
#3270 = PCURVE('',#2562,#3271);
#3271 = DEFINITIONAL_REPRESENTATION('',(#3272),#3276);
#3272 = LINE('',#3273,#3274);
#3273 = CARTESIAN_POINT('',(0.,-2.6));
#3274 = VECTOR('',#3275,1.);
#3275 = DIRECTION('',(1.,0.));
#3276 = ( GEOMETRIC_REPRESENTATION_CONTEXT(2) 
PARAMETRIC_REPRESENTATION_CONTEXT() REPRESENTATION_CONTEXT('2D SPACE',''
  ) );
#3277 = PCURVE('',#2666,#3278);
#3278 = DEFINITIONAL_REPRESENTATION('',(#3279),#3283);
#3279 = LINE('',#3280,#3281);
#3280 = CARTESIAN_POINT('',(-9.082390148105,-1.489909275023));
#3281 = VECTOR('',#3282,1.);
#3282 = DIRECTION('',(0.967724234524,-0.252011519407));
#3283 = ( GEOMETRIC_REPRESENTATION_CONTEXT(2) 
PARAMETRIC_REPRESENTATION_CONTEXT() REPRESENTATION_CONTEXT('2D SPACE',''
  ) );
#3284 = ORIENTED_EDGE('',*,*,#3045,.F.);
#3285 = ADVANCED_FACE('',(#3286),#2742,.F.);
#3286 = FACE_BOUND('',#3287,.F.);
#3287 = EDGE_LOOP('',(#3288,#3309,#3310,#3311,#3332));
#3288 = ORIENTED_EDGE('',*,*,#3289,.F.);
#3289 = EDGE_CURVE('',#2700,#3087,#3290,.T.);
#3290 = SURFACE_CURVE('',#3291,(#3295,#3302),.PCURVE_S1.);
#3291 = LINE('',#3292,#3293);
#3292 = CARTESIAN_POINT('',(9.2,3.,37.8));
#3293 = VECTOR('',#3294,1.);
#3294 = DIRECTION('',(0.,0.252011519407,0.967724234524));
#3295 = PCURVE('',#2742,#3296);
#3296 = DEFINITIONAL_REPRESENTATION('',(#3297),#3301);
#3297 = LINE('',#3298,#3299);
#3298 = CARTESIAN_POINT('',(0.,0.));
#3299 = VECTOR('',#3300,1.);
#3300 = DIRECTION('',(1.,0.));
#3301 = ( GEOMETRIC_REPRESENTATION_CONTEXT(2) 
PARAMETRIC_REPRESENTATION_CONTEXT() REPRESENTATION_CONTEXT('2D SPACE',''
  ) );
#3302 = PCURVE('',#2715,#3303);
#3303 = DEFINITIONAL_REPRESENTATION('',(#3304),#3308);
#3304 = LINE('',#3305,#3306);
#3305 = CARTESIAN_POINT('',(-9.082390148105,-1.489909275023));
#3306 = VECTOR('',#3307,1.);
#3307 = DIRECTION('',(0.967724234524,-0.252011519407));
#3308 = ( GEOMETRIC_REPRESENTATION_CONTEXT(2) 
PARAMETRIC_REPRESENTATION_CONTEXT() REPRESENTATION_CONTEXT('2D SPACE',''
  ) );
#3309 = ORIENTED_EDGE('',*,*,#2726,.T.);
#3310 = ORIENTED_EDGE('',*,*,#2779,.F.);
#3311 = ORIENTED_EDGE('',*,*,#3312,.T.);
#3312 = EDGE_CURVE('',#2780,#3108,#3313,.T.);
#3313 = SURFACE_CURVE('',#3314,(#3318,#3325),.PCURVE_S1.);
#3314 = LINE('',#3315,#3316);
#3315 = CARTESIAN_POINT('',(11.8,3.,37.8));
#3316 = VECTOR('',#3317,1.);
#3317 = DIRECTION('',(0.,0.252011519407,0.967724234524));
#3318 = PCURVE('',#2742,#3319);
#3319 = DEFINITIONAL_REPRESENTATION('',(#3320),#3324);
#3320 = LINE('',#3321,#3322);
#3321 = CARTESIAN_POINT('',(0.,-2.6));
#3322 = VECTOR('',#3323,1.);
#3323 = DIRECTION('',(1.,0.));
#3324 = ( GEOMETRIC_REPRESENTATION_CONTEXT(2) 
PARAMETRIC_REPRESENTATION_CONTEXT() REPRESENTATION_CONTEXT('2D SPACE',''
  ) );
#3325 = PCURVE('',#2824,#3326);
#3326 = DEFINITIONAL_REPRESENTATION('',(#3327),#3331);
#3327 = LINE('',#3328,#3329);
#3328 = CARTESIAN_POINT('',(-9.082390148105,-1.489909275023));
#3329 = VECTOR('',#3330,1.);
#3330 = DIRECTION('',(0.967724234524,-0.252011519407));
#3331 = ( GEOMETRIC_REPRESENTATION_CONTEXT(2) 
PARAMETRIC_REPRESENTATION_CONTEXT() REPRESENTATION_CONTEXT('2D SPACE',''
  ) );
#3332 = ORIENTED_EDGE('',*,*,#3107,.F.);
#3333 = ADVANCED_FACE('',(#3334),#2715,.F.);
#3334 = FACE_BOUND('',#3335,.F.);
#3335 = EDGE_LOOP('',(#3336,#3337,#3338));
#3336 = ORIENTED_EDGE('',*,*,#3086,.F.);
#3337 = ORIENTED_EDGE('',*,*,#2699,.T.);
#3338 = ORIENTED_EDGE('',*,*,#3289,.T.);
#3339 = ADVANCED_FACE('',(#3340),#2666,.T.);
#3340 = FACE_BOUND('',#3341,.T.);
#3341 = EDGE_LOOP('',(#3342,#3343,#3344));
#3342 = ORIENTED_EDGE('',*,*,#3066,.F.);
#3343 = ORIENTED_EDGE('',*,*,#2650,.T.);
#3344 = ORIENTED_EDGE('',*,*,#3264,.T.);
#3345 = ADVANCED_FACE('',(#3346),#2824,.T.);
#3346 = FACE_BOUND('',#3347,.T.);
#3347 = EDGE_LOOP('',(#3348,#3349,#3350));
#3348 = ORIENTED_EDGE('',*,*,#3128,.F.);
#3349 = ORIENTED_EDGE('',*,*,#2809,.F.);
#3350 = ORIENTED_EDGE('',*,*,#3312,.T.);
#3351 = ADVANCED_FACE('',(#3352,#3470,#3496),#1867,.T.);
#3352 = FACE_BOUND('',#3353,.T.);
#3353 = EDGE_LOOP('',(#3354,#3379,#3402,#3423,#3424,#3425,#3426,#3449));
#3354 = ORIENTED_EDGE('',*,*,#3355,.F.);
#3355 = EDGE_CURVE('',#3356,#3358,#3360,.T.);
#3356 = VERTEX_POINT('',#3357);
#3357 = CARTESIAN_POINT('',(-20.,52.,57.8));
#3358 = VERTEX_POINT('',#3359);
#3359 = CARTESIAN_POINT('',(20.,52.,57.8));
#3360 = SURFACE_CURVE('',#3361,(#3365,#3372),.PCURVE_S1.);
#3361 = LINE('',#3362,#3363);
#3362 = CARTESIAN_POINT('',(-20.,52.,57.8));
#3363 = VECTOR('',#3364,1.);
#3364 = DIRECTION('',(1.,0.,0.));
#3365 = PCURVE('',#1867,#3366);
#3366 = DEFINITIONAL_REPRESENTATION('',(#3367),#3371);
#3367 = LINE('',#3368,#3369);
#3368 = CARTESIAN_POINT('',(0.,42.));
#3369 = VECTOR('',#3370,1.);
#3370 = DIRECTION('',(1.,0.));
#3371 = ( GEOMETRIC_REPRESENTATION_CONTEXT(2) 
PARAMETRIC_REPRESENTATION_CONTEXT() REPRESENTATION_CONTEXT('2D SPACE',''
  ) );
#3372 = PCURVE('',#2961,#3373);
#3373 = DEFINITIONAL_REPRESENTATION('',(#3374),#3378);
#3374 = LINE('',#3375,#3376);
#3375 = CARTESIAN_POINT('',(4.,0.));
#3376 = VECTOR('',#3377,1.);
#3377 = DIRECTION('',(0.,1.));
#3378 = ( GEOMETRIC_REPRESENTATION_CONTEXT(2) 
PARAMETRIC_REPRESENTATION_CONTEXT() REPRESENTATION_CONTEXT('2D SPACE',''
  ) );
#3379 = ORIENTED_EDGE('',*,*,#3380,.F.);
#3380 = EDGE_CURVE('',#3381,#3356,#3383,.T.);
#3381 = VERTEX_POINT('',#3382);
#3382 = CARTESIAN_POINT('',(-20.,10.,57.8));
#3383 = SURFACE_CURVE('',#3384,(#3388,#3395),.PCURVE_S1.);
#3384 = LINE('',#3385,#3386);
#3385 = CARTESIAN_POINT('',(-20.,10.,57.8));
#3386 = VECTOR('',#3387,1.);
#3387 = DIRECTION('',(0.,1.,0.));
#3388 = PCURVE('',#1867,#3389);
#3389 = DEFINITIONAL_REPRESENTATION('',(#3390),#3394);
#3390 = LINE('',#3391,#3392);
#3391 = CARTESIAN_POINT('',(0.,0.));
#3392 = VECTOR('',#3393,1.);
#3393 = DIRECTION('',(0.,1.));
#3394 = ( GEOMETRIC_REPRESENTATION_CONTEXT(2) 
PARAMETRIC_REPRESENTATION_CONTEXT() REPRESENTATION_CONTEXT('2D SPACE',''
  ) );
#3395 = PCURVE('',#2989,#3396);
#3396 = DEFINITIONAL_REPRESENTATION('',(#3397),#3401);
#3397 = LINE('',#3398,#3399);
#3398 = CARTESIAN_POINT('',(4.,0.));
#3399 = VECTOR('',#3400,1.);
#3400 = DIRECTION('',(0.,-1.));
#3401 = ( GEOMETRIC_REPRESENTATION_CONTEXT(2) 
PARAMETRIC_REPRESENTATION_CONTEXT() REPRESENTATION_CONTEXT('2D SPACE',''
  ) );
#3402 = ORIENTED_EDGE('',*,*,#3403,.T.);
#3403 = EDGE_CURVE('',#3381,#1824,#3404,.T.);
#3404 = SURFACE_CURVE('',#3405,(#3409,#3416),.PCURVE_S1.);
#3405 = LINE('',#3406,#3407);
#3406 = CARTESIAN_POINT('',(-20.,10.,57.8));
#3407 = VECTOR('',#3408,1.);
#3408 = DIRECTION('',(1.,0.,0.));
#3409 = PCURVE('',#1867,#3410);
#3410 = DEFINITIONAL_REPRESENTATION('',(#3411),#3415);
#3411 = LINE('',#3412,#3413);
#3412 = CARTESIAN_POINT('',(0.,0.));
#3413 = VECTOR('',#3414,1.);
#3414 = DIRECTION('',(1.,0.));
#3415 = ( GEOMETRIC_REPRESENTATION_CONTEXT(2) 
PARAMETRIC_REPRESENTATION_CONTEXT() REPRESENTATION_CONTEXT('2D SPACE',''
  ) );
#3416 = PCURVE('',#1839,#3417);
#3417 = DEFINITIONAL_REPRESENTATION('',(#3418),#3422);
#3418 = LINE('',#3419,#3420);
#3419 = CARTESIAN_POINT('',(4.,0.));
#3420 = VECTOR('',#3421,1.);
#3421 = DIRECTION('',(0.,1.));
#3422 = ( GEOMETRIC_REPRESENTATION_CONTEXT(2) 
PARAMETRIC_REPRESENTATION_CONTEXT() REPRESENTATION_CONTEXT('2D SPACE',''
  ) );
#3423 = ORIENTED_EDGE('',*,*,#1851,.F.);
#3424 = ORIENTED_EDGE('',*,*,#2891,.T.);
#3425 = ORIENTED_EDGE('',*,*,#2167,.T.);
#3426 = ORIENTED_EDGE('',*,*,#3427,.T.);
#3427 = EDGE_CURVE('',#2140,#3428,#3430,.T.);
#3428 = VERTEX_POINT('',#3429);
#3429 = CARTESIAN_POINT('',(20.,10.,57.8));
#3430 = SURFACE_CURVE('',#3431,(#3435,#3442),.PCURVE_S1.);
#3431 = LINE('',#3432,#3433);
#3432 = CARTESIAN_POINT('',(-20.,10.,57.8));
#3433 = VECTOR('',#3434,1.);
#3434 = DIRECTION('',(1.,0.,0.));
#3435 = PCURVE('',#1867,#3436);
#3436 = DEFINITIONAL_REPRESENTATION('',(#3437),#3441);
#3437 = LINE('',#3438,#3439);
#3438 = CARTESIAN_POINT('',(0.,0.));
#3439 = VECTOR('',#3440,1.);
#3440 = DIRECTION('',(1.,0.));
#3441 = ( GEOMETRIC_REPRESENTATION_CONTEXT(2) 
PARAMETRIC_REPRESENTATION_CONTEXT() REPRESENTATION_CONTEXT('2D SPACE',''
  ) );
#3442 = PCURVE('',#2155,#3443);
#3443 = DEFINITIONAL_REPRESENTATION('',(#3444),#3448);
#3444 = LINE('',#3445,#3446);
#3445 = CARTESIAN_POINT('',(4.,0.));
#3446 = VECTOR('',#3447,1.);
#3447 = DIRECTION('',(0.,1.));
#3448 = ( GEOMETRIC_REPRESENTATION_CONTEXT(2) 
PARAMETRIC_REPRESENTATION_CONTEXT() REPRESENTATION_CONTEXT('2D SPACE',''
  ) );
#3449 = ORIENTED_EDGE('',*,*,#3450,.T.);
#3450 = EDGE_CURVE('',#3428,#3358,#3451,.T.);
#3451 = SURFACE_CURVE('',#3452,(#3456,#3463),.PCURVE_S1.);
#3452 = LINE('',#3453,#3454);
#3453 = CARTESIAN_POINT('',(20.,10.,57.8));
#3454 = VECTOR('',#3455,1.);
#3455 = DIRECTION('',(0.,1.,0.));
#3456 = PCURVE('',#1867,#3457);
#3457 = DEFINITIONAL_REPRESENTATION('',(#3458),#3462);
#3458 = LINE('',#3459,#3460);
#3459 = CARTESIAN_POINT('',(40.,0.));
#3460 = VECTOR('',#3461,1.);
#3461 = DIRECTION('',(0.,1.));
#3462 = ( GEOMETRIC_REPRESENTATION_CONTEXT(2) 
PARAMETRIC_REPRESENTATION_CONTEXT() REPRESENTATION_CONTEXT('2D SPACE',''
  ) );
#3463 = PCURVE('',#2933,#3464);
#3464 = DEFINITIONAL_REPRESENTATION('',(#3465),#3469);
#3465 = LINE('',#3466,#3467);
#3466 = CARTESIAN_POINT('',(4.,0.));
#3467 = VECTOR('',#3468,1.);
#3468 = DIRECTION('',(0.,-1.));
#3469 = ( GEOMETRIC_REPRESENTATION_CONTEXT(2) 
PARAMETRIC_REPRESENTATION_CONTEXT() REPRESENTATION_CONTEXT('2D SPACE',''
  ) );
#3470 = FACE_BOUND('',#3471,.T.);
#3471 = EDGE_LOOP('',(#3472));
#3472 = ORIENTED_EDGE('',*,*,#3473,.F.);
#3473 = EDGE_CURVE('',#3474,#3474,#3476,.T.);
#3474 = VERTEX_POINT('',#3475);
#3475 = CARTESIAN_POINT('',(-8.3,32.,57.8));
#3476 = SURFACE_CURVE('',#3477,(#3482,#3489),.PCURVE_S1.);
#3477 = CIRCLE('',#3478,1.7);
#3478 = AXIS2_PLACEMENT_3D('',#3479,#3480,#3481);
#3479 = CARTESIAN_POINT('',(-10.,32.,57.8));
#3480 = DIRECTION('',(0.,0.,1.));
#3481 = DIRECTION('',(1.,0.,0.));
#3482 = PCURVE('',#1867,#3483);
#3483 = DEFINITIONAL_REPRESENTATION('',(#3484),#3488);
#3484 = CIRCLE('',#3485,1.7);
#3485 = AXIS2_PLACEMENT_2D('',#3486,#3487);
#3486 = CARTESIAN_POINT('',(10.,22.));
#3487 = DIRECTION('',(1.,0.));
#3488 = ( GEOMETRIC_REPRESENTATION_CONTEXT(2) 
PARAMETRIC_REPRESENTATION_CONTEXT() REPRESENTATION_CONTEXT('2D SPACE',''
  ) );
#3489 = PCURVE('',#3189,#3490);
#3490 = DEFINITIONAL_REPRESENTATION('',(#3491),#3495);
#3491 = LINE('',#3492,#3493);
#3492 = CARTESIAN_POINT('',(0.,8.));
#3493 = VECTOR('',#3494,1.);
#3494 = DIRECTION('',(1.,0.));
#3495 = ( GEOMETRIC_REPRESENTATION_CONTEXT(2) 
PARAMETRIC_REPRESENTATION_CONTEXT() REPRESENTATION_CONTEXT('2D SPACE',''
  ) );
#3496 = FACE_BOUND('',#3497,.T.);
#3497 = EDGE_LOOP('',(#3498));
#3498 = ORIENTED_EDGE('',*,*,#3499,.F.);
#3499 = EDGE_CURVE('',#3500,#3500,#3502,.T.);
#3500 = VERTEX_POINT('',#3501);
#3501 = CARTESIAN_POINT('',(11.7,32.,57.8));
#3502 = SURFACE_CURVE('',#3503,(#3508,#3515),.PCURVE_S1.);
#3503 = CIRCLE('',#3504,1.7);
#3504 = AXIS2_PLACEMENT_3D('',#3505,#3506,#3507);
#3505 = CARTESIAN_POINT('',(10.,32.,57.8));
#3506 = DIRECTION('',(0.,0.,1.));
#3507 = DIRECTION('',(1.,0.,0.));
#3508 = PCURVE('',#1867,#3509);
#3509 = DEFINITIONAL_REPRESENTATION('',(#3510),#3514);
#3510 = CIRCLE('',#3511,1.7);
#3511 = AXIS2_PLACEMENT_2D('',#3512,#3513);
#3512 = CARTESIAN_POINT('',(30.,22.));
#3513 = DIRECTION('',(1.,0.));
#3514 = ( GEOMETRIC_REPRESENTATION_CONTEXT(2) 
PARAMETRIC_REPRESENTATION_CONTEXT() REPRESENTATION_CONTEXT('2D SPACE',''
  ) );
#3515 = PCURVE('',#3220,#3516);
#3516 = DEFINITIONAL_REPRESENTATION('',(#3517),#3521);
#3517 = LINE('',#3518,#3519);
#3518 = CARTESIAN_POINT('',(0.,8.));
#3519 = VECTOR('',#3520,1.);
#3520 = DIRECTION('',(1.,0.));
#3521 = ( GEOMETRIC_REPRESENTATION_CONTEXT(2) 
PARAMETRIC_REPRESENTATION_CONTEXT() REPRESENTATION_CONTEXT('2D SPACE',''
  ) );
#3522 = ADVANCED_FACE('',(#3523),#1839,.F.);
#3523 = FACE_BOUND('',#3524,.F.);
#3524 = EDGE_LOOP('',(#3525,#3526,#3547,#3548));
#3525 = ORIENTED_EDGE('',*,*,#3001,.F.);
#3526 = ORIENTED_EDGE('',*,*,#3527,.T.);
#3527 = EDGE_CURVE('',#2974,#3381,#3528,.T.);
#3528 = SURFACE_CURVE('',#3529,(#3533,#3540),.PCURVE_S1.);
#3529 = LINE('',#3530,#3531);
#3530 = CARTESIAN_POINT('',(-20.,10.,53.8));
#3531 = VECTOR('',#3532,1.);
#3532 = DIRECTION('',(0.,0.,1.));
#3533 = PCURVE('',#1839,#3534);
#3534 = DEFINITIONAL_REPRESENTATION('',(#3535),#3539);
#3535 = LINE('',#3536,#3537);
#3536 = CARTESIAN_POINT('',(0.,0.));
#3537 = VECTOR('',#3538,1.);
#3538 = DIRECTION('',(1.,0.));
#3539 = ( GEOMETRIC_REPRESENTATION_CONTEXT(2) 
PARAMETRIC_REPRESENTATION_CONTEXT() REPRESENTATION_CONTEXT('2D SPACE',''
  ) );
#3540 = PCURVE('',#2989,#3541);
#3541 = DEFINITIONAL_REPRESENTATION('',(#3542),#3546);
#3542 = LINE('',#3543,#3544);
#3543 = CARTESIAN_POINT('',(0.,0.));
#3544 = VECTOR('',#3545,1.);
#3545 = DIRECTION('',(1.,0.));
#3546 = ( GEOMETRIC_REPRESENTATION_CONTEXT(2) 
PARAMETRIC_REPRESENTATION_CONTEXT() REPRESENTATION_CONTEXT('2D SPACE',''
  ) );
#3547 = ORIENTED_EDGE('',*,*,#3403,.T.);
#3548 = ORIENTED_EDGE('',*,*,#1823,.T.);
#3549 = ADVANCED_FACE('',(#3550),#2933,.T.);
#3550 = FACE_BOUND('',#3551,.T.);
#3551 = EDGE_LOOP('',(#3552,#3573,#3574,#3595));
#3552 = ORIENTED_EDGE('',*,*,#3553,.F.);
#3553 = EDGE_CURVE('',#2916,#3428,#3554,.T.);
#3554 = SURFACE_CURVE('',#3555,(#3559,#3566),.PCURVE_S1.);
#3555 = LINE('',#3556,#3557);
#3556 = CARTESIAN_POINT('',(20.,10.,53.8));
#3557 = VECTOR('',#3558,1.);
#3558 = DIRECTION('',(0.,0.,1.));
#3559 = PCURVE('',#2933,#3560);
#3560 = DEFINITIONAL_REPRESENTATION('',(#3561),#3565);
#3561 = LINE('',#3562,#3563);
#3562 = CARTESIAN_POINT('',(0.,0.));
#3563 = VECTOR('',#3564,1.);
#3564 = DIRECTION('',(1.,0.));
#3565 = ( GEOMETRIC_REPRESENTATION_CONTEXT(2) 
PARAMETRIC_REPRESENTATION_CONTEXT() REPRESENTATION_CONTEXT('2D SPACE',''
  ) );
#3566 = PCURVE('',#2155,#3567);
#3567 = DEFINITIONAL_REPRESENTATION('',(#3568),#3572);
#3568 = LINE('',#3569,#3570);
#3569 = CARTESIAN_POINT('',(0.,40.));
#3570 = VECTOR('',#3571,1.);
#3571 = DIRECTION('',(1.,0.));
#3572 = ( GEOMETRIC_REPRESENTATION_CONTEXT(2) 
PARAMETRIC_REPRESENTATION_CONTEXT() REPRESENTATION_CONTEXT('2D SPACE',''
  ) );
#3573 = ORIENTED_EDGE('',*,*,#2915,.T.);
#3574 = ORIENTED_EDGE('',*,*,#3575,.T.);
#3575 = EDGE_CURVE('',#2918,#3358,#3576,.T.);
#3576 = SURFACE_CURVE('',#3577,(#3581,#3588),.PCURVE_S1.);
#3577 = LINE('',#3578,#3579);
#3578 = CARTESIAN_POINT('',(20.,52.,53.8));
#3579 = VECTOR('',#3580,1.);
#3580 = DIRECTION('',(0.,0.,1.));
#3581 = PCURVE('',#2933,#3582);
#3582 = DEFINITIONAL_REPRESENTATION('',(#3583),#3587);
#3583 = LINE('',#3584,#3585);
#3584 = CARTESIAN_POINT('',(0.,-42.));
#3585 = VECTOR('',#3586,1.);
#3586 = DIRECTION('',(1.,0.));
#3587 = ( GEOMETRIC_REPRESENTATION_CONTEXT(2) 
PARAMETRIC_REPRESENTATION_CONTEXT() REPRESENTATION_CONTEXT('2D SPACE',''
  ) );
#3588 = PCURVE('',#2961,#3589);
#3589 = DEFINITIONAL_REPRESENTATION('',(#3590),#3594);
#3590 = LINE('',#3591,#3592);
#3591 = CARTESIAN_POINT('',(0.,40.));
#3592 = VECTOR('',#3593,1.);
#3593 = DIRECTION('',(1.,0.));
#3594 = ( GEOMETRIC_REPRESENTATION_CONTEXT(2) 
PARAMETRIC_REPRESENTATION_CONTEXT() REPRESENTATION_CONTEXT('2D SPACE',''
  ) );
#3595 = ORIENTED_EDGE('',*,*,#3450,.F.);
#3596 = ADVANCED_FACE('',(#3597),#2155,.F.);
#3597 = FACE_BOUND('',#3598,.F.);
#3598 = EDGE_LOOP('',(#3599,#3600,#3601,#3602));
#3599 = ORIENTED_EDGE('',*,*,#3149,.F.);
#3600 = ORIENTED_EDGE('',*,*,#2139,.F.);
#3601 = ORIENTED_EDGE('',*,*,#3427,.T.);
#3602 = ORIENTED_EDGE('',*,*,#3553,.F.);
#3603 = ADVANCED_FACE('',(#3604),#2989,.F.);
#3604 = FACE_BOUND('',#3605,.F.);
#3605 = EDGE_LOOP('',(#3606,#3607,#3608,#3629));
#3606 = ORIENTED_EDGE('',*,*,#3527,.F.);
#3607 = ORIENTED_EDGE('',*,*,#2973,.T.);
#3608 = ORIENTED_EDGE('',*,*,#3609,.T.);
#3609 = EDGE_CURVE('',#2946,#3356,#3610,.T.);
#3610 = SURFACE_CURVE('',#3611,(#3615,#3622),.PCURVE_S1.);
#3611 = LINE('',#3612,#3613);
#3612 = CARTESIAN_POINT('',(-20.,52.,53.8));
#3613 = VECTOR('',#3614,1.);
#3614 = DIRECTION('',(0.,0.,1.));
#3615 = PCURVE('',#2989,#3616);
#3616 = DEFINITIONAL_REPRESENTATION('',(#3617),#3621);
#3617 = LINE('',#3618,#3619);
#3618 = CARTESIAN_POINT('',(0.,-42.));
#3619 = VECTOR('',#3620,1.);
#3620 = DIRECTION('',(1.,0.));
#3621 = ( GEOMETRIC_REPRESENTATION_CONTEXT(2) 
PARAMETRIC_REPRESENTATION_CONTEXT() REPRESENTATION_CONTEXT('2D SPACE',''
  ) );
#3622 = PCURVE('',#2961,#3623);
#3623 = DEFINITIONAL_REPRESENTATION('',(#3624),#3628);
#3624 = LINE('',#3625,#3626);
#3625 = CARTESIAN_POINT('',(0.,0.));
#3626 = VECTOR('',#3627,1.);
#3627 = DIRECTION('',(1.,0.));
#3628 = ( GEOMETRIC_REPRESENTATION_CONTEXT(2) 
PARAMETRIC_REPRESENTATION_CONTEXT() REPRESENTATION_CONTEXT('2D SPACE',''
  ) );
#3629 = ORIENTED_EDGE('',*,*,#3380,.F.);
#3630 = ADVANCED_FACE('',(#3631),#2961,.T.);
#3631 = FACE_BOUND('',#3632,.T.);
#3632 = EDGE_LOOP('',(#3633,#3634,#3635,#3636));
#3633 = ORIENTED_EDGE('',*,*,#2945,.F.);
#3634 = ORIENTED_EDGE('',*,*,#3609,.T.);
#3635 = ORIENTED_EDGE('',*,*,#3355,.T.);
#3636 = ORIENTED_EDGE('',*,*,#3575,.F.);
#3637 = ADVANCED_FACE('',(#3638),#3189,.F.);
#3638 = FACE_BOUND('',#3639,.F.);
#3639 = EDGE_LOOP('',(#3640,#3641,#3662,#3663));
#3640 = ORIENTED_EDGE('',*,*,#3473,.F.);
#3641 = ORIENTED_EDGE('',*,*,#3642,.F.);
#3642 = EDGE_CURVE('',#3173,#3474,#3643,.T.);
#3643 = SEAM_CURVE('',#3644,(#3648,#3655),.PCURVE_S1.);
#3644 = LINE('',#3645,#3646);
#3645 = CARTESIAN_POINT('',(-8.3,32.,49.8));
#3646 = VECTOR('',#3647,1.);
#3647 = DIRECTION('',(0.,0.,1.));
#3648 = PCURVE('',#3189,#3649);
#3649 = DEFINITIONAL_REPRESENTATION('',(#3650),#3654);
#3650 = LINE('',#3651,#3652);
#3651 = CARTESIAN_POINT('',(6.28318530718,-0.));
#3652 = VECTOR('',#3653,1.);
#3653 = DIRECTION('',(0.,1.));
#3654 = ( GEOMETRIC_REPRESENTATION_CONTEXT(2) 
PARAMETRIC_REPRESENTATION_CONTEXT() REPRESENTATION_CONTEXT('2D SPACE',''
  ) );
#3655 = PCURVE('',#3189,#3656);
#3656 = DEFINITIONAL_REPRESENTATION('',(#3657),#3661);
#3657 = LINE('',#3658,#3659);
#3658 = CARTESIAN_POINT('',(0.,-0.));
#3659 = VECTOR('',#3660,1.);
#3660 = DIRECTION('',(0.,1.));
#3661 = ( GEOMETRIC_REPRESENTATION_CONTEXT(2) 
PARAMETRIC_REPRESENTATION_CONTEXT() REPRESENTATION_CONTEXT('2D SPACE',''
  ) );
#3662 = ORIENTED_EDGE('',*,*,#3172,.T.);
#3663 = ORIENTED_EDGE('',*,*,#3642,.T.);
#3664 = ADVANCED_FACE('',(#3665),#3220,.F.);
#3665 = FACE_BOUND('',#3666,.F.);
#3666 = EDGE_LOOP('',(#3667,#3668,#3689,#3690));
#3667 = ORIENTED_EDGE('',*,*,#3499,.F.);
#3668 = ORIENTED_EDGE('',*,*,#3669,.F.);
#3669 = EDGE_CURVE('',#3204,#3500,#3670,.T.);
#3670 = SEAM_CURVE('',#3671,(#3675,#3682),.PCURVE_S1.);
#3671 = LINE('',#3672,#3673);
#3672 = CARTESIAN_POINT('',(11.7,32.,49.8));
#3673 = VECTOR('',#3674,1.);
#3674 = DIRECTION('',(0.,0.,1.));
#3675 = PCURVE('',#3220,#3676);
#3676 = DEFINITIONAL_REPRESENTATION('',(#3677),#3681);
#3677 = LINE('',#3678,#3679);
#3678 = CARTESIAN_POINT('',(6.28318530718,-0.));
#3679 = VECTOR('',#3680,1.);
#3680 = DIRECTION('',(0.,1.));
#3681 = ( GEOMETRIC_REPRESENTATION_CONTEXT(2) 
PARAMETRIC_REPRESENTATION_CONTEXT() REPRESENTATION_CONTEXT('2D SPACE',''
  ) );
#3682 = PCURVE('',#3220,#3683);
#3683 = DEFINITIONAL_REPRESENTATION('',(#3684),#3688);
#3684 = LINE('',#3685,#3686);
#3685 = CARTESIAN_POINT('',(0.,-0.));
#3686 = VECTOR('',#3687,1.);
#3687 = DIRECTION('',(0.,1.));
#3688 = ( GEOMETRIC_REPRESENTATION_CONTEXT(2) 
PARAMETRIC_REPRESENTATION_CONTEXT() REPRESENTATION_CONTEXT('2D SPACE',''
  ) );
#3689 = ORIENTED_EDGE('',*,*,#3203,.T.);
#3690 = ORIENTED_EDGE('',*,*,#3669,.T.);
#3691 = ( GEOMETRIC_REPRESENTATION_CONTEXT(3) 
GLOBAL_UNCERTAINTY_ASSIGNED_CONTEXT((#3695)) 
GLOBAL_UNIT_ASSIGNED_CONTEXT((#3692,#3693,#3694)) REPRESENTATION_CONTEXT
('Context #1','3D Context with UNIT and UNCERTAINTY') );
#3692 = ( LENGTH_UNIT() NAMED_UNIT(*) SI_UNIT(.MILLI.,.METRE.) );
#3693 = ( NAMED_UNIT(*) PLANE_ANGLE_UNIT() SI_UNIT($,.RADIAN.) );
#3694 = ( NAMED_UNIT(*) SI_UNIT($,.STERADIAN.) SOLID_ANGLE_UNIT() );
#3695 = UNCERTAINTY_MEASURE_WITH_UNIT(LENGTH_MEASURE(1.E-07),#3692,
  'distance_accuracy_value','confusion accuracy');
#3696 = PRODUCT_RELATED_PRODUCT_CATEGORY('part',$,(#7));
ENDSEC;
END-ISO-10303-21;
