ISO-10303-21;
HEADER;
FILE_DESCRIPTION((''),'2;1');
FILE_NAME('_R0001','2026-03-26T18:21:32',('26814'),(''),
'CREO PARAMETRIC BY PTC INC, 2025102','CREO PARAMETRIC BY PTC INC, 2025102','');
FILE_SCHEMA(('CONFIG_CONTROL_DESIGN'));
ENDSEC;
DATA;
#2=CARTESIAN_POINT('',(-2.786499384309E1,-5.9E0,-1.112581949220E1));
#3=DIRECTION('',(0.E0,-1.E0,0.E0));
#4=DIRECTION('',(-8.154370709352E-1,0.E0,5.788457336325E-1));
#5=AXIS2_PLACEMENT_3D('',#2,#3,#4);
#7=DIRECTION('',(-9.659197471221E-1,1.685605705611E-5,-2.588417312481E-1));
#8=VECTOR('',#7,1.675376093604E0);
#9=CARTESIAN_POINT('',(-2.967155068835E1,-5.900028240235E0,-8.261010162388E0));
#10=LINE('',#9,#8);
#11=DIRECTION('',(-9.659257817365E-1,-1.762604617159E-5,2.588192107746E-1));
#12=VECTOR('',#11,1.675520132375E0);
#13=CARTESIAN_POINT('',(3.128982954102E1,-5.9E0,-8.694667410948E0));
#14=LINE('',#13,#12);
#15=CARTESIAN_POINT('',(2.786499384310E1,-5.9E0,-1.112581949220E1));
#16=DIRECTION('',(0.E0,-1.E0,0.E0));
#17=DIRECTION('',(9.450286436092E-1,0.E0,-3.269875574975E-1));
#18=AXIS2_PLACEMENT_3D('',#15,#16,#17);
#20=CARTESIAN_POINT('',(1.442324802083E-6,-5.9E0,1.096099545350E-6));
#21=DIRECTION('',(0.E0,-1.E0,0.E0));
#22=DIRECTION('',(-9.308220714532E-1,0.E0,-3.654726683291E-1));
#23=AXIS2_PLACEMENT_3D('',#20,#21,#22);
#25=DIRECTION('',(-6.633444837768E-1,-7.070355495635E-1,2.451016676733E-1));
#26=VECTOR('',#25,4.243014845204E-1);
#27=CARTESIAN_POINT('',(3.211557254576E1,-5.600004836046E0,-1.260316258355E1));
#28=LINE('',#27,#26);
#29=CARTESIAN_POINT('',(1.442324802083E-6,-5.600000540267E0,1.096099545350E-6));
#30=DIRECTION('',(0.E0,1.E0,0.E0));
#31=DIRECTION('',(9.308862559899E-1,0.E0,-3.653091545652E-1));
#32=AXIS2_PLACEMENT_3D('',#29,#30,#31);
#34=CARTESIAN_POINT('',(3.153446066230E1,-5.6E0,-8.521013690858E0));
#35=CARTESIAN_POINT('',(3.152033827560E1,-5.605831126607E0,-8.511192782265E0));
#36=CARTESIAN_POINT('',(3.149208757307E1,-5.617321235021E0,-8.491546841880E0));
#37=CARTESIAN_POINT('',(3.146382385393E1,-5.628463015498E0,-8.471891849556E0));
#38=CARTESIAN_POINT('',(3.144968848145E1,-5.633945801437E0,-8.462061910468E0));
#40=DIRECTION('',(-7.102405663953E-1,-5.754665765039E-1,-4.054584530792E-1));
#41=VECTOR('',#40,2.585885879591E-1);
#42=CARTESIAN_POINT('',(2.974910416096E1,-5.6E0,-7.971248435480E0));
#43=LINE('',#42,#41);
#44=CARTESIAN_POINT('',(3.144968848145E1,-5.633945801437E0,-8.462061910468E0));
#45=CARTESIAN_POINT('',(3.142272234847E1,-5.679263893001E0,-8.501753097649E0));
#46=CARTESIAN_POINT('',(3.136911088467E1,-5.768923944007E0,-8.580210864361E0));
#47=CARTESIAN_POINT('',(3.131614750352E1,-5.856632931654E0,-8.656822394872E0));
#48=CARTESIAN_POINT('',(3.128982954102E1,-5.9E0,-8.694667410948E0));
#50=CARTESIAN_POINT('',(-2.253150079870E-4,-5.9E0,-1.704017507653E-4));
#51=DIRECTION('',(0.E0,1.E0,0.E0));
#52=DIRECTION('',(9.633609887514E-1,0.E0,-2.682081381165E-1));
#53=AXIS2_PLACEMENT_3D('',#50,#51,#52);
#55=CARTESIAN_POINT('',(-2.956559371502E1,-5.748807323766E0,-8.076094287472E0));
#56=CARTESIAN_POINT('',(-2.953500931842E1,-5.723903825958E0,-8.093554149272E0));
#57=CARTESIAN_POINT('',(-2.947359587245E1,-5.674247952011E0,-8.128456298660E0));
#58=CARTESIAN_POINT('',(-2.941300907937E1,-5.624716860106E0,-8.163178054710E0));
#59=CARTESIAN_POINT('',(-2.938257248381E1,-5.600055066319E0,-8.180553540619E0));
#61=CARTESIAN_POINT('',(-2.253150079870E-4,-5.599867562343E0,
-1.704017507653E-4));
#62=DIRECTION('',(0.E0,-1.E0,0.E0));
#63=DIRECTION('',(-9.633599526562E-1,0.E0,-2.682118595780E-1));
#64=AXIS2_PLACEMENT_3D('',#61,#62,#63);
#66=CARTESIAN_POINT('',(2.956544405579E1,-5.748809089436E0,-8.076095364337E0));
#67=CARTESIAN_POINT('',(2.958309964567E1,-5.773944771869E0,-8.106848538688E0));
#68=CARTESIAN_POINT('',(2.961836619372E1,-5.824303484565E0,-8.168448793583E0));
#69=CARTESIAN_POINT('',(2.965376226846E1,-5.874748612127E0,-8.230111473927E0));
#70=CARTESIAN_POINT('',(2.967140144734E1,-5.900029532795E0,-8.261010612649E0));
#72=CARTESIAN_POINT('',(-2.967155068835E1,-5.900028240235E0,-8.261010162388E0));
#73=CARTESIAN_POINT('',(-2.965390639109E1,-5.874739984354E0,-8.230102058228E0));
#74=CARTESIAN_POINT('',(-2.961820846259E1,-5.824289246878E0,-8.168431015263E0));
#75=CARTESIAN_POINT('',(-2.958324421703E1,-5.773935761370E0,-8.106838598135E0));
#76=CARTESIAN_POINT('',(-2.956559371502E1,-5.748807323766E0,-8.076094287472E0));
#78=DIRECTION('',(7.775365837329E-1,3.210444776194E-1,5.407100002285E-1));
#79=VECTOR('',#78,1.057355095754E-1);
#80=CARTESIAN_POINT('',(-3.144968848145E1,-5.633945801437E0,-8.462061910468E0));
#81=LINE('',#80,#79);
#82=DIRECTION('',(-6.830104762196E-1,7.071090853649E-1,-1.830121055250E-1));
#83=VECTOR('',#82,5.676832903255E-1);
#84=CARTESIAN_POINT('',(-2.974914322705E1,5.198586041672E0,-7.971248465279E0));
#85=LINE('',#84,#83);
#86=DIRECTION('',(3.617703867489E-6,-9.999999999935E-1,2.759535243310E-9));
#87=VECTOR('',#86,1.079858604174E1);
#88=CARTESIAN_POINT('',(-2.974914322705E1,5.198586041672E0,-7.971248465279E0));
#89=LINE('',#88,#87);
#90=DIRECTION('',(-9.659258262891E-1,0.E0,-2.588190451025E-1));
#91=VECTOR('',#90,1.675461044258E0);
#92=CARTESIAN_POINT('',(-2.974910416096E1,-5.6E0,-7.971248435480E0));
#93=LINE('',#92,#91);
#94=DIRECTION('',(0.E0,-1.E0,0.E0));
#95=VECTOR('',#94,1.12E1);
#96=CARTESIAN_POINT('',(-3.136747525455E1,5.6E0,-8.404889663061E0));
#97=LINE('',#96,#95);
#98=DIRECTION('',(9.659237780191E-1,4.228417874288E-8,2.588266892292E-1));
#99=VECTOR('',#98,1.274011905536E0);
#100=CARTESIAN_POINT('',(-3.136747525455E1,5.6E0,-8.404889663061E0));
#101=LINE('',#100,#99);
#102=CARTESIAN_POINT('',(-5.849063911846E-5,4.899965855356E0,
-4.456902764094E-5));
#103=DIRECTION('',(0.E0,1.E0,0.E0));
#104=DIRECTION('',(9.633595560349E-1,0.E0,-2.682132841534E-1));
#105=AXIS2_PLACEMENT_3D('',#102,#103,#104);
#107=CARTESIAN_POINT('',(-5.849063911846E-5,5.9E0,-4.456902764094E-5));
#108=DIRECTION('',(0.E0,-1.E0,0.E0));
#109=DIRECTION('',(-9.634173063230E-1,0.E0,-2.680057720972E-1));
#110=AXIS2_PLACEMENT_3D('',#107,#108,#109);
#112=CARTESIAN_POINT('',(2.720009478656E1,-1.4E0,-1.379872615868E1));
#113=CARTESIAN_POINT('',(2.720009478656E1,-1.559563491065E0,-1.379872615868E1));
#114=CARTESIAN_POINT('',(2.718006308453E1,-1.865451044651E0,-1.383831351921E1));
#115=CARTESIAN_POINT('',(2.709069663199E1,-2.301438704666E0,-1.401307262642E1));
#116=CARTESIAN_POINT('',(2.694485592301E1,-2.663997930137E0,-1.429220627396E1));
#117=CARTESIAN_POINT('',(2.675703364403E1,-2.920002895239E0,-1.464154371531E1));
#118=CARTESIAN_POINT('',(2.653142627847E1,-3.056121319306E0,-1.504686441295E1));
#119=CARTESIAN_POINT('',(2.629599546985E1,-3.055812531439E0,-1.545461048822E1));
#120=CARTESIAN_POINT('',(2.605837130546E1,-2.919941996771E0,-1.585165278322E1));
#121=CARTESIAN_POINT('',(2.584942158403E1,-2.663242756851E0,-1.618949601446E1));
#122=CARTESIAN_POINT('',(2.568126404170E1,-2.302008321663E0,-1.645431847158E1));
#123=CARTESIAN_POINT('',(2.557428439318E1,-1.865251847444E0,-1.661959132919E1));
#124=CARTESIAN_POINT('',(2.555009478656E1,-1.559502212919E0,-1.665660999117E1));
#125=CARTESIAN_POINT('',(2.555009478656E1,-1.4E0,-1.665660999117E1));
#127=CARTESIAN_POINT('',(2.555009478656E1,-1.4E0,-1.665660999117E1));
#128=CARTESIAN_POINT('',(2.555009478656E1,-1.240436508935E0,-1.665660999117E1));
#129=CARTESIAN_POINT('',(2.557436259544E1,-9.345489553495E-1,
-1.661946834806E1));
#130=CARTESIAN_POINT('',(2.568102519555E1,-4.985612953339E-1,
-1.645469517631E1));
#131=CARTESIAN_POINT('',(2.584984167088E1,-1.360020698629E-1,
-1.618882659365E1));
#132=CARTESIAN_POINT('',(2.605846563010E1,1.200028952391E-1,-1.585149900799E1));
#133=CARTESIAN_POINT('',(2.629667996815E1,2.561213193057E-1,-1.545345694931E1));
#134=CARTESIAN_POINT('',(2.653208302332E1,2.558125314391E-1,-1.504569485058E1));
#135=CARTESIAN_POINT('',(2.675711965497E1,1.199419967707E-1,-1.464138514017E1));
#136=CARTESIAN_POINT('',(2.694522561501E1,-1.367572431485E-1,
-1.429150775767E1));
#137=CARTESIAN_POINT('',(2.709048981920E1,-4.979916783375E-1,
-1.401346782562E1));
#138=CARTESIAN_POINT('',(2.718013048819E1,-9.347481525556E-1,
-1.383818430351E1));
#139=CARTESIAN_POINT('',(2.720009478656E1,-1.240497787081E0,-1.379872615868E1));
#140=CARTESIAN_POINT('',(2.720009478656E1,-1.4E0,-1.379872615868E1));
#142=CARTESIAN_POINT('',(-2.555009478656E1,-1.4E0,-1.665660999117E1));
#143=CARTESIAN_POINT('',(-2.555009478656E1,-1.559563491065E0,
-1.665660999117E1));
#144=CARTESIAN_POINT('',(-2.557436259544E1,-1.865451044651E0,
-1.661946834806E1));
#145=CARTESIAN_POINT('',(-2.568102519555E1,-2.301438704666E0,
-1.645469517631E1));
#146=CARTESIAN_POINT('',(-2.584984167088E1,-2.663997930137E0,
-1.618882659365E1));
#147=CARTESIAN_POINT('',(-2.605846563010E1,-2.920002895239E0,
-1.585149900799E1));
#148=CARTESIAN_POINT('',(-2.629667996815E1,-3.056121319306E0,
-1.545345694931E1));
#149=CARTESIAN_POINT('',(-2.653208302332E1,-3.055812531439E0,
-1.504569485058E1));
#150=CARTESIAN_POINT('',(-2.675711965497E1,-2.919941996771E0,
-1.464138514017E1));
#151=CARTESIAN_POINT('',(-2.694522561501E1,-2.663242756851E0,
-1.429150775767E1));
#152=CARTESIAN_POINT('',(-2.709048981920E1,-2.302008321663E0,
-1.401346782562E1));
#153=CARTESIAN_POINT('',(-2.718013048819E1,-1.865251847444E0,
-1.383818430351E1));
#154=CARTESIAN_POINT('',(-2.720009478656E1,-1.559502212919E0,
-1.379872615868E1));
#155=CARTESIAN_POINT('',(-2.720009478656E1,-1.4E0,-1.379872615868E1));
#157=CARTESIAN_POINT('',(-2.720009478656E1,-1.4E0,-1.379872615868E1));
#158=CARTESIAN_POINT('',(-2.720009478656E1,-1.240436508935E0,
-1.379872615868E1));
#159=CARTESIAN_POINT('',(-2.718006308453E1,-9.345489553495E-1,
-1.383831351921E1));
#160=CARTESIAN_POINT('',(-2.709069663199E1,-4.985612953339E-1,
-1.401307262642E1));
#161=CARTESIAN_POINT('',(-2.694485592301E1,-1.360020698629E-1,
-1.429220627396E1));
#162=CARTESIAN_POINT('',(-2.675703364403E1,1.200028952391E-1,
-1.464154371531E1));
#163=CARTESIAN_POINT('',(-2.653142627847E1,2.561213193057E-1,
-1.504686441295E1));
#164=CARTESIAN_POINT('',(-2.629599546985E1,2.558125314391E-1,
-1.545461048822E1));
#165=CARTESIAN_POINT('',(-2.605837130546E1,1.199419967707E-1,
-1.585165278322E1));
#166=CARTESIAN_POINT('',(-2.584942158403E1,-1.367572431485E-1,
-1.618949601446E1));
#167=CARTESIAN_POINT('',(-2.568126404170E1,-4.979916783375E-1,
-1.645431847158E1));
#168=CARTESIAN_POINT('',(-2.557428439318E1,-9.347481525556E-1,
-1.661959132919E1));
#169=CARTESIAN_POINT('',(-2.555009478656E1,-1.240497787081E0,
-1.665660999117E1));
#170=CARTESIAN_POINT('',(-2.555009478656E1,-1.4E0,-1.665660999117E1));
#172=DIRECTION('',(-1.580177271675E-6,-9.999999999985E-1,7.237364811597E-7));
#173=VECTOR('',#172,1.050006114522E1);
#174=CARTESIAN_POINT('',(2.938244006492E1,4.900004548257E0,-8.180561651831E0));
#175=LINE('',#174,#173);
#176=DIRECTION('',(-8.898613084708E-6,-9.999999999601E-1,7.788906327370E-7));
#177=VECTOR('',#176,1.050005962257E1);
#178=CARTESIAN_POINT('',(-2.938247904784E1,4.900004555835E0,-8.180561719017E0));
#179=LINE('',#178,#177);
#180=DIRECTION('',(8.660254037844E-1,0.E0,-5.E-1));
#181=VECTOR('',#180,3.544663850156E0);
#182=CARTESIAN_POINT('',(2.720009478656E1,-1.4E0,-1.379872615868E1));
#183=LINE('',#182,#181);
#184=DIRECTION('',(8.660254037844E-1,0.E0,-5.E-1));
#185=VECTOR('',#184,3.544663850156E0);
#186=CARTESIAN_POINT('',(2.555009478656E1,-1.4E0,-1.665660999117E1));
#187=LINE('',#186,#185);
#188=CARTESIAN_POINT('',(2.944486372867E1,-1.4E0,-1.7E1));
#189=DIRECTION('',(-8.660254037844E-1,0.E0,5.E-1));
#190=DIRECTION('',(5.E-1,0.E0,8.660254037844E-1));
#191=AXIS2_PLACEMENT_3D('',#188,#189,#190);
#193=CARTESIAN_POINT('',(2.944486372867E1,-1.4E0,-1.7E1));
#194=DIRECTION('',(8.660254037844E-1,0.E0,-5.E-1));
#195=DIRECTION('',(5.E-1,0.E0,8.660254037844E-1));
#196=AXIS2_PLACEMENT_3D('',#193,#194,#195);
#198=CARTESIAN_POINT('',(2.944486372867E1,-1.4E0,-1.7E1));
#199=DIRECTION('',(8.660254037844E-1,0.E0,-5.E-1));
#200=DIRECTION('',(5.E-1,0.E0,8.660254037844E-1));
#201=AXIS2_PLACEMENT_3D('',#198,#199,#200);
#203=DIRECTION('',(8.660254037844E-1,0.E0,-5.E-1));
#204=VECTOR('',#203,3.465791600852E-1);
#205=CARTESIAN_POINT('',(3.106986372867E1,-1.4E0,-1.418541743770E1));
#206=LINE('',#205,#204);
#207=DIRECTION('',(8.660254037844E-1,-1.281350008872E-14,-5.E-1));
#208=VECTOR('',#207,3.465791600852E-1);
#209=CARTESIAN_POINT('',(2.781986372867E1,-1.4E0,-1.981458256230E1));
#210=LINE('',#209,#208);
#211=CARTESIAN_POINT('',(2.944486372867E1,-1.4E0,-1.7E1));
#212=DIRECTION('',(-8.660254037844E-1,0.E0,5.E-1));
#213=DIRECTION('',(5.E-1,0.E0,8.660254037844E-1));
#214=AXIS2_PLACEMENT_3D('',#211,#212,#213);
#216=CARTESIAN_POINT('',(3.137001008573E1,-1.4E0,-1.435870701774E1));
#217=CARTESIAN_POINT('',(3.137001008573E1,-1.666150587436E0,-1.435870701774E1));
#218=CARTESIAN_POINT('',(3.134363540216E1,-2.181568473832E0,-1.441654012772E1));
#219=CARTESIAN_POINT('',(3.122554970741E1,-2.924288076549E0,-1.467170823757E1));
#220=CARTESIAN_POINT('',(3.103156579840E1,-3.575920283285E0,-1.507925240982E1));
#221=CARTESIAN_POINT('',(3.076770162006E1,-4.101679509272E0,-1.561219996861E1));
#222=CARTESIAN_POINT('',(3.044435646143E1,-4.469038571596E0,-1.623497300473E1));
#223=CARTESIAN_POINT('',(3.007592177682E1,-4.657846100751E0,-1.690842501055E1));
#224=CARTESIAN_POINT('',(2.968108703645E1,-4.657846446911E0,-1.759229890322E1));
#225=CARTESIAN_POINT('',(2.928207647856E1,-4.469037984228E0,-1.824810088678E1));
#226=CARTESIAN_POINT('',(2.890441272232E1,-4.101679697466E0,-1.883951103056E1));
#227=CARTESIAN_POINT('',(2.857479764457E1,-3.575918611083E0,-1.933449945398E1));
#228=CARTESIAN_POINT('',(2.831884653304E1,-2.924286757559E0,-1.970626569964E1));
#229=CARTESIAN_POINT('',(2.815690741241E1,-2.181566523970E0,-1.993611482925E1));
#230=CARTESIAN_POINT('',(2.812001008573E1,-1.666149797763E0,-1.998787214234E1));
#231=CARTESIAN_POINT('',(2.812001008573E1,-1.4E0,-1.998787214234E1));
#233=CARTESIAN_POINT('',(2.812001008573E1,-1.4E0,-1.998787214234E1));
#234=CARTESIAN_POINT('',(2.812001008573E1,-1.133849412564E0,-1.998787214234E1));
#235=CARTESIAN_POINT('',(2.815690768636E1,-6.184315261676E-1,
-1.993611444137E1));
#236=CARTESIAN_POINT('',(2.831884690435E1,1.242880765488E-1,-1.970626517497E1));
#237=CARTESIAN_POINT('',(2.857479855618E1,7.759202832847E-1,-1.933449809571E1));
#238=CARTESIAN_POINT('',(2.890441259181E1,1.301679509272E0,-1.883951123472E1));
#239=CARTESIAN_POINT('',(2.928207728256E1,1.669038571596E0,-1.824809959511E1));
#240=CARTESIAN_POINT('',(2.968108648553E1,1.857846100751E0,-1.759229979568E1));
#241=CARTESIAN_POINT('',(3.007592127938E1,1.857846446911E0,-1.690842593389E1));
#242=CARTESIAN_POINT('',(3.044435717805E1,1.669037984228E0,-1.623497166260E1));
#243=CARTESIAN_POINT('',(3.076770150850E1,1.301679697466E0,-1.561220018372E1));
#244=CARTESIAN_POINT('',(3.103156651889E1,7.759186110828E-1,-1.507925094121E1));
#245=CARTESIAN_POINT('',(3.122554997613E1,1.242867575593E-1,-1.467170765366E1));
#246=CARTESIAN_POINT('',(3.134363560110E1,-6.184334760296E-1,
-1.441653969653E1));
#247=CARTESIAN_POINT('',(3.137001008573E1,-1.133850202237E0,-1.435870701774E1));
#248=CARTESIAN_POINT('',(3.137001008573E1,-1.4E0,-1.435870701774E1));
#250=CARTESIAN_POINT('',(-2.812001008573E1,-1.4E0,-1.998787214234E1));
#251=CARTESIAN_POINT('',(-2.812001008573E1,-1.666150587436E0,
-1.998787214234E1));
#252=CARTESIAN_POINT('',(-2.815690768636E1,-2.181568473832E0,
-1.993611444137E1));
#253=CARTESIAN_POINT('',(-2.831884690435E1,-2.924288076549E0,
-1.970626517497E1));
#254=CARTESIAN_POINT('',(-2.857479855618E1,-3.575920283285E0,
-1.933449809571E1));
#255=CARTESIAN_POINT('',(-2.890441259181E1,-4.101679509272E0,
-1.883951123472E1));
#256=CARTESIAN_POINT('',(-2.928207728256E1,-4.469038571596E0,
-1.824809959511E1));
#257=CARTESIAN_POINT('',(-2.968108648553E1,-4.657846100751E0,
-1.759229979568E1));
#258=CARTESIAN_POINT('',(-3.007592127938E1,-4.657846446911E0,
-1.690842593389E1));
#259=CARTESIAN_POINT('',(-3.044435717805E1,-4.469037984228E0,
-1.623497166260E1));
#260=CARTESIAN_POINT('',(-3.076770150850E1,-4.101679697466E0,
-1.561220018372E1));
#261=CARTESIAN_POINT('',(-3.103156651889E1,-3.575918611083E0,
-1.507925094121E1));
#262=CARTESIAN_POINT('',(-3.122554997613E1,-2.924286757559E0,
-1.467170765366E1));
#263=CARTESIAN_POINT('',(-3.134363560110E1,-2.181566523970E0,
-1.441653969653E1));
#264=CARTESIAN_POINT('',(-3.137001008573E1,-1.666149797763E0,
-1.435870701774E1));
#265=CARTESIAN_POINT('',(-3.137001008573E1,-1.4E0,-1.435870701774E1));
#267=CARTESIAN_POINT('',(-3.137001008573E1,-1.4E0,-1.435870701774E1));
#268=CARTESIAN_POINT('',(-3.137001008573E1,-1.133849412564E0,
-1.435870701774E1));
#269=CARTESIAN_POINT('',(-3.134363540216E1,-6.184315261676E-1,
-1.441654012772E1));
#270=CARTESIAN_POINT('',(-3.122554970741E1,1.242880765488E-1,
-1.467170823757E1));
#271=CARTESIAN_POINT('',(-3.103156579840E1,7.759202832847E-1,
-1.507925240982E1));
#272=CARTESIAN_POINT('',(-3.076770162006E1,1.301679509272E0,-1.561219996861E1));
#273=CARTESIAN_POINT('',(-3.044435646143E1,1.669038571596E0,-1.623497300473E1));
#274=CARTESIAN_POINT('',(-3.007592177682E1,1.857846100751E0,-1.690842501055E1));
#275=CARTESIAN_POINT('',(-2.968108703645E1,1.857846446911E0,-1.759229890322E1));
#276=CARTESIAN_POINT('',(-2.928207647856E1,1.669037984228E0,-1.824810088678E1));
#277=CARTESIAN_POINT('',(-2.890441272232E1,1.301679697466E0,-1.883951103056E1));
#278=CARTESIAN_POINT('',(-2.857479764457E1,7.759186110828E-1,
-1.933449945398E1));
#279=CARTESIAN_POINT('',(-2.831884653304E1,1.242867575593E-1,
-1.970626569964E1));
#280=CARTESIAN_POINT('',(-2.815690741241E1,-6.184334760296E-1,
-1.993611482925E1));
#281=CARTESIAN_POINT('',(-2.812001008573E1,-1.133850202237E0,
-1.998787214234E1));
#282=CARTESIAN_POINT('',(-2.812001008573E1,-1.4E0,-1.998787214234E1));
#284=DIRECTION('',(1.950340825306E-7,1.E0,-1.064894819287E-7));
#285=VECTOR('',#284,1.120000661260E1);
#286=CARTESIAN_POINT('',(3.211557254576E1,-5.600004836046E0,-1.260316258355E1));
#287=LINE('',#286,#285);
#288=CARTESIAN_POINT('',(0.E0,5.6E0,0.E0));
#289=DIRECTION('',(0.E0,1.E0,0.E0));
#290=DIRECTION('',(9.308862723731E-1,0.E0,-3.653091128173E-1));
#291=AXIS2_PLACEMENT_3D('',#288,#289,#290);
#293=CARTESIAN_POINT('',(0.E0,-2.556919007544E0,0.E0));
#294=DIRECTION('',(0.E0,1.E0,0.E0));
#295=DIRECTION('',(2.149808243574E-1,0.E0,-9.766182699288E-1));
#296=AXIS2_PLACEMENT_3D('',#293,#294,#295);
#298=CARTESIAN_POINT('',(4.194729594936E0,-2.556854262976E0,-3.424403943433E1));
#299=CARTESIAN_POINT('',(3.723430796986E0,-2.564071085912E0,-3.430177104913E1));
#300=CARTESIAN_POINT('',(2.776069371398E0,-2.581235883045E0,-3.439799467085E1));
#301=CARTESIAN_POINT('',(1.349956148094E0,-2.611618737179E0,-3.448354737435E1));
#302=CARTESIAN_POINT('',(-9.957854949824E-2,-2.643516883667E0,
-3.451020299970E1));
#303=CARTESIAN_POINT('',(-1.581003390636E0,-2.674063634677E0,
-3.447468387145E1));
#304=CARTESIAN_POINT('',(-3.107368249303E0,-2.701274772016E0,
-3.437152672963E1));
#305=CARTESIAN_POINT('',(-4.677560717394E0,-2.721497998045E0,
-3.419390178129E1));
#306=CARTESIAN_POINT('',(-6.266029307215E0,-2.732779910330E0,
-3.393896791814E1));
#307=CARTESIAN_POINT('',(-7.838236545017E0,-2.733928113767E0,
-3.361041427163E1));
#308=CARTESIAN_POINT('',(-9.365873639525E0,-2.724476295558E0,
-3.321655739762E1));
#309=CARTESIAN_POINT('',(-1.086289764386E1,-2.705739368291E0,
-3.275822878252E1));
#310=CARTESIAN_POINT('',(-1.242143945742E1,-2.677390636581E0,
-3.220124762275E1));
#311=CARTESIAN_POINT('',(-1.410435589817E1,-2.640182112431E0,
-3.150652950431E1));
#312=CARTESIAN_POINT('',(-1.601850143982E1,-2.592616401466E0,
-3.058001687410E1));
#313=CARTESIAN_POINT('',(-1.718404283500E1,-2.567077945515E0,
-2.992341367014E1));
#314=CARTESIAN_POINT('',(-1.776038633625E1,-2.556854452761E0,
-2.957733388642E1));
#316=CARTESIAN_POINT('',(0.E0,-2.557007521408E0,0.E0));
#317=DIRECTION('',(0.E0,1.E0,0.E0));
#318=DIRECTION('',(-5.147948077446E-1,0.E0,-8.573134233868E-1));
#319=AXIS2_PLACEMENT_3D('',#316,#317,#318);
#321=CARTESIAN_POINT('',(0.E0,5.6E0,0.E0));
#322=DIRECTION('',(0.E0,1.E0,0.E0));
#323=DIRECTION('',(-5.936211922492E-1,0.E0,-8.047446055194E-1));
#324=AXIS2_PLACEMENT_3D('',#321,#322,#323);
#326=DIRECTION('',(2.021401411925E-7,1.E0,7.491682657817E-8));
#327=VECTOR('',#326,1.120000556817E1);
#328=CARTESIAN_POINT('',(-3.211557487964E1,-5.600001536681E0,
-1.260316383052E1));
#329=LINE('',#328,#327);
#330=CARTESIAN_POINT('',(-2.944486372867E1,-1.4E0,-1.7E1));
#331=DIRECTION('',(-8.660254037844E-1,0.E0,-5.E-1));
#332=DIRECTION('',(5.E-1,0.E0,-8.660254037844E-1));
#333=AXIS2_PLACEMENT_3D('',#330,#331,#332);
#335=DIRECTION('',(-8.660254037844E-1,5.958277541255E-14,-5.E-1));
#336=VECTOR('',#335,3.465791600852E-1);
#337=CARTESIAN_POINT('',(-3.106986372867E1,-1.4E0,-1.418541743770E1));
#338=LINE('',#337,#336);
#339=CARTESIAN_POINT('',(-2.944486372867E1,-1.4E0,-1.7E1));
#340=DIRECTION('',(8.660254037844E-1,0.E0,5.E-1));
#341=DIRECTION('',(5.E-1,0.E0,-8.660254037844E-1));
#342=AXIS2_PLACEMENT_3D('',#339,#340,#341);
#344=DIRECTION('',(-8.660254037844E-1,0.E0,-5.E-1));
#345=VECTOR('',#344,3.465791600852E-1);
#346=CARTESIAN_POINT('',(-2.781986372867E1,-1.4E0,-1.981458256230E1));
#347=LINE('',#346,#345);
#348=CARTESIAN_POINT('',(-2.944486372867E1,-1.4E0,-1.7E1));
#349=DIRECTION('',(8.660254037844E-1,0.E0,5.E-1));
#350=DIRECTION('',(5.E-1,0.E0,-8.660254037844E-1));
#351=AXIS2_PLACEMENT_3D('',#348,#349,#350);
#353=CARTESIAN_POINT('',(-2.944486372867E1,-1.4E0,-1.7E1));
#354=DIRECTION('',(-8.660254037844E-1,0.E0,-5.E-1));
#355=DIRECTION('',(5.E-1,0.E0,-8.660254037844E-1));
#356=AXIS2_PLACEMENT_3D('',#353,#354,#355);
#358=DIRECTION('',(-8.660254037844E-1,0.E0,-5.E-1));
#359=VECTOR('',#358,3.544663850156E0);
#360=CARTESIAN_POINT('',(-2.555009478656E1,-1.4E0,-1.665660999117E1));
#361=LINE('',#360,#359);
#362=DIRECTION('',(-8.660254037844E-1,0.E0,-5.E-1));
#363=VECTOR('',#362,3.544663850156E0);
#364=CARTESIAN_POINT('',(-2.720009478656E1,-1.4E0,-1.379872615868E1));
#365=LINE('',#364,#363);
#366=CARTESIAN_POINT('',(2.786499384309E1,5.6E0,-1.112581949220E1));
#367=DIRECTION('',(0.E0,1.E0,0.E0));
#368=DIRECTION('',(8.154370709352E-1,0.E0,5.788457336325E-1));
#369=AXIS2_PLACEMENT_3D('',#366,#367,#368);
#371=CARTESIAN_POINT('',(2.786499384309E1,-5.6E0,-1.112581949220E1));
#372=DIRECTION('',(0.E0,-1.E0,0.E0));
#373=DIRECTION('',(9.445739008392E-1,0.E0,-3.282988666648E-1));
#374=AXIS2_PLACEMENT_3D('',#371,#372,#373);
#376=DIRECTION('',(0.E0,1.E0,0.E0));
#377=VECTOR('',#376,1.12E1);
#378=CARTESIAN_POINT('',(3.153446066230E1,-5.6E0,-8.521013690858E0));
#379=LINE('',#378,#377);
#380=CARTESIAN_POINT('',(3.128982954102E1,5.9E0,-8.694667410948E0));
#381=CARTESIAN_POINT('',(3.131607660122E1,5.856749765351E0,-8.656924351802E0));
#382=CARTESIAN_POINT('',(3.136897034062E1,5.769157860608E0,-8.580415373980E0));
#383=CARTESIAN_POINT('',(3.142265268560E1,5.679380965345E0,-8.501855633749E0));
#384=CARTESIAN_POINT('',(3.144968848145E1,5.633945801437E0,-8.462061910468E0));
#386=DIRECTION('',(-6.633443868612E-1,7.070352371130E-1,2.451028312776E-1));
#387=VECTOR('',#386,4.243044868176E-1);
#388=CARTESIAN_POINT('',(3.211557473014E1,5.600001776555E0,-1.260316377623E1));
#389=LINE('',#388,#387);
#390=DIRECTION('',(7.775365837329E-1,-3.210444776194E-1,-5.407100002285E-1));
#391=VECTOR('',#390,1.057355095755E-1);
#392=CARTESIAN_POINT('',(3.136747525455E1,-5.6E0,-8.404889663061E0));
#393=LINE('',#392,#391);
#394=CARTESIAN_POINT('',(3.153446066230E1,5.6E0,-8.521013690858E0));
#395=CARTESIAN_POINT('',(3.152034104966E1,5.605829981198E0,-8.511194711387E0));
#396=CARTESIAN_POINT('',(3.149209313864E1,5.617319005905E0,-8.491550712253E0));
#397=CARTESIAN_POINT('',(3.146382664494E1,5.628461932927E0,-8.471893790468E0));
#398=CARTESIAN_POINT('',(3.144968848145E1,5.633945801437E0,-8.462061910468E0));
#400=DIRECTION('',(6.830104762196E-1,7.071090853649E-1,-1.830121055250E-1));
#401=VECTOR('',#400,5.676833908973E-1);
#402=CARTESIAN_POINT('',(2.974910416096E1,5.198585916686E0,-7.971248435480E0));
#403=LINE('',#402,#401);
#404=DIRECTION('',(9.659258262891E-1,1.045695280281E-14,-2.588190451025E-1));
#405=VECTOR('',#404,1.274049577036E0);
#406=CARTESIAN_POINT('',(3.013683786412E1,5.6E0,-8.075141368119E0));
#407=LINE('',#406,#405);
#408=DIRECTION('',(0.E0,1.E0,0.E0));
#409=VECTOR('',#408,1.12E1);
#410=CARTESIAN_POINT('',(3.136747525455E1,-5.6E0,-8.404889663061E0));
#411=LINE('',#410,#409);
#412=DIRECTION('',(-9.659258262891E-1,0.E0,2.588190451025E-1));
#413=VECTOR('',#412,1.675461044258E0);
#414=CARTESIAN_POINT('',(3.136747525455E1,-5.6E0,-8.404889663061E0));
#415=LINE('',#414,#413);
#416=DIRECTION('',(0.E0,-1.E0,0.E0));
#417=VECTOR('',#416,1.079858591669E1);
#418=CARTESIAN_POINT('',(2.974910416096E1,5.198585916686E0,-7.971248435480E0));
#419=LINE('',#418,#417);
#420=CARTESIAN_POINT('',(3.034762184935E1,5.900005515862E0,-8.442200432640E0));
#421=CARTESIAN_POINT('',(3.031254530425E1,5.849748743594E0,-8.380772061474E0));
#422=CARTESIAN_POINT('',(3.024230953578E1,5.749506322412E0,-8.258187201108E0));
#423=CARTESIAN_POINT('',(3.017201542283E1,5.649748896772E0,-8.136071014398E0));
#424=CARTESIAN_POINT('',(3.013683786412E1,5.6E0,-8.075141368119E0));
#426=DIRECTION('',(-7.775365837329E-1,-3.210444776194E-1,5.407100002285E-1));
#427=VECTOR('',#426,1.057355095754E-1);
#428=CARTESIAN_POINT('',(3.144968848145E1,5.633945801437E0,-8.462061910468E0));
#429=LINE('',#428,#427);
#430=DIRECTION('',(9.659231293924E-1,8.782589587208E-6,2.588291096991E-1));
#431=VECTOR('',#430,9.754054380497E-1);
#432=CARTESIAN_POINT('',(-3.128982954102E1,5.9E0,-8.694667410948E0));
#433=LINE('',#432,#431);
#434=CARTESIAN_POINT('',(-2.786499384309E1,5.9E0,-1.112581949220E1));
#435=DIRECTION('',(0.E0,1.E0,0.E0));
#436=DIRECTION('',(-9.450287827132E-1,0.E0,-3.269871554718E-1));
#437=AXIS2_PLACEMENT_3D('',#434,#435,#436);
#439=CARTESIAN_POINT('',(3.090860900556E-13,5.9E0,-2.797762022055E-13));
#440=DIRECTION('',(0.E0,1.E0,0.E0));
#441=DIRECTION('',(-5.936211922493E-1,0.E0,-8.047446055194E-1));
#442=AXIS2_PLACEMENT_3D('',#439,#440,#441);
#444=CARTESIAN_POINT('',(-2.226079470935E1,5.9E0,-3.017792270698E1));
#445=DIRECTION('',(0.E0,-1.E0,0.E0));
#446=DIRECTION('',(9.781476007338E-1,0.E0,-2.079116908177E-1));
#447=AXIS2_PLACEMENT_3D('',#444,#445,#446);
#449=DIRECTION('',(2.079116870315E-1,-3.870827279571E-9,9.781476015386E-1));
#450=VECTOR('',#449,2.076878439500E0);
#451=CARTESIAN_POINT('',(-1.946471492683E1,5.9E0,-3.289552491131E1));
#452=LINE('',#451,#450);
#453=DIRECTION('',(-9.781476007338E-1,0.E0,2.079116908178E-1));
#454=VECTOR('',#453,2.44E1);
#455=CARTESIAN_POINT('',(4.402086531073E0,5.9E0,-3.796857016726E1));
#456=LINE('',#455,#454);
#457=DIRECTION('',(-2.079116946040E-1,3.870828134872E-9,-9.781475999290E-1));
#458=VECTOR('',#457,2.076878439500E0);
#459=CARTESIAN_POINT('',(4.833893846916E0,5.899999991961E0,-3.593707650632E1));
#460=LINE('',#459,#458);
#461=CARTESIAN_POINT('',(8.061780913401E0,5.9E0,-3.662318512233E1));
#462=DIRECTION('',(0.E0,-1.E0,0.E0));
#463=DIRECTION('',(-2.149808243573E-1,0.E0,9.766182699288E-1));
#464=AXIS2_PLACEMENT_3D('',#461,#462,#463);
#466=CARTESIAN_POINT('',(3.610445276081E-13,5.9E0,-3.188560526723E-13));
#467=DIRECTION('',(0.E0,1.E0,0.E0));
#468=DIRECTION('',(9.308220681430E-1,0.E0,-3.654726767598E-1));
#469=AXIS2_PLACEMENT_3D('',#466,#467,#468);
#471=CARTESIAN_POINT('',(2.786499384310E1,5.9E0,-1.112581949220E1));
#472=DIRECTION('',(0.E0,1.E0,0.E0));
#473=DIRECTION('',(8.154370709352E-1,0.E0,5.788457336325E-1));
#474=AXIS2_PLACEMENT_3D('',#471,#472,#473);
#476=DIRECTION('',(9.659250091497E-1,-5.654707323732E-6,-2.588220946272E-1));
#477=VECTOR('',#476,9.754460053794E-1);
#478=CARTESIAN_POINT('',(3.034762184935E1,5.900005515862E0,-8.442200432640E0));
#479=LINE('',#478,#477);
#480=CARTESIAN_POINT('',(-3.013687686152E1,5.600000053871E0,-8.075141379512E0));
#481=CARTESIAN_POINT('',(-3.017204258598E1,5.649732214449E0,-8.136050528231E0));
#482=CARTESIAN_POINT('',(-3.024224584440E1,5.749471262567E0,-8.258144331301E0));
#483=CARTESIAN_POINT('',(-3.031257460977E1,5.849734992673E0,-8.380755185824E0));
#484=CARTESIAN_POINT('',(-3.034766286788E1,5.900008566586E0,-8.442204089822E0));
#486=CARTESIAN_POINT('',(-3.144968848145E1,5.633945801437E0,-8.462061910468E0));
#487=CARTESIAN_POINT('',(-3.142272770844E1,5.679254885271E0,-8.501745208361E0));
#488=CARTESIAN_POINT('',(-3.136912169825E1,5.768905946078E0,-8.580195129022E0));
#489=CARTESIAN_POINT('',(-3.131615295885E1,5.856623942286E0,-8.656814550146E0));
#490=CARTESIAN_POINT('',(-3.128982954102E1,5.9E0,-8.694667410948E0));
#492=CARTESIAN_POINT('',(-3.153446066230E1,-5.6E0,-8.521013690858E0));
#493=CARTESIAN_POINT('',(-3.152035960557E1,-5.605822319475E0,
-8.511207615426E0));
#494=CARTESIAN_POINT('',(-3.149213036706E1,-5.617304094947E0,
-8.491576601424E0));
#495=CARTESIAN_POINT('',(-3.146384531426E1,-5.628454691530E0,
-8.471906773374E0));
#496=CARTESIAN_POINT('',(-3.144968848145E1,-5.633945801437E0,
-8.462061910468E0));
#498=DIRECTION('',(-7.775365837329E-1,3.210444776194E-1,-5.407100002285E-1));
#499=VECTOR('',#498,1.057355095755E-1);
#500=CARTESIAN_POINT('',(-3.136747525455E1,5.6E0,-8.404889663061E0));
#501=LINE('',#500,#499);
#502=DIRECTION('',(6.633442354789E-1,-7.070351646176E-1,2.451034501004E-1));
#503=VECTOR('',#502,4.243047910106E-1);
#504=CARTESIAN_POINT('',(-3.211557487964E1,-5.600001536681E0,
-1.260316383052E1));
#505=LINE('',#504,#503);
#506=CARTESIAN_POINT('',(-3.128982954102E1,-5.9E0,-8.694667410948E0));
#507=CARTESIAN_POINT('',(-3.131610282619E1,-5.856706551511E0,
-8.656886640503E0));
#508=CARTESIAN_POINT('',(-3.136902232460E1,-5.769071340806E0,
-8.580339731159E0));
#509=CARTESIAN_POINT('',(-3.142267845214E1,-5.679337663235E0,
-8.501817708229E0));
#510=CARTESIAN_POINT('',(-3.144968848145E1,-5.633945801437E0,
-8.462061910468E0));
#512=CARTESIAN_POINT('',(-2.786499384309E1,5.6E0,-1.112581949220E1));
#513=DIRECTION('',(0.E0,1.E0,0.E0));
#514=DIRECTION('',(-9.445739008392E-1,0.E0,-3.282988666647E-1));
#515=AXIS2_PLACEMENT_3D('',#512,#513,#514);
#517=DIRECTION('',(0.E0,-1.E0,0.E0));
#518=VECTOR('',#517,1.12E1);
#519=CARTESIAN_POINT('',(-3.153446066230E1,5.6E0,-8.521013690858E0));
#520=LINE('',#519,#518);
#521=CARTESIAN_POINT('',(-2.786499384309E1,-5.6E0,-1.112581949220E1));
#522=DIRECTION('',(0.E0,-1.E0,0.E0));
#523=DIRECTION('',(-8.154370709352E-1,0.E0,5.788457336325E-1));
#524=AXIS2_PLACEMENT_3D('',#521,#522,#523);
#526=DIRECTION('',(-6.633443895142E-1,-7.070352371325E-1,-2.451028240413E-1));
#527=VECTOR('',#526,4.243012975274E-1);
#528=CARTESIAN_POINT('',(-3.183411473049E1,5.9E0,-1.249916554519E1));
#529=LINE('',#528,#527);
#530=CARTESIAN_POINT('',(-3.153446066230E1,5.6E0,-8.521013690858E0));
#531=CARTESIAN_POINT('',(-3.152033682207E1,5.605831726770E0,-8.511191771458E0));
#532=CARTESIAN_POINT('',(-3.149208465687E1,5.617322403013E0,-8.491544813909E0));
#533=CARTESIAN_POINT('',(-3.146382239151E1,5.628463582735E0,-8.471890832571E0));
#534=CARTESIAN_POINT('',(-3.144968848145E1,5.633945801437E0,-8.462061910468E0));
#536=DIRECTION('',(-4.197530603204E-1,-7.071067811864E-1,-5.690407440173E-1));
#537=VECTOR('',#536,4.242646431663E-1);
#538=CARTESIAN_POINT('',(-2.030184383430E1,5.900001671085E0,-2.752226412608E1));
#539=LINE('',#538,#537);
#540=DIRECTION('',(-6.916548075347E-1,-7.071067811865E-1,1.470157379812E-1));
#541=VECTOR('',#540,4.242640650945E-1);
#542=CARTESIAN_POINT('',(-1.903290762672E1,5.899999991961E0,-3.086403124702E1));
#543=LINE('',#542,#541);
#544=CARTESIAN_POINT('',(-2.226079470935E1,5.6E0,-3.017792270698E1));
#545=DIRECTION('',(0.E0,-1.E0,0.E0));
#546=DIRECTION('',(9.781476007338E-1,0.E0,-2.079116908178E-1));
#547=AXIS2_PLACEMENT_3D('',#544,#545,#546);
#549=DIRECTION('',(-1.038431516980E-7,-1.E0,-9.841148695445E-8));
#550=VECTOR('',#549,8.157077535594E0);
#551=CARTESIAN_POINT('',(-2.047993021666E1,5.600001264885E0,-2.776368799428E1));
#552=LINE('',#551,#550);
#553=DIRECTION('',(3.079565689642E-11,1.E0,5.830019219864E-9));
#554=VECTOR('',#553,4.637291298156E0);
#555=CARTESIAN_POINT('',(-1.932635190715E1,9.627086963630E-1,
-3.080165777943E1));
#556=LINE('',#555,#554);
#557=CARTESIAN_POINT('',(-1.926484360352E1,2.714864961932E-1,
-3.002211153365E1));
#558=CARTESIAN_POINT('',(-1.927536220925E1,1.069303513688E-1,
-2.981985793996E1));
#559=CARTESIAN_POINT('',(-1.933790420054E1,-2.601935128573E-1,
-2.941075388372E1));
#560=CARTESIAN_POINT('',(-1.956420560129E1,-9.189716536916E-1,
-2.880979103383E1));
#561=CARTESIAN_POINT('',(-1.993317849461E1,-1.684620495877E0,
-2.824332803203E1));
#562=CARTESIAN_POINT('',(-2.027969627247E1,-2.257555953496E0,
-2.791139239706E1));
#563=CARTESIAN_POINT('',(-2.047993106371E1,-2.557076270709E0,
-2.776368879703E1));
#565=CARTESIAN_POINT('',(-1.833069920652E1,2.717593581387E-1,
-3.060196250815E1));
#566=CARTESIAN_POINT('',(-1.833433635779E1,2.717531459658E-1,
-3.059970322905E1));
#567=CARTESIAN_POINT('',(-1.834162230345E1,2.717314071376E-1,
-3.059518894600E1));
#568=CARTESIAN_POINT('',(-1.835255399515E1,2.716689743699E-1,
-3.058845019852E1));
#569=CARTESIAN_POINT('',(-1.835985450870E1,2.716081601515E-1,
-3.058397271298E1));
#570=CARTESIAN_POINT('',(-1.836350689051E1,2.715728657475E-1,
-3.058173840986E1));
#572=CARTESIAN_POINT('',(-1.981955355681E1,-2.556854115168E0,
-3.300659465767E1));
#573=DIRECTION('',(8.573141486889E-1,4.090365210619E-6,-5.147935998447E-1));
#574=DIRECTION('',(3.640115719434E-1,7.071067691179E-1,6.062141474421E-1));
#575=AXIS2_PLACEMENT_3D('',#572,#573,#574);
#577=CARTESIAN_POINT('',(-1.981955302404E1,-2.556854291838E0,
-3.300659506716E1));
#578=DIRECTION('',(-8.572325332210E-1,1.361871221999E-2,5.147493707281E-1));
#579=DIRECTION('',(5.147971118239E-1,-5.599795938060E-8,8.573120398418E-1));
#580=AXIS2_PLACEMENT_3D('',#577,#578,#579);
#582=CARTESIAN_POINT('',(4.318112662304E0,2.716374927227E-1,-3.540931535140E1));
#583=CARTESIAN_POINT('',(3.826339049804E0,2.731443397305E-1,-3.547812100165E1));
#584=CARTESIAN_POINT('',(2.839313149551E0,2.725914276682E-1,-3.559453234564E1));
#585=CARTESIAN_POINT('',(1.357607867933E0,2.641482234255E-1,-3.570449609429E1));
#586=CARTESIAN_POINT('',(-1.434900454519E-1,2.515547643037E-1,
-3.575045581719E1));
#587=CARTESIAN_POINT('',(-1.674898221069E0,2.372398778814E-1,
-3.572912315761E1));
#588=CARTESIAN_POINT('',(-3.249191357007E0,2.229587412499E-1,
-3.563499063488E1));
#589=CARTESIAN_POINT('',(-4.864769634092E0,2.119671306207E-1,
-3.546109575610E1));
#590=CARTESIAN_POINT('',(-6.499475548615E0,2.055887393793E-1,
-3.520378141417E1));
#591=CARTESIAN_POINT('',(-8.114825142628E0,2.047869943684E-1,
-3.486699379507E1));
#592=CARTESIAN_POINT('',(-9.683816723453E0,2.100528781008E-1,
-3.445908594611E1));
#593=CARTESIAN_POINT('',(-1.122108359478E1,2.204240095765E-1,
-3.398105969230E1));
#594=CARTESIAN_POINT('',(-1.282364979127E1,2.355057611227E-1,
-3.339609341047E1));
#595=CARTESIAN_POINT('',(-1.455579909109E1,2.531333562307E-1,
-3.266215191481E1));
#596=CARTESIAN_POINT('',(-1.652849680372E1,2.709070726120E-1,
-3.167718423781E1));
#597=CARTESIAN_POINT('',(-1.773474101676E1,2.738193333389E-1,
-3.097338273996E1));
#598=CARTESIAN_POINT('',(-1.833069920652E1,2.717593581387E-1,
-3.060196250815E1));
#600=CARTESIAN_POINT('',(-1.903936615795E1,1.684476872513E0,-3.182537861592E1));
#601=CARTESIAN_POINT('',(-1.864169489066E1,1.682501155081E0,-3.207800503101E1));
#602=CARTESIAN_POINT('',(-1.783429195097E1,1.675566671055E0,-3.256809453998E1));
#603=CARTESIAN_POINT('',(-1.658916122640E1,1.659312600217E0,-3.325625046520E1));
#604=CARTESIAN_POINT('',(-1.532092988995E1,1.639948725778E0,-3.389085235933E1));
#605=CARTESIAN_POINT('',(-1.402662356931E1,1.619864456485E0,-3.447285710793E1));
#606=CARTESIAN_POINT('',(-1.269504292329E1,1.600723256178E0,-3.500669926587E1));
#607=CARTESIAN_POINT('',(-1.132417316543E1,1.584385150862E0,-3.549062771567E1));
#608=CARTESIAN_POINT('',(-9.922214205973E0,1.572565474559E0,-3.591896226114E1));
#609=CARTESIAN_POINT('',(-8.502672545639E0,1.566335274951E0,-3.628658981531E1));
#610=CARTESIAN_POINT('',(-7.079521060081E0,1.566197533551E0,-3.659053023707E1));
#611=CARTESIAN_POINT('',(-5.664298967651E0,1.571914017086E0,-3.683070966150E1));
#612=CARTESIAN_POINT('',(-4.263811586688E0,1.582780804801E0,-3.700925483461E1));
#613=CARTESIAN_POINT('',(-2.872808764636E0,1.597891549046E0,-3.712886883569E1));
#614=CARTESIAN_POINT('',(-1.481598229193E0,1.616048742849E0,-3.719155449920E1));
#615=CARTESIAN_POINT('',(-9.094949631173E-2,1.635680101439E0,
-3.719814944239E1));
#616=CARTESIAN_POINT('',(1.320537623276E0,1.655267799350E0,-3.714769173227E1));
#617=CARTESIAN_POINT('',(2.817233978837E0,1.673451268760E0,-3.703225805755E1));
#618=CARTESIAN_POINT('',(3.918290293845E0,1.682333245008E0,-3.689719282046E1));
#619=CARTESIAN_POINT('',(4.489159405158E0,1.684643387038E0,-3.681193043695E1));
#621=DIRECTION('',(3.545672748500E-1,-7.068248324432E-1,6.121116759605E-1));
#622=VECTOR('',#621,1.998681214257E0);
#623=CARTESIAN_POINT('',(-1.903936615795E1,1.684476872513E0,-3.182537861592E1));
#624=LINE('',#623,#622);
#625=CARTESIAN_POINT('',(4.318112662304E0,2.716374927227E-1,-3.540931535140E1));
#626=CARTESIAN_POINT('',(4.296393352940E0,8.650013385682E-2,-3.522544479370E1));
#627=CARTESIAN_POINT('',(4.257969431807E0,-3.201402197639E-1,
-3.489394068027E1));
#628=CARTESIAN_POINT('',(4.217324643961E0,-1.016183243080E0,-3.452405616355E1));
#629=CARTESIAN_POINT('',(4.194974619958E0,-1.771436201086E0,-3.429596911233E1));
#630=CARTESIAN_POINT('',(4.192717756254E0,-2.295046878268E0,-3.424428585755E1));
#631=CARTESIAN_POINT('',(4.194729594936E0,-2.556854262976E0,-3.424403943433E1));
#633=CARTESIAN_POINT('',(7.416838441075E0,-2.556957178821E0,-3.369333031593E1));
#634=CARTESIAN_POINT('',(7.173510907312E0,-2.257016593279E0,-3.374689345231E1));
#635=CARTESIAN_POINT('',(6.721492250251E0,-1.683419671167E0,-3.390963371184E1));
#636=CARTESIAN_POINT('',(6.155705302264E0,-9.201332235043E-1,
-3.427574647091E1));
#637=CARTESIAN_POINT('',(5.702438584954E0,-2.583503385725E-1,
-3.473476031155E1));
#638=CARTESIAN_POINT('',(5.479734312456E0,1.076375136352E-1,-3.508249256580E1));
#639=CARTESIAN_POINT('',(5.388218914289E0,2.715428662761E-1,-3.526227871386E1));
#641=CARTESIAN_POINT('',(5.127338111200E0,9.627398817355E-1,-3.599945004987E1));
#642=CARTESIAN_POINT('',(5.085285612491E0,1.152677644451E0,-3.619729150148E1));
#643=CARTESIAN_POINT('',(5.000660173960E0,1.535302209424E0,-3.659542288762E1));
#644=CARTESIAN_POINT('',(4.872169642723E0,2.117433111911E0,-3.719992330966E1));
#645=CARTESIAN_POINT('',(4.785453028107E0,2.511071566103E0,-3.760789290578E1));
#646=CARTESIAN_POINT('',(4.741832153002E0,2.709269783317E0,-3.781311298820E1));
#648=CARTESIAN_POINT('',(4.489159405158E0,1.684643387038E0,-3.681193043695E1));
#649=CARTESIAN_POINT('',(4.491499199785E0,1.703976868125E0,-3.683112181138E1));
#650=CARTESIAN_POINT('',(4.520434199495E0,1.736681507533E0,-3.686054056013E1));
#651=CARTESIAN_POINT('',(4.575878101862E0,1.768439748445E0,-3.688570945022E1));
#652=CARTESIAN_POINT('',(4.636569139208E0,1.794516855362E0,-3.690439747403E1));
#653=CARTESIAN_POINT('',(4.678542577342E0,1.808922442736E0,-3.691365291150E1));
#654=CARTESIAN_POINT('',(4.699845233364E0,1.815799618789E0,-3.691787392704E1));
#656=DIRECTION('',(-8.559646216838E-2,-7.071067449660E-1,7.019069004418E-1));
#657=VECTOR('',#656,1.998292201814E0);
#658=CARTESIAN_POINT('',(4.489159405158E0,1.684643387038E0,-3.681193043695E1));
#659=LINE('',#658,#657);
#660=CARTESIAN_POINT('',(5.388218914289E0,2.715428662761E-1,-3.526227871386E1));
#661=CARTESIAN_POINT('',(5.216307971265E0,2.715508466012E-1,-3.528854701048E1));
#662=CARTESIAN_POINT('',(4.866049541206E0,2.715331196132E-1,-3.533946236205E1));
#663=CARTESIAN_POINT('',(4.502914070587E0,2.716374898401E-1,-3.538677908961E1));
#664=CARTESIAN_POINT('',(4.318112662304E0,2.716374927227E-1,-3.540931535140E1));
#666=CARTESIAN_POINT('',(5.388218914289E0,2.715428662761E-1,-3.526227871386E1));
#667=CARTESIAN_POINT('',(5.329574415760E0,3.765759433150E-1,-3.537748848955E1));
#668=CARTESIAN_POINT('',(5.226782085498E0,5.975468507389E-1,-3.561624396969E1));
#669=CARTESIAN_POINT('',(5.154937405236E0,8.380826479731E-1,-3.586960558015E1));
#670=CARTESIAN_POINT('',(5.127338111200E0,9.627398817355E-1,-3.599945004987E1));
#672=CARTESIAN_POINT('',(4.695530811292E0,-2.71E1,-3.803094367451E1));
#673=DIRECTION('',(-9.781476007338E-1,0.E0,2.079116908178E-1));
#674=DIRECTION('',(0.E0,1.E0,0.E0));
#675=AXIS2_PLACEMENT_3D('',#672,#673,#674);
#677=CARTESIAN_POINT('',(4.695537343450E0,-2.710028021153E1,-3.803091294313E1));
#678=DIRECTION('',(9.781476007338E-1,0.E0,-2.079116908178E-1));
#679=DIRECTION('',(-2.338280113052E-2,9.936556797516E-1,-1.100074302426E-1));
#680=AXIS2_PLACEMENT_3D('',#677,#678,#679);
#682=CARTESIAN_POINT('',(4.262536237063E0,3.128344917171E0,-4.006802296459E1));
#683=CARTESIAN_POINT('',(4.335610135649E0,3.152559679841E0,-3.972423730108E1));
#684=CARTESIAN_POINT('',(4.483336869187E0,3.122936469634E0,-3.902923769387E1));
#685=CARTESIAN_POINT('',(4.643255428018E0,2.914044179161E0,-3.827688001600E1));
#686=CARTESIAN_POINT('',(4.725993958664E0,2.744233252152E0,-3.788762583416E1));
#687=CARTESIAN_POINT('',(4.741832153002E0,2.709269783317E0,-3.781311298820E1));
#689=DIRECTION('',(2.343165371955E-9,1.E0,5.338548867816E-9));
#690=VECTOR('',#689,4.637260112783E0);
#691=CARTESIAN_POINT('',(5.127338111200E0,9.627398817355E-1,-3.599945004987E1));
#692=LINE('',#691,#690);
#693=DIRECTION('',(-2.079116933993E-1,2.639195126835E-9,-9.781476001851E-1));
#694=VECTOR('',#693,2.076878427144E0);
#695=CARTESIAN_POINT('',(5.127338122066E0,5.599999994519E0,-3.599945002512E1));
#696=LINE('',#695,#694);
#697=DIRECTION('',(6.916548014810E-1,-7.071067811866E-1,-1.470157664618E-1));
#698=VECTOR('',#697,4.242640687119E-1);
#699=CARTESIAN_POINT('',(4.402086531073E0,5.9E0,-3.796857016726E1));
#700=LINE('',#699,#698);
#701=CARTESIAN_POINT('',(3.599489437413E0,5.673438140316E0,-4.174449261988E1));
#702=CARTESIAN_POINT('',(3.558766479124E0,5.650367666136E0,-4.193607894543E1));
#703=CARTESIAN_POINT('',(3.480053228163E0,5.599311088486E0,-4.232961862858E1));
#704=CARTESIAN_POINT('',(3.487175479760E0,5.521023585915E0,-4.288091934310E1));
#705=CARTESIAN_POINT('',(3.633314995064E0,5.449689039261E0,-4.336396335378E1));
#706=CARTESIAN_POINT('',(3.784740958564E0,5.414764404676E0,-4.360236238821E1));
#707=CARTESIAN_POINT('',(3.877448109862E0,5.398655839340E0,-4.371546506803E1));
#709=CARTESIAN_POINT('',(4.402086531072E0,-2.71E1,-3.796857016727E1));
#710=DIRECTION('',(-9.781476007338E-1,0.E0,2.079116908178E-1));
#711=DIRECTION('',(0.E0,1.E0,0.E0));
#712=AXIS2_PLACEMENT_3D('',#709,#710,#711);
#714=CARTESIAN_POINT('',(-1.946471492683E1,-2.71E1,-3.289552491131E1));
#715=DIRECTION('',(9.781476007338E-1,0.E0,-2.079116908178E-1));
#716=DIRECTION('',(-2.432113096656E-2,9.931344851823E-1,-1.144219250419E-1));
#717=AXIS2_PLACEMENT_3D('',#714,#715,#716);
#719=CARTESIAN_POINT('',(-2.132290662028E1,5.398655839340E0,-3.835896431373E1));
#720=CARTESIAN_POINT('',(-2.118438396902E1,5.415729160850E0,-3.828941740697E1));
#721=CARTESIAN_POINT('',(-2.092977299611E1,5.454402819858E0,-3.811440729592E1));
#722=CARTESIAN_POINT('',(-2.061621230150E1,5.524442846884E0,-3.773416791076E1));
#723=CARTESIAN_POINT('',(-2.039462242346E1,5.600271107208E0,-3.724718931596E1));
#724=CARTESIAN_POINT('',(-2.030740966436E1,5.650721891120E0,-3.686009207868E1));
#725=CARTESIAN_POINT('',(-2.026731202049E1,5.673438140316E0,-3.667144736392E1));
#727=CARTESIAN_POINT('',(-2.755344286434E0,2.163978874654E0,-6.106021913938E1));
#728=DIRECTION('',(3.610348622615E-2,-9.848077530122E-1,1.698535483567E-1));
#729=DIRECTION('',(0.E0,1.699643554921E-1,9.854502107474E-1));
#730=AXIS2_PLACEMENT_3D('',#727,#728,#729);
#732=CARTESIAN_POINT('',(-2.755344286434E0,2.163978874654E0,-6.106021913938E1));
#733=DIRECTION('',(3.610348622615E-2,-9.848077530122E-1,1.698535483567E-1));
#734=DIRECTION('',(0.E0,-1.699643554921E-1,-9.854502107474E-1));
#735=AXIS2_PLACEMENT_3D('',#732,#733,#734);
#737=CARTESIAN_POINT('',(-2.231829630111E1,2.163978874654E0,-5.690198532302E1));
#738=DIRECTION('',(3.610348622615E-2,-9.848077530122E-1,1.698535483567E-1));
#739=DIRECTION('',(0.E0,1.699643554921E-1,9.854502107474E-1));
#740=AXIS2_PLACEMENT_3D('',#737,#738,#739);
#742=CARTESIAN_POINT('',(-2.231829630111E1,2.163978874654E0,-5.690198532302E1));
#743=DIRECTION('',(3.610348622615E-2,-9.848077530122E-1,1.698535483567E-1));
#744=DIRECTION('',(0.E0,-1.699643554921E-1,-9.854502107474E-1));
#745=AXIS2_PLACEMENT_3D('',#742,#743,#744);
#747=DIRECTION('',(-9.781476007338E-1,0.E0,2.079116908178E-1));
#748=VECTOR('',#747,2.576334564562E1);
#749=CARTESIAN_POINT('',(3.877448109862E0,5.398655839340E0,-4.371546506803E1));
#750=LINE('',#749,#748);
#751=CARTESIAN_POINT('',(-2.299345268529E1,5.324375708192E0,-3.843455362185E1));
#752=CARTESIAN_POINT('',(-2.284018199231E1,5.324375713933E0,-3.846713228006E1));
#753=CARTESIAN_POINT('',(-2.252751645173E1,5.324742539334E0,-3.853146454539E1));
#754=CARTESIAN_POINT('',(-2.208047269444E1,5.336472754863E0,-3.855847505521E1));
#755=CARTESIAN_POINT('',(-2.166921822991E1,5.361480149781E0,-3.850089747384E1));
#756=CARTESIAN_POINT('',(-2.143604273005E1,5.384819977263E0,-3.841513656538E1));
#757=CARTESIAN_POINT('',(-2.132290662028E1,5.398655839340E0,-3.835896431373E1));
#759=DIRECTION('',(9.781476007339E-1,8.437697201434E-14,-2.079116908173E-1));
#760=VECTOR('',#759,9.999997375726E-1);
#761=CARTESIAN_POINT('',(-2.397160002933E1,5.324375708192E0,-3.822664198559E1));
#762=LINE('',#761,#760);
#763=CARTESIAN_POINT('',(-2.716543452400E1,4.855525547675E0,-4.026615612434E1));
#764=CARTESIAN_POINT('',(-2.711961721715E1,4.894382566692E0,-4.005060261113E1));
#765=CARTESIAN_POINT('',(-2.702062211472E1,4.975698540708E0,-3.960017614622E1));
#766=CARTESIAN_POINT('',(-2.680532897171E1,5.075780433344E0,-3.906566514155E1));
#767=CARTESIAN_POINT('',(-2.650998367050E1,5.158644763070E0,-3.864799686182E1));
#768=CARTESIAN_POINT('',(-2.615589504292E1,5.222486917615E0,-3.835310508380E1));
#769=CARTESIAN_POINT('',(-2.573763255450E1,5.271817156685E0,-3.815599370034E1));
#770=CARTESIAN_POINT('',(-2.522822878492E1,5.306807594043E0,-3.806139690110E1));
#771=CARTESIAN_POINT('',(-2.464366103847E1,5.323859835047E0,-3.808678203127E1));
#772=CARTESIAN_POINT('',(-2.418902815315E1,5.324375714494E0,-3.818042617464E1));
#773=CARTESIAN_POINT('',(-2.397160002933E1,5.324375708192E0,-3.822664198559E1));
#775=DIRECTION('',(2.047530450592E-1,1.736481776669E-1,9.632873407929E-1));
#776=VECTOR('',#775,3.099999681952E1);
#777=CARTESIAN_POINT('',(-3.351277826963E1,-5.275674077159E-1,
-7.012806062521E1));
#778=LINE('',#777,#776);
#779=CARTESIAN_POINT('',(-3.142461306999E1,-9.964179588842E-1,
-7.329030072272E1));
#780=CARTESIAN_POINT('',(-3.164349184355E1,-9.964179600337E-1,
-7.324377660986E1));
#781=CARTESIAN_POINT('',(-3.210088712508E1,-9.958652562892E-1,
-7.314334967533E1));
#782=CARTESIAN_POINT('',(-3.264427697114E1,-9.785946627058E-1,
-7.292771401369E1));
#783=CARTESIAN_POINT('',(-3.306967473164E1,-9.435084962889E-1,
-7.263386398005E1));
#784=CARTESIAN_POINT('',(-3.337093025742E1,-8.940119077089E-1,
-7.228284983002E1));
#785=CARTESIAN_POINT('',(-3.357342599221E1,-8.300849480229E-1,
-7.186916069501E1));
#786=CARTESIAN_POINT('',(-3.367252890345E1,-7.469761844522E-1,
-7.136623263655E1));
#787=CARTESIAN_POINT('',(-3.365042581409E1,-6.467687867658E-1,
-7.078993014234E1));
#788=CARTESIAN_POINT('',(-3.355829195963E1,-5.661668979544E-1,
-7.034218552705E1));
#789=CARTESIAN_POINT('',(-3.351277826963E1,-5.275674077159E-1,
-7.012806062521E1));
#791=DIRECTION('',(-9.781476007338E-1,0.E0,2.079116908178E-1));
#792=VECTOR('',#791,3.099999681952E1);
#793=CARTESIAN_POINT('',(-1.102040558218E0,-9.964179588841E-1,
-7.973556247681E1));
#794=LINE('',#793,#792);
#795=CARTESIAN_POINT('',(2.091793936458E0,-5.275677983672E-1,
-7.769604833806E1));
#796=CARTESIAN_POINT('',(2.045976629601E0,-5.664248173842E-1,
-7.791160185127E1));
#797=CARTESIAN_POINT('',(1.946981527180E0,-6.477407914006E-1,
-7.836202831618E1));
#798=CARTESIAN_POINT('',(1.731688384162E0,-7.478226840359E-1,
-7.889653932085E1));
#799=CARTESIAN_POINT('',(1.436343082951E0,-8.306870137617E-1,
-7.931420760058E1));
#800=CARTESIAN_POINT('',(1.082254455379E0,-8.945291683074E-1,
-7.960909937860E1));
#801=CARTESIAN_POINT('',(6.639919669514E-1,-9.438594073766E-1,
-7.980621076207E1));
#802=CARTESIAN_POINT('',(1.545881973736E-1,-9.788498447355E-1,
-7.990080756131E1));
#803=CARTESIAN_POINT('',(-4.299795490728E-1,-9.959020857391E-1,
-7.987542243113E1));
#804=CARTESIAN_POINT('',(-8.846124343917E-1,-9.964179651858E-1,
-7.978177828776E1));
#805=CARTESIAN_POINT('',(-1.102040558218E0,-9.964179588841E-1,
-7.973556247681E1));
#807=DIRECTION('',(-2.047530450592E-1,-1.736481776669E-1,-9.632873407929E-1));
#808=VECTOR('',#807,3.099999681952E1);
#809=CARTESIAN_POINT('',(8.439137682081E0,4.855525157024E0,-4.783414383719E1));
#810=LINE('',#809,#808);
#811=CARTESIAN_POINT('',(6.350972482447E0,5.324375708192E0,-4.467190373968E1));
#812=CARTESIAN_POINT('',(6.569851256006E0,5.324375709342E0,-4.471842785255E1));
#813=CARTESIAN_POINT('',(7.027246537534E0,5.323823005597E0,-4.481885478707E1));
#814=CARTESIAN_POINT('',(7.570636383599E0,5.306552412014E0,-4.503449044872E1));
#815=CARTESIAN_POINT('',(7.996034144099E0,5.271466245597E0,-4.532834048235E1));
#816=CARTESIAN_POINT('',(8.297289669873E0,5.221969657017E0,-4.567935463239E1));
#817=CARTESIAN_POINT('',(8.499785404666E0,5.158042697331E0,-4.609304376739E1));
#818=CARTESIAN_POINT('',(8.598888315910E0,5.074933933760E0,-4.659597182586E1));
#819=CARTESIAN_POINT('',(8.576785226546E0,4.974726536074E0,-4.717227432007E1));
#820=CARTESIAN_POINT('',(8.484651372085E0,4.894124647262E0,-4.762001893535E1));
#821=CARTESIAN_POINT('',(8.439137682081E0,4.855525157024E0,-4.783414383719E1));
#823=DIRECTION('',(9.781476007338E-1,-4.352065607836E-14,-2.079116908180E-1));
#824=VECTOR('',#823,1.000001987262E0);
#825=CARTESIAN_POINT('',(5.372822937878E0,5.324375708192E0,-4.446399163569E1));
#826=LINE('',#825,#824);
#827=CARTESIAN_POINT('',(3.877448109862E0,5.398655839340E0,-4.371546506803E1));
#828=CARTESIAN_POINT('',(3.957143178395E0,5.384959628203E0,-4.381181515835E1));
#829=CARTESIAN_POINT('',(4.131497150063E0,5.361946814405E0,-4.398230311071E1));
#830=CARTESIAN_POINT('',(4.487400645475E0,5.336414643263E0,-4.420598779321E1));
#831=CARTESIAN_POINT('',(4.912320545708E0,5.324693799913E0,-4.436426454062E1));
#832=CARTESIAN_POINT('',(5.220480718793E0,5.324375713201E0,-4.443161026836E1));
#833=CARTESIAN_POINT('',(5.372822937878E0,5.324375708192E0,-4.446399163569E1));
#835=DIRECTION('',(-9.781476007338E-1,0.E0,2.079116908178E-1));
#836=VECTOR('',#835,2.833333253860E0);
#837=CARTESIAN_POINT('',(-1.050462935940E1,2.090086041902E0,-5.984148703569E1));
#838=LINE('',#837,#836);
#839=DIRECTION('',(-5.336969140515E-1,-1.626977408277E-1,-8.298777313927E-1));
#840=VECTOR('',#839,3.815049150396E0);
#841=CARTESIAN_POINT('',(-1.327604748375E1,2.090086041902E0,-5.925240392823E1));
#842=LINE('',#841,#840);
#843=DIRECTION('',(-9.781476007338E-1,0.E0,2.079116908178E-1));
#844=VECTOR('',#843,1.166666984558E0);
#845=CARTESIAN_POINT('',(-1.531212744227E1,1.469386163986E0,-6.241842826231E1));
#846=LINE('',#845,#844);
#847=DIRECTION('',(5.411689102672E-1,1.621531276459E-1,8.251318523453E-1));
#848=VECTOR('',#847,4.192420793769E0);
#849=CARTESIAN_POINT('',(-1.645329995407E1,1.469386163986E0,-6.217586455693E1));
#850=LINE('',#849,#848);
#851=DIRECTION('',(-7.780263651610E-1,7.897123194628E-2,6.232483611204E-1));
#852=VECTOR('',#851,7.485544386791E-1);
#853=CARTESIAN_POINT('',(-1.418449216172E1,2.149200308104E0,-5.871656462155E1));
#854=LINE('',#853,#852);
#855=DIRECTION('',(-4.139430505833E-1,1.399611945276E-1,8.994787462193E-1));
#856=VECTOR('',#855,8.447236593095E-1);
#857=CARTESIAN_POINT('',(-1.476688725077E1,2.208314574305E0,-5.825002929444E1));
#858=LINE('',#857,#856);
#859=DIRECTION('',(-1.088519238035E-1,1.650778203742E-1,9.802553605591E-1));
#860=VECTOR('',#859,5.371490797552E-1);
#861=CARTESIAN_POINT('',(-1.511655473921E1,2.326543106708E0,-5.749021831646E1));
#862=LINE('',#861,#860);
#863=DIRECTION('',(2.047530450592E-1,1.736481776669E-1,9.632873407929E-1));
#864=VECTOR('',#863,6.808514595032E-1);
#865=CARTESIAN_POINT('',(-1.517502444991E1,2.415214506010E0,-5.696367505161E1));
#866=LINE('',#865,#864);
#867=DIRECTION('',(4.981469552572E-1,1.650778203742E-1,8.512337658884E-1));
#868=VECTOR('',#867,5.371490797552E-1);
#869=CARTESIAN_POINT('',(-1.503561804034E1,2.533443121214E0,-5.630781945971E1));
#870=LINE('',#869,#868);
#871=DIRECTION('',(7.440067593384E-1,1.399611945276E-1,6.533489160359E-1));
#872=VECTOR('',#871,8.447236593095E-1);
#873=CARTESIAN_POINT('',(-1.476803886174E1,2.622114520516E0,-5.585058002571E1));
#874=LINE('',#873,#872);
#875=DIRECTION('',(9.010355712697E-1,1.055914496425E-1,4.206962622476E-1));
#876=VECTOR('',#875,8.397592759850E-1);
#877=CARTESIAN_POINT('',(-1.413955874944E1,2.740343052919E0,-5.529868073855E1));
#878=LINE('',#877,#876);
#879=DIRECTION('',(9.993362347040E-1,3.475104955195E-2,-1.092952710624E-2));
#880=VECTOR('',#879,8.505392925323E-1);
#881=CARTESIAN_POINT('',(-1.338290577048E1,2.829014452221E0,-5.494539714995E1));
#882=LINE('',#881,#880);
#883=DIRECTION('',(9.781476007338E-1,0.E0,-2.079116908178E-1));
#884=VECTOR('',#883,4.E0);
#885=CARTESIAN_POINT('',(-1.253293103641E1,2.858571585322E0,-5.495469314221E1));
#886=LINE('',#885,#884);
#887=DIRECTION('',(-2.047530450592E-1,-1.736481776669E-1,-9.632873407929E-1));
#888=VECTOR('',#887,8.E0);
#889=CARTESIAN_POINT('',(-8.620340633476E0,2.858571585322E0,-5.578633990548E1));
#890=LINE('',#889,#888);
#891=DIRECTION('',(-9.781476007338E-1,0.E0,2.079116908178E-1));
#892=VECTOR('',#891,1.E0);
#893=CARTESIAN_POINT('',(-1.025836499395E1,1.469386163986E0,-6.349263863182E1));
#894=LINE('',#893,#892);
#895=DIRECTION('',(2.047530450592E-1,1.736481776669E-1,9.632873407929E-1));
#896=VECTOR('',#895,3.574468135834E0);
#897=CARTESIAN_POINT('',(-1.123651259468E1,1.469386163986E0,-6.328472694100E1));
#898=LINE('',#897,#896);
#899=DIRECTION('',(9.781476007338E-1,0.E0,-2.079116908178E-1));
#900=VECTOR('',#899,3.166666507721E0);
#901=CARTESIAN_POINT('',(-1.339298713836E1,2.267428840506E0,-5.819931734896E1));
#902=LINE('',#901,#900);
#903=DIRECTION('',(2.047530450592E-1,1.736481776669E-1,9.632873407929E-1));
#904=VECTOR('',#903,2.553191661835E0);
#905=CARTESIAN_POINT('',(-1.029551989151E1,2.267428840506E0,-5.885770433683E1));
#906=LINE('',#905,#904);
#907=DIRECTION('',(-9.781476007338E-1,0.E0,2.079116908178E-1));
#908=VECTOR('',#907,3.166666507721E0);
#909=CARTESIAN_POINT('',(-9.772746124125E0,2.710785919818E0,-5.639824713037E1));
#910=LINE('',#909,#908);
#911=DIRECTION('',(-9.919478326653E-1,-5.596051523853E-2,-1.136130186415E-1));
#912=VECTOR('',#911,5.281783588783E-1);
#913=CARTESIAN_POINT('',(-1.287021337098E1,2.710785919818E0,-5.573986014249E1));
#914=LINE('',#913,#912);
#915=DIRECTION('',(-8.306346634135E-1,-1.240733972862E-1,-5.428184300683E-1));
#916=VECTOR('',#915,4.764459384067E-1);
#917=CARTESIAN_POINT('',(-1.339413874933E1,2.681228786718E0,-5.579986808023E1));
#918=LINE('',#917,#916);
#919=DIRECTION('',(-4.981469552572E-1,-1.650778203742E-1,-8.512337658884E-1));
#920=VECTOR('',#919,5.371490797552E-1);
#921=CARTESIAN_POINT('',(-1.378989126101E1,2.622114520516E0,-5.605849171652E1));
#922=LINE('',#921,#920);
#923=DIRECTION('',(-2.047530450592E-1,-1.736481776669E-1,-9.632873407929E-1));
#924=VECTOR('',#923,5.106387138367E-1);
#925=CARTESIAN_POINT('',(-1.405747043961E1,2.533443121214E0,-5.651573115053E1));
#926=LINE('',#925,#924);
#927=DIRECTION('',(1.088519238035E-1,-1.650778203742E-1,-9.802553605591E-1));
#928=VECTOR('',#927,5.371490797552E-1);
#929=CARTESIAN_POINT('',(-1.416202527119E1,2.444771639110E0,-5.700762295929E1));
#930=LINE('',#929,#928);
#931=DIRECTION('',(5.380383776762E-1,-1.240733972862E-1,-8.337388657328E-1));
#932=VECTOR('',#931,4.764459384067E-1);
#933=CARTESIAN_POINT('',(-1.410355556049E1,2.356100239808E0,-5.753416622414E1));
#934=LINE('',#933,#932);
#935=DIRECTION('',(8.599788589379E-1,-5.596051523854E-2,-5.072521886736E-1));
#936=VECTOR('',#935,5.281783588783E-1);
#937=CARTESIAN_POINT('',(-1.384720936074E1,2.296985973607E0,-5.793139772041E1));
#938=LINE('',#937,#936);
#939=DIRECTION('',(3.610348622615E-2,-9.848077530122E-1,1.698535483567E-1));
#940=VECTOR('',#939,3.E0);
#941=CARTESIAN_POINT('',(-2.755344286434E0,2.444420061216E0,-5.943422629165E1));
#942=LINE('',#941,#940);
#943=DIRECTION('',(3.610348622615E-2,-9.848077530122E-1,1.698535483567E-1));
#944=VECTOR('',#943,3.E0);
#945=CARTESIAN_POINT('',(-2.755344286434E0,1.883537688092E0,-6.268621198711E1));
#946=LINE('',#945,#944);
#947=CARTESIAN_POINT('',(-2.647033827756E0,-7.904443843827E-1,
-6.055065849431E1));
#948=DIRECTION('',(3.610348622615E-2,-9.848077530122E-1,1.698535483567E-1));
#949=DIRECTION('',(0.E0,1.699643554921E-1,9.854502107474E-1));
#950=AXIS2_PLACEMENT_3D('',#947,#948,#949);
#952=CARTESIAN_POINT('',(-2.647033827756E0,-7.904443843827E-1,
-6.055065849431E1));
#953=DIRECTION('',(3.610348622615E-2,-9.848077530122E-1,1.698535483567E-1));
#954=DIRECTION('',(0.E0,-1.699643554921E-1,-9.854502107474E-1));
#955=AXIS2_PLACEMENT_3D('',#952,#953,#954);
#957=CARTESIAN_POINT('',(-2.220998584243E1,-7.904443843827E-1,
-5.639242467795E1));
#958=DIRECTION('',(3.610348622615E-2,-9.848077530122E-1,1.698535483567E-1));
#959=DIRECTION('',(0.E0,1.699643554921E-1,9.854502107474E-1));
#960=AXIS2_PLACEMENT_3D('',#957,#958,#959);
#962=CARTESIAN_POINT('',(-2.220998584243E1,-7.904443843827E-1,
-5.639242467795E1));
#963=DIRECTION('',(3.610348622615E-2,-9.848077530122E-1,1.698535483567E-1));
#964=DIRECTION('',(0.E0,-1.699643554921E-1,-9.854502107474E-1));
#965=AXIS2_PLACEMENT_3D('',#962,#963,#964);
#967=DIRECTION('',(9.781476007338E-1,0.E0,-2.079116908178E-1));
#968=VECTOR('',#967,2.576334565761E1);
#969=CARTESIAN_POINT('',(-2.121459616848E1,2.444232579442E0,-3.784940367220E1));
#970=LINE('',#969,#968);
#971=CARTESIAN_POINT('',(5.481133437151E0,2.369952449156E0,-4.395443099925E1));
#972=CARTESIAN_POINT('',(5.327849287705E0,2.369952454794E0,-4.392184941479E1));
#973=CARTESIAN_POINT('',(5.016037295105E0,2.370318939047E0,-4.385344686079E1));
#974=CARTESIAN_POINT('',(4.596551585392E0,2.382054013458E0,-4.369624267481E1));
#975=CARTESIAN_POINT('',(4.244267040299E0,2.407071312080E0,-4.347631244536E1));
#976=CARTESIAN_POINT('',(4.066237811442E0,2.430401602589E0,-4.330320256882E1));
#977=CARTESIAN_POINT('',(3.985758573386E0,2.444232579442E0,-4.320590442899E1));
#979=DIRECTION('',(-9.781476007338E-1,4.574109961337E-14,2.079116908180E-1));
#980=VECTOR('',#979,1.000001945760E0);
#981=CARTESIAN_POINT('',(6.459282941125E0,2.369952449155E0,-4.416234309461E1));
#982=LINE('',#981,#980);
#983=CARTESIAN_POINT('',(8.547448140760E0,1.901101897988E0,-4.732458319212E1));
#984=CARTESIAN_POINT('',(8.593278142104E0,1.939969645866E0,-4.710897017146E1));
#985=CARTESIAN_POINT('',(8.686079643018E0,2.021283447537E0,-4.665723981113E1));
#986=CARTESIAN_POINT('',(8.706713143239E0,2.121497055024E0,-4.608058894180E1));
#987=CARTESIAN_POINT('',(8.606722862579E0,2.204229589514E0,-4.557965363643E1));
#988=CARTESIAN_POINT('',(8.403497996997E0,2.268021160407E0,-4.516659450163E1));
#989=CARTESIAN_POINT('',(8.101382671046E0,2.317395490415E0,-4.481610644838E1));
#990=CARTESIAN_POINT('',(7.674490533482E0,2.352388464888E0,-4.452247910028E1));
#991=CARTESIAN_POINT('',(7.129585337860E0,2.369444116479E0,-4.430776757086E1));
#992=CARTESIAN_POINT('',(6.676591996409E0,2.369952450220E0,-4.420853355405E1));
#993=CARTESIAN_POINT('',(6.459282941125E0,2.369952449155E0,-4.416234309461E1));
#995=DIRECTION('',(2.047530450592E-1,1.736481776669E-1,9.632873407929E-1));
#996=VECTOR('',#995,3.099999681953E1);
#997=CARTESIAN_POINT('',(2.200104395136E0,-3.481991057404E0,-7.718648769299E1));
#998=LINE('',#997,#996);
#999=CARTESIAN_POINT('',(-9.937300995364E-1,-3.950841217921E0,
-7.922600183174E1));
#1000=CARTESIAN_POINT('',(-7.747909002512E-1,-3.950841224549E0,
-7.927253883359E1));
#1001=CARTESIAN_POINT('',(-3.161119013831E-1,-3.950294847930E0,
-7.936686618290E1));
#1002=CARTESIAN_POINT('',(2.687999823456E-1,-3.932980414439E0,
-7.939080427448E1));
#1003=CARTESIAN_POINT('',(7.761773693699E-1,-3.897911199570E0,
-7.929532000378E1));
#1004=CARTESIAN_POINT('',(1.193796432447E0,-3.848479860253E0,
-7.909748567866E1));
#1005=CARTESIAN_POINT('',(1.547346189775E0,-3.784510659524E0,
-7.880174274880E1));
#1006=CARTESIAN_POINT('',(1.842456359570E0,-3.701400544275E0,
-7.838259943040E1));
#1007=CARTESIAN_POINT('',(2.056802901340E0,-3.601094628536E0,
-7.784658833757E1));
#1008=CARTESIAN_POINT('',(2.154615672749E0,-3.520569408150E0,
-7.740049533547E1));
#1009=CARTESIAN_POINT('',(2.200104395136E0,-3.481991057404E0,
-7.718648769299E1));
#1011=DIRECTION('',(9.781476007338E-1,0.E0,-2.079116908178E-1));
#1012=VECTOR('',#1011,3.099999681953E1);
#1013=CARTESIAN_POINT('',(-3.131630261131E1,-3.950841217921E0,
-7.278074007765E1));
#1014=LINE('',#1013,#1012);
#1015=CARTESIAN_POINT('',(-3.340446781095E1,-3.481990666753E0,
-6.961849998015E1));
#1016=CARTESIAN_POINT('',(-3.345029781229E1,-3.520858414631E0,
-6.983411300080E1));
#1017=CARTESIAN_POINT('',(-3.354309931321E1,-3.602172216302E0,
-7.028584336113E1));
#1018=CARTESIAN_POINT('',(-3.356373281343E1,-3.702385823789E0,
-7.086249423047E1));
#1019=CARTESIAN_POINT('',(-3.346374253277E1,-3.785118358279E0,
-7.136342953583E1));
#1020=CARTESIAN_POINT('',(-3.326051766718E1,-3.848909929172E0,
-7.177648867063E1));
#1021=CARTESIAN_POINT('',(-3.295840234123E1,-3.898284259180E0,
-7.212697672388E1));
#1022=CARTESIAN_POINT('',(-3.253151020367E1,-3.933277233654E0,
-7.242060407199E1));
#1023=CARTESIAN_POINT('',(-3.198660500805E1,-3.950332885244E0,
-7.263531560140E1));
#1024=CARTESIAN_POINT('',(-3.153361166660E1,-3.950841218986E0,
-7.273454961821E1));
#1025=CARTESIAN_POINT('',(-3.131630261131E1,-3.950841217921E0,
-7.278074007765E1));
#1027=DIRECTION('',(-2.047530450592E-1,-1.736481776669E-1,-9.632873407929E-1));
#1028=VECTOR('',#1027,3.099999681953E1);
#1029=CARTESIAN_POINT('',(-2.705712406532E1,1.901102288638E0,
-3.975659547927E1));
#1030=LINE('',#1029,#1028);
#1031=CARTESIAN_POINT('',(-2.386328957065E1,2.369952449155E0,
-3.771708134052E1));
#1032=CARTESIAN_POINT('',(-2.408222876994E1,2.369952455784E0,
-3.767054433868E1));
#1033=CARTESIAN_POINT('',(-2.454090776880E1,2.369406079165E0,
-3.757621698937E1));
#1034=CARTESIAN_POINT('',(-2.512581965253E1,2.352091645674E0,
-3.755227889778E1));
#1035=CARTESIAN_POINT('',(-2.563319703956E1,2.317022430805E0,
-3.764776316848E1));
#1036=CARTESIAN_POINT('',(-2.605081610264E1,2.267591091488E0,
-3.784559749361E1));
#1037=CARTESIAN_POINT('',(-2.640436585996E1,2.203621890759E0,
-3.814134042346E1));
#1038=CARTESIAN_POINT('',(-2.669947602976E1,2.120511775510E0,
-3.856048374187E1));
#1039=CARTESIAN_POINT('',(-2.691382257153E1,2.020205859771E0,
-3.909649483469E1));
#1040=CARTESIAN_POINT('',(-2.701163534294E1,1.939680639385E0,
-3.954258783679E1));
#1041=CARTESIAN_POINT('',(-2.705712406532E1,1.901102288638E0,
-3.975659547927E1));
#1043=DIRECTION('',(-9.781476007339E-1,-7.860381403018E-14,2.079116908173E-1));
#1044=VECTOR('',#1043,9.999996961124E-1);
#1045=CARTESIAN_POINT('',(-2.288514226716E1,2.369952449156E0,
-3.792499296816E1));
#1046=LINE('',#1045,#1044);
#1047=CARTESIAN_POINT('',(-2.121459616848E1,2.444232579442E0,
-3.784940367220E1));
#1048=CARTESIAN_POINT('',(-2.132659698671E1,2.430535556266E0,
-3.790501225212E1));
#1049=CARTESIAN_POINT('',(-2.155522411723E1,2.407522231986E0,
-3.798984688675E1));
#1050=CARTESIAN_POINT('',(-2.197141528328E1,2.381986850478E0,
-3.804943639637E1));
#1051=CARTESIAN_POINT('',(-2.242400953770E1,2.370269724669E0,
-3.802117019801E1));
#1052=CARTESIAN_POINT('',(-2.273283015455E1,2.369952454068E0,
-3.795736787863E1));
#1053=CARTESIAN_POINT('',(-2.288514226716E1,2.369952449156E0,
-3.792499296816E1));
#1055=DIRECTION('',(3.610348622615E-2,-9.848077530122E-1,1.698535483567E-1));
#1056=VECTOR('',#1055,3.E0);
#1057=CARTESIAN_POINT('',(-2.231829630111E1,2.444420061216E0,
-5.527599247529E1));
#1058=LINE('',#1057,#1056);
#1059=DIRECTION('',(3.610348622615E-2,-9.848077530122E-1,1.698535483567E-1));
#1060=VECTOR('',#1059,3.E0);
#1061=CARTESIAN_POINT('',(-2.231829630111E1,1.883537688092E0,
-5.852797817076E1));
#1062=LINE('',#1061,#1060);
#1063=CARTESIAN_POINT('',(-2.016619872504E1,2.709670530163E0,
-3.619574680403E1));
#1064=CARTESIAN_POINT('',(-2.020592747655E1,2.688042968733E0,
-3.638265604576E1));
#1065=CARTESIAN_POINT('',(-2.029199533957E1,2.639782933368E0,
-3.676449065940E1));
#1066=CARTESIAN_POINT('',(-2.051771901193E1,2.564747747030E0,
-3.725326254680E1));
#1067=CARTESIAN_POINT('',(-2.084668429588E1,2.494714135558E0,
-3.763094593777E1));
#1068=CARTESIAN_POINT('',(-2.108355762970E1,2.460121827423E0,
-3.778513120534E1));
#1069=CARTESIAN_POINT('',(-2.121459616848E1,2.444232579442E0,
-3.784940367220E1));
#1071=CARTESIAN_POINT('',(-1.946471484149E1,-2.71E1,-3.289552492945E1));
#1072=DIRECTION('',(-9.781476007338E-1,0.E0,2.079116908178E-1));
#1073=DIRECTION('',(-1.429004793781E-2,9.976352057129E-1,-6.722938979412E-2));
#1074=AXIS2_PLACEMENT_3D('',#1071,#1072,#1073);
#1076=CARTESIAN_POINT('',(-1.989341619380E1,2.829056360903E0,
-3.491240664366E1));
#1077=CARTESIAN_POINT('',(-1.946366320923E1,2.816495085833E0,
-3.519015882204E1));
#1078=CARTESIAN_POINT('',(-1.859231139158E1,2.789469234080E0,
-3.572696550089E1));
#1079=CARTESIAN_POINT('',(-1.724327270603E1,2.746300130884E0,
-3.647834041628E1));
#1080=CARTESIAN_POINT('',(-1.586890420005E1,2.704118736996E0,
-3.716518480293E1));
#1081=CARTESIAN_POINT('',(-1.445721263808E1,2.665224022630E0,
-3.779326216285E1));
#1082=CARTESIAN_POINT('',(-1.299958393070E1,2.631718488944E0,
-3.836436786258E1));
#1083=CARTESIAN_POINT('',(-1.149825164860E1,2.605940173419E0,
-3.887346762323E1));
#1084=CARTESIAN_POINT('',(-9.968336666051E0,2.589854618452E0,
-3.931296845638E1));
#1085=CARTESIAN_POINT('',(-8.425691438562E0,2.584517942552E0,
-3.967813285982E1));
#1086=CARTESIAN_POINT('',(-6.885194951896E0,2.589995221203E0,
-3.996731781652E1));
#1087=CARTESIAN_POINT('',(-5.358363405341E0,2.605428459913E0,
-4.018215301889E1));
#1088=CARTESIAN_POINT('',(-3.845633898804E0,2.629608054284E0,
-4.032582230214E1));
#1089=CARTESIAN_POINT('',(-2.336234634645E0,2.661249504780E0,
-4.040135684958E1));
#1090=CARTESIAN_POINT('',(-8.278466300340E-1,2.698637761248E0,
-4.041012182486E1));
#1091=CARTESIAN_POINT('',(6.848190281395E-1,2.739828397381E0,
-4.035252318557E1));
#1092=CARTESIAN_POINT('',(2.244830642981E0,2.783686794264E0,-4.022461599933E1));
#1093=CARTESIAN_POINT('',(3.384750862523E0,2.814426314388E0,-4.007741526350E1));
#1094=CARTESIAN_POINT('',(3.973379514349E0,2.829054419079E0,-3.998548029110E1));
#1096=CARTESIAN_POINT('',(4.402086750024E0,-2.71E1,-3.796857021381E1));
#1097=DIRECTION('',(9.781476007338E-1,0.E0,-2.079116908178E-1));
#1098=DIRECTION('',(-2.338280314457E-2,9.936556786552E-1,-1.100074397179E-1));
#1099=AXIS2_PLACEMENT_3D('',#1096,#1097,#1098);
#1101=CARTESIAN_POINT('',(3.985758573386E0,2.444232579442E0,-4.320590442899E1));
#1102=CARTESIAN_POINT('',(3.887193616492E0,2.460970440259E0,-4.308790799086E1));
#1103=CARTESIAN_POINT('',(3.724090329554E0,2.499101031346E0,-4.282687982295E1));
#1104=CARTESIAN_POINT('',(3.591667721849E0,2.566932725552E0,-4.236237098663E1));
#1105=CARTESIAN_POINT('',(3.584737138635E0,2.640045606039E0,-4.183732857870E1));
#1106=CARTESIAN_POINT('',(3.661166938254E0,2.688202400694E0,-4.145432286229E1));
#1107=CARTESIAN_POINT('',(3.700602763022E0,2.709670462163E0,-4.126879205853E1));
#1109=DIRECTION('',(-7.081891680707E-1,7.026205443430E-1,6.922768878537E-2));
#1110=VECTOR('',#1109,4.242640687122E-1);
#1111=CARTESIAN_POINT('',(-2.016619872504E1,2.709670530163E0,
-3.619574680403E1));
#1112=LINE('',#1111,#1110);
#1113=DIRECTION('',(-3.464419727375E-1,7.920141991901E-1,5.026842625415E-1));
#1114=VECTOR('',#1113,4.242640687318E-1);
#1115=CARTESIAN_POINT('',(-2.121459616848E1,2.444232579442E0,
-3.784940367220E1));
#1116=LINE('',#1115,#1114);
#1117=DIRECTION('',(1.192533785347E-1,8.191520442888E-1,5.610423870311E-1));
#1118=VECTOR('',#1117,4.242640687121E-1);
#1119=CARTESIAN_POINT('',(-2.288514226716E1,2.369952449156E0,
-3.792499296816E1));
#1120=LINE('',#1119,#1118);
#1121=DIRECTION('',(1.192515580353E-1,8.191520442877E-1,5.610427739892E-1));
#1122=VECTOR('',#1121,4.242640687126E-1);
#1123=CARTESIAN_POINT('',(-2.386328957065E1,2.369952449155E0,
-3.771708134052E1));
#1124=LINE('',#1123,#1122);
#1125=DIRECTION('',(-7.171838024149E-1,6.963642564339E-1,2.691126000318E-2));
#1126=VECTOR('',#1125,4.242640687119E-1);
#1127=CARTESIAN_POINT('',(-2.705712406532E1,1.901102288638E0,
-3.975659547927E1));
#1128=LINE('',#1127,#1126);
#1129=DIRECTION('',(-7.171841748971E-1,6.963639405351E-1,2.690950760778E-2));
#1130=VECTOR('',#1129,4.242640687126E-1);
#1131=CARTESIAN_POINT('',(-3.340446781095E1,-3.481990666753E0,
-6.961849998015E1));
#1132=LINE('',#1131,#1130);
#1133=DIRECTION('',(-1.703113773338E-1,5.735764363510E-1,-8.012515874640E-1));
#1134=VECTOR('',#1133,4.242640687119E-1);
#1135=CARTESIAN_POINT('',(-3.131630261131E1,-3.950841217921E0,
-7.278074007765E1));
#1136=LINE('',#1135,#1134);
#1137=DIRECTION('',(-1.703095979046E-1,5.735764363501E-1,-8.012519656922E-1));
#1138=VECTOR('',#1137,4.242640687126E-1);
#1139=CARTESIAN_POINT('',(-9.937300995364E-1,-3.950841217921E0,
-7.922600183174E1));
#1140=LINE('',#1139,#1138);
#1141=DIRECTION('',(6.661257625448E-1,6.963642242060E-1,-2.671204517067E-1));
#1142=VECTOR('',#1141,4.242640687119E-1);
#1143=CARTESIAN_POINT('',(2.200104395136E0,-3.481991057404E0,
-7.718648769299E1));
#1144=LINE('',#1143,#1142);
#1145=DIRECTION('',(6.661261350271E-1,6.963645401025E-1,-2.671186993112E-1));
#1146=VECTOR('',#1145,4.242640687126E-1);
#1147=CARTESIAN_POINT('',(8.547448140760E0,1.901101897988E0,-4.732458319212E1));
#1148=LINE('',#1147,#1146);
#1149=DIRECTION('',(1.192533374635E-1,8.191520442890E-1,5.610423957608E-1));
#1150=VECTOR('',#1149,4.242640687119E-1);
#1151=CARTESIAN_POINT('',(6.459282941125E0,2.369952449155E0,-4.416234309461E1));
#1152=LINE('',#1151,#1150);
#1153=DIRECTION('',(1.192531148589E-1,8.191520442888E-1,5.610424430771E-1));
#1154=VECTOR('',#1153,4.242640687121E-1);
#1155=CARTESIAN_POINT('',(5.481133437151E0,2.369952449156E0,-4.395443099925E1));
#1156=LINE('',#1155,#1154);
#1157=DIRECTION('',(5.209506000051E-1,7.920141991900E-1,3.183142796605E-1));
#1158=VECTOR('',#1157,4.242640687319E-1);
#1159=CARTESIAN_POINT('',(3.985758573386E0,2.444232579442E0,-4.320590442899E1));
#1160=LINE('',#1159,#1158);
#1161=DIRECTION('',(6.751203276641E-1,7.026206512196E-1,-2.248038337184E-1));
#1162=VECTOR('',#1161,4.242640687122E-1);
#1163=CARTESIAN_POINT('',(3.700602763022E0,2.709670462163E0,-4.126879205853E1));
#1164=LINE('',#1163,#1162);
#1165=DIRECTION('',(6.815494890939E-1,7.054350462647E-1,-1.945551063769E-1));
#1166=VECTOR('',#1165,4.242637216234E-1);
#1167=CARTESIAN_POINT('',(3.973379514349E0,2.829054419079E0,-3.998548029110E1));
#1168=LINE('',#1167,#1166);
#1169=CARTESIAN_POINT('',(4.699845233364E0,1.815799618789E0,-3.691787392704E1));
#1170=CARTESIAN_POINT('',(4.675345128881E0,1.957241448257E0,-3.706357572365E1));
#1171=CARTESIAN_POINT('',(4.656209292281E0,2.242548330592E0,-3.735344744727E1));
#1172=CARTESIAN_POINT('',(4.700877637217E0,2.548180025922E0,-3.765589714136E1));
#1173=CARTESIAN_POINT('',(4.741832153002E0,2.709269783317E0,-3.781311298820E1));
#1175=CARTESIAN_POINT('',(3.973379514349E0,2.829054419079E0,-3.998548029110E1));
#1176=CARTESIAN_POINT('',(4.048928922908E0,2.851748741202E0,-3.966478267500E1));
#1177=CARTESIAN_POINT('',(4.201866099275E0,2.824500422033E0,-3.901657372687E1));
#1178=CARTESIAN_POINT('',(4.424327741438E0,2.564958949734E0,-3.807689895612E1));
#1179=CARTESIAN_POINT('',(4.588307575143E0,2.190396535998E0,-3.738654574178E1));
#1180=CARTESIAN_POINT('',(4.673986955871E0,1.909935289194E0,-3.702649116002E1));
#1181=CARTESIAN_POINT('',(4.699845233364E0,1.815799618789E0,-3.691787392704E1));
#1183=CARTESIAN_POINT('',(-1.930939879206E1,1.815929288502E0,
-3.181466276415E1));
#1184=CARTESIAN_POINT('',(-1.933032610626E1,1.911745382748E0,
-3.192639593533E1));
#1185=CARTESIAN_POINT('',(-1.939905724306E1,2.193947651186E0,
-3.229315072029E1));
#1186=CARTESIAN_POINT('',(-1.953136761749E1,2.570273446091E0,
-3.299753791422E1));
#1187=CARTESIAN_POINT('',(-1.971088159794E1,2.826185364674E0,
-3.394926873226E1));
#1188=CARTESIAN_POINT('',(-1.983273646488E1,2.851475307241E0,
-3.459262104612E1));
#1189=CARTESIAN_POINT('',(-1.989341619380E1,2.829056360903E0,
-3.491240664366E1));
#1191=CARTESIAN_POINT('',(-1.903936615795E1,1.684476872513E0,
-3.182537861592E1));
#1192=CARTESIAN_POINT('',(-1.905619479175E1,1.694691321793E0,
-3.182672239635E1));
#1193=CARTESIAN_POINT('',(-1.908990564389E1,1.714973758259E0,
-3.182943437844E1));
#1194=CARTESIAN_POINT('',(-1.912364323242E1,1.735069245756E0,
-3.183237079024E1));
#1195=CARTESIAN_POINT('',(-1.914053296264E1,1.745050286596E0,
-3.183386204592E1));
#1197=CARTESIAN_POINT('',(-1.971185112683E1,2.709237982062E0,
-3.261528901556E1));
#1198=CARTESIAN_POINT('',(-1.961063102967E1,2.548327206766E0,
-3.248844748432E1));
#1199=CARTESIAN_POINT('',(-1.944672802624E1,2.242618853576E0,
-3.223028934887E1));
#1200=CARTESIAN_POINT('',(-1.934627614058E1,1.957278725733E0,
-3.195762545221E1));
#1201=CARTESIAN_POINT('',(-1.930939879206E1,1.815929288502E0,
-3.181466276415E1));
#1203=DIRECTION('',(-7.017595891986E-1,7.054343834706E-1,9.947768385504E-2));
#1204=VECTOR('',#1203,4.242642031716E-1);
#1205=CARTESIAN_POINT('',(-1.989341619380E1,2.829056360903E0,
-3.491240664366E1));
#1206=LINE('',#1205,#1204);
#1207=DIRECTION('',(2.079116882362E-1,-2.639193416232E-9,9.781476012825E-1));
#1208=VECTOR('',#1207,2.076878427144E0);
#1209=CARTESIAN_POINT('',(-1.975815920705E1,5.6E0,-3.283315140406E1));
#1210=LINE('',#1209,#1208);
#1211=CARTESIAN_POINT('',(-1.971185112683E1,2.709237982062E0,
-3.261528901556E1));
#1212=CARTESIAN_POINT('',(-1.972854414202E1,2.746103503647E0,
-3.269382347740E1));
#1213=CARTESIAN_POINT('',(-1.981247148828E1,2.917722322848E0,
-3.308867059356E1));
#1214=CARTESIAN_POINT('',(-1.997371442478E1,3.124736247616E0,
-3.384725903260E1));
#1215=CARTESIAN_POINT('',(-2.011895731206E1,3.152267955526E0,
-3.453057290722E1));
#1216=CARTESIAN_POINT('',(-2.019114766673E1,3.128346917496E0,
-3.487020182338E1));
#1218=CARTESIAN_POINT('',(-1.975816179721E1,-2.709989029394E1,
-3.283316358980E1));
#1219=DIRECTION('',(-9.781476007338E-1,0.E0,2.079116908178E-1));
#1220=DIRECTION('',(-1.429001408243E-2,9.976352169313E-1,-6.722923051706E-2));
#1221=AXIS2_PLACEMENT_3D('',#1218,#1219,#1220);
#1223=CARTESIAN_POINT('',(-1.975815920705E1,-2.71E1,-3.283315140407E1));
#1224=DIRECTION('',(9.781476007338E-1,0.E0,-2.079116908178E-1));
#1225=DIRECTION('',(-2.432113096656E-2,9.931344851823E-1,-1.144219250418E-1));
#1226=AXIS2_PLACEMENT_3D('',#1223,#1224,#1225);
#1228=DIRECTION('',(-6.916548014795E-1,-7.071067811866E-1,1.470157664687E-1));
#1229=VECTOR('',#1228,4.242640687119E-1);
#1230=CARTESIAN_POINT('',(-1.946471492683E1,5.9E0,-3.289552491131E1));
#1231=LINE('',#1230,#1229);
#1232=DIRECTION('',(-6.744573721428E-1,-7.022522465400E-1,2.279233103297E-1));
#1233=VECTOR('',#1232,4.242640687121E-1);
#1234=CARTESIAN_POINT('',(-2.026731202049E1,5.673438140316E0,
-3.667144736392E1));
#1235=LINE('',#1234,#1233);
#1236=DIRECTION('',(-2.953839640487E-1,-6.007142853495E-1,7.428934386303E-1));
#1237=VECTOR('',#1236,4.242640686545E-1);
#1238=CARTESIAN_POINT('',(-2.132290662028E1,5.398655839340E0,
-3.835896431373E1));
#1239=LINE('',#1238,#1237);
#1240=CARTESIAN_POINT('',(-2.292119569767E1,5.081027835589E0,
-3.809461136110E1));
#1241=CARTESIAN_POINT('',(-2.266574679526E1,5.081027835589E0,
-3.814890870148E1));
#1242=CARTESIAN_POINT('',(-2.214947852486E1,5.082690517704E0,
-3.824900470958E1));
#1243=CARTESIAN_POINT('',(-2.166156540838E1,5.117704395632E0,
-3.814970402302E1));
#1244=CARTESIAN_POINT('',(-2.144822742268E1,5.143794352539E0,
-3.804378132088E1));
#1246=CARTESIAN_POINT('',(-2.144822742268E1,5.143794352539E0,
-3.804378132088E1));
#1247=CARTESIAN_POINT('',(-2.133480023938E1,5.157665817178E0,
-3.798746451582E1));
#1248=CARTESIAN_POINT('',(-2.112673264053E1,5.188830254147E0,
-3.784627813416E1));
#1249=CARTESIAN_POINT('',(-2.086640882734E1,5.245398978191E0,
-3.753259738541E1));
#1250=CARTESIAN_POINT('',(-2.067547091475E1,5.307363173270E0,
-3.712255573281E1));
#1251=CARTESIAN_POINT('',(-2.059089570195E1,5.354289565335E0,
-3.675086872216E1));
#1252=CARTESIAN_POINT('',(-2.055346004937E1,5.375497744937E0,
-3.657474769293E1));
#1254=DIRECTION('',(3.610351088950E-2,-9.848077388277E-1,1.698536253556E-1));
#1255=VECTOR('',#1254,2.404256658958E0);
#1256=CARTESIAN_POINT('',(-2.055346004937E1,5.375497744937E0,
-3.657474769293E1));
#1257=LINE('',#1256,#1255);
#1258=CARTESIAN_POINT('',(-2.046665794290E1,3.007767181067E0,
-3.616637598312E1));
#1259=CARTESIAN_POINT('',(-2.050444734890E1,2.987195347917E0,
-3.634416132766E1));
#1260=CARTESIAN_POINT('',(-2.058947690106E1,2.941603601326E0,
-3.671797387279E1));
#1261=CARTESIAN_POINT('',(-2.078568398208E1,2.879348173335E0,
-3.713751526436E1));
#1262=CARTESIAN_POINT('',(-2.105990644129E1,2.821822581486E0,
-3.745539012238E1));
#1263=CARTESIAN_POINT('',(-2.125372401098E1,2.793445770971E0,
-3.758258257569E1));
#1264=CARTESIAN_POINT('',(-2.136157904941E1,2.780255746083E0,
-3.763613280168E1));
#1266=CARTESIAN_POINT('',(-2.136157904941E1,2.780255746083E0,
-3.763613280168E1));
#1267=CARTESIAN_POINT('',(-2.157491703511E1,2.754165789176E0,
-3.774205550382E1));
#1268=CARTESIAN_POINT('',(-2.206283015465E1,2.719151910088E0,
-3.784135619646E1));
#1269=CARTESIAN_POINT('',(-2.257909844117E1,2.717489228359E0,
-3.774126018269E1));
#1270=CARTESIAN_POINT('',(-2.283454734358E1,2.717489228359E0,
-3.768696284231E1));
#1272=DIRECTION('',(3.610348622529E-2,-9.848077530122E-1,1.698535483569E-1));
#1273=VECTOR('',#1272,2.4E0);
#1274=CARTESIAN_POINT('',(-2.389934378638E1,5.081027835588E0,
-3.788669956656E1));
#1275=LINE('',#1274,#1273);
#1276=DIRECTION('',(9.781476007339E-1,1.003641113568E-13,-2.079116908172E-1));
#1277=VECTOR('',#1276,1.000000498876E0);
#1278=CARTESIAN_POINT('',(-2.389934378638E1,5.081027835588E0,
-3.788669956656E1));
#1279=LINE('',#1278,#1277);
#1280=DIRECTION('',(-3.610348087146E-2,9.848077530122E-1,-1.698535494949E-1));
#1281=VECTOR('',#1280,2.4E0);
#1282=CARTESIAN_POINT('',(-2.283454734358E1,2.717489228359E0,
-3.768696284231E1));
#1283=LINE('',#1282,#1281);
#1284=DIRECTION('',(-9.781476007339E-1,-9.503504474558E-14,2.079116908173E-1));
#1285=VECTOR('',#1284,1.000000485740E0);
#1286=CARTESIAN_POINT('',(-2.283454734358E1,2.717489228359E0,
-3.768696284231E1));
#1287=LINE('',#1286,#1285);
#1288=CARTESIAN_POINT('',(-2.744804775029E1,4.560083228608E0,
-4.015282651467E1));
#1289=CARTESIAN_POINT('',(-2.740382109256E1,4.597591234984E0,
-3.994475644906E1));
#1290=CARTESIAN_POINT('',(-2.731393111838E1,4.672697082200E0,
-3.952840083050E1));
#1291=CARTESIAN_POINT('',(-2.709718520558E1,4.781751144903E0,
-3.894217814435E1));
#1292=CARTESIAN_POINT('',(-2.676481390773E1,4.881246029223E0,
-3.843595633314E1));
#1293=CARTESIAN_POINT('',(-2.631597064560E1,4.964763596848E0,
-3.804712759087E1));
#1294=CARTESIAN_POINT('',(-2.577218121669E1,5.026963141375E0,
-3.780208178564E1));
#1295=CARTESIAN_POINT('',(-2.516671675300E1,5.065141214320E0,
-3.770942146469E1));
#1296=CARTESIAN_POINT('',(-2.453397025068E1,5.080791593802E0,
-3.775317527290E1));
#1297=CARTESIAN_POINT('',(-2.411062366814E1,5.081027835588E0,
-3.784179064135E1));
#1298=CARTESIAN_POINT('',(-2.389934378638E1,5.081027835588E0,
-3.788669956656E1));
#1300=CARTESIAN_POINT('',(-2.381269541944E1,2.717489228359E0,
-3.747905105051E1));
#1301=CARTESIAN_POINT('',(-2.402397530120E1,2.717489228359E0,
-3.743414212529E1));
#1302=CARTESIAN_POINT('',(-2.444732188374E1,2.717252986572E0,
-3.734552675685E1));
#1303=CARTESIAN_POINT('',(-2.508006838606E1,2.701602607091E0,
-3.730177294863E1));
#1304=CARTESIAN_POINT('',(-2.568553284975E1,2.663424534146E0,
-3.739443326959E1));
#1305=CARTESIAN_POINT('',(-2.622932227866E1,2.601224989619E0,
-3.763947907481E1));
#1306=CARTESIAN_POINT('',(-2.667816554078E1,2.517707421994E0,
-3.802830781708E1));
#1307=CARTESIAN_POINT('',(-2.701053683864E1,2.418212537673E0,
-3.853452962829E1));
#1308=CARTESIAN_POINT('',(-2.722728275143E1,2.309158474971E0,
-3.912075231444E1));
#1309=CARTESIAN_POINT('',(-2.731717272562E1,2.234052627755E0,
-3.953710793300E1));
#1310=CARTESIAN_POINT('',(-2.736139938335E1,2.196544621379E0,
-3.974517799861E1));
#1312=DIRECTION('',(3.610348622608E-2,-9.848077530123E-1,1.698535483563E-1));
#1313=VECTOR('',#1312,2.4E0);
#1314=CARTESIAN_POINT('',(-2.744804775029E1,4.560083228608E0,
-4.015282651467E1));
#1315=LINE('',#1314,#1313);
#1316=DIRECTION('',(-2.047530450592E-1,-1.736481776669E-1,-9.632873407929E-1));
#1317=VECTOR('',#1316,3.099999759134E1);
#1318=CARTESIAN_POINT('',(-2.736139938335E1,2.196544621379E0,
-3.974517799861E1));
#1319=LINE('',#1318,#1317);
#1320=DIRECTION('',(3.610348622598E-2,-9.848077530124E-1,1.698535483559E-1));
#1321=VECTOR('',#1320,2.4E0);
#1322=CARTESIAN_POINT('',(-3.379539165395E1,-8.230098608073E-1,
-7.001473175902E1));
#1323=LINE('',#1322,#1321);
#1324=DIRECTION('',(2.047530450592E-1,1.736481776669E-1,9.632873407929E-1));
#1325=VECTOR('',#1324,3.099999759134E1);
#1326=CARTESIAN_POINT('',(-3.379539165395E1,-8.230098608073E-1,
-7.001473175902E1));
#1327=LINE('',#1326,#1325);
#1328=CARTESIAN_POINT('',(-3.147520797615E1,-1.343954738088E0,
-7.352833085227E1));
#1329=CARTESIAN_POINT('',(-3.168648785791E1,-1.343954738088E0,
-7.348342192705E1));
#1330=CARTESIAN_POINT('',(-3.210927509373E1,-1.343718496351E0,
-7.339218600063E1));
#1331=CARTESIAN_POINT('',(-3.270511495955E1,-1.328068116645E0,
-7.317479571343E1));
#1332=CARTESIAN_POINT('',(-3.322054568312E1,-1.289890044521E0,
-7.284388177024E1));
#1333=CARTESIAN_POINT('',(-3.361765299831E1,-1.227690496934E0,
-7.239884217045E1));
#1334=CARTESIAN_POINT('',(-3.386954082049E1,-1.144172940729E0,
-7.186106850446E1));
#1335=CARTESIAN_POINT('',(-3.396727810412E1,-1.044678013789E0,
-7.126342404491E1));
#1336=CARTESIAN_POINT('',(-3.392684728705E1,-9.356241101466E-1,
-7.063972535048E1));
#1337=CARTESIAN_POINT('',(-3.383961831168E1,-8.605178671833E-1,
-7.022280182463E1));
#1338=CARTESIAN_POINT('',(-3.379539165395E1,-8.230098608073E-1,
-7.001473175902E1));
#1340=CARTESIAN_POINT('',(-3.370874328701E1,-3.186548468037E0,
-6.960708324296E1));
#1341=CARTESIAN_POINT('',(-3.375296994474E1,-3.224056474413E0,
-6.981515330857E1));
#1342=CARTESIAN_POINT('',(-3.384019892011E1,-3.299162717376E0,
-7.023207683442E1));
#1343=CARTESIAN_POINT('',(-3.388062973718E1,-3.408216621018E0,
-7.085577552886E1));
#1344=CARTESIAN_POINT('',(-3.378289245355E1,-3.507711547958E0,
-7.145341998841E1));
#1345=CARTESIAN_POINT('',(-3.353100463137E1,-3.591229104163E0,
-7.199119365440E1));
#1346=CARTESIAN_POINT('',(-3.313389731618E1,-3.653428651750E0,
-7.243623325418E1));
#1347=CARTESIAN_POINT('',(-3.261846659261E1,-3.691606723874E0,
-7.276714719737E1));
#1348=CARTESIAN_POINT('',(-3.202262672679E1,-3.707257103580E0,
-7.298453748458E1));
#1349=CARTESIAN_POINT('',(-3.159983949097E1,-3.707493345317E0,
-7.307577341099E1));
#1350=CARTESIAN_POINT('',(-3.138855960921E1,-3.707493345317E0,
-7.312068233621E1));
#1352=DIRECTION('',(3.610348622651E-2,-9.848077530122E-1,1.698535483566E-1));
#1353=VECTOR('',#1352,2.4E0);
#1354=CARTESIAN_POINT('',(-3.147520797615E1,-1.343954738088E0,
-7.352833085227E1));
#1355=LINE('',#1354,#1353);
#1356=DIRECTION('',(9.781476007338E-1,0.E0,-2.079116908178E-1));
#1357=VECTOR('',#1356,3.099999759134E1);
#1358=CARTESIAN_POINT('',(-3.138855960921E1,-3.707493345317E0,
-7.312068233621E1));
#1359=LINE('',#1358,#1357);
#1360=DIRECTION('',(3.610348622701E-2,-9.848077530122E-1,1.698535483565E-1));
#1361=VECTOR('',#1360,2.4E0);
#1362=CARTESIAN_POINT('',(-1.152634709429E0,-1.343954738088E0,
-7.997359276683E1));
#1363=LINE('',#1362,#1361);
#1364=DIRECTION('',(-9.781476007338E-1,0.E0,2.079116908178E-1));
#1365=VECTOR('',#1364,3.099999759134E1);
#1366=CARTESIAN_POINT('',(-1.152634709429E0,-1.343954738088E0,
-7.997359276683E1));
#1367=LINE('',#1366,#1365);
#1368=CARTESIAN_POINT('',(2.396069254485E0,-8.230101311074E-1,
-7.770746581872E1));
#1369=CARTESIAN_POINT('',(2.351842596752E0,-8.605181374835E-1,
-7.791553588433E1));
#1370=CARTESIAN_POINT('',(2.261952622568E0,-9.356239846998E-1,
-7.833189150289E1));
#1371=CARTESIAN_POINT('',(2.045206709770E0,-1.044678047402E0,
-7.891811418904E1));
#1372=CARTESIAN_POINT('',(1.712835411916E0,-1.144172931722E0,
-7.942433600025E1));
#1373=CARTESIAN_POINT('',(1.263992149790E0,-1.227690499347E0,
-7.981316474252E1));
#1374=CARTESIAN_POINT('',(7.202027208834E-1,-1.289890043874E0,
-8.005821054775E1));
#1375=CARTESIAN_POINT('',(1.147382571925E-1,-1.328068116819E0,
-8.015087086870E1));
#1376=CARTESIAN_POINT('',(-5.180082451295E-1,-1.343718496301E0,
-8.010711706048E1));
#1377=CARTESIAN_POINT('',(-9.413548276706E-1,-1.343954738088E0,
-8.001850169204E1));
#1378=CARTESIAN_POINT('',(-1.152634709429E0,-1.343954738088E0,
-7.997359276683E1));
#1380=CARTESIAN_POINT('',(-1.065986342484E0,-3.707493345317E0,
-7.956594425077E1));
#1381=CARTESIAN_POINT('',(-8.547064607258E-1,-3.707493345317E0,
-7.961085317599E1));
#1382=CARTESIAN_POINT('',(-4.313598781877E-1,-3.707257103530E0,
-7.969946854443E1));
#1383=CARTESIAN_POINT('',(2.013866241355E-1,-3.691606724049E0,
-7.974322235265E1));
#1384=CARTESIAN_POINT('',(8.068510878261E-1,-3.653428651104E0,
-7.965056203169E1));
#1385=CARTESIAN_POINT('',(1.350640516733E0,-3.591229106577E0,
-7.940551622647E1));
#1386=CARTESIAN_POINT('',(1.799483778859E0,-3.507711538952E0,
-7.901668748419E1));
#1387=CARTESIAN_POINT('',(2.131855076713E0,-3.408216654631E0,
-7.851046567298E1));
#1388=CARTESIAN_POINT('',(2.348600989511E0,-3.299162591929E0,
-7.792424298684E1));
#1389=CARTESIAN_POINT('',(2.438490963695E0,-3.224056744713E0,
-7.750788736828E1));
#1390=CARTESIAN_POINT('',(2.482717621428E0,-3.186548738337E0,
-7.729981730267E1));
#1392=DIRECTION('',(3.610348622633E-2,-9.848077530121E-1,1.698535483576E-1));
#1393=VECTOR('',#1392,2.4E0);
#1394=CARTESIAN_POINT('',(8.743413158139E0,4.560082958308E0,-4.784556057437E1));
#1395=LINE('',#1394,#1393);
#1396=DIRECTION('',(-2.047530450592E-1,-1.736481776669E-1,-9.632873407929E-1));
#1397=VECTOR('',#1396,3.099999759134E1);
#1398=CARTESIAN_POINT('',(8.743413158139E0,4.560082958308E0,-4.784556057437E1));
#1399=LINE('',#1398,#1397);
#1400=DIRECTION('',(3.610348622623E-2,-9.848077530121E-1,1.698535483571E-1));
#1401=VECTOR('',#1400,2.4E0);
#1402=CARTESIAN_POINT('',(2.396069254485E0,-8.230101311074E-1,
-7.770746581872E1));
#1403=LINE('',#1402,#1401);
#1404=DIRECTION('',(2.047530450592E-1,1.736481776669E-1,9.632873407929E-1));
#1405=VECTOR('',#1404,3.099999759134E1);
#1406=CARTESIAN_POINT('',(2.482717621428E0,-3.186548738337E0,
-7.729981730267E1));
#1407=LINE('',#1406,#1405);
#1408=CARTESIAN_POINT('',(6.423229480343E0,5.081027835589E0,-4.433196148112E1));
#1409=CARTESIAN_POINT('',(6.634509362101E0,5.081027835589E0,-4.437687040634E1));
#1410=CARTESIAN_POINT('',(7.057296597920E0,5.080791593852E0,-4.446810633275E1));
#1411=CARTESIAN_POINT('',(7.653136463741E0,5.065141214146E0,-4.468549661996E1));
#1412=CARTESIAN_POINT('',(8.168567187311E0,5.026963142022E0,-4.501641056315E1));
#1413=CARTESIAN_POINT('',(8.565674502506E0,4.964763594435E0,-4.546145016293E1));
#1414=CARTESIAN_POINT('',(8.817562324679E0,4.881246038230E0,-4.599922382893E1));
#1415=CARTESIAN_POINT('',(8.915299608311E0,4.781751111289E0,-4.659686828847E1));
#1416=CARTESIAN_POINT('',(8.874868791243E0,4.672697207647E0,-4.722056698291E1));
#1417=CARTESIAN_POINT('',(8.787639815872E0,4.597590964684E0,-4.763749050876E1));
#1418=CARTESIAN_POINT('',(8.743413158139E0,4.560082958308E0,-4.784556057437E1));
#1420=CARTESIAN_POINT('',(8.830061525083E0,2.196544351079E0,-4.743791205832E1));
#1421=CARTESIAN_POINT('',(8.874288182815E0,2.234052357455E0,-4.722984199270E1));
#1422=CARTESIAN_POINT('',(8.961517158185E0,2.309158600418E0,-4.681291846686E1));
#1423=CARTESIAN_POINT('',(9.001947975254E0,2.418212504060E0,-4.618921977242E1));
#1424=CARTESIAN_POINT('',(8.904210691622E0,2.517707431E0,-4.559157531287E1));
#1425=CARTESIAN_POINT('',(8.652322869449E0,2.601224987205E0,-4.505380164688E1));
#1426=CARTESIAN_POINT('',(8.255215554254E0,2.663424534792E0,-4.460876204710E1));
#1427=CARTESIAN_POINT('',(7.739784830684E0,2.701602606916E0,-4.427784810391E1));
#1428=CARTESIAN_POINT('',(7.143944964863E0,2.717252986622E0,-4.406045781670E1));
#1429=CARTESIAN_POINT('',(6.721157729043E0,2.717489228359E0,-4.396922189028E1));
#1430=CARTESIAN_POINT('',(6.509877847284E0,2.717489228359E0,-4.392431296507E1));
#1432=DIRECTION('',(3.610348622579E-2,-9.848077530122E-1,1.698535483568E-1));
#1433=VECTOR('',#1432,2.4E0);
#1434=CARTESIAN_POINT('',(6.423229480343E0,5.081027835589E0,-4.433196148112E1));
#1435=LINE('',#1434,#1433);
#1436=DIRECTION('',(-9.781476007337E-1,7.949180621603E-14,2.079116908182E-1));
#1437=VECTOR('',#1436,1.000002042313E0);
#1438=CARTESIAN_POINT('',(6.509877847284E0,2.717489228359E0,-4.392431296507E1));
#1439=LINE('',#1438,#1437);
#1440=DIRECTION('',(3.610349159751E-2,-9.848077530122E-1,1.698535472150E-1));
#1441=VECTOR('',#1440,2.4E0);
#1442=CARTESIAN_POINT('',(5.445079869033E0,5.081027835589E0,-4.412404936294E1));
#1443=LINE('',#1442,#1441);
#1444=DIRECTION('',(9.781476007337E-1,-7.638318708911E-14,-2.079116908182E-1));
#1445=VECTOR('',#1444,1.000002055493E0);
#1446=CARTESIAN_POINT('',(5.445079869033E0,5.081027835589E0,-4.412404936294E1));
#1447=LINE('',#1446,#1445);
#1448=CARTESIAN_POINT('',(5.531728248867E0,2.717489228359E0,-4.371640084963E1));
#1449=CARTESIAN_POINT('',(5.276279346457E0,2.717489228359E0,-4.366210350925E1));
#1450=CARTESIAN_POINT('',(4.763932081728E0,2.719151910087E0,-4.354356053816E1));
#1451=CARTESIAN_POINT('',(4.358590498035E0,2.754165789176E0,-4.325439269711E1));
#1452=CARTESIAN_POINT('',(4.206779194552E0,2.780255746083E0,-4.307085511757E1));
#1454=CARTESIAN_POINT('',(4.206779194552E0,2.780255746083E0,-4.307085511757E1));
#1455=CARTESIAN_POINT('',(4.125911089952E0,2.794153561063E0,-4.297308679519E1));
#1456=CARTESIAN_POINT('',(3.992909182421E0,2.825407368190E0,-4.275842057593E1));
#1457=CARTESIAN_POINT('',(3.883455444482E0,2.881166146498E0,-4.236770910464E1));
#1458=CARTESIAN_POINT('',(3.875401466109E0,2.941856334332E0,-4.191585078898E1));
#1459=CARTESIAN_POINT('',(3.949508146601E0,2.987339891762E0,-4.154070421073E1));
#1460=CARTESIAN_POINT('',(3.987032060107E0,3.007767158411E0,-4.136416824768E1));
#1462=DIRECTION('',(-3.610350416923E-2,9.848077389297E-1,-1.698536261928E-1));
#1463=VECTOR('',#1462,2.404256681715E0);
#1464=CARTESIAN_POINT('',(3.987032060107E0,3.007767158411E0,-4.136416824768E1));
#1465=LINE('',#1464,#1463);
#1466=CARTESIAN_POINT('',(3.900229968975E0,5.375497744937E0,-4.177253996337E1));
#1467=CARTESIAN_POINT('',(3.862238297116E0,5.353974597507E0,-4.195127659644E1));
#1468=CARTESIAN_POINT('',(3.787468635951E0,5.306498673021E0,-4.232949930318E1));
#1469=CARTESIAN_POINT('',(3.797702699647E0,5.242613257076E0,-4.279481542916E1));
#1470=CARTESIAN_POINT('',(3.919563951899E0,5.185046256281E0,-4.319314546803E1));
#1471=CARTESIAN_POINT('',(4.043985626503E0,5.156880500195E0,-4.338644523227E1));
#1472=CARTESIAN_POINT('',(4.120130832111E0,5.143794352539E0,-4.347850363907E1));
#1474=CARTESIAN_POINT('',(4.120130832111E0,5.143794352539E0,-4.347850363907E1));
#1475=CARTESIAN_POINT('',(4.271942135593E0,5.117704395632E0,-4.366204121861E1));
#1476=CARTESIAN_POINT('',(4.677283718980E0,5.082690517704E0,-4.395120905287E1));
#1477=CARTESIAN_POINT('',(5.189630966623E0,5.081027835589E0,-4.406975202257E1));
#1478=CARTESIAN_POINT('',(5.445079869033E0,5.081027835589E0,-4.412404936294E1));
#1480=DIRECTION('',(7.088522308167E-1,-7.022522465401E-1,-6.610822260166E-2));
#1481=VECTOR('',#1480,4.242640687121E-1);
#1482=CARTESIAN_POINT('',(3.599489437413E0,5.673438140316E0,-4.174449261988E1));
#1483=LINE('',#1482,#1481);
#1484=DIRECTION('',(5.720086620083E-1,-6.007142853494E-1,5.585234444181E-1));
#1485=VECTOR('',#1484,4.242640686545E-1);
#1486=CARTESIAN_POINT('',(3.877448109862E0,5.398655839340E0,-4.371546506803E1));
#1487=LINE('',#1486,#1485);
#1488=DIRECTION('',(1.703112200258E-1,-5.735764363508E-1,8.012516209010E-1));
#1489=VECTOR('',#1488,4.242640687121E-1);
#1490=CARTESIAN_POINT('',(5.372822937878E0,5.324375708192E0,-4.446399163569E1));
#1491=LINE('',#1490,#1489);
#1492=DIRECTION('',(1.703113773334E-1,-5.735764363510E-1,8.012515874640E-1));
#1493=VECTOR('',#1492,4.242640687119E-1);
#1494=CARTESIAN_POINT('',(6.350972482447E0,5.324375708192E0,-4.467190373968E1));
#1495=LINE('',#1494,#1493);
#1496=DIRECTION('',(7.171841748975E-1,-6.963639405347E-1,-2.690950760547E-2));
#1497=VECTOR('',#1496,4.242640687126E-1);
#1498=CARTESIAN_POINT('',(8.439137682081E0,4.855525157024E0,-4.783414383719E1));
#1499=LINE('',#1498,#1497);
#1500=DIRECTION('',(7.171838024149E-1,-6.963642564339E-1,-2.691126000288E-2));
#1501=VECTOR('',#1500,4.242640687119E-1);
#1502=CARTESIAN_POINT('',(2.091793936458E0,-5.275677983672E-1,
-7.769604833806E1));
#1503=LINE('',#1502,#1501);
#1504=DIRECTION('',(-1.192515580318E-1,-8.191520442877E-1,-5.610427739899E-1));
#1505=VECTOR('',#1504,4.242640687126E-1);
#1506=CARTESIAN_POINT('',(-1.102040558218E0,-9.964179588841E-1,
-7.973556247681E1));
#1507=LINE('',#1506,#1505);
#1508=DIRECTION('',(-1.192533374634E-1,-8.191520442890E-1,-5.610423957608E-1));
#1509=VECTOR('',#1508,4.242640687119E-1);
#1510=CARTESIAN_POINT('',(-3.142461306999E1,-9.964179588842E-1,
-7.329030072272E1));
#1511=LINE('',#1510,#1509);
#1512=DIRECTION('',(-6.661261350277E-1,-6.963645401031E-1,2.671186993079E-1));
#1513=VECTOR('',#1512,4.242640687126E-1);
#1514=CARTESIAN_POINT('',(-3.351277826963E1,-5.275674077159E-1,
-7.012806062521E1));
#1515=LINE('',#1514,#1513);
#1516=DIRECTION('',(-6.661257625450E-1,-6.963642242061E-1,2.671204517061E-1));
#1517=VECTOR('',#1516,4.242640687119E-1);
#1518=CARTESIAN_POINT('',(-2.716543452400E1,4.855525547675E0,
-4.026615612434E1));
#1519=LINE('',#1518,#1517);
#1520=DIRECTION('',(1.703095979025E-1,-5.735764363501E-1,8.012519656926E-1));
#1521=VECTOR('',#1520,4.242640687126E-1);
#1522=CARTESIAN_POINT('',(-2.397160002933E1,5.324375708192E0,
-3.822664198559E1));
#1523=LINE('',#1522,#1521);
#1524=DIRECTION('',(1.703113531007E-1,-5.735764363508E-1,8.012515926151E-1));
#1525=VECTOR('',#1524,4.242640687121E-1);
#1526=CARTESIAN_POINT('',(-2.299345268529E1,5.324375708192E0,
-3.843455362185E1));
#1527=LINE('',#1526,#1525);
#1528=CARTESIAN_POINT('',(-1.930939879206E1,1.815929288502E0,
-3.181466276415E1));
#1529=CARTESIAN_POINT('',(-1.929035238553E1,1.809737939661E0,
-3.181897934734E1));
#1530=CARTESIAN_POINT('',(-1.925238788640E1,1.796669603591E0,
-3.182670128367E1));
#1531=CARTESIAN_POINT('',(-1.919599193886E1,1.774114431150E0,
-3.183440901491E1));
#1532=CARTESIAN_POINT('',(-1.915861561759E1,1.755736291273E0,
-3.183545863063E1));
#1533=CARTESIAN_POINT('',(-1.914053296264E1,1.745050286596E0,
-3.183386204592E1));
#1535=CARTESIAN_POINT('',(-1.971185112683E1,2.709237982062E0,
-3.261528901556E1));
#1536=CARTESIAN_POINT('',(-1.966823221327E1,2.511047474411E0,
-3.241007816145E1));
#1537=CARTESIAN_POINT('',(-1.958151875616E1,2.117419122322E0,
-3.200212342022E1));
#1538=CARTESIAN_POINT('',(-1.945303049886E1,1.535287933718E0,
-3.139763369622E1));
#1539=CARTESIAN_POINT('',(-1.936840491806E1,1.152653632782E0,
-3.099950164077E1));
#1540=CARTESIAN_POINT('',(-1.932635190715E1,9.627086963630E-1,
-3.080165777943E1));
#1542=CARTESIAN_POINT('',(-1.932635190715E1,9.627086963630E-1,
-3.080165777943E1));
#1543=CARTESIAN_POINT('',(-1.929875252235E1,8.380478628869E-1,
-3.067181288271E1));
#1544=CARTESIAN_POINT('',(-1.926133459289E1,5.975045625097E-1,
-3.041113405372E1));
#1545=CARTESIAN_POINT('',(-1.925812946826E1,3.765243147693E-1,
-3.015121210257E1));
#1546=CARTESIAN_POINT('',(-1.926484360352E1,2.714864961932E-1,
-3.002211153365E1));
#1548=CARTESIAN_POINT('',(-1.836350689051E1,2.715728657475E-1,
-3.058173840986E1));
#1549=CARTESIAN_POINT('',(-1.851006432368E1,2.715720546580E-1,
-3.049373468119E1));
#1550=CARTESIAN_POINT('',(-1.880693766317E1,2.715514551585E-1,
-3.031260547097E1));
#1551=CARTESIAN_POINT('',(-1.911104975332E1,2.715093624457E-1,
-3.012079814862E1));
#1552=CARTESIAN_POINT('',(-1.926484360352E1,2.714864961932E-1,
-3.002211153365E1));
#1554=CARTESIAN_POINT('',(-1.914053296264E1,1.745050286596E0,
-3.183386204592E1));
#1555=CARTESIAN_POINT('',(-1.901571203475E1,1.508107183573E0,
-3.163243736382E1));
#1556=CARTESIAN_POINT('',(-1.876140125102E1,1.025584264490E0,
-3.122231667618E1));
#1557=CARTESIAN_POINT('',(-1.849771006736E1,5.257886078069E-1,
-3.079767888204E1));
#1558=CARTESIAN_POINT('',(-1.836350689051E1,2.715728657475E-1,
-3.058173840986E1));
#1560=DIRECTION('',(3.610348622615E-2,-9.848077530122E-1,1.698535483568E-1));
#1561=VECTOR('',#1560,1.E-1);
#1562=CARTESIAN_POINT('',(-1.050462935940E1,2.090086041902E0,
-5.984148703569E1));
#1563=LINE('',#1562,#1561);
#1564=DIRECTION('',(3.610348622615E-2,-9.848077530122E-1,1.698535483567E-1));
#1565=VECTOR('',#1564,1.E-1);
#1566=CARTESIAN_POINT('',(-1.123651259468E1,1.469386163986E0,
-6.328472694100E1));
#1567=LINE('',#1566,#1565);
#1568=DIRECTION('',(3.610348622619E-2,-9.848077530122E-1,1.698535483567E-1));
#1569=VECTOR('',#1568,1.E-1);
#1570=CARTESIAN_POINT('',(-1.025836499395E1,1.469386163986E0,
-6.349263863182E1));
#1571=LINE('',#1570,#1569);
#1572=DIRECTION('',(3.610348622615E-2,-9.848077530122E-1,1.698535483568E-1));
#1573=VECTOR('',#1572,1.E-1);
#1574=CARTESIAN_POINT('',(-8.620340633476E0,2.858571585322E0,
-5.578633990548E1));
#1575=LINE('',#1574,#1573);
#1576=DIRECTION('',(3.610348622615E-2,-9.848077530122E-1,1.698535483567E-1));
#1577=VECTOR('',#1576,1.E-1);
#1578=CARTESIAN_POINT('',(-1.253293103641E1,2.858571585322E0,
-5.495469314221E1));
#1579=LINE('',#1578,#1577);
#1580=DIRECTION('',(3.610348622617E-2,-9.848077530122E-1,1.698535483567E-1));
#1581=VECTOR('',#1580,1.E-1);
#1582=CARTESIAN_POINT('',(-1.338290577048E1,2.829014452221E0,
-5.494539714995E1));
#1583=LINE('',#1582,#1581);
#1584=DIRECTION('',(3.610348622619E-2,-9.848077530122E-1,1.698535483567E-1));
#1585=VECTOR('',#1584,1.E-1);
#1586=CARTESIAN_POINT('',(-1.413955874944E1,2.740343052919E0,
-5.529868073855E1));
#1587=LINE('',#1586,#1585);
#1588=DIRECTION('',(3.610348622615E-2,-9.848077530122E-1,1.698535483567E-1));
#1589=VECTOR('',#1588,1.E-1);
#1590=CARTESIAN_POINT('',(-1.476803886174E1,2.622114520516E0,
-5.585058002571E1));
#1591=LINE('',#1590,#1589);
#1592=DIRECTION('',(3.610348622616E-2,-9.848077530122E-1,1.698535483566E-1));
#1593=VECTOR('',#1592,9.999999999999E-2);
#1594=CARTESIAN_POINT('',(-1.503561804034E1,2.533443121214E0,
-5.630781945971E1));
#1595=LINE('',#1594,#1593);
#1596=DIRECTION('',(3.610348622615E-2,-9.848077530122E-1,1.698535483566E-1));
#1597=VECTOR('',#1596,1.E-1);
#1598=CARTESIAN_POINT('',(-1.517502444991E1,2.415214506010E0,
-5.696367505161E1));
#1599=LINE('',#1598,#1597);
#1600=DIRECTION('',(3.610348622615E-2,-9.848077530122E-1,1.698535483567E-1));
#1601=VECTOR('',#1600,1.E-1);
#1602=CARTESIAN_POINT('',(-1.511655473921E1,2.326543106708E0,
-5.749021831646E1));
#1603=LINE('',#1602,#1601);
#1604=DIRECTION('',(3.610348622615E-2,-9.848077530122E-1,1.698535483568E-1));
#1605=VECTOR('',#1604,1.E-1);
#1606=CARTESIAN_POINT('',(-1.476688725077E1,2.208314574305E0,
-5.825002929444E1));
#1607=LINE('',#1606,#1605);
#1608=DIRECTION('',(3.610348622615E-2,-9.848077530122E-1,1.698535483567E-1));
#1609=VECTOR('',#1608,1.E-1);
#1610=CARTESIAN_POINT('',(-1.418449216172E1,2.149200308104E0,
-5.871656462155E1));
#1611=LINE('',#1610,#1609);
#1612=DIRECTION('',(3.610348622612E-2,-9.848077530122E-1,1.698535483568E-1));
#1613=VECTOR('',#1612,1.E-1);
#1614=CARTESIAN_POINT('',(-1.645329995407E1,1.469386163986E0,
-6.217586455693E1));
#1615=LINE('',#1614,#1613);
#1616=DIRECTION('',(3.610348622623E-2,-9.848077530122E-1,1.698535483568E-1));
#1617=VECTOR('',#1616,1.E-1);
#1618=CARTESIAN_POINT('',(-1.531212744227E1,1.469386163986E0,
-6.241842826231E1));
#1619=LINE('',#1618,#1617);
#1620=DIRECTION('',(3.610348622621E-2,-9.848077530122E-1,1.698535483568E-1));
#1621=VECTOR('',#1620,1.E-1);
#1622=CARTESIAN_POINT('',(-1.327604748375E1,2.090086041902E0,
-5.925240392823E1));
#1623=LINE('',#1622,#1621);
#1624=DIRECTION('',(-9.781476007338E-1,0.E0,2.079116908178E-1));
#1625=VECTOR('',#1624,2.833333253860E0);
#1626=CARTESIAN_POINT('',(-1.050101901078E1,1.991605266601E0,
-5.982450168085E1));
#1627=LINE('',#1626,#1625);
#1628=DIRECTION('',(2.047530450592E-1,1.736481776669E-1,9.632873407929E-1));
#1629=VECTOR('',#1628,3.574468135834E0);
#1630=CARTESIAN_POINT('',(-1.123290224606E1,1.370905388685E0,
-6.326774158617E1));
#1631=LINE('',#1630,#1629);
#1632=DIRECTION('',(-9.781476007338E-1,0.E0,2.079116908178E-1));
#1633=VECTOR('',#1632,1.E0);
#1634=CARTESIAN_POINT('',(-1.025475464533E1,1.370905388685E0,
-6.347565327698E1));
#1635=LINE('',#1634,#1633);
#1636=DIRECTION('',(-2.047530450592E-1,-1.736481776669E-1,-9.632873407929E-1));
#1637=VECTOR('',#1636,8.E0);
#1638=CARTESIAN_POINT('',(-8.616730284853E0,2.760090810020E0,
-5.576935455064E1));
#1639=LINE('',#1638,#1637);
#1640=DIRECTION('',(9.781476007338E-1,0.E0,-2.079116908178E-1));
#1641=VECTOR('',#1640,4.E0);
#1642=CARTESIAN_POINT('',(-1.252932068779E1,2.760090810020E0,
-5.493770778737E1));
#1643=LINE('',#1642,#1641);
#1644=DIRECTION('',(9.993362347040E-1,3.475104955195E-2,-1.092952710624E-2));
#1645=VECTOR('',#1644,8.505392925323E-1);
#1646=CARTESIAN_POINT('',(-1.337929542186E1,2.730533676920E0,
-5.492841179512E1));
#1647=LINE('',#1646,#1645);
#1648=DIRECTION('',(9.010355712697E-1,1.055914496425E-1,4.206962622476E-1));
#1649=VECTOR('',#1648,8.397592759850E-1);
#1650=CARTESIAN_POINT('',(-1.413594840082E1,2.641862277618E0,
-5.528169538371E1));
#1651=LINE('',#1650,#1649);
#1652=DIRECTION('',(7.440067593384E-1,1.399611945276E-1,6.533489160359E-1));
#1653=VECTOR('',#1652,8.447236593095E-1);
#1654=CARTESIAN_POINT('',(-1.476442851312E1,2.523633745215E0,
-5.583359467087E1));
#1655=LINE('',#1654,#1653);
#1656=DIRECTION('',(4.981469552572E-1,1.650778203742E-1,8.512337658884E-1));
#1657=VECTOR('',#1656,5.371490797552E-1);
#1658=CARTESIAN_POINT('',(-1.503200769172E1,2.434962345913E0,
-5.629083410487E1));
#1659=LINE('',#1658,#1657);
#1660=DIRECTION('',(2.047530450592E-1,1.736481776669E-1,9.632873407929E-1));
#1661=VECTOR('',#1660,6.808514595032E-1);
#1662=CARTESIAN_POINT('',(-1.517141410129E1,2.316733730708E0,
-5.694668969677E1));
#1663=LINE('',#1662,#1661);
#1664=DIRECTION('',(-1.088519238035E-1,1.650778203742E-1,9.802553605591E-1));
#1665=VECTOR('',#1664,5.371490797552E-1);
#1666=CARTESIAN_POINT('',(-1.511294439059E1,2.228062331406E0,
-5.747323296162E1));
#1667=LINE('',#1666,#1665);
#1668=DIRECTION('',(-4.139430505833E-1,1.399611945276E-1,8.994787462193E-1));
#1669=VECTOR('',#1668,8.447236593095E-1);
#1670=CARTESIAN_POINT('',(-1.476327690215E1,2.109833799004E0,
-5.823304393960E1));
#1671=LINE('',#1670,#1669);
#1672=DIRECTION('',(-7.780263651610E-1,7.897123194628E-2,6.232483611204E-1));
#1673=VECTOR('',#1672,7.485544386791E-1);
#1674=CARTESIAN_POINT('',(-1.418088181310E1,2.050719532802E0,
-5.869957926672E1));
#1675=LINE('',#1674,#1673);
#1676=DIRECTION('',(5.411689102672E-1,1.621531276459E-1,8.251318523453E-1));
#1677=VECTOR('',#1676,4.192420793769E0);
#1678=CARTESIAN_POINT('',(-1.644968960545E1,1.370905388685E0,
-6.215887920209E1));
#1679=LINE('',#1678,#1677);
#1680=DIRECTION('',(-9.781476007338E-1,0.E0,2.079116908178E-1));
#1681=VECTOR('',#1680,1.166666984558E0);
#1682=CARTESIAN_POINT('',(-1.530851709365E1,1.370905388685E0,
-6.240144290747E1));
#1683=LINE('',#1682,#1681);
#1684=DIRECTION('',(-5.336969140515E-1,-1.626977408277E-1,-8.298777313927E-1));
#1685=VECTOR('',#1684,3.815049150396E0);
#1686=CARTESIAN_POINT('',(-1.327243713512E1,1.991605266601E0,
-5.923541857339E1));
#1687=LINE('',#1686,#1685);
#1688=DIRECTION('',(9.781476007338E-1,0.E0,-2.079116908178E-1));
#1689=VECTOR('',#1688,3.166666507721E0);
#1690=CARTESIAN_POINT('',(-1.338937678973E1,2.168948065205E0,
-5.818233199412E1));
#1691=LINE('',#1690,#1689);
#1692=DIRECTION('',(8.599788589379E-1,-5.596051523854E-2,-5.072521886736E-1));
#1693=VECTOR('',#1692,5.281783588783E-1);
#1694=CARTESIAN_POINT('',(-1.384359901212E1,2.198505198306E0,
-5.791441236557E1));
#1695=LINE('',#1694,#1693);
#1696=DIRECTION('',(5.380383776762E-1,-1.240733972862E-1,-8.337388657328E-1));
#1697=VECTOR('',#1696,4.764459384067E-1);
#1698=CARTESIAN_POINT('',(-1.409994521187E1,2.257619464507E0,
-5.751718086930E1));
#1699=LINE('',#1698,#1697);
#1700=DIRECTION('',(1.088519238035E-1,-1.650778203742E-1,-9.802553605591E-1));
#1701=VECTOR('',#1700,5.371490797552E-1);
#1702=CARTESIAN_POINT('',(-1.415841492257E1,2.346290863809E0,
-5.699063760445E1));
#1703=LINE('',#1702,#1701);
#1704=DIRECTION('',(-2.047530450592E-1,-1.736481776669E-1,-9.632873407929E-1));
#1705=VECTOR('',#1704,5.106387138367E-1);
#1706=CARTESIAN_POINT('',(-1.405386009099E1,2.434962345913E0,
-5.649874579569E1));
#1707=LINE('',#1706,#1705);
#1708=DIRECTION('',(-4.981469552572E-1,-1.650778203742E-1,-8.512337658884E-1));
#1709=VECTOR('',#1708,5.371490797552E-1);
#1710=CARTESIAN_POINT('',(-1.378628091239E1,2.523633745215E0,
-5.604150636169E1));
#1711=LINE('',#1710,#1709);
#1712=DIRECTION('',(-8.306346634135E-1,-1.240733972862E-1,-5.428184300684E-1));
#1713=VECTOR('',#1712,4.764459384067E-1);
#1714=CARTESIAN_POINT('',(-1.339052840070E1,2.582748011416E0,
-5.578288272539E1));
#1715=LINE('',#1714,#1713);
#1716=DIRECTION('',(-9.919478326653E-1,-5.596051523854E-2,-1.136130186415E-1));
#1717=VECTOR('',#1716,5.281783588783E-1);
#1718=CARTESIAN_POINT('',(-1.286660302235E1,2.612305144517E0,
-5.572287478766E1));
#1719=LINE('',#1718,#1717);
#1720=DIRECTION('',(-9.781476007338E-1,0.E0,2.079116908178E-1));
#1721=VECTOR('',#1720,3.166666507721E0);
#1722=CARTESIAN_POINT('',(-9.769135775502E0,2.612305144517E0,
-5.638126177553E1));
#1723=LINE('',#1722,#1721);
#1724=DIRECTION('',(2.047530450592E-1,1.736481776669E-1,9.632873407929E-1));
#1725=VECTOR('',#1724,2.553191661835E0);
#1726=CARTESIAN_POINT('',(-1.029190954288E1,2.168948065205E0,
-5.884071898200E1));
#1727=LINE('',#1726,#1725);
#1728=DIRECTION('',(3.610348622608E-2,-9.848077530122E-1,1.698535483568E-1));
#1729=VECTOR('',#1728,1.E-1);
#1730=CARTESIAN_POINT('',(-1.339298713836E1,2.267428840506E0,
-5.819931734896E1));
#1731=LINE('',#1730,#1729);
#1732=DIRECTION('',(3.610348622614E-2,-9.848077530122E-1,1.698535483568E-1));
#1733=VECTOR('',#1732,1.E-1);
#1734=CARTESIAN_POINT('',(-1.384720936074E1,2.296985973607E0,
-5.793139772041E1));
#1735=LINE('',#1734,#1733);
#1736=DIRECTION('',(3.610348622615E-2,-9.848077530122E-1,1.698535483566E-1));
#1737=VECTOR('',#1736,1.E-1);
#1738=CARTESIAN_POINT('',(-1.410355556049E1,2.356100239808E0,
-5.753416622414E1));
#1739=LINE('',#1738,#1737);
#1740=DIRECTION('',(3.610348622615E-2,-9.848077530122E-1,1.698535483567E-1));
#1741=VECTOR('',#1740,1.E-1);
#1742=CARTESIAN_POINT('',(-1.416202527119E1,2.444771639110E0,
-5.700762295929E1));
#1743=LINE('',#1742,#1741);
#1744=DIRECTION('',(3.610348622616E-2,-9.848077530122E-1,1.698535483566E-1));
#1745=VECTOR('',#1744,9.999999999999E-2);
#1746=CARTESIAN_POINT('',(-1.405747043961E1,2.533443121214E0,
-5.651573115053E1));
#1747=LINE('',#1746,#1745);
#1748=DIRECTION('',(3.610348622619E-2,-9.848077530122E-1,1.698535483567E-1));
#1749=VECTOR('',#1748,1.E-1);
#1750=CARTESIAN_POINT('',(-1.378989126101E1,2.622114520516E0,
-5.605849171652E1));
#1751=LINE('',#1750,#1749);
#1752=DIRECTION('',(3.610348622614E-2,-9.848077530122E-1,1.698535483567E-1));
#1753=VECTOR('',#1752,1.E-1);
#1754=CARTESIAN_POINT('',(-1.339413874933E1,2.681228786718E0,
-5.579986808023E1));
#1755=LINE('',#1754,#1753);
#1756=DIRECTION('',(3.610348622615E-2,-9.848077530122E-1,1.698535483567E-1));
#1757=VECTOR('',#1756,1.E-1);
#1758=CARTESIAN_POINT('',(-1.287021337098E1,2.710785919818E0,
-5.573986014249E1));
#1759=LINE('',#1758,#1757);
#1760=DIRECTION('',(3.610348622615E-2,-9.848077530122E-1,1.698535483568E-1));
#1761=VECTOR('',#1760,1.E-1);
#1762=CARTESIAN_POINT('',(-9.772746124125E0,2.710785919818E0,
-5.639824713037E1));
#1763=LINE('',#1762,#1761);
#1764=DIRECTION('',(3.610348622617E-2,-9.848077530122E-1,1.698535483567E-1));
#1765=VECTOR('',#1764,1.E-1);
#1766=CARTESIAN_POINT('',(-1.029551989151E1,2.267428840506E0,
-5.885770433683E1));
#1767=LINE('',#1766,#1765);
#1768=DIRECTION('',(6.916547954258E-1,-7.071067811865E-1,-1.470157949492E-1));
#1769=VECTOR('',#1768,4.242640650944E-1);
#1770=CARTESIAN_POINT('',(4.833893846916E0,5.899999991961E0,-3.593707650632E1));
#1771=LINE('',#1770,#1769);
#1772=DIRECTION('',(1.520143623092E-1,-7.071067811865E-1,-6.905734093141E-1));
#1773=VECTOR('',#1772,4.242667574771E-1);
#1774=CARTESIAN_POINT('',(7.352343846849E0,5.900001895961E0,-3.340034296641E1));
#1775=LINE('',#1774,#1773);
#1776=CARTESIAN_POINT('',(8.061780913401E0,5.6E0,-3.662318512233E1));
#1777=DIRECTION('',(0.E0,-1.E0,0.E0));
#1778=DIRECTION('',(-2.149808243574E-1,0.E0,9.766182699288E-1));
#1779=AXIS2_PLACEMENT_3D('',#1776,#1777,#1778);
#1781=DIRECTION('',(5.683560965435E-9,1.E0,1.023562350423E-9));
#1782=VECTOR('',#1781,8.156957173538E0);
#1783=CARTESIAN_POINT('',(7.416838441075E0,-2.556957178821E0,
-3.369333031593E1));
#1784=LINE('',#1783,#1782);
#1785=CARTESIAN_POINT('',(2.974910416096E1,5.198585916686E0,-7.971248435480E0));
#1786=CARTESIAN_POINT('',(2.968771001032E1,5.148354486466E0,-8.006296809966E0));
#1787=CARTESIAN_POINT('',(2.956520017771E1,5.048376163617E0,-8.076237629304E0));
#1788=CARTESIAN_POINT('',(2.944326980999E1,4.949291751638E0,-8.145835482270E0));
#1789=CARTESIAN_POINT('',(2.938244006492E1,4.900004548257E0,-8.180561651831E0));
#1791=CARTESIAN_POINT('',(2.938242347296E1,-5.600056596948E0,
-8.180554052553E0));
#1792=CARTESIAN_POINT('',(2.941285687462E1,-5.624715802397E0,
-8.163180389964E0));
#1793=CARTESIAN_POINT('',(2.947373745981E1,-5.674242864631E0,
-8.128459927213E0));
#1794=CARTESIAN_POINT('',(2.953485656811E1,-5.723903075720E0,
-8.093556990756E0));
#1795=CARTESIAN_POINT('',(2.956544405579E1,-5.748809089436E0,
-8.076095364337E0));
#1797=CARTESIAN_POINT('',(-2.938247904784E1,4.900004555835E0,
-8.180561719017E0));
#1798=CARTESIAN_POINT('',(-2.944330549731E1,4.949289088628E0,
-8.145837430833E0));
#1799=CARTESIAN_POINT('',(-2.956515453357E1,5.048370849997E0,
-8.076241359796E0));
#1800=CARTESIAN_POINT('',(-2.968774578171E1,5.148351915841E0,
-8.006298720629E0));
#1801=CARTESIAN_POINT('',(-2.974914322705E1,5.198586041672E0,
-7.971248465279E0));
#1803=DIRECTION('',(7.099575747090E-1,-5.756995801288E-1,-4.056232680120E-1));
#1804=VECTOR('',#1803,2.584808620724E-1);
#1805=CARTESIAN_POINT('',(-2.974910416096E1,-5.6E0,-7.971248435480E0));
#1806=LINE('',#1805,#1804);
#1807=CARTESIAN_POINT('',(2.720009478656E1,-1.4E0,-1.379872615868E1));
#1808=CARTESIAN_POINT('',(3.026986372867E1,-1.4E0,-1.557105808376E1));
#1809=VERTEX_POINT('',#1807);
#1810=VERTEX_POINT('',#1808);
#1811=CARTESIAN_POINT('',(2.555009478656E1,-1.4E0,-1.665660999117E1));
#1812=CARTESIAN_POINT('',(2.861986372867E1,-1.4E0,-1.842894191624E1));
#1813=VERTEX_POINT('',#1811);
#1814=VERTEX_POINT('',#1812);
#1815=CARTESIAN_POINT('',(3.106986372867E1,-1.4E0,-1.418541743770E1));
#1816=CARTESIAN_POINT('',(2.781986372867E1,-1.4E0,-1.981458256230E1));
#1817=VERTEX_POINT('',#1815);
#1818=VERTEX_POINT('',#1816);
#1819=CARTESIAN_POINT('',(3.137001008573E1,-1.4E0,-1.435870701774E1));
#1820=VERTEX_POINT('',#1819);
#1821=CARTESIAN_POINT('',(2.812001008573E1,-1.4E0,-1.998787214234E1));
#1822=VERTEX_POINT('',#1821);
#1823=CARTESIAN_POINT('',(-2.861986372867E1,-1.4E0,-1.842894191624E1));
#1824=CARTESIAN_POINT('',(-3.026986372867E1,-1.4E0,-1.557105808376E1));
#1825=VERTEX_POINT('',#1823);
#1826=VERTEX_POINT('',#1824);
#1827=CARTESIAN_POINT('',(-2.781986372867E1,-1.4E0,-1.981458256230E1));
#1828=CARTESIAN_POINT('',(-3.106986372867E1,-1.4E0,-1.418541743770E1));
#1829=VERTEX_POINT('',#1827);
#1830=VERTEX_POINT('',#1828);
#1831=VERTEX_POINT('',#142);
#1832=VERTEX_POINT('',#155);
#1833=VERTEX_POINT('',#250);
#1834=VERTEX_POINT('',#265);
#1835=CARTESIAN_POINT('',(6.423229480343E0,5.081027835589E0,-4.433196148112E1));
#1836=CARTESIAN_POINT('',(6.509877847284E0,2.717489228359E0,-4.392431296507E1));
#1837=VERTEX_POINT('',#1835);
#1838=VERTEX_POINT('',#1836);
#1839=CARTESIAN_POINT('',(8.743413158139E0,4.560082958308E0,-4.784556057437E1));
#1840=CARTESIAN_POINT('',(8.830061525083E0,2.196544351079E0,-4.743791205832E1));
#1841=VERTEX_POINT('',#1839);
#1842=VERTEX_POINT('',#1840);
#1843=CARTESIAN_POINT('',(-2.744804775029E1,4.560083228608E0,
-4.015282651467E1));
#1844=CARTESIAN_POINT('',(-2.736139938335E1,2.196544621379E0,
-3.974517799861E1));
#1845=VERTEX_POINT('',#1843);
#1846=VERTEX_POINT('',#1844);
#1847=CARTESIAN_POINT('',(-2.389934378638E1,5.081027835588E0,
-3.788669956656E1));
#1848=CARTESIAN_POINT('',(-2.381269541944E1,2.717489228359E0,
-3.747905105051E1));
#1849=VERTEX_POINT('',#1847);
#1850=VERTEX_POINT('',#1848);
#1851=CARTESIAN_POINT('',(-2.755344286434E0,2.444420061216E0,
-5.943422629165E1));
#1852=CARTESIAN_POINT('',(-2.647033827756E0,-5.100031978207E-1,
-5.892466564658E1));
#1853=VERTEX_POINT('',#1851);
#1854=VERTEX_POINT('',#1852);
#1855=CARTESIAN_POINT('',(-2.755344286434E0,1.883537688092E0,
-6.268621198711E1));
#1856=CARTESIAN_POINT('',(-2.647033827756E0,-1.070885570945E0,
-6.217665134204E1));
#1857=VERTEX_POINT('',#1855);
#1858=VERTEX_POINT('',#1856);
#1859=CARTESIAN_POINT('',(-2.231829630111E1,2.444420061216E0,
-5.527599247529E1));
#1860=CARTESIAN_POINT('',(-2.220998584243E1,-5.100031978207E-1,
-5.476643183022E1));
#1861=VERTEX_POINT('',#1859);
#1862=VERTEX_POINT('',#1860);
#1863=CARTESIAN_POINT('',(-2.231829630111E1,1.883537688092E0,
-5.852797817076E1));
#1864=CARTESIAN_POINT('',(-2.220998584243E1,-1.070885570945E0,
-5.801841752569E1));
#1865=VERTEX_POINT('',#1863);
#1866=VERTEX_POINT('',#1864);
#1867=CARTESIAN_POINT('',(-3.147520797615E1,-1.343954738088E0,
-7.352833085227E1));
#1868=CARTESIAN_POINT('',(-3.138855960921E1,-3.707493345317E0,
-7.312068233621E1));
#1869=VERTEX_POINT('',#1867);
#1870=VERTEX_POINT('',#1868);
#1871=CARTESIAN_POINT('',(-3.379539165395E1,-8.230098608073E-1,
-7.001473175902E1));
#1872=CARTESIAN_POINT('',(-3.370874328701E1,-3.186548468037E0,
-6.960708324296E1));
#1873=VERTEX_POINT('',#1871);
#1874=VERTEX_POINT('',#1872);
#1875=CARTESIAN_POINT('',(2.396069254485E0,-8.230101311074E-1,
-7.770746581872E1));
#1876=CARTESIAN_POINT('',(2.482717621428E0,-3.186548738337E0,
-7.729981730267E1));
#1877=VERTEX_POINT('',#1875);
#1878=VERTEX_POINT('',#1876);
#1879=CARTESIAN_POINT('',(-1.152634709429E0,-1.343954738088E0,
-7.997359276683E1));
#1880=CARTESIAN_POINT('',(-1.065986342484E0,-3.707493345317E0,
-7.956594425077E1));
#1881=VERTEX_POINT('',#1879);
#1882=VERTEX_POINT('',#1880);
#1883=CARTESIAN_POINT('',(-2.283454734358E1,2.717489228359E0,
-3.768696284231E1));
#1884=CARTESIAN_POINT('',(-2.292119569767E1,5.081027835589E0,
-3.809461136110E1));
#1885=VERTEX_POINT('',#1883);
#1886=VERTEX_POINT('',#1884);
#1887=CARTESIAN_POINT('',(5.445079869033E0,5.081027835589E0,-4.412404936294E1));
#1888=CARTESIAN_POINT('',(5.531728248867E0,2.717489228359E0,-4.371640084963E1));
#1889=VERTEX_POINT('',#1887);
#1890=VERTEX_POINT('',#1888);
#1891=CARTESIAN_POINT('',(-2.121459616848E1,2.444232579442E0,
-3.784940367220E1));
#1892=CARTESIAN_POINT('',(3.985758573386E0,2.444232579442E0,-4.320590442899E1));
#1893=VERTEX_POINT('',#1891);
#1894=VERTEX_POINT('',#1892);
#1895=CARTESIAN_POINT('',(3.877448109862E0,5.398655839340E0,-4.371546506803E1));
#1896=CARTESIAN_POINT('',(-2.132290662028E1,5.398655839340E0,
-3.835896431373E1));
#1897=VERTEX_POINT('',#1895);
#1898=VERTEX_POINT('',#1896);
#1899=CARTESIAN_POINT('',(4.402086531073E0,5.9E0,-3.796857016726E1));
#1900=CARTESIAN_POINT('',(-1.946471492683E1,5.9E0,-3.289552491131E1));
#1901=VERTEX_POINT('',#1899);
#1902=VERTEX_POINT('',#1900);
#1903=CARTESIAN_POINT('',(2.967128751151E1,-5.9E0,-8.260979489128E0));
#1904=CARTESIAN_POINT('',(-2.967170572646E1,-5.9E0,-8.261095918016E0));
#1905=VERTEX_POINT('',#1903);
#1906=VERTEX_POINT('',#1904);
#1907=CARTESIAN_POINT('',(-2.938257779660E1,-5.599867562343E0,
-8.180597018132E0));
#1908=CARTESIAN_POINT('',(2.938215958328E1,-5.599867562343E0,
-8.180480583381E0));
#1909=VERTEX_POINT('',#1907);
#1910=VERTEX_POINT('',#1908);
#1911=CARTESIAN_POINT('',(2.938237499607E1,4.899965855356E0,-8.180540555724E0));
#1912=CARTESIAN_POINT('',(-2.938248356189E1,4.899965855356E0,
-8.180570782059E0));
#1913=VERTEX_POINT('',#1911);
#1914=VERTEX_POINT('',#1912);
#1915=CARTESIAN_POINT('',(-3.034769728204E1,5.9E0,-8.442224621468E0));
#1916=CARTESIAN_POINT('',(3.034758870408E1,5.9E0,-8.442194413467E0));
#1917=VERTEX_POINT('',#1915);
#1918=VERTEX_POINT('',#1916);
#1919=CARTESIAN_POINT('',(3.183411473049E1,5.9E0,-1.249916554519E1));
#1920=CARTESIAN_POINT('',(7.352344193022E0,5.9E0,-3.340034483156E1));
#1921=VERTEX_POINT('',#1919);
#1922=VERTEX_POINT('',#1920);
#1923=CARTESIAN_POINT('',(3.211557639687E1,5.6E0,-1.260316439220E1));
#1924=CARTESIAN_POINT('',(7.416838440329E0,5.6E0,-3.369333031254E1));
#1925=VERTEX_POINT('',#1923);
#1926=VERTEX_POINT('',#1924);
#1927=CARTESIAN_POINT('',(-1.903290762693E1,5.9E0,-3.086403128668E1));
#1928=CARTESIAN_POINT('',(-2.030184477492E1,5.9E0,-2.752226550876E1));
#1929=VERTEX_POINT('',#1927);
#1930=VERTEX_POINT('',#1928);
#1931=CARTESIAN_POINT('',(-1.932635190715E1,5.6E0,-3.080165777943E1));
#1932=CARTESIAN_POINT('',(-2.047993113260E1,5.6E0,-2.776368889042E1));
#1933=VERTEX_POINT('',#1931);
#1934=VERTEX_POINT('',#1932);
#1935=CARTESIAN_POINT('',(-1.975815920705E1,5.6E0,-3.283315140406E1));
#1936=VERTEX_POINT('',#1935);
#1937=CARTESIAN_POINT('',(-2.026731224873E1,5.673438011014E0,
-3.667144843769E1));
#1938=VERTEX_POINT('',#1937);
#1939=CARTESIAN_POINT('',(-2.055346018966E1,5.375497665460E0,
-3.657474835294E1));
#1940=VERTEX_POINT('',#1939);
#1941=VERTEX_POINT('',#1246);
#1942=VERTEX_POINT('',#751);
#1943=CARTESIAN_POINT('',(-2.397160002933E1,5.324375708192E0,
-3.822664198559E1));
#1944=VERTEX_POINT('',#1943);
#1945=VERTEX_POINT('',#763);
#1946=CARTESIAN_POINT('',(-3.351277826963E1,-5.275674077159E-1,
-7.012806062521E1));
#1947=VERTEX_POINT('',#1946);
#1948=VERTEX_POINT('',#779);
#1949=CARTESIAN_POINT('',(-1.102040558218E0,-9.964179588841E-1,
-7.973556247681E1));
#1950=VERTEX_POINT('',#1949);
#1951=VERTEX_POINT('',#795);
#1952=CARTESIAN_POINT('',(8.439137682081E0,4.855525157024E0,-4.783414383719E1));
#1953=VERTEX_POINT('',#1952);
#1954=VERTEX_POINT('',#811);
#1955=CARTESIAN_POINT('',(5.372822937878E0,5.324375708192E0,-4.446399163569E1));
#1956=VERTEX_POINT('',#1955);
#1957=VERTEX_POINT('',#1474);
#1958=VERTEX_POINT('',#701);
#1959=VERTEX_POINT('',#1466);
#1960=CARTESIAN_POINT('',(4.695530811292E0,5.6E0,-3.803094367451E1));
#1961=VERTEX_POINT('',#1960);
#1962=CARTESIAN_POINT('',(4.833893846916E0,5.899999991961E0,-3.593707650632E1));
#1963=VERTEX_POINT('',#1962);
#1964=CARTESIAN_POINT('',(5.127338122066E0,5.599999994519E0,-3.599945002512E1));
#1965=VERTEX_POINT('',#1964);
#1966=CARTESIAN_POINT('',(-3.183411473049E1,5.9E0,-1.249916554519E1));
#1967=VERTEX_POINT('',#1966);
#1968=CARTESIAN_POINT('',(-3.211557639687E1,5.6E0,-1.260316439220E1));
#1969=VERTEX_POINT('',#1968);
#1970=CARTESIAN_POINT('',(3.987032060107E0,3.007767158411E0,-4.136416824768E1));
#1971=VERTEX_POINT('',#1970);
#1972=CARTESIAN_POINT('',(-2.046665794290E1,3.007767181067E0,
-3.616637598312E1));
#1973=VERTEX_POINT('',#1972);
#1974=CARTESIAN_POINT('',(-2.974910416096E1,-5.6E0,-7.971248435480E0));
#1975=CARTESIAN_POINT('',(-3.136747525455E1,-5.6E0,-8.404889663061E0));
#1976=VERTEX_POINT('',#1974);
#1977=VERTEX_POINT('',#1975);
#1978=CARTESIAN_POINT('',(-3.128982954102E1,-5.9E0,-8.694667410948E0));
#1979=VERTEX_POINT('',#1978);
#1980=CARTESIAN_POINT('',(3.153446066230E1,5.6E0,-8.521013690858E0));
#1981=VERTEX_POINT('',#1980);
#1982=CARTESIAN_POINT('',(3.128982954102E1,5.9E0,-8.694667410948E0));
#1983=VERTEX_POINT('',#1982);
#1984=CARTESIAN_POINT('',(-3.153446066230E1,5.6E0,-8.521013690858E0));
#1985=VERTEX_POINT('',#1984);
#1986=CARTESIAN_POINT('',(-3.128982954102E1,5.9E0,-8.694667410948E0));
#1987=VERTEX_POINT('',#1986);
#1988=CARTESIAN_POINT('',(-3.136747525455E1,5.6E0,-8.404889663061E0));
#1989=VERTEX_POINT('',#1988);
#1990=CARTESIAN_POINT('',(-3.153446066230E1,-5.6E0,-8.521013690858E0));
#1991=VERTEX_POINT('',#1990);
#1992=CARTESIAN_POINT('',(-3.183411499428E1,-5.9E0,-1.249916478279E1));
#1993=VERTEX_POINT('',#1992);
#1994=CARTESIAN_POINT('',(-3.211557639687E1,-5.6E0,-1.260316439220E1));
#1995=VERTEX_POINT('',#1994);
#1996=CARTESIAN_POINT('',(3.183411414625E1,-5.9E0,-1.249916723369E1));
#1997=CARTESIAN_POINT('',(3.128982954102E1,-5.9E0,-8.694667410948E0));
#1998=VERTEX_POINT('',#1996);
#1999=VERTEX_POINT('',#1997);
#2000=CARTESIAN_POINT('',(3.211557639687E1,-5.6E0,-1.260316439220E1));
#2001=CARTESIAN_POINT('',(3.153446066230E1,-5.6E0,-8.521013690858E0));
#2002=VERTEX_POINT('',#2000);
#2003=VERTEX_POINT('',#2001);
#2004=CARTESIAN_POINT('',(3.136747525455E1,-5.6E0,-8.404889663061E0));
#2005=CARTESIAN_POINT('',(3.136747525455E1,5.6E0,-8.404889663061E0));
#2006=VERTEX_POINT('',#2004);
#2007=VERTEX_POINT('',#2005);
#2008=CARTESIAN_POINT('',(2.974910416096E1,-5.6E0,-7.971248435480E0));
#2009=VERTEX_POINT('',#2008);
#2010=CARTESIAN_POINT('',(2.956544405579E1,-5.748809089436E0,
-8.076095364337E0));
#2011=VERTEX_POINT('',#2010);
#2012=VERTEX_POINT('',#534);
#2013=VERTEX_POINT('',#398);
#2014=CARTESIAN_POINT('',(-2.956559371502E1,-5.748807323766E0,
-8.076094287472E0));
#2015=VERTEX_POINT('',#2014);
#2016=VERTEX_POINT('',#510);
#2017=VERTEX_POINT('',#1801);
#2018=VERTEX_POINT('',#480);
#2019=VERTEX_POINT('',#424);
#2020=VERTEX_POINT('',#1785);
#2021=CARTESIAN_POINT('',(3.700602655687E0,2.709670359657E0,-4.126879340534E1));
#2022=CARTESIAN_POINT('',(3.973379271698E0,2.829054169877E0,-3.998548032450E1));
#2023=VERTEX_POINT('',#2021);
#2024=VERTEX_POINT('',#2022);
#2025=CARTESIAN_POINT('',(4.262536232098E0,3.128344936072E0,-4.006802300903E1));
#2026=VERTEX_POINT('',#2025);
#2027=VERTEX_POINT('',#1454);
#2028=VERTEX_POINT('',#971);
#2029=CARTESIAN_POINT('',(6.459282941125E0,2.369952449155E0,-4.416234309461E1));
#2030=VERTEX_POINT('',#2029);
#2031=VERTEX_POINT('',#983);
#2032=CARTESIAN_POINT('',(2.200104395136E0,-3.481991057404E0,
-7.718648769299E1));
#2033=VERTEX_POINT('',#2032);
#2034=VERTEX_POINT('',#999);
#2035=CARTESIAN_POINT('',(-3.131630261131E1,-3.950841217921E0,
-7.278074007765E1));
#2036=VERTEX_POINT('',#2035);
#2037=VERTEX_POINT('',#1015);
#2038=CARTESIAN_POINT('',(-2.705712406532E1,1.901102288638E0,
-3.975659547927E1));
#2039=VERTEX_POINT('',#2038);
#2040=VERTEX_POINT('',#1031);
#2041=CARTESIAN_POINT('',(-2.288514226716E1,2.369952449156E0,
-3.792499296816E1));
#2042=VERTEX_POINT('',#2041);
#2043=VERTEX_POINT('',#1266);
#2044=VERTEX_POINT('',#1063);
#2045=CARTESIAN_POINT('',(-1.989341627963E1,2.829056171387E0,
-3.491240662328E1));
#2046=VERTEX_POINT('',#2045);
#2047=CARTESIAN_POINT('',(-2.019114764836E1,3.128346784764E0,
-3.487020186211E1));
#2048=VERTEX_POINT('',#2047);
#2049=VERTEX_POINT('',#38);
#2050=VERTEX_POINT('',#660);
#2051=VERTEX_POINT('',#664);
#2052=CARTESIAN_POINT('',(7.416838440329E0,-2.556919007544E0,
-3.369333031254E1));
#2053=CARTESIAN_POINT('',(4.194729606999E0,-2.556919007544E0,
-3.424403953280E1));
#2054=VERTEX_POINT('',#2052);
#2055=VERTEX_POINT('',#2053);
#2056=VERTEX_POINT('',#598);
#2057=VERTEX_POINT('',#314);
#2058=CARTESIAN_POINT('',(-2.047993113260E1,-2.557007521408E0,
-2.776368889042E1));
#2059=VERTEX_POINT('',#2058);
#2060=VERTEX_POINT('',#1548);
#2061=VERTEX_POINT('',#1552);
#2062=CARTESIAN_POINT('',(-1.903936615795E1,1.684476872513E0,
-3.182537861592E1));
#2063=VERTEX_POINT('',#2062);
#2064=VERTEX_POINT('',#1195);
#2065=VERTEX_POINT('',#1542);
#2066=VERTEX_POINT('',#670);
#2067=VERTEX_POINT('',#619);
#2068=VERTEX_POINT('',#687);
#2069=VERTEX_POINT('',#1181);
#2070=VERTEX_POINT('',#1183);
#2071=VERTEX_POINT('',#1211);
#2072=CARTESIAN_POINT('',(-1.050101901078E1,1.991605266601E0,
-5.982450168085E1));
#2073=CARTESIAN_POINT('',(-1.327243713512E1,1.991605266601E0,
-5.923541857339E1));
#2074=VERTEX_POINT('',#2072);
#2075=VERTEX_POINT('',#2073);
#2076=CARTESIAN_POINT('',(-1.530851709365E1,1.370905388685E0,
-6.240144290747E1));
#2077=VERTEX_POINT('',#2076);
#2078=CARTESIAN_POINT('',(-1.644968960545E1,1.370905388685E0,
-6.215887920209E1));
#2079=VERTEX_POINT('',#2078);
#2080=CARTESIAN_POINT('',(-1.418088181310E1,2.050719532802E0,
-5.869957926672E1));
#2081=VERTEX_POINT('',#2080);
#2082=CARTESIAN_POINT('',(-1.476327690215E1,2.109833799004E0,
-5.823304393960E1));
#2083=VERTEX_POINT('',#2082);
#2084=CARTESIAN_POINT('',(-1.511294439059E1,2.228062331406E0,
-5.747323296162E1));
#2085=VERTEX_POINT('',#2084);
#2086=CARTESIAN_POINT('',(-1.517141410129E1,2.316733730708E0,
-5.694668969677E1));
#2087=VERTEX_POINT('',#2086);
#2088=CARTESIAN_POINT('',(-1.503200769172E1,2.434962345913E0,
-5.629083410487E1));
#2089=VERTEX_POINT('',#2088);
#2090=CARTESIAN_POINT('',(-1.476442851312E1,2.523633745215E0,
-5.583359467087E1));
#2091=VERTEX_POINT('',#2090);
#2092=CARTESIAN_POINT('',(-1.413594840082E1,2.641862277618E0,
-5.528169538371E1));
#2093=VERTEX_POINT('',#2092);
#2094=CARTESIAN_POINT('',(-1.337929542186E1,2.730533676920E0,
-5.492841179512E1));
#2095=VERTEX_POINT('',#2094);
#2096=CARTESIAN_POINT('',(-1.252932068779E1,2.760090810020E0,
-5.493770778737E1));
#2097=VERTEX_POINT('',#2096);
#2098=CARTESIAN_POINT('',(-8.616730284853E0,2.760090810020E0,
-5.576935455064E1));
#2099=VERTEX_POINT('',#2098);
#2100=CARTESIAN_POINT('',(-1.025475464533E1,1.370905388685E0,
-6.347565327698E1));
#2101=VERTEX_POINT('',#2100);
#2102=CARTESIAN_POINT('',(-1.123290224606E1,1.370905388685E0,
-6.326774158617E1));
#2103=VERTEX_POINT('',#2102);
#2104=CARTESIAN_POINT('',(-1.338937678973E1,2.168948065205E0,
-5.818233199412E1));
#2105=CARTESIAN_POINT('',(-1.029190954288E1,2.168948065205E0,
-5.884071898200E1));
#2106=VERTEX_POINT('',#2104);
#2107=VERTEX_POINT('',#2105);
#2108=CARTESIAN_POINT('',(-9.769135775502E0,2.612305144517E0,
-5.638126177553E1));
#2109=VERTEX_POINT('',#2108);
#2110=CARTESIAN_POINT('',(-1.286660302235E1,2.612305144517E0,
-5.572287478766E1));
#2111=VERTEX_POINT('',#2110);
#2112=CARTESIAN_POINT('',(-1.339052840070E1,2.582748011416E0,
-5.578288272539E1));
#2113=VERTEX_POINT('',#2112);
#2114=CARTESIAN_POINT('',(-1.378628091239E1,2.523633745215E0,
-5.604150636169E1));
#2115=VERTEX_POINT('',#2114);
#2116=CARTESIAN_POINT('',(-1.405386009099E1,2.434962345913E0,
-5.649874579569E1));
#2117=VERTEX_POINT('',#2116);
#2118=CARTESIAN_POINT('',(-1.415841492257E1,2.346290863809E0,
-5.699063760445E1));
#2119=VERTEX_POINT('',#2118);
#2120=CARTESIAN_POINT('',(-1.409994521187E1,2.257619464507E0,
-5.751718086930E1));
#2121=VERTEX_POINT('',#2120);
#2122=CARTESIAN_POINT('',(-1.384359901212E1,2.198505198306E0,
-5.791441236557E1));
#2123=VERTEX_POINT('',#2122);
#2124=CARTESIAN_POINT('',(-1.050462935940E1,2.090086041902E0,
-5.984148703569E1));
#2125=CARTESIAN_POINT('',(-1.327604748375E1,2.090086041902E0,
-5.925240392823E1));
#2126=VERTEX_POINT('',#2124);
#2127=VERTEX_POINT('',#2125);
#2128=CARTESIAN_POINT('',(-1.531212744227E1,1.469386163986E0,
-6.241842826231E1));
#2129=VERTEX_POINT('',#2128);
#2130=CARTESIAN_POINT('',(-1.645329995407E1,1.469386163986E0,
-6.217586455693E1));
#2131=VERTEX_POINT('',#2130);
#2132=CARTESIAN_POINT('',(-1.418449216172E1,2.149200308104E0,
-5.871656462155E1));
#2133=VERTEX_POINT('',#2132);
#2134=CARTESIAN_POINT('',(-1.476688725077E1,2.208314574305E0,
-5.825002929444E1));
#2135=VERTEX_POINT('',#2134);
#2136=CARTESIAN_POINT('',(-1.511655473921E1,2.326543106708E0,
-5.749021831646E1));
#2137=VERTEX_POINT('',#2136);
#2138=CARTESIAN_POINT('',(-1.517502444991E1,2.415214506010E0,
-5.696367505161E1));
#2139=VERTEX_POINT('',#2138);
#2140=CARTESIAN_POINT('',(-1.503561804034E1,2.533443121214E0,
-5.630781945971E1));
#2141=VERTEX_POINT('',#2140);
#2142=CARTESIAN_POINT('',(-1.476803886174E1,2.622114520516E0,
-5.585058002571E1));
#2143=VERTEX_POINT('',#2142);
#2144=CARTESIAN_POINT('',(-1.413955874944E1,2.740343052919E0,
-5.529868073855E1));
#2145=VERTEX_POINT('',#2144);
#2146=CARTESIAN_POINT('',(-1.338290577048E1,2.829014452221E0,
-5.494539714995E1));
#2147=VERTEX_POINT('',#2146);
#2148=CARTESIAN_POINT('',(-1.253293103641E1,2.858571585322E0,
-5.495469314221E1));
#2149=VERTEX_POINT('',#2148);
#2150=CARTESIAN_POINT('',(-8.620340633476E0,2.858571585322E0,
-5.578633990548E1));
#2151=VERTEX_POINT('',#2150);
#2152=CARTESIAN_POINT('',(-1.025836499395E1,1.469386163986E0,
-6.349263863182E1));
#2153=VERTEX_POINT('',#2152);
#2154=CARTESIAN_POINT('',(-1.123651259468E1,1.469386163986E0,
-6.328472694100E1));
#2155=VERTEX_POINT('',#2154);
#2156=CARTESIAN_POINT('',(-1.339298713836E1,2.267428840506E0,
-5.819931734896E1));
#2157=CARTESIAN_POINT('',(-1.029551989151E1,2.267428840506E0,
-5.885770433683E1));
#2158=VERTEX_POINT('',#2156);
#2159=VERTEX_POINT('',#2157);
#2160=CARTESIAN_POINT('',(-9.772746124125E0,2.710785919818E0,
-5.639824713037E1));
#2161=VERTEX_POINT('',#2160);
#2162=CARTESIAN_POINT('',(-1.287021337098E1,2.710785919818E0,
-5.573986014249E1));
#2163=VERTEX_POINT('',#2162);
#2164=CARTESIAN_POINT('',(-1.339413874933E1,2.681228786718E0,
-5.579986808023E1));
#2165=VERTEX_POINT('',#2164);
#2166=CARTESIAN_POINT('',(-1.378989126101E1,2.622114520516E0,
-5.605849171652E1));
#2167=VERTEX_POINT('',#2166);
#2168=CARTESIAN_POINT('',(-1.405747043961E1,2.533443121214E0,
-5.651573115053E1));
#2169=VERTEX_POINT('',#2168);
#2170=CARTESIAN_POINT('',(-1.416202527119E1,2.444771639110E0,
-5.700762295929E1));
#2171=VERTEX_POINT('',#2170);
#2172=CARTESIAN_POINT('',(-1.410355556049E1,2.356100239808E0,
-5.753416622414E1));
#2173=VERTEX_POINT('',#2172);
#2174=CARTESIAN_POINT('',(-1.384720936074E1,2.296985973607E0,
-5.793139772041E1));
#2175=VERTEX_POINT('',#2174);
#2176=CARTESIAN_POINT('',(0.E0,-5.9E0,0.E0));
#2177=DIRECTION('',(0.E0,1.E0,0.E0));
#2178=DIRECTION('',(1.E0,0.E0,0.E0));
#2179=AXIS2_PLACEMENT_3D('',#2176,#2177,#2178);
#2180=PLANE('',#2179);
#2182=ORIENTED_EDGE('',*,*,#2181,.F.);
#2184=ORIENTED_EDGE('',*,*,#2183,.F.);
#2186=ORIENTED_EDGE('',*,*,#2185,.F.);
#2188=ORIENTED_EDGE('',*,*,#2187,.F.);
#2190=ORIENTED_EDGE('',*,*,#2189,.F.);
#2192=ORIENTED_EDGE('',*,*,#2191,.F.);
#2193=EDGE_LOOP('',(#2182,#2184,#2186,#2188,#2190,#2192));
#2194=FACE_OUTER_BOUND('',#2193,.F.);
#2195=ADVANCED_FACE('',(#2194),#2180,.F.);
#2196=CARTESIAN_POINT('',(1.442324802083E-6,-5.750001101972E0,
1.096099545350E-6));
#2197=DIRECTION('',(0.E0,1.E0,0.E0));
#2198=DIRECTION('',(0.E0,0.E0,-1.E0));
#2199=AXIS2_PLACEMENT_3D('',#2196,#2197,#2198);
#2200=CONICAL_SURFACE('',#2199,3.435000031270E1,4.500000093329E1);
#2201=ORIENTED_EDGE('',*,*,#2181,.T.);
#2203=ORIENTED_EDGE('',*,*,#2202,.F.);
#2205=ORIENTED_EDGE('',*,*,#2204,.T.);
#2207=ORIENTED_EDGE('',*,*,#2206,.T.);
#2208=EDGE_LOOP('',(#2201,#2203,#2205,#2207));
#2209=FACE_OUTER_BOUND('',#2208,.F.);
#2210=ADVANCED_FACE('',(#2209),#2200,.T.);
#2211=CARTESIAN_POINT('',(2.786499384310E1,-5.749999223316E0,
-1.112581949220E1));
#2212=DIRECTION('',(0.E0,1.E0,0.E0));
#2213=DIRECTION('',(0.E0,0.E0,-1.E0));
#2214=AXIS2_PLACEMENT_3D('',#2211,#2212,#2213);
#2215=CONICAL_SURFACE('',#2214,4.350000776684E0,4.5E1);
#2216=ORIENTED_EDGE('',*,*,#2191,.T.);
#2218=ORIENTED_EDGE('',*,*,#2217,.F.);
#2220=ORIENTED_EDGE('',*,*,#2219,.F.);
#2222=ORIENTED_EDGE('',*,*,#2221,.F.);
#2223=ORIENTED_EDGE('',*,*,#2202,.T.);
#2224=EDGE_LOOP('',(#2216,#2218,#2220,#2222,#2223));
#2225=FACE_OUTER_BOUND('',#2224,.F.);
#2226=ADVANCED_FACE('',(#2225),#2215,.T.);
#2227=CARTESIAN_POINT('',(3.042576511892E1,-5.75E0,-8.307850619776E0));
#2228=DIRECTION('',(1.830127018922E-1,-7.071067811865E-1,6.830127018922E-1));
#2229=DIRECTION('',(1.830127018922E-1,7.071067811866E-1,6.830127018922E-1));
#2230=AXIS2_PLACEMENT_3D('',#2227,#2228,#2229);
#2231=PLANE('',#2230);
#2232=ORIENTED_EDGE('',*,*,#2189,.T.);
#2234=ORIENTED_EDGE('',*,*,#2233,.F.);
#2236=ORIENTED_EDGE('',*,*,#2235,.F.);
#2238=ORIENTED_EDGE('',*,*,#2237,.F.);
#2240=ORIENTED_EDGE('',*,*,#2239,.T.);
#2241=ORIENTED_EDGE('',*,*,#2217,.T.);
#2242=EDGE_LOOP('',(#2232,#2234,#2236,#2238,#2240,#2241));
#2243=FACE_OUTER_BOUND('',#2242,.F.);
#2244=ADVANCED_FACE('',(#2243),#2231,.T.);
#2245=CARTESIAN_POINT('',(-2.253150079870E-4,-5.749902198292E0,
-1.704017507653E-4));
#2246=DIRECTION('',(0.E0,-1.E0,0.E0));
#2247=DIRECTION('',(0.E0,0.E0,-1.E0));
#2248=AXIS2_PLACEMENT_3D('',#2245,#2246,#2247);
#2249=CONICAL_SURFACE('',#2248,3.064990006264E1,4.499929277661E1);
#2250=ORIENTED_EDGE('',*,*,#2187,.T.);
#2252=ORIENTED_EDGE('',*,*,#2251,.T.);
#2254=ORIENTED_EDGE('',*,*,#2253,.T.);
#2256=ORIENTED_EDGE('',*,*,#2255,.T.);
#2258=ORIENTED_EDGE('',*,*,#2257,.T.);
#2259=ORIENTED_EDGE('',*,*,#2233,.T.);
#2260=EDGE_LOOP('',(#2250,#2252,#2254,#2256,#2258,#2259));
#2261=FACE_OUTER_BOUND('',#2260,.F.);
#2262=ADVANCED_FACE('',(#2261),#2249,.F.);
#2263=CARTESIAN_POINT('',(-3.042576511892E1,-5.75E0,-8.307850619776E0));
#2264=DIRECTION('',(-1.830127018922E-1,-7.071067811866E-1,6.830127018922E-1));
#2265=DIRECTION('',(-1.830127018922E-1,7.071067811865E-1,6.830127018922E-1));
#2266=AXIS2_PLACEMENT_3D('',#2263,#2264,#2265);
#2267=PLANE('',#2266);
#2269=ORIENTED_EDGE('',*,*,#2268,.F.);
#2271=ORIENTED_EDGE('',*,*,#2270,.T.);
#2272=ORIENTED_EDGE('',*,*,#2251,.F.);
#2273=ORIENTED_EDGE('',*,*,#2185,.T.);
#2275=ORIENTED_EDGE('',*,*,#2274,.T.);
#2277=ORIENTED_EDGE('',*,*,#2276,.T.);
#2278=EDGE_LOOP('',(#2269,#2271,#2272,#2273,#2275,#2277));
#2279=FACE_OUTER_BOUND('',#2278,.F.);
#2280=ADVANCED_FACE('',(#2279),#2267,.T.);
#2281=CARTESIAN_POINT('',(-3.332444100697E1,-5.9E0,-8.929257056037E0));
#2282=DIRECTION('',(-2.588190451025E-1,0.E0,9.659258262891E-1));
#2283=DIRECTION('',(9.659258262891E-1,0.E0,2.588190451025E-1));
#2284=AXIS2_PLACEMENT_3D('',#2281,#2282,#2283);
#2285=PLANE('',#2284);
#2287=ORIENTED_EDGE('',*,*,#2286,.F.);
#2289=ORIENTED_EDGE('',*,*,#2288,.T.);
#2290=ORIENTED_EDGE('',*,*,#2268,.T.);
#2292=ORIENTED_EDGE('',*,*,#2291,.F.);
#2294=ORIENTED_EDGE('',*,*,#2293,.T.);
#2295=EDGE_LOOP('',(#2287,#2289,#2290,#2292,#2294));
#2296=FACE_OUTER_BOUND('',#2295,.F.);
#2297=ADVANCED_FACE('',(#2296),#2285,.T.);
#2298=CARTESIAN_POINT('',(-5.849063911846E-5,5.399976107252E0,
-4.456902764094E-5));
#2299=DIRECTION('',(0.E0,1.E0,0.E0));
#2300=DIRECTION('',(0.E0,0.E0,-1.E0));
#2301=AXIS2_PLACEMENT_3D('',#2298,#2299,#2300);
#2302=CONICAL_SURFACE('',#2301,3.099997276681E1,4.499981329560E1);
#2304=ORIENTED_EDGE('',*,*,#2303,.T.);
#2306=ORIENTED_EDGE('',*,*,#2305,.T.);
#2307=ORIENTED_EDGE('',*,*,#2286,.T.);
#2309=ORIENTED_EDGE('',*,*,#2308,.T.);
#2311=ORIENTED_EDGE('',*,*,#2310,.T.);
#2313=ORIENTED_EDGE('',*,*,#2312,.T.);
#2315=ORIENTED_EDGE('',*,*,#2314,.F.);
#2317=ORIENTED_EDGE('',*,*,#2316,.T.);
#2318=EDGE_LOOP('',(#2304,#2306,#2307,#2309,#2311,#2313,#2315,#2317));
#2319=FACE_OUTER_BOUND('',#2318,.F.);
#2320=ADVANCED_FACE('',(#2319),#2302,.F.);
#2321=CARTESIAN_POINT('',(0.E0,-5.9E0,0.E0));
#2322=DIRECTION('',(0.E0,1.E0,0.E0));
#2323=DIRECTION('',(1.E0,0.E0,0.E0));
#2324=AXIS2_PLACEMENT_3D('',#2321,#2322,#2323);
#2325=CYLINDRICAL_SURFACE('',#2324,3.05E1);
#2326=ORIENTED_EDGE('',*,*,#2303,.F.);
#2328=ORIENTED_EDGE('',*,*,#2327,.T.);
#2329=ORIENTED_EDGE('',*,*,#2255,.F.);
#2331=ORIENTED_EDGE('',*,*,#2330,.F.);
#2332=EDGE_LOOP('',(#2326,#2328,#2329,#2331));
#2333=FACE_OUTER_BOUND('',#2332,.F.);
#2335=ORIENTED_EDGE('',*,*,#2334,.F.);
#2337=ORIENTED_EDGE('',*,*,#2336,.F.);
#2338=EDGE_LOOP('',(#2335,#2337));
#2339=FACE_BOUND('',#2338,.F.);
#2341=ORIENTED_EDGE('',*,*,#2340,.F.);
#2343=ORIENTED_EDGE('',*,*,#2342,.F.);
#2344=EDGE_LOOP('',(#2341,#2343));
#2345=FACE_BOUND('',#2344,.F.);
#2346=ADVANCED_FACE('',(#2333,#2339,#2345),#2325,.F.);
#2347=CARTESIAN_POINT('',(-4.323758033441E1,-1.4E0,2.496322864518E1));
#2348=DIRECTION('',(8.660254037844E-1,0.E0,-5.E-1));
#2349=DIRECTION('',(5.E-1,0.E0,8.660254037844E-1));
#2350=AXIS2_PLACEMENT_3D('',#2347,#2348,#2349);
#2351=CYLINDRICAL_SURFACE('',#2350,1.65E0);
#2353=ORIENTED_EDGE('',*,*,#2352,.F.);
#2354=ORIENTED_EDGE('',*,*,#2340,.T.);
#2356=ORIENTED_EDGE('',*,*,#2355,.T.);
#2358=ORIENTED_EDGE('',*,*,#2357,.F.);
#2359=EDGE_LOOP('',(#2353,#2354,#2356,#2358));
#2360=FACE_OUTER_BOUND('',#2359,.F.);
#2361=ADVANCED_FACE('',(#2360),#2351,.F.);
#2362=CARTESIAN_POINT('',(-4.323758033441E1,-1.4E0,2.496322864518E1));
#2363=DIRECTION('',(8.660254037844E-1,0.E0,-5.E-1));
#2364=DIRECTION('',(5.E-1,0.E0,8.660254037844E-1));
#2365=AXIS2_PLACEMENT_3D('',#2362,#2363,#2364);
#2366=CYLINDRICAL_SURFACE('',#2365,1.65E0);
#2367=ORIENTED_EDGE('',*,*,#2352,.T.);
#2369=ORIENTED_EDGE('',*,*,#2368,.T.);
#2370=ORIENTED_EDGE('',*,*,#2355,.F.);
#2371=ORIENTED_EDGE('',*,*,#2342,.T.);
#2372=EDGE_LOOP('',(#2367,#2369,#2370,#2371));
#2373=FACE_OUTER_BOUND('',#2372,.F.);
#2374=ADVANCED_FACE('',(#2373),#2366,.F.);
#2375=CARTESIAN_POINT('',(2.944486372867E1,-1.4E0,-1.7E1));
#2376=DIRECTION('',(8.660254037844E-1,0.E0,-5.E-1));
#2377=DIRECTION('',(5.E-1,0.E0,8.660254037844E-1));
#2378=AXIS2_PLACEMENT_3D('',#2375,#2376,#2377);
#2379=PLANE('',#2378);
#2381=ORIENTED_EDGE('',*,*,#2380,.F.);
#2383=ORIENTED_EDGE('',*,*,#2382,.T.);
#2384=EDGE_LOOP('',(#2381,#2383));
#2385=FACE_OUTER_BOUND('',#2384,.F.);
#2386=ORIENTED_EDGE('',*,*,#2368,.F.);
#2387=ORIENTED_EDGE('',*,*,#2357,.T.);
#2388=EDGE_LOOP('',(#2386,#2387));
#2389=FACE_BOUND('',#2388,.F.);
#2390=ADVANCED_FACE('',(#2385,#2389),#2379,.T.);
#2391=CARTESIAN_POINT('',(-4.323758033441E1,-1.4E0,2.496322864518E1));
#2392=DIRECTION('',(8.660254037844E-1,0.E0,-5.E-1));
#2393=DIRECTION('',(5.E-1,0.E0,8.660254037844E-1));
#2394=AXIS2_PLACEMENT_3D('',#2391,#2392,#2393);
#2395=CYLINDRICAL_SURFACE('',#2394,3.25E0);
#2397=ORIENTED_EDGE('',*,*,#2396,.F.);
#2398=ORIENTED_EDGE('',*,*,#2380,.T.);
#2400=ORIENTED_EDGE('',*,*,#2399,.T.);
#2402=ORIENTED_EDGE('',*,*,#2401,.F.);
#2403=EDGE_LOOP('',(#2397,#2398,#2400,#2402));
#2404=FACE_OUTER_BOUND('',#2403,.F.);
#2405=ADVANCED_FACE('',(#2404),#2395,.F.);
#2406=CARTESIAN_POINT('',(-4.323758033441E1,-1.4E0,2.496322864518E1));
#2407=DIRECTION('',(8.660254037844E-1,0.E0,-5.E-1));
#2408=DIRECTION('',(5.E-1,0.E0,8.660254037844E-1));
#2409=AXIS2_PLACEMENT_3D('',#2406,#2407,#2408);
#2410=CYLINDRICAL_SURFACE('',#2409,3.25E0);
#2411=ORIENTED_EDGE('',*,*,#2396,.T.);
#2413=ORIENTED_EDGE('',*,*,#2412,.F.);
#2414=ORIENTED_EDGE('',*,*,#2399,.F.);
#2415=ORIENTED_EDGE('',*,*,#2382,.F.);
#2416=EDGE_LOOP('',(#2411,#2413,#2414,#2415));
#2417=FACE_OUTER_BOUND('',#2416,.F.);
#2418=ADVANCED_FACE('',(#2417),#2410,.F.);
#2419=CARTESIAN_POINT('',(0.E0,-5.9E0,0.E0));
#2420=DIRECTION('',(0.E0,1.E0,0.E0));
#2421=DIRECTION('',(1.E0,0.E0,0.E0));
#2422=AXIS2_PLACEMENT_3D('',#2419,#2420,#2421);
#2423=CYLINDRICAL_SURFACE('',#2422,3.45E1);
#2424=ORIENTED_EDGE('',*,*,#2204,.F.);
#2426=ORIENTED_EDGE('',*,*,#2425,.T.);
#2428=ORIENTED_EDGE('',*,*,#2427,.T.);
#2430=ORIENTED_EDGE('',*,*,#2429,.F.);
#2432=ORIENTED_EDGE('',*,*,#2431,.T.);
#2434=ORIENTED_EDGE('',*,*,#2433,.T.);
#2436=ORIENTED_EDGE('',*,*,#2435,.T.);
#2438=ORIENTED_EDGE('',*,*,#2437,.F.);
#2440=ORIENTED_EDGE('',*,*,#2439,.T.);
#2442=ORIENTED_EDGE('',*,*,#2441,.F.);
#2443=EDGE_LOOP('',(#2424,#2426,#2428,#2430,#2432,#2434,#2436,#2438,#2440,
#2442));
#2444=FACE_OUTER_BOUND('',#2443,.F.);
#2446=ORIENTED_EDGE('',*,*,#2445,.T.);
#2448=ORIENTED_EDGE('',*,*,#2447,.T.);
#2449=EDGE_LOOP('',(#2446,#2448));
#2450=FACE_BOUND('',#2449,.F.);
#2451=ORIENTED_EDGE('',*,*,#2401,.T.);
#2452=ORIENTED_EDGE('',*,*,#2412,.T.);
#2453=EDGE_LOOP('',(#2451,#2452));
#2454=FACE_BOUND('',#2453,.F.);
#2455=ADVANCED_FACE('',(#2444,#2450,#2454),#2423,.T.);
#2456=CARTESIAN_POINT('',(3.961387753868E1,-1.4E0,2.287108286060E1));
#2457=DIRECTION('',(-8.660254037844E-1,0.E0,-5.E-1));
#2458=DIRECTION('',(5.E-1,0.E0,-8.660254037844E-1));
#2459=AXIS2_PLACEMENT_3D('',#2456,#2457,#2458);
#2460=CYLINDRICAL_SURFACE('',#2459,3.25E0);
#2461=ORIENTED_EDGE('',*,*,#2445,.F.);
#2463=ORIENTED_EDGE('',*,*,#2462,.F.);
#2465=ORIENTED_EDGE('',*,*,#2464,.T.);
#2467=ORIENTED_EDGE('',*,*,#2466,.T.);
#2468=EDGE_LOOP('',(#2461,#2463,#2465,#2467));
#2469=FACE_OUTER_BOUND('',#2468,.F.);
#2470=ADVANCED_FACE('',(#2469),#2460,.F.);
#2471=CARTESIAN_POINT('',(3.961387753868E1,-1.4E0,2.287108286060E1));
#2472=DIRECTION('',(-8.660254037844E-1,0.E0,-5.E-1));
#2473=DIRECTION('',(5.E-1,0.E0,-8.660254037844E-1));
#2474=AXIS2_PLACEMENT_3D('',#2471,#2472,#2473);
#2475=CYLINDRICAL_SURFACE('',#2474,3.25E0);
#2476=ORIENTED_EDGE('',*,*,#2447,.F.);
#2477=ORIENTED_EDGE('',*,*,#2466,.F.);
#2479=ORIENTED_EDGE('',*,*,#2478,.F.);
#2480=ORIENTED_EDGE('',*,*,#2462,.T.);
#2481=EDGE_LOOP('',(#2476,#2477,#2479,#2480));
#2482=FACE_OUTER_BOUND('',#2481,.F.);
#2483=ADVANCED_FACE('',(#2482),#2475,.F.);
#2484=CARTESIAN_POINT('',(-2.944486372867E1,-1.4E0,-1.7E1));
#2485=DIRECTION('',(-8.660254037844E-1,0.E0,-5.E-1));
#2486=DIRECTION('',(5.E-1,0.E0,-8.660254037844E-1));
#2487=AXIS2_PLACEMENT_3D('',#2484,#2485,#2486);
#2488=PLANE('',#2487);
#2489=ORIENTED_EDGE('',*,*,#2464,.F.);
#2490=ORIENTED_EDGE('',*,*,#2478,.T.);
#2491=EDGE_LOOP('',(#2489,#2490));
#2492=FACE_OUTER_BOUND('',#2491,.F.);
#2494=ORIENTED_EDGE('',*,*,#2493,.F.);
#2496=ORIENTED_EDGE('',*,*,#2495,.T.);
#2497=EDGE_LOOP('',(#2494,#2496));
#2498=FACE_BOUND('',#2497,.F.);
#2499=ADVANCED_FACE('',(#2492,#2498),#2488,.T.);
#2500=CARTESIAN_POINT('',(3.961387753868E1,-1.4E0,2.287108286060E1));
#2501=DIRECTION('',(-8.660254037844E-1,0.E0,-5.E-1));
#2502=DIRECTION('',(5.E-1,0.E0,-8.660254037844E-1));
#2503=AXIS2_PLACEMENT_3D('',#2500,#2501,#2502);
#2504=CYLINDRICAL_SURFACE('',#2503,1.65E0);
#2505=ORIENTED_EDGE('',*,*,#2336,.T.);
#2507=ORIENTED_EDGE('',*,*,#2506,.T.);
#2508=ORIENTED_EDGE('',*,*,#2493,.T.);
#2510=ORIENTED_EDGE('',*,*,#2509,.F.);
#2511=EDGE_LOOP('',(#2505,#2507,#2508,#2510));
#2512=FACE_OUTER_BOUND('',#2511,.F.);
#2513=ADVANCED_FACE('',(#2512),#2504,.F.);
#2514=CARTESIAN_POINT('',(3.961387753868E1,-1.4E0,2.287108286060E1));
#2515=DIRECTION('',(-8.660254037844E-1,0.E0,-5.E-1));
#2516=DIRECTION('',(5.E-1,0.E0,-8.660254037844E-1));
#2517=AXIS2_PLACEMENT_3D('',#2514,#2515,#2516);
#2518=CYLINDRICAL_SURFACE('',#2517,1.65E0);
#2519=ORIENTED_EDGE('',*,*,#2334,.T.);
#2520=ORIENTED_EDGE('',*,*,#2509,.T.);
#2521=ORIENTED_EDGE('',*,*,#2495,.F.);
#2522=ORIENTED_EDGE('',*,*,#2506,.F.);
#2523=EDGE_LOOP('',(#2519,#2520,#2521,#2522));
#2524=FACE_OUTER_BOUND('',#2523,.F.);
#2525=ADVANCED_FACE('',(#2524),#2518,.F.);
#2526=CARTESIAN_POINT('',(2.786499384309E1,-5.9E0,-1.112581949220E1));
#2527=DIRECTION('',(0.E0,-1.E0,0.E0));
#2528=DIRECTION('',(-1.E0,0.E0,0.E0));
#2529=AXIS2_PLACEMENT_3D('',#2526,#2527,#2528);
#2530=CYLINDRICAL_SURFACE('',#2529,4.5E0);
#2532=ORIENTED_EDGE('',*,*,#2531,.T.);
#2533=ORIENTED_EDGE('',*,*,#2425,.F.);
#2534=ORIENTED_EDGE('',*,*,#2221,.T.);
#2536=ORIENTED_EDGE('',*,*,#2535,.T.);
#2537=EDGE_LOOP('',(#2532,#2533,#2534,#2536));
#2538=FACE_OUTER_BOUND('',#2537,.F.);
#2539=ADVANCED_FACE('',(#2538),#2530,.T.);
#2540=CARTESIAN_POINT('',(2.786499384310E1,5.749999999560E0,-1.112581949220E1));
#2541=DIRECTION('',(0.E0,-1.E0,0.E0));
#2542=DIRECTION('',(0.E0,0.E0,-1.E0));
#2543=AXIS2_PLACEMENT_3D('',#2540,#2541,#2542);
#2544=CONICAL_SURFACE('',#2543,4.350000000440E0,4.5E1);
#2545=ORIENTED_EDGE('',*,*,#2531,.F.);
#2547=ORIENTED_EDGE('',*,*,#2546,.T.);
#2549=ORIENTED_EDGE('',*,*,#2548,.F.);
#2551=ORIENTED_EDGE('',*,*,#2550,.T.);
#2553=ORIENTED_EDGE('',*,*,#2552,.F.);
#2554=EDGE_LOOP('',(#2545,#2547,#2549,#2551,#2553));
#2555=FACE_OUTER_BOUND('',#2554,.F.);
#2556=ADVANCED_FACE('',(#2555),#2544,.T.);
#2557=CARTESIAN_POINT('',(3.145096795843E1,2.842170943040E-14,
-8.462951676959E0));
#2558=DIRECTION('',(5.709328333910E-1,0.E0,8.209967720741E-1));
#2559=DIRECTION('',(8.209967720741E-1,0.E0,-5.709328333910E-1));
#2560=AXIS2_PLACEMENT_3D('',#2557,#2558,#2559);
#2561=PLANE('',#2560);
#2562=ORIENTED_EDGE('',*,*,#2535,.F.);
#2563=ORIENTED_EDGE('',*,*,#2219,.T.);
#2564=ORIENTED_EDGE('',*,*,#2239,.F.);
#2566=ORIENTED_EDGE('',*,*,#2565,.T.);
#2568=ORIENTED_EDGE('',*,*,#2567,.F.);
#2569=ORIENTED_EDGE('',*,*,#2546,.F.);
#2570=EDGE_LOOP('',(#2562,#2563,#2564,#2566,#2568,#2569));
#2571=FACE_OUTER_BOUND('',#2570,.F.);
#2572=ADVANCED_FACE('',(#2571),#2561,.T.);
#2573=CARTESIAN_POINT('',(2.946073770182E1,-5.9E0,-7.893980875627E0));
#2574=DIRECTION('',(2.588190451025E-1,0.E0,9.659258262891E-1));
#2575=DIRECTION('',(9.659258262891E-1,0.E0,-2.588190451025E-1));
#2576=AXIS2_PLACEMENT_3D('',#2573,#2574,#2575);
#2577=PLANE('',#2576);
#2578=ORIENTED_EDGE('',*,*,#2314,.T.);
#2580=ORIENTED_EDGE('',*,*,#2579,.T.);
#2581=ORIENTED_EDGE('',*,*,#2565,.F.);
#2582=ORIENTED_EDGE('',*,*,#2237,.T.);
#2584=ORIENTED_EDGE('',*,*,#2583,.F.);
#2585=EDGE_LOOP('',(#2578,#2580,#2581,#2582,#2584));
#2586=FACE_OUTER_BOUND('',#2585,.F.);
#2587=ADVANCED_FACE('',(#2586),#2577,.T.);
#2588=CARTESIAN_POINT('',(3.042576511892E1,5.75E0,-8.307850619776E0));
#2589=DIRECTION('',(1.830127018922E-1,7.071067811865E-1,6.830127018922E-1));
#2590=DIRECTION('',(1.830127018922E-1,-7.071067811866E-1,6.830127018922E-1));
#2591=AXIS2_PLACEMENT_3D('',#2588,#2589,#2590);
#2592=PLANE('',#2591);
#2593=ORIENTED_EDGE('',*,*,#2312,.F.);
#2595=ORIENTED_EDGE('',*,*,#2594,.T.);
#2596=ORIENTED_EDGE('',*,*,#2548,.T.);
#2597=ORIENTED_EDGE('',*,*,#2567,.T.);
#2598=ORIENTED_EDGE('',*,*,#2579,.F.);
#2599=EDGE_LOOP('',(#2593,#2595,#2596,#2597,#2598));
#2600=FACE_OUTER_BOUND('',#2599,.F.);
#2601=ADVANCED_FACE('',(#2600),#2592,.T.);
#2602=CARTESIAN_POINT('',(0.E0,5.9E0,0.E0));
#2603=DIRECTION('',(0.E0,1.E0,0.E0));
#2604=DIRECTION('',(9.781476007338E-1,0.E0,-2.079116908178E-1));
#2605=AXIS2_PLACEMENT_3D('',#2602,#2603,#2604);
#2606=PLANE('',#2605);
#2607=ORIENTED_EDGE('',*,*,#2310,.F.);
#2609=ORIENTED_EDGE('',*,*,#2608,.F.);
#2611=ORIENTED_EDGE('',*,*,#2610,.F.);
#2613=ORIENTED_EDGE('',*,*,#2612,.F.);
#2615=ORIENTED_EDGE('',*,*,#2614,.F.);
#2617=ORIENTED_EDGE('',*,*,#2616,.F.);
#2619=ORIENTED_EDGE('',*,*,#2618,.F.);
#2621=ORIENTED_EDGE('',*,*,#2620,.F.);
#2623=ORIENTED_EDGE('',*,*,#2622,.F.);
#2625=ORIENTED_EDGE('',*,*,#2624,.F.);
#2626=ORIENTED_EDGE('',*,*,#2550,.F.);
#2627=ORIENTED_EDGE('',*,*,#2594,.F.);
#2628=EDGE_LOOP('',(#2607,#2609,#2611,#2613,#2615,#2617,#2619,#2621,#2623,#2625,
#2626,#2627));
#2629=FACE_OUTER_BOUND('',#2628,.F.);
#2630=ADVANCED_FACE('',(#2629),#2606,.T.);
#2631=CARTESIAN_POINT('',(-3.042576511892E1,5.75E0,-8.307850619776E0));
#2632=DIRECTION('',(-1.830127018922E-1,7.071067811865E-1,6.830127018922E-1));
#2633=DIRECTION('',(-1.830127018922E-1,-7.071067811865E-1,6.830127018922E-1));
#2634=AXIS2_PLACEMENT_3D('',#2631,#2632,#2633);
#2635=PLANE('',#2634);
#2636=ORIENTED_EDGE('',*,*,#2308,.F.);
#2637=ORIENTED_EDGE('',*,*,#2293,.F.);
#2639=ORIENTED_EDGE('',*,*,#2638,.T.);
#2641=ORIENTED_EDGE('',*,*,#2640,.T.);
#2642=ORIENTED_EDGE('',*,*,#2608,.T.);
#2643=EDGE_LOOP('',(#2636,#2637,#2639,#2641,#2642));
#2644=FACE_OUTER_BOUND('',#2643,.F.);
#2645=ADVANCED_FACE('',(#2644),#2635,.T.);
#2646=CARTESIAN_POINT('',(-3.145096795843E1,2.131628207280E-14,
-8.462951676959E0));
#2647=DIRECTION('',(-5.709328333910E-1,0.E0,8.209967720741E-1));
#2648=DIRECTION('',(-8.209967720741E-1,0.E0,-5.709328333910E-1));
#2649=AXIS2_PLACEMENT_3D('',#2646,#2647,#2648);
#2650=PLANE('',#2649);
#2651=ORIENTED_EDGE('',*,*,#2291,.T.);
#2652=ORIENTED_EDGE('',*,*,#2276,.F.);
#2654=ORIENTED_EDGE('',*,*,#2653,.F.);
#2656=ORIENTED_EDGE('',*,*,#2655,.F.);
#2658=ORIENTED_EDGE('',*,*,#2657,.T.);
#2659=ORIENTED_EDGE('',*,*,#2638,.F.);
#2660=EDGE_LOOP('',(#2651,#2652,#2654,#2656,#2658,#2659));
#2661=FACE_OUTER_BOUND('',#2660,.F.);
#2662=ADVANCED_FACE('',(#2661),#2650,.T.);
#2663=CARTESIAN_POINT('',(-2.786499384309E1,-5.749999999057E0,
-1.112581949220E1));
#2664=DIRECTION('',(0.E0,1.E0,0.E0));
#2665=DIRECTION('',(0.E0,0.E0,-1.E0));
#2666=AXIS2_PLACEMENT_3D('',#2663,#2664,#2665);
#2667=CONICAL_SURFACE('',#2666,4.350000000943E0,4.5E1);
#2668=ORIENTED_EDGE('',*,*,#2183,.T.);
#2669=ORIENTED_EDGE('',*,*,#2206,.F.);
#2671=ORIENTED_EDGE('',*,*,#2670,.F.);
#2672=ORIENTED_EDGE('',*,*,#2653,.T.);
#2673=ORIENTED_EDGE('',*,*,#2274,.F.);
#2674=EDGE_LOOP('',(#2668,#2669,#2671,#2672,#2673));
#2675=FACE_OUTER_BOUND('',#2674,.F.);
#2676=ADVANCED_FACE('',(#2675),#2667,.T.);
#2677=CARTESIAN_POINT('',(-2.786499384309E1,-5.9E0,-1.112581949220E1));
#2678=DIRECTION('',(0.E0,-1.E0,0.E0));
#2679=DIRECTION('',(-1.E0,0.E0,0.E0));
#2680=AXIS2_PLACEMENT_3D('',#2677,#2678,#2679);
#2681=CYLINDRICAL_SURFACE('',#2680,4.5E0);
#2683=ORIENTED_EDGE('',*,*,#2682,.T.);
#2684=ORIENTED_EDGE('',*,*,#2655,.T.);
#2685=ORIENTED_EDGE('',*,*,#2670,.T.);
#2686=ORIENTED_EDGE('',*,*,#2441,.T.);
#2687=EDGE_LOOP('',(#2683,#2684,#2685,#2686));
#2688=FACE_OUTER_BOUND('',#2687,.F.);
#2689=ADVANCED_FACE('',(#2688),#2681,.T.);
#2690=CARTESIAN_POINT('',(-2.786499384309E1,5.749999223579E0,
-1.112581949220E1));
#2691=DIRECTION('',(0.E0,-1.E0,0.E0));
#2692=DIRECTION('',(0.E0,0.E0,-1.E0));
#2693=AXIS2_PLACEMENT_3D('',#2690,#2691,#2692);
#2694=CONICAL_SURFACE('',#2693,4.350000776421E0,4.5E1);
#2695=ORIENTED_EDGE('',*,*,#2682,.F.);
#2697=ORIENTED_EDGE('',*,*,#2696,.F.);
#2698=ORIENTED_EDGE('',*,*,#2610,.T.);
#2699=ORIENTED_EDGE('',*,*,#2640,.F.);
#2700=ORIENTED_EDGE('',*,*,#2657,.F.);
#2701=EDGE_LOOP('',(#2695,#2697,#2698,#2699,#2700));
#2702=FACE_OUTER_BOUND('',#2701,.F.);
#2703=ADVANCED_FACE('',(#2702),#2694,.T.);
#2704=CARTESIAN_POINT('',(3.090860900556E-13,5.750002273629E0,
-2.797762022055E-13));
#2705=DIRECTION('',(0.E0,-1.E0,0.E0));
#2706=DIRECTION('',(0.E0,0.E0,-1.E0));
#2707=AXIS2_PLACEMENT_3D('',#2704,#2705,#2706);
#2708=CONICAL_SURFACE('',#2707,3.434999772637E1,4.5E1);
#2709=ORIENTED_EDGE('',*,*,#2612,.T.);
#2710=ORIENTED_EDGE('',*,*,#2696,.T.);
#2711=ORIENTED_EDGE('',*,*,#2439,.F.);
#2713=ORIENTED_EDGE('',*,*,#2712,.F.);
#2714=EDGE_LOOP('',(#2709,#2710,#2711,#2713));
#2715=FACE_OUTER_BOUND('',#2714,.F.);
#2716=ADVANCED_FACE('',(#2715),#2708,.T.);
#2717=CARTESIAN_POINT('',(-2.226079470935E1,5.749999990199E0,
-3.017792270698E1));
#2718=DIRECTION('',(0.E0,1.E0,0.E0));
#2719=DIRECTION('',(0.E0,0.E0,-1.E0));
#2720=AXIS2_PLACEMENT_3D('',#2717,#2718,#2719);
#2721=CONICAL_SURFACE('',#2720,3.149999990199E0,4.5E1);
#2722=ORIENTED_EDGE('',*,*,#2614,.T.);
#2723=ORIENTED_EDGE('',*,*,#2712,.T.);
#2725=ORIENTED_EDGE('',*,*,#2724,.F.);
#2727=ORIENTED_EDGE('',*,*,#2726,.F.);
#2728=EDGE_LOOP('',(#2722,#2723,#2725,#2727));
#2729=FACE_OUTER_BOUND('',#2728,.F.);
#2730=ADVANCED_FACE('',(#2729),#2721,.F.);
#2731=CARTESIAN_POINT('',(-2.226079470935E1,-2.128248E1,-3.017792270698E1));
#2732=DIRECTION('',(0.E0,1.E0,0.E0));
#2733=DIRECTION('',(5.936211922492E-1,0.E0,8.047446055194E-1));
#2734=AXIS2_PLACEMENT_3D('',#2731,#2732,#2733);
#2735=CYLINDRICAL_SURFACE('',#2734,3.E0);
#2736=ORIENTED_EDGE('',*,*,#2724,.T.);
#2737=ORIENTED_EDGE('',*,*,#2437,.T.);
#2739=ORIENTED_EDGE('',*,*,#2738,.F.);
#2741=ORIENTED_EDGE('',*,*,#2740,.F.);
#2743=ORIENTED_EDGE('',*,*,#2742,.T.);
#2744=EDGE_LOOP('',(#2736,#2737,#2739,#2741,#2743));
#2745=FACE_OUTER_BOUND('',#2744,.F.);
#2746=ADVANCED_FACE('',(#2745),#2735,.F.);
#2747=CARTESIAN_POINT('',(-1.770420519805E1,-2.691361013001E0,
-2.961363208439E1));
#2748=CARTESIAN_POINT('',(-1.780372778377E1,-2.691359690554E0,
-2.955413357295E1));
#2749=CARTESIAN_POINT('',(-1.824056857309E1,-2.691377075555E0,
-2.928997495941E1));
#2750=CARTESIAN_POINT('',(-1.903408999313E1,-2.691528060404E0,
-2.878574850963E1));
#2751=CARTESIAN_POINT('',(-1.987390706396E1,-2.691626287308E0,
-2.820886129248E1));
#2752=CARTESIAN_POINT('',(-2.037853125184E1,-2.691594795952E0,
-2.784168402098E1));
#2753=CARTESIAN_POINT('',(-2.053483788821E1,-2.691577278483E0,
-2.772591748331E1));
#2754=CARTESIAN_POINT('',(-1.768395865280E1,-1.519282756266E0,
-2.957979086345E1));
#2755=CARTESIAN_POINT('',(-1.778339460920E1,-1.519281431309E0,
-2.952034419255E1));
#2756=CARTESIAN_POINT('',(-1.821983408735E1,-1.519298812562E0,
-2.925642748011E1));
#2757=CARTESIAN_POINT('',(-1.901247590183E1,-1.519449821596E0,
-2.875275227037E1));
#2758=CARTESIAN_POINT('',(-1.985122000610E1,-1.519547997760E0,
-2.817659727249E1));
#2759=CARTESIAN_POINT('',(-2.035518572503E1,-1.519516558323E0,
-2.780990031377E1));
#2760=CARTESIAN_POINT('',(-2.051129007696E1,-1.519499047674E0,
-2.769428426683E1));
#2761=CARTESIAN_POINT('',(-1.791423655702E1,-4.358111788722E-1,
-2.996499732659E1));
#2762=CARTESIAN_POINT('',(-1.801499217335E1,-4.358098515963E-1,
-2.990476175757E1));
#2763=CARTESIAN_POINT('',(-1.845720461324E1,-4.358272293832E-1,
-2.963735340659E1));
#2764=CARTESIAN_POINT('',(-1.926019353440E1,-4.359782607751E-1,
-2.912709622809E1));
#2765=CARTESIAN_POINT('',(-2.010975688240E1,-4.360763900335E-1,
-2.854350480816E1));
#2766=CARTESIAN_POINT('',(-2.062021086894E1,-4.360449985922E-1,
-2.817208792830E1));
#2767=CARTESIAN_POINT('',(-2.077832650413E1,-4.360274942461E-1,
-2.805498287143E1));
#2768=CARTESIAN_POINT('',(-1.835381383128E1,3.650872074001E-1,
-3.070029059332E1));
#2769=CARTESIAN_POINT('',(-1.845705914712E1,3.650885363906E-1,
-3.063856661853E1));
#2770=CARTESIAN_POINT('',(-1.891018532777E1,3.650711611654E-1,
-3.036455817357E1));
#2771=CARTESIAN_POINT('',(-1.973289569605E1,3.649201132468E-1,
-2.984176414239E1));
#2772=CARTESIAN_POINT('',(-2.060323360279E1,3.648220186606E-1,
-2.924389895090E1));
#2773=CARTESIAN_POINT('',(-2.112616104330E1,3.648533746242E-1,
-2.886340689122E1));
#2774=CARTESIAN_POINT('',(-2.128814146316E1,3.648708743105E-1,
-2.874343989104E1));
#2775=(BOUNDED_SURFACE()B_SPLINE_SURFACE(3,3,((#2747,#2748,#2749,#2750,#2751,
#2752,#2753),(#2754,#2755,#2756,#2757,#2758,#2759,#2760),(#2761,#2762,#2763,
#2764,#2765,#2766,#2767),(#2768,#2769,#2770,#2771,#2772,#2773,#2774)),
.UNSPECIFIED.,.F.,.F.,.F.)B_SPLINE_SURFACE_WITH_KNOTS((4,4),(4,1,1,1,4),(0.E0,
1.E0),(5.997468949724E-1,6.028777859017E-1,6.135304856658E-1,6.251241364318E-1,
6.303741384940E-1),.UNSPECIFIED.)GEOMETRIC_REPRESENTATION_ITEM()RATIONAL_B_SPLINE_SURFACE(((1.046852722094E0,1.046852722094E0,1.046852722094E0,1.046852722094E0,
1.046852722094E0,1.046852722094E0,1.046852722094E0),(9.843824259685E-1,
9.843824259685E-1,9.843824259685E-1,9.843824259685E-1,9.843824259685E-1,
9.843824259685E-1,9.843824259685E-1),(9.843824259685E-1,9.843824259685E-1,
9.843824259685E-1,9.843824259685E-1,9.843824259685E-1,9.843824259685E-1,
9.843824259685E-1),(1.046852722094E0,1.046852722094E0,1.046852722094E0,
1.046852722094E0,1.046852722094E0,1.046852722094E0,1.046852722094E0)))REPRESENTATION_ITEM('')SURFACE());
#2776=ORIENTED_EDGE('',*,*,#2435,.F.);
#2778=ORIENTED_EDGE('',*,*,#2777,.F.);
#2780=ORIENTED_EDGE('',*,*,#2779,.T.);
#2781=ORIENTED_EDGE('',*,*,#2738,.T.);
#2782=EDGE_LOOP('',(#2776,#2778,#2780,#2781));
#2783=FACE_OUTER_BOUND('',#2782,.F.);
#2784=ADVANCED_FACE('',(#2783),#2775,.F.);
#2785=CARTESIAN_POINT('',(-1.981955302404E1,-2.556854291838E0,
-3.300659506716E1));
#2786=DIRECTION('',(-1.862556694320E-1,9.237634929896E-1,-3.346189394281E-1));
#2787=DIRECTION('',(4.800599382688E-1,3.827212903883E-1,7.893458491389E-1));
#2788=AXIS2_PLACEMENT_3D('',#2785,#2786,#2787);
#2789=SPHERICAL_SURFACE('',#2788,4.E0);
#2791=ORIENTED_EDGE('',*,*,#2790,.T.);
#2792=ORIENTED_EDGE('',*,*,#2777,.T.);
#2794=ORIENTED_EDGE('',*,*,#2793,.T.);
#2795=EDGE_LOOP('',(#2791,#2792,#2794));
#2796=FACE_OUTER_BOUND('',#2795,.F.);
#2797=ADVANCED_FACE('',(#2796),#2789,.F.);
#2798=CARTESIAN_POINT('',(-1.909495543321E1,1.792601295920E0,
-3.191817765542E1));
#2799=CARTESIAN_POINT('',(-1.896807966014E1,1.551749324201E0,
-3.171341917929E1));
#2800=CARTESIAN_POINT('',(-1.869252184901E1,1.028903413449E0,
-3.126900418641E1));
#2801=CARTESIAN_POINT('',(-1.841666187974E1,5.060694704943E-1,
-3.082478030911E1));
#2802=CARTESIAN_POINT('',(-1.826778254883E1,2.240837896933E-1,
-3.058524887015E1));
#2803=CARTESIAN_POINT('',(-1.911885148433E1,1.792813479141E0,
-3.190308767759E1));
#2804=CARTESIAN_POINT('',(-1.899197468714E1,1.551957109920E0,
-3.169832751786E1));
#2805=CARTESIAN_POINT('',(-1.871641459058E1,1.029101317796E0,
-3.125390877189E1));
#2806=CARTESIAN_POINT('',(-1.844055218755E1,5.062566975552E-1,
-3.080968090868E1));
#2807=CARTESIAN_POINT('',(-1.829167149723E1,2.242650026472E-1,
-3.057014724713E1));
#2808=CARTESIAN_POINT('',(-1.914286062227E1,1.792813852488E0,
-3.188817677531E1));
#2809=CARTESIAN_POINT('',(-1.901598278519E1,1.551953085045E0,
-3.168341494106E1));
#2810=CARTESIAN_POINT('',(-1.874042036756E1,1.029087409927E0,
-3.123899246259E1));
#2811=CARTESIAN_POINT('',(-1.846455549177E1,5.062321106462E-1,
-3.079476063600E1));
#2812=CARTESIAN_POINT('',(-1.831567341990E1,2.242344006437E-1,
-3.055522476465E1));
#2813=CARTESIAN_POINT('',(-1.916698015026E1,1.792602415921E0,
-3.187344662338E1));
#2814=CARTESIAN_POINT('',(-1.904010125766E1,1.551737250027E0,
-3.166868312391E1));
#2815=CARTESIAN_POINT('',(-1.876453648358E1,1.028861691403E0,
-3.122425693393E1));
#2816=CARTESIAN_POINT('',(-1.848866909629E1,5.059957125289E-1,
-3.078002116695E1));
#2817=CARTESIAN_POINT('',(-1.833978562089E1,2.239919871202E-1,
-3.054048309885E1));
#2818=(BOUNDED_SURFACE()B_SPLINE_SURFACE(3,3,((#2798,#2799,#2800,#2801,#2802),(
#2803,#2804,#2805,#2806,#2807),(#2808,#2809,#2810,#2811,#2812),(#2813,#2814,
#2815,#2816,#2817)),.UNSPECIFIED.,.F.,.F.,.F.)B_SPLINE_SURFACE_WITH_KNOTS((4,4),
(4,1,4),(0.E0,1.E0),(8.923308366617E-1,9.212241683752E-1,9.550536000180E-1),
.UNSPECIFIED.)GEOMETRIC_REPRESENTATION_ITEM()RATIONAL_B_SPLINE_SURFACE(((
1.000028081363E0,1.000028081363E0,1.000028081363E0,1.000028081363E0,
1.000028081363E0),(9.999906395458E-1,9.999906395458E-1,9.999906395458E-1,
9.999906395458E-1,9.999906395458E-1),(9.999906395458E-1,9.999906395458E-1,
9.999906395458E-1,9.999906395458E-1,9.999906395458E-1),(1.000028081363E0,
1.000028081363E0,1.000028081363E0,1.000028081363E0,1.000028081363E0)))REPRESENTATION_ITEM('')SURFACE());
#2820=ORIENTED_EDGE('',*,*,#2819,.F.);
#2822=ORIENTED_EDGE('',*,*,#2821,.T.);
#2824=ORIENTED_EDGE('',*,*,#2823,.T.);
#2825=ORIENTED_EDGE('',*,*,#2790,.F.);
#2826=EDGE_LOOP('',(#2820,#2822,#2824,#2825));
#2827=FACE_OUTER_BOUND('',#2826,.F.);
#2828=ADVANCED_FACE('',(#2827),#2818,.F.);
#2829=CARTESIAN_POINT('',(-1.931244589791E1,1.779653991999E0,
-3.176198632480E1));
#2830=CARTESIAN_POINT('',(-1.903529211292E1,1.245256710718E0,
-3.130677224415E1));
#2831=CARTESIAN_POINT('',(-1.875813832792E1,7.108594294374E-1,
-3.085155816350E1));
#2832=CARTESIAN_POINT('',(-1.848098454292E1,1.764621481564E-1,
-3.039634408285E1));
#2833=CARTESIAN_POINT('',(-1.924935822227E1,1.779733134493E0,
-3.180320483426E1));
#2834=CARTESIAN_POINT('',(-1.897296249939E1,1.245334388737E0,
-3.134695910806E1));
#2835=CARTESIAN_POINT('',(-1.869656677652E1,7.109356429814E-1,
-3.089071338186E1));
#2836=CARTESIAN_POINT('',(-1.842017105364E1,1.765368972254E-1,
-3.043446765567E1));
#2837=CARTESIAN_POINT('',(-1.802416706129E1,1.780482447854E0,
-3.259797847506E1));
#2838=CARTESIAN_POINT('',(-1.776259589854E1,1.246069836592E0,
-3.212182553817E1));
#2839=CARTESIAN_POINT('',(-1.750102473579E1,7.116572253296E-1,
-3.164567260129E1));
#2840=CARTESIAN_POINT('',(-1.723945357304E1,1.772446140674E-1,
-3.116951966440E1));
#2841=CARTESIAN_POINT('',(-1.553044003678E1,1.753656160495E0,
-3.400069212653E1));
#2842=CARTESIAN_POINT('',(-1.530271212267E1,1.219739950438E0,
-3.348895383196E1));
#2843=CARTESIAN_POINT('',(-1.507498420857E1,6.858237403800E-1,
-3.297721553740E1));
#2844=CARTESIAN_POINT('',(-1.484725629446E1,1.519075303223E-1,
-3.246547724283E1));
#2845=CARTESIAN_POINT('',(-1.170589862676E1,1.702881667360E0,
-3.557406509724E1));
#2846=CARTESIAN_POINT('',(-1.152998133202E1,1.169905002877E0,
-3.502715252920E1));
#2847=CARTESIAN_POINT('',(-1.135406403728E1,6.369283383934E-1,
-3.448023996116E1));
#2848=CARTESIAN_POINT('',(-1.117814674254E1,1.039516739099E-1,
-3.393332739311E1));
#2849=CARTESIAN_POINT('',(-7.773989633899E0,1.681822363765E0,
-3.665942839776E1));
#2850=CARTESIAN_POINT('',(-7.653774188185E0,1.149235386588E0,
-3.609262517384E1));
#2851=CARTESIAN_POINT('',(-7.533558742471E0,6.166484094114E-1,
-3.552582194992E1));
#2852=CARTESIAN_POINT('',(-7.413343296757E0,8.406143223469E-2,
-3.495901872599E1));
#2853=CARTESIAN_POINT('',(-3.714894435730E0,1.703447051213E0,
-3.726579382326E1));
#2854=CARTESIAN_POINT('',(-3.654045541520E0,1.170459924707E0,
-3.669464012033E1));
#2855=CARTESIAN_POINT('',(-3.593196647310E0,6.374727982007E-1,
-3.612348641739E1));
#2856=CARTESIAN_POINT('',(-3.532347753101E0,1.044856716946E-1,
-3.555233271445E1));
#2857=CARTESIAN_POINT('',(4.041575221962E-1,1.754239870976E0,
-3.737483248018E1));
#2858=CARTESIAN_POINT('',(4.035495659237E-1,1.220312859775E0,
-3.681497424889E1));
#2859=CARTESIAN_POINT('',(4.029416096513E-1,6.863858485731E-1,
-3.625511601761E1));
#2860=CARTESIAN_POINT('',(4.023336533788E-1,1.524588373718E-1,
-3.569525778632E1));
#2861=CARTESIAN_POINT('',(3.226817649695E0,1.780535719336E0,-3.710811762462E1));
#2862=CARTESIAN_POINT('',(3.181234683261E0,1.246122122323E0,-3.656689321332E1));
#2863=CARTESIAN_POINT('',(3.135651716827E0,7.117085253102E-1,
-3.602566880202E1));
#2864=CARTESIAN_POINT('',(3.090068750393E0,1.772949282974E-1,
-3.548444439072E1));
#2865=CARTESIAN_POINT('',(4.662890740723E0,1.779726097126E0,-3.688099921708E1));
#2866=CARTESIAN_POINT('',(4.595762785924E0,1.245327481592E0,-3.635188958927E1));
#2867=CARTESIAN_POINT('',(4.528634831124E0,7.109288660571E-1,
-3.582277996147E1));
#2868=CARTESIAN_POINT('',(4.461506876325E0,1.765302505225E-1,
-3.529367033366E1));
#2869=CARTESIAN_POINT('',(4.743918187327E0,1.779632383839E0,-3.686788996523E1));
#2870=CARTESIAN_POINT('',(4.675579317544E0,1.245235502401E0,-3.633947232253E1));
#2871=CARTESIAN_POINT('',(4.607240447762E0,7.108386209638E-1,
-3.581105467984E1));
#2872=CARTESIAN_POINT('',(4.538901577979E0,1.764417395264E-1,
-3.528263703715E1));
#2873=B_SPLINE_SURFACE_WITH_KNOTS('',3,3,((#2829,#2830,#2831,#2832),(#2833,
#2834,#2835,#2836),(#2837,#2838,#2839,#2840),(#2841,#2842,#2843,#2844),(#2845,
#2846,#2847,#2848),(#2849,#2850,#2851,#2852),(#2853,#2854,#2855,#2856),(#2857,
#2858,#2859,#2860),(#2861,#2862,#2863,#2864),(#2865,#2866,#2867,#2868),(#2869,
#2870,#2871,#2872)),.UNSPECIFIED.,.F.,.F.,.F.,(4,1,1,1,1,1,1,1,4),(4,4),(
-9.070406768480E-3,0.E0,1.666666666667E-1,3.333333333333E-1,5.E-1,
6.666666666667E-1,8.333333333333E-1,1.E0,1.009973262316E0),(2.947968923199E-1,
7.166912039542E-1),.UNSPECIFIED.);
#2875=ORIENTED_EDGE('',*,*,#2874,.F.);
#2877=ORIENTED_EDGE('',*,*,#2876,.F.);
#2879=ORIENTED_EDGE('',*,*,#2878,.F.);
#2880=ORIENTED_EDGE('',*,*,#2819,.T.);
#2881=EDGE_LOOP('',(#2875,#2877,#2879,#2880));
#2882=FACE_OUTER_BOUND('',#2881,.F.);
#2883=ADVANCED_FACE('',(#2882),#2873,.T.);
#2884=CARTESIAN_POINT('',(4.435933587775E0,-2.687803683195E0,
-3.421591127549E1));
#2885=CARTESIAN_POINT('',(3.999565251436E0,-2.694054880608E0,
-3.427248406669E1));
#2886=CARTESIAN_POINT('',(3.078222653951E0,-2.709825674651E0,
-3.437406256527E1));
#2887=CARTESIAN_POINT('',(1.661324598449E0,-2.739299059864E0,
-3.447269383447E1));
#2888=CARTESIAN_POINT('',(1.779124443807E-1,-2.772059863749E0,
-3.451259457754E1));
#2889=CARTESIAN_POINT('',(-1.337214867928E0,-2.803800119E0,-3.448770292793E1));
#2890=CARTESIAN_POINT('',(-2.892261586247E0,-2.832417027820E0,
-3.439295261278E1));
#2891=CARTESIAN_POINT('',(-4.484495795467E0,-2.854045706833E0,
-3.422240641317E1));
#2892=CARTESIAN_POINT('',(-6.093487207975E0,-2.866583112592E0,
-3.397309079806E1));
#2893=CARTESIAN_POINT('',(-7.692908687628E0,-2.868860719151E0,
-3.364683776374E1));
#2894=CARTESIAN_POINT('',(-9.267993249536E0,-2.860021144190E0,
-3.324728831438E1));
#2895=CARTESIAN_POINT('',(-1.084252244962E1,-2.840706772686E0,
-3.276833318515E1));
#2896=CARTESIAN_POINT('',(-1.247537658167E1,-2.810926521074E0,
-3.218451587087E1));
#2897=CARTESIAN_POINT('',(-1.422533845543E1,-2.771865792875E0,
-3.145427726757E1));
#2898=CARTESIAN_POINT('',(-1.604094863921E1,-2.726572391791E0,
-3.057031130187E1));
#2899=CARTESIAN_POINT('',(-1.728889877184E1,-2.699393420643E0,
-2.986648450795E1));
#2900=CARTESIAN_POINT('',(-1.791530752331E1,-2.688704570156E0,
-2.948643331235E1));
#2901=CARTESIAN_POINT('',(-1.795264025297E1,-2.688078592086E0,
-2.946368582785E1));
#2902=CARTESIAN_POINT('',(4.415080313015E0,-1.457512883758E0,
-3.417687012807E1));
#2903=CARTESIAN_POINT('',(3.977162702276E0,-1.463790342987E0,
-3.423344217091E1));
#2904=CARTESIAN_POINT('',(3.053347236062E0,-1.479616812067E0,
-3.433477158889E1));
#2905=CARTESIAN_POINT('',(1.635212206943E0,-1.509145355146E0,
-3.443251140735E1));
#2906=CARTESIAN_POINT('',(1.536880403737E-1,-1.541903506543E0,
-3.447128876458E1));
#2907=CARTESIAN_POINT('',(-1.357569049978E0,-1.573604859773E0,
-3.444542791977E1));
#2908=CARTESIAN_POINT('',(-2.906712967439E0,-1.602154108961E0,
-3.435009553932E1));
#2909=CARTESIAN_POINT('',(-4.490648785016E0,-1.623704561312E0,
-3.417972972965E1));
#2910=CARTESIAN_POINT('',(-6.091286064718E0,-1.636197119702E0,
-3.393130021771E1));
#2911=CARTESIAN_POINT('',(-7.681447016325E0,-1.638464538293E0,
-3.360685454769E1));
#2912=CARTESIAN_POINT('',(-9.247618446249E0,-1.629661094753E0,
-3.320986103139E1));
#2913=CARTESIAN_POINT('',(-1.081398944208E1,-1.610419735889E0,
-3.273405138937E1));
#2914=CARTESIAN_POINT('',(-1.244054708956E1,-1.580717729836E0,
-3.215352235793E1));
#2915=CARTESIAN_POINT('',(-1.418616220861E1,-1.541714063574E0,
-3.142649184869E1));
#2916=CARTESIAN_POINT('',(-1.600051272512E1,-1.496413845094E0,
-3.054482706532E1));
#2917=CARTESIAN_POINT('',(-1.725153400329E1,-1.469149253464E0,
-2.984034508483E1));
#2918=CARTESIAN_POINT('',(-1.788015755275E1,-1.458417832815E0,
-2.945934952209E1));
#2919=CARTESIAN_POINT('',(-1.791762470101E1,-1.457789322642E0,
-2.943654357003E1));
#2920=CARTESIAN_POINT('',(4.464280349762E0,-3.298047081941E-1,
-3.466822350980E1));
#2921=CARTESIAN_POINT('',(4.018216391690E0,-3.361062395086E-1,
-3.472566654932E1));
#2922=CARTESIAN_POINT('',(3.077933866133E0,-3.519837413951E-1,
-3.482833237573E1));
#2923=CARTESIAN_POINT('',(1.636831095650E0,-3.815628432338E-1,
-3.492677330033E1));
#2924=CARTESIAN_POINT('',(1.341839894999E-1,-4.143185633093E-1,
-3.496513384620E1));
#2925=CARTESIAN_POINT('',(-1.396864420270E0,-4.459842582012E-1,
-3.493799945083E1));
#2926=CARTESIAN_POINT('',(-2.964548218051E0,-4.744714892705E-1,
-3.484067262753E1));
#2927=CARTESIAN_POINT('',(-4.565397027867E0,-4.959502375612E-1,
-3.466784466362E1));
#2928=CARTESIAN_POINT('',(-6.183154310544E0,-5.084016879895E-1,
-3.441638736291E1));
#2929=CARTESIAN_POINT('',(-7.789455463807E0,-5.106597680932E-1,
-3.408857443577E1));
#2930=CARTESIAN_POINT('',(-9.371711122782E0,-5.018894433084E-1,
-3.368777171121E1));
#2931=CARTESIAN_POINT('',(-1.095485104342E1,-4.827150092324E-1,
-3.320747075344E1));
#2932=CARTESIAN_POINT('',(-1.260078592089E1,-4.530847245628E-1,
-3.262096580031E1));
#2933=CARTESIAN_POINT('',(-1.436937313140E1,-4.141333623680E-1,
-3.188562964574E1));
#2934=CARTESIAN_POINT('',(-1.621054214415E1,-3.688268949312E-1,
-3.099245773745E1));
#2935=CARTESIAN_POINT('',(-1.748361230997E1,-3.414838219240E-1,
-3.027652940499E1));
#2936=CARTESIAN_POINT('',(-1.812392153693E1,-3.307133806452E-1,
-2.988881072823E1));
#2937=CARTESIAN_POINT('',(-1.816208735179E1,-3.300825494988E-1,
-2.986560058780E1));
#2938=CARTESIAN_POINT('',(4.573900346083E0,4.745159325913E-1,
-3.559376458096E1));
#2939=CARTESIAN_POINT('',(4.114688020028E0,4.681972322295E-1,
-3.565277982131E1));
#2940=CARTESIAN_POINT('',(3.147168489622E0,4.522833319724E-1,
-3.575810587684E1));
#2941=CARTESIAN_POINT('',(1.665864286665E0,4.226681698703E-1,
-3.585870318811E1));
#2942=CARTESIAN_POINT('',(1.232191788693E-1,3.899141838977E-1,
-3.589743510863E1));
#2943=CARTESIAN_POINT('',(-1.447406957493E0,3.582739217715E-1,
-3.586897216814E1));
#2944=CARTESIAN_POINT('',(-3.054443213956E0,3.298309241785E-1,
-3.576862903574E1));
#2945=CARTESIAN_POINT('',(-4.694104841260E0,3.084033177141E-1,
-3.559117846243E1));
#2946=CARTESIAN_POINT('',(-6.351104171422E0,2.959811869116E-1,
-3.533337232112E1));
#2947=CARTESIAN_POINT('',(-7.995786009566E0,2.937297673413E-1,
-3.499767682334E1));
#2948=CARTESIAN_POINT('',(-9.615973971568E0,3.024764706797E-1,
-3.458744559101E1));
#2949=CARTESIAN_POINT('',(-1.123752659580E1,3.216031716722E-1,
-3.409589591276E1));
#2950=CARTESIAN_POINT('',(-1.292471836218E1,3.511823021604E-1,
-3.349532091700E1));
#2951=CARTESIAN_POINT('',(-1.473909858195E1,3.900963592780E-1,
-3.274179162052E1));
#2952=CARTESIAN_POINT('',(-1.662991320121E1,4.354072836872E-1,
-3.182555737153E1));
#2953=CARTESIAN_POINT('',(-1.793969283145E1,4.628063323393E-1,
-3.108963271386E1));
#2954=CARTESIAN_POINT('',(-1.859887056337E1,4.736046044859E-1,
-3.069072855985E1));
#2955=CARTESIAN_POINT('',(-1.863816249414E1,4.742370910314E-1,
-3.066684765020E1));
#2956=(BOUNDED_SURFACE()B_SPLINE_SURFACE(3,3,((#2884,#2885,#2886,#2887,#2888,
#2889,#2890,#2891,#2892,#2893,#2894,#2895,#2896,#2897,#2898,#2899,#2900,#2901),(
#2902,#2903,#2904,#2905,#2906,#2907,#2908,#2909,#2910,#2911,#2912,#2913,#2914,
#2915,#2916,#2917,#2918,#2919),(#2920,#2921,#2922,#2923,#2924,#2925,#2926,#2927,
#2928,#2929,#2930,#2931,#2932,#2933,#2934,#2935,#2936,#2937),(#2938,#2939,#2940,
#2941,#2942,#2943,#2944,#2945,#2946,#2947,#2948,#2949,#2950,#2951,#2952,#2953,
#2954,#2955)),.UNSPECIFIED.,.F.,.F.,.F.)B_SPLINE_SURFACE_WITH_KNOTS((4,4),(4,1,
1,1,1,1,1,1,1,1,1,1,1,1,1,4),(0.E0,1.E0),(3.531733914368E-1,3.662608428835E-1,
3.807221578311E-1,3.953333208147E-1,4.102404470350E-1,4.255900439922E-1,
4.414178279631E-1,4.575525345526E-1,4.736953815444E-1,4.896203329995E-1,
5.055406225144E-1,5.223145512565E-1,5.409000867231E-1,5.616666069812E-1,
5.821534753404E-1,5.834534902650E-1),.UNSPECIFIED.)GEOMETRIC_REPRESENTATION_ITEM()RATIONAL_B_SPLINE_SURFACE(((1.051469342775E0,1.051469342775E0,1.051469342775E0,
1.051469342775E0,1.051469342775E0,1.051469342775E0,1.051469342775E0,
1.051469342775E0,1.051469342775E0,1.051469342775E0,1.051469342775E0,
1.051469342775E0,1.051469342775E0,1.051469342775E0,1.051469342775E0,
1.051469342775E0,1.051469342775E0,1.051469342775E0),(9.828435524085E-1,
9.828435524085E-1,9.828435524085E-1,9.828435524085E-1,9.828435524085E-1,
9.828435524085E-1,9.828435524085E-1,9.828435524085E-1,9.828435524085E-1,
9.828435524085E-1,9.828435524085E-1,9.828435524085E-1,9.828435524085E-1,
9.828435524085E-1,9.828435524085E-1,9.828435524085E-1,9.828435524085E-1,
9.828435524085E-1),(9.828435524085E-1,9.828435524085E-1,9.828435524085E-1,
9.828435524085E-1,9.828435524085E-1,9.828435524085E-1,9.828435524085E-1,
9.828435524085E-1,9.828435524085E-1,9.828435524085E-1,9.828435524085E-1,
9.828435524085E-1,9.828435524085E-1,9.828435524085E-1,9.828435524085E-1,
9.828435524085E-1,9.828435524085E-1,9.828435524085E-1),(1.051469342775E0,
1.051469342775E0,1.051469342775E0,1.051469342775E0,1.051469342775E0,
1.051469342775E0,1.051469342775E0,1.051469342775E0,1.051469342775E0,
1.051469342775E0,1.051469342775E0,1.051469342775E0,1.051469342775E0,
1.051469342775E0,1.051469342775E0,1.051469342775E0,1.051469342775E0,
1.051469342775E0)))REPRESENTATION_ITEM('')SURFACE());
#2957=ORIENTED_EDGE('',*,*,#2874,.T.);
#2958=ORIENTED_EDGE('',*,*,#2793,.F.);
#2959=ORIENTED_EDGE('',*,*,#2433,.F.);
#2961=ORIENTED_EDGE('',*,*,#2960,.F.);
#2962=EDGE_LOOP('',(#2957,#2958,#2959,#2961));
#2963=FACE_OUTER_BOUND('',#2962,.F.);
#2964=ADVANCED_FACE('',(#2963),#2956,.F.);
#2965=CARTESIAN_POINT('',(7.482901503491E0,-2.691462476619E0,
-3.368103738882E1));
#2966=CARTESIAN_POINT('',(7.200063012678E0,-2.691469245175E0,
-3.374387546146E1));
#2967=CARTESIAN_POINT('',(6.522871137471E0,-2.691463403872E0,
-3.388540029691E1));
#2968=CARTESIAN_POINT('',(5.407723960546E0,-2.691401131678E0,
-3.408365801902E1));
#2969=CARTESIAN_POINT('',(4.564377463655E0,-2.691359158643E0,
-3.420191042399E1));
#2970=CARTESIAN_POINT('',(4.118182234130E0,-2.691361086309E0,
-3.425560895101E1));
#2971=CARTESIAN_POINT('',(4.109501193222E0,-2.691361133135E0,
-3.425665034563E1));
#2972=CARTESIAN_POINT('',(7.474326828094E0,-1.519385363811E0,
-3.364254553254E1));
#2973=CARTESIAN_POINT('',(7.191833381472E0,-1.519392133913E0,
-3.370530675413E1));
#2974=CARTESIAN_POINT('',(6.515453658609E0,-1.519386292210E0,
-3.384666217510E1));
#2975=CARTESIAN_POINT('',(5.401611316167E0,-1.519324023938E0,
-3.404469028148E1));
#2976=CARTESIAN_POINT('',(4.559194051069E0,-1.519282043644E0,
-3.416281437909E1));
#2977=CARTESIAN_POINT('',(4.113470311276E0,-1.519283974991E0,
-3.421645610379E1));
#2978=CARTESIAN_POINT('',(4.104798435897E0,-1.519284021931E0,
-3.421749639743E1));
#2979=CARTESIAN_POINT('',(7.571640491138E0,-4.359146676482E-1,
-3.408065648613E1));
#2980=CARTESIAN_POINT('',(7.285488175276E0,-4.359214391794E-1,
-3.414423041818E1));
#2981=CARTESIAN_POINT('',(6.600335186707E0,-4.359155971060E-1,
-3.428741963669E1));
#2982=CARTESIAN_POINT('',(5.472015562599E0,-4.358533324588E-1,
-3.448802379397E1));
#2983=CARTESIAN_POINT('',(4.618596330354E0,-4.358113454557E-1,
-3.460769240666E1));
#2984=CARTESIAN_POINT('',(4.167033047853E0,-4.358132802045E-1,
-3.466203685108E1));
#2985=CARTESIAN_POINT('',(4.158247553007E0,-4.358133272499E-1,
-3.466309077338E1));
#2986=CARTESIAN_POINT('',(7.757421124261E0,3.649836104141E-1,
-3.491693838227E1));
#2987=CARTESIAN_POINT('',(7.464261046890E0,3.649768378266E-1,
-3.498206909256E1));
#2988=CARTESIAN_POINT('',(6.762319989512E0,3.649826801735E-1,
-3.512876702901E1));
#2989=CARTESIAN_POINT('',(5.606332731674E0,3.650449421409E-1,
-3.533429173185E1));
#2990=CARTESIAN_POINT('',(4.731949936748E0,3.650869341038E-1,
-3.545690117860E1));
#2991=CARTESIAN_POINT('',(4.269281490622E0,3.650849968400E-1,
-3.551258206192E1));
#2992=CARTESIAN_POINT('',(4.260279931795E0,3.650849497168E-1,
-3.551366190267E1));
#2993=(BOUNDED_SURFACE()B_SPLINE_SURFACE(3,3,((#2965,#2966,#2967,#2968,#2969,
#2970,#2971),(#2972,#2973,#2974,#2975,#2976,#2977,#2978),(#2979,#2980,#2981,
#2982,#2983,#2984,#2985),(#2986,#2987,#2988,#2989,#2990,#2991,#2992)),
.UNSPECIFIED.,.F.,.F.,.F.)B_SPLINE_SURFACE_WITH_KNOTS((4,4),(4,1,1,1,4),(0.E0,
1.E0),(3.673059219494E-1,3.774193954502E-1,3.914531710853E-1,4.068370826222E-1,
4.071423121372E-1),.UNSPECIFIED.)GEOMETRIC_REPRESENTATION_ITEM()RATIONAL_B_SPLINE_SURFACE(((1.046852632943E0,1.046852632943E0,1.046852632943E0,1.046852632943E0,
1.046852632943E0,1.046852632943E0,1.046852632943E0),(9.843824556858E-1,
9.843824556858E-1,9.843824556858E-1,9.843824556858E-1,9.843824556858E-1,
9.843824556858E-1,9.843824556858E-1),(9.843824556858E-1,9.843824556858E-1,
9.843824556858E-1,9.843824556858E-1,9.843824556858E-1,9.843824556858E-1,
9.843824556858E-1),(1.046852632943E0,1.046852632943E0,1.046852632943E0,
1.046852632943E0,1.046852632943E0,1.046852632943E0,1.046852632943E0)))REPRESENTATION_ITEM('')SURFACE());
#2995=ORIENTED_EDGE('',*,*,#2994,.T.);
#2996=ORIENTED_EDGE('',*,*,#2960,.T.);
#2997=ORIENTED_EDGE('',*,*,#2431,.F.);
#2999=ORIENTED_EDGE('',*,*,#2998,.T.);
#3000=EDGE_LOOP('',(#2995,#2996,#2997,#2999));
#3001=FACE_OUTER_BOUND('',#3000,.F.);
#3002=ADVANCED_FACE('',(#3001),#2993,.F.);
#3003=CARTESIAN_POINT('',(4.553034802664E0,2.804398318831E0,-3.793212278367E1));
#3004=CARTESIAN_POINT('',(4.448637548096E0,1.928403631820E0,-3.706237114544E1));
#3005=CARTESIAN_POINT('',(4.344240293528E0,1.052408944809E0,-3.619261950720E1));
#3006=CARTESIAN_POINT('',(4.239843038960E0,1.764142577982E-1,
-3.532286786897E1));
#3007=CARTESIAN_POINT('',(4.576928552821E0,2.804398318831E0,-3.792925466724E1));
#3008=CARTESIAN_POINT('',(4.471983434680E0,1.928403631820E0,-3.705956879250E1));
#3009=CARTESIAN_POINT('',(4.367038316538E0,1.052408944809E0,-3.618988291776E1));
#3010=CARTESIAN_POINT('',(4.262093198396E0,1.764142577982E-1,
-3.532019704302E1));
#3011=CARTESIAN_POINT('',(5.007641626271E0,2.804398318831E0,-3.787714174088E1));
#3012=CARTESIAN_POINT('',(4.892820619997E0,1.928403631820E0,-3.700865077167E1));
#3013=CARTESIAN_POINT('',(4.777999613723E0,1.052408944809E0,-3.614015980246E1));
#3014=CARTESIAN_POINT('',(4.663178607449E0,1.764142577982E-1,
-3.527166883324E1));
#3015=CARTESIAN_POINT('',(5.437425600524E0,2.804398318831E0,-3.781771657615E1));
#3016=CARTESIAN_POINT('',(5.312750009580E0,1.928403631820E0,-3.695058817593E1));
#3017=CARTESIAN_POINT('',(5.188074418636E0,1.052408944809E0,-3.608345977571E1));
#3018=CARTESIAN_POINT('',(5.063398827691E0,1.764142577982E-1,
-3.521633137549E1));
#3019=CARTESIAN_POINT('',(5.842405039254E0,2.804398318831E0,-3.775506834316E1));
#3020=CARTESIAN_POINT('',(5.708443610754E0,1.928403631820E0,-3.688937641418E1));
#3021=CARTESIAN_POINT('',(5.574482182255E0,1.052408944809E0,-3.602368448519E1));
#3022=CARTESIAN_POINT('',(5.440520753756E0,1.764142577982E-1,
-3.515799255621E1));
#3023=B_SPLINE_SURFACE_WITH_KNOTS('',3,3,((#3003,#3004,#3005,#3006),(#3007,
#3008,#3009,#3010),(#3011,#3012,#3013,#3014),(#3015,#3016,#3017,#3018),(#3019,
#3020,#3021,#3022)),.UNSPECIFIED.,.F.,.F.,.F.,(4,1,4),(4,4),(-3.023838997866E-4,
0.E0,5.149089018968E-3),(2.515833714982E-2,7.167330900531E-1),.UNSPECIFIED.);
#3025=ORIENTED_EDGE('',*,*,#3024,.T.);
#3027=ORIENTED_EDGE('',*,*,#3026,.F.);
#3029=ORIENTED_EDGE('',*,*,#3028,.F.);
#3030=ORIENTED_EDGE('',*,*,#2876,.T.);
#3031=ORIENTED_EDGE('',*,*,#2994,.F.);
#3033=ORIENTED_EDGE('',*,*,#3032,.T.);
#3034=EDGE_LOOP('',(#3025,#3027,#3029,#3030,#3031,#3033));
#3035=FACE_OUTER_BOUND('',#3034,.F.);
#3036=ADVANCED_FACE('',(#3035),#3023,.T.);
#3037=CARTESIAN_POINT('',(1.222684500917E1,0.E0,-2.598896135222E0));
#3038=DIRECTION('',(9.781476007338E-1,0.E0,-2.079116908178E-1));
#3039=DIRECTION('',(0.E0,-1.E0,0.E0));
#3040=AXIS2_PLACEMENT_3D('',#3037,#3038,#3039);
#3041=PLANE('',#3040);
#3043=ORIENTED_EDGE('',*,*,#3042,.T.);
#3045=ORIENTED_EDGE('',*,*,#3044,.F.);
#3047=ORIENTED_EDGE('',*,*,#3046,.T.);
#3049=ORIENTED_EDGE('',*,*,#3048,.T.);
#3050=ORIENTED_EDGE('',*,*,#3024,.F.);
#3052=ORIENTED_EDGE('',*,*,#3051,.T.);
#3054=ORIENTED_EDGE('',*,*,#3053,.T.);
#3055=EDGE_LOOP('',(#3043,#3045,#3047,#3049,#3050,#3052,#3054));
#3056=FACE_OUTER_BOUND('',#3055,.F.);
#3057=ADVANCED_FACE('',(#3056),#3041,.T.);
#3058=CARTESIAN_POINT('',(4.548808671182E0,-2.71E1,-3.799975692089E1));
#3059=DIRECTION('',(-9.781476007338E-1,0.E0,2.079116908178E-1));
#3060=DIRECTION('',(0.E0,-1.E0,0.E0));
#3061=AXIS2_PLACEMENT_3D('',#3058,#3059,#3060);
#3062=CONICAL_SURFACE('',#3061,3.285E1,4.5E1);
#3064=ORIENTED_EDGE('',*,*,#3063,.T.);
#3066=ORIENTED_EDGE('',*,*,#3065,.T.);
#3067=ORIENTED_EDGE('',*,*,#3042,.F.);
#3069=ORIENTED_EDGE('',*,*,#3068,.F.);
#3070=EDGE_LOOP('',(#3064,#3066,#3067,#3069));
#3071=FACE_OUTER_BOUND('',#3070,.F.);
#3072=ADVANCED_FACE('',(#3071),#3062,.T.);
#3073=CARTESIAN_POINT('',(1.266634057029E2,-2.71E1,-6.395601579567E1));
#3074=DIRECTION('',(-9.781476007338E-1,0.E0,2.079116908178E-1));
#3075=DIRECTION('',(0.E0,1.E0,0.E0));
#3076=AXIS2_PLACEMENT_3D('',#3073,#3074,#3075);
#3077=CYLINDRICAL_SURFACE('',#3076,3.3E1);
#3079=ORIENTED_EDGE('',*,*,#3078,.F.);
#3081=ORIENTED_EDGE('',*,*,#3080,.F.);
#3082=ORIENTED_EDGE('',*,*,#3063,.F.);
#3083=ORIENTED_EDGE('',*,*,#2618,.T.);
#3085=ORIENTED_EDGE('',*,*,#3084,.F.);
#3087=ORIENTED_EDGE('',*,*,#3086,.F.);
#3088=EDGE_LOOP('',(#3079,#3081,#3082,#3083,#3085,#3087));
#3089=FACE_OUTER_BOUND('',#3088,.F.);
#3090=ADVANCED_FACE('',(#3089),#3077,.T.);
#3091=CARTESIAN_POINT('',(-1.268181665103E1,1.241042478537E1,
4.584228499933E-1));
#3092=DIRECTION('',(-3.610348622615E-2,9.848077530122E-1,-1.698535483567E-1));
#3093=DIRECTION('',(9.781476007338E-1,0.E0,-2.079116908178E-1));
#3094=AXIS2_PLACEMENT_3D('',#3091,#3092,#3093);
#3095=PLANE('',#3094);
#3096=ORIENTED_EDGE('',*,*,#3078,.T.);
#3098=ORIENTED_EDGE('',*,*,#3097,.F.);
#3100=ORIENTED_EDGE('',*,*,#3099,.F.);
#3102=ORIENTED_EDGE('',*,*,#3101,.F.);
#3104=ORIENTED_EDGE('',*,*,#3103,.F.);
#3106=ORIENTED_EDGE('',*,*,#3105,.F.);
#3108=ORIENTED_EDGE('',*,*,#3107,.F.);
#3110=ORIENTED_EDGE('',*,*,#3109,.F.);
#3112=ORIENTED_EDGE('',*,*,#3111,.F.);
#3114=ORIENTED_EDGE('',*,*,#3113,.F.);
#3116=ORIENTED_EDGE('',*,*,#3115,.F.);
#3118=ORIENTED_EDGE('',*,*,#3117,.F.);
#3119=EDGE_LOOP('',(#3096,#3098,#3100,#3102,#3104,#3106,#3108,#3110,#3112,#3114,
#3116,#3118));
#3120=FACE_OUTER_BOUND('',#3119,.F.);
#3122=ORIENTED_EDGE('',*,*,#3121,.F.);
#3124=ORIENTED_EDGE('',*,*,#3123,.F.);
#3125=EDGE_LOOP('',(#3122,#3124));
#3126=FACE_BOUND('',#3125,.F.);
#3128=ORIENTED_EDGE('',*,*,#3127,.F.);
#3130=ORIENTED_EDGE('',*,*,#3129,.F.);
#3131=EDGE_LOOP('',(#3128,#3130));
#3132=FACE_BOUND('',#3131,.F.);
#3134=ORIENTED_EDGE('',*,*,#3133,.T.);
#3136=ORIENTED_EDGE('',*,*,#3135,.T.);
#3138=ORIENTED_EDGE('',*,*,#3137,.T.);
#3140=ORIENTED_EDGE('',*,*,#3139,.T.);
#3142=ORIENTED_EDGE('',*,*,#3141,.T.);
#3144=ORIENTED_EDGE('',*,*,#3143,.T.);
#3146=ORIENTED_EDGE('',*,*,#3145,.T.);
#3148=ORIENTED_EDGE('',*,*,#3147,.T.);
#3150=ORIENTED_EDGE('',*,*,#3149,.T.);
#3152=ORIENTED_EDGE('',*,*,#3151,.T.);
#3154=ORIENTED_EDGE('',*,*,#3153,.T.);
#3156=ORIENTED_EDGE('',*,*,#3155,.T.);
#3158=ORIENTED_EDGE('',*,*,#3157,.T.);
#3160=ORIENTED_EDGE('',*,*,#3159,.T.);
#3162=ORIENTED_EDGE('',*,*,#3161,.T.);
#3164=ORIENTED_EDGE('',*,*,#3163,.T.);
#3165=EDGE_LOOP('',(#3134,#3136,#3138,#3140,#3142,#3144,#3146,#3148,#3150,#3152,
#3154,#3156,#3158,#3160,#3162,#3164));
#3166=FACE_BOUND('',#3165,.F.);
#3167=ADVANCED_FACE('',(#3120,#3126,#3132,#3166),#3095,.T.);
#3168=CARTESIAN_POINT('',(-1.268181665103E1,1.241042478537E1,
4.584228499933E-1));
#3169=DIRECTION('',(-3.610348622615E-2,9.848077530122E-1,-1.698535483567E-1));
#3170=DIRECTION('',(9.781476007338E-1,0.E0,-2.079116908178E-1));
#3171=AXIS2_PLACEMENT_3D('',#3168,#3169,#3170);
#3172=PLANE('',#3171);
#3174=ORIENTED_EDGE('',*,*,#3173,.T.);
#3176=ORIENTED_EDGE('',*,*,#3175,.T.);
#3178=ORIENTED_EDGE('',*,*,#3177,.T.);
#3180=ORIENTED_EDGE('',*,*,#3179,.T.);
#3182=ORIENTED_EDGE('',*,*,#3181,.T.);
#3184=ORIENTED_EDGE('',*,*,#3183,.T.);
#3186=ORIENTED_EDGE('',*,*,#3185,.T.);
#3188=ORIENTED_EDGE('',*,*,#3187,.T.);
#3190=ORIENTED_EDGE('',*,*,#3189,.T.);
#3192=ORIENTED_EDGE('',*,*,#3191,.T.);
#3193=EDGE_LOOP('',(#3174,#3176,#3178,#3180,#3182,#3184,#3186,#3188,#3190,
#3192));
#3194=FACE_OUTER_BOUND('',#3193,.F.);
#3195=ADVANCED_FACE('',(#3194),#3172,.T.);
#3196=CARTESIAN_POINT('',(-3.789654687464E0,3.037723494568E1,
-6.592626699461E1));
#3197=DIRECTION('',(3.610348622615E-2,-9.848077530122E-1,1.698535483567E-1));
#3198=DIRECTION('',(0.E0,1.699643554921E-1,9.854502107474E-1));
#3199=AXIS2_PLACEMENT_3D('',#3196,#3197,#3198);
#3200=CYLINDRICAL_SURFACE('',#3199,1.65E0);
#3202=ORIENTED_EDGE('',*,*,#3201,.F.);
#3203=ORIENTED_EDGE('',*,*,#3121,.T.);
#3205=ORIENTED_EDGE('',*,*,#3204,.T.);
#3207=ORIENTED_EDGE('',*,*,#3206,.F.);
#3208=EDGE_LOOP('',(#3202,#3203,#3205,#3207));
#3209=FACE_OUTER_BOUND('',#3208,.F.);
#3210=ADVANCED_FACE('',(#3209),#3200,.F.);
#3211=CARTESIAN_POINT('',(-3.789654687464E0,3.037723494568E1,
-6.592626699461E1));
#3212=DIRECTION('',(3.610348622615E-2,-9.848077530122E-1,1.698535483567E-1));
#3213=DIRECTION('',(0.E0,1.699643554921E-1,9.854502107474E-1));
#3214=AXIS2_PLACEMENT_3D('',#3211,#3212,#3213);
#3215=CYLINDRICAL_SURFACE('',#3214,1.65E0);
#3216=ORIENTED_EDGE('',*,*,#3201,.T.);
#3218=ORIENTED_EDGE('',*,*,#3217,.F.);
#3219=ORIENTED_EDGE('',*,*,#3204,.F.);
#3220=ORIENTED_EDGE('',*,*,#3123,.T.);
#3221=EDGE_LOOP('',(#3216,#3218,#3219,#3220));
#3222=FACE_OUTER_BOUND('',#3221,.F.);
#3223=ADVANCED_FACE('',(#3222),#3215,.F.);
#3224=CARTESIAN_POINT('',(-2.030385668588E1,2.9E0,-3.540045619365E1));
#3225=DIRECTION('',(3.610348622615E-2,-9.848077530122E-1,1.698535483567E-1));
#3226=DIRECTION('',(-2.047530450592E-1,-1.736481776669E-1,-9.632873407929E-1));
#3227=AXIS2_PLACEMENT_3D('',#3224,#3225,#3226);
#3228=PLANE('',#3227);
#3230=ORIENTED_EDGE('',*,*,#3229,.T.);
#3232=ORIENTED_EDGE('',*,*,#3231,.F.);
#3234=ORIENTED_EDGE('',*,*,#3233,.F.);
#3236=ORIENTED_EDGE('',*,*,#3235,.F.);
#3238=ORIENTED_EDGE('',*,*,#3237,.F.);
#3240=ORIENTED_EDGE('',*,*,#3239,.F.);
#3242=ORIENTED_EDGE('',*,*,#3241,.F.);
#3244=ORIENTED_EDGE('',*,*,#3243,.F.);
#3246=ORIENTED_EDGE('',*,*,#3245,.F.);
#3248=ORIENTED_EDGE('',*,*,#3247,.F.);
#3250=ORIENTED_EDGE('',*,*,#3249,.F.);
#3252=ORIENTED_EDGE('',*,*,#3251,.F.);
#3253=EDGE_LOOP('',(#3230,#3232,#3234,#3236,#3238,#3240,#3242,#3244,#3246,#3248,
#3250,#3252));
#3254=FACE_OUTER_BOUND('',#3253,.F.);
#3256=ORIENTED_EDGE('',*,*,#3255,.T.);
#3258=ORIENTED_EDGE('',*,*,#3257,.T.);
#3259=EDGE_LOOP('',(#3256,#3258));
#3260=FACE_BOUND('',#3259,.F.);
#3261=ORIENTED_EDGE('',*,*,#3206,.T.);
#3262=ORIENTED_EDGE('',*,*,#3217,.T.);
#3263=EDGE_LOOP('',(#3261,#3262));
#3264=FACE_BOUND('',#3263,.F.);
#3265=ADVANCED_FACE('',(#3254,#3260,#3264),#3228,.T.);
#3266=CARTESIAN_POINT('',(-2.335260670214E1,3.037723494568E1,
-6.176803317826E1));
#3267=DIRECTION('',(3.610348622615E-2,-9.848077530122E-1,1.698535483567E-1));
#3268=DIRECTION('',(0.E0,1.699643554921E-1,9.854502107474E-1));
#3269=AXIS2_PLACEMENT_3D('',#3266,#3267,#3268);
#3270=CYLINDRICAL_SURFACE('',#3269,1.65E0);
#3272=ORIENTED_EDGE('',*,*,#3271,.F.);
#3273=ORIENTED_EDGE('',*,*,#3127,.T.);
#3275=ORIENTED_EDGE('',*,*,#3274,.T.);
#3276=ORIENTED_EDGE('',*,*,#3255,.F.);
#3277=EDGE_LOOP('',(#3272,#3273,#3275,#3276));
#3278=FACE_OUTER_BOUND('',#3277,.F.);
#3279=ADVANCED_FACE('',(#3278),#3270,.F.);
#3280=CARTESIAN_POINT('',(-2.335260670214E1,3.037723494568E1,
-6.176803317826E1));
#3281=DIRECTION('',(3.610348622615E-2,-9.848077530122E-1,1.698535483567E-1));
#3282=DIRECTION('',(0.E0,1.699643554921E-1,9.854502107474E-1));
#3283=AXIS2_PLACEMENT_3D('',#3280,#3281,#3282);
#3284=CYLINDRICAL_SURFACE('',#3283,1.65E0);
#3285=ORIENTED_EDGE('',*,*,#3271,.T.);
#3286=ORIENTED_EDGE('',*,*,#3257,.F.);
#3287=ORIENTED_EDGE('',*,*,#3274,.F.);
#3288=ORIENTED_EDGE('',*,*,#3129,.T.);
#3289=EDGE_LOOP('',(#3285,#3286,#3287,#3288));
#3290=FACE_OUTER_BOUND('',#3289,.F.);
#3291=ADVANCED_FACE('',(#3290),#3284,.F.);
#3292=CARTESIAN_POINT('',(-1.314950094305E2,-2.71E1,-9.082750708727E0));
#3293=DIRECTION('',(9.781476007338E-1,0.E0,-2.079116908178E-1));
#3294=DIRECTION('',(-3.610348622615E-2,9.848077530122E-1,-1.698535483567E-1));
#3295=AXIS2_PLACEMENT_3D('',#3292,#3293,#3294);
#3296=CYLINDRICAL_SURFACE('',#3295,3.E1);
#3297=ORIENTED_EDGE('',*,*,#3229,.F.);
#3299=ORIENTED_EDGE('',*,*,#3298,.F.);
#3301=ORIENTED_EDGE('',*,*,#3300,.F.);
#3303=ORIENTED_EDGE('',*,*,#3302,.T.);
#3305=ORIENTED_EDGE('',*,*,#3304,.F.);
#3307=ORIENTED_EDGE('',*,*,#3306,.F.);
#3308=EDGE_LOOP('',(#3297,#3299,#3301,#3303,#3305,#3307));
#3309=FACE_OUTER_BOUND('',#3308,.F.);
#3310=ADVANCED_FACE('',(#3309),#3296,.F.);
#3311=CARTESIAN_POINT('',(-2.005250710757E1,2.625063444118E0,
-3.611793130820E1));
#3312=CARTESIAN_POINT('',(-2.021672895085E1,2.787189409260E0,
-3.610444448236E1));
#3313=CARTESIAN_POINT('',(-2.038095079413E1,2.949315374401E0,
-3.609095765651E1));
#3314=CARTESIAN_POINT('',(-2.054517263740E1,3.111441339542E0,
-3.607747083067E1));
#3315=CARTESIAN_POINT('',(-2.005861461500E1,2.621822442195E0,
-3.614688634961E1));
#3316=CARTESIAN_POINT('',(-2.022262604344E1,2.784031816193E0,
-3.613247725799E1));
#3317=CARTESIAN_POINT('',(-2.038663747187E1,2.946241190191E0,
-3.611806816636E1));
#3318=CARTESIAN_POINT('',(-2.055064890031E1,3.108450564189E0,
-3.610365907474E1));
#3319=CARTESIAN_POINT('',(-2.010464159047E1,2.596949635161E0,
-3.636538040125E1));
#3320=CARTESIAN_POINT('',(-2.026729770371E1,2.759795471340E0,
-3.634474622232E1));
#3321=CARTESIAN_POINT('',(-2.042995381695E1,2.922641307520E0,
-3.632411204339E1));
#3322=CARTESIAN_POINT('',(-2.059260993019E1,3.085487143699E0,
-3.630347786447E1));
#3323=CARTESIAN_POINT('',(-2.019766620404E1,2.544076752122E0,
-3.677924334662E1));
#3324=CARTESIAN_POINT('',(-2.035971329451E1,2.708487573340E0,
-3.675390410432E1));
#3325=CARTESIAN_POINT('',(-2.052176038497E1,2.872898394557E0,
-3.672856486203E1));
#3326=CARTESIAN_POINT('',(-2.068380747544E1,3.037309215774E0,
-3.670322561974E1));
#3327=CARTESIAN_POINT('',(-2.043274854271E1,2.464989525362E0,
-3.728996510685E1));
#3328=CARTESIAN_POINT('',(-2.057871712984E1,2.636361839109E0,
-3.722691408798E1));
#3329=CARTESIAN_POINT('',(-2.072468571698E1,2.807734152855E0,
-3.716386306910E1));
#3330=CARTESIAN_POINT('',(-2.087065430411E1,2.979106466602E0,
-3.710081205022E1));
#3331=CARTESIAN_POINT('',(-2.077907268642E1,2.390989624530E0,
-3.768661396424E1));
#3332=CARTESIAN_POINT('',(-2.089522117506E1,2.569175437678E0,
-3.759098341558E1));
#3333=CARTESIAN_POINT('',(-2.101136966370E1,2.747361250826E0,
-3.749535286692E1));
#3334=CARTESIAN_POINT('',(-2.112751815234E1,2.925547063974E0,
-3.739972231825E1));
#3335=CARTESIAN_POINT('',(-2.105685731602E1,2.350448150887E0,
-3.786706590412E1));
#3336=CARTESIAN_POINT('',(-2.114700021065E1,2.532388113762E0,
-3.775513174043E1));
#3337=CARTESIAN_POINT('',(-2.123714310528E1,2.714328076637E0,
-3.764319757675E1));
#3338=CARTESIAN_POINT('',(-2.132728599991E1,2.896268039512E0,
-3.753126341306E1));
#3339=CARTESIAN_POINT('',(-2.122884079291E1,2.330466144357E0,
-3.794583470837E1));
#3340=CARTESIAN_POINT('',(-2.130336778942E1,2.514137457622E0,
-3.782718920908E1));
#3341=CARTESIAN_POINT('',(-2.137789478592E1,2.697808770887E0,
-3.770854370979E1));
#3342=CARTESIAN_POINT('',(-2.145242178242E1,2.881480084152E0,
-3.758989821050E1));
#3343=CARTESIAN_POINT('',(-2.126028405329E1,2.326950642907E0,
-3.795938435068E1));
#3344=CARTESIAN_POINT('',(-2.133197737209E1,2.510921532350E0,
-3.783960845677E1));
#3345=CARTESIAN_POINT('',(-2.140367069089E1,2.694892421792E0,
-3.771983256286E1));
#3346=CARTESIAN_POINT('',(-2.147536400969E1,2.878863311234E0,
-3.760005666895E1));
#3347=B_SPLINE_SURFACE_WITH_KNOTS('',3,3,((#3311,#3312,#3313,#3314),(#3315,
#3316,#3317,#3318),(#3319,#3320,#3321,#3322),(#3323,#3324,#3325,#3326),(#3327,
#3328,#3329,#3330),(#3331,#3332,#3333,#3334),(#3335,#3336,#3337,#3338),(#3339,
#3340,#3341,#3342),(#3343,#3344,#3345,#3346)),.UNSPECIFIED.,.F.,.F.,.F.,(4,1,1,
1,1,1,4),(4,4),(-3.835032917175E-2,0.E0,2.5E-1,5.E-1,7.5E-1,1.E0,
1.054403047416E0),(-3.170951183785E-1,1.317095118378E0),.UNSPECIFIED.);
#3348=ORIENTED_EDGE('',*,*,#3298,.T.);
#3350=ORIENTED_EDGE('',*,*,#3349,.T.);
#3352=ORIENTED_EDGE('',*,*,#3351,.F.);
#3354=ORIENTED_EDGE('',*,*,#3353,.F.);
#3355=EDGE_LOOP('',(#3348,#3350,#3352,#3354));
#3356=FACE_OUTER_BOUND('',#3355,.F.);
#3357=ADVANCED_FACE('',(#3356),#3347,.F.);
#3358=CARTESIAN_POINT('',(-2.108241759415E1,2.348601036813E0,
-3.787190691969E1));
#3359=CARTESIAN_POINT('',(-2.117003048403E1,2.530674716568E0,
-3.775974159425E1));
#3360=CARTESIAN_POINT('',(-2.125764337391E1,2.712748396322E0,
-3.764757626881E1));
#3361=CARTESIAN_POINT('',(-2.134525626379E1,2.894822076076E0,
-3.753541094337E1));
#3362=CARTESIAN_POINT('',(-2.111087171766E1,2.344820359180E0,
-3.788777910850E1));
#3363=CARTESIAN_POINT('',(-2.119601639487E1,2.527226212304E0,
-3.777421248276E1));
#3364=CARTESIAN_POINT('',(-2.128116107208E1,2.709632065428E0,
-3.766064585702E1));
#3365=CARTESIAN_POINT('',(-2.136630574930E1,2.892037918553E0,
-3.754707923128E1));
#3366=CARTESIAN_POINT('',(-2.125683822122E1,2.326180035704E0,
-3.796482922346E1));
#3367=CARTESIAN_POINT('',(-2.132907507615E1,2.510241222513E0,
-3.784440864574E1));
#3368=CARTESIAN_POINT('',(-2.140131193109E1,2.694302409323E0,
-3.772398806803E1));
#3369=CARTESIAN_POINT('',(-2.147354878603E1,2.878363596133E0,
-3.760356749031E1));
#3370=CARTESIAN_POINT('',(-2.152789397296E1,2.298910273381E0,
-3.806532412583E1));
#3371=CARTESIAN_POINT('',(-2.157484356184E1,2.485492189948E0,
-3.793566337761E1));
#3372=CARTESIAN_POINT('',(-2.162179315072E1,2.672074106515E0,
-3.780600262939E1));
#3373=CARTESIAN_POINT('',(-2.166874273960E1,2.858656023083E0,
-3.767634188118E1));
#3374=CARTESIAN_POINT('',(-2.196427368237E1,2.272152341499E0,
-3.812771075270E1));
#3375=CARTESIAN_POINT('',(-2.197654111588E1,2.460834395790E0,
-3.799324536424E1));
#3376=CARTESIAN_POINT('',(-2.198880854939E1,2.649516450081E0,
-3.785877997577E1));
#3377=CARTESIAN_POINT('',(-2.200107598289E1,2.838198504373E0,
-3.772431458731E1));
#3378=CARTESIAN_POINT('',(-2.243539186268E1,2.260045469493E0,
-3.809776691362E1));
#3379=CARTESIAN_POINT('',(-2.241584619793E1,2.449396965253E0,
-3.796618219861E1));
#3380=CARTESIAN_POINT('',(-2.239630053317E1,2.638748461012E0,
-3.783459748360E1));
#3381=CARTESIAN_POINT('',(-2.237675486842E1,2.828099956772E0,
-3.770301276858E1));
#3382=CARTESIAN_POINT('',(-2.277473749159E1,2.259723433898E0,
-3.802750392999E1));
#3383=CARTESIAN_POINT('',(-2.275090109365E1,2.449033743649E0,
-3.789707003419E1));
#3384=CARTESIAN_POINT('',(-2.272706469572E1,2.638344053400E0,
-3.776663613839E1));
#3385=CARTESIAN_POINT('',(-2.270322829778E1,2.827654363151E0,
-3.763620224259E1));
#3386=CARTESIAN_POINT('',(-2.295732551625E1,2.259755098215E0,
-3.798851005814E1));
#3387=CARTESIAN_POINT('',(-2.292821344945E1,2.449069457602E0,
-3.785917406066E1));
#3388=CARTESIAN_POINT('',(-2.289910138264E1,2.638383816989E0,
-3.772983806318E1));
#3389=CARTESIAN_POINT('',(-2.286998931583E1,2.827698176376E0,
-3.760050206570E1));
#3390=CARTESIAN_POINT('',(-2.298535089524E1,2.259754080298E0,
-3.798255898180E1));
#3391=CARTESIAN_POINT('',(-2.295532004805E1,2.449070521153E0,
-3.785340620881E1));
#3392=CARTESIAN_POINT('',(-2.292528920085E1,2.638386962008E0,
-3.772425343582E1));
#3393=CARTESIAN_POINT('',(-2.289525835366E1,2.827703402862E0,
-3.759510066283E1));
#3394=B_SPLINE_SURFACE_WITH_KNOTS('',3,3,((#3358,#3359,#3360,#3361),(#3362,
#3363,#3364,#3365),(#3366,#3367,#3368,#3369),(#3370,#3371,#3372,#3373),(#3374,
#3375,#3376,#3377),(#3378,#3379,#3380,#3381),(#3382,#3383,#3384,#3385),(#3386,
#3387,#3388,#3389),(#3390,#3391,#3392,#3393)),.UNSPECIFIED.,.F.,.F.,.F.,(4,1,1,
1,1,1,4),(4,4),(-6.059804854514E-2,0.E0,2.5E-1,5.E-1,7.5E-1,1.E0,
1.045385846652E0),(-3.170951183786E-1,1.317095118379E0),.UNSPECIFIED.);
#3395=ORIENTED_EDGE('',*,*,#3251,.T.);
#3397=ORIENTED_EDGE('',*,*,#3396,.T.);
#3399=ORIENTED_EDGE('',*,*,#3398,.F.);
#3400=ORIENTED_EDGE('',*,*,#3349,.F.);
#3401=EDGE_LOOP('',(#3395,#3397,#3399,#3400));
#3402=FACE_OUTER_BOUND('',#3401,.F.);
#3403=ADVANCED_FACE('',(#3402),#3394,.F.);
#3404=CARTESIAN_POINT('',(-2.334892099220E1,2.543720838757E0,
-3.770202155257E1));
#3405=DIRECTION('',(1.703112865649E-1,-5.735764363511E-1,8.012516067575E-1));
#3406=DIRECTION('',(1.192532466950E-1,8.191520442890E-1,5.610424150542E-1));
#3407=AXIS2_PLACEMENT_3D('',#3404,#3405,#3406);
#3408=PLANE('',#3407);
#3409=ORIENTED_EDGE('',*,*,#3249,.T.);
#3411=ORIENTED_EDGE('',*,*,#3410,.T.);
#3413=ORIENTED_EDGE('',*,*,#3412,.F.);
#3414=ORIENTED_EDGE('',*,*,#3396,.F.);
#3415=EDGE_LOOP('',(#3409,#3411,#3413,#3414));
#3416=FACE_OUTER_BOUND('',#3415,.F.);
#3417=ADVANCED_FACE('',(#3416),#3408,.T.);
#3418=CARTESIAN_POINT('',(-2.381684907950E1,2.259744280864E0,
-3.780587540366E1));
#3419=CARTESIAN_POINT('',(-2.378792459410E1,2.449058902564E0,
-3.767649801364E1));
#3420=CARTESIAN_POINT('',(-2.375900010870E1,2.638373524263E0,
-3.754712062362E1));
#3421=CARTESIAN_POINT('',(-2.373007562329E1,2.827688145963E0,
-3.741774323360E1));
#3422=CARTESIAN_POINT('',(-2.383754761163E1,2.259747530649E0,
-3.780145695265E1));
#3423=CARTESIAN_POINT('',(-2.380910535696E1,2.449061509516E0,
-3.767198078845E1));
#3424=CARTESIAN_POINT('',(-2.378066310228E1,2.638375488383E0,
-3.754250462426E1));
#3425=CARTESIAN_POINT('',(-2.375222084761E1,2.827689467250E0,
-3.741302846006E1));
#3426=CARTESIAN_POINT('',(-2.407359579338E1,2.259778141672E0,
-3.775110588060E1));
#3427=CARTESIAN_POINT('',(-2.405027789461E1,2.449089382636E0,
-3.762055637524E1));
#3428=CARTESIAN_POINT('',(-2.402695999584E1,2.638400623600E0,
-3.749000686988E1));
#3429=CARTESIAN_POINT('',(-2.400364209707E1,2.827711864565E0,
-3.735945736452E1));
#3430=CARTESIAN_POINT('',(-2.455207582395E1,2.259173779836E0,
-3.765290588929E1));
#3431=CARTESIAN_POINT('',(-2.453289878791E1,2.448539075965E0,
-3.752116280554E1));
#3432=CARTESIAN_POINT('',(-2.451372175188E1,2.637904372095E0,
-3.738941972178E1));
#3433=CARTESIAN_POINT('',(-2.449454471584E1,2.827269668224E0,
-3.725767663802E1));
#3434=CARTESIAN_POINT('',(-2.511598770449E1,2.242337694282E0,
-3.763065803363E1));
#3435=CARTESIAN_POINT('',(-2.513287663716E1,2.430881368029E0,
-3.749601264305E1));
#3436=CARTESIAN_POINT('',(-2.514976556983E1,2.619425041777E0,
-3.736136725247E1));
#3437=CARTESIAN_POINT('',(-2.516665450250E1,2.807968715524E0,
-3.722672186188E1));
#3438=CARTESIAN_POINT('',(-2.559994566461E1,2.208861133356E0,
-3.772188607889E1));
#3439=CARTESIAN_POINT('',(-2.565706770531E1,2.394668826037E0,
-3.759455204516E1));
#3440=CARTESIAN_POINT('',(-2.571418974602E1,2.580476518717E0,
-3.746721801143E1));
#3441=CARTESIAN_POINT('',(-2.577131178672E1,2.766284211398E0,
-3.733988397771E1));
#3442=CARTESIAN_POINT('',(-2.599464719006E1,2.162097730328E0,
-3.790912303143E1));
#3443=CARTESIAN_POINT('',(-2.609113833578E1,2.343322236267E0,
-3.779999406863E1));
#3444=CARTESIAN_POINT('',(-2.618762948150E1,2.524546742207E0,
-3.769086510583E1));
#3445=CARTESIAN_POINT('',(-2.628412062722E1,2.705771248146E0,
-3.758173614303E1));
#3446=CARTESIAN_POINT('',(-2.632904690819E1,2.101646442909E0,
-3.818853963103E1));
#3447=CARTESIAN_POINT('',(-2.645843553523E1,2.276827621897E0,
-3.810745719135E1));
#3448=CARTESIAN_POINT('',(-2.658782416226E1,2.452008800886E0,
-3.802637475168E1));
#3449=CARTESIAN_POINT('',(-2.671721278930E1,2.627189979874E0,
-3.794529231201E1));
#3450=CARTESIAN_POINT('',(-2.661070994671E1,2.022371620199E0,
-3.858830426973E1));
#3451=CARTESIAN_POINT('',(-2.676319910112E1,2.190964198578E0,
-3.854051224668E1));
#3452=CARTESIAN_POINT('',(-2.691568825553E1,2.359556776957E0,
-3.849272022363E1));
#3453=CARTESIAN_POINT('',(-2.706817740994E1,2.528149355336E0,
-3.844492820058E1));
#3454=CARTESIAN_POINT('',(-2.681817812090E1,1.925668636385E0,
-3.910488767161E1));
#3455=CARTESIAN_POINT('',(-2.698248301535E1,2.088072108365E0,
-3.909046846068E1));
#3456=CARTESIAN_POINT('',(-2.714678790981E1,2.250475580345E0,
-3.907604924976E1));
#3457=CARTESIAN_POINT('',(-2.731109280426E1,2.412879052325E0,
-3.906163003883E1));
#3458=CARTESIAN_POINT('',(-2.692041871414E1,1.841654754436E0,
-3.957026670678E1));
#3459=CARTESIAN_POINT('',(-2.708527743662E1,2.003333376876E0,
-3.955993244039E1));
#3460=CARTESIAN_POINT('',(-2.725013615909E1,2.165011999316E0,
-3.954959817400E1));
#3461=CARTESIAN_POINT('',(-2.741499488157E1,2.326690621756E0,
-3.953926390761E1));
#3462=CARTESIAN_POINT('',(-2.696933655854E1,1.800031286685E0,
-3.980120099932E1));
#3463=CARTESIAN_POINT('',(-2.713526832706E1,1.960812838584E0,
-3.979583984847E1));
#3464=CARTESIAN_POINT('',(-2.730120009559E1,2.121594390483E0,
-3.979047869762E1));
#3465=CARTESIAN_POINT('',(-2.746713186412E1,2.282375942382E0,
-3.978511754677E1));
#3466=CARTESIAN_POINT('',(-2.697363710982E1,1.796370140387E0,
-3.982151414791E1));
#3467=CARTESIAN_POINT('',(-2.713967228884E1,1.957067039010E0,
-3.981662183462E1));
#3468=CARTESIAN_POINT('',(-2.730570746786E1,2.117763937633E0,
-3.981172952133E1));
#3469=CARTESIAN_POINT('',(-2.747174264689E1,2.278460836256E0,
-3.980683720803E1));
#3470=B_SPLINE_SURFACE_WITH_KNOTS('',3,3,((#3418,#3419,#3420,#3421),(#3422,
#3423,#3424,#3425),(#3426,#3427,#3428,#3429),(#3430,#3431,#3432,#3433),(#3434,
#3435,#3436,#3437),(#3438,#3439,#3440,#3441),(#3442,#3443,#3444,#3445),(#3446,
#3447,#3448,#3449),(#3450,#3451,#3452,#3453),(#3454,#3455,#3456,#3457),(#3458,
#3459,#3460,#3461),(#3462,#3463,#3464,#3465),(#3466,#3467,#3468,#3469)),
.UNSPECIFIED.,.F.,.F.,.F.,(4,1,1,1,1,1,1,1,1,1,4),(4,4),(-1.210361036621E-2,
0.E0,1.25E-1,2.5E-1,3.75E-1,5.E-1,6.25E-1,7.5E-1,8.75E-1,1.E0,1.012140488591E0),
(-3.170951183786E-1,1.317095118379E0),.UNSPECIFIED.);
#3471=ORIENTED_EDGE('',*,*,#3247,.T.);
#3473=ORIENTED_EDGE('',*,*,#3472,.T.);
#3475=ORIENTED_EDGE('',*,*,#3474,.F.);
#3476=ORIENTED_EDGE('',*,*,#3410,.F.);
#3477=EDGE_LOOP('',(#3471,#3473,#3475,#3476));
#3478=FACE_OUTER_BOUND('',#3477,.F.);
#3479=ADVANCED_FACE('',(#3478),#3470,.F.);
#3480=CARTESIAN_POINT('',(-3.038293383149E1,-6.427232214308E-1,
-5.468184009188E1));
#3481=DIRECTION('',(-6.661257815452E-1,-6.963642403200E-1,2.671203623168E-1));
#3482=DIRECTION('',(-7.171838214152E-1,6.963642403200E-1,2.691117061358E-2));
#3483=AXIS2_PLACEMENT_3D('',#3480,#3481,#3482);
#3484=PLANE('',#3483);
#3485=ORIENTED_EDGE('',*,*,#3245,.T.);
#3487=ORIENTED_EDGE('',*,*,#3486,.T.);
#3489=ORIENTED_EDGE('',*,*,#3488,.F.);
#3490=ORIENTED_EDGE('',*,*,#3472,.F.);
#3491=EDGE_LOOP('',(#3485,#3487,#3489,#3490));
#3492=FACE_OUTER_BOUND('',#3491,.F.);
#3493=ADVANCED_FACE('',(#3492),#3484,.T.);
#3494=CARTESIAN_POINT('',(-3.329486900893E1,-3.564580128615E0,
-6.956058600419E1));
#3495=CARTESIAN_POINT('',(-3.346033662241E1,-3.403401855448E0,
-6.955302332992E1));
#3496=CARTESIAN_POINT('',(-3.362580423589E1,-3.242223582281E0,
-6.954546065564E1));
#3497=CARTESIAN_POINT('',(-3.379127184937E1,-3.081045309114E0,
-6.953789798137E1));
#3498=CARTESIAN_POINT('',(-3.329922088573E1,-3.568255369228E0,
-6.958096996177E1));
#3499=CARTESIAN_POINT('',(-3.346478566360E1,-3.407162570754E0,
-6.957388221527E1));
#3500=CARTESIAN_POINT('',(-3.363035044146E1,-3.246069772279E0,
-6.956679446877E1));
#3501=CARTESIAN_POINT('',(-3.379591521933E1,-3.084976973805E0,
-6.955970672227E1));
#3502=CARTESIAN_POINT('',(-3.334881221125E1,-3.610166839717E0,
-6.981343093608E1));
#3503=CARTESIAN_POINT('',(-3.351543355877E1,-3.449983182634E0,
-6.981138979385E1));
#3504=CARTESIAN_POINT('',(-3.368205490629E1,-3.289799525551E0,
-6.980934865162E1));
#3505=CARTESIAN_POINT('',(-3.384867625381E1,-3.129615868468E0,
-6.980730750939E1));
#3506=CARTESIAN_POINT('',(-3.344541767103E1,-3.694983732761E0,
-7.028466359942E1));
#3507=CARTESIAN_POINT('',(-3.361322364527E1,-3.535546508248E0,
-7.028669845933E1));
#3508=CARTESIAN_POINT('',(-3.378102961952E1,-3.376109283734E0,
-7.028873331924E1));
#3509=CARTESIAN_POINT('',(-3.394883559376E1,-3.216672059221E0,
-7.029076817915E1));
#3510=CARTESIAN_POINT('',(-3.346446786291E1,-3.791569391782E0,
-7.084061623278E1));
#3511=CARTESIAN_POINT('',(-3.363499249593E1,-3.638362883423E0,
-7.087819880172E1));
#3512=CARTESIAN_POINT('',(-3.380551712896E1,-3.485156375064E0,
-7.091578137067E1));
#3513=CARTESIAN_POINT('',(-3.397604176199E1,-3.331949866704E0,
-7.095336393961E1));
#3514=CARTESIAN_POINT('',(-3.336893966398E1,-3.870477718088E0,
-7.131843040458E1));
#3515=CARTESIAN_POINT('',(-3.35317993E1,-3.723840980418E0,-7.139573362871E1));
#3516=CARTESIAN_POINT('',(-3.369465893602E1,-3.577204242749E0,
-7.147303685283E1));
#3517=CARTESIAN_POINT('',(-3.385751857205E1,-3.430567505079E0,
-7.155034007695E1));
#3518=CARTESIAN_POINT('',(-3.317660433153E1,-3.930759265991E0,
-7.170882384885E1));
#3519=CARTESIAN_POINT('',(-3.332075700203E1,-3.790152243976E0,
-7.182506354184E1));
#3520=CARTESIAN_POINT('',(-3.346490967253E1,-3.649545221961E0,
-7.194130323483E1));
#3521=CARTESIAN_POINT('',(-3.360906234302E1,-3.508938199946E0,
-7.205754292782E1));
#3522=CARTESIAN_POINT('',(-3.289116483226E1,-3.977470331330E0,
-7.204032578610E1));
#3523=CARTESIAN_POINT('',(-3.300667058881E1,-3.841438485987E0,
-7.218918135891E1));
#3524=CARTESIAN_POINT('',(-3.312217634536E1,-3.705406640645E0,
-7.233803693173E1));
#3525=CARTESIAN_POINT('',(-3.323768210191E1,-3.569374795302E0,
-7.248689250454E1));
#3526=CARTESIAN_POINT('',(-3.248400840674E1,-4.010878900736E0,
-7.232057182764E1));
#3527=CARTESIAN_POINT('',(-3.256561040571E1,-3.877568861839E0,
-7.249241485036E1));
#3528=CARTESIAN_POINT('',(-3.264721240468E1,-3.744258822942E0,
-7.266425787308E1));
#3529=CARTESIAN_POINT('',(-3.272881440365E1,-3.610948784045E0,
-7.283610089581E1));
#3530=CARTESIAN_POINT('',(-3.195884772256E1,-4.027467644559E0,
-7.252837940893E1));
#3531=CARTESIAN_POINT('',(-3.200653267573E1,-3.894959676172E0,
-7.271208211237E1));
#3532=CARTESIAN_POINT('',(-3.205421762889E1,-3.762451707784E0,
-7.289578481581E1));
#3533=CARTESIAN_POINT('',(-3.210190258206E1,-3.629943739397E0,
-7.307948751925E1));
#3534=CARTESIAN_POINT('',(-3.148626878468E1,-4.028031766520E0,
-7.263209993185E1));
#3535=CARTESIAN_POINT('',(-3.152980773453E1,-3.895470387049E0,
-7.281637421902E1));
#3536=CARTESIAN_POINT('',(-3.157334668437E1,-3.762909007579E0,
-7.300064850619E1));
#3537=CARTESIAN_POINT('',(-3.161688563422E1,-3.630347628108E0,
-7.318492279336E1));
#3538=CARTESIAN_POINT('',(-3.125177300925E1,-4.028003102919E0,
-7.268177735657E1));
#3539=CARTESIAN_POINT('',(-3.129026202575E1,-3.895444437319E0,
-7.286714077518E1));
#3540=CARTESIAN_POINT('',(-3.132875104224E1,-3.762885771719E0,
-7.305250419379E1));
#3541=CARTESIAN_POINT('',(-3.136724005873E1,-3.630327106119E0,
-7.323786761241E1));
#3542=CARTESIAN_POINT('',(-3.123114660435E1,-4.028000191334E0,
-7.268614475296E1));
#3543=CARTESIAN_POINT('',(-3.126915952732E1,-3.895442163703E0,
-7.287161306731E1));
#3544=CARTESIAN_POINT('',(-3.130717245029E1,-3.762884136073E0,
-7.305708138166E1));
#3545=CARTESIAN_POINT('',(-3.134518537326E1,-3.630326108442E0,
-7.324254969601E1));
#3546=B_SPLINE_SURFACE_WITH_KNOTS('',3,3,((#3494,#3495,#3496,#3497),(#3498,
#3499,#3500,#3501),(#3502,#3503,#3504,#3505),(#3506,#3507,#3508,#3509),(#3510,
#3511,#3512,#3513),(#3514,#3515,#3516,#3517),(#3518,#3519,#3520,#3521),(#3522,
#3523,#3524,#3525),(#3526,#3527,#3528,#3529),(#3530,#3531,#3532,#3533),(#3534,
#3535,#3536,#3537),(#3538,#3539,#3540,#3541),(#3542,#3543,#3544,#3545)),
.UNSPECIFIED.,.F.,.F.,.F.,(4,1,1,1,1,1,1,1,1,1,4),(4,4),(-1.210361036621E-2,
0.E0,1.25E-1,2.5E-1,3.75E-1,5.E-1,6.25E-1,7.5E-1,8.75E-1,1.E0,1.012140488591E0),
(-3.170951183786E-1,1.317095118379E0),.UNSPECIFIED.);
#3547=ORIENTED_EDGE('',*,*,#3243,.T.);
#3549=ORIENTED_EDGE('',*,*,#3548,.T.);
#3551=ORIENTED_EDGE('',*,*,#3550,.F.);
#3552=ORIENTED_EDGE('',*,*,#3486,.F.);
#3553=EDGE_LOOP('',(#3547,#3549,#3551,#3552));
#3554=FACE_OUTER_BOUND('',#3553,.F.);
#3555=ADVANCED_FACE('',(#3554),#3546,.F.);
#3556=CARTESIAN_POINT('',(-1.619114373486E1,-3.829167281619E0,
-7.617334232194E1));
#3557=DIRECTION('',(-1.192532466950E-1,-8.191520442890E-1,-5.610424150542E-1));
#3558=DIRECTION('',(-1.703112865649E-1,5.735764363511E-1,-8.012516067575E-1));
#3559=AXIS2_PLACEMENT_3D('',#3556,#3557,#3558);
#3560=PLANE('',#3559);
#3561=ORIENTED_EDGE('',*,*,#3241,.T.);
#3563=ORIENTED_EDGE('',*,*,#3562,.T.);
#3565=ORIENTED_EDGE('',*,*,#3564,.F.);
#3566=ORIENTED_EDGE('',*,*,#3548,.F.);
#3567=EDGE_LOOP('',(#3561,#3563,#3565,#3566));
#3568=FACE_OUTER_BOUND('',#3567,.F.);
#3569=ADVANCED_FACE('',(#3568),#3560,.T.);
#3570=CARTESIAN_POINT('',(-1.033301647142E0,-4.027999688242E0,
-7.910489192999E1));
#3571=CARTESIAN_POINT('',(-1.074026125485E0,-3.895441666931E0,
-7.928978392209E1));
#3572=CARTESIAN_POINT('',(-1.114750603829E0,-3.762883645619E0,
-7.947467591419E1));
#3573=CARTESIAN_POINT('',(-1.155475082172E0,-3.630325624308E0,
-7.965956790630E1));
#3574=CARTESIAN_POINT('',(-1.012603115015E0,-4.028002938027E0,
-7.910931038100E1));
#3575=CARTESIAN_POINT('',(-1.052845362628E0,-3.895444273883E0,
-7.929430114728E1));
#3576=CARTESIAN_POINT('',(-1.093087610241E0,-3.762885609739E0,
-7.947929191355E1));
#3577=CARTESIAN_POINT('',(-1.133329857855E0,-3.630326945595E0,
-7.966428267983E1));
#3578=CARTESIAN_POINT('',(-7.765549332656E-1,-4.028033549050E0,
-7.915966145305E1));
#3579=CARTESIAN_POINT('',(-8.116728249751E-1,-3.895472147003E0,
-7.934572556049E1));
#3580=CARTESIAN_POINT('',(-8.467907166845E-1,-3.762910744956E0,
-7.953178966793E1));
#3581=CARTESIAN_POINT('',(-8.819086083940E-1,-3.630349342910E0,
-7.971785377537E1));
#3582=CARTESIAN_POINT('',(-2.980749026954E-1,-4.027429187214E0,
-7.925786144436E1));
#3583=CARTESIAN_POINT('',(-3.290519316718E-1,-3.894921840333E0,
-7.944511913019E1));
#3584=CARTESIAN_POINT('',(-3.600289606481E-1,-3.762414493451E0,
-7.963237681603E1));
#3585=CARTESIAN_POINT('',(-3.910059896245E-1,-3.629907146569E0,
-7.981963450187E1));
#3586=CARTESIAN_POINT('',(2.658369778484E-1,-4.010593101660E0,
-7.928010930002E1));
#3587=CARTESIAN_POINT('',(2.709259175777E-1,-3.877264132397E0,
-7.947026929268E1));
#3588=CARTESIAN_POINT('',(2.760148573070E-1,-3.743935163133E0,
-7.966042928534E1));
#3589=CARTESIAN_POINT('',(2.811037970362E-1,-3.610606193869E0,
-7.985058927801E1));
#3590=CARTESIAN_POINT('',(7.497949379621E-1,-3.977116540734E0,
-7.918888125476E1));
#3591=CARTESIAN_POINT('',(7.951169857272E-1,-3.841051590404E0,
-7.937172989057E1));
#3592=CARTESIAN_POINT('',(8.404390334923E-1,-3.704986640073E0,
-7.955457852638E1));
#3593=CARTESIAN_POINT('',(8.857610812574E-1,-3.568921689743E0,
-7.973742716219E1));
#3594=CARTESIAN_POINT('',(1.144496463415E0,-3.930353137706E0,
-7.900164430222E1));
#3595=CARTESIAN_POINT('',(1.229187616193E0,-3.789705000634E0,
-7.916628786710E1));
#3596=CARTESIAN_POINT('',(1.313878768972E0,-3.649056863563E0,
-7.933093143198E1));
#3597=CARTESIAN_POINT('',(1.398569921750E0,-3.508408726491E0,
-7.949557499686E1));
#3598=CARTESIAN_POINT('',(1.478896181548E0,-3.869901850287E0,
-7.872222770262E1));
#3599=CARTESIAN_POINT('',(1.596484815643E0,-3.723210386265E0,
-7.885882474438E1));
#3600=CARTESIAN_POINT('',(1.714073449738E0,-3.576518922242E0,
-7.899542178613E1));
#3601=CARTESIAN_POINT('',(1.831662083834E0,-3.429827458219E0,
-7.913201882788E1));
#3602=CARTESIAN_POINT('',(1.760559220067E0,-3.790627027577E0,
-7.832246306391E1));
#3603=CARTESIAN_POINT('',(1.901248381537E0,-3.637346962945E0,
-7.842576968905E1));
#3604=CARTESIAN_POINT('',(2.041937543007E0,-3.484066898313E0,
-7.852907631418E1));
#3605=CARTESIAN_POINT('',(2.182626704476E0,-3.330786833681E0,
-7.863238293931E1));
#3606=CARTESIAN_POINT('',(1.968027394255E0,-3.693924043763E0,
-7.780587966204E1));
#3607=CARTESIAN_POINT('',(2.120532295767E0,-3.534454872732E0,
-7.787581347505E1));
#3608=CARTESIAN_POINT('',(2.273037197279E0,-3.374985701701E0,
-7.794574728806E1));
#3609=CARTESIAN_POINT('',(2.425542098791E0,-3.215516530671E0,
-7.801568110106E1));
#3610=CARTESIAN_POINT('',(2.070267987493E0,-3.609910161814E0,
-7.734050062687E1));
#3611=CARTESIAN_POINT('',(2.223326717031E0,-3.449716141243E0,
-7.740634949534E1));
#3612=CARTESIAN_POINT('',(2.376385446568E0,-3.289522120672E0,
-7.747219836381E1));
#3613=CARTESIAN_POINT('',(2.529444176106E0,-3.129328100101E0,
-7.753804723228E1));
#3614=CARTESIAN_POINT('',(2.119185831893E0,-3.568286694064E0,
-7.710956633433E1));
#3615=CARTESIAN_POINT('',(2.273317607479E0,-3.407195602952E0,
-7.717044208726E1));
#3616=CARTESIAN_POINT('',(2.427449383065E0,-3.246104511840E0,
-7.723131784019E1));
#3617=CARTESIAN_POINT('',(2.581581158651E0,-3.085013420727E0,
-7.729219359312E1));
#3618=CARTESIAN_POINT('',(2.123486383174E0,-3.564625547765E0,
-7.708925318574E1));
#3619=CARTESIAN_POINT('',(2.277721569256E0,-3.403449803377E0,
-7.714966010111E1));
#3620=CARTESIAN_POINT('',(2.431956755339E0,-3.242274058989E0,
-7.721006701649E1));
#3621=CARTESIAN_POINT('',(2.586191941421E0,-3.081098314602E0,
-7.727047393186E1));
#3622=B_SPLINE_SURFACE_WITH_KNOTS('',3,3,((#3570,#3571,#3572,#3573),(#3574,
#3575,#3576,#3577),(#3578,#3579,#3580,#3581),(#3582,#3583,#3584,#3585),(#3586,
#3587,#3588,#3589),(#3590,#3591,#3592,#3593),(#3594,#3595,#3596,#3597),(#3598,
#3599,#3600,#3601),(#3602,#3603,#3604,#3605),(#3606,#3607,#3608,#3609),(#3610,
#3611,#3612,#3613),(#3614,#3615,#3616,#3617),(#3618,#3619,#3620,#3621)),
.UNSPECIFIED.,.F.,.F.,.F.,(4,1,1,1,1,1,1,1,1,1,4),(4,4),(-1.210361036621E-2,
0.E0,1.25E-1,2.5E-1,3.75E-1,5.E-1,6.25E-1,7.5E-1,8.75E-1,1.E0,1.012140488591E0),
(-3.170951183786E-1,1.317095118379E0),.UNSPECIFIED.);
#3623=ORIENTED_EDGE('',*,*,#3239,.T.);
#3625=ORIENTED_EDGE('',*,*,#3624,.T.);
#3627=ORIENTED_EDGE('',*,*,#3626,.F.);
#3628=ORIENTED_EDGE('',*,*,#3562,.F.);
#3629=EDGE_LOOP('',(#3623,#3625,#3627,#3628));
#3630=FACE_OUTER_BOUND('',#3629,.F.);
#3631=ADVANCED_FACE('',(#3630),#3622,.F.);
#3632=CARTESIAN_POINT('',(5.515083115438E0,-6.427232214308E-1,
-6.231219914489E1));
#3633=DIRECTION('',(7.171838214152E-1,-6.963642403200E-1,-2.691117061358E-2));
#3634=DIRECTION('',(6.661257815452E-1,6.963642403200E-1,-2.671203623168E-1));
#3635=AXIS2_PLACEMENT_3D('',#3632,#3633,#3634);
#3636=PLANE('',#3635);
#3637=ORIENTED_EDGE('',*,*,#3237,.T.);
#3639=ORIENTED_EDGE('',*,*,#3638,.T.);
#3641=ORIENTED_EDGE('',*,*,#3640,.F.);
#3642=ORIENTED_EDGE('',*,*,#3624,.F.);
#3643=EDGE_LOOP('',(#3637,#3639,#3641,#3642));
#3644=FACE_OUTER_BOUND('',#3643,.F.);
#3645=ADVANCED_FACE('',(#3644),#3636,.T.);
#3646=CARTESIAN_POINT('',(8.444718282285E0,1.796324721237E0,-4.735018132946E1));
#3647=CARTESIAN_POINT('',(8.598385902825E0,1.957019091081E0,-4.741325860581E1));
#3648=CARTESIAN_POINT('',(8.752053523364E0,2.117713460925E0,-4.747633588217E1));
#3649=CARTESIAN_POINT('',(8.905721143903E0,2.278407830769E0,-4.753941315852E1));
#3650=CARTESIAN_POINT('',(8.449070159087E0,1.799999961849E0,-4.732979737187E1));
#3651=CARTESIAN_POINT('',(8.602834944011E0,1.960779806386E0,-4.739239972046E1));
#3652=CARTESIAN_POINT('',(8.756599728936E0,2.121559650923E0,-4.745500206904E1));
#3653=CARTESIAN_POINT('',(8.910364513860E0,2.282339495460E0,-4.751760441762E1));
#3654=CARTESIAN_POINT('',(8.498661484604E0,1.841911432339E0,-4.709733639757E1));
#3655=CARTESIAN_POINT('',(8.653482839184E0,2.003600418267E0,-4.715489214188E1));
#3656=CARTESIAN_POINT('',(8.808304193765E0,2.165289404195E0,-4.721244788619E1));
#3657=CARTESIAN_POINT('',(8.963125548345E0,2.326978390123E0,-4.727000363050E1));
#3658=CARTESIAN_POINT('',(8.595266944387E0,1.926728325383E0,-4.662610373423E1));
#3659=CARTESIAN_POINT('',(8.751272925689E0,2.089163743880E0,-4.667958347640E1));
#3660=CARTESIAN_POINT('',(8.907278906991E0,2.251599162378E0,-4.673306321857E1));
#3661=CARTESIAN_POINT('',(9.063284888293E0,2.414034580876E0,-4.678654296074E1));
#3662=CARTESIAN_POINT('',(8.614317136261E0,2.023313984404E0,-4.607015110087E1));
#3663=CARTESIAN_POINT('',(8.773041776349E0,2.191980119056E0,-4.608808313401E1));
#3664=CARTESIAN_POINT('',(8.931766416436E0,2.360646253708E0,-4.610601516714E1));
#3665=CARTESIAN_POINT('',(9.090491056524E0,2.529312388359E0,-4.612394720028E1));
#3666=CARTESIAN_POINT('',(8.518788937336E0,2.102222310709E0,-4.559233692907E1));
#3667=CARTESIAN_POINT('',(8.669848580417E0,2.277458216051E0,-4.557054830702E1));
#3668=CARTESIAN_POINT('',(8.820908223498E0,2.452694121393E0,-4.554875968498E1));
#3669=CARTESIAN_POINT('',(8.971967866579E0,2.627930026734E0,-4.552697106294E1));
#3670=CARTESIAN_POINT('',(8.326453604890E0,2.162503858612E0,-4.520194348480E1));
#3671=CARTESIAN_POINT('',(8.458806282445E0,2.343769479609E0,-4.514121839389E1));
#3672=CARTESIAN_POINT('',(8.591158959999E0,2.525035100605E0,-4.508049330298E1));
#3673=CARTESIAN_POINT('',(8.723511637554E0,2.706300721601E0,-4.501976821208E1));
#3674=CARTESIAN_POINT('',(8.041014105612E0,2.209214923952E0,-4.487044154755E1));
#3675=CARTESIAN_POINT('',(8.144719869222E0,2.395055721620E0,-4.477710057682E1));
#3676=CARTESIAN_POINT('',(8.248425632831E0,2.580896519289E0,-4.468375960608E1));
#3677=CARTESIAN_POINT('',(8.352131396441E0,2.766737316957E0,-4.459041863535E1));
#3678=CARTESIAN_POINT('',(7.633857680100E0,2.242623493358E0,-4.459019550601E1));
#3679=CARTESIAN_POINT('',(7.703659686126E0,2.431186097472E0,-4.447386708537E1));
#3680=CARTESIAN_POINT('',(7.773461692153E0,2.619748701586E0,-4.435753866473E1));
#3681=CARTESIAN_POINT('',(7.843263698179E0,2.808311305700E0,-4.424121024408E1));
#3682=CARTESIAN_POINT('',(7.108696995920E0,2.259212237181E0,-4.438238792472E1));
#3683=CARTESIAN_POINT('',(7.144581956143E0,2.448576911804E0,-4.425419982336E1));
#3684=CARTESIAN_POINT('',(7.180466916367E0,2.637941586428E0,-4.412601172200E1));
#3685=CARTESIAN_POINT('',(7.216351876590E0,2.827306261052E0,-4.399782362064E1));
#3686=CARTESIAN_POINT('',(6.636118058036E0,2.259776359142E0,-4.427866740180E1));
#3687=CARTESIAN_POINT('',(6.667857014942E0,2.449087622682E0,-4.414990771671E1));
#3688=CARTESIAN_POINT('',(6.699595971848E0,2.638398886223E0,-4.402114803162E1));
#3689=CARTESIAN_POINT('',(6.731334928754E0,2.827710149763E0,-4.389238834653E1));
#3690=CARTESIAN_POINT('',(6.401622282608E0,2.259747695541E0,-4.422898997708E1));
#3691=CARTESIAN_POINT('',(6.428311306161E0,2.449061672952E0,-4.409914116055E1));
#3692=CARTESIAN_POINT('',(6.455000329714E0,2.638375650363E0,-4.396929234402E1));
#3693=CARTESIAN_POINT('',(6.481689353266E0,2.827689627774E0,-4.383944352749E1));
#3694=CARTESIAN_POINT('',(6.380995877703E0,2.259744783956E0,-4.422462258069E1));
#3695=CARTESIAN_POINT('',(6.407208807734E0,2.449059399336E0,-4.409466886842E1));
#3696=CARTESIAN_POINT('',(6.433421737764E0,2.638374014716E0,-4.396471515615E1));
#3697=CARTESIAN_POINT('',(6.459634667795E0,2.827688630097E0,-4.383476144389E1));
#3698=B_SPLINE_SURFACE_WITH_KNOTS('',3,3,((#3646,#3647,#3648,#3649),(#3650,
#3651,#3652,#3653),(#3654,#3655,#3656,#3657),(#3658,#3659,#3660,#3661),(#3662,
#3663,#3664,#3665),(#3666,#3667,#3668,#3669),(#3670,#3671,#3672,#3673),(#3674,
#3675,#3676,#3677),(#3678,#3679,#3680,#3681),(#3682,#3683,#3684,#3685),(#3686,
#3687,#3688,#3689),(#3690,#3691,#3692,#3693),(#3694,#3695,#3696,#3697)),
.UNSPECIFIED.,.F.,.F.,.F.,(4,1,1,1,1,1,1,1,1,1,4),(4,4),(-1.210361036621E-2,
0.E0,1.25E-1,2.5E-1,3.75E-1,5.E-1,6.25E-1,7.5E-1,8.75E-1,1.E0,1.012140488591E0),
(-3.170951183786E-1,1.317095118379E0),.UNSPECIFIED.);
#3699=ORIENTED_EDGE('',*,*,#3235,.T.);
#3701=ORIENTED_EDGE('',*,*,#3700,.T.);
#3703=ORIENTED_EDGE('',*,*,#3702,.F.);
#3704=ORIENTED_EDGE('',*,*,#3638,.F.);
#3705=EDGE_LOOP('',(#3699,#3701,#3703,#3704));
#3706=FACE_OUTER_BOUND('',#3705,.F.);
#3707=ADVANCED_FACE('',(#3706),#3698,.F.);
#3708=CARTESIAN_POINT('',(5.995507029816E0,2.543720838757E0,-4.393937227710E1));
#3709=DIRECTION('',(1.703112865649E-1,-5.735764363511E-1,8.012516067575E-1));
#3710=DIRECTION('',(1.192532466950E-1,8.191520442890E-1,5.610424150542E-1));
#3711=AXIS2_PLACEMENT_3D('',#3708,#3709,#3710);
#3712=PLANE('',#3711);
#3713=ORIENTED_EDGE('',*,*,#3233,.T.);
#3715=ORIENTED_EDGE('',*,*,#3714,.T.);
#3717=ORIENTED_EDGE('',*,*,#3716,.F.);
#3718=ORIENTED_EDGE('',*,*,#3700,.F.);
#3719=EDGE_LOOP('',(#3713,#3715,#3717,#3718));
#3720=FACE_OUTER_BOUND('',#3719,.F.);
#3721=ADVANCED_FACE('',(#3720),#3712,.T.);
#3722=CARTESIAN_POINT('',(5.549660052666E0,2.259756747694E0,-4.404784733060E1));
#3723=CARTESIAN_POINT('',(5.574736954968E0,2.449073129545E0,-4.391764190621E1));
#3724=CARTESIAN_POINT('',(5.599813857270E0,2.638389511397E0,-4.378743648183E1));
#3725=CARTESIAN_POINT('',(5.624890759572E0,2.827705893248E0,-4.365723105744E1));
#3726=CARTESIAN_POINT('',(5.521546637344E0,2.259755914823E0,-4.404187646867E1));
#3727=CARTESIAN_POINT('',(5.547542159908E0,2.449070254571E0,-4.391187814313E1));
#3728=CARTESIAN_POINT('',(5.573537682473E0,2.638384594318E0,-4.378187981759E1));
#3729=CARTESIAN_POINT('',(5.599533205037E0,2.827698934065E0,-4.365188149205E1));
#3730=CARTESIAN_POINT('',(5.337914048801E0,2.259718920628E0,-4.400305864870E1));
#3731=CARTESIAN_POINT('',(5.369222274039E0,2.449029336955E0,-4.387421232089E1));
#3732=CARTESIAN_POINT('',(5.400530499278E0,2.638339753283E0,-4.374536599309E1));
#3733=CARTESIAN_POINT('',(5.431838724516E0,2.827650169610E0,-4.361651966528E1));
#3734=CARTESIAN_POINT('',(4.995154538756E0,2.260095357339E0,-4.392802029263E1));
#3735=CARTESIAN_POINT('',(5.031035969261E0,2.449445696666E0,-4.379991455679E1));
#3736=CARTESIAN_POINT('',(5.066917399765E0,2.638796035993E0,-4.367180882096E1));
#3737=CARTESIAN_POINT('',(5.102798830269E0,2.828146375319E0,-4.354370308512E1));
#3738=CARTESIAN_POINT('',(4.558191138857E0,2.272223866307E0,-4.376481998259E1));
#3739=CARTESIAN_POINT('',(4.624088658720E0,2.460898427519E0,-4.364701251259E1));
#3740=CARTESIAN_POINT('',(4.689986178582E0,2.649572988732E0,-4.352920504259E1));
#3741=CARTESIAN_POINT('',(4.755883698444E0,2.838247549944E0,-4.341139757260E1));
#3742=CARTESIAN_POINT('',(4.188845287464E0,2.298435449104E0,-4.353433882282E1));
#3743=CARTESIAN_POINT('',(4.284052884919E0,2.485058429925E0,-4.343465642756E1));
#3744=CARTESIAN_POINT('',(4.379260482374E0,2.671681410745E0,-4.333497403230E1));
#3745=CARTESIAN_POINT('',(4.474468079830E0,2.858304391566E0,-4.323529163704E1));
#3746=CARTESIAN_POINT('',(3.977888614387E0,2.326061522541E0,-4.332932313146E1));
#3747=CARTESIAN_POINT('',(4.092819102646E0,2.510132932234E0,-4.324862692858E1));
#3748=CARTESIAN_POINT('',(4.207749590906E0,2.694204341927E0,-4.316793072570E1));
#3749=CARTESIAN_POINT('',(4.322680079166E0,2.878275751620E0,-4.308723452282E1));
#3750=CARTESIAN_POINT('',(3.875302163305E0,2.344843001181E0,-4.319862304002E1));
#3751=CARTESIAN_POINT('',(3.999284009695E0,2.527247064962E0,-4.312951800367E1));
#3752=CARTESIAN_POINT('',(4.123265856085E0,2.709651128744E0,-4.306041296732E1));
#3753=CARTESIAN_POINT('',(4.247247702475E0,2.892055192525E0,-4.299130793097E1));
#3754=CARTESIAN_POINT('',(3.855847658789E0,2.348627346393E0,-4.317254629341E1));
#3755=CARTESIAN_POINT('',(3.981506151974E0,2.530698967249E0,-4.310572513731E1));
#3756=CARTESIAN_POINT('',(4.107164645160E0,2.712770588105E0,-4.303890398121E1));
#3757=CARTESIAN_POINT('',(4.232823138345E0,2.894842208961E0,-4.297208282511E1));
#3758=B_SPLINE_SURFACE_WITH_KNOTS('',3,3,((#3722,#3723,#3724,#3725),(#3726,
#3727,#3728,#3729),(#3730,#3731,#3732,#3733),(#3734,#3735,#3736,#3737),(#3738,
#3739,#3740,#3741),(#3742,#3743,#3744,#3745),(#3746,#3747,#3748,#3749),(#3750,
#3751,#3752,#3753),(#3754,#3755,#3756,#3757)),.UNSPECIFIED.,.F.,.F.,.F.,(4,1,1,
1,1,1,4),(4,4),(-4.536392101743E-2,0.E0,2.5E-1,5.E-1,7.5E-1,1.E0,
1.060233204283E0),(-3.170951183786E-1,1.317095118379E0),.UNSPECIFIED.);
#3759=ORIENTED_EDGE('',*,*,#3231,.T.);
#3761=ORIENTED_EDGE('',*,*,#3760,.T.);
#3763=ORIENTED_EDGE('',*,*,#3762,.F.);
#3764=ORIENTED_EDGE('',*,*,#3714,.F.);
#3765=EDGE_LOOP('',(#3759,#3761,#3763,#3764));
#3766=FACE_OUTER_BOUND('',#3765,.F.);
#3767=ADVANCED_FACE('',(#3766),#3758,.F.);
#3768=CARTESIAN_POINT('',(3.978375846412E0,2.327694159240E0,-4.331968338024E1));
#3769=CARTESIAN_POINT('',(4.092996962206E0,2.511599347361E0,-4.323988900731E1));
#3770=CARTESIAN_POINT('',(4.207618078E0,2.695504535481E0,-4.316009463437E1));
#3771=CARTESIAN_POINT('',(4.322239193793E0,2.879409723602E0,-4.308030026143E1));
#3772=CARTESIAN_POINT('',(3.956811740017E0,2.330925078641E0,-4.329654418654E1));
#3773=CARTESIAN_POINT('',(4.073409596394E0,2.514555616477E0,-4.321875950825E1));
#3774=CARTESIAN_POINT('',(4.190007452771E0,2.698186154313E0,-4.314097482996E1));
#3775=CARTESIAN_POINT('',(4.306605309149E0,2.881816692149E0,-4.306319015168E1));
#3776=CARTESIAN_POINT('',(3.828262460912E0,2.351405281148E0,-4.315109192432E1));
#3777=CARTESIAN_POINT('',(3.956706841525E0,2.533263897690E0,-4.308609304258E1));
#3778=CARTESIAN_POINT('',(4.085151222137E0,2.715122514232E0,-4.302109416084E1));
#3779=CARTESIAN_POINT('',(4.213595602750E0,2.896981130773E0,-4.295609527910E1));
#3780=CARTESIAN_POINT('',(3.638849215483E0,2.395630862363E0,-4.284858807571E1));
#3781=CARTESIAN_POINT('',(3.785282910836E0,2.573379743425E0,-4.281129623943E1));
#3782=CARTESIAN_POINT('',(3.931716606189E0,2.751128624486E0,-4.277400440315E1));
#3783=CARTESIAN_POINT('',(4.078150301542E0,2.928877505548E0,-4.273671256687E1));
#3784=CARTESIAN_POINT('',(3.499143308646E0,2.467290889788E0,-4.236067795081E1));
#3785=CARTESIAN_POINT('',(3.658088865042E0,2.638463281589E0,-4.236358579452E1));
#3786=CARTESIAN_POINT('',(3.817034421438E0,2.809635673391E0,-4.236649363822E1));
#3787=CARTESIAN_POINT('',(3.975979977834E0,2.980808065192E0,-4.236940148193E1));
#3788=CARTESIAN_POINT('',(3.492568688868E0,2.544342541829E0,-4.181243211141E1));
#3789=CARTESIAN_POINT('',(3.650902281640E0,2.708747959646E0,-4.185520536013E1));
#3790=CARTESIAN_POINT('',(3.809235874413E0,2.873153377464E0,-4.189797860885E1));
#3791=CARTESIAN_POINT('',(3.967569467185E0,3.037558795282E0,-4.194075185757E1));
#3792=CARTESIAN_POINT('',(3.575296392487E0,2.596878969571E0,-4.139915036258E1));
#3793=CARTESIAN_POINT('',(3.732273379801E0,2.759723210601E0,-4.144651328708E1));
#3794=CARTESIAN_POINT('',(3.889250367114E0,2.922567451632E0,-4.149387621158E1));
#3795=CARTESIAN_POINT('',(4.046227354428E0,3.085411692662E0,-4.154123913608E1));
#3796=CARTESIAN_POINT('',(3.621349996360E0,2.621372758608E0,-4.118433708448E1));
#3797=CARTESIAN_POINT('',(3.777068022704E0,2.783594917239E0,-4.123776082863E1));
#3798=CARTESIAN_POINT('',(3.932786049048E0,2.945817075870E0,-4.129118457277E1));
#3799=CARTESIAN_POINT('',(4.088504075392E0,3.108039234501E0,-4.134460831692E1));
#3800=CARTESIAN_POINT('',(3.627125234871E0,2.624395860090E0,-4.115739471517E1));
#3801=CARTESIAN_POINT('',(3.782675589860E0,2.786541195548E0,-4.121166424116E1));
#3802=CARTESIAN_POINT('',(3.938225944849E0,2.948686531007E0,-4.126593376715E1));
#3803=CARTESIAN_POINT('',(4.093776299837E0,3.110831866465E0,-4.132020329314E1));
#3804=B_SPLINE_SURFACE_WITH_KNOTS('',3,3,((#3768,#3769,#3770,#3771),(#3772,
#3773,#3774,#3775),(#3776,#3777,#3778,#3779),(#3780,#3781,#3782,#3783),(#3784,
#3785,#3786,#3787),(#3788,#3789,#3790,#3791),(#3792,#3793,#3794,#3795),(#3796,
#3797,#3798,#3799),(#3800,#3801,#3802,#3803)),.UNSPECIFIED.,.F.,.F.,.F.,(4,1,1,
1,1,1,4),(4,4),(-4.855273781007E-2,0.E0,2.5E-1,5.E-1,7.5E-1,1.E0,
1.036033113589E0),(-3.170951183785E-1,1.317095118379E0),.UNSPECIFIED.);
#3805=ORIENTED_EDGE('',*,*,#3306,.T.);
#3807=ORIENTED_EDGE('',*,*,#3806,.T.);
#3809=ORIENTED_EDGE('',*,*,#3808,.F.);
#3810=ORIENTED_EDGE('',*,*,#3760,.F.);
#3811=EDGE_LOOP('',(#3805,#3807,#3809,#3810));
#3812=FACE_OUTER_BOUND('',#3811,.F.);
#3813=ADVANCED_FACE('',(#3812),#3804,.F.);
#3814=CARTESIAN_POINT('',(4.548815281395E0,-2.710028021153E1,
-3.799972620610E1));
#3815=DIRECTION('',(9.781476007338E-1,0.E0,-2.079116908178E-1));
#3816=DIRECTION('',(0.E0,-1.E0,0.E0));
#3817=AXIS2_PLACEMENT_3D('',#3814,#3815,#3816);
#3818=CONICAL_SURFACE('',#3817,3.015028188740E1,4.500002545592E1);
#3819=ORIENTED_EDGE('',*,*,#3304,.T.);
#3821=ORIENTED_EDGE('',*,*,#3820,.T.);
#3822=ORIENTED_EDGE('',*,*,#3046,.F.);
#3823=ORIENTED_EDGE('',*,*,#3806,.F.);
#3824=EDGE_LOOP('',(#3819,#3821,#3822,#3823));
#3825=FACE_OUTER_BOUND('',#3824,.F.);
#3826=ADVANCED_FACE('',(#3825),#3818,.F.);
#3827=CARTESIAN_POINT('',(3.852772019409E0,2.715084774054E0,-4.001751120707E1));
#3828=CARTESIAN_POINT('',(4.019695477735E0,2.887370203960E0,-4.006772661780E1));
#3829=CARTESIAN_POINT('',(4.186618936062E0,3.059655633865E0,-4.011794202853E1));
#3830=CARTESIAN_POINT('',(4.353542394388E0,3.231941063771E0,-4.016815743926E1));
#3831=CARTESIAN_POINT('',(3.857835922643E0,2.716864876890E0,-3.999682100741E1));
#3832=CARTESIAN_POINT('',(4.024665370304E0,2.889222234088E0,-4.004615524180E1));
#3833=CARTESIAN_POINT('',(4.191494817964E0,3.061579591286E0,-4.009548947618E1));
#3834=CARTESIAN_POINT('',(4.358324265625E0,3.233936948483E0,-4.014482371057E1));
#3835=CARTESIAN_POINT('',(3.939292481796E0,2.742973250925E0,-3.966405019217E1));
#3836=CARTESIAN_POINT('',(4.104605852821E0,2.916375763728E0,-3.969920870833E1));
#3837=CARTESIAN_POINT('',(4.269919223845E0,3.089778276531E0,-3.973436722450E1));
#3838=CARTESIAN_POINT('',(4.435232594869E0,3.263180789335E0,-3.976952574066E1));
#3839=CARTESIAN_POINT('',(4.099261333702E0,2.715740383849E0,-3.901197489080E1));
#3840=CARTESIAN_POINT('',(4.261474302377E0,2.887718249913E0,-3.901926581064E1));
#3841=CARTESIAN_POINT('',(4.423687271053E0,3.059696115977E0,-3.902655673048E1));
#3842=CARTESIAN_POINT('',(4.585900239729E0,3.231673982041E0,-3.903384765032E1));
#3843=CARTESIAN_POINT('',(4.324804380997E0,2.463404999204E0,-3.809679002710E1));
#3844=CARTESIAN_POINT('',(4.482167546263E0,2.623861774760E0,-3.806527215505E1));
#3845=CARTESIAN_POINT('',(4.639530711528E0,2.784318550316E0,-3.803375428299E1));
#3846=CARTESIAN_POINT('',(4.796893876793E0,2.944775325871E0,-3.800223641094E1));
#3847=CARTESIAN_POINT('',(4.496139914691E0,2.088674145550E0,-3.740464468274E1));
#3848=CARTESIAN_POINT('',(4.649487629445E0,2.232250191709E0,-3.734390220372E1));
#3849=CARTESIAN_POINT('',(4.802835344199E0,2.375826237867E0,-3.728315972470E1));
#3850=CARTESIAN_POINT('',(4.956183058953E0,2.519402284025E0,-3.722241724568E1));
#3851=CARTESIAN_POINT('',(4.586957302089E0,1.799010263073E0,-3.703871497665E1));
#3852=CARTESIAN_POINT('',(4.738071520970E0,1.929595141762E0,-3.696257669600E1));
#3853=CARTESIAN_POINT('',(4.889185739850E0,2.060180020451E0,-3.688643841535E1));
#3854=CARTESIAN_POINT('',(5.040299958731E0,2.190764899140E0,-3.681030013469E1));
#3855=CARTESIAN_POINT('',(4.616873237872E0,1.691261731473E0,-3.691825111762E1));
#3856=CARTESIAN_POINT('',(4.767243117003E0,1.817019507565E0,-3.683704968086E1));
#3857=CARTESIAN_POINT('',(4.917612996133E0,1.942777283657E0,-3.675584824410E1));
#3858=CARTESIAN_POINT('',(5.067982875263E0,2.068535059748E0,-3.667464680733E1));
#3859=B_SPLINE_SURFACE_WITH_KNOTS('',3,3,((#3827,#3828,#3829,#3830),(#3831,
#3832,#3833,#3834),(#3835,#3836,#3837,#3838),(#3839,#3840,#3841,#3842),(#3843,
#3844,#3845,#3846),(#3847,#3848,#3849,#3850),(#3851,#3852,#3853,#3854),(#3855,
#3856,#3857,#3858)),.UNSPECIFIED.,.F.,.F.,.F.,(4,1,1,1,1,4),(4,4),(
-6.635557631394E-3,0.E0,1.E-1,2.E-1,3.E-1,3.536915619181E-1),
(-3.645155048371E-1,1.364379738442E0),.UNSPECIFIED.);
#3860=ORIENTED_EDGE('',*,*,#3820,.F.);
#3862=ORIENTED_EDGE('',*,*,#3861,.T.);
#3863=ORIENTED_EDGE('',*,*,#3026,.T.);
#3864=ORIENTED_EDGE('',*,*,#3048,.F.);
#3865=EDGE_LOOP('',(#3860,#3862,#3863,#3864));
#3866=FACE_OUTER_BOUND('',#3865,.F.);
#3867=ADVANCED_FACE('',(#3866),#3859,.F.);
#3868=CARTESIAN_POINT('',(-2.122124965572E1,2.827820618686E0,
-3.443798410391E1));
#3869=CARTESIAN_POINT('',(-2.097969184316E1,2.821831617232E0,
-3.459763637659E1));
#3870=CARTESIAN_POINT('',(-2.027027236073E1,2.803200385616E0,
-3.505463181486E1));
#3871=CARTESIAN_POINT('',(-1.906995840816E1,2.768086523655E0,
-3.577172936143E1));
#3872=CARTESIAN_POINT('',(-1.760758429538E1,2.723535579815E0,
-3.656037648783E1));
#3873=CARTESIAN_POINT('',(-1.610845273439E1,2.679698472143E0,
-3.728437692651E1));
#3874=CARTESIAN_POINT('',(-1.457204704913E1,2.639651595245E0,
-3.794290128288E1));
#3875=CARTESIAN_POINT('',(-1.299306178120E1,2.605832582720E0,
-3.853719885908E1));
#3876=CARTESIAN_POINT('',(-1.137387853852E1,2.580671849706E0,
-3.906320829186E1));
#3877=CARTESIAN_POINT('',(-9.727433098133E0,2.566100295360E0,
-3.951486403362E1));
#3878=CARTESIAN_POINT('',(-8.070344167130E0,2.563094776367E0,
-3.988776393873E1));
#3879=CARTESIAN_POINT('',(-6.417897596636E0,2.571519060787E0,
-4.018079015821E1));
#3880=CARTESIAN_POINT('',(-4.776741905372E0,2.590326400227E0,
-4.039658068958E1));
#3881=CARTESIAN_POINT('',(-3.143724595385E0,2.618236253877E0,
-4.053770201563E1));
#3882=CARTESIAN_POINT('',(-1.513331723222E0,2.653604680385E0,
-4.060619975298E1));
#3883=CARTESIAN_POINT('',(1.323809816886E-1,2.694708778703E0,
-4.060322039385E1));
#3884=CARTESIAN_POINT('',(1.836559938958E0,2.740317079451E0,-4.052394253375E1));
#3885=CARTESIAN_POINT('',(3.598643172517E0,2.787146678084E0,-4.035969576390E1));
#3886=CARTESIAN_POINT('',(4.800233582530E0,2.815715681996E0,-4.018898384224E1));
#3887=CARTESIAN_POINT('',(5.401373911621E0,2.828277877863E0,-4.008845705065E1));
#3888=CARTESIAN_POINT('',(-2.051530432969E1,3.007973115067E0,
-3.332727517533E1));
#3889=CARTESIAN_POINT('',(-2.028191028720E1,3.004105928342E0,
-3.348208279655E1));
#3890=CARTESIAN_POINT('',(-1.959635022031E1,2.991508686006E0,
-3.392526579383E1));
#3891=CARTESIAN_POINT('',(-1.843608538248E1,2.965686540721E0,
-3.462079213106E1));
#3892=CARTESIAN_POINT('',(-1.702266182123E1,2.931059011510E0,
-3.538549787770E1));
#3893=CARTESIAN_POINT('',(-1.557489390315E1,2.895887455431E0,
-3.608682370080E1));
#3894=CARTESIAN_POINT('',(-1.409055205167E1,2.863051675962E0,
-3.672478499769E1));
#3895=CARTESIAN_POINT('',(-1.256530645928E1,2.834926937781E0,
-3.730020643612E1));
#3896=CARTESIAN_POINT('',(-1.100188588226E1,2.813832076597E0,
-3.780905673701E1));
#3897=CARTESIAN_POINT('',(-9.412110474719E0,2.801560861688E0,
-3.824570289826E1));
#3898=CARTESIAN_POINT('',(-7.812179409834E0,2.799022402283E0,
-3.860585069773E1));
#3899=CARTESIAN_POINT('',(-6.216098287088E0,2.806121338482E0,
-3.888858448394E1));
#3900=CARTESIAN_POINT('',(-4.630727958903E0,2.821940401384E0,
-3.909635598316E1));
#3901=CARTESIAN_POINT('',(-3.053703330281E0,2.845276740157E0,
-3.923161012102E1));
#3902=CARTESIAN_POINT('',(-1.478171242089E0,2.874551551670E0,
-3.929644997049E1));
#3903=CARTESIAN_POINT('',(1.123613566122E-1,2.908030299985E0,
-3.929187346617E1));
#3904=CARTESIAN_POINT('',(1.759561604293E0,2.944281750821E0,-3.921318016620E1));
#3905=CARTESIAN_POINT('',(3.463873327857E0,2.980060998354E0,-3.905190400206E1));
#3906=CARTESIAN_POINT('',(4.626170949479E0,3.000176775293E0,-3.888492195527E1));
#3907=CARTESIAN_POINT('',(5.207575741269E0,3.008267373139E0,-3.878671488563E1));
#3908=CARTESIAN_POINT('',(-1.985358185199E1,2.561551379805E0,
-3.226552202051E1));
#3909=CARTESIAN_POINT('',(-1.962795594879E1,2.559711698225E0,
-3.241463567354E1));
#3910=CARTESIAN_POINT('',(-1.896503398756E1,2.552887408297E0,
-3.284168322262E1));
#3911=CARTESIAN_POINT('',(-1.784243762121E1,2.535974509111E0,
-3.351246650977E1));
#3912=CARTESIAN_POINT('',(-1.647453553935E1,2.510874090131E0,
-3.425039573869E1));
#3913=CARTESIAN_POINT('',(-1.507405075170E1,2.484021590922E0,
-3.492710050596E1));
#3914=CARTESIAN_POINT('',(-1.363724818690E1,2.458105188203E0,
-3.554328691792E1));
#3915=CARTESIAN_POINT('',(-1.216076098208E1,2.435439044190E0,
-3.609929785935E1));
#3916=CARTESIAN_POINT('',(-1.064771214902E1,2.418237633881E0,
-3.659106558277E1));
#3917=CARTESIAN_POINT('',(-9.109027265750E0,2.408167747128E0,
-3.701330251836E1));
#3918=CARTESIAN_POINT('',(-7.560662544232E0,2.406076071786E0,
-3.736177015538E1));
#3919=CARTESIAN_POINT('',(-6.015602813731E0,2.411906832879E0,
-3.763568383490E1));
#3920=CARTESIAN_POINT('',(-4.481021821569E0,2.424865231025E0,
-3.783727362767E1));
#3921=CARTESIAN_POINT('',(-2.955386928713E0,2.443820646246E0,
-3.796886124183E1));
#3922=CARTESIAN_POINT('',(-1.430745938901E0,2.467251833916E0,
-3.803263667077E1));
#3923=CARTESIAN_POINT('',(1.079600199631E-1,2.493412003340E0,
-3.802953372486E1));
#3924=CARTESIAN_POINT('',(1.700863076642E0,2.520679657764E0,-3.795513969165E1));
#3925=CARTESIAN_POINT('',(3.349133980495E0,2.545852969617E0,-3.780131705597E1));
#3926=CARTESIAN_POINT('',(4.472570219115E0,2.557872320562E0,-3.764166615864E1));
#3927=CARTESIAN_POINT('',(5.034260862846E0,2.561690146334E0,-3.754775675763E1));
#3928=CARTESIAN_POINT('',(-1.938494644306E1,1.588984559330E0,
-3.149158165433E1));
#3929=CARTESIAN_POINT('',(-1.916494549099E1,1.588621956158E0,
-3.163543296445E1));
#3930=CARTESIAN_POINT('',(-1.851834755014E1,1.586010871068E0,
-3.204765196491E1));
#3931=CARTESIAN_POINT('',(-1.742256493438E1,1.575620481238E0,
-3.269608667493E1));
#3932=CARTESIAN_POINT('',(-1.608651453233E1,1.557507604282E0,
-3.341042802033E1));
#3933=CARTESIAN_POINT('',(-1.471859532584E1,1.536756172811E0,
-3.406610416073E1));
#3934=CARTESIAN_POINT('',(-1.331411283768E1,1.515910810423E0,
-3.466420244351E1));
#3935=CARTESIAN_POINT('',(-1.187043381482E1,1.497239589224E0,
-3.520463520597E1));
#3936=CARTESIAN_POINT('',(-1.039103393810E1,1.482883319697E0,
-3.568323988383E1));
#3937=CARTESIAN_POINT('',(-8.886366504375E0,1.474420528621E0,
-3.609490951619E1));
#3938=CARTESIAN_POINT('',(-7.372375994811E0,1.472654851157E0,
-3.643539655859E1));
#3939=CARTESIAN_POINT('',(-5.861515587176E0,1.477559904931E0,
-3.670394667095E1));
#3940=CARTESIAN_POINT('',(-4.361302094567E0,1.488428798789E0,
-3.690258274891E1));
#3941=CARTESIAN_POINT('',(-2.870893113701E0,1.504181435078E0,
-3.703352934239E1));
#3942=CARTESIAN_POINT('',(-1.381724834323E0,1.523333599336E0,
-3.709907327520E1));
#3943=CARTESIAN_POINT('',(1.201671172650E-1,1.544128383126E0,
-3.710018309263E1));
#3944=CARTESIAN_POINT('',(1.673669454599E0,1.564806331996E0,-3.703283584942E1));
#3945=CARTESIAN_POINT('',(3.280237437061E0,1.582204085078E0,-3.688927288392E1));
#3946=CARTESIAN_POINT('',(4.373986138714E0,1.588305221317E0,-3.673890516056E1));
#3947=CARTESIAN_POINT('',(4.920419011682E0,1.589010323991E0,-3.665030455099E1));
#3948=(BOUNDED_SURFACE()B_SPLINE_SURFACE(3,3,((#3868,#3869,#3870,#3871,#3872,
#3873,#3874,#3875,#3876,#3877,#3878,#3879,#3880,#3881,#3882,#3883,#3884,#3885,
#3886,#3887),(#3888,#3889,#3890,#3891,#3892,#3893,#3894,#3895,#3896,#3897,#3898,
#3899,#3900,#3901,#3902,#3903,#3904,#3905,#3906,#3907),(#3908,#3909,#3910,#3911,
#3912,#3913,#3914,#3915,#3916,#3917,#3918,#3919,#3920,#3921,#3922,#3923,#3924,
#3925,#3926,#3927),(#3928,#3929,#3930,#3931,#3932,#3933,#3934,#3935,#3936,#3937,
#3938,#3939,#3940,#3941,#3942,#3943,#3944,#3945,#3946,#3947)),.UNSPECIFIED.,.F.,
.F.,.F.)B_SPLINE_SURFACE_WITH_KNOTS((4,4),(4,1,1,1,1,1,1,1,1,1,1,1,1,1,1,1,1,4),
(0.E0,1.E0),(2.906265852953E-1,2.981000228427E-1,3.124255324709E-1,
3.268216499065E-1,3.412065618120E-1,3.556749072894E-1,3.703361230670E-1,
3.851777570844E-1,4.000739431060E-1,4.148882832248E-1,4.295096871475E-1,
4.438853112036E-1,4.580846933635E-1,4.722372606996E-1,4.863976018435E-1,
5.008985126069E-1,5.165391834836E-1,5.322719781012E-1),.UNSPECIFIED.)GEOMETRIC_REPRESENTATION_ITEM()RATIONAL_B_SPLINE_SURFACE(((1.059592749994E0,
1.059592749994E0,1.059592749994E0,1.059592749994E0,1.059592749994E0,
1.059592749994E0,1.059592749994E0,1.059592749994E0,1.059592749994E0,
1.059592749994E0,1.059592749994E0,1.059592749994E0,1.059592749994E0,
1.059592749994E0,1.059592749994E0,1.059592749994E0,1.059592749994E0,
1.059592749994E0,1.059592749994E0,1.059592749994E0),(9.801357500020E-1,
9.801357500020E-1,9.801357500020E-1,9.801357500020E-1,9.801357500020E-1,
9.801357500020E-1,9.801357500020E-1,9.801357500020E-1,9.801357500020E-1,
9.801357500020E-1,9.801357500020E-1,9.801357500020E-1,9.801357500020E-1,
9.801357500020E-1,9.801357500020E-1,9.801357500020E-1,9.801357500020E-1,
9.801357500020E-1,9.801357500020E-1,9.801357500020E-1),(9.801357500020E-1,
9.801357500020E-1,9.801357500020E-1,9.801357500020E-1,9.801357500020E-1,
9.801357500020E-1,9.801357500020E-1,9.801357500020E-1,9.801357500020E-1,
9.801357500020E-1,9.801357500020E-1,9.801357500020E-1,9.801357500020E-1,
9.801357500020E-1,9.801357500020E-1,9.801357500020E-1,9.801357500020E-1,
9.801357500020E-1,9.801357500020E-1,9.801357500020E-1),(1.059592749994E0,
1.059592749994E0,1.059592749994E0,1.059592749994E0,1.059592749994E0,
1.059592749994E0,1.059592749994E0,1.059592749994E0,1.059592749994E0,
1.059592749994E0,1.059592749994E0,1.059592749994E0,1.059592749994E0,
1.059592749994E0,1.059592749994E0,1.059592749994E0,1.059592749994E0,
1.059592749994E0,1.059592749994E0,1.059592749994E0)))REPRESENTATION_ITEM('')SURFACE());
#3949=ORIENTED_EDGE('',*,*,#3861,.F.);
#3950=ORIENTED_EDGE('',*,*,#3302,.F.);
#3952=ORIENTED_EDGE('',*,*,#3951,.F.);
#3954=ORIENTED_EDGE('',*,*,#3953,.T.);
#3955=ORIENTED_EDGE('',*,*,#2821,.F.);
#3956=ORIENTED_EDGE('',*,*,#2878,.T.);
#3957=ORIENTED_EDGE('',*,*,#3028,.T.);
#3958=EDGE_LOOP('',(#3949,#3950,#3952,#3954,#3955,#3956,#3957));
#3959=FACE_OUTER_BOUND('',#3958,.F.);
#3960=ADVANCED_FACE('',(#3959),#3948,.F.);
#3961=CARTESIAN_POINT('',(-1.923373372146E1,1.691471577045E0,
-3.184884122665E1));
#3962=CARTESIAN_POINT('',(-1.933808627467E1,1.817251554826E0,
-3.171349402233E1));
#3963=CARTESIAN_POINT('',(-1.944243882787E1,1.943031532607E0,
-3.157814681800E1));
#3964=CARTESIAN_POINT('',(-1.954679138108E1,2.068811510388E0,
-3.144279961368E1));
#3965=CARTESIAN_POINT('',(-1.925573832039E1,1.800897818496E0,
-3.197297339292E1));
#3966=CARTESIAN_POINT('',(-1.936287410439E1,1.931580591978E0,
-3.184201650811E1));
#3967=CARTESIAN_POINT('',(-1.947000988840E1,2.062263365461E0,
-3.171105962331E1));
#3968=CARTESIAN_POINT('',(-1.957714567240E1,2.192946138943E0,
-3.158010273850E1));
#3969=CARTESIAN_POINT('',(-1.932206488832E1,2.091871691240E0,
-3.234680081568E1));
#3970=CARTESIAN_POINT('',(-1.943756328140E1,2.235606103696E0,
-3.222909278273E1));
#3971=CARTESIAN_POINT('',(-1.955306167449E1,2.379340516151E0,
-3.211138474978E1));
#3972=CARTESIAN_POINT('',(-1.966856006757E1,2.523074928607E0,
-3.199367671683E1));
#3973=CARTESIAN_POINT('',(-1.944834429467E1,2.468589301133E0,
-3.305599230416E1));
#3974=CARTESIAN_POINT('',(-1.957955784808E1,2.629296977623E0,
-3.296361029021E1));
#3975=CARTESIAN_POINT('',(-1.971077140148E1,2.790004654113E0,
-3.287122827626E1));
#3976=CARTESIAN_POINT('',(-1.984198495489E1,2.950712330603E0,
-3.277884626231E1));
#3977=CARTESIAN_POINT('',(-1.961503231052E1,2.717309880515E0,
-3.398646906002E1));
#3978=CARTESIAN_POINT('',(-1.976651616433E1,2.889380100979E0,
-3.392767589232E1));
#3979=CARTESIAN_POINT('',(-1.991800001814E1,3.061450321444E0,
-3.386888272461E1));
#3980=CARTESIAN_POINT('',(-2.006948387194E1,3.233520541908E0,
-3.381008955691E1));
#3981=CARTESIAN_POINT('',(-1.973216196605E1,2.742604729334E0,
-3.463635453025E1));
#3982=CARTESIAN_POINT('',(-1.989757798320E1,2.916009966084E0,
-3.460136612578E1));
#3983=CARTESIAN_POINT('',(-2.006299400034E1,3.089415202834E0,
-3.456637772131E1));
#3984=CARTESIAN_POINT('',(-2.022841001749E1,3.262820439585E0,
-3.453138931683E1));
#3985=CARTESIAN_POINT('',(-1.979242288050E1,2.716821804606E0,
-3.496975419159E1));
#3986=CARTESIAN_POINT('',(-1.996491085060E1,2.889194903099E0,
-3.494696460366E1));
#3987=CARTESIAN_POINT('',(-2.013739882069E1,3.061568001592E0,
-3.492417501574E1));
#3988=CARTESIAN_POINT('',(-2.030988679078E1,3.233941100085E0,
-3.490138542781E1));
#3989=CARTESIAN_POINT('',(-1.979621282798E1,2.715046467606E0,
-3.499071870224E1));
#3990=CARTESIAN_POINT('',(-1.996914518527E1,2.887347840422E0,
-3.496869610674E1));
#3991=CARTESIAN_POINT('',(-2.014207754255E1,3.059649213238E0,
-3.494667351124E1));
#3992=CARTESIAN_POINT('',(-2.031500989984E1,3.231950586055E0,
-3.492465091575E1));
#3993=B_SPLINE_SURFACE_WITH_KNOTS('',3,3,((#3961,#3962,#3963,#3964),(#3965,
#3966,#3967,#3968),(#3969,#3970,#3971,#3972),(#3973,#3974,#3975,#3976),(#3977,
#3978,#3979,#3980),(#3981,#3982,#3983,#3984),(#3985,#3986,#3987,#3988),(#3989,
#3990,#3991,#3992)),.UNSPECIFIED.,.F.,.F.,.F.,(4,1,1,1,1,4),(4,4),(
6.454759835573E-1,7.E-1,8.E-1,9.E-1,1.E0,1.006713277910E0),(-3.646776510020E-1,
1.364373821531E0),.UNSPECIFIED.);
#3995=ORIENTED_EDGE('',*,*,#3994,.T.);
#3997=ORIENTED_EDGE('',*,*,#3996,.F.);
#3999=ORIENTED_EDGE('',*,*,#3998,.T.);
#4000=ORIENTED_EDGE('',*,*,#3951,.T.);
#4001=EDGE_LOOP('',(#3995,#3997,#3999,#4000));
#4002=FACE_OUTER_BOUND('',#4001,.F.);
#4003=ADVANCED_FACE('',(#4002),#3993,.F.);
#4004=CARTESIAN_POINT('',(-1.961143963844E1,-2.709989029394E1,
-3.286435034739E1));
#4005=DIRECTION('',(-9.781476007338E-1,0.E0,2.079116908178E-1));
#4006=DIRECTION('',(0.E0,-1.E0,0.E0));
#4007=AXIS2_PLACEMENT_3D('',#4004,#4005,#4006);
#4008=CONICAL_SURFACE('',#4007,3.014988970669E1,4.500000366450E1);
#4009=ORIENTED_EDGE('',*,*,#3300,.T.);
#4010=ORIENTED_EDGE('',*,*,#3353,.T.);
#4012=ORIENTED_EDGE('',*,*,#4011,.F.);
#4013=ORIENTED_EDGE('',*,*,#3994,.F.);
#4014=EDGE_LOOP('',(#4009,#4010,#4012,#4013));
#4015=FACE_OUTER_BOUND('',#4014,.F.);
#4016=ADVANCED_FACE('',(#4015),#4008,.F.);
#4017=CARTESIAN_POINT('',(-1.222684500917E1,0.E0,2.598896135222E0));
#4018=DIRECTION('',(9.781476007338E-1,0.E0,-2.079116908178E-1));
#4019=DIRECTION('',(0.E0,-1.E0,0.E0));
#4020=AXIS2_PLACEMENT_3D('',#4017,#4018,#4019);
#4021=PLANE('',#4020);
#4023=ORIENTED_EDGE('',*,*,#4022,.T.);
#4024=ORIENTED_EDGE('',*,*,#2742,.F.);
#4026=ORIENTED_EDGE('',*,*,#4025,.F.);
#4027=ORIENTED_EDGE('',*,*,#3996,.T.);
#4028=ORIENTED_EDGE('',*,*,#4011,.T.);
#4030=ORIENTED_EDGE('',*,*,#4029,.F.);
#4032=ORIENTED_EDGE('',*,*,#4031,.T.);
#4033=EDGE_LOOP('',(#4023,#4024,#4026,#4027,#4028,#4030,#4032));
#4034=FACE_OUTER_BOUND('',#4033,.F.);
#4035=ADVANCED_FACE('',(#4034),#4021,.F.);
#4036=CARTESIAN_POINT('',(-1.939553341699E1,5.75E0,-3.184859134537E1));
#4037=DIRECTION('',(-6.916548014802E-1,7.071067811865E-1,1.470157664652E-1));
#4038=DIRECTION('',(-6.916548014802E-1,-7.071067811865E-1,1.470157664652E-1));
#4039=AXIS2_PLACEMENT_3D('',#4036,#4037,#4038);
#4040=PLANE('',#4039);
#4041=ORIENTED_EDGE('',*,*,#2616,.T.);
#4042=ORIENTED_EDGE('',*,*,#2726,.T.);
#4043=ORIENTED_EDGE('',*,*,#4022,.F.);
#4045=ORIENTED_EDGE('',*,*,#4044,.F.);
#4046=EDGE_LOOP('',(#4041,#4042,#4043,#4045));
#4047=FACE_OUTER_BOUND('',#4046,.F.);
#4048=ADVANCED_FACE('',(#4047),#4040,.T.);
#4049=CARTESIAN_POINT('',(-1.961143706694E1,-2.71E1,-3.286433815769E1));
#4050=DIRECTION('',(9.781476007338E-1,0.E0,-2.079116908178E-1));
#4051=DIRECTION('',(0.E0,-1.E0,0.E0));
#4052=AXIS2_PLACEMENT_3D('',#4049,#4050,#4051);
#4053=CONICAL_SURFACE('',#4052,3.285E1,4.5E1);
#4054=ORIENTED_EDGE('',*,*,#3084,.T.);
#4055=ORIENTED_EDGE('',*,*,#4044,.T.);
#4056=ORIENTED_EDGE('',*,*,#4031,.F.);
#4058=ORIENTED_EDGE('',*,*,#4057,.F.);
#4059=EDGE_LOOP('',(#4054,#4055,#4056,#4058));
#4060=FACE_OUTER_BOUND('',#4059,.F.);
#4061=ADVANCED_FACE('',(#4060),#4053,.T.);
#4062=CARTESIAN_POINT('',(-2.137059972468E1,5.469124701954E0,
-3.850004955820E1));
#4063=CARTESIAN_POINT('',(-2.143072207106E1,5.331283494862E0,
-3.832436002814E1));
#4064=CARTESIAN_POINT('',(-2.149084441743E1,5.193442287770E0,
-3.814867049808E1));
#4065=CARTESIAN_POINT('',(-2.155096676381E1,5.055601080678E0,
-3.797298096802E1));
#4066=CARTESIAN_POINT('',(-2.134100556655E1,5.472478368254E0,
-3.848706260804E1));
#4067=CARTESIAN_POINT('',(-2.140387803994E1,5.334319379568E0,
-3.831262657535E1));
#4068=CARTESIAN_POINT('',(-2.146675051334E1,5.196160390883E0,
-3.813819054265E1));
#4069=CARTESIAN_POINT('',(-2.152962298673E1,5.058001402197E0,
-3.796375450995E1));
#4070=CARTESIAN_POINT('',(-2.116306957606E1,5.493538904032E0,
-3.840335602715E1));
#4071=CARTESIAN_POINT('',(-2.124252278325E1,5.353364653905E0,
-3.823706871138E1));
#4072=CARTESIAN_POINT('',(-2.132197599044E1,5.213190403777E0,
-3.807078139560E1));
#4073=CARTESIAN_POINT('',(-2.140142919763E1,5.073016153650E0,
-3.790449407983E1));
#4074=CARTESIAN_POINT('',(-2.086731818196E1,5.538614558803E0,
-3.819942989335E1));
#4075=CARTESIAN_POINT('',(-2.097460797854E1,5.393949200971E0,
-3.805337184172E1));
#4076=CARTESIAN_POINT('',(-2.108189777512E1,5.249283843139E0,
-3.790731379009E1));
#4077=CARTESIAN_POINT('',(-2.118918757170E1,5.104618485307E0,
-3.776125573846E1));
#4078=CARTESIAN_POINT('',(-2.053687612195E1,5.612926331541E0,
-3.779808465327E1));
#4079=CARTESIAN_POINT('',(-2.067316570748E1,5.460922740346E0,
-3.768828314139E1));
#4080=CARTESIAN_POINT('',(-2.080945529301E1,5.308919149151E0,
-3.757848162952E1));
#4081=CARTESIAN_POINT('',(-2.094574487853E1,5.156915557956E0,
-3.746868011764E1));
#4082=CARTESIAN_POINT('',(-2.030556741484E1,5.693150502545E0,
-3.728671204233E1));
#4083=CARTESIAN_POINT('',(-2.045855396806E1,5.533594768175E0,
-3.721882020568E1));
#4084=CARTESIAN_POINT('',(-2.061154052128E1,5.374039033804E0,
-3.715092836903E1));
#4085=CARTESIAN_POINT('',(-2.076452707450E1,5.214483299434E0,
-3.708303653239E1));
#4086=CARTESIAN_POINT('',(-2.021114867442E1,5.748449266304E0,
-3.686637243287E1));
#4087=CARTESIAN_POINT('',(-2.036567595477E1,5.586834808918E0,
-3.680748229639E1));
#4088=CARTESIAN_POINT('',(-2.052020323511E1,5.425220351533E0,
-3.674859215991E1));
#4089=CARTESIAN_POINT('',(-2.067473051546E1,5.263605894147E0,
-3.668970202343E1));
#4090=CARTESIAN_POINT('',(-2.016479477608E1,5.774570208526E0,
-3.664645173877E1));
#4091=CARTESIAN_POINT('',(-2.032110302855E1,5.612038353410E0,
-3.659580505069E1));
#4092=CARTESIAN_POINT('',(-2.047741128102E1,5.449506498293E0,
-3.654515836261E1));
#4093=CARTESIAN_POINT('',(-2.063371953349E1,5.286974643177E0,
-3.649451167453E1));
#4094=CARTESIAN_POINT('',(-2.015896015284E1,5.777810892549E0,
-3.661877675899E1));
#4095=CARTESIAN_POINT('',(-2.031551835837E1,5.615164051476E0,
-3.656924958741E1));
#4096=CARTESIAN_POINT('',(-2.047207656390E1,5.452517210402E0,
-3.651972241583E1));
#4097=CARTESIAN_POINT('',(-2.062863476943E1,5.289870369328E0,
-3.647019524425E1));
#4098=B_SPLINE_SURFACE_WITH_KNOTS('',3,3,((#4062,#4063,#4064,#4065),(#4066,
#4067,#4068,#4069),(#4070,#4071,#4072,#4073),(#4074,#4075,#4076,#4077),(#4078,
#4079,#4080,#4081),(#4082,#4083,#4084,#4085),(#4086,#4087,#4088,#4089),(#4090,
#4091,#4092,#4093),(#4094,#4095,#4096,#4097)),.UNSPECIFIED.,.F.,.F.,.F.,(4,1,1,
1,1,1,4),(4,4),(-4.896995470127E-2,0.E0,2.5E-1,5.E-1,7.5E-1,1.E0,
1.036167077679E0),(-3.170951183789E-1,1.317095118379E0),.UNSPECIFIED.);
#4099=ORIENTED_EDGE('',*,*,#3086,.T.);
#4100=ORIENTED_EDGE('',*,*,#4057,.T.);
#4102=ORIENTED_EDGE('',*,*,#4101,.F.);
#4104=ORIENTED_EDGE('',*,*,#4103,.F.);
#4105=EDGE_LOOP('',(#4099,#4100,#4102,#4104));
#4106=FACE_OUTER_BOUND('',#4105,.F.);
#4107=ADVANCED_FACE('',(#4106),#4098,.F.);
#4108=CARTESIAN_POINT('',(-1.954825935369E1,-2.125912532775E1,
-3.184746728331E1));
#4109=CARTESIAN_POINT('',(-1.961435696619E1,-2.131298630641E1,
-3.214570276685E1));
#4110=CARTESIAN_POINT('',(-1.973137844635E1,-2.142256557152E1,
-3.275616764944E1));
#4111=CARTESIAN_POINT('',(-2.029056654397E1,-2.156131945237E1,
-3.344180100220E1));
#4112=CARTESIAN_POINT('',(-2.115496277442E1,-2.163154578064E1,
-3.366523887274E1));
#4113=CARTESIAN_POINT('',(-2.176966391672E1,-2.162938238380E1,
-3.352203677634E1));
#4114=CARTESIAN_POINT('',(-2.207360080105E1,-2.162984195715E1,
-3.346009759507E1));
#4116=DIRECTION('',(-3.610348622615E-2,9.848077530122E-1,-1.698535483567E-1));
#4117=VECTOR('',#4116,1.E0);
#4118=SURFACE_OF_LINEAR_EXTRUSION('',#4115,#4117);
#4120=ORIENTED_EDGE('',*,*,#4119,.T.);
#4122=ORIENTED_EDGE('',*,*,#4121,.T.);
#4123=ORIENTED_EDGE('',*,*,#4101,.T.);
#4124=ORIENTED_EDGE('',*,*,#4029,.T.);
#4125=ORIENTED_EDGE('',*,*,#3351,.T.);
#4126=ORIENTED_EDGE('',*,*,#3398,.T.);
#4127=EDGE_LOOP('',(#4120,#4122,#4123,#4124,#4125,#4126));
#4128=FACE_OUTER_BOUND('',#4127,.F.);
#4129=ADVANCED_FACE('',(#4128),#4118,.F.);
#4130=CARTESIAN_POINT('',(-2.684461957375E1,5.376470161492E0,
-3.731392014640E1));
#4131=DIRECTION('',(2.047530450592E-1,1.736481776669E-1,9.632873407929E-1));
#4132=DIRECTION('',(9.781476007338E-1,0.E0,-2.079116908178E-1));
#4133=AXIS2_PLACEMENT_3D('',#4130,#4131,#4132);
#4134=PLANE('',#4133);
#4136=ORIENTED_EDGE('',*,*,#4135,.F.);
#4138=ORIENTED_EDGE('',*,*,#4137,.T.);
#4139=ORIENTED_EDGE('',*,*,#4119,.F.);
#4140=ORIENTED_EDGE('',*,*,#3412,.T.);
#4141=EDGE_LOOP('',(#4136,#4138,#4139,#4140));
#4142=FACE_OUTER_BOUND('',#4141,.F.);
#4143=ADVANCED_FACE('',(#4142),#4134,.T.);
#4144=CARTESIAN_POINT('',(-2.438078725455E1,2.180345334002E1,
-4.079868199077E1));
#4145=CARTESIAN_POINT('',(-2.482545639886E1,2.180315907565E1,
-4.070587078584E1));
#4146=CARTESIAN_POINT('',(-2.572597720843E1,2.180403800728E1,
-4.050936314938E1));
#4147=CARTESIAN_POINT('',(-2.698570911653E1,2.169988830243E1,
-4.084545694175E1));
#4148=CARTESIAN_POINT('',(-2.781036662676E1,2.149805252546E1,
-4.184041070377E1));
#4149=CARTESIAN_POINT('',(-2.799413624394E1,2.133800125984E1,
-4.272932356359E1));
#4150=CARTESIAN_POINT('',(-2.808880259611E1,2.125912181978E1,
-4.316654315368E1));
#4152=DIRECTION('',(3.610348622615E-2,-9.848077530122E-1,1.698535483567E-1));
#4153=VECTOR('',#4152,1.E0);
#4154=SURFACE_OF_LINEAR_EXTRUSION('',#4151,#4153);
#4156=ORIENTED_EDGE('',*,*,#4155,.F.);
#4158=ORIENTED_EDGE('',*,*,#4157,.T.);
#4159=ORIENTED_EDGE('',*,*,#4135,.T.);
#4160=ORIENTED_EDGE('',*,*,#3474,.T.);
#4161=EDGE_LOOP('',(#4156,#4158,#4159,#4160));
#4162=FACE_OUTER_BOUND('',#4161,.F.);
#4163=ADVANCED_FACE('',(#4162),#4154,.T.);
#4164=CARTESIAN_POINT('',(-3.442048224094E1,-1.048512412184E0,
-7.295555175574E1));
#4165=DIRECTION('',(-9.781476007338E-1,0.E0,2.079116908178E-1));
#4166=DIRECTION('',(2.047530450592E-1,1.736481776669E-1,9.632873407929E-1));
#4167=AXIS2_PLACEMENT_3D('',#4164,#4165,#4166);
#4168=PLANE('',#4167);
#4169=ORIENTED_EDGE('',*,*,#4155,.T.);
#4170=ORIENTED_EDGE('',*,*,#3488,.T.);
#4172=ORIENTED_EDGE('',*,*,#4171,.F.);
#4174=ORIENTED_EDGE('',*,*,#4173,.T.);
#4175=EDGE_LOOP('',(#4169,#4170,#4172,#4174));
#4176=FACE_OUTER_BOUND('',#4175,.F.);
#4177=ADVANCED_FACE('',(#4176),#4168,.T.);
#4178=CARTESIAN_POINT('',(-3.457840910773E1,2.130583818022E1,
-7.369774134690E1));
#4179=CARTESIAN_POINT('',(-3.466976032006E1,2.122695874016E1,
-7.413566559171E1));
#4180=CARTESIAN_POINT('',(-3.486343185363E1,2.106690747454E1,
-7.502247373423E1));
#4181=CARTESIAN_POINT('',(-3.451475388423E1,2.086507169757E1,
-7.626682765148E1));
#4182=CARTESIAN_POINT('',(-3.350063318261E1,2.076092199272E1,
-7.708624373632E1));
#4183=CARTESIAN_POINT('',(-3.259803963112E1,2.076180092435E1,
-7.727299988875E1));
#4184=CARTESIAN_POINT('',(-3.215406443625E1,2.076150665998E1,
-7.736907586910E1));
#4186=DIRECTION('',(3.610348622615E-2,-9.848077530122E-1,1.698535483567E-1));
#4187=VECTOR('',#4186,1.E0);
#4188=SURFACE_OF_LINEAR_EXTRUSION('',#4185,#4187);
#4190=ORIENTED_EDGE('',*,*,#4189,.F.);
#4192=ORIENTED_EDGE('',*,*,#4191,.T.);
#4193=ORIENTED_EDGE('',*,*,#4171,.T.);
#4194=ORIENTED_EDGE('',*,*,#3550,.T.);
#4195=EDGE_LOOP('',(#4190,#4192,#4193,#4194));
#4196=FACE_OUTER_BOUND('',#4195,.F.);
#4197=ADVANCED_FACE('',(#4196),#4188,.T.);
#4198=CARTESIAN_POINT('',(1.770978986208E0,-1.048512412184E0,
-8.064828431600E1));
#4199=DIRECTION('',(-2.047530450592E-1,-1.736481776669E-1,-9.632873407929E-1));
#4200=DIRECTION('',(-9.781476007338E-1,0.E0,2.079116908178E-1));
#4201=AXIS2_PLACEMENT_3D('',#4198,#4199,#4200);
#4202=PLANE('',#4201);
#4203=ORIENTED_EDGE('',*,*,#4189,.T.);
#4204=ORIENTED_EDGE('',*,*,#3564,.T.);
#4206=ORIENTED_EDGE('',*,*,#4205,.F.);
#4208=ORIENTED_EDGE('',*,*,#4207,.T.);
#4209=EDGE_LOOP('',(#4203,#4204,#4206,#4208));
#4210=FACE_OUTER_BOUND('',#4209,.F.);
#4211=ADVANCED_FACE('',(#4210),#4202,.T.);
#4212=CARTESIAN_POINT('',(-2.094638686396E0,2.076150665998E1,
-8.375840405227E1));
#4213=CARTESIAN_POINT('',(-1.649969542089E0,2.076180092435E1,
-8.385121525720E1));
#4214=CARTESIAN_POINT('',(-7.494487325112E-1,2.076092199272E1,
-8.404772289365E1));
#4215=CARTESIAN_POINT('',(5.102831755896E-1,2.086507169757E1,
-8.371162910128E1));
#4216=CARTESIAN_POINT('',(1.334940685811E0,2.106690747454E1,-8.271667533927E1));
#4217=CARTESIAN_POINT('',(1.518710302992E0,2.122695874016E1,-8.182776247944E1));
#4218=CARTESIAN_POINT('',(1.613376655170E0,2.130583818022E1,-8.139054288936E1));
#4220=DIRECTION('',(3.610348622615E-2,-9.848077530122E-1,1.698535483567E-1));
#4221=VECTOR('',#4220,1.E0);
#4222=SURFACE_OF_LINEAR_EXTRUSION('',#4219,#4221);
#4224=ORIENTED_EDGE('',*,*,#4223,.F.);
#4226=ORIENTED_EDGE('',*,*,#4225,.T.);
#4227=ORIENTED_EDGE('',*,*,#4205,.T.);
#4228=ORIENTED_EDGE('',*,*,#3626,.T.);
#4229=EDGE_LOOP('',(#4224,#4226,#4227,#4228));
#4230=FACE_OUTER_BOUND('',#4229,.F.);
#4231=ADVANCED_FACE('',(#4230),#4222,.T.);
#4232=CARTESIAN_POINT('',(9.346841653398E0,5.376470161492E0,-4.500665270666E1));
#4233=DIRECTION('',(9.781476007338E-1,0.E0,-2.079116908178E-1));
#4234=DIRECTION('',(-2.047530450592E-1,-1.736481776669E-1,-9.632873407929E-1));
#4235=AXIS2_PLACEMENT_3D('',#4232,#4233,#4234);
#4236=PLANE('',#4235);
#4238=ORIENTED_EDGE('',*,*,#4237,.F.);
#4240=ORIENTED_EDGE('',*,*,#4239,.T.);
#4241=ORIENTED_EDGE('',*,*,#4223,.T.);
#4242=ORIENTED_EDGE('',*,*,#3640,.T.);
#4243=EDGE_LOOP('',(#4238,#4240,#4241,#4242));
#4244=FACE_OUTER_BOUND('',#4243,.F.);
#4245=ADVANCED_FACE('',(#4244),#4236,.T.);
#4246=CARTESIAN_POINT('',(8.102983166787E0,2.125912181978E1,-5.085934469614E1));
#4247=CARTESIAN_POINT('',(8.194334379120E0,2.133800125984E1,-5.042142045133E1));
#4248=CARTESIAN_POINT('',(8.388005912684E0,2.149805252546E1,-4.953461230880E1));
#4249=CARTESIAN_POINT('',(8.039327943289E0,2.169988830243E1,-4.829025839155E1));
#4250=CARTESIAN_POINT('',(7.025207241664E0,2.180403800728E1,-4.747084230671E1));
#4251=CARTESIAN_POINT('',(6.122613690171E0,2.180315907565E1,-4.728408615428E1));
#4252=CARTESIAN_POINT('',(5.678638495302E0,2.180345334002E1,-4.718801017393E1));
#4254=DIRECTION('',(3.610348622615E-2,-9.848077530122E-1,1.698535483567E-1));
#4255=VECTOR('',#4254,1.E0);
#4256=SURFACE_OF_LINEAR_EXTRUSION('',#4253,#4255);
#4258=ORIENTED_EDGE('',*,*,#4257,.F.);
#4260=ORIENTED_EDGE('',*,*,#4259,.T.);
#4261=ORIENTED_EDGE('',*,*,#4237,.T.);
#4262=ORIENTED_EDGE('',*,*,#3702,.T.);
#4263=EDGE_LOOP('',(#4258,#4260,#4261,#4262));
#4264=FACE_OUTER_BOUND('',#4263,.F.);
#4265=ADVANCED_FACE('',(#4264),#4256,.T.);
#4266=CARTESIAN_POINT('',(3.477956048996E0,5.376470161492E0,-4.375918256175E1));
#4267=DIRECTION('',(2.047530450592E-1,1.736481776669E-1,9.632873407929E-1));
#4268=DIRECTION('',(9.781476007338E-1,0.E0,-2.079116908178E-1));
#4269=AXIS2_PLACEMENT_3D('',#4266,#4267,#4268);
#4270=PLANE('',#4269);
#4271=ORIENTED_EDGE('',*,*,#4257,.T.);
#4272=ORIENTED_EDGE('',*,*,#3716,.T.);
#4274=ORIENTED_EDGE('',*,*,#4273,.F.);
#4276=ORIENTED_EDGE('',*,*,#4275,.T.);
#4277=EDGE_LOOP('',(#4271,#4272,#4274,#4276));
#4278=FACE_OUTER_BOUND('',#4277,.F.);
#4279=ADVANCED_FACE('',(#4278),#4270,.T.);
#4280=CARTESIAN_POINT('',(3.344241412301E0,2.130583467225E1,-4.438644341828E1));
#4281=CARTESIAN_POINT('',(3.283321286538E0,2.125197369359E1,-4.468577941060E1));
#4282=CARTESIAN_POINT('',(3.141927291122E0,2.114239442848E1,-4.529106375515E1));
#4283=CARTESIAN_POINT('',(3.373898829397E0,2.100364054763E1,-4.614486327984E1));
#4284=CARTESIAN_POINT('',(4.072683709926E0,2.093341421936E1,-4.670056555261E1));
#4285=CARTESIAN_POINT('',(4.692486686251E0,2.093557761620E1,-4.681976540702E1));
#4286=CARTESIAN_POINT('',(4.995339781008E0,2.093511804285E1,-4.688680341737E1));
#4288=DIRECTION('',(3.610348622615E-2,-9.848077530122E-1,1.698535483567E-1));
#4289=VECTOR('',#4288,1.E0);
#4290=SURFACE_OF_LINEAR_EXTRUSION('',#4287,#4289);
#4291=ORIENTED_EDGE('',*,*,#4273,.T.);
#4292=ORIENTED_EDGE('',*,*,#3762,.T.);
#4293=ORIENTED_EDGE('',*,*,#3808,.T.);
#4294=ORIENTED_EDGE('',*,*,#3044,.T.);
#4296=ORIENTED_EDGE('',*,*,#4295,.T.);
#4298=ORIENTED_EDGE('',*,*,#4297,.T.);
#4299=EDGE_LOOP('',(#4291,#4292,#4293,#4294,#4296,#4298));
#4300=FACE_OUTER_BOUND('',#4299,.F.);
#4301=ADVANCED_FACE('',(#4300),#4290,.F.);
#4302=CARTESIAN_POINT('',(3.523346926520E0,5.778591921266E0,-4.164565147235E1));
#4303=CARTESIAN_POINT('',(3.686453429669E0,5.615913071982E0,-4.166438858979E1));
#4304=CARTESIAN_POINT('',(3.849559932818E0,5.453234222698E0,-4.168312570723E1));
#4305=CARTESIAN_POINT('',(4.012666435966E0,5.290555373414E0,-4.170186282467E1));
#4306=CARTESIAN_POINT('',(3.516948915342E0,5.775096618175E0,-4.167553448863E1));
#4307=CARTESIAN_POINT('',(3.680304230746E0,5.612543566119E0,-4.169303106693E1));
#4308=CARTESIAN_POINT('',(3.843659546150E0,5.449990514064E0,-4.171052764523E1));
#4309=CARTESIAN_POINT('',(4.007014861554E0,5.287437462008E0,-4.172802422353E1));
#4310=CARTESIAN_POINT('',(3.468682633526E0,5.748363627299E0,-4.190064126027E1));
#4311=CARTESIAN_POINT('',(3.633827784104E0,5.586759520648E0,-4.190956103320E1));
#4312=CARTESIAN_POINT('',(3.798972934683E0,5.425155413996E0,-4.191848080613E1));
#4313=CARTESIAN_POINT('',(3.964118085262E0,5.263551307345E0,-4.192740057907E1));
#4314=CARTESIAN_POINT('',(3.382573102957E0,5.692160192760E0,-4.232965860814E1));
#4315=CARTESIAN_POINT('',(3.550031531211E0,5.532656490580E0,-4.232959341817E1));
#4316=CARTESIAN_POINT('',(3.717489959464E0,5.373152788400E0,-4.232952822819E1));
#4317=CARTESIAN_POINT('',(3.884948387718E0,5.213649086220E0,-4.232946303821E1));
#4318=CARTESIAN_POINT('',(3.388708855549E0,5.609306178175E0,-4.290822217802E1));
#4319=CARTESIAN_POINT('',(3.557862377113E0,5.457647695196E0,-4.286131880608E1));
#4320=CARTESIAN_POINT('',(3.727015898676E0,5.305989212216E0,-4.281441543413E1));
#4321=CARTESIAN_POINT('',(3.896169420240E0,5.154330729236E0,-4.276751206218E1));
#4322=CARTESIAN_POINT('',(3.542546905704E0,5.533605948261E0,-4.341812906217E1));
#4323=CARTESIAN_POINT('',(3.698475292905E0,5.389447071206E0,-4.332507937260E1));
#4324=CARTESIAN_POINT('',(3.854403680105E0,5.245288194152E0,-4.323202968302E1));
#4325=CARTESIAN_POINT('',(4.010332067306E0,5.101129317098E0,-4.313897999345E1));
#4326=CARTESIAN_POINT('',(3.720335915719E0,5.492413999804E0,-4.369894379051E1));
#4327=CARTESIAN_POINT('',(3.859917700618E0,5.352346503729E0,-4.357859397185E1));
#4328=CARTESIAN_POINT('',(3.999499485517E0,5.212279007653E0,-4.345824415319E1));
#4329=CARTESIAN_POINT('',(4.139081270417E0,5.072211511578E0,-4.333789433454E1));
#4330=CARTESIAN_POINT('',(3.844979499210E0,5.471948368303E0,-4.384358357392E1));
#4331=CARTESIAN_POINT('',(3.973078529216E0,5.333840728387E0,-4.370944251534E1));
#4332=CARTESIAN_POINT('',(4.101177559223E0,5.195733088471E0,-4.357530145676E1));
#4333=CARTESIAN_POINT('',(4.229276589229E0,5.057625448555E0,-4.344116039817E1));
#4334=CARTESIAN_POINT('',(3.868595992011E0,5.468275167363E0,-4.386975281697E1));
#4335=CARTESIAN_POINT('',(3.994520302383E0,5.330516112862E0,-4.373313408312E1));
#4336=CARTESIAN_POINT('',(4.120444612755E0,5.192757058362E0,-4.359651534927E1));
#4337=CARTESIAN_POINT('',(4.246368923127E0,5.054998003861E0,-4.345989661541E1));
#4338=B_SPLINE_SURFACE_WITH_KNOTS('',3,3,((#4302,#4303,#4304,#4305),(#4306,
#4307,#4308,#4309),(#4310,#4311,#4312,#4313),(#4314,#4315,#4316,#4317),(#4318,
#4319,#4320,#4321),(#4322,#4323,#4324,#4325),(#4326,#4327,#4328,#4329),(#4330,
#4331,#4332,#4333),(#4334,#4335,#4336,#4337)),.UNSPECIFIED.,.F.,.F.,.F.,(4,1,1,
1,1,1,4),(4,4),(-3.842721123093E-2,0.E0,2.5E-1,5.E-1,7.5E-1,1.E0,
1.055629793555E0),(-3.170951183789E-1,1.317095118379E0),.UNSPECIFIED.);
#4339=ORIENTED_EDGE('',*,*,#3080,.T.);
#4341=ORIENTED_EDGE('',*,*,#4340,.T.);
#4342=ORIENTED_EDGE('',*,*,#4295,.F.);
#4343=ORIENTED_EDGE('',*,*,#3065,.F.);
#4344=EDGE_LOOP('',(#4339,#4341,#4342,#4343));
#4345=FACE_OUTER_BOUND('',#4344,.F.);
#4346=ADVANCED_FACE('',(#4345),#4338,.F.);
#4347=CARTESIAN_POINT('',(3.740672161455E0,5.490391648957E0,-4.371457200694E1));
#4348=CARTESIAN_POINT('',(3.878132525682E0,5.350592619368E0,-4.359222509511E1));
#4349=CARTESIAN_POINT('',(4.015592889910E0,5.210793589778E0,-4.346987818327E1));
#4350=CARTESIAN_POINT('',(4.153053254137E0,5.070994560188E0,-4.334753127144E1));
#4351=CARTESIAN_POINT('',(3.760211019085E0,5.486610739721E0,-4.374064676163E1));
#4352=CARTESIAN_POINT('',(3.895986478500E0,5.347143905032E0,-4.361601565229E1));
#4353=CARTESIAN_POINT('',(4.031761937914E0,5.207677070344E0,-4.349138454295E1));
#4354=CARTESIAN_POINT('',(4.167537397329E0,5.068210235655E0,-4.336675343360E1));
#4355=CARTESIAN_POINT('',(3.862213833267E0,5.467971097420E0,-4.387040043273E1));
#4356=CARTESIAN_POINT('',(3.988985602614E0,5.330159541092E0,-4.373425825646E1));
#4357=CARTESIAN_POINT('',(4.115757371960E0,5.192347984763E0,-4.359811608019E1));
#4358=CARTESIAN_POINT('',(4.242529141307E0,5.054536428434E0,-4.346197390392E1));
#4359=CARTESIAN_POINT('',(4.068961120424E0,5.440701576693E0,-4.407245410543E1));
#4360=CARTESIAN_POINT('',(4.176390140300E0,5.305410711895E0,-4.391758557766E1));
#4361=CARTESIAN_POINT('',(4.283819160176E0,5.170119847096E0,-4.376271704988E1));
#4362=CARTESIAN_POINT('',(4.391248180051E0,5.034828982298E0,-4.360784852211E1));
#4363=CARTESIAN_POINT('',(4.442166630276E0,5.413946972258E0,-4.430690409041E1));
#4364=CARTESIAN_POINT('',(4.519872074568E0,5.280756040447E0,-4.413354224873E1));
#4365=CARTESIAN_POINT('',(4.597577518860E0,5.147565108636E0,-4.396018040704E1));
#4366=CARTESIAN_POINT('',(4.675282963153E0,5.014374176825E0,-4.378681856536E1));
#4367=CARTESIAN_POINT('',(4.884692449835E0,5.401836184432E0,-4.447118398240E1));
#4368=CARTESIAN_POINT('',(4.932161736516E0,5.269315033697E0,-4.428751186863E1));
#4369=CARTESIAN_POINT('',(4.979631023196E0,5.136793882963E0,-4.410383975487E1));
#4370=CARTESIAN_POINT('',(5.027100309876E0,5.004272732229E0,-4.392016764111E1));
#4371=CARTESIAN_POINT('',(5.223372304423E0,5.401513261289E0,-4.454504491024E1));
#4372=CARTESIAN_POINT('',(5.266450107577E0,5.268950928847E0,-4.436067812863E1));
#4373=CARTESIAN_POINT('',(5.309527910730E0,5.136388596404E0,-4.417631134702E1));
#4374=CARTESIAN_POINT('',(5.352605713884E0,5.003826263961E0,-4.399194456541E1));
#4375=CARTESIAN_POINT('',(5.406064579201E0,5.401545007906E0,-4.458369328571E1));
#4376=CARTESIAN_POINT('',(5.443874782779E0,5.268986724043E0,-4.439818336766E1));
#4377=CARTESIAN_POINT('',(5.481684986357E0,5.136428440179E0,-4.421267344960E1));
#4378=CARTESIAN_POINT('',(5.519495189935E0,5.003870156316E0,-4.402716353155E1));
#4379=CARTESIAN_POINT('',(5.434087931968E0,5.401544018549E0,-4.458965556950E1));
#4380=CARTESIAN_POINT('',(5.470984184776E0,5.268987815631E0,-4.440393931993E1));
#4381=CARTESIAN_POINT('',(5.507880437584E0,5.136431612712E0,-4.421822307036E1));
#4382=CARTESIAN_POINT('',(5.544776690392E0,5.003875409794E0,-4.403250682079E1));
#4383=B_SPLINE_SURFACE_WITH_KNOTS('',3,3,((#4347,#4348,#4349,#4350),(#4351,
#4352,#4353,#4354),(#4355,#4356,#4357,#4358),(#4359,#4360,#4361,#4362),(#4363,
#4364,#4365,#4366),(#4367,#4368,#4369,#4370),(#4371,#4372,#4373,#4374),(#4375,
#4376,#4377,#4378),(#4379,#4380,#4381,#4382)),.UNSPECIFIED.,.F.,.F.,.F.,(4,1,1,
1,1,1,4),(4,4),(-6.060580320884E-2,0.E0,2.5E-1,5.E-1,7.5E-1,1.E0,
1.045379211354E0),(-3.170951183786E-1,1.317095118379E0),.UNSPECIFIED.);
#4384=ORIENTED_EDGE('',*,*,#3117,.T.);
#4386=ORIENTED_EDGE('',*,*,#4385,.T.);
#4387=ORIENTED_EDGE('',*,*,#4297,.F.);
#4388=ORIENTED_EDGE('',*,*,#4340,.F.);
#4389=EDGE_LOOP('',(#4384,#4386,#4387,#4388));
#4390=FACE_OUTER_BOUND('',#4389,.F.);
#4391=ADVANCED_FACE('',(#4390),#4383,.F.);
#4392=CARTESIAN_POINT('',(5.898027617005E0,5.202701771890E0,-4.439797685766E1));
#4393=DIRECTION('',(1.192532466950E-1,8.191520442890E-1,5.610424150542E-1));
#4394=DIRECTION('',(1.703112865650E-1,-5.735764363510E-1,8.012516067575E-1));
#4395=AXIS2_PLACEMENT_3D('',#4392,#4393,#4394);
#4396=PLANE('',#4395);
#4397=ORIENTED_EDGE('',*,*,#3115,.T.);
#4399=ORIENTED_EDGE('',*,*,#4398,.T.);
#4400=ORIENTED_EDGE('',*,*,#4275,.F.);
#4401=ORIENTED_EDGE('',*,*,#4385,.F.);
#4402=EDGE_LOOP('',(#4397,#4399,#4400,#4401));
#4403=FACE_OUTER_BOUND('',#4402,.F.);
#4404=ADVANCED_FACE('',(#4403),#4396,.T.);
#4405=CARTESIAN_POINT('',(6.265565391002E0,5.401534081936E0,-4.476644917160E1));
#4406=CARTESIAN_POINT('',(6.303564609168E0,5.268976053058E0,-4.458097795143E1));
#4407=CARTESIAN_POINT('',(6.341563827334E0,5.136418024181E0,-4.439550673126E1));
#4408=CARTESIAN_POINT('',(6.379563045500E0,5.003859995304E0,-4.421003551109E1));
#4409=CARTESIAN_POINT('',(6.286269122525E0,5.401537399138E0,-4.477083065251E1));
#4410=CARTESIAN_POINT('',(6.324748828751E0,5.268978732701E0,-4.458546525979E1));
#4411=CARTESIAN_POINT('',(6.363228534977E0,5.136420066264E0,-4.440009986707E1));
#4412=CARTESIAN_POINT('',(6.401708241203E0,5.003861399827E0,-4.421473447435E1));
#4413=CARTESIAN_POINT('',(6.522325029693E0,5.401568334593E0,-4.482082652130E1));
#4414=CARTESIAN_POINT('',(6.565919693710E0,5.269006956740E0,-4.463656406715E1));
#4415=CARTESIAN_POINT('',(6.609514357727E0,5.136445578888E0,-4.445230161301E1));
#4416=CARTESIAN_POINT('',(6.653109021743E0,5.003884201035E0,-4.426803915887E1));
#4417=CARTESIAN_POINT('',(6.999381667467E0,5.400957700161E0,-4.492576848716E1));
#4418=CARTESIAN_POINT('',(7.047251431104E0,5.268449842898E0,-4.474210442210E1));
#4419=CARTESIAN_POINT('',(7.095121194742E0,5.135941985635E0,-4.455844035704E1));
#4420=CARTESIAN_POINT('',(7.142990958380E0,5.003434128372E0,-4.437477629198E1));
#4421=CARTESIAN_POINT('',(7.522936262425E0,5.384163705237E0,-4.513442472576E1));
#4422=CARTESIAN_POINT('',(7.604878957851E0,5.250837129824E0,-4.496274999872E1));
#4423=CARTESIAN_POINT('',(7.686821653278E0,5.117510554411E0,-4.479107527168E1));
#4424=CARTESIAN_POINT('',(7.768764348704E0,4.984183978998E0,-4.461940054464E1));
#4425=CARTESIAN_POINT('',(7.928643258111E0,5.350670380095E0,-4.541485409368E1));
#4426=CARTESIAN_POINT('',(8.044412497340E0,5.214607505878E0,-4.526623443068E1));
#4427=CARTESIAN_POINT('',(8.160181736569E0,5.078544631661E0,-4.511761476768E1));
#4428=CARTESIAN_POINT('',(8.275950975798E0,4.942481757444E0,-4.496899510468E1));
#4429=CARTESIAN_POINT('',(8.213258917601E0,5.303845364317E0,-4.574684160092E1));
#4430=CARTESIAN_POINT('',(8.357613295289E0,5.163193041086E0,-4.563090743774E1));
#4431=CARTESIAN_POINT('',(8.501967672976E0,5.022540717854E0,-4.551497327457E1));
#4432=CARTESIAN_POINT('',(8.646322050664E0,4.881888394622E0,-4.539903911139E1));
#4433=CARTESIAN_POINT('',(8.404912683193E0,5.243434111462E0,-4.613784220061E1));
#4434=CARTESIAN_POINT('',(8.567892317465E0,5.096742308442E0,-4.606088375080E1));
#4435=CARTESIAN_POINT('',(8.730871951737E0,4.950050505422E0,-4.598392530098E1));
#4436=CARTESIAN_POINT('',(8.893851586010E0,4.803358702403E0,-4.590696685116E1));
#4437=CARTESIAN_POINT('',(8.499612274181E0,5.164159899121E0,-4.661760164688E1));
#4438=CARTESIAN_POINT('',(8.670155960529E0,5.010880557343E0,-4.658044541467E1));
#4439=CARTESIAN_POINT('',(8.840699646877E0,4.857601215565E0,-4.654328918245E1));
#4440=CARTESIAN_POINT('',(9.011243333226E0,4.704321873787E0,-4.650613295024E1));
#4441=CARTESIAN_POINT('',(8.479125927278E0,5.067554562125E0,-4.717336310860E1));
#4442=CARTESIAN_POINT('',(8.646893530454E0,4.908088980976E0,-4.717148450392E1));
#4443=CARTESIAN_POINT('',(8.814661133631E0,4.748623399826E0,-4.716960589924E1));
#4444=CARTESIAN_POINT('',(8.982428736807E0,4.589157818677E0,-4.716772729456E1));
#4445=CARTESIAN_POINT('',(8.383193258594E0,4.983463232967E0,-4.764053197201E1));
#4446=CARTESIAN_POINT('',(8.549803402420E0,4.823269901404E0,-4.764262682529E1));
#4447=CARTESIAN_POINT('',(8.716413546246E0,4.663076569841E0,-4.764472167856E1));
#4448=CARTESIAN_POINT('',(8.883023690072E0,4.502883238278E0,-4.764681653183E1));
#4449=CARTESIAN_POINT('',(8.333928320897E0,4.941821084893E0,-4.787150079578E1));
#4450=CARTESIAN_POINT('',(8.499495010813E0,4.780729921835E0,-4.787857946659E1));
#4451=CARTESIAN_POINT('',(8.665061700729E0,4.619638758778E0,-4.788565813739E1));
#4452=CARTESIAN_POINT('',(8.830628390645E0,4.458547595720E0,-4.789273680820E1));
#4453=CARTESIAN_POINT('',(8.329594800157E0,4.938160149769E0,-4.789180571211E1));
#4454=CARTESIAN_POINT('',(8.495065226822E0,4.776984315169E0,-4.789935484557E1));
#4455=CARTESIAN_POINT('',(8.660535653487E0,4.615808480570E0,-4.790690397903E1));
#4456=CARTESIAN_POINT('',(8.826006080152E0,4.454632645971E0,-4.791445311250E1));
#4457=B_SPLINE_SURFACE_WITH_KNOTS('',3,3,((#4405,#4406,#4407,#4408),(#4409,
#4410,#4411,#4412),(#4413,#4414,#4415,#4416),(#4417,#4418,#4419,#4420),(#4421,
#4422,#4423,#4424),(#4425,#4426,#4427,#4428),(#4429,#4430,#4431,#4432),(#4433,
#4434,#4435,#4436),(#4437,#4438,#4439,#4440),(#4441,#4442,#4443,#4444),(#4445,
#4446,#4447,#4448),(#4449,#4450,#4451,#4452),(#4453,#4454,#4455,#4456)),
.UNSPECIFIED.,.F.,.F.,.F.,(4,1,1,1,1,1,1,1,1,1,4),(4,4),(-1.210613555044E-2,
0.E0,1.25E-1,2.5E-1,3.75E-1,5.E-1,6.25E-1,7.5E-1,8.75E-1,1.E0,1.012134427674E0),
(-3.170951183786E-1,1.317095118379E0),.UNSPECIFIED.);
#4458=ORIENTED_EDGE('',*,*,#3113,.T.);
#4460=ORIENTED_EDGE('',*,*,#4459,.T.);
#4461=ORIENTED_EDGE('',*,*,#4259,.F.);
#4462=ORIENTED_EDGE('',*,*,#4398,.F.);
#4463=EDGE_LOOP('',(#4458,#4460,#4461,#4462));
#4464=FACE_OUTER_BOUND('',#4463,.F.);
#4465=ADVANCED_FACE('',(#4464),#4457,.F.);
#4466=CARTESIAN_POINT('',(5.417603702627E0,2.016257711702E0,-6.277080372545E1));
#4467=DIRECTION('',(6.661257815452E-1,6.963642403200E-1,-2.671203623168E-1));
#4468=DIRECTION('',(7.171838214152E-1,-6.963642403200E-1,-2.691117061357E-2));
#4469=AXIS2_PLACEMENT_3D('',#4466,#4467,#4468);
#4470=PLANE('',#4469);
#4471=ORIENTED_EDGE('',*,*,#3111,.T.);
#4473=ORIENTED_EDGE('',*,*,#4472,.T.);
#4474=ORIENTED_EDGE('',*,*,#4239,.F.);
#4475=ORIENTED_EDGE('',*,*,#4459,.F.);
#4476=EDGE_LOOP('',(#4471,#4473,#4474,#4475));
#4477=FACE_OUTER_BOUND('',#4476,.F.);
#4478=ADVANCED_FACE('',(#4477),#4470,.T.);
#4479=CARTESIAN_POINT('',(2.008356013890E0,-4.227912012229E-1,
-7.763088237783E1));
#4480=CARTESIAN_POINT('',(2.174394054376E0,-5.834856671259E-1,
-7.763576119448E1));
#4481=CARTESIAN_POINT('',(2.340432094861E0,-7.441801330290E-1,
-7.764064001113E1));
#4482=CARTESIAN_POINT('',(2.506470135346E0,-9.048745989321E-1,
-7.764551882778E1));
#4483=CARTESIAN_POINT('',(2.004041660960E0,-4.264659902218E-1,
-7.765127169292E1));
#4484=CARTESIAN_POINT('',(2.169975373462E0,-5.872458894667E-1,
-7.765662367491E1));
#4485=CARTESIAN_POINT('',(2.335909085964E0,-7.480257887116E-1,
-7.766197565691E1));
#4486=CARTESIAN_POINT('',(2.501842798466E0,-9.088056879564E-1,
-7.766732763891E1));
#4487=CARTESIAN_POINT('',(1.954810596255E0,-4.683659488252E-1,
-7.788374249732E1));
#4488=CARTESIAN_POINT('',(2.119657665749E0,-6.300544617283E-1,
-7.789413163151E1));
#4489=CARTESIAN_POINT('',(2.284504735243E0,-7.917429746314E-1,
-7.790452076570E1));
#4490=CARTESIAN_POINT('',(2.449351804737E0,-9.534314875345E-1,
-7.791490989990E1));
#4491=CARTESIAN_POINT('',(1.851359216231E0,-5.531844823372E-1,
-7.835352952679E1));
#4492=CARTESIAN_POINT('',(2.015626078180E0,-7.156207400125E-1,
-7.836813074452E1));
#4493=CARTESIAN_POINT('',(2.179892940128E0,-8.780569976879E-1,
-7.838273196224E1));
#4494=CARTESIAN_POINT('',(2.344159802077E0,-1.040493255363E0,
-7.839733317997E1));
#4495=CARTESIAN_POINT('',(1.643020415115E0,-6.496453056856E-1,
-7.886852382927E1));
#4496=CARTESIAN_POINT('',(1.795341021845E0,-8.183018286282E-1,
-7.891665077581E1));
#4497=CARTESIAN_POINT('',(1.947661628575E0,-9.869583515708E-1,
-7.896477772234E1));
#4498=CARTESIAN_POINT('',(2.099982235305E0,-1.155614874513E0,
-7.901290466888E1));
#4499=CARTESIAN_POINT('',(1.361162439294E0,-7.286805563181E-1,
-7.926685799827E1));
#4500=CARTESIAN_POINT('',(1.490313470149E0,-9.039150059413E-1,
-7.934819879747E1));
#4501=CARTESIAN_POINT('',(1.619464501005E0,-1.079149455564E0,
-7.942953959668E1));
#4502=CARTESIAN_POINT('',(1.748615531860E0,-1.254383905188E0,
-7.951088039589E1));
#4503=CARTESIAN_POINT('',(1.026265173178E0,-7.890094423953E-1,
-7.954545916005E1));
#4504=CARTESIAN_POINT('',(1.122447736197E0,-9.702792397085E-1,
-7.965478513012E1));
#4505=CARTESIAN_POINT('',(1.218630299216E0,-1.151549037022E0,
-7.976411110019E1));
#4506=CARTESIAN_POINT('',(1.314812862236E0,-1.332818834335E0,
-7.987343707027E1));
#4507=CARTESIAN_POINT('',(6.309436855084E-1,-8.356789993025E-1,
-7.973202021746E1));
#4508=CARTESIAN_POINT('',(6.877168367606E-1,-1.021519521666E0,
-7.985947043835E1));
#4509=CARTESIAN_POINT('',(7.444899880128E-1,-1.207360044030E0,
-7.998692065923E1));
#4510=CARTESIAN_POINT('',(8.012631392650E-1,-1.393200566393E0,
-8.011437088011E1));
#4511=CARTESIAN_POINT('',(1.450078569832E-1,-8.690850494200E-1,
-7.982241903344E1));
#4512=CARTESIAN_POINT('',(1.614645589203E-1,-1.057647351684E0,
-7.995708055834E1));
#4513=CARTESIAN_POINT('',(1.779212608573E-1,-1.246209653947E0,
-8.009174208324E1));
#4514=CARTESIAN_POINT('',(1.943779627943E-1,-1.434771956211E0,
-8.022640360813E1));
#4515=CARTESIAN_POINT('',(-4.187190986207E-1,-8.856702969838E-1,
-7.979875613073E1));
#4516=CARTESIAN_POINT('',(-4.380548324952E-1,-1.075034717010E0,
-7.993046040259E1));
#4517=CARTESIAN_POINT('',(-4.573905663697E-1,-1.264399137036E0,
-8.006216467445E1));
#4518=CARTESIAN_POINT('',(-4.767263002442E-1,-1.453763557062E0,
-8.019386894630E1));
#4519=CARTESIAN_POINT('',(-8.930738279213E-1,-8.862422174300E-1,
-7.970124490469E1));
#4520=CARTESIAN_POINT('',(-9.164462649820E-1,-1.075553494563E0,
-7.983178302728E1));
#4521=CARTESIAN_POINT('',(-9.398187020426E-1,-1.264864771696E0,
-7.996232114988E1));
#4522=CARTESIAN_POINT('',(-9.631911391033E-1,-1.454176048828E0,
-8.009285927247E1));
#4523=CARTESIAN_POINT('',(-1.127606782881E0,-8.862131727001E-1,
-7.965122498538E1));
#4524=CARTESIAN_POINT('',(-1.156039821955E0,-1.075527148672E0,
-7.978070309162E1));
#4525=CARTESIAN_POINT('',(-1.184472861030E0,-1.264841124643E0,
-7.991018119787E1));
#4526=CARTESIAN_POINT('',(-1.212905900104E0,-1.454155100614E0,
-8.003965930411E1));
#4527=CARTESIAN_POINT('',(-1.148225044726E0,-8.862101870925E-1,
-7.964682512804E1));
#4528=CARTESIAN_POINT('',(-1.177135780835E0,-1.075524797751E0,
-7.977620537655E1));
#4529=CARTESIAN_POINT('',(-1.206046516943E0,-1.264839408410E0,
-7.990558562505E1));
#4530=CARTESIAN_POINT('',(-1.234957253052E0,-1.454154019069E0,
-8.003496587356E1));
#4531=B_SPLINE_SURFACE_WITH_KNOTS('',3,3,((#4479,#4480,#4481,#4482),(#4483,
#4484,#4485,#4486),(#4487,#4488,#4489,#4490),(#4491,#4492,#4493,#4494),(#4495,
#4496,#4497,#4498),(#4499,#4500,#4501,#4502),(#4503,#4504,#4505,#4506),(#4507,
#4508,#4509,#4510),(#4511,#4512,#4513,#4514),(#4515,#4516,#4517,#4518),(#4519,
#4520,#4521,#4522),(#4523,#4524,#4525,#4526),(#4527,#4528,#4529,#4530)),
.UNSPECIFIED.,.F.,.F.,.F.,(4,1,1,1,1,1,1,1,1,1,4),(4,4),(-1.210613555044E-2,
0.E0,1.25E-1,2.5E-1,3.75E-1,5.E-1,6.25E-1,7.5E-1,8.75E-1,1.E0,1.012134427674E0),
(-3.170951183786E-1,1.317095118379E0),.UNSPECIFIED.);
#4532=ORIENTED_EDGE('',*,*,#3109,.T.);
#4534=ORIENTED_EDGE('',*,*,#4533,.T.);
#4535=ORIENTED_EDGE('',*,*,#4225,.F.);
#4536=ORIENTED_EDGE('',*,*,#4472,.F.);
#4537=EDGE_LOOP('',(#4532,#4534,#4535,#4536));
#4538=FACE_OUTER_BOUND('',#4537,.F.);
#4539=ADVANCED_FACE('',(#4538),#4531,.F.);
#4540=CARTESIAN_POINT('',(-1.628862314767E1,-1.170186348486E0,
-7.663194690250E1));
#4541=DIRECTION('',(-1.703112865649E-1,5.735764363511E-1,-8.012516067575E-1));
#4542=DIRECTION('',(-1.192532466950E-1,-8.191520442890E-1,-5.610424150542E-1));
#4543=AXIS2_PLACEMENT_3D('',#4540,#4541,#4542);
#4544=PLANE('',#4543);
#4545=ORIENTED_EDGE('',*,*,#3107,.T.);
#4547=ORIENTED_EDGE('',*,*,#4546,.T.);
#4548=ORIENTED_EDGE('',*,*,#4207,.F.);
#4549=ORIENTED_EDGE('',*,*,#4533,.F.);
#4550=EDGE_LOOP('',(#4545,#4547,#4548,#4549));
#4551=FACE_OUTER_BOUND('',#4550,.F.);
#4552=ADVANCED_FACE('',(#4551),#4544,.T.);
#4553=CARTESIAN_POINT('',(-3.134607492209E1,-8.862096940147E-1,
-7.322807112942E1));
#4554=CARTESIAN_POINT('',(-3.137227414732E1,-1.075524308148E0,
-7.335802774751E1));
#4555=CARTESIAN_POINT('',(-3.139847337254E1,-1.264838922282E0,
-7.348798436560E1));
#4556=CARTESIAN_POINT('',(-3.142467259777E1,-1.454153536416E0,
-7.361794098368E1));
#4557=CARTESIAN_POINT('',(-3.136677865361E1,-8.862130112168E-1,
-7.322368964851E1));
#4558=CARTESIAN_POINT('',(-3.139345836690E1,-1.075526987791E0,
-7.335354043915E1));
#4559=CARTESIAN_POINT('',(-3.142013808018E1,-1.264840964365E0,
-7.348339122979E1));
#4560=CARTESIAN_POINT('',(-3.144681779347E1,-1.454154940940E0,
-7.361324202043E1));
#4561=CARTESIAN_POINT('',(-3.160283456078E1,-8.862439466720E-1,
-7.317369377972E1));
#4562=CARTESIAN_POINT('',(-3.163462923186E1,-1.075555211831E0,
-7.330244163178E1));
#4563=CARTESIAN_POINT('',(-3.166642390293E1,-1.264866476989E0,
-7.343118948384E1));
#4564=CARTESIAN_POINT('',(-3.169821857401E1,-1.454177742148E0,
-7.355993733590E1));
#4565=CARTESIAN_POINT('',(-3.207989119855E1,-8.856333122403E-1,
-7.306875181386E1));
#4566=CARTESIAN_POINT('',(-3.211596096925E1,-1.074998097988E0,
-7.319690127684E1));
#4567=CARTESIAN_POINT('',(-3.215203073995E1,-1.264362883736E0,
-7.332505073981E1));
#4568=CARTESIAN_POINT('',(-3.218810051065E1,-1.453727669484E0,
-7.345320020279E1));
#4569=CARTESIAN_POINT('',(-3.260344579351E1,-8.688393173164E-1,
-7.286009557526E1));
#4570=CARTESIAN_POINT('',(-3.267358849600E1,-1.057385384914E0,
-7.297625570022E1));
#4571=CARTESIAN_POINT('',(-3.274373119848E1,-1.245931452512E0,
-7.309241582517E1));
#4572=CARTESIAN_POINT('',(-3.281387390097E1,-1.434477520110E0,
-7.320857595013E1));
#4573=CARTESIAN_POINT('',(-3.300915278920E1,-8.353459921744E-1,
-7.257966620734E1));
#4574=CARTESIAN_POINT('',(-3.311312203549E1,-1.021155760968E0,
-7.267277126826E1));
#4575=CARTESIAN_POINT('',(-3.321709128178E1,-1.206965529763E0,
-7.276587632917E1));
#4576=CARTESIAN_POINT('',(-3.332106052806E1,-1.392775298557E0,
-7.285898139009E1));
#4577=CARTESIAN_POINT('',(-3.329376844869E1,-7.885209763966E-1,
-7.224767870010E1));
#4578=CARTESIAN_POINT('',(-3.342632283344E1,-9.697412961757E-1,
-7.230809826119E1));
#4579=CARTESIAN_POINT('',(-3.355887721818E1,-1.150961615955E0,
-7.236851782229E1));
#4580=CARTESIAN_POINT('',(-3.369143160293E1,-1.332181935734E0,
-7.242893738338E1));
#4581=CARTESIAN_POINT('',(-3.348542221428E1,-7.281097235410E-1,
-7.185667810040E1));
#4582=CARTESIAN_POINT('',(-3.363660185561E1,-9.032905635323E-1,
-7.187812194814E1));
#4583=CARTESIAN_POINT('',(-3.378778149694E1,-1.078471403524E0,
-7.189956579588E1));
#4584=CARTESIAN_POINT('',(-3.393896113828E1,-1.253652243515E0,
-7.192100964361E1));
#4585=CARTESIAN_POINT('',(-3.358012180527E1,-6.488355111999E-1,
-7.137691865414E1));
#4586=CARTESIAN_POINT('',(-3.373886549868E1,-8.174288124330E-1,
-7.135856028427E1));
#4587=CARTESIAN_POINT('',(-3.389760919208E1,-9.860221136662E-1,
-7.134020191440E1));
#4588=CARTESIAN_POINT('',(-3.405635288549E1,-1.154615414899E0,
-7.132184354454E1));
#4589=CARTESIAN_POINT('',(-3.355963545837E1,-5.522301742040E-1,
-7.082115719242E1));
#4590=CARTESIAN_POINT('',(-3.371560306860E1,-7.146372360659E-1,
-7.076752119502E1));
#4591=CARTESIAN_POINT('',(-3.387157067884E1,-8.770442979278E-1,
-7.071388519762E1));
#4592=CARTESIAN_POINT('',(-3.402753828907E1,-1.039451359790E0,
-7.066024920022E1));
#4593=CARTESIAN_POINT('',(-3.346370278968E1,-4.681388450466E-1,
-7.035398832900E1));
#4594=CARTESIAN_POINT('',(-3.361851294057E1,-6.298181564946E-1,
-7.029637887365E1));
#4595=CARTESIAN_POINT('',(-3.377332309145E1,-7.914974679425E-1,
-7.023876941830E1));
#4596=CARTESIAN_POINT('',(-3.392813324234E1,-9.531767793905E-1,
-7.018115996295E1));
#4597=CARTESIAN_POINT('',(-3.341443785198E1,-4.264966969721E-1,
-7.012301950524E1));
#4598=CARTESIAN_POINT('',(-3.356820454896E1,-5.872781769256E-1,
-7.006042623235E1));
#4599=CARTESIAN_POINT('',(-3.372197124594E1,-7.480596568792E-1,
-6.999783295946E1));
#4600=CARTESIAN_POINT('',(-3.387573794291E1,-9.088411368327E-1,
-6.993523968658E1));
#4601=CARTESIAN_POINT('',(-3.341010433124E1,-4.228357618477E-1,
-7.010271458891E1));
#4602=CARTESIAN_POINT('',(-3.356377476497E1,-5.835325702596E-1,
-7.003965085337E1));
#4603=CARTESIAN_POINT('',(-3.371744519869E1,-7.442293786715E-1,
-6.997658711782E1));
#4604=CARTESIAN_POINT('',(-3.387111563242E1,-9.049261870834E-1,
-6.991352338228E1));
#4605=B_SPLINE_SURFACE_WITH_KNOTS('',3,3,((#4553,#4554,#4555,#4556),(#4557,
#4558,#4559,#4560),(#4561,#4562,#4563,#4564),(#4565,#4566,#4567,#4568),(#4569,
#4570,#4571,#4572),(#4573,#4574,#4575,#4576),(#4577,#4578,#4579,#4580),(#4581,
#4582,#4583,#4584),(#4585,#4586,#4587,#4588),(#4589,#4590,#4591,#4592),(#4593,
#4594,#4595,#4596),(#4597,#4598,#4599,#4600),(#4601,#4602,#4603,#4604)),
.UNSPECIFIED.,.F.,.F.,.F.,(4,1,1,1,1,1,1,1,1,1,4),(4,4),(-1.210613555044E-2,
0.E0,1.25E-1,2.5E-1,3.75E-1,5.E-1,6.25E-1,7.5E-1,8.75E-1,1.E0,1.012134427674E0),
(-3.170951183786E-1,1.317095118379E0),.UNSPECIFIED.);
#4606=ORIENTED_EDGE('',*,*,#3105,.T.);
#4608=ORIENTED_EDGE('',*,*,#4607,.T.);
#4609=ORIENTED_EDGE('',*,*,#4191,.F.);
#4610=ORIENTED_EDGE('',*,*,#4546,.F.);
#4611=EDGE_LOOP('',(#4606,#4608,#4609,#4610));
#4612=FACE_OUTER_BOUND('',#4611,.F.);
#4613=ADVANCED_FACE('',(#4612),#4605,.F.);
#4614=CARTESIAN_POINT('',(-3.048041324430E1,2.016257711702E0,
-5.514044467244E1));
#4615=DIRECTION('',(-7.171838214152E-1,6.963642403200E-1,2.691117061357E-2));
#4616=DIRECTION('',(-6.661257815452E-1,-6.963642403200E-1,2.671203623168E-1));
#4617=AXIS2_PLACEMENT_3D('',#4614,#4615,#4616);
#4618=PLANE('',#4617);
#4619=ORIENTED_EDGE('',*,*,#3103,.T.);
#4621=ORIENTED_EDGE('',*,*,#4620,.T.);
#4622=ORIENTED_EDGE('',*,*,#4173,.F.);
#4623=ORIENTED_EDGE('',*,*,#4607,.F.);
#4624=EDGE_LOOP('',(#4619,#4621,#4622,#4623));
#4625=FACE_OUTER_BOUND('',#4624,.F.);
#4626=ADVANCED_FACE('',(#4625),#4618,.T.);
#4627=CARTESIAN_POINT('',(-2.708886554498E1,4.938115589144E0,
-4.036363792318E1));
#4628=CARTESIAN_POINT('',(-2.724310359252E1,4.776937412036E0,
-4.030324450446E1));
#4629=CARTESIAN_POINT('',(-2.739734164007E1,4.615759234928E0,
-4.024285108573E1));
#4630=CARTESIAN_POINT('',(-2.755157968761E1,4.454581057820E0,
-4.018245766700E1));
#4631=CARTESIAN_POINT('',(-2.708455119205E1,4.941790378143E0,
-4.034324860810E1));
#4632=CARTESIAN_POINT('',(-2.723868491161E1,4.780697634376E0,
-4.028238202402E1));
#4633=CARTESIAN_POINT('',(-2.739281863117E1,4.619604890610E0,
-4.022151543995E1));
#4634=CARTESIAN_POINT('',(-2.754695235073E1,4.458512146844E0,
-4.016064885587E1));
#4635=CARTESIAN_POINT('',(-2.703532012734E1,4.983690336746E0,
-4.011077780370E1));
#4636=CARTESIAN_POINT('',(-2.718836720390E1,4.823506206638E0,
-4.004487406743E1));
#4637=CARTESIAN_POINT('',(-2.734141428045E1,4.663322076530E0,
-3.997897033115E1));
#4638=CARTESIAN_POINT('',(-2.749446135700E1,4.503137946422E0,
-3.991306659488E1));
#4639=CARTESIAN_POINT('',(-2.693186874732E1,5.068508870258E0,
-3.964099077423E1));
#4640=CARTESIAN_POINT('',(-2.708433561633E1,4.909072484922E0,
-3.957087495442E1));
#4641=CARTESIAN_POINT('',(-2.723680248533E1,4.749636099587E0,
-3.950075913461E1));
#4642=CARTESIAN_POINT('',(-2.738926935434E1,4.590199714251E0,
-3.943064331481E1));
#4643=CARTESIAN_POINT('',(-2.672352994620E1,5.164969693606E0,
-3.912599647175E1));
#4644=CARTESIAN_POINT('',(-2.686405055999E1,5.011753573538E0,
-3.902235492313E1));
#4645=CARTESIAN_POINT('',(-2.700457117378E1,4.858537453470E0,
-3.891871337451E1));
#4646=CARTESIAN_POINT('',(-2.714509178757E1,4.705321333401E0,
-3.881507182589E1));
#4647=CARTESIAN_POINT('',(-2.644167197038E1,5.244004944239E0,
-3.872766230275E1));
#4648=CARTESIAN_POINT('',(-2.655902300830E1,5.097366750851E0,
-3.859080690146E1));
#4649=CARTESIAN_POINT('',(-2.667637404621E1,4.950728557463E0,
-3.845395150017E1));
#4650=CARTESIAN_POINT('',(-2.679372508413E1,4.804090364075E0,
-3.831709609889E1));
#4651=CARTESIAN_POINT('',(-2.610677470427E1,5.304333830316E0,
-3.844906114097E1));
#4652=CARTESIAN_POINT('',(-2.619115727434E1,5.163730984618E0,
-3.828422056882E1));
#4653=CARTESIAN_POINT('',(-2.627553984442E1,5.023128138921E0,
-3.811937999666E1));
#4654=CARTESIAN_POINT('',(-2.635992241450E1,4.882525293223E0,
-3.795453942451E1));
#4655=CARTESIAN_POINT('',(-2.571145321660E1,5.351003387223E0,
-3.826250008356E1));
#4656=CARTESIAN_POINT('',(-2.575642637491E1,5.214971266576E0,
-3.807953526059E1));
#4657=CARTESIAN_POINT('',(-2.580139953322E1,5.078939145928E0,
-3.789657043763E1));
#4658=CARTESIAN_POINT('',(-2.584637269153E1,4.942907025281E0,
-3.771360561466E1));
#4659=CARTESIAN_POINT('',(-2.522551738807E1,5.384409437341E0,
-3.817210126758E1));
#4660=CARTESIAN_POINT('',(-2.523017409707E1,5.251099096593E0,
-3.798192514060E1));
#4661=CARTESIAN_POINT('',(-2.523483080606E1,5.117788755846E0,
-3.779174901362E1));
#4662=CARTESIAN_POINT('',(-2.523948751506E1,4.984478415099E0,
-3.760157288664E1));
#4663=CARTESIAN_POINT('',(-2.466179043247E1,5.400994684905E0,
-3.819576417029E1));
#4664=CARTESIAN_POINT('',(-2.463065470565E1,5.268486461920E0,
-3.800854529635E1));
#4665=CARTESIAN_POINT('',(-2.459951897884E1,5.135978238935E0,
-3.782132642241E1));
#4666=CARTESIAN_POINT('',(-2.456838325202E1,5.003470015950E0,
-3.763410754847E1));
#4667=CARTESIAN_POINT('',(-2.418743570317E1,5.401566605351E0,
-3.829327539632E1));
#4668=CARTESIAN_POINT('',(-2.415226327317E1,5.269005239473E0,
-3.810722267165E1));
#4669=CARTESIAN_POINT('',(-2.411709084316E1,5.136443873594E0,
-3.792116994698E1));
#4670=CARTESIAN_POINT('',(-2.408191841316E1,5.003882507716E0,
-3.773511722231E1));
#4671=CARTESIAN_POINT('',(-2.395290274821E1,5.401537560621E0,
-3.834329531564E1));
#4672=CARTESIAN_POINT('',(-2.391266971619E1,5.268978893581E0,
-3.815830260731E1));
#4673=CARTESIAN_POINT('',(-2.387243668418E1,5.136420226542E0,
-3.797330989899E1));
#4674=CARTESIAN_POINT('',(-2.383220365216E1,5.003861559502E0,
-3.778831719067E1));
#4675=CARTESIAN_POINT('',(-2.393228448636E1,5.401534575013E0,
-3.834769517298E1));
#4676=CARTESIAN_POINT('',(-2.389157375731E1,5.268976542661E0,
-3.816280032239E1));
#4677=CARTESIAN_POINT('',(-2.385086302826E1,5.136418510309E0,
-3.797790547180E1));
#4678=CARTESIAN_POINT('',(-2.381015229921E1,5.003860477956E0,
-3.779301062121E1));
#4679=B_SPLINE_SURFACE_WITH_KNOTS('',3,3,((#4627,#4628,#4629,#4630),(#4631,
#4632,#4633,#4634),(#4635,#4636,#4637,#4638),(#4639,#4640,#4641,#4642),(#4643,
#4644,#4645,#4646),(#4647,#4648,#4649,#4650),(#4651,#4652,#4653,#4654),(#4655,
#4656,#4657,#4658),(#4659,#4660,#4661,#4662),(#4663,#4664,#4665,#4666),(#4667,
#4668,#4669,#4670),(#4671,#4672,#4673,#4674),(#4675,#4676,#4677,#4678)),
.UNSPECIFIED.,.F.,.F.,.F.,(4,1,1,1,1,1,1,1,1,1,4),(4,4),(-1.210613555044E-2,
0.E0,1.25E-1,2.5E-1,3.75E-1,5.E-1,6.25E-1,7.5E-1,8.75E-1,1.E0,1.012134427674E0),
(-3.170951183786E-1,1.317095118379E0),.UNSPECIFIED.);
#4680=ORIENTED_EDGE('',*,*,#3101,.T.);
#4682=ORIENTED_EDGE('',*,*,#4681,.T.);
#4683=ORIENTED_EDGE('',*,*,#4157,.F.);
#4684=ORIENTED_EDGE('',*,*,#4620,.F.);
#4685=EDGE_LOOP('',(#4680,#4682,#4683,#4684));
#4686=FACE_OUTER_BOUND('',#4685,.F.);
#4687=ADVANCED_FACE('',(#4686),#4679,.F.);
#4688=CARTESIAN_POINT('',(-2.344640040501E1,5.202701771890E0,
-3.816062613313E1));
#4689=DIRECTION('',(1.192532466950E-1,8.191520442890E-1,5.610424150542E-1));
#4690=DIRECTION('',(1.703112865649E-1,-5.735764363510E-1,8.012516067575E-1));
#4691=AXIS2_PLACEMENT_3D('',#4688,#4689,#4690);
#4692=PLANE('',#4691);
#4693=ORIENTED_EDGE('',*,*,#3099,.T.);
#4695=ORIENTED_EDGE('',*,*,#4694,.T.);
#4696=ORIENTED_EDGE('',*,*,#4137,.F.);
#4697=ORIENTED_EDGE('',*,*,#4681,.F.);
#4698=EDGE_LOOP('',(#4693,#4695,#4696,#4697));
#4699=FACE_OUTER_BOUND('',#4698,.F.);
#4700=ADVANCED_FACE('',(#4699),#4692,.T.);
#4701=CARTESIAN_POINT('',(-2.310088861657E1,5.401546669022E0,
-3.852434369961E1));
#4702=CARTESIAN_POINT('',(-2.305903939072E1,5.268990404179E0,
-3.833968059600E1));
#4703=CARTESIAN_POINT('',(-2.301719016486E1,5.136434139336E0,
-3.815501749239E1));
#4704=CARTESIAN_POINT('',(-2.297534093900E1,5.003877874493E0,
-3.797035438878E1));
#4705=CARTESIAN_POINT('',(-2.307278786715E1,5.401545815343E0,
-3.853032164791E1));
#4706=CARTESIAN_POINT('',(-2.303186158417E1,5.268987511225E0,
-3.834547419041E1));
#4707=CARTESIAN_POINT('',(-2.299093530119E1,5.136429207107E0,
-3.816062673291E1));
#4708=CARTESIAN_POINT('',(-2.295000901821E1,5.003870902989E0,
-3.797577927542E1));
#4709=CARTESIAN_POINT('',(-2.288926809927E1,5.401508794078E0,
-3.856954462738E1));
#4710=CARTESIAN_POINT('',(-2.285366248388E1,5.268946571214E0,
-3.838358894789E1));
#4711=CARTESIAN_POINT('',(-2.281805686850E1,5.136384348351E0,
-3.819763326840E1));
#4712=CARTESIAN_POINT('',(-2.278245125311E1,5.003822125487E0,
-3.801167758891E1));
#4713=CARTESIAN_POINT('',(-2.254564001072E1,5.401885614138E0,
-3.864040023659E1));
#4714=CARTESIAN_POINT('',(-2.251451379917E1,5.269363278137E0,
-3.845326116712E1));
#4715=CARTESIAN_POINT('',(-2.248338758763E1,5.136840942135E0,
-3.826612209766E1));
#4716=CARTESIAN_POINT('',(-2.245226137608E1,5.004318606133E0,
-3.807898302820E1));
#4717=CARTESIAN_POINT('',(-2.208019636571E1,5.414009086565E0,
-3.866904166701E1));
#4718=CARTESIAN_POINT('',(-2.208067010080E1,5.280811278600E0,
-3.847910219558E1));
#4719=CARTESIAN_POINT('',(-2.208114383589E1,5.147613470635E0,
-3.828916272414E1));
#4720=CARTESIAN_POINT('',(-2.208161757098E1,5.014415662671E0,
-3.809922325270E1));
#4721=CARTESIAN_POINT('',(-2.164906754182E1,5.440210148668E0,
-3.860876765072E1));
#4722=CARTESIAN_POINT('',(-2.168368369651E1,5.304961823798E0,
-3.842345984331E1));
#4723=CARTESIAN_POINT('',(-2.171829985119E1,5.169713498929E0,
-3.823815203590E1));
#4724=CARTESIAN_POINT('',(-2.175291600588E1,5.034465174060E0,
-3.805284422849E1));
#4725=CARTESIAN_POINT('',(-2.137283306041E1,5.467845256192E0,
-3.850725525656E1));
#4726=CARTESIAN_POINT('',(-2.143320098445E1,5.330044561213E0,
-3.833127233660E1));
#4727=CARTESIAN_POINT('',(-2.149356890850E1,5.192243866234E0,
-3.815528941665E1));
#4728=CARTESIAN_POINT('',(-2.155393683255E1,5.054443171256E0,
-3.797930649669E1));
#4729=CARTESIAN_POINT('',(-2.122593109217E1,5.486629900804E0,
-3.842956720946E1));
#4730=CARTESIAN_POINT('',(-2.129928439952E1,5.347161596673E0,
-3.826049292830E1));
#4731=CARTESIAN_POINT('',(-2.137263770687E1,5.207693292543E0,
-3.809141864714E1));
#4732=CARTESIAN_POINT('',(-2.144599101422E1,5.068224988413E0,
-3.792234436599E1));
#4733=CARTESIAN_POINT('',(-2.119756697107E1,5.490412388370E0,
-3.841366539609E1));
#4734=CARTESIAN_POINT('',(-2.127337963348E1,5.350611804969E0,
-3.824599491199E1));
#4735=CARTESIAN_POINT('',(-2.134919229589E1,5.210811221567E0,
-3.807832442789E1));
#4736=CARTESIAN_POINT('',(-2.142500495830E1,5.071010638166E0,
-3.791065394378E1));
#4737=B_SPLINE_SURFACE_WITH_KNOTS('',3,3,((#4701,#4702,#4703,#4704),(#4705,
#4706,#4707,#4708),(#4709,#4710,#4711,#4712),(#4713,#4714,#4715,#4716),(#4717,
#4718,#4719,#4720),(#4721,#4722,#4723,#4724),(#4725,#4726,#4727,#4728),(#4729,
#4730,#4731,#4732),(#4733,#4734,#4735,#4736)),.UNSPECIFIED.,.F.,.F.,.F.,(4,1,1,
1,1,1,4),(4,4),(-4.535178472878E-2,0.E0,2.5E-1,5.E-1,7.5E-1,1.E0,
1.060187938375E0),(-3.170951183786E-1,1.317095118379E0),.UNSPECIFIED.);
#4738=ORIENTED_EDGE('',*,*,#3097,.T.);
#4739=ORIENTED_EDGE('',*,*,#4103,.T.);
#4740=ORIENTED_EDGE('',*,*,#4121,.F.);
#4741=ORIENTED_EDGE('',*,*,#4694,.F.);
#4742=EDGE_LOOP('',(#4738,#4739,#4740,#4741));
#4743=FACE_OUTER_BOUND('',#4742,.F.);
#4744=ADVANCED_FACE('',(#4743),#4737,.F.);
#4745=CARTESIAN_POINT('',(-2.069347750024E1,2.804366517519E0,
-3.211482090160E1));
#4746=CARTESIAN_POINT('',(-2.021898860264E1,1.928363547406E0,
-3.137844752183E1));
#4747=CARTESIAN_POINT('',(-1.974449970505E1,1.052360577293E0,
-3.064207414206E1));
#4748=CARTESIAN_POINT('',(-1.927001080745E1,1.763576071795E-1,
-2.990570076229E1));
#4749=CARTESIAN_POINT('',(-2.034913622791E1,2.804366517519E0,
-3.233663645594E1));
#4750=CARTESIAN_POINT('',(-1.988254286700E1,1.928363547406E0,
-3.159517697994E1));
#4751=CARTESIAN_POINT('',(-1.941594950609E1,1.052360577293E0,
-3.085371750395E1));
#4752=CARTESIAN_POINT('',(-1.894935614518E1,1.763576071795E-1,
-3.011225802795E1));
#4753=CARTESIAN_POINT('',(-1.998626679689E1,2.804366517519E0,
-3.256221897067E1));
#4754=CARTESIAN_POINT('',(-1.952799381211E1,1.928363547406E0,
-3.181558702433E1));
#4755=CARTESIAN_POINT('',(-1.906972082733E1,1.052360577293E0,
-3.106895507799E1));
#4756=CARTESIAN_POINT('',(-1.861144784255E1,1.763576071795E-1,
-3.032232313164E1));
#4757=CARTESIAN_POINT('',(-1.961951162789E1,2.804366517519E0,
-3.278183494354E1));
#4758=CARTESIAN_POINT('',(-1.916964811686E1,1.928363547406E0,
-3.203016733604E1));
#4759=CARTESIAN_POINT('',(-1.871978460583E1,1.052360577293E0,
-3.127849972854E1));
#4760=CARTESIAN_POINT('',(-1.826992109480E1,1.763576071795E-1,
-3.052683212104E1));
#4761=CARTESIAN_POINT('',(-1.960439688570E1,2.804366517519E0,
-3.279087170404E1));
#4762=CARTESIAN_POINT('',(-1.915487994655E1,1.928363547406E0,
-3.203899688910E1));
#4763=CARTESIAN_POINT('',(-1.870536300740E1,1.052360577293E0,
-3.128712207416E1));
#4764=CARTESIAN_POINT('',(-1.825584606825E1,1.763576071795E-1,
-3.053524725921E1));
#4765=B_SPLINE_SURFACE_WITH_KNOTS('',3,3,((#4745,#4746,#4747,#4748),(#4749,
#4750,#4751,#4752),(#4753,#4754,#4755,#4756),(#4757,#4758,#4759,#4760),(#4761,
#4762,#4763,#4764)),.UNSPECIFIED.,.F.,.F.,.F.,(4,1,4),(4,4),(9.948113059886E-1,
1.E0,1.000222926848E0),(2.516670591597E-2,7.167479981107E-1),.UNSPECIFIED.);
#4766=ORIENTED_EDGE('',*,*,#3953,.F.);
#4767=ORIENTED_EDGE('',*,*,#3998,.F.);
#4768=ORIENTED_EDGE('',*,*,#4025,.T.);
#4769=ORIENTED_EDGE('',*,*,#2740,.T.);
#4770=ORIENTED_EDGE('',*,*,#2779,.F.);
#4771=ORIENTED_EDGE('',*,*,#2823,.F.);
#4772=EDGE_LOOP('',(#4766,#4767,#4768,#4769,#4770,#4771));
#4773=FACE_OUTER_BOUND('',#4772,.F.);
#4774=ADVANCED_FACE('',(#4773),#4765,.T.);
#4775=CARTESIAN_POINT('',(-1.050462935940E1,2.090086041902E0,
-5.984148703569E1));
#4776=DIRECTION('',(-2.047530450592E-1,-1.736481776669E-1,-9.632873407929E-1));
#4777=DIRECTION('',(-9.781476007338E-1,0.E0,2.079116908178E-1));
#4778=AXIS2_PLACEMENT_3D('',#4775,#4776,#4777);
#4779=PLANE('',#4778);
#4780=ORIENTED_EDGE('',*,*,#3133,.F.);
#4782=ORIENTED_EDGE('',*,*,#4781,.T.);
#4784=ORIENTED_EDGE('',*,*,#4783,.T.);
#4786=ORIENTED_EDGE('',*,*,#4785,.F.);
#4787=EDGE_LOOP('',(#4780,#4782,#4784,#4786));
#4788=FACE_OUTER_BOUND('',#4787,.F.);
#4789=ADVANCED_FACE('',(#4788),#4779,.F.);
#4790=CARTESIAN_POINT('',(-1.123651259468E1,1.469386163986E0,
-6.328472694100E1));
#4791=DIRECTION('',(-9.781476007338E-1,0.E0,2.079116908178E-1));
#4792=DIRECTION('',(2.047530450592E-1,1.736481776669E-1,9.632873407929E-1));
#4793=AXIS2_PLACEMENT_3D('',#4790,#4791,#4792);
#4794=PLANE('',#4793);
#4795=ORIENTED_EDGE('',*,*,#3163,.F.);
#4797=ORIENTED_EDGE('',*,*,#4796,.T.);
#4799=ORIENTED_EDGE('',*,*,#4798,.T.);
#4800=ORIENTED_EDGE('',*,*,#4781,.F.);
#4801=EDGE_LOOP('',(#4795,#4797,#4799,#4800));
#4802=FACE_OUTER_BOUND('',#4801,.F.);
#4803=ADVANCED_FACE('',(#4802),#4794,.F.);
#4804=CARTESIAN_POINT('',(-1.025836499395E1,1.469386163986E0,
-6.349263863182E1));
#4805=DIRECTION('',(-2.047530450592E-1,-1.736481776669E-1,-9.632873407929E-1));
#4806=DIRECTION('',(-9.781476007338E-1,0.E0,2.079116908178E-1));
#4807=AXIS2_PLACEMENT_3D('',#4804,#4805,#4806);
#4808=PLANE('',#4807);
#4809=ORIENTED_EDGE('',*,*,#3161,.F.);
#4811=ORIENTED_EDGE('',*,*,#4810,.T.);
#4813=ORIENTED_EDGE('',*,*,#4812,.T.);
#4814=ORIENTED_EDGE('',*,*,#4796,.F.);
#4815=EDGE_LOOP('',(#4809,#4811,#4813,#4814));
#4816=FACE_OUTER_BOUND('',#4815,.F.);
#4817=ADVANCED_FACE('',(#4816),#4808,.F.);
#4818=CARTESIAN_POINT('',(-8.620340633476E0,2.858571585322E0,
-5.578633990548E1));
#4819=DIRECTION('',(9.781476007338E-1,0.E0,-2.079116908178E-1));
#4820=DIRECTION('',(-2.047530450592E-1,-1.736481776669E-1,-9.632873407929E-1));
#4821=AXIS2_PLACEMENT_3D('',#4818,#4819,#4820);
#4822=PLANE('',#4821);
#4823=ORIENTED_EDGE('',*,*,#3159,.F.);
#4825=ORIENTED_EDGE('',*,*,#4824,.T.);
#4827=ORIENTED_EDGE('',*,*,#4826,.T.);
#4828=ORIENTED_EDGE('',*,*,#4810,.F.);
#4829=EDGE_LOOP('',(#4823,#4825,#4827,#4828));
#4830=FACE_OUTER_BOUND('',#4829,.F.);
#4831=ADVANCED_FACE('',(#4830),#4822,.F.);
#4832=CARTESIAN_POINT('',(-1.253293103641E1,2.858571585322E0,
-5.495469314221E1));
#4833=DIRECTION('',(2.047530450592E-1,1.736481776669E-1,9.632873407929E-1));
#4834=DIRECTION('',(9.781476007338E-1,0.E0,-2.079116908178E-1));
#4835=AXIS2_PLACEMENT_3D('',#4832,#4833,#4834);
#4836=PLANE('',#4835);
#4837=ORIENTED_EDGE('',*,*,#3157,.F.);
#4839=ORIENTED_EDGE('',*,*,#4838,.T.);
#4841=ORIENTED_EDGE('',*,*,#4840,.T.);
#4842=ORIENTED_EDGE('',*,*,#4824,.F.);
#4843=EDGE_LOOP('',(#4837,#4839,#4841,#4842));
#4844=FACE_OUTER_BOUND('',#4843,.F.);
#4845=ADVANCED_FACE('',(#4844),#4836,.F.);
#4846=CARTESIAN_POINT('',(-1.338290577048E1,2.829014452221E0,
-5.494539714995E1));
#4847=DIRECTION('',(4.860893955467E-3,1.701353994972E-1,9.854087058413E-1));
#4848=DIRECTION('',(9.993362347040E-1,3.475104955195E-2,-1.092952710624E-2));
#4849=AXIS2_PLACEMENT_3D('',#4846,#4847,#4848);
#4850=PLANE('',#4849);
#4851=ORIENTED_EDGE('',*,*,#3155,.F.);
#4853=ORIENTED_EDGE('',*,*,#4852,.T.);
#4855=ORIENTED_EDGE('',*,*,#4854,.T.);
#4856=ORIENTED_EDGE('',*,*,#4838,.F.);
#4857=EDGE_LOOP('',(#4851,#4853,#4855,#4856));
#4858=FACE_OUTER_BOUND('',#4857,.F.);
#4859=ADVANCED_FACE('',(#4858),#4850,.F.);
#4860=CARTESIAN_POINT('',(-1.413955874944E1,2.740343052919E0,
-5.529868073855E1));
#4861=DIRECTION('',(-4.322400231226E-1,1.378554872663E-1,8.911590357739E-1));
#4862=DIRECTION('',(9.010355712697E-1,1.055914496425E-1,4.206962622476E-1));
#4863=AXIS2_PLACEMENT_3D('',#4860,#4861,#4862);
#4864=PLANE('',#4863);
#4865=ORIENTED_EDGE('',*,*,#3153,.F.);
#4867=ORIENTED_EDGE('',*,*,#4866,.T.);
#4869=ORIENTED_EDGE('',*,*,#4868,.T.);
#4870=ORIENTED_EDGE('',*,*,#4852,.F.);
#4871=EDGE_LOOP('',(#4865,#4867,#4869,#4870));
#4872=FACE_OUTER_BOUND('',#4871,.F.);
#4873=ADVANCED_FACE('',(#4872),#4864,.F.);
#4874=CARTESIAN_POINT('',(-1.476803886174E1,2.622114520516E0,
-5.585058002571E1));
#4875=DIRECTION('',(-6.671959834570E-1,1.027840144840E-1,7.377567119487E-1));
#4876=DIRECTION('',(7.440067593384E-1,1.399611945276E-1,6.533489160359E-1));
#4877=AXIS2_PLACEMENT_3D('',#4874,#4875,#4876);
#4878=PLANE('',#4877);
#4879=ORIENTED_EDGE('',*,*,#3151,.F.);
#4881=ORIENTED_EDGE('',*,*,#4880,.T.);
#4883=ORIENTED_EDGE('',*,*,#4882,.T.);
#4884=ORIENTED_EDGE('',*,*,#4866,.F.);
#4885=EDGE_LOOP('',(#4879,#4881,#4883,#4884));
#4886=FACE_OUTER_BOUND('',#4885,.F.);
#4887=ADVANCED_FACE('',(#4886),#4878,.F.);
#4888=CARTESIAN_POINT('',(-1.503561804034E1,2.533443121214E0,
-5.630781945971E1));
#4889=DIRECTION('',(-8.663406658182E-1,5.387952141153E-2,4.965388684908E-1));
#4890=DIRECTION('',(4.981469552572E-1,1.650778203742E-1,8.512337658884E-1));
#4891=AXIS2_PLACEMENT_3D('',#4888,#4889,#4890);
#4892=PLANE('',#4891);
#4893=ORIENTED_EDGE('',*,*,#3149,.F.);
#4895=ORIENTED_EDGE('',*,*,#4894,.T.);
#4897=ORIENTED_EDGE('',*,*,#4896,.T.);
#4898=ORIENTED_EDGE('',*,*,#4880,.F.);
#4899=EDGE_LOOP('',(#4893,#4895,#4897,#4898));
#4900=FACE_OUTER_BOUND('',#4899,.F.);
#4901=ADVANCED_FACE('',(#4900),#4892,.F.);
#4902=CARTESIAN_POINT('',(-1.517502444991E1,2.415214506010E0,
-5.696367505161E1));
#4903=DIRECTION('',(-9.781476007338E-1,0.E0,2.079116908178E-1));
#4904=DIRECTION('',(2.047530450592E-1,1.736481776669E-1,9.632873407929E-1));
#4905=AXIS2_PLACEMENT_3D('',#4902,#4903,#4904);
#4906=PLANE('',#4905);
#4907=ORIENTED_EDGE('',*,*,#3147,.F.);
#4909=ORIENTED_EDGE('',*,*,#4908,.T.);
#4911=ORIENTED_EDGE('',*,*,#4910,.T.);
#4912=ORIENTED_EDGE('',*,*,#4894,.F.);
#4913=EDGE_LOOP('',(#4907,#4909,#4911,#4912));
#4914=FACE_OUTER_BOUND('',#4913,.F.);
#4915=ADVANCED_FACE('',(#4914),#4906,.F.);
#4916=CARTESIAN_POINT('',(-1.511655473921E1,2.326543106708E0,
-5.749021831646E1));
#4917=DIRECTION('',(-9.934021325559E-1,-5.387952141153E-2,-1.012383336778E-1));
#4918=DIRECTION('',(-1.088519238035E-1,1.650778203742E-1,9.802553605591E-1));
#4919=AXIS2_PLACEMENT_3D('',#4916,#4917,#4918);
#4920=PLANE('',#4919);
#4921=ORIENTED_EDGE('',*,*,#3145,.F.);
#4923=ORIENTED_EDGE('',*,*,#4922,.T.);
#4925=ORIENTED_EDGE('',*,*,#4924,.T.);
#4926=ORIENTED_EDGE('',*,*,#4908,.F.);
#4927=EDGE_LOOP('',(#4921,#4923,#4925,#4926));
#4928=FACE_OUTER_BOUND('',#4927,.F.);
#4929=ADVANCED_FACE('',(#4928),#4920,.F.);
#4930=CARTESIAN_POINT('',(-1.476688725077E1,2.208314574305E0,
-5.825002929444E1));
#4931=DIRECTION('',(-9.095865484692E-1,-1.027840144840E-1,-4.026012384611E-1));
#4932=DIRECTION('',(-4.139430505833E-1,1.399611945276E-1,8.994787462193E-1));
#4933=AXIS2_PLACEMENT_3D('',#4930,#4931,#4932);
#4934=PLANE('',#4933);
#4935=ORIENTED_EDGE('',*,*,#3143,.F.);
#4937=ORIENTED_EDGE('',*,*,#4936,.T.);
#4939=ORIENTED_EDGE('',*,*,#4938,.T.);
#4940=ORIENTED_EDGE('',*,*,#4922,.F.);
#4941=EDGE_LOOP('',(#4935,#4937,#4939,#4940));
#4942=FACE_OUTER_BOUND('',#4941,.F.);
#4943=ADVANCED_FACE('',(#4942),#4934,.F.);
#4944=CARTESIAN_POINT('',(-1.418449216172E1,2.149200308104E0,
-5.871656462155E1));
#4945=DIRECTION('',(-6.271933620477E-1,-1.546519774588E-1,-7.633552596736E-1));
#4946=DIRECTION('',(-7.780263651610E-1,7.897123194628E-2,6.232483611204E-1));
#4947=AXIS2_PLACEMENT_3D('',#4944,#4945,#4946);
#4948=PLANE('',#4947);
#4949=ORIENTED_EDGE('',*,*,#3141,.F.);
#4951=ORIENTED_EDGE('',*,*,#4950,.T.);
#4953=ORIENTED_EDGE('',*,*,#4952,.T.);
#4954=ORIENTED_EDGE('',*,*,#4936,.F.);
#4955=EDGE_LOOP('',(#4949,#4951,#4953,#4954));
#4956=FACE_OUTER_BOUND('',#4955,.F.);
#4957=ADVANCED_FACE('',(#4956),#4948,.F.);
#4958=CARTESIAN_POINT('',(-1.645329995407E1,1.469386163986E0,
-6.217586455693E1));
#4959=DIRECTION('',(-8.401385295548E-1,6.212932320331E-2,5.388016317308E-1));
#4960=DIRECTION('',(5.411689102672E-1,1.621531276459E-1,8.251318523453E-1));
#4961=AXIS2_PLACEMENT_3D('',#4958,#4959,#4960);
#4962=PLANE('',#4961);
#4963=ORIENTED_EDGE('',*,*,#3139,.F.);
#4965=ORIENTED_EDGE('',*,*,#4964,.T.);
#4967=ORIENTED_EDGE('',*,*,#4966,.T.);
#4968=ORIENTED_EDGE('',*,*,#4950,.F.);
#4969=EDGE_LOOP('',(#4963,#4965,#4967,#4968));
#4970=FACE_OUTER_BOUND('',#4969,.F.);
#4971=ADVANCED_FACE('',(#4970),#4962,.F.);
#4972=CARTESIAN_POINT('',(-1.531212744227E1,1.469386163986E0,
-6.241842826231E1));
#4973=DIRECTION('',(-2.047530450592E-1,-1.736481776669E-1,-9.632873407929E-1));
#4974=DIRECTION('',(-9.781476007338E-1,0.E0,2.079116908178E-1));
#4975=AXIS2_PLACEMENT_3D('',#4972,#4973,#4974);
#4976=PLANE('',#4975);
#4977=ORIENTED_EDGE('',*,*,#3137,.F.);
#4979=ORIENTED_EDGE('',*,*,#4978,.T.);
#4981=ORIENTED_EDGE('',*,*,#4980,.T.);
#4982=ORIENTED_EDGE('',*,*,#4964,.F.);
#4983=EDGE_LOOP('',(#4977,#4979,#4981,#4982));
#4984=FACE_OUTER_BOUND('',#4983,.F.);
#4985=ADVANCED_FACE('',(#4984),#4976,.F.);
#4986=CARTESIAN_POINT('',(-1.327604748375E1,2.090086041902E0,
-5.925240392823E1));
#4987=DIRECTION('',(8.449048125169E-1,-6.068883535394E-2,-5.314628143616E-1));
#4988=DIRECTION('',(-5.336969140515E-1,-1.626977408277E-1,-8.298777313927E-1));
#4989=AXIS2_PLACEMENT_3D('',#4986,#4987,#4988);
#4990=PLANE('',#4989);
#4991=ORIENTED_EDGE('',*,*,#3135,.F.);
#4992=ORIENTED_EDGE('',*,*,#4785,.T.);
#4994=ORIENTED_EDGE('',*,*,#4993,.T.);
#4995=ORIENTED_EDGE('',*,*,#4978,.F.);
#4996=EDGE_LOOP('',(#4991,#4992,#4994,#4995));
#4997=FACE_OUTER_BOUND('',#4996,.F.);
#4998=ADVANCED_FACE('',(#4997),#4990,.F.);
#4999=CARTESIAN_POINT('',(-4.513612932321E-1,1.231194401007E1,
-2.123487930393E0));
#5000=DIRECTION('',(-3.610348622615E-2,9.848077530122E-1,-1.698535483567E-1));
#5001=DIRECTION('',(-9.993480566261E-1,-3.557818811028E-2,6.136305767445E-3));
#5002=AXIS2_PLACEMENT_3D('',#4999,#5000,#5001);
#5003=PLANE('',#5002);
#5004=ORIENTED_EDGE('',*,*,#4783,.F.);
#5005=ORIENTED_EDGE('',*,*,#4798,.F.);
#5006=ORIENTED_EDGE('',*,*,#4812,.F.);
#5007=ORIENTED_EDGE('',*,*,#4826,.F.);
#5008=ORIENTED_EDGE('',*,*,#4840,.F.);
#5009=ORIENTED_EDGE('',*,*,#4854,.F.);
#5010=ORIENTED_EDGE('',*,*,#4868,.F.);
#5011=ORIENTED_EDGE('',*,*,#4882,.F.);
#5012=ORIENTED_EDGE('',*,*,#4896,.F.);
#5013=ORIENTED_EDGE('',*,*,#4910,.F.);
#5014=ORIENTED_EDGE('',*,*,#4924,.F.);
#5015=ORIENTED_EDGE('',*,*,#4938,.F.);
#5016=ORIENTED_EDGE('',*,*,#4952,.F.);
#5017=ORIENTED_EDGE('',*,*,#4966,.F.);
#5018=ORIENTED_EDGE('',*,*,#4980,.F.);
#5019=ORIENTED_EDGE('',*,*,#4993,.F.);
#5020=EDGE_LOOP('',(#5004,#5005,#5006,#5007,#5008,#5009,#5010,#5011,#5012,#5013,
#5014,#5015,#5016,#5017,#5018,#5019));
#5021=FACE_OUTER_BOUND('',#5020,.F.);
#5023=ORIENTED_EDGE('',*,*,#5022,.F.);
#5025=ORIENTED_EDGE('',*,*,#5024,.F.);
#5027=ORIENTED_EDGE('',*,*,#5026,.F.);
#5029=ORIENTED_EDGE('',*,*,#5028,.F.);
#5031=ORIENTED_EDGE('',*,*,#5030,.F.);
#5033=ORIENTED_EDGE('',*,*,#5032,.F.);
#5035=ORIENTED_EDGE('',*,*,#5034,.F.);
#5037=ORIENTED_EDGE('',*,*,#5036,.F.);
#5039=ORIENTED_EDGE('',*,*,#5038,.F.);
#5041=ORIENTED_EDGE('',*,*,#5040,.F.);
#5042=EDGE_LOOP('',(#5023,#5025,#5027,#5029,#5031,#5033,#5035,#5037,#5039,
#5041));
#5043=FACE_BOUND('',#5042,.F.);
#5044=ADVANCED_FACE('',(#5021,#5043),#5003,.T.);
#5045=CARTESIAN_POINT('',(-1.339298713836E1,2.267428840506E0,
-5.819931734896E1));
#5046=DIRECTION('',(2.047530450592E-1,1.736481776669E-1,9.632873407929E-1));
#5047=DIRECTION('',(9.781476007338E-1,0.E0,-2.079116908178E-1));
#5048=AXIS2_PLACEMENT_3D('',#5045,#5046,#5047);
#5049=PLANE('',#5048);
#5050=ORIENTED_EDGE('',*,*,#3173,.F.);
#5052=ORIENTED_EDGE('',*,*,#5051,.T.);
#5053=ORIENTED_EDGE('',*,*,#5022,.T.);
#5055=ORIENTED_EDGE('',*,*,#5054,.F.);
#5056=EDGE_LOOP('',(#5050,#5052,#5053,#5055));
#5057=FACE_OUTER_BOUND('',#5056,.F.);
#5058=ADVANCED_FACE('',(#5057),#5049,.F.);
#5059=CARTESIAN_POINT('',(-1.384720936074E1,2.296985973607E0,
-5.793139772041E1));
#5060=DIRECTION('',(5.090509802193E-1,1.643840331093E-1,8.448934780175E-1));
#5061=DIRECTION('',(8.599788589379E-1,-5.596051523854E-2,-5.072521886736E-1));
#5062=AXIS2_PLACEMENT_3D('',#5059,#5060,#5061);
#5063=PLANE('',#5062);
#5064=ORIENTED_EDGE('',*,*,#3191,.F.);
#5066=ORIENTED_EDGE('',*,*,#5065,.T.);
#5067=ORIENTED_EDGE('',*,*,#5024,.T.);
#5068=ORIENTED_EDGE('',*,*,#5051,.F.);
#5069=EDGE_LOOP('',(#5064,#5066,#5067,#5068));
#5070=FACE_OUTER_BOUND('',#5069,.F.);
#5071=ADVANCED_FACE('',(#5070),#5063,.F.);
#5072=CARTESIAN_POINT('',(-1.410355556049E1,2.356100239808E0,
-5.753416622414E1));
#5073=DIRECTION('',(8.421468057470E-1,1.214886072556E-1,5.253848835637E-1));
#5074=DIRECTION('',(5.380383776762E-1,-1.240733972862E-1,-8.337388657328E-1));
#5075=AXIS2_PLACEMENT_3D('',#5072,#5073,#5074);
#5076=PLANE('',#5075);
#5077=ORIENTED_EDGE('',*,*,#3189,.F.);
#5079=ORIENTED_EDGE('',*,*,#5078,.T.);
#5080=ORIENTED_EDGE('',*,*,#5026,.T.);
#5081=ORIENTED_EDGE('',*,*,#5065,.F.);
#5082=EDGE_LOOP('',(#5077,#5079,#5080,#5081));
#5083=FACE_OUTER_BOUND('',#5082,.F.);
#5084=ADVANCED_FACE('',(#5083),#5076,.F.);
#5085=CARTESIAN_POINT('',(-1.416202527119E1,2.444771639110E0,
-5.700762295929E1));
#5086=DIRECTION('',(9.934021325559E-1,5.387952141153E-2,1.012383336778E-1));
#5087=DIRECTION('',(1.088519238035E-1,-1.650778203742E-1,-9.802553605591E-1));
#5088=AXIS2_PLACEMENT_3D('',#5085,#5086,#5087);
#5089=PLANE('',#5088);
#5090=ORIENTED_EDGE('',*,*,#3187,.F.);
#5092=ORIENTED_EDGE('',*,*,#5091,.T.);
#5093=ORIENTED_EDGE('',*,*,#5028,.T.);
#5094=ORIENTED_EDGE('',*,*,#5078,.F.);
#5095=EDGE_LOOP('',(#5090,#5092,#5093,#5094));
#5096=FACE_OUTER_BOUND('',#5095,.F.);
#5097=ADVANCED_FACE('',(#5096),#5089,.F.);
#5098=CARTESIAN_POINT('',(-1.405747043961E1,2.533443121214E0,
-5.651573115053E1));
#5099=DIRECTION('',(9.781476007338E-1,0.E0,-2.079116908178E-1));
#5100=DIRECTION('',(-2.047530450592E-1,-1.736481776669E-1,-9.632873407929E-1));
#5101=AXIS2_PLACEMENT_3D('',#5098,#5099,#5100);
#5102=PLANE('',#5101);
#5103=ORIENTED_EDGE('',*,*,#3185,.F.);
#5105=ORIENTED_EDGE('',*,*,#5104,.T.);
#5106=ORIENTED_EDGE('',*,*,#5030,.T.);
#5107=ORIENTED_EDGE('',*,*,#5091,.F.);
#5108=EDGE_LOOP('',(#5103,#5105,#5106,#5107));
#5109=FACE_OUTER_BOUND('',#5108,.F.);
#5110=ADVANCED_FACE('',(#5109),#5102,.F.);
#5111=CARTESIAN_POINT('',(-1.378989126101E1,2.622114520516E0,
-5.605849171652E1));
#5112=DIRECTION('',(8.663406658182E-1,-5.387952141153E-2,-4.965388684908E-1));
#5113=DIRECTION('',(-4.981469552572E-1,-1.650778203742E-1,-8.512337658884E-1));
#5114=AXIS2_PLACEMENT_3D('',#5111,#5112,#5113);
#5115=PLANE('',#5114);
#5116=ORIENTED_EDGE('',*,*,#3183,.F.);
#5118=ORIENTED_EDGE('',*,*,#5117,.T.);
#5119=ORIENTED_EDGE('',*,*,#5032,.T.);
#5120=ORIENTED_EDGE('',*,*,#5104,.F.);
#5121=EDGE_LOOP('',(#5116,#5118,#5119,#5120));
#5122=FACE_OUTER_BOUND('',#5121,.F.);
#5123=ADVANCED_FACE('',(#5122),#5115,.F.);
#5124=CARTESIAN_POINT('',(-1.339413874933E1,2.681228786718E0,
-5.579986808023E1));
#5125=DIRECTION('',(5.556461051950E-1,-1.214886072556E-1,-8.224949386402E-1));
#5126=DIRECTION('',(-8.306346634135E-1,-1.240733972862E-1,-5.428184300683E-1));
#5127=AXIS2_PLACEMENT_3D('',#5124,#5125,#5126);
#5128=PLANE('',#5127);
#5129=ORIENTED_EDGE('',*,*,#3181,.F.);
#5131=ORIENTED_EDGE('',*,*,#5130,.T.);
#5132=ORIENTED_EDGE('',*,*,#5034,.T.);
#5133=ORIENTED_EDGE('',*,*,#5117,.F.);
#5134=EDGE_LOOP('',(#5129,#5131,#5132,#5133));
#5135=FACE_OUTER_BOUND('',#5134,.F.);
#5136=ADVANCED_FACE('',(#5135),#5128,.F.);
#5137=CARTESIAN_POINT('',(-1.287021337098E1,2.710785919818E0,
-5.573986014249E1));
#5138=DIRECTION('',(1.213920736824E-1,-1.643840331093E-1,-9.788982858836E-1));
#5139=DIRECTION('',(-9.919478326653E-1,-5.596051523854E-2,-1.136130186415E-1));
#5140=AXIS2_PLACEMENT_3D('',#5137,#5138,#5139);
#5141=PLANE('',#5140);
#5142=ORIENTED_EDGE('',*,*,#3179,.F.);
#5144=ORIENTED_EDGE('',*,*,#5143,.T.);
#5145=ORIENTED_EDGE('',*,*,#5036,.T.);
#5146=ORIENTED_EDGE('',*,*,#5130,.F.);
#5147=EDGE_LOOP('',(#5142,#5144,#5145,#5146));
#5148=FACE_OUTER_BOUND('',#5147,.F.);
#5149=ADVANCED_FACE('',(#5148),#5141,.F.);
#5150=CARTESIAN_POINT('',(-9.772746124125E0,2.710785919818E0,
-5.639824713037E1));
#5151=DIRECTION('',(-2.047530450592E-1,-1.736481776669E-1,-9.632873407929E-1));
#5152=DIRECTION('',(-9.781476007338E-1,0.E0,2.079116908178E-1));
#5153=AXIS2_PLACEMENT_3D('',#5150,#5151,#5152);
#5154=PLANE('',#5153);
#5155=ORIENTED_EDGE('',*,*,#3177,.F.);
#5157=ORIENTED_EDGE('',*,*,#5156,.T.);
#5158=ORIENTED_EDGE('',*,*,#5038,.T.);
#5159=ORIENTED_EDGE('',*,*,#5143,.F.);
#5160=EDGE_LOOP('',(#5155,#5157,#5158,#5159));
#5161=FACE_OUTER_BOUND('',#5160,.F.);
#5162=ADVANCED_FACE('',(#5161),#5154,.F.);
#5163=CARTESIAN_POINT('',(-1.029551989151E1,2.267428840506E0,
-5.885770433683E1));
#5164=DIRECTION('',(-9.781476007338E-1,0.E0,2.079116908178E-1));
#5165=DIRECTION('',(2.047530450592E-1,1.736481776669E-1,9.632873407929E-1));
#5166=AXIS2_PLACEMENT_3D('',#5163,#5164,#5165);
#5167=PLANE('',#5166);
#5168=ORIENTED_EDGE('',*,*,#3175,.F.);
#5169=ORIENTED_EDGE('',*,*,#5054,.T.);
#5170=ORIENTED_EDGE('',*,*,#5040,.T.);
#5171=ORIENTED_EDGE('',*,*,#5156,.F.);
#5172=EDGE_LOOP('',(#5168,#5169,#5170,#5171));
#5173=FACE_OUTER_BOUND('',#5172,.F.);
#5174=ADVANCED_FACE('',(#5173),#5167,.F.);
#5175=CARTESIAN_POINT('',(4.764712321136E0,5.75E0,-3.698401010857E1));
#5176=DIRECTION('',(6.916548014802E-1,7.071067811865E-1,-1.470157664652E-1));
#5177=DIRECTION('',(6.916548014802E-1,-7.071067811865E-1,-1.470157664652E-1));
#5178=AXIS2_PLACEMENT_3D('',#5175,#5176,#5177);
#5179=PLANE('',#5178);
#5180=ORIENTED_EDGE('',*,*,#2620,.T.);
#5181=ORIENTED_EDGE('',*,*,#3068,.T.);
#5182=ORIENTED_EDGE('',*,*,#3053,.F.);
#5184=ORIENTED_EDGE('',*,*,#5183,.F.);
#5185=EDGE_LOOP('',(#5180,#5181,#5182,#5184));
#5186=FACE_OUTER_BOUND('',#5185,.F.);
#5187=ADVANCED_FACE('',(#5186),#5179,.T.);
#5188=CARTESIAN_POINT('',(8.061780913401E0,5.749999990199E0,-3.662318512233E1));
#5189=DIRECTION('',(0.E0,1.E0,0.E0));
#5190=DIRECTION('',(0.E0,0.E0,-1.E0));
#5191=AXIS2_PLACEMENT_3D('',#5188,#5189,#5190);
#5192=CONICAL_SURFACE('',#5191,3.149999990199E0,4.5E1);
#5193=ORIENTED_EDGE('',*,*,#2622,.T.);
#5194=ORIENTED_EDGE('',*,*,#5183,.T.);
#5196=ORIENTED_EDGE('',*,*,#5195,.F.);
#5198=ORIENTED_EDGE('',*,*,#5197,.F.);
#5199=EDGE_LOOP('',(#5193,#5194,#5196,#5198));
#5200=FACE_OUTER_BOUND('',#5199,.F.);
#5201=ADVANCED_FACE('',(#5200),#5192,.F.);
#5202=CARTESIAN_POINT('',(8.061780913401E0,2.128248E1,-3.662318512233E1));
#5203=DIRECTION('',(0.E0,-1.E0,0.E0));
#5204=DIRECTION('',(-2.149808243574E-1,0.E0,9.766182699288E-1));
#5205=AXIS2_PLACEMENT_3D('',#5202,#5203,#5204);
#5206=CYLINDRICAL_SURFACE('',#5205,3.E0);
#5207=ORIENTED_EDGE('',*,*,#5195,.T.);
#5208=ORIENTED_EDGE('',*,*,#3051,.F.);
#5209=ORIENTED_EDGE('',*,*,#3032,.F.);
#5210=ORIENTED_EDGE('',*,*,#2998,.F.);
#5211=ORIENTED_EDGE('',*,*,#2429,.T.);
#5212=EDGE_LOOP('',(#5207,#5208,#5209,#5210,#5211));
#5213=FACE_OUTER_BOUND('',#5212,.F.);
#5214=ADVANCED_FACE('',(#5213),#5206,.F.);
#5215=CARTESIAN_POINT('',(3.610445276081E-13,5.750002513858E0,
-3.188560526723E-13));
#5216=DIRECTION('',(0.E0,-1.E0,0.E0));
#5217=DIRECTION('',(0.E0,0.E0,-1.E0));
#5218=AXIS2_PLACEMENT_3D('',#5215,#5216,#5217);
#5219=CONICAL_SURFACE('',#5218,3.434999748614E1,4.5E1);
#5220=ORIENTED_EDGE('',*,*,#2624,.T.);
#5221=ORIENTED_EDGE('',*,*,#5197,.T.);
#5222=ORIENTED_EDGE('',*,*,#2427,.F.);
#5223=ORIENTED_EDGE('',*,*,#2552,.T.);
#5224=EDGE_LOOP('',(#5220,#5221,#5222,#5223));
#5225=FACE_OUTER_BOUND('',#5224,.F.);
#5226=ADVANCED_FACE('',(#5225),#5219,.T.);
#5227=CARTESIAN_POINT('',(2.956577744812E1,3.552713678801E-14,
-8.075905039049E0));
#5228=DIRECTION('',(-4.957763640761E-1,0.E0,8.684502270271E-1));
#5229=DIRECTION('',(-8.684502270271E-1,0.E0,-4.957763640761E-1));
#5230=AXIS2_PLACEMENT_3D('',#5227,#5228,#5229);
#5231=PLANE('',#5230);
#5232=ORIENTED_EDGE('',*,*,#2316,.F.);
#5233=ORIENTED_EDGE('',*,*,#2583,.T.);
#5234=ORIENTED_EDGE('',*,*,#2235,.T.);
#5235=ORIENTED_EDGE('',*,*,#2257,.F.);
#5236=ORIENTED_EDGE('',*,*,#2327,.F.);
#5237=EDGE_LOOP('',(#5232,#5233,#5234,#5235,#5236));
#5238=FACE_OUTER_BOUND('',#5237,.F.);
#5239=ADVANCED_FACE('',(#5238),#5231,.T.);
#5240=CARTESIAN_POINT('',(-2.956577744812E1,0.E0,-8.075905039049E0));
#5241=DIRECTION('',(4.957763640761E-1,0.E0,8.684502270271E-1));
#5242=DIRECTION('',(-8.684502270271E-1,0.E0,4.957763640761E-1));
#5243=AXIS2_PLACEMENT_3D('',#5240,#5241,#5242);
#5244=PLANE('',#5243);
#5245=ORIENTED_EDGE('',*,*,#2305,.F.);
#5246=ORIENTED_EDGE('',*,*,#2330,.T.);
#5247=ORIENTED_EDGE('',*,*,#2253,.F.);
#5248=ORIENTED_EDGE('',*,*,#2270,.F.);
#5249=ORIENTED_EDGE('',*,*,#2288,.F.);
#5250=EDGE_LOOP('',(#5245,#5246,#5247,#5248,#5249));
#5251=FACE_OUTER_BOUND('',#5250,.F.);
#5252=ADVANCED_FACE('',(#5251),#5244,.T.);
#5256=DIMENSIONAL_EXPONENTS(0.E0,0.E0,0.E0,0.E0,0.E0,0.E0,0.E0);
#5258=PLANE_ANGLE_MEASURE_WITH_UNIT(PLANE_ANGLE_MEASURE(1.745329251994E-2),
#5257);
#5259=(CONVERSION_BASED_UNIT('DEGREE',#5258)NAMED_UNIT(*)PLANE_ANGLE_UNIT());
#5261=UNCERTAINTY_MEASURE_WITH_UNIT(LENGTH_MEASURE(1.121055698412E-2),#5255,
'closure',
'Maximum model space distance between geometric entities at asserted connectivities');
#5262=(GEOMETRIC_REPRESENTATION_CONTEXT(3)GLOBAL_UNCERTAINTY_ASSIGNED_CONTEXT((
#5261))GLOBAL_UNIT_ASSIGNED_CONTEXT((#5255,#5259,#5260))REPRESENTATION_CONTEXT(
'ID1','3'));
#5264=APPLICATION_CONTEXT(
'CONFIGURATION CONTROLLED 3D DESIGNS OF MECHANICAL PARTS AND ASSEMBLIES');
#5265=APPLICATION_PROTOCOL_DEFINITION('international standard',
'config_control_design',1994,#5264);
#5266=DESIGN_CONTEXT('',#5264,'design');
#5267=MECHANICAL_CONTEXT('',#5264,'mechanical');
#5268=PRODUCT('_R0001','_R0001','NOT SPECIFIED',(#5267));
#5269=PRODUCT_DEFINITION_FORMATION_WITH_SPECIFIED_SOURCE('11','LAST_VERSION',
#5268,.MADE.);
#5273=PRODUCT_CATEGORY('part','');
#5274=PRODUCT_RELATED_PRODUCT_CATEGORY('detail','',(#5268));
#5275=PRODUCT_CATEGORY_RELATIONSHIP('','',#5273,#5274);
#5276=SECURITY_CLASSIFICATION_LEVEL('unclassified');
#5277=SECURITY_CLASSIFICATION('','',#5276);
#5278=CC_DESIGN_SECURITY_CLASSIFICATION(#5277,(#5269));
#5279=APPROVAL_STATUS('approved');
#5280=APPROVAL(#5279,'');
#5281=CC_DESIGN_APPROVAL(#5280,(#5277,#5269,#5270));
#5282=CALENDAR_DATE(126,26,3);
#5283=COORDINATED_UNIVERSAL_TIME_OFFSET(8,0,.AHEAD.);
#5284=LOCAL_TIME(18,21,3.2E1,#5283);
#5285=DATE_AND_TIME(#5282,#5284);
#5286=APPROVAL_DATE_TIME(#5285,#5280);
#5287=DATE_TIME_ROLE('creation_date');
#5288=CC_DESIGN_DATE_AND_TIME_ASSIGNMENT(#5285,#5287,(#5270));
#5289=DATE_TIME_ROLE('classification_date');
#5290=CC_DESIGN_DATE_AND_TIME_ASSIGNMENT(#5285,#5289,(#5277));
#5291=PERSON('UNSPECIFIED','UNSPECIFIED',$,$,$,$);
#5292=ORGANIZATION('UNSPECIFIED','UNSPECIFIED','UNSPECIFIED');
#5293=PERSON_AND_ORGANIZATION(#5291,#5292);
#5294=APPROVAL_ROLE('approver');
#5295=APPROVAL_PERSON_ORGANIZATION(#5293,#5280,#5294);
#5296=PERSON_AND_ORGANIZATION_ROLE('creator');
#5297=CC_DESIGN_PERSON_AND_ORGANIZATION_ASSIGNMENT(#5293,#5296,(#5269,#5270));
#5298=PERSON_AND_ORGANIZATION_ROLE('design_supplier');
#5299=CC_DESIGN_PERSON_AND_ORGANIZATION_ASSIGNMENT(#5293,#5298,(#5269));
#5300=PERSON_AND_ORGANIZATION_ROLE('classification_officer');
#5301=CC_DESIGN_PERSON_AND_ORGANIZATION_ASSIGNMENT(#5293,#5300,(#5277));
#5302=PERSON_AND_ORGANIZATION_ROLE('design_owner');
#5303=CC_DESIGN_PERSON_AND_ORGANIZATION_ASSIGNMENT(#5293,#5302,(#5268));
#6=CIRCLE('',#5,4.2E0);
#19=CIRCLE('',#18,4.2E0);
#24=CIRCLE('',#23,3.420000140979E1);
#33=CIRCLE('',#32,3.450000087929E1);
#39=B_SPLINE_CURVE_WITH_KNOTS('',3,(#34,#35,#36,#37,#38),.UNSPECIFIED.,.F.,.F.,(
4,1,4),(0.E0,5.E-1,1.E0),.UNSPECIFIED.);
#49=B_SPLINE_CURVE_WITH_KNOTS('',3,(#44,#45,#46,#47,#48),.UNSPECIFIED.,.F.,.F.,(
4,1,4),(0.E0,5.E-1,1.E0),.UNSPECIFIED.);
#54=CIRCLE('',#53,3.079999415897E1);
#60=B_SPLINE_CURVE_WITH_KNOTS('',3,(#55,#56,#57,#58,#59),.UNSPECIFIED.,.F.,.F.,(
4,1,4),(0.E0,5.E-1,1.E0),.UNSPECIFIED.);
#65=CIRCLE('',#64,3.049986913052E1);
#71=B_SPLINE_CURVE_WITH_KNOTS('',3,(#66,#67,#68,#69,#70),.UNSPECIFIED.,.F.,.F.,(
4,1,4),(0.E0,5.E-1,1.E0),.UNSPECIFIED.);
#77=B_SPLINE_CURVE_WITH_KNOTS('',3,(#72,#73,#74,#75,#76),.UNSPECIFIED.,.F.,.F.,(
4,1,4),(0.E0,5.E-1,1.E0),.UNSPECIFIED.);
#106=CIRCLE('',#105,3.049996577358E1);
#111=CIRCLE('',#110,3.149999340081E1);
#126=B_SPLINE_CURVE_WITH_KNOTS('',3,(#112,#113,#114,#115,#116,#117,#118,#119,
#120,#121,#122,#123,#124,#125),.UNSPECIFIED.,.F.,.F.,(4,1,1,1,1,1,1,1,1,1,1,4),(
0.E0,9.090909090909E-2,1.818181818182E-1,2.727272727273E-1,3.636363636364E-1,
4.545454545455E-1,5.454545454545E-1,6.363636363636E-1,7.272727272727E-1,
8.181818181818E-1,9.090909090909E-1,1.E0),.UNSPECIFIED.);
#141=B_SPLINE_CURVE_WITH_KNOTS('',3,(#127,#128,#129,#130,#131,#132,#133,#134,
#135,#136,#137,#138,#139,#140),.UNSPECIFIED.,.F.,.F.,(4,1,1,1,1,1,1,1,1,1,1,4),(
0.E0,9.090909090909E-2,1.818181818182E-1,2.727272727273E-1,3.636363636364E-1,
4.545454545455E-1,5.454545454545E-1,6.363636363636E-1,7.272727272727E-1,
8.181818181818E-1,9.090909090909E-1,1.E0),.UNSPECIFIED.);
#156=B_SPLINE_CURVE_WITH_KNOTS('',3,(#142,#143,#144,#145,#146,#147,#148,#149,
#150,#151,#152,#153,#154,#155),.UNSPECIFIED.,.F.,.F.,(4,1,1,1,1,1,1,1,1,1,1,4),(
0.E0,9.090909090909E-2,1.818181818182E-1,2.727272727273E-1,3.636363636364E-1,
4.545454545455E-1,5.454545454545E-1,6.363636363636E-1,7.272727272727E-1,
8.181818181818E-1,9.090909090909E-1,1.E0),.UNSPECIFIED.);
#171=B_SPLINE_CURVE_WITH_KNOTS('',3,(#157,#158,#159,#160,#161,#162,#163,#164,
#165,#166,#167,#168,#169,#170),.UNSPECIFIED.,.F.,.F.,(4,1,1,1,1,1,1,1,1,1,1,4),(
0.E0,9.090909090909E-2,1.818181818182E-1,2.727272727273E-1,3.636363636364E-1,
4.545454545455E-1,5.454545454545E-1,6.363636363636E-1,7.272727272727E-1,
8.181818181818E-1,9.090909090909E-1,1.E0),.UNSPECIFIED.);
#192=CIRCLE('',#191,1.65E0);
#197=CIRCLE('',#196,1.65E0);
#202=CIRCLE('',#201,3.25E0);
#215=CIRCLE('',#214,3.25E0);
#232=B_SPLINE_CURVE_WITH_KNOTS('',3,(#216,#217,#218,#219,#220,#221,#222,#223,
#224,#225,#226,#227,#228,#229,#230,#231),.UNSPECIFIED.,.F.,.F.,(4,1,1,1,1,1,1,1,
1,1,1,1,1,4),(0.E0,7.692307692308E-2,1.538461538462E-1,2.307692307692E-1,
3.076923076923E-1,3.846153846154E-1,4.615384615385E-1,5.384615384615E-1,
6.153846153846E-1,6.923076923077E-1,7.692307692308E-1,8.461538461538E-1,
9.230769230769E-1,1.E0),.UNSPECIFIED.);
#249=B_SPLINE_CURVE_WITH_KNOTS('',3,(#233,#234,#235,#236,#237,#238,#239,#240,
#241,#242,#243,#244,#245,#246,#247,#248),.UNSPECIFIED.,.F.,.F.,(4,1,1,1,1,1,1,1,
1,1,1,1,1,4),(0.E0,7.692307692308E-2,1.538461538462E-1,2.307692307692E-1,
3.076923076923E-1,3.846153846154E-1,4.615384615385E-1,5.384615384615E-1,
6.153846153846E-1,6.923076923077E-1,7.692307692308E-1,8.461538461538E-1,
9.230769230769E-1,1.E0),.UNSPECIFIED.);
#266=B_SPLINE_CURVE_WITH_KNOTS('',3,(#250,#251,#252,#253,#254,#255,#256,#257,
#258,#259,#260,#261,#262,#263,#264,#265),.UNSPECIFIED.,.F.,.F.,(4,1,1,1,1,1,1,1,
1,1,1,1,1,4),(0.E0,7.692307692308E-2,1.538461538462E-1,2.307692307692E-1,
3.076923076923E-1,3.846153846154E-1,4.615384615385E-1,5.384615384615E-1,
6.153846153846E-1,6.923076923077E-1,7.692307692308E-1,8.461538461538E-1,
9.230769230769E-1,1.E0),.UNSPECIFIED.);
#283=B_SPLINE_CURVE_WITH_KNOTS('',3,(#267,#268,#269,#270,#271,#272,#273,#274,
#275,#276,#277,#278,#279,#280,#281,#282),.UNSPECIFIED.,.F.,.F.,(4,1,1,1,1,1,1,1,
1,1,1,1,1,4),(0.E0,7.692307692308E-2,1.538461538462E-1,2.307692307692E-1,
3.076923076923E-1,3.846153846154E-1,4.615384615385E-1,5.384615384615E-1,
6.153846153846E-1,6.923076923077E-1,7.692307692308E-1,8.461538461538E-1,
9.230769230769E-1,1.E0),.UNSPECIFIED.);
#292=CIRCLE('',#291,3.45E1);
#297=CIRCLE('',#296,3.45E1);
#315=B_SPLINE_CURVE_WITH_KNOTS('',3,(#298,#299,#300,#301,#302,#303,#304,#305,
#306,#307,#308,#309,#310,#311,#312,#313,#314),.UNSPECIFIED.,.F.,.F.,(4,1,1,1,1,
1,1,1,1,1,1,1,1,1,4),(0.E0,7.142857142857E-2,1.428571428571E-1,
2.142857142857E-1,2.857142857143E-1,3.571428571429E-1,4.285714285714E-1,5.E-1,
5.714285714286E-1,6.428571428571E-1,7.142857142857E-1,7.857142857143E-1,
8.571428571429E-1,9.285714285714E-1,1.E0),.UNSPECIFIED.);
#320=CIRCLE('',#319,3.45E1);
#325=CIRCLE('',#324,3.45E1);
#334=CIRCLE('',#333,3.25E0);
#343=CIRCLE('',#342,3.25E0);
#352=CIRCLE('',#351,1.65E0);
#357=CIRCLE('',#356,1.65E0);
#370=CIRCLE('',#369,4.5E0);
#375=CIRCLE('',#374,4.5E0);
#385=B_SPLINE_CURVE_WITH_KNOTS('',3,(#380,#381,#382,#383,#384),.UNSPECIFIED.,
.F.,.F.,(4,1,4),(0.E0,5.E-1,1.E0),.UNSPECIFIED.);
#399=B_SPLINE_CURVE_WITH_KNOTS('',3,(#394,#395,#396,#397,#398),.UNSPECIFIED.,
.F.,.F.,(4,1,4),(0.E0,5.E-1,1.E0),.UNSPECIFIED.);
#425=B_SPLINE_CURVE_WITH_KNOTS('',3,(#420,#421,#422,#423,#424),.UNSPECIFIED.,
.F.,.F.,(4,1,4),(0.E0,5.E-1,1.E0),.UNSPECIFIED.);
#438=CIRCLE('',#437,4.2E0);
#443=CIRCLE('',#442,3.42E1);
#448=CIRCLE('',#447,3.3E0);
#465=CIRCLE('',#464,3.3E0);
#470=CIRCLE('',#469,3.42E1);
#475=CIRCLE('',#474,4.2E0);
#485=B_SPLINE_CURVE_WITH_KNOTS('',3,(#480,#481,#482,#483,#484),.UNSPECIFIED.,
.F.,.F.,(4,1,4),(0.E0,5.E-1,1.E0),.UNSPECIFIED.);
#491=B_SPLINE_CURVE_WITH_KNOTS('',3,(#486,#487,#488,#489,#490),.UNSPECIFIED.,
.F.,.F.,(4,1,4),(0.E0,5.E-1,1.E0),.UNSPECIFIED.);
#497=B_SPLINE_CURVE_WITH_KNOTS('',3,(#492,#493,#494,#495,#496),.UNSPECIFIED.,
.F.,.F.,(4,1,4),(0.E0,5.E-1,1.E0),.UNSPECIFIED.);
#511=B_SPLINE_CURVE_WITH_KNOTS('',3,(#506,#507,#508,#509,#510),.UNSPECIFIED.,
.F.,.F.,(4,1,4),(0.E0,5.E-1,1.E0),.UNSPECIFIED.);
#516=CIRCLE('',#515,4.5E0);
#525=CIRCLE('',#524,4.5E0);
#535=B_SPLINE_CURVE_WITH_KNOTS('',3,(#530,#531,#532,#533,#534),.UNSPECIFIED.,
.F.,.F.,(4,1,4),(0.E0,5.E-1,1.E0),.UNSPECIFIED.);
#548=CIRCLE('',#547,3.E0);
#564=B_SPLINE_CURVE_WITH_KNOTS('',3,(#557,#558,#559,#560,#561,#562,#563),
.UNSPECIFIED.,.F.,.F.,(4,1,1,1,4),(0.E0,2.5E-1,5.E-1,7.5E-1,1.E0),
.UNSPECIFIED.);
#571=B_SPLINE_CURVE_WITH_KNOTS('',3,(#565,#566,#567,#568,#569,#570),
.UNSPECIFIED.,.F.,.F.,(4,1,1,4),(0.E0,3.333333333333E-1,6.666666666667E-1,1.E0),
.UNSPECIFIED.);
#576=CIRCLE('',#575,3.999999992022E0);
#581=CIRCLE('',#580,4.E0);
#599=B_SPLINE_CURVE_WITH_KNOTS('',3,(#582,#583,#584,#585,#586,#587,#588,#589,
#590,#591,#592,#593,#594,#595,#596,#597,#598),.UNSPECIFIED.,.F.,.F.,(4,1,1,1,1,
1,1,1,1,1,1,1,1,1,4),(0.E0,7.142857142857E-2,1.428571428571E-1,
2.142857142857E-1,2.857142857143E-1,3.571428571429E-1,4.285714285714E-1,5.E-1,
5.714285714286E-1,6.428571428571E-1,7.142857142857E-1,7.857142857143E-1,
8.571428571429E-1,9.285714285714E-1,1.E0),.UNSPECIFIED.);
#620=B_SPLINE_CURVE_WITH_KNOTS('',3,(#600,#601,#602,#603,#604,#605,#606,#607,
#608,#609,#610,#611,#612,#613,#614,#615,#616,#617,#618,#619),.UNSPECIFIED.,.F.,
.F.,(4,1,1,1,1,1,1,1,1,1,1,1,1,1,1,1,1,4),(0.E0,5.882352941176E-2,
1.176470588235E-1,1.764705882353E-1,2.352941176471E-1,2.941176470588E-1,
3.529411764706E-1,4.117647058824E-1,4.705882352941E-1,5.294117647059E-1,
5.882352941176E-1,6.470588235294E-1,7.058823529412E-1,7.647058823529E-1,
8.235294117647E-1,8.823529411765E-1,9.411764705882E-1,1.E0),.UNSPECIFIED.);
#632=B_SPLINE_CURVE_WITH_KNOTS('',3,(#625,#626,#627,#628,#629,#630,#631),
.UNSPECIFIED.,.F.,.F.,(4,1,1,1,4),(0.E0,2.5E-1,5.E-1,7.5E-1,1.E0),
.UNSPECIFIED.);
#640=B_SPLINE_CURVE_WITH_KNOTS('',3,(#633,#634,#635,#636,#637,#638,#639),
.UNSPECIFIED.,.F.,.F.,(4,1,1,1,4),(0.E0,2.5E-1,5.E-1,7.5E-1,1.E0),
.UNSPECIFIED.);
#647=B_SPLINE_CURVE_WITH_KNOTS('',3,(#641,#642,#643,#644,#645,#646),
.UNSPECIFIED.,.F.,.F.,(4,1,1,4),(0.E0,3.333333333333E-1,6.666666666667E-1,1.E0),
.UNSPECIFIED.);
#655=B_SPLINE_CURVE_WITH_KNOTS('',3,(#648,#649,#650,#651,#652,#653,#654),
.UNSPECIFIED.,.F.,.F.,(4,1,1,1,4),(0.E0,2.5E-1,5.E-1,7.5E-1,1.E0),
.UNSPECIFIED.);
#665=B_SPLINE_CURVE_WITH_KNOTS('',3,(#660,#661,#662,#663,#664),.UNSPECIFIED.,
.F.,.F.,(4,1,4),(0.E0,5.E-1,1.E0),.UNSPECIFIED.);
#671=B_SPLINE_CURVE_WITH_KNOTS('',3,(#666,#667,#668,#669,#670),.UNSPECIFIED.,
.F.,.F.,(4,1,4),(0.E0,5.E-1,1.E0),.UNSPECIFIED.);
#676=CIRCLE('',#675,3.27E1);
#681=CIRCLE('',#680,3.030028194089E1);
#688=B_SPLINE_CURVE_WITH_KNOTS('',3,(#682,#683,#684,#685,#686,#687),
.UNSPECIFIED.,.F.,.F.,(4,1,1,4),(0.E0,4.461854667516E-1,8.923709880871E-1,1.E0),
.UNSPECIFIED.);
#708=B_SPLINE_CURVE_WITH_KNOTS('',3,(#701,#702,#703,#704,#705,#706,#707),
.UNSPECIFIED.,.F.,.F.,(4,1,1,1,4),(0.E0,2.500010611746E-1,5.000007211769E-1,
7.500003811793E-1,1.E0),.UNSPECIFIED.);
#713=CIRCLE('',#712,3.3E1);
#718=CIRCLE('',#717,3.3E1);
#726=B_SPLINE_CURVE_WITH_KNOTS('',3,(#719,#720,#721,#722,#723,#724,#725),
.UNSPECIFIED.,.F.,.F.,(4,1,1,1,4),(0.E0,2.499996151042E-1,4.999992690629E-1,
7.499989230216E-1,1.E0),.UNSPECIFIED.);
#731=CIRCLE('',#730,1.65E0);
#736=CIRCLE('',#735,1.65E0);
#741=CIRCLE('',#740,1.65E0);
#746=CIRCLE('',#745,1.65E0);
#758=B_SPLINE_CURVE_WITH_KNOTS('',3,(#751,#752,#753,#754,#755,#756,#757),
.UNSPECIFIED.,.F.,.F.,(4,1,1,1,4),(0.E0,2.499971378072E-1,4.999981886627E-1,
7.499992395183E-1,1.E0),.UNSPECIFIED.);
#774=B_SPLINE_CURVE_WITH_KNOTS('',3,(#763,#764,#765,#766,#767,#768,#769,#770,
#771,#772,#773),.UNSPECIFIED.,.F.,.F.,(4,1,1,1,1,1,1,1,4),(0.E0,
1.250000366311E-1,2.499998132826E-1,3.749995899342E-1,4.999993665857E-1,
6.249991432372E-1,7.499989198887E-1,8.749986965403E-1,1.E0),.UNSPECIFIED.);
#790=B_SPLINE_CURVE_WITH_KNOTS('',3,(#779,#780,#781,#782,#783,#784,#785,#786,
#787,#788,#789),.UNSPECIFIED.,.F.,.F.,(4,1,1,1,1,1,1,1,4),(0.E0,
1.250000366311E-1,2.499998132826E-1,3.749995899342E-1,4.999993665857E-1,
6.249991432372E-1,7.499989198887E-1,8.749986965403E-1,1.E0),.UNSPECIFIED.);
#806=B_SPLINE_CURVE_WITH_KNOTS('',3,(#795,#796,#797,#798,#799,#800,#801,#802,
#803,#804,#805),.UNSPECIFIED.,.F.,.F.,(4,1,1,1,1,1,1,1,4),(0.E0,
1.250000366311E-1,2.499998132827E-1,3.749995899342E-1,4.999993665857E-1,
6.249991432372E-1,7.499989198887E-1,8.749986965403E-1,1.E0),.UNSPECIFIED.);
#822=B_SPLINE_CURVE_WITH_KNOTS('',3,(#811,#812,#813,#814,#815,#816,#817,#818,
#819,#820,#821),.UNSPECIFIED.,.F.,.F.,(4,1,1,1,1,1,1,1,4),(0.E0,
1.250000366311E-1,2.499998132826E-1,3.749995899342E-1,4.999993665857E-1,
6.249991432372E-1,7.499989198887E-1,8.749986965403E-1,1.E0),.UNSPECIFIED.);
#834=B_SPLINE_CURVE_WITH_KNOTS('',3,(#827,#828,#829,#830,#831,#832,#833),
.UNSPECIFIED.,.F.,.F.,(4,1,1,1,4),(0.E0,2.500007642299E-1,5.000018217953E-1,
7.500028793607E-1,1.E0),.UNSPECIFIED.);
#951=CIRCLE('',#950,1.65E0);
#956=CIRCLE('',#955,1.65E0);
#961=CIRCLE('',#960,1.65E0);
#966=CIRCLE('',#965,1.65E0);
#978=B_SPLINE_CURVE_WITH_KNOTS('',3,(#971,#972,#973,#974,#975,#976,#977),
.UNSPECIFIED.,.F.,.F.,(4,1,1,1,4),(0.E0,2.499971847104E-1,4.999982159490E-1,
7.499992471876E-1,1.E0),.UNSPECIFIED.);
#994=B_SPLINE_CURVE_WITH_KNOTS('',3,(#983,#984,#985,#986,#987,#988,#989,#990,
#991,#992,#993),.UNSPECIFIED.,.F.,.F.,(4,1,1,1,1,1,1,1,4),(0.E0,
1.250012940027E-1,2.500010717368E-1,3.750008494710E-1,5.000006272052E-1,
6.250004049393E-1,7.500001826735E-1,8.749999604077E-1,1.E0),.UNSPECIFIED.);
#1010=B_SPLINE_CURVE_WITH_KNOTS('',3,(#999,#1000,#1001,#1002,#1003,#1004,#1005,
#1006,#1007,#1008,#1009),.UNSPECIFIED.,.F.,.F.,(4,1,1,1,1,1,1,1,4),(0.E0,
1.250012940027E-1,2.500010717368E-1,3.750008494710E-1,5.000006272052E-1,
6.250004049393E-1,7.500001826735E-1,8.749999604077E-1,1.E0),.UNSPECIFIED.);
#1026=B_SPLINE_CURVE_WITH_KNOTS('',3,(#1015,#1016,#1017,#1018,#1019,#1020,#1021,
#1022,#1023,#1024,#1025),.UNSPECIFIED.,.F.,.F.,(4,1,1,1,1,1,1,1,4),(0.E0,
1.250012940027E-1,2.500010717368E-1,3.750008494710E-1,5.000006272052E-1,
6.250004049393E-1,7.500001826735E-1,8.749999604077E-1,1.E0),.UNSPECIFIED.);
#1042=B_SPLINE_CURVE_WITH_KNOTS('',3,(#1031,#1032,#1033,#1034,#1035,#1036,#1037,
#1038,#1039,#1040,#1041),.UNSPECIFIED.,.F.,.F.,(4,1,1,1,1,1,1,1,4),(0.E0,
1.250012940027E-1,2.500010717368E-1,3.750008494710E-1,5.000006272052E-1,
6.250004049393E-1,7.500001826735E-1,8.749999604077E-1,1.E0),.UNSPECIFIED.);
#1054=B_SPLINE_CURVE_WITH_KNOTS('',3,(#1047,#1048,#1049,#1050,#1051,#1052,
#1053),.UNSPECIFIED.,.F.,.F.,(4,1,1,1,4),(0.E0,2.500007569142E-1,
5.000017949783E-1,7.500028330425E-1,1.E0),.UNSPECIFIED.);
#1070=B_SPLINE_CURVE_WITH_KNOTS('',3,(#1063,#1064,#1065,#1066,#1067,#1068,
#1069),.UNSPECIFIED.,.F.,.F.,(4,1,1,1,4),(0.E0,2.500013124843E-1,
5.000008793811E-1,7.500004462779E-1,1.E0),.UNSPECIFIED.);
#1075=CIRCLE('',#1074,3.E1);
#1095=B_SPLINE_CURVE_WITH_KNOTS('',3,(#1076,#1077,#1078,#1079,#1080,#1081,#1082,
#1083,#1084,#1085,#1086,#1087,#1088,#1089,#1090,#1091,#1092,#1093,#1094),
.UNSPECIFIED.,.F.,.F.,(4,1,1,1,1,1,1,1,1,1,1,1,1,1,1,1,4),(0.E0,6.25E-2,1.25E-1,
1.875E-1,2.5E-1,3.125E-1,3.75E-1,4.375E-1,5.E-1,5.625E-1,6.25E-1,6.875E-1,
7.5E-1,8.125E-1,8.75E-1,9.375E-1,1.E0),.UNSPECIFIED.);
#1100=CIRCLE('',#1099,3.E1);
#1108=B_SPLINE_CURVE_WITH_KNOTS('',3,(#1101,#1102,#1103,#1104,#1105,#1106,
#1107),.UNSPECIFIED.,.F.,.F.,(4,1,1,1,4),(0.E0,2.499995509819E-1,
4.999991144706E-1,7.499986779593E-1,1.E0),.UNSPECIFIED.);
#1174=B_SPLINE_CURVE_WITH_KNOTS('',3,(#1169,#1170,#1171,#1172,#1173),
.UNSPECIFIED.,.F.,.F.,(4,1,4),(0.E0,5.E-1,1.E0),.UNSPECIFIED.);
#1182=B_SPLINE_CURVE_WITH_KNOTS('',3,(#1175,#1176,#1177,#1178,#1179,#1180,
#1181),.UNSPECIFIED.,.F.,.F.,(4,1,1,1,4),(0.E0,2.886906901062E-1,
5.773814161854E-1,8.660721422646E-1,1.E0),.UNSPECIFIED.);
#1190=B_SPLINE_CURVE_WITH_KNOTS('',3,(#1183,#1184,#1185,#1186,#1187,#1188,
#1189),.UNSPECIFIED.,.F.,.F.,(4,1,1,1,4),(0.E0,1.359824019580E-1,
4.239882800971E-1,7.119941582361E-1,1.E0),.UNSPECIFIED.);
#1196=B_SPLINE_CURVE_WITH_KNOTS('',3,(#1191,#1192,#1193,#1194,#1195),
.UNSPECIFIED.,.F.,.F.,(4,1,4),(0.E0,5.E-1,1.E0),.UNSPECIFIED.);
#1202=B_SPLINE_CURVE_WITH_KNOTS('',3,(#1197,#1198,#1199,#1200,#1201),
.UNSPECIFIED.,.F.,.F.,(4,1,4),(0.E0,5.E-1,1.E0),.UNSPECIFIED.);
#1217=B_SPLINE_CURVE_WITH_KNOTS('',3,(#1211,#1212,#1213,#1214,#1215,#1216),
.UNSPECIFIED.,.F.,.F.,(4,1,1,4),(0.E0,1.123794630080E-1,5.561897589872E-1,1.E0),
.UNSPECIFIED.);
#1222=CIRCLE('',#1221,3.029988974496E1);
#1227=CIRCLE('',#1226,3.27E1);
#1245=B_SPLINE_CURVE_WITH_KNOTS('',3,(#1240,#1241,#1242,#1243,#1244),
.UNSPECIFIED.,.F.,.F.,(4,1,4),(0.E0,5.E-1,1.E0),.UNSPECIFIED.);
#1253=B_SPLINE_CURVE_WITH_KNOTS('',3,(#1246,#1247,#1248,#1249,#1250,#1251,
#1252),.UNSPECIFIED.,.F.,.F.,(4,1,1,1,4),(0.E0,2.499996876619E-1,
4.999993753854E-1,7.499990631089E-1,1.E0),.UNSPECIFIED.);
#1265=B_SPLINE_CURVE_WITH_KNOTS('',3,(#1258,#1259,#1260,#1261,#1262,#1263,
#1264),.UNSPECIFIED.,.F.,.F.,(4,1,1,1,4),(0.E0,2.500011983666E-1,
5.000008019071E-1,7.500004054477E-1,1.E0),.UNSPECIFIED.);
#1271=B_SPLINE_CURVE_WITH_KNOTS('',3,(#1266,#1267,#1268,#1269,#1270),
.UNSPECIFIED.,.F.,.F.,(4,1,4),(0.E0,5.E-1,1.E0),.UNSPECIFIED.);
#1299=B_SPLINE_CURVE_WITH_KNOTS('',3,(#1288,#1289,#1290,#1291,#1292,#1293,#1294,
#1295,#1296,#1297,#1298),.UNSPECIFIED.,.F.,.F.,(4,1,1,1,1,1,1,1,4),(0.E0,
1.25E-1,2.5E-1,3.75E-1,5.E-1,6.25E-1,7.5E-1,8.75E-1,1.E0),.UNSPECIFIED.);
#1311=B_SPLINE_CURVE_WITH_KNOTS('',3,(#1300,#1301,#1302,#1303,#1304,#1305,#1306,
#1307,#1308,#1309,#1310),.UNSPECIFIED.,.F.,.F.,(4,1,1,1,1,1,1,1,4),(0.E0,
1.25E-1,2.5E-1,3.75E-1,5.E-1,6.25E-1,7.5E-1,8.75E-1,1.E0),.UNSPECIFIED.);
#1339=B_SPLINE_CURVE_WITH_KNOTS('',3,(#1328,#1329,#1330,#1331,#1332,#1333,#1334,
#1335,#1336,#1337,#1338),.UNSPECIFIED.,.F.,.F.,(4,1,1,1,1,1,1,1,4),(0.E0,
1.25E-1,2.5E-1,3.75E-1,5.E-1,6.25E-1,7.5E-1,8.75E-1,1.E0),.UNSPECIFIED.);
#1351=B_SPLINE_CURVE_WITH_KNOTS('',3,(#1340,#1341,#1342,#1343,#1344,#1345,#1346,
#1347,#1348,#1349,#1350),.UNSPECIFIED.,.F.,.F.,(4,1,1,1,1,1,1,1,4),(0.E0,
1.25E-1,2.5E-1,3.75E-1,5.E-1,6.25E-1,7.5E-1,8.75E-1,1.E0),.UNSPECIFIED.);
#1379=B_SPLINE_CURVE_WITH_KNOTS('',3,(#1368,#1369,#1370,#1371,#1372,#1373,#1374,
#1375,#1376,#1377,#1378),.UNSPECIFIED.,.F.,.F.,(4,1,1,1,1,1,1,1,4),(0.E0,
1.25E-1,2.5E-1,3.75E-1,5.E-1,6.25E-1,7.5E-1,8.75E-1,1.E0),.UNSPECIFIED.);
#1391=B_SPLINE_CURVE_WITH_KNOTS('',3,(#1380,#1381,#1382,#1383,#1384,#1385,#1386,
#1387,#1388,#1389,#1390),.UNSPECIFIED.,.F.,.F.,(4,1,1,1,1,1,1,1,4),(0.E0,
1.25E-1,2.5E-1,3.75E-1,5.E-1,6.25E-1,7.5E-1,8.75E-1,1.E0),.UNSPECIFIED.);
#1419=B_SPLINE_CURVE_WITH_KNOTS('',3,(#1408,#1409,#1410,#1411,#1412,#1413,#1414,
#1415,#1416,#1417,#1418),.UNSPECIFIED.,.F.,.F.,(4,1,1,1,1,1,1,1,4),(0.E0,
1.25E-1,2.5E-1,3.75E-1,5.E-1,6.25E-1,7.5E-1,8.75E-1,1.E0),.UNSPECIFIED.);
#1431=B_SPLINE_CURVE_WITH_KNOTS('',3,(#1420,#1421,#1422,#1423,#1424,#1425,#1426,
#1427,#1428,#1429,#1430),.UNSPECIFIED.,.F.,.F.,(4,1,1,1,1,1,1,1,4),(0.E0,
1.25E-1,2.5E-1,3.75E-1,5.E-1,6.25E-1,7.5E-1,8.75E-1,1.E0),.UNSPECIFIED.);
#1453=B_SPLINE_CURVE_WITH_KNOTS('',3,(#1448,#1449,#1450,#1451,#1452),
.UNSPECIFIED.,.F.,.F.,(4,1,4),(0.E0,5.E-1,1.E0),.UNSPECIFIED.);
#1461=B_SPLINE_CURVE_WITH_KNOTS('',3,(#1454,#1455,#1456,#1457,#1458,#1459,
#1460),.UNSPECIFIED.,.F.,.F.,(4,1,1,1,4),(0.E0,2.499995920750E-1,
4.999991926804E-1,7.499987932859E-1,1.E0),.UNSPECIFIED.);
#1473=B_SPLINE_CURVE_WITH_KNOTS('',3,(#1466,#1467,#1468,#1469,#1470,#1471,
#1472),.UNSPECIFIED.,.F.,.F.,(4,1,1,1,4),(0.E0,2.500009231829E-1,
5.000006154770E-1,7.500003077712E-1,1.E0),.UNSPECIFIED.);
#1479=B_SPLINE_CURVE_WITH_KNOTS('',3,(#1474,#1475,#1476,#1477,#1478),
.UNSPECIFIED.,.F.,.F.,(4,1,4),(0.E0,5.E-1,1.E0),.UNSPECIFIED.);
#1534=B_SPLINE_CURVE_WITH_KNOTS('',3,(#1528,#1529,#1530,#1531,#1532,#1533),
.UNSPECIFIED.,.F.,.F.,(4,1,1,4),(0.E0,3.333333333333E-1,6.666666666667E-1,1.E0),
.UNSPECIFIED.);
#1541=B_SPLINE_CURVE_WITH_KNOTS('',3,(#1535,#1536,#1537,#1538,#1539,#1540),
.UNSPECIFIED.,.F.,.F.,(4,1,1,4),(0.E0,3.333333333333E-1,6.666666666667E-1,1.E0),
.UNSPECIFIED.);
#1547=B_SPLINE_CURVE_WITH_KNOTS('',3,(#1542,#1543,#1544,#1545,#1546),
.UNSPECIFIED.,.F.,.F.,(4,1,4),(0.E0,5.E-1,1.E0),.UNSPECIFIED.);
#1553=B_SPLINE_CURVE_WITH_KNOTS('',3,(#1548,#1549,#1550,#1551,#1552),
.UNSPECIFIED.,.F.,.F.,(4,1,4),(0.E0,5.E-1,1.E0),.UNSPECIFIED.);
#1559=B_SPLINE_CURVE_WITH_KNOTS('',3,(#1554,#1555,#1556,#1557,#1558),
.UNSPECIFIED.,.F.,.F.,(4,1,4),(0.E0,5.E-1,1.E0),.UNSPECIFIED.);
#1780=CIRCLE('',#1779,3.E0);
#1790=B_SPLINE_CURVE_WITH_KNOTS('',3,(#1785,#1786,#1787,#1788,#1789),
.UNSPECIFIED.,.F.,.F.,(4,1,4),(0.E0,5.E-1,1.E0),.UNSPECIFIED.);
#1796=B_SPLINE_CURVE_WITH_KNOTS('',3,(#1791,#1792,#1793,#1794,#1795),
.UNSPECIFIED.,.F.,.F.,(4,1,4),(0.E0,5.E-1,1.E0),.UNSPECIFIED.);
#1802=B_SPLINE_CURVE_WITH_KNOTS('',3,(#1797,#1798,#1799,#1800,#1801),
.UNSPECIFIED.,.F.,.F.,(4,1,4),(0.E0,5.E-1,1.E0),.UNSPECIFIED.);
#2181=EDGE_CURVE('',#1993,#1998,#24,.T.);
#2183=EDGE_CURVE('',#1979,#1993,#6,.T.);
#2185=EDGE_CURVE('',#1906,#1979,#10,.T.);
#2187=EDGE_CURVE('',#1905,#1906,#54,.T.);
#2189=EDGE_CURVE('',#1999,#1905,#14,.T.);
#2191=EDGE_CURVE('',#1998,#1999,#19,.T.);
#2202=EDGE_CURVE('',#2002,#1998,#28,.T.);
#2204=EDGE_CURVE('',#2002,#1995,#33,.T.);
#2206=EDGE_CURVE('',#1995,#1993,#505,.T.);
#2217=EDGE_CURVE('',#2049,#1999,#49,.T.);
#2219=EDGE_CURVE('',#2003,#2049,#39,.T.);
#2221=EDGE_CURVE('',#2002,#2003,#375,.T.);
#2233=EDGE_CURVE('',#2011,#1905,#71,.T.);
#2235=EDGE_CURVE('',#2009,#2011,#43,.T.);
#2237=EDGE_CURVE('',#2006,#2009,#415,.T.);
#2239=EDGE_CURVE('',#2006,#2049,#393,.T.);
#2251=EDGE_CURVE('',#1906,#2015,#77,.T.);
#2253=EDGE_CURVE('',#2015,#1909,#60,.T.);
#2255=EDGE_CURVE('',#1909,#1910,#65,.T.);
#2257=EDGE_CURVE('',#1910,#2011,#1796,.T.);
#2268=EDGE_CURVE('',#1976,#1977,#93,.T.);
#2270=EDGE_CURVE('',#1976,#2015,#1806,.T.);
#2274=EDGE_CURVE('',#1979,#2016,#511,.T.);
#2276=EDGE_CURVE('',#2016,#1977,#81,.T.);
#2286=EDGE_CURVE('',#2017,#2018,#85,.T.);
#2288=EDGE_CURVE('',#2017,#1976,#89,.T.);
#2291=EDGE_CURVE('',#1989,#1977,#97,.T.);
#2293=EDGE_CURVE('',#1989,#2018,#101,.T.);
#2303=EDGE_CURVE('',#1913,#1914,#106,.T.);
#2305=EDGE_CURVE('',#1914,#2017,#1802,.T.);
#2308=EDGE_CURVE('',#2018,#1917,#485,.T.);
#2310=EDGE_CURVE('',#1917,#1918,#111,.T.);
#2312=EDGE_CURVE('',#1918,#2019,#425,.T.);
#2314=EDGE_CURVE('',#2020,#2019,#403,.T.);
#2316=EDGE_CURVE('',#2020,#1913,#1790,.T.);
#2327=EDGE_CURVE('',#1913,#1910,#175,.T.);
#2330=EDGE_CURVE('',#1914,#1909,#179,.T.);
#2334=EDGE_CURVE('',#1831,#1832,#156,.T.);
#2336=EDGE_CURVE('',#1832,#1831,#171,.T.);
#2340=EDGE_CURVE('',#1809,#1813,#126,.T.);
#2342=EDGE_CURVE('',#1813,#1809,#141,.T.);
#2352=EDGE_CURVE('',#1809,#1810,#183,.T.);
#2355=EDGE_CURVE('',#1813,#1814,#187,.T.);
#2357=EDGE_CURVE('',#1810,#1814,#197,.T.);
#2368=EDGE_CURVE('',#1810,#1814,#192,.T.);
#2380=EDGE_CURVE('',#1817,#1818,#202,.T.);
#2382=EDGE_CURVE('',#1817,#1818,#215,.T.);
#2396=EDGE_CURVE('',#1817,#1820,#206,.T.);
#2399=EDGE_CURVE('',#1818,#1822,#210,.T.);
#2401=EDGE_CURVE('',#1820,#1822,#232,.T.);
#2412=EDGE_CURVE('',#1822,#1820,#249,.T.);
#2425=EDGE_CURVE('',#2002,#1925,#287,.T.);
#2427=EDGE_CURVE('',#1925,#1926,#292,.T.);
#2429=EDGE_CURVE('',#2054,#1926,#1784,.T.);
#2431=EDGE_CURVE('',#2054,#2055,#297,.T.);
#2433=EDGE_CURVE('',#2055,#2057,#315,.T.);
#2435=EDGE_CURVE('',#2057,#2059,#320,.T.);
#2437=EDGE_CURVE('',#1934,#2059,#552,.T.);
#2439=EDGE_CURVE('',#1934,#1969,#325,.T.);
#2441=EDGE_CURVE('',#1995,#1969,#329,.T.);
#2445=EDGE_CURVE('',#1833,#1834,#266,.T.);
#2447=EDGE_CURVE('',#1834,#1833,#283,.T.);
#2462=EDGE_CURVE('',#1829,#1833,#347,.T.);
#2464=EDGE_CURVE('',#1829,#1830,#334,.T.);
#2466=EDGE_CURVE('',#1830,#1834,#338,.T.);
#2478=EDGE_CURVE('',#1829,#1830,#343,.T.);
#2493=EDGE_CURVE('',#1825,#1826,#352,.T.);
#2495=EDGE_CURVE('',#1825,#1826,#357,.T.);
#2506=EDGE_CURVE('',#1831,#1825,#361,.T.);
#2509=EDGE_CURVE('',#1832,#1826,#365,.T.);
#2531=EDGE_CURVE('',#1981,#1925,#370,.T.);
#2535=EDGE_CURVE('',#2003,#1981,#379,.T.);
#2546=EDGE_CURVE('',#1981,#2013,#399,.T.);
#2548=EDGE_CURVE('',#1983,#2013,#385,.T.);
#2550=EDGE_CURVE('',#1983,#1921,#475,.T.);
#2552=EDGE_CURVE('',#1925,#1921,#389,.T.);
#2565=EDGE_CURVE('',#2006,#2007,#411,.T.);
#2567=EDGE_CURVE('',#2013,#2007,#429,.T.);
#2579=EDGE_CURVE('',#2019,#2007,#407,.T.);
#2583=EDGE_CURVE('',#2020,#2009,#419,.T.);
#2594=EDGE_CURVE('',#1918,#1983,#479,.T.);
#2608=EDGE_CURVE('',#1987,#1917,#433,.T.);
#2610=EDGE_CURVE('',#1967,#1987,#438,.T.);
#2612=EDGE_CURVE('',#1930,#1967,#443,.T.);
#2614=EDGE_CURVE('',#1929,#1930,#448,.T.);
#2616=EDGE_CURVE('',#1902,#1929,#452,.T.);
#2618=EDGE_CURVE('',#1901,#1902,#456,.T.);
#2620=EDGE_CURVE('',#1963,#1901,#460,.T.);
#2622=EDGE_CURVE('',#1922,#1963,#465,.T.);
#2624=EDGE_CURVE('',#1921,#1922,#470,.T.);
#2638=EDGE_CURVE('',#1989,#2012,#501,.T.);
#2640=EDGE_CURVE('',#2012,#1987,#491,.T.);
#2653=EDGE_CURVE('',#1991,#2016,#497,.T.);
#2655=EDGE_CURVE('',#1985,#1991,#520,.T.);
#2657=EDGE_CURVE('',#1985,#2012,#535,.T.);
#2670=EDGE_CURVE('',#1991,#1995,#525,.T.);
#2682=EDGE_CURVE('',#1969,#1985,#516,.T.);
#2696=EDGE_CURVE('',#1967,#1969,#529,.T.);
#2712=EDGE_CURVE('',#1930,#1934,#539,.T.);
#2724=EDGE_CURVE('',#1933,#1934,#548,.T.);
#2726=EDGE_CURVE('',#1929,#1933,#543,.T.);
#2738=EDGE_CURVE('',#2061,#2059,#564,.T.);
#2740=EDGE_CURVE('',#2065,#2061,#1547,.T.);
#2742=EDGE_CURVE('',#2065,#1933,#556,.T.);
#2777=EDGE_CURVE('',#2060,#2057,#576,.T.);
#2779=EDGE_CURVE('',#2060,#2061,#1553,.T.);
#2790=EDGE_CURVE('',#2056,#2060,#571,.T.);
#2793=EDGE_CURVE('',#2057,#2056,#581,.T.);
#2819=EDGE_CURVE('',#2063,#2056,#624,.T.);
#2821=EDGE_CURVE('',#2063,#2064,#1196,.T.);
#2823=EDGE_CURVE('',#2064,#2060,#1559,.T.);
#2874=EDGE_CURVE('',#2051,#2056,#599,.T.);
#2876=EDGE_CURVE('',#2067,#2051,#659,.T.);
#2878=EDGE_CURVE('',#2063,#2067,#620,.T.);
#2960=EDGE_CURVE('',#2051,#2055,#632,.T.);
#2994=EDGE_CURVE('',#2050,#2051,#665,.T.);
#2998=EDGE_CURVE('',#2054,#2050,#640,.T.);
#3024=EDGE_CURVE('',#2066,#2068,#647,.T.);
#3026=EDGE_CURVE('',#2069,#2068,#1174,.T.);
#3028=EDGE_CURVE('',#2067,#2069,#655,.T.);
#3032=EDGE_CURVE('',#2050,#2066,#671,.T.);
#3042=EDGE_CURVE('',#1961,#1959,#676,.T.);
#3044=EDGE_CURVE('',#1971,#1959,#1465,.T.);
#3046=EDGE_CURVE('',#1971,#2026,#681,.T.);
#3048=EDGE_CURVE('',#2026,#2068,#688,.T.);
#3051=EDGE_CURVE('',#2066,#1965,#692,.T.);
#3053=EDGE_CURVE('',#1965,#1961,#696,.T.);
#3063=EDGE_CURVE('',#1901,#1958,#713,.T.);
#3065=EDGE_CURVE('',#1958,#1959,#1483,.T.);
#3068=EDGE_CURVE('',#1901,#1961,#700,.T.);
#3078=EDGE_CURVE('',#1897,#1898,#750,.T.);
#3080=EDGE_CURVE('',#1958,#1897,#708,.T.);
#3084=EDGE_CURVE('',#1938,#1902,#718,.T.);
#3086=EDGE_CURVE('',#1898,#1938,#726,.T.);
#3097=EDGE_CURVE('',#1942,#1898,#758,.T.);
#3099=EDGE_CURVE('',#1944,#1942,#762,.T.);
#3101=EDGE_CURVE('',#1945,#1944,#774,.T.);
#3103=EDGE_CURVE('',#1947,#1945,#778,.T.);
#3105=EDGE_CURVE('',#1948,#1947,#790,.T.);
#3107=EDGE_CURVE('',#1950,#1948,#794,.T.);
#3109=EDGE_CURVE('',#1951,#1950,#806,.T.);
#3111=EDGE_CURVE('',#1953,#1951,#810,.T.);
#3113=EDGE_CURVE('',#1954,#1953,#822,.T.);
#3115=EDGE_CURVE('',#1956,#1954,#826,.T.);
#3117=EDGE_CURVE('',#1897,#1956,#834,.T.);
#3121=EDGE_CURVE('',#1853,#1857,#731,.T.);
#3123=EDGE_CURVE('',#1857,#1853,#736,.T.);
#3127=EDGE_CURVE('',#1861,#1865,#741,.T.);
#3129=EDGE_CURVE('',#1865,#1861,#746,.T.);
#3133=EDGE_CURVE('',#2126,#2127,#838,.T.);
#3135=EDGE_CURVE('',#2127,#2129,#842,.T.);
#3137=EDGE_CURVE('',#2129,#2131,#846,.T.);
#3139=EDGE_CURVE('',#2131,#2133,#850,.T.);
#3141=EDGE_CURVE('',#2133,#2135,#854,.T.);
#3143=EDGE_CURVE('',#2135,#2137,#858,.T.);
#3145=EDGE_CURVE('',#2137,#2139,#862,.T.);
#3147=EDGE_CURVE('',#2139,#2141,#866,.T.);
#3149=EDGE_CURVE('',#2141,#2143,#870,.T.);
#3151=EDGE_CURVE('',#2143,#2145,#874,.T.);
#3153=EDGE_CURVE('',#2145,#2147,#878,.T.);
#3155=EDGE_CURVE('',#2147,#2149,#882,.T.);
#3157=EDGE_CURVE('',#2149,#2151,#886,.T.);
#3159=EDGE_CURVE('',#2151,#2153,#890,.T.);
#3161=EDGE_CURVE('',#2153,#2155,#894,.T.);
#3163=EDGE_CURVE('',#2155,#2126,#898,.T.);
#3173=EDGE_CURVE('',#2158,#2159,#902,.T.);
#3175=EDGE_CURVE('',#2159,#2161,#906,.T.);
#3177=EDGE_CURVE('',#2161,#2163,#910,.T.);
#3179=EDGE_CURVE('',#2163,#2165,#914,.T.);
#3181=EDGE_CURVE('',#2165,#2167,#918,.T.);
#3183=EDGE_CURVE('',#2167,#2169,#922,.T.);
#3185=EDGE_CURVE('',#2169,#2171,#926,.T.);
#3187=EDGE_CURVE('',#2171,#2173,#930,.T.);
#3189=EDGE_CURVE('',#2173,#2175,#934,.T.);
#3191=EDGE_CURVE('',#2175,#2158,#938,.T.);
#3201=EDGE_CURVE('',#1853,#1854,#942,.T.);
#3204=EDGE_CURVE('',#1857,#1858,#946,.T.);
#3206=EDGE_CURVE('',#1854,#1858,#951,.T.);
#3217=EDGE_CURVE('',#1858,#1854,#956,.T.);
#3229=EDGE_CURVE('',#1893,#1894,#970,.T.);
#3231=EDGE_CURVE('',#2028,#1894,#978,.T.);
#3233=EDGE_CURVE('',#2030,#2028,#982,.T.);
#3235=EDGE_CURVE('',#2031,#2030,#994,.T.);
#3237=EDGE_CURVE('',#2033,#2031,#998,.T.);
#3239=EDGE_CURVE('',#2034,#2033,#1010,.T.);
#3241=EDGE_CURVE('',#2036,#2034,#1014,.T.);
#3243=EDGE_CURVE('',#2037,#2036,#1026,.T.);
#3245=EDGE_CURVE('',#2039,#2037,#1030,.T.);
#3247=EDGE_CURVE('',#2040,#2039,#1042,.T.);
#3249=EDGE_CURVE('',#2042,#2040,#1046,.T.);
#3251=EDGE_CURVE('',#1893,#2042,#1054,.T.);
#3255=EDGE_CURVE('',#1862,#1866,#961,.T.);
#3257=EDGE_CURVE('',#1866,#1862,#966,.T.);
#3271=EDGE_CURVE('',#1861,#1862,#1058,.T.);
#3274=EDGE_CURVE('',#1865,#1866,#1062,.T.);
#3298=EDGE_CURVE('',#2044,#1893,#1070,.T.);
#3300=EDGE_CURVE('',#2046,#2044,#1075,.T.);
#3302=EDGE_CURVE('',#2046,#2024,#1095,.T.);
#3304=EDGE_CURVE('',#2023,#2024,#1100,.T.);
#3306=EDGE_CURVE('',#1894,#2023,#1108,.T.);
#3349=EDGE_CURVE('',#1893,#2043,#1116,.T.);
#3351=EDGE_CURVE('',#1973,#2043,#1265,.T.);
#3353=EDGE_CURVE('',#2044,#1973,#1112,.T.);
#3396=EDGE_CURVE('',#2042,#1885,#1120,.T.);
#3398=EDGE_CURVE('',#2043,#1885,#1271,.T.);
#3410=EDGE_CURVE('',#2040,#1850,#1124,.T.);
#3412=EDGE_CURVE('',#1885,#1850,#1287,.T.);
#3472=EDGE_CURVE('',#2039,#1846,#1128,.T.);
#3474=EDGE_CURVE('',#1850,#1846,#1311,.T.);
#3486=EDGE_CURVE('',#2037,#1874,#1132,.T.);
#3488=EDGE_CURVE('',#1846,#1874,#1319,.T.);
#3548=EDGE_CURVE('',#2036,#1870,#1136,.T.);
#3550=EDGE_CURVE('',#1874,#1870,#1351,.T.);
#3562=EDGE_CURVE('',#2034,#1882,#1140,.T.);
#3564=EDGE_CURVE('',#1870,#1882,#1359,.T.);
#3624=EDGE_CURVE('',#2033,#1878,#1144,.T.);
#3626=EDGE_CURVE('',#1882,#1878,#1391,.T.);
#3638=EDGE_CURVE('',#2031,#1842,#1148,.T.);
#3640=EDGE_CURVE('',#1878,#1842,#1407,.T.);
#3700=EDGE_CURVE('',#2030,#1838,#1152,.T.);
#3702=EDGE_CURVE('',#1842,#1838,#1431,.T.);
#3714=EDGE_CURVE('',#2028,#1890,#1156,.T.);
#3716=EDGE_CURVE('',#1838,#1890,#1439,.T.);
#3760=EDGE_CURVE('',#1894,#2027,#1160,.T.);
#3762=EDGE_CURVE('',#1890,#2027,#1453,.T.);
#3806=EDGE_CURVE('',#2023,#1971,#1164,.T.);
#3808=EDGE_CURVE('',#2027,#1971,#1461,.T.);
#3820=EDGE_CURVE('',#2024,#2026,#1168,.T.);
#3861=EDGE_CURVE('',#2024,#2069,#1182,.T.);
#3951=EDGE_CURVE('',#2070,#2046,#1190,.T.);
#3953=EDGE_CURVE('',#2070,#2064,#1534,.T.);
#3994=EDGE_CURVE('',#2046,#2048,#1206,.T.);
#3996=EDGE_CURVE('',#2071,#2048,#1217,.T.);
#3998=EDGE_CURVE('',#2071,#2070,#1202,.T.);
#4011=EDGE_CURVE('',#2048,#1973,#1222,.T.);
#4022=EDGE_CURVE('',#1936,#1933,#1210,.T.);
#4025=EDGE_CURVE('',#2071,#2065,#1541,.T.);
#4029=EDGE_CURVE('',#1940,#1973,#1257,.T.);
#4031=EDGE_CURVE('',#1940,#1936,#1227,.T.);
#4044=EDGE_CURVE('',#1902,#1936,#1231,.T.);
#4057=EDGE_CURVE('',#1938,#1940,#1235,.T.);
#4101=EDGE_CURVE('',#1941,#1940,#1253,.T.);
#4103=EDGE_CURVE('',#1898,#1941,#1239,.T.);
#4115=B_SPLINE_CURVE_WITH_KNOTS('',3,(#4108,#4109,#4110,#4111,#4112,#4113,
#4114),.UNSPECIFIED.,.F.,.F.,(4,1,1,1,4),(0.E0,2.5E-1,5.E-1,7.5E-1,1.E0),
.UNSPECIFIED.);
#4119=EDGE_CURVE('',#1885,#1886,#1283,.T.);
#4121=EDGE_CURVE('',#1886,#1941,#1245,.T.);
#4135=EDGE_CURVE('',#1849,#1850,#1275,.T.);
#4137=EDGE_CURVE('',#1849,#1886,#1279,.T.);
#4151=B_SPLINE_CURVE_WITH_KNOTS('',3,(#4144,#4145,#4146,#4147,#4148,#4149,
#4150),.UNSPECIFIED.,.F.,.F.,(4,1,1,1,4),(0.E0,2.5E-1,5.E-1,7.5E-1,1.E0),
.UNSPECIFIED.);
#4155=EDGE_CURVE('',#1845,#1846,#1315,.T.);
#4157=EDGE_CURVE('',#1845,#1849,#1299,.T.);
#4171=EDGE_CURVE('',#1873,#1874,#1323,.T.);
#4173=EDGE_CURVE('',#1873,#1845,#1327,.T.);
#4185=B_SPLINE_CURVE_WITH_KNOTS('',3,(#4178,#4179,#4180,#4181,#4182,#4183,
#4184),.UNSPECIFIED.,.F.,.F.,(4,1,1,1,4),(0.E0,2.5E-1,5.E-1,7.5E-1,1.E0),
.UNSPECIFIED.);
#4189=EDGE_CURVE('',#1869,#1870,#1355,.T.);
#4191=EDGE_CURVE('',#1869,#1873,#1339,.T.);
#4205=EDGE_CURVE('',#1881,#1882,#1363,.T.);
#4207=EDGE_CURVE('',#1881,#1869,#1367,.T.);
#4219=B_SPLINE_CURVE_WITH_KNOTS('',3,(#4212,#4213,#4214,#4215,#4216,#4217,
#4218),.UNSPECIFIED.,.F.,.F.,(4,1,1,1,4),(0.E0,2.5E-1,5.E-1,7.5E-1,1.E0),
.UNSPECIFIED.);
#4223=EDGE_CURVE('',#1877,#1878,#1403,.T.);
#4225=EDGE_CURVE('',#1877,#1881,#1379,.T.);
#4237=EDGE_CURVE('',#1841,#1842,#1395,.T.);
#4239=EDGE_CURVE('',#1841,#1877,#1399,.T.);
#4253=B_SPLINE_CURVE_WITH_KNOTS('',3,(#4246,#4247,#4248,#4249,#4250,#4251,
#4252),.UNSPECIFIED.,.F.,.F.,(4,1,1,1,4),(0.E0,2.5E-1,5.E-1,7.5E-1,1.E0),
.UNSPECIFIED.);
#4257=EDGE_CURVE('',#1837,#1838,#1435,.T.);
#4259=EDGE_CURVE('',#1837,#1841,#1419,.T.);
#4273=EDGE_CURVE('',#1889,#1890,#1443,.T.);
#4275=EDGE_CURVE('',#1889,#1837,#1447,.T.);
#4287=B_SPLINE_CURVE_WITH_KNOTS('',3,(#4280,#4281,#4282,#4283,#4284,#4285,
#4286),.UNSPECIFIED.,.F.,.F.,(4,1,1,1,4),(0.E0,2.5E-1,5.E-1,7.5E-1,1.E0),
.UNSPECIFIED.);
#4295=EDGE_CURVE('',#1959,#1957,#1473,.T.);
#4297=EDGE_CURVE('',#1957,#1889,#1479,.T.);
#4340=EDGE_CURVE('',#1897,#1957,#1487,.T.);
#4385=EDGE_CURVE('',#1956,#1889,#1491,.T.);
#4398=EDGE_CURVE('',#1954,#1837,#1495,.T.);
#4459=EDGE_CURVE('',#1953,#1841,#1499,.T.);
#4472=EDGE_CURVE('',#1951,#1877,#1503,.T.);
#4533=EDGE_CURVE('',#1950,#1881,#1507,.T.);
#4546=EDGE_CURVE('',#1948,#1869,#1511,.T.);
#4607=EDGE_CURVE('',#1947,#1873,#1515,.T.);
#4620=EDGE_CURVE('',#1945,#1845,#1519,.T.);
#4681=EDGE_CURVE('',#1944,#1849,#1523,.T.);
#4694=EDGE_CURVE('',#1942,#1886,#1527,.T.);
#4781=EDGE_CURVE('',#2126,#2074,#1563,.T.);
#4783=EDGE_CURVE('',#2074,#2075,#1627,.T.);
#4785=EDGE_CURVE('',#2127,#2075,#1623,.T.);
#4796=EDGE_CURVE('',#2155,#2103,#1567,.T.);
#4798=EDGE_CURVE('',#2103,#2074,#1631,.T.);
#4810=EDGE_CURVE('',#2153,#2101,#1571,.T.);
#4812=EDGE_CURVE('',#2101,#2103,#1635,.T.);
#4824=EDGE_CURVE('',#2151,#2099,#1575,.T.);
#4826=EDGE_CURVE('',#2099,#2101,#1639,.T.);
#4838=EDGE_CURVE('',#2149,#2097,#1579,.T.);
#4840=EDGE_CURVE('',#2097,#2099,#1643,.T.);
#4852=EDGE_CURVE('',#2147,#2095,#1583,.T.);
#4854=EDGE_CURVE('',#2095,#2097,#1647,.T.);
#4866=EDGE_CURVE('',#2145,#2093,#1587,.T.);
#4868=EDGE_CURVE('',#2093,#2095,#1651,.T.);
#4880=EDGE_CURVE('',#2143,#2091,#1591,.T.);
#4882=EDGE_CURVE('',#2091,#2093,#1655,.T.);
#4894=EDGE_CURVE('',#2141,#2089,#1595,.T.);
#4896=EDGE_CURVE('',#2089,#2091,#1659,.T.);
#4908=EDGE_CURVE('',#2139,#2087,#1599,.T.);
#4910=EDGE_CURVE('',#2087,#2089,#1663,.T.);
#4922=EDGE_CURVE('',#2137,#2085,#1603,.T.);
#4924=EDGE_CURVE('',#2085,#2087,#1667,.T.);
#4936=EDGE_CURVE('',#2135,#2083,#1607,.T.);
#4938=EDGE_CURVE('',#2083,#2085,#1671,.T.);
#4950=EDGE_CURVE('',#2133,#2081,#1611,.T.);
#4952=EDGE_CURVE('',#2081,#2083,#1675,.T.);
#4964=EDGE_CURVE('',#2131,#2079,#1615,.T.);
#4966=EDGE_CURVE('',#2079,#2081,#1679,.T.);
#4978=EDGE_CURVE('',#2129,#2077,#1619,.T.);
#4980=EDGE_CURVE('',#2077,#2079,#1683,.T.);
#4993=EDGE_CURVE('',#2075,#2077,#1687,.T.);
#5022=EDGE_CURVE('',#2106,#2107,#1691,.T.);
#5024=EDGE_CURVE('',#2123,#2106,#1695,.T.);
#5026=EDGE_CURVE('',#2121,#2123,#1699,.T.);
#5028=EDGE_CURVE('',#2119,#2121,#1703,.T.);
#5030=EDGE_CURVE('',#2117,#2119,#1707,.T.);
#5032=EDGE_CURVE('',#2115,#2117,#1711,.T.);
#5034=EDGE_CURVE('',#2113,#2115,#1715,.T.);
#5036=EDGE_CURVE('',#2111,#2113,#1719,.T.);
#5038=EDGE_CURVE('',#2109,#2111,#1723,.T.);
#5040=EDGE_CURVE('',#2107,#2109,#1727,.T.);
#5051=EDGE_CURVE('',#2158,#2106,#1731,.T.);
#5054=EDGE_CURVE('',#2159,#2107,#1767,.T.);
#5065=EDGE_CURVE('',#2175,#2123,#1735,.T.);
#5078=EDGE_CURVE('',#2173,#2121,#1739,.T.);
#5091=EDGE_CURVE('',#2171,#2119,#1743,.T.);
#5104=EDGE_CURVE('',#2169,#2117,#1747,.T.);
#5117=EDGE_CURVE('',#2167,#2115,#1751,.T.);
#5130=EDGE_CURVE('',#2165,#2113,#1755,.T.);
#5143=EDGE_CURVE('',#2163,#2111,#1759,.T.);
#5156=EDGE_CURVE('',#2161,#2109,#1763,.T.);
#5183=EDGE_CURVE('',#1963,#1965,#1771,.T.);
#5195=EDGE_CURVE('',#1926,#1965,#1780,.T.);
#5197=EDGE_CURVE('',#1922,#1926,#1775,.T.);
#5253=CLOSED_SHELL('',(#2195,#2210,#2226,#2244,#2262,#2280,#2297,#2320,#2346,
#2361,#2374,#2390,#2405,#2418,#2455,#2470,#2483,#2499,#2513,#2525,#2539,#2556,
#2572,#2587,#2601,#2630,#2645,#2662,#2676,#2689,#2703,#2716,#2730,#2746,#2784,
#2797,#2828,#2883,#2964,#3002,#3036,#3057,#3072,#3090,#3167,#3195,#3210,#3223,
#3265,#3279,#3291,#3310,#3357,#3403,#3417,#3479,#3493,#3555,#3569,#3631,#3645,
#3707,#3721,#3767,#3813,#3826,#3867,#3960,#4003,#4016,#4035,#4048,#4061,#4107,
#4129,#4143,#4163,#4177,#4197,#4211,#4231,#4245,#4265,#4279,#4301,#4346,#4391,
#4404,#4465,#4478,#4539,#4552,#4613,#4626,#4687,#4700,#4744,#4774,#4789,#4803,
#4817,#4831,#4845,#4859,#4873,#4887,#4901,#4915,#4929,#4943,#4957,#4971,#4985,
#4998,#5044,#5058,#5071,#5084,#5097,#5110,#5123,#5136,#5149,#5162,#5174,#5187,
#5201,#5214,#5226,#5239,#5252));
#5254=MANIFOLD_SOLID_BREP('',#5253);
#5255=(LENGTH_UNIT()NAMED_UNIT(*)SI_UNIT(.MILLI.,.METRE.));
#5257=(NAMED_UNIT(*)PLANE_ANGLE_UNIT()SI_UNIT($,.RADIAN.));
#5260=(NAMED_UNIT(*)SI_UNIT($,.STERADIAN.)SOLID_ANGLE_UNIT());
#5263=ADVANCED_BREP_SHAPE_REPRESENTATION('',(#5254),#5262);
#5270=PRODUCT_DEFINITION('design','',#5269,#5266);
#5271=PRODUCT_DEFINITION_SHAPE('','SHAPE FOR _R0001.',#5270);
#5272=SHAPE_DEFINITION_REPRESENTATION(#5271,#5263);
ENDSEC;
END-ISO-10303-21;
