ISO-10303-21;
HEADER;
FILE_DESCRIPTION((''),'2;1');
FILE_NAME('_L0016','2026-03-26T18:21:12',('26814'),(''),
'CREO PARAMETRIC BY PTC INC, 2025102','CREO PARAMETRIC BY PTC INC, 2025102','');
FILE_SCHEMA(('CONFIG_CONTROL_DESIGN'));
ENDSEC;
DATA;
#2=CARTESIAN_POINT('',(2.786499384310E1,-5.9E0,1.112581949220E1));
#3=DIRECTION('',(0.E0,1.E0,0.E0));
#4=DIRECTION('',(9.450286436092E-1,0.E0,3.269875574975E-1));
#5=AXIS2_PLACEMENT_3D('',#2,#3,#4);
#7=DIRECTION('',(-9.659257817365E-1,-1.762604617159E-5,-2.588192107746E-1));
#8=VECTOR('',#7,1.675520132375E0);
#9=CARTESIAN_POINT('',(3.128982954102E1,-5.9E0,8.694667410948E0));
#10=LINE('',#9,#8);
#11=DIRECTION('',(-9.659197471221E-1,1.685605705505E-5,2.588417312481E-1));
#12=VECTOR('',#11,1.675376093604E0);
#13=CARTESIAN_POINT('',(-2.967155068835E1,-5.900028240235E0,8.261010162388E0));
#14=LINE('',#13,#12);
#15=CARTESIAN_POINT('',(-2.786499384309E1,-5.9E0,1.112581949220E1));
#16=DIRECTION('',(0.E0,1.E0,0.E0));
#17=DIRECTION('',(-8.154370709352E-1,0.E0,-5.788457336325E-1));
#18=AXIS2_PLACEMENT_3D('',#15,#16,#17);
#20=CARTESIAN_POINT('',(1.442324802083E-6,-5.9E0,-1.096099545350E-6));
#21=DIRECTION('',(0.E0,1.E0,0.E0));
#22=DIRECTION('',(-9.308220714532E-1,0.E0,3.654726683291E-1));
#23=AXIS2_PLACEMENT_3D('',#20,#21,#22);
#25=CARTESIAN_POINT('',(1.442324802083E-6,-5.600000540267E0,
-1.096099545350E-6));
#26=DIRECTION('',(0.E0,-1.E0,0.E0));
#27=DIRECTION('',(9.308862559899E-1,0.E0,3.653091545652E-1));
#28=AXIS2_PLACEMENT_3D('',#25,#26,#27);
#30=DIRECTION('',(-6.633444837768E-1,-7.070355495635E-1,-2.451016676733E-1));
#31=VECTOR('',#30,4.243014845204E-1);
#32=CARTESIAN_POINT('',(3.211557254576E1,-5.600004836046E0,1.260316258355E1));
#33=LINE('',#32,#31);
#34=CARTESIAN_POINT('',(-3.128982954102E1,-5.9E0,8.694667410948E0));
#35=CARTESIAN_POINT('',(-3.131610282619E1,-5.856706551511E0,8.656886640503E0));
#36=CARTESIAN_POINT('',(-3.136902232460E1,-5.769071340806E0,8.580339731159E0));
#37=CARTESIAN_POINT('',(-3.142267845214E1,-5.679337663235E0,8.501817708229E0));
#38=CARTESIAN_POINT('',(-3.144968848145E1,-5.633945801437E0,8.462061910468E0));
#40=DIRECTION('',(6.633442354789E-1,-7.070351646176E-1,-2.451034501004E-1));
#41=VECTOR('',#40,4.243047910106E-1);
#42=CARTESIAN_POINT('',(-3.211557487964E1,-5.600001536681E0,1.260316383052E1));
#43=LINE('',#42,#41);
#44=DIRECTION('',(7.775365837329E-1,3.210444776194E-1,-5.407100002284E-1));
#45=VECTOR('',#44,1.057355095754E-1);
#46=CARTESIAN_POINT('',(-3.144968848145E1,-5.633945801437E0,8.462061910468E0));
#47=LINE('',#46,#45);
#48=CARTESIAN_POINT('',(-2.967155068835E1,-5.900028240235E0,8.261010162388E0));
#49=CARTESIAN_POINT('',(-2.965390639109E1,-5.874739984354E0,8.230102058228E0));
#50=CARTESIAN_POINT('',(-2.961820846259E1,-5.824289246878E0,8.168431015263E0));
#51=CARTESIAN_POINT('',(-2.958324421703E1,-5.773935761370E0,8.106838598135E0));
#52=CARTESIAN_POINT('',(-2.956559371502E1,-5.748807323766E0,8.076094287472E0));
#54=DIRECTION('',(-6.830104762196E-1,7.071090853649E-1,1.830121055250E-1));
#55=VECTOR('',#54,5.676832903255E-1);
#56=CARTESIAN_POINT('',(-2.974914322705E1,5.198586041672E0,7.971248465279E0));
#57=LINE('',#56,#55);
#58=DIRECTION('',(9.659237780191E-1,4.228417874288E-8,-2.588266892292E-1));
#59=VECTOR('',#58,1.274011905536E0);
#60=CARTESIAN_POINT('',(-3.136747525455E1,5.6E0,8.404889663061E0));
#61=LINE('',#60,#59);
#62=DIRECTION('',(0.E0,-1.E0,0.E0));
#63=VECTOR('',#62,1.12E1);
#64=CARTESIAN_POINT('',(-3.136747525455E1,5.6E0,8.404889663061E0));
#65=LINE('',#64,#63);
#66=DIRECTION('',(-9.659258262891E-1,0.E0,2.588190451025E-1));
#67=VECTOR('',#66,1.675461044258E0);
#68=CARTESIAN_POINT('',(-2.974910416096E1,-5.6E0,7.971248435480E0));
#69=LINE('',#68,#67);
#70=DIRECTION('',(3.617703867489E-6,-9.999999999935E-1,-2.759535243310E-9));
#71=VECTOR('',#70,1.079858604174E1);
#72=CARTESIAN_POINT('',(-2.974914322705E1,5.198586041672E0,7.971248465279E0));
#73=LINE('',#72,#71);
#74=CARTESIAN_POINT('',(-5.849063911846E-5,4.899965855356E0,4.456902764094E-5));
#75=DIRECTION('',(0.E0,-1.E0,0.E0));
#76=DIRECTION('',(9.633595560349E-1,0.E0,2.682132841534E-1));
#77=AXIS2_PLACEMENT_3D('',#74,#75,#76);
#79=CARTESIAN_POINT('',(-5.849063911846E-5,5.9E0,4.456902764094E-5));
#80=DIRECTION('',(0.E0,1.E0,0.E0));
#81=DIRECTION('',(-9.634173063230E-1,0.E0,2.680057720972E-1));
#82=AXIS2_PLACEMENT_3D('',#79,#80,#81);
#84=CARTESIAN_POINT('',(2.720009478656E1,-1.4E0,1.379872615868E1));
#85=CARTESIAN_POINT('',(2.720009478656E1,-1.559563491065E0,1.379872615868E1));
#86=CARTESIAN_POINT('',(2.718006308453E1,-1.865451044651E0,1.383831351921E1));
#87=CARTESIAN_POINT('',(2.709069663199E1,-2.301438704666E0,1.401307262642E1));
#88=CARTESIAN_POINT('',(2.694485592301E1,-2.663997930137E0,1.429220627396E1));
#89=CARTESIAN_POINT('',(2.675703364403E1,-2.920002895239E0,1.464154371531E1));
#90=CARTESIAN_POINT('',(2.653142627847E1,-3.056121319306E0,1.504686441295E1));
#91=CARTESIAN_POINT('',(2.629599546985E1,-3.055812531439E0,1.545461048822E1));
#92=CARTESIAN_POINT('',(2.605837130546E1,-2.919941996771E0,1.585165278322E1));
#93=CARTESIAN_POINT('',(2.584942158403E1,-2.663242756851E0,1.618949601446E1));
#94=CARTESIAN_POINT('',(2.568126404170E1,-2.302008321663E0,1.645431847158E1));
#95=CARTESIAN_POINT('',(2.557428439318E1,-1.865251847444E0,1.661959132919E1));
#96=CARTESIAN_POINT('',(2.555009478656E1,-1.559502212919E0,1.665660999117E1));
#97=CARTESIAN_POINT('',(2.555009478656E1,-1.4E0,1.665660999117E1));
#99=CARTESIAN_POINT('',(2.555009478656E1,-1.4E0,1.665660999117E1));
#100=CARTESIAN_POINT('',(2.555009478656E1,-1.240436508935E0,1.665660999117E1));
#101=CARTESIAN_POINT('',(2.557436259544E1,-9.345489553495E-1,1.661946834806E1));
#102=CARTESIAN_POINT('',(2.568102519555E1,-4.985612953339E-1,1.645469517631E1));
#103=CARTESIAN_POINT('',(2.584984167088E1,-1.360020698629E-1,1.618882659365E1));
#104=CARTESIAN_POINT('',(2.605846563010E1,1.200028952391E-1,1.585149900799E1));
#105=CARTESIAN_POINT('',(2.629667996815E1,2.561213193057E-1,1.545345694931E1));
#106=CARTESIAN_POINT('',(2.653208302332E1,2.558125314391E-1,1.504569485058E1));
#107=CARTESIAN_POINT('',(2.675711965497E1,1.199419967707E-1,1.464138514017E1));
#108=CARTESIAN_POINT('',(2.694522561501E1,-1.367572431485E-1,1.429150775767E1));
#109=CARTESIAN_POINT('',(2.709048981920E1,-4.979916783375E-1,1.401346782562E1));
#110=CARTESIAN_POINT('',(2.718013048819E1,-9.347481525556E-1,1.383818430351E1));
#111=CARTESIAN_POINT('',(2.720009478656E1,-1.240497787081E0,1.379872615868E1));
#112=CARTESIAN_POINT('',(2.720009478656E1,-1.4E0,1.379872615868E1));
#114=CARTESIAN_POINT('',(-2.555009478656E1,-1.4E0,1.665660999117E1));
#115=CARTESIAN_POINT('',(-2.555009478656E1,-1.559563491065E0,1.665660999117E1));
#116=CARTESIAN_POINT('',(-2.557436259544E1,-1.865451044651E0,1.661946834806E1));
#117=CARTESIAN_POINT('',(-2.568102519555E1,-2.301438704666E0,1.645469517631E1));
#118=CARTESIAN_POINT('',(-2.584984167088E1,-2.663997930137E0,1.618882659365E1));
#119=CARTESIAN_POINT('',(-2.605846563010E1,-2.920002895239E0,1.585149900799E1));
#120=CARTESIAN_POINT('',(-2.629667996815E1,-3.056121319306E0,1.545345694931E1));
#121=CARTESIAN_POINT('',(-2.653208302332E1,-3.055812531439E0,1.504569485058E1));
#122=CARTESIAN_POINT('',(-2.675711965497E1,-2.919941996771E0,1.464138514017E1));
#123=CARTESIAN_POINT('',(-2.694522561501E1,-2.663242756851E0,1.429150775767E1));
#124=CARTESIAN_POINT('',(-2.709048981920E1,-2.302008321663E0,1.401346782562E1));
#125=CARTESIAN_POINT('',(-2.718013048819E1,-1.865251847444E0,1.383818430351E1));
#126=CARTESIAN_POINT('',(-2.720009478656E1,-1.559502212919E0,1.379872615868E1));
#127=CARTESIAN_POINT('',(-2.720009478656E1,-1.4E0,1.379872615868E1));
#129=CARTESIAN_POINT('',(-2.720009478656E1,-1.4E0,1.379872615868E1));
#130=CARTESIAN_POINT('',(-2.720009478656E1,-1.240436508935E0,1.379872615868E1));
#131=CARTESIAN_POINT('',(-2.718006308453E1,-9.345489553495E-1,
1.383831351921E1));
#132=CARTESIAN_POINT('',(-2.709069663199E1,-4.985612953339E-1,
1.401307262642E1));
#133=CARTESIAN_POINT('',(-2.694485592301E1,-1.360020698629E-1,
1.429220627396E1));
#134=CARTESIAN_POINT('',(-2.675703364403E1,1.200028952391E-1,1.464154371531E1));
#135=CARTESIAN_POINT('',(-2.653142627847E1,2.561213193057E-1,1.504686441295E1));
#136=CARTESIAN_POINT('',(-2.629599546985E1,2.558125314391E-1,1.545461048822E1));
#137=CARTESIAN_POINT('',(-2.605837130546E1,1.199419967707E-1,1.585165278322E1));
#138=CARTESIAN_POINT('',(-2.584942158403E1,-1.367572431485E-1,
1.618949601446E1));
#139=CARTESIAN_POINT('',(-2.568126404170E1,-4.979916783375E-1,
1.645431847158E1));
#140=CARTESIAN_POINT('',(-2.557428439318E1,-9.347481525556E-1,
1.661959132919E1));
#141=CARTESIAN_POINT('',(-2.555009478656E1,-1.240497787081E0,1.665660999117E1));
#142=CARTESIAN_POINT('',(-2.555009478656E1,-1.4E0,1.665660999117E1));
#144=DIRECTION('',(-8.898613084708E-6,-9.999999999601E-1,-7.788906327370E-7));
#145=VECTOR('',#144,1.050005962257E1);
#146=CARTESIAN_POINT('',(-2.938247904784E1,4.900004555835E0,8.180561719017E0));
#147=LINE('',#146,#145);
#148=DIRECTION('',(-1.580177270998E-6,-9.999999999985E-1,-7.237364813288E-7));
#149=VECTOR('',#148,1.050006114522E1);
#150=CARTESIAN_POINT('',(2.938244006492E1,4.900004548257E0,8.180561651831E0));
#151=LINE('',#150,#149);
#152=DIRECTION('',(8.660254037844E-1,0.E0,5.E-1));
#153=VECTOR('',#152,3.544663850156E0);
#154=CARTESIAN_POINT('',(2.720009478656E1,-1.4E0,1.379872615868E1));
#155=LINE('',#154,#153);
#156=DIRECTION('',(8.660254037844E-1,0.E0,5.E-1));
#157=VECTOR('',#156,3.544663850156E0);
#158=CARTESIAN_POINT('',(2.555009478656E1,-1.4E0,1.665660999117E1));
#159=LINE('',#158,#157);
#160=CARTESIAN_POINT('',(2.944486372867E1,-1.4E0,1.7E1));
#161=DIRECTION('',(8.660254037844E-1,0.E0,5.E-1));
#162=DIRECTION('',(5.E-1,0.E0,-8.660254037844E-1));
#163=AXIS2_PLACEMENT_3D('',#160,#161,#162);
#165=CARTESIAN_POINT('',(2.944486372867E1,-1.4E0,1.7E1));
#166=DIRECTION('',(-8.660254037844E-1,0.E0,-5.E-1));
#167=DIRECTION('',(5.E-1,0.E0,-8.660254037844E-1));
#168=AXIS2_PLACEMENT_3D('',#165,#166,#167);
#170=CARTESIAN_POINT('',(2.944486372867E1,-1.4E0,1.7E1));
#171=DIRECTION('',(-8.660254037844E-1,0.E0,-5.E-1));
#172=DIRECTION('',(5.E-1,0.E0,-8.660254037844E-1));
#173=AXIS2_PLACEMENT_3D('',#170,#171,#172);
#175=DIRECTION('',(8.660254037844E-1,0.E0,5.E-1));
#176=VECTOR('',#175,3.465791600852E-1);
#177=CARTESIAN_POINT('',(3.106986372867E1,-1.4E0,1.418541743770E1));
#178=LINE('',#177,#176);
#179=CARTESIAN_POINT('',(2.944486372867E1,-1.4E0,1.7E1));
#180=DIRECTION('',(8.660254037844E-1,0.E0,5.E-1));
#181=DIRECTION('',(5.E-1,0.E0,-8.660254037844E-1));
#182=AXIS2_PLACEMENT_3D('',#179,#180,#181);
#184=DIRECTION('',(8.660254037844E-1,-1.281350008872E-14,5.E-1));
#185=VECTOR('',#184,3.465791600852E-1);
#186=CARTESIAN_POINT('',(2.781986372867E1,-1.4E0,1.981458256230E1));
#187=LINE('',#186,#185);
#188=CARTESIAN_POINT('',(3.137001008573E1,-1.4E0,1.435870701774E1));
#189=CARTESIAN_POINT('',(3.137001008573E1,-1.666150587436E0,1.435870701774E1));
#190=CARTESIAN_POINT('',(3.134363540216E1,-2.181568473832E0,1.441654012772E1));
#191=CARTESIAN_POINT('',(3.122554970741E1,-2.924288076549E0,1.467170823757E1));
#192=CARTESIAN_POINT('',(3.103156579840E1,-3.575920283285E0,1.507925240982E1));
#193=CARTESIAN_POINT('',(3.076770162006E1,-4.101679509272E0,1.561219996861E1));
#194=CARTESIAN_POINT('',(3.044435646143E1,-4.469038571596E0,1.623497300473E1));
#195=CARTESIAN_POINT('',(3.007592177682E1,-4.657846100751E0,1.690842501055E1));
#196=CARTESIAN_POINT('',(2.968108703645E1,-4.657846446911E0,1.759229890322E1));
#197=CARTESIAN_POINT('',(2.928207647856E1,-4.469037984228E0,1.824810088678E1));
#198=CARTESIAN_POINT('',(2.890441272232E1,-4.101679697466E0,1.883951103056E1));
#199=CARTESIAN_POINT('',(2.857479764457E1,-3.575918611083E0,1.933449945398E1));
#200=CARTESIAN_POINT('',(2.831884653304E1,-2.924286757559E0,1.970626569964E1));
#201=CARTESIAN_POINT('',(2.815690741241E1,-2.181566523970E0,1.993611482925E1));
#202=CARTESIAN_POINT('',(2.812001008573E1,-1.666149797763E0,1.998787214234E1));
#203=CARTESIAN_POINT('',(2.812001008573E1,-1.4E0,1.998787214234E1));
#205=CARTESIAN_POINT('',(2.812001008573E1,-1.4E0,1.998787214234E1));
#206=CARTESIAN_POINT('',(2.812001008573E1,-1.133849412564E0,1.998787214234E1));
#207=CARTESIAN_POINT('',(2.815690768636E1,-6.184315261676E-1,1.993611444137E1));
#208=CARTESIAN_POINT('',(2.831884690435E1,1.242880765488E-1,1.970626517497E1));
#209=CARTESIAN_POINT('',(2.857479855618E1,7.759202832847E-1,1.933449809571E1));
#210=CARTESIAN_POINT('',(2.890441259181E1,1.301679509272E0,1.883951123472E1));
#211=CARTESIAN_POINT('',(2.928207728256E1,1.669038571596E0,1.824809959511E1));
#212=CARTESIAN_POINT('',(2.968108648553E1,1.857846100751E0,1.759229979568E1));
#213=CARTESIAN_POINT('',(3.007592127938E1,1.857846446911E0,1.690842593389E1));
#214=CARTESIAN_POINT('',(3.044435717805E1,1.669037984228E0,1.623497166260E1));
#215=CARTESIAN_POINT('',(3.076770150850E1,1.301679697466E0,1.561220018372E1));
#216=CARTESIAN_POINT('',(3.103156651889E1,7.759186110828E-1,1.507925094121E1));
#217=CARTESIAN_POINT('',(3.122554997613E1,1.242867575593E-1,1.467170765366E1));
#218=CARTESIAN_POINT('',(3.134363560110E1,-6.184334760296E-1,1.441653969653E1));
#219=CARTESIAN_POINT('',(3.137001008573E1,-1.133850202237E0,1.435870701774E1));
#220=CARTESIAN_POINT('',(3.137001008573E1,-1.4E0,1.435870701774E1));
#222=CARTESIAN_POINT('',(-2.812001008573E1,-1.4E0,1.998787214234E1));
#223=CARTESIAN_POINT('',(-2.812001008573E1,-1.666150587436E0,1.998787214234E1));
#224=CARTESIAN_POINT('',(-2.815690768636E1,-2.181568473832E0,1.993611444137E1));
#225=CARTESIAN_POINT('',(-2.831884690435E1,-2.924288076549E0,1.970626517497E1));
#226=CARTESIAN_POINT('',(-2.857479855618E1,-3.575920283285E0,1.933449809571E1));
#227=CARTESIAN_POINT('',(-2.890441259181E1,-4.101679509272E0,1.883951123472E1));
#228=CARTESIAN_POINT('',(-2.928207728256E1,-4.469038571596E0,1.824809959511E1));
#229=CARTESIAN_POINT('',(-2.968108648553E1,-4.657846100751E0,1.759229979568E1));
#230=CARTESIAN_POINT('',(-3.007592127938E1,-4.657846446911E0,1.690842593389E1));
#231=CARTESIAN_POINT('',(-3.044435717805E1,-4.469037984228E0,1.623497166260E1));
#232=CARTESIAN_POINT('',(-3.076770150850E1,-4.101679697466E0,1.561220018372E1));
#233=CARTESIAN_POINT('',(-3.103156651889E1,-3.575918611083E0,1.507925094121E1));
#234=CARTESIAN_POINT('',(-3.122554997613E1,-2.924286757559E0,1.467170765366E1));
#235=CARTESIAN_POINT('',(-3.134363560110E1,-2.181566523970E0,1.441653969653E1));
#236=CARTESIAN_POINT('',(-3.137001008573E1,-1.666149797763E0,1.435870701774E1));
#237=CARTESIAN_POINT('',(-3.137001008573E1,-1.4E0,1.435870701774E1));
#239=CARTESIAN_POINT('',(-3.137001008573E1,-1.4E0,1.435870701774E1));
#240=CARTESIAN_POINT('',(-3.137001008573E1,-1.133849412564E0,1.435870701774E1));
#241=CARTESIAN_POINT('',(-3.134363540216E1,-6.184315261676E-1,
1.441654012772E1));
#242=CARTESIAN_POINT('',(-3.122554970741E1,1.242880765488E-1,1.467170823757E1));
#243=CARTESIAN_POINT('',(-3.103156579840E1,7.759202832847E-1,1.507925240982E1));
#244=CARTESIAN_POINT('',(-3.076770162006E1,1.301679509272E0,1.561219996861E1));
#245=CARTESIAN_POINT('',(-3.044435646143E1,1.669038571596E0,1.623497300473E1));
#246=CARTESIAN_POINT('',(-3.007592177682E1,1.857846100751E0,1.690842501055E1));
#247=CARTESIAN_POINT('',(-2.968108703645E1,1.857846446911E0,1.759229890322E1));
#248=CARTESIAN_POINT('',(-2.928207647856E1,1.669037984228E0,1.824810088678E1));
#249=CARTESIAN_POINT('',(-2.890441272232E1,1.301679697466E0,1.883951103056E1));
#250=CARTESIAN_POINT('',(-2.857479764457E1,7.759186110828E-1,1.933449945398E1));
#251=CARTESIAN_POINT('',(-2.831884653304E1,1.242867575593E-1,1.970626569964E1));
#252=CARTESIAN_POINT('',(-2.815690741241E1,-6.184334760296E-1,
1.993611482925E1));
#253=CARTESIAN_POINT('',(-2.812001008573E1,-1.133850202237E0,1.998787214234E1));
#254=CARTESIAN_POINT('',(-2.812001008573E1,-1.4E0,1.998787214234E1));
#256=DIRECTION('',(2.021401411925E-7,1.E0,-7.491682673677E-8));
#257=VECTOR('',#256,1.120000556817E1);
#258=CARTESIAN_POINT('',(-3.211557487964E1,-5.600001536681E0,1.260316383052E1));
#259=LINE('',#258,#257);
#260=CARTESIAN_POINT('',(0.E0,5.6E0,0.E0));
#261=DIRECTION('',(0.E0,-1.E0,0.E0));
#262=DIRECTION('',(-5.936211922492E-1,0.E0,8.047446055194E-1));
#263=AXIS2_PLACEMENT_3D('',#260,#261,#262);
#265=CARTESIAN_POINT('',(0.E0,-2.557007521408E0,0.E0));
#266=DIRECTION('',(0.E0,-1.E0,0.E0));
#267=DIRECTION('',(-5.147948077446E-1,0.E0,8.573134233868E-1));
#268=AXIS2_PLACEMENT_3D('',#265,#266,#267);
#270=CARTESIAN_POINT('',(4.194729594936E0,-2.556854262976E0,3.424403943433E1));
#271=CARTESIAN_POINT('',(3.723430796986E0,-2.564071085912E0,3.430177104913E1));
#272=CARTESIAN_POINT('',(2.776069371398E0,-2.581235883045E0,3.439799467085E1));
#273=CARTESIAN_POINT('',(1.349956148094E0,-2.611618737179E0,3.448354737435E1));
#274=CARTESIAN_POINT('',(-9.957854949824E-2,-2.643516883667E0,
3.451020299970E1));
#275=CARTESIAN_POINT('',(-1.581003390636E0,-2.674063634677E0,3.447468387145E1));
#276=CARTESIAN_POINT('',(-3.107368249303E0,-2.701274772016E0,3.437152672963E1));
#277=CARTESIAN_POINT('',(-4.677560717394E0,-2.721497998045E0,3.419390178129E1));
#278=CARTESIAN_POINT('',(-6.266029307215E0,-2.732779910330E0,3.393896791814E1));
#279=CARTESIAN_POINT('',(-7.838236545017E0,-2.733928113767E0,3.361041427163E1));
#280=CARTESIAN_POINT('',(-9.365873639525E0,-2.724476295558E0,3.321655739762E1));
#281=CARTESIAN_POINT('',(-1.086289764386E1,-2.705739368291E0,3.275822878252E1));
#282=CARTESIAN_POINT('',(-1.242143945742E1,-2.677390636581E0,3.220124762275E1));
#283=CARTESIAN_POINT('',(-1.410435589817E1,-2.640182112431E0,3.150652950431E1));
#284=CARTESIAN_POINT('',(-1.601850143982E1,-2.592616401466E0,3.058001687410E1));
#285=CARTESIAN_POINT('',(-1.718404283500E1,-2.567077945515E0,2.992341367014E1));
#286=CARTESIAN_POINT('',(-1.776038633625E1,-2.556854452761E0,2.957733388642E1));
#288=CARTESIAN_POINT('',(0.E0,-2.556919007544E0,0.E0));
#289=DIRECTION('',(0.E0,-1.E0,0.E0));
#290=DIRECTION('',(2.149808243574E-1,0.E0,9.766182699288E-1));
#291=AXIS2_PLACEMENT_3D('',#288,#289,#290);
#293=CARTESIAN_POINT('',(0.E0,5.6E0,0.E0));
#294=DIRECTION('',(0.E0,-1.E0,0.E0));
#295=DIRECTION('',(9.308862723731E-1,0.E0,3.653091128173E-1));
#296=AXIS2_PLACEMENT_3D('',#293,#294,#295);
#298=DIRECTION('',(1.950340818962E-7,1.E0,1.064894819287E-7));
#299=VECTOR('',#298,1.120000661260E1);
#300=CARTESIAN_POINT('',(3.211557254576E1,-5.600004836046E0,1.260316258355E1));
#301=LINE('',#300,#299);
#302=CARTESIAN_POINT('',(-2.944486372867E1,-1.4E0,1.7E1));
#303=DIRECTION('',(8.660254037844E-1,0.E0,-5.E-1));
#304=DIRECTION('',(5.E-1,0.E0,8.660254037844E-1));
#305=AXIS2_PLACEMENT_3D('',#302,#303,#304);
#307=DIRECTION('',(-8.660254037844E-1,0.E0,5.E-1));
#308=VECTOR('',#307,3.465791600852E-1);
#309=CARTESIAN_POINT('',(-2.781986372867E1,-1.4E0,1.981458256230E1));
#310=LINE('',#309,#308);
#311=CARTESIAN_POINT('',(-2.944486372867E1,-1.4E0,1.7E1));
#312=DIRECTION('',(-8.660254037844E-1,0.E0,5.E-1));
#313=DIRECTION('',(5.E-1,0.E0,8.660254037844E-1));
#314=AXIS2_PLACEMENT_3D('',#311,#312,#313);
#316=DIRECTION('',(-8.660254037844E-1,5.958277541255E-14,5.E-1));
#317=VECTOR('',#316,3.465791600852E-1);
#318=CARTESIAN_POINT('',(-3.106986372867E1,-1.4E0,1.418541743770E1));
#319=LINE('',#318,#317);
#320=CARTESIAN_POINT('',(-2.944486372867E1,-1.4E0,1.7E1));
#321=DIRECTION('',(-8.660254037844E-1,0.E0,5.E-1));
#322=DIRECTION('',(5.E-1,0.E0,8.660254037844E-1));
#323=AXIS2_PLACEMENT_3D('',#320,#321,#322);
#325=CARTESIAN_POINT('',(-2.944486372867E1,-1.4E0,1.7E1));
#326=DIRECTION('',(8.660254037844E-1,0.E0,-5.E-1));
#327=DIRECTION('',(5.E-1,0.E0,8.660254037844E-1));
#328=AXIS2_PLACEMENT_3D('',#325,#326,#327);
#330=DIRECTION('',(-8.660254037844E-1,0.E0,5.E-1));
#331=VECTOR('',#330,3.544663850156E0);
#332=CARTESIAN_POINT('',(-2.720009478656E1,-1.4E0,1.379872615868E1));
#333=LINE('',#332,#331);
#334=DIRECTION('',(-8.660254037844E-1,0.E0,5.E-1));
#335=VECTOR('',#334,3.544663850156E0);
#336=CARTESIAN_POINT('',(-2.555009478656E1,-1.4E0,1.665660999117E1));
#337=LINE('',#336,#335);
#338=CARTESIAN_POINT('',(-2.786499384309E1,5.6E0,1.112581949220E1));
#339=DIRECTION('',(0.E0,-1.E0,0.E0));
#340=DIRECTION('',(-9.445739008392E-1,0.E0,3.282988666647E-1));
#341=AXIS2_PLACEMENT_3D('',#338,#339,#340);
#343=CARTESIAN_POINT('',(-2.786499384309E1,-5.6E0,1.112581949220E1));
#344=DIRECTION('',(0.E0,1.E0,0.E0));
#345=DIRECTION('',(-8.154370709352E-1,0.E0,-5.788457336325E-1));
#346=AXIS2_PLACEMENT_3D('',#343,#344,#345);
#348=DIRECTION('',(0.E0,-1.E0,0.E0));
#349=VECTOR('',#348,1.12E1);
#350=CARTESIAN_POINT('',(-3.153446066230E1,5.6E0,8.521013690858E0));
#351=LINE('',#350,#349);
#352=CARTESIAN_POINT('',(-3.153446066230E1,5.6E0,8.521013690858E0));
#353=CARTESIAN_POINT('',(-3.152033682207E1,5.605831726770E0,8.511191771458E0));
#354=CARTESIAN_POINT('',(-3.149208465687E1,5.617322403013E0,8.491544813909E0));
#355=CARTESIAN_POINT('',(-3.146382239151E1,5.628463582735E0,8.471890832571E0));
#356=CARTESIAN_POINT('',(-3.144968848145E1,5.633945801437E0,8.462061910468E0));
#358=DIRECTION('',(-6.633443895142E-1,-7.070352371325E-1,2.451028240413E-1));
#359=VECTOR('',#358,4.243012975274E-1);
#360=CARTESIAN_POINT('',(-3.183411473049E1,5.9E0,1.249916554519E1));
#361=LINE('',#360,#359);
#362=DIRECTION('',(-7.775365837329E-1,3.210444776194E-1,5.407100002285E-1));
#363=VECTOR('',#362,1.057355095755E-1);
#364=CARTESIAN_POINT('',(-3.136747525455E1,5.6E0,8.404889663061E0));
#365=LINE('',#364,#363);
#366=CARTESIAN_POINT('',(-3.153446066230E1,-5.6E0,8.521013690858E0));
#367=CARTESIAN_POINT('',(-3.152035960557E1,-5.605822319475E0,8.511207615426E0));
#368=CARTESIAN_POINT('',(-3.149213036706E1,-5.617304094947E0,8.491576601424E0));
#369=CARTESIAN_POINT('',(-3.146384531426E1,-5.628454691530E0,8.471906773374E0));
#370=CARTESIAN_POINT('',(-3.144968848145E1,-5.633945801437E0,8.462061910468E0));
#372=CARTESIAN_POINT('',(-3.013687686152E1,5.600000053871E0,8.075141379512E0));
#373=CARTESIAN_POINT('',(-3.017204258598E1,5.649732214449E0,8.136050528231E0));
#374=CARTESIAN_POINT('',(-3.024224584440E1,5.749471262567E0,8.258144331301E0));
#375=CARTESIAN_POINT('',(-3.031257460977E1,5.849734992673E0,8.380755185824E0));
#376=CARTESIAN_POINT('',(-3.034766286788E1,5.900008566586E0,8.442204089822E0));
#378=CARTESIAN_POINT('',(-3.144968848145E1,5.633945801437E0,8.462061910468E0));
#379=CARTESIAN_POINT('',(-3.142272770844E1,5.679254885271E0,8.501745208361E0));
#380=CARTESIAN_POINT('',(-3.136912169825E1,5.768905946078E0,8.580195129022E0));
#381=CARTESIAN_POINT('',(-3.131615295885E1,5.856623942286E0,8.656814550146E0));
#382=CARTESIAN_POINT('',(-3.128982954102E1,5.9E0,8.694667410948E0));
#384=DIRECTION('',(9.659250091497E-1,-5.654707323732E-6,2.588220946272E-1));
#385=VECTOR('',#384,9.754460053794E-1);
#386=CARTESIAN_POINT('',(3.034762184935E1,5.900005515862E0,8.442200432640E0));
#387=LINE('',#386,#385);
#388=CARTESIAN_POINT('',(2.786499384310E1,5.9E0,1.112581949220E1));
#389=DIRECTION('',(0.E0,-1.E0,0.E0));
#390=DIRECTION('',(8.154370709352E-1,0.E0,-5.788457336325E-1));
#391=AXIS2_PLACEMENT_3D('',#388,#389,#390);
#393=CARTESIAN_POINT('',(3.610445276081E-13,5.9E0,3.188560526723E-13));
#394=DIRECTION('',(0.E0,-1.E0,0.E0));
#395=DIRECTION('',(9.308220681430E-1,0.E0,3.654726767598E-1));
#396=AXIS2_PLACEMENT_3D('',#393,#394,#395);
#398=CARTESIAN_POINT('',(8.061780913401E0,5.9E0,3.662318512233E1));
#399=DIRECTION('',(0.E0,1.E0,0.E0));
#400=DIRECTION('',(-2.149808243573E-1,0.E0,-9.766182699288E-1));
#401=AXIS2_PLACEMENT_3D('',#398,#399,#400);
#403=DIRECTION('',(-2.079116946040E-1,3.870828134872E-9,9.781475999290E-1));
#404=VECTOR('',#403,2.076878439500E0);
#405=CARTESIAN_POINT('',(4.833893846916E0,5.899999991961E0,3.593707650632E1));
#406=LINE('',#405,#404);
#407=DIRECTION('',(-9.781476007338E-1,0.E0,-2.079116908178E-1));
#408=VECTOR('',#407,2.44E1);
#409=CARTESIAN_POINT('',(4.402086531073E0,5.9E0,3.796857016726E1));
#410=LINE('',#409,#408);
#411=DIRECTION('',(2.079116870315E-1,-3.870826851920E-9,-9.781476015386E-1));
#412=VECTOR('',#411,2.076878439500E0);
#413=CARTESIAN_POINT('',(-1.946471492683E1,5.9E0,3.289552491131E1));
#414=LINE('',#413,#412);
#415=CARTESIAN_POINT('',(-2.226079470935E1,5.9E0,3.017792270698E1));
#416=DIRECTION('',(0.E0,1.E0,0.E0));
#417=DIRECTION('',(9.781476007338E-1,0.E0,2.079116908177E-1));
#418=AXIS2_PLACEMENT_3D('',#415,#416,#417);
#420=CARTESIAN_POINT('',(3.090860900556E-13,5.9E0,2.797762022055E-13));
#421=DIRECTION('',(0.E0,-1.E0,0.E0));
#422=DIRECTION('',(-5.936211922493E-1,0.E0,8.047446055194E-1));
#423=AXIS2_PLACEMENT_3D('',#420,#421,#422);
#425=CARTESIAN_POINT('',(-2.786499384309E1,5.9E0,1.112581949220E1));
#426=DIRECTION('',(0.E0,-1.E0,0.E0));
#427=DIRECTION('',(-9.450287827132E-1,0.E0,3.269871554718E-1));
#428=AXIS2_PLACEMENT_3D('',#425,#426,#427);
#430=DIRECTION('',(9.659231293924E-1,8.782589587208E-6,-2.588291096991E-1));
#431=VECTOR('',#430,9.754054380497E-1);
#432=CARTESIAN_POINT('',(-3.128982954102E1,5.9E0,8.694667410948E0));
#433=LINE('',#432,#431);
#434=CARTESIAN_POINT('',(3.034762184935E1,5.900005515862E0,8.442200432640E0));
#435=CARTESIAN_POINT('',(3.031254530425E1,5.849748743594E0,8.380772061474E0));
#436=CARTESIAN_POINT('',(3.024230953578E1,5.749506322412E0,8.258187201108E0));
#437=CARTESIAN_POINT('',(3.017201542283E1,5.649748896772E0,8.136071014398E0));
#438=CARTESIAN_POINT('',(3.013683786412E1,5.6E0,8.075141368119E0));
#440=DIRECTION('',(-7.775365837329E-1,-3.210444776194E-1,-5.407100002285E-1));
#441=VECTOR('',#440,1.057355095754E-1);
#442=CARTESIAN_POINT('',(3.144968848145E1,5.633945801437E0,8.462061910468E0));
#443=LINE('',#442,#441);
#444=DIRECTION('',(6.830104762196E-1,7.071090853649E-1,1.830121055250E-1));
#445=VECTOR('',#444,5.676833908973E-1);
#446=CARTESIAN_POINT('',(2.974910416096E1,5.198585916686E0,7.971248435480E0));
#447=LINE('',#446,#445);
#448=DIRECTION('',(0.E0,-1.E0,0.E0));
#449=VECTOR('',#448,1.079858591669E1);
#450=CARTESIAN_POINT('',(2.974910416096E1,5.198585916686E0,7.971248435480E0));
#451=LINE('',#450,#449);
#452=DIRECTION('',(-9.659258262891E-1,0.E0,-2.588190451025E-1));
#453=VECTOR('',#452,1.675461044258E0);
#454=CARTESIAN_POINT('',(3.136747525455E1,-5.6E0,8.404889663061E0));
#455=LINE('',#454,#453);
#456=DIRECTION('',(0.E0,1.E0,0.E0));
#457=VECTOR('',#456,1.12E1);
#458=CARTESIAN_POINT('',(3.136747525455E1,-5.6E0,8.404889663061E0));
#459=LINE('',#458,#457);
#460=DIRECTION('',(9.659258262891E-1,1.045695280281E-14,2.588190451025E-1));
#461=VECTOR('',#460,1.274049577036E0);
#462=CARTESIAN_POINT('',(3.013683786412E1,5.6E0,8.075141368119E0));
#463=LINE('',#462,#461);
#464=CARTESIAN_POINT('',(2.974910416096E1,5.198585916686E0,7.971248435480E0));
#465=CARTESIAN_POINT('',(2.968771001032E1,5.148354486466E0,8.006296809966E0));
#466=CARTESIAN_POINT('',(2.956520017771E1,5.048376163617E0,8.076237629304E0));
#467=CARTESIAN_POINT('',(2.944326980999E1,4.949291751638E0,8.145835482270E0));
#468=CARTESIAN_POINT('',(2.938244006492E1,4.900004548257E0,8.180561651831E0));
#470=CARTESIAN_POINT('',(2.938242347296E1,-5.600056596948E0,8.180554052553E0));
#471=CARTESIAN_POINT('',(2.941285687462E1,-5.624715802397E0,8.163180389964E0));
#472=CARTESIAN_POINT('',(2.947373745981E1,-5.674242864631E0,8.128459927213E0));
#473=CARTESIAN_POINT('',(2.953485656811E1,-5.723903075720E0,8.093556990756E0));
#474=CARTESIAN_POINT('',(2.956544405579E1,-5.748809089436E0,8.076095364337E0));
#476=CARTESIAN_POINT('',(-2.253150079870E-4,-5.9E0,1.704017507653E-4));
#477=DIRECTION('',(0.E0,-1.E0,0.E0));
#478=DIRECTION('',(9.633609887514E-1,0.E0,2.682081381165E-1));
#479=AXIS2_PLACEMENT_3D('',#476,#477,#478);
#481=CARTESIAN_POINT('',(2.956544405579E1,-5.748809089436E0,8.076095364337E0));
#482=CARTESIAN_POINT('',(2.958309964567E1,-5.773944771869E0,8.106848538688E0));
#483=CARTESIAN_POINT('',(2.961836619372E1,-5.824303484565E0,8.168448793583E0));
#484=CARTESIAN_POINT('',(2.965376226846E1,-5.874748612127E0,8.230111473927E0));
#485=CARTESIAN_POINT('',(2.967140144734E1,-5.900029532795E0,8.261010612649E0));
#487=CARTESIAN_POINT('',(-2.253150079870E-4,-5.599867562343E0,
1.704017507653E-4));
#488=DIRECTION('',(0.E0,1.E0,0.E0));
#489=DIRECTION('',(-9.633599526562E-1,0.E0,2.682118595780E-1));
#490=AXIS2_PLACEMENT_3D('',#487,#488,#489);
#492=CARTESIAN_POINT('',(-2.956559371502E1,-5.748807323766E0,8.076094287472E0));
#493=CARTESIAN_POINT('',(-2.953500931842E1,-5.723903825958E0,8.093554149272E0));
#494=CARTESIAN_POINT('',(-2.947359587245E1,-5.674247952011E0,8.128456298660E0));
#495=CARTESIAN_POINT('',(-2.941300907937E1,-5.624716860106E0,8.163178054710E0));
#496=CARTESIAN_POINT('',(-2.938257248381E1,-5.600055066319E0,8.180553540619E0));
#498=CARTESIAN_POINT('',(3.144968848145E1,-5.633945801437E0,8.462061910468E0));
#499=CARTESIAN_POINT('',(3.142272234847E1,-5.679263893001E0,8.501753097649E0));
#500=CARTESIAN_POINT('',(3.136911088467E1,-5.768923944007E0,8.580210864361E0));
#501=CARTESIAN_POINT('',(3.131614750352E1,-5.856632931654E0,8.656822394872E0));
#502=CARTESIAN_POINT('',(3.128982954102E1,-5.9E0,8.694667410948E0));
#504=DIRECTION('',(-7.102405663953E-1,-5.754665765040E-1,4.054584530792E-1));
#505=VECTOR('',#504,2.585885879591E-1);
#506=CARTESIAN_POINT('',(2.974910416096E1,-5.6E0,7.971248435480E0));
#507=LINE('',#506,#505);
#508=CARTESIAN_POINT('',(3.153446066230E1,-5.6E0,8.521013690858E0));
#509=CARTESIAN_POINT('',(3.152033827560E1,-5.605831126607E0,8.511192782265E0));
#510=CARTESIAN_POINT('',(3.149208757307E1,-5.617321235021E0,8.491546841880E0));
#511=CARTESIAN_POINT('',(3.146382385393E1,-5.628463015498E0,8.471891849556E0));
#512=CARTESIAN_POINT('',(3.144968848145E1,-5.633945801437E0,8.462061910468E0));
#514=CARTESIAN_POINT('',(2.786499384309E1,5.6E0,1.112581949220E1));
#515=DIRECTION('',(0.E0,-1.E0,0.E0));
#516=DIRECTION('',(8.154370709352E-1,0.E0,-5.788457336325E-1));
#517=AXIS2_PLACEMENT_3D('',#514,#515,#516);
#519=DIRECTION('',(0.E0,1.E0,0.E0));
#520=VECTOR('',#519,1.12E1);
#521=CARTESIAN_POINT('',(3.153446066230E1,-5.6E0,8.521013690858E0));
#522=LINE('',#521,#520);
#523=CARTESIAN_POINT('',(2.786499384309E1,-5.6E0,1.112581949220E1));
#524=DIRECTION('',(0.E0,1.E0,0.E0));
#525=DIRECTION('',(9.445739008392E-1,0.E0,3.282988666648E-1));
#526=AXIS2_PLACEMENT_3D('',#523,#524,#525);
#528=DIRECTION('',(-6.633443868612E-1,7.070352371130E-1,-2.451028312776E-1));
#529=VECTOR('',#528,4.243044868176E-1);
#530=CARTESIAN_POINT('',(3.211557473014E1,5.600001776555E0,1.260316377623E1));
#531=LINE('',#530,#529);
#532=CARTESIAN_POINT('',(3.128982954102E1,5.9E0,8.694667410948E0));
#533=CARTESIAN_POINT('',(3.131607660122E1,5.856749765351E0,8.656924351802E0));
#534=CARTESIAN_POINT('',(3.136897034062E1,5.769157860608E0,8.580415373980E0));
#535=CARTESIAN_POINT('',(3.142265268560E1,5.679380965345E0,8.501855633749E0));
#536=CARTESIAN_POINT('',(3.144968848145E1,5.633945801437E0,8.462061910468E0));
#538=DIRECTION('',(1.520143623092E-1,-7.071067811865E-1,6.905734093141E-1));
#539=VECTOR('',#538,4.242667574771E-1);
#540=CARTESIAN_POINT('',(7.352343846849E0,5.900001895961E0,3.340034296641E1));
#541=LINE('',#540,#539);
#542=CARTESIAN_POINT('',(8.061780913401E0,5.6E0,3.662318512233E1));
#543=DIRECTION('',(0.E0,1.E0,0.E0));
#544=DIRECTION('',(-2.149808243574E-1,0.E0,-9.766182699288E-1));
#545=AXIS2_PLACEMENT_3D('',#542,#543,#544);
#547=DIRECTION('',(5.683560965435E-9,1.E0,-1.023562350423E-9));
#548=VECTOR('',#547,8.156957173538E0);
#549=CARTESIAN_POINT('',(7.416838441075E0,-2.556957178821E0,3.369333031593E1));
#550=LINE('',#549,#548);
#551=CARTESIAN_POINT('',(7.416838441075E0,-2.556957178821E0,3.369333031593E1));
#552=CARTESIAN_POINT('',(7.173510907312E0,-2.257016593279E0,3.374689345231E1));
#553=CARTESIAN_POINT('',(6.721492250251E0,-1.683419671167E0,3.390963371184E1));
#554=CARTESIAN_POINT('',(6.155705302264E0,-9.201332235043E-1,3.427574647091E1));
#555=CARTESIAN_POINT('',(5.702438584954E0,-2.583503385725E-1,3.473476031155E1));
#556=CARTESIAN_POINT('',(5.479734312456E0,1.076375136352E-1,3.508249256580E1));
#557=CARTESIAN_POINT('',(5.388218914289E0,2.715428662761E-1,3.526227871386E1));
#559=CARTESIAN_POINT('',(5.127338111200E0,9.627398817355E-1,3.599945004987E1));
#560=CARTESIAN_POINT('',(5.085285612491E0,1.152677644451E0,3.619729150148E1));
#561=CARTESIAN_POINT('',(5.000660173960E0,1.535302209424E0,3.659542288762E1));
#562=CARTESIAN_POINT('',(4.872169642723E0,2.117433111911E0,3.719992330966E1));
#563=CARTESIAN_POINT('',(4.785453028107E0,2.511071566103E0,3.760789290578E1));
#564=CARTESIAN_POINT('',(4.741832153002E0,2.709269783317E0,3.781311298820E1));
#566=CARTESIAN_POINT('',(5.388218914289E0,2.715428662761E-1,3.526227871386E1));
#567=CARTESIAN_POINT('',(5.329574415760E0,3.765759433150E-1,3.537748848955E1));
#568=CARTESIAN_POINT('',(5.226782085498E0,5.975468507388E-1,3.561624396969E1));
#569=CARTESIAN_POINT('',(5.154937405236E0,8.380826479731E-1,3.586960558015E1));
#570=CARTESIAN_POINT('',(5.127338111200E0,9.627398817355E-1,3.599945004987E1));
#572=CARTESIAN_POINT('',(5.388218914289E0,2.715428662761E-1,3.526227871386E1));
#573=CARTESIAN_POINT('',(5.216307971265E0,2.715508466012E-1,3.528854701048E1));
#574=CARTESIAN_POINT('',(4.866049541206E0,2.715331196132E-1,3.533946236205E1));
#575=CARTESIAN_POINT('',(4.502914070587E0,2.716374898401E-1,3.538677908961E1));
#576=CARTESIAN_POINT('',(4.318112662304E0,2.716374927227E-1,3.540931535140E1));
#578=DIRECTION('',(-8.559646216838E-2,-7.071067449660E-1,-7.019069004418E-1));
#579=VECTOR('',#578,1.998292201814E0);
#580=CARTESIAN_POINT('',(4.489159405158E0,1.684643387038E0,3.681193043695E1));
#581=LINE('',#580,#579);
#582=CARTESIAN_POINT('',(4.489159405158E0,1.684643387038E0,3.681193043695E1));
#583=CARTESIAN_POINT('',(4.491499199785E0,1.703976868125E0,3.683112181138E1));
#584=CARTESIAN_POINT('',(4.520434199495E0,1.736681507533E0,3.686054056013E1));
#585=CARTESIAN_POINT('',(4.575878101862E0,1.768439748445E0,3.688570945022E1));
#586=CARTESIAN_POINT('',(4.636569139208E0,1.794516855362E0,3.690439747403E1));
#587=CARTESIAN_POINT('',(4.678542577342E0,1.808922442736E0,3.691365291150E1));
#588=CARTESIAN_POINT('',(4.699845233364E0,1.815799618789E0,3.691787392704E1));
#590=CARTESIAN_POINT('',(4.695530811292E0,-2.71E1,3.803094367451E1));
#591=DIRECTION('',(9.781476007338E-1,0.E0,2.079116908178E-1));
#592=DIRECTION('',(0.E0,1.E0,0.E0));
#593=AXIS2_PLACEMENT_3D('',#590,#591,#592);
#595=DIRECTION('',(-2.079116933993E-1,2.639195554485E-9,9.781476001851E-1));
#596=VECTOR('',#595,2.076878427144E0);
#597=CARTESIAN_POINT('',(5.127338122066E0,5.599999994519E0,3.599945002512E1));
#598=LINE('',#597,#596);
#599=DIRECTION('',(2.343165371955E-9,1.E0,-5.338548867816E-9));
#600=VECTOR('',#599,4.637260112783E0);
#601=CARTESIAN_POINT('',(5.127338111200E0,9.627398817355E-1,3.599945004987E1));
#602=LINE('',#601,#600);
#603=CARTESIAN_POINT('',(4.262536237063E0,3.128344917171E0,4.006802296459E1));
#604=CARTESIAN_POINT('',(4.335610135649E0,3.152559679841E0,3.972423730108E1));
#605=CARTESIAN_POINT('',(4.483336869187E0,3.122936469634E0,3.902923769387E1));
#606=CARTESIAN_POINT('',(4.643255428018E0,2.914044179161E0,3.827688001600E1));
#607=CARTESIAN_POINT('',(4.725993958664E0,2.744233252152E0,3.788762583416E1));
#608=CARTESIAN_POINT('',(4.741832153002E0,2.709269783317E0,3.781311298820E1));
#610=CARTESIAN_POINT('',(4.695537343450E0,-2.710028021153E1,3.803091294313E1));
#611=DIRECTION('',(-9.781476007338E-1,0.E0,-2.079116908178E-1));
#612=DIRECTION('',(-2.338280113052E-2,9.936556797516E-1,1.100074302426E-1));
#613=AXIS2_PLACEMENT_3D('',#610,#611,#612);
#615=DIRECTION('',(6.916548014810E-1,-7.071067811866E-1,1.470157664618E-1));
#616=VECTOR('',#615,4.242640687119E-1);
#617=CARTESIAN_POINT('',(4.402086531073E0,5.9E0,3.796857016726E1));
#618=LINE('',#617,#616);
#619=CARTESIAN_POINT('',(-2.132290662028E1,5.398655839340E0,3.835896431373E1));
#620=CARTESIAN_POINT('',(-2.118438396902E1,5.415729160850E0,3.828941740697E1));
#621=CARTESIAN_POINT('',(-2.092977299611E1,5.454402819858E0,3.811440729592E1));
#622=CARTESIAN_POINT('',(-2.061621230150E1,5.524442846884E0,3.773416791076E1));
#623=CARTESIAN_POINT('',(-2.039462242346E1,5.600271107208E0,3.724718931596E1));
#624=CARTESIAN_POINT('',(-2.030740966436E1,5.650721891120E0,3.686009207868E1));
#625=CARTESIAN_POINT('',(-2.026731202049E1,5.673438140316E0,3.667144736392E1));
#627=CARTESIAN_POINT('',(-1.946471492683E1,-2.71E1,3.289552491131E1));
#628=DIRECTION('',(-9.781476007338E-1,0.E0,-2.079116908178E-1));
#629=DIRECTION('',(-2.432113096656E-2,9.931344851823E-1,1.144219250419E-1));
#630=AXIS2_PLACEMENT_3D('',#627,#628,#629);
#632=CARTESIAN_POINT('',(4.402086531072E0,-2.71E1,3.796857016727E1));
#633=DIRECTION('',(9.781476007338E-1,0.E0,2.079116908178E-1));
#634=DIRECTION('',(0.E0,1.E0,0.E0));
#635=AXIS2_PLACEMENT_3D('',#632,#633,#634);
#637=CARTESIAN_POINT('',(3.599489437413E0,5.673438140316E0,4.174449261988E1));
#638=CARTESIAN_POINT('',(3.558766479124E0,5.650367666136E0,4.193607894543E1));
#639=CARTESIAN_POINT('',(3.480053228163E0,5.599311088486E0,4.232961862858E1));
#640=CARTESIAN_POINT('',(3.487175479760E0,5.521023585915E0,4.288091934310E1));
#641=CARTESIAN_POINT('',(3.633314995064E0,5.449689039261E0,4.336396335378E1));
#642=CARTESIAN_POINT('',(3.784740958564E0,5.414764404676E0,4.360236238821E1));
#643=CARTESIAN_POINT('',(3.877448109862E0,5.398655839340E0,4.371546506803E1));
#645=CARTESIAN_POINT('',(-2.755344286434E0,2.163978874654E0,6.106021913938E1));
#646=DIRECTION('',(-3.610348622615E-2,9.848077530122E-1,1.698535483567E-1));
#647=DIRECTION('',(0.E0,1.699643554921E-1,-9.854502107474E-1));
#648=AXIS2_PLACEMENT_3D('',#645,#646,#647);
#650=CARTESIAN_POINT('',(-2.755344286434E0,2.163978874654E0,6.106021913938E1));
#651=DIRECTION('',(-3.610348622615E-2,9.848077530122E-1,1.698535483567E-1));
#652=DIRECTION('',(0.E0,-1.699643554921E-1,9.854502107474E-1));
#653=AXIS2_PLACEMENT_3D('',#650,#651,#652);
#655=CARTESIAN_POINT('',(-2.231829630111E1,2.163978874654E0,5.690198532302E1));
#656=DIRECTION('',(-3.610348622615E-2,9.848077530122E-1,1.698535483567E-1));
#657=DIRECTION('',(0.E0,1.699643554921E-1,-9.854502107474E-1));
#658=AXIS2_PLACEMENT_3D('',#655,#656,#657);
#660=CARTESIAN_POINT('',(-2.231829630111E1,2.163978874654E0,5.690198532302E1));
#661=DIRECTION('',(-3.610348622615E-2,9.848077530122E-1,1.698535483567E-1));
#662=DIRECTION('',(0.E0,-1.699643554921E-1,9.854502107474E-1));
#663=AXIS2_PLACEMENT_3D('',#660,#661,#662);
#665=DIRECTION('',(-9.781476007338E-1,0.E0,-2.079116908178E-1));
#666=VECTOR('',#665,2.576334564562E1);
#667=CARTESIAN_POINT('',(3.877448109862E0,5.398655839340E0,4.371546506803E1));
#668=LINE('',#667,#666);
#669=CARTESIAN_POINT('',(3.877448109862E0,5.398655839340E0,4.371546506803E1));
#670=CARTESIAN_POINT('',(3.957143178395E0,5.384959628203E0,4.381181515835E1));
#671=CARTESIAN_POINT('',(4.131497150063E0,5.361946814405E0,4.398230311071E1));
#672=CARTESIAN_POINT('',(4.487400645475E0,5.336414643263E0,4.420598779321E1));
#673=CARTESIAN_POINT('',(4.912320545708E0,5.324693799913E0,4.436426454062E1));
#674=CARTESIAN_POINT('',(5.220480718793E0,5.324375713201E0,4.443161026836E1));
#675=CARTESIAN_POINT('',(5.372822937878E0,5.324375708192E0,4.446399163569E1));
#677=DIRECTION('',(9.781476007338E-1,-4.352065607836E-14,2.079116908180E-1));
#678=VECTOR('',#677,1.000001987262E0);
#679=CARTESIAN_POINT('',(5.372822937878E0,5.324375708192E0,4.446399163569E1));
#680=LINE('',#679,#678);
#681=CARTESIAN_POINT('',(6.350972482447E0,5.324375708192E0,4.467190373968E1));
#682=CARTESIAN_POINT('',(6.569851256006E0,5.324375709342E0,4.471842785255E1));
#683=CARTESIAN_POINT('',(7.027246537534E0,5.323823005597E0,4.481885478707E1));
#684=CARTESIAN_POINT('',(7.570636383599E0,5.306552412014E0,4.503449044872E1));
#685=CARTESIAN_POINT('',(7.996034144099E0,5.271466245597E0,4.532834048235E1));
#686=CARTESIAN_POINT('',(8.297289669873E0,5.221969657017E0,4.567935463239E1));
#687=CARTESIAN_POINT('',(8.499785404666E0,5.158042697331E0,4.609304376739E1));
#688=CARTESIAN_POINT('',(8.598888315910E0,5.074933933760E0,4.659597182586E1));
#689=CARTESIAN_POINT('',(8.576785226546E0,4.974726536074E0,4.717227432007E1));
#690=CARTESIAN_POINT('',(8.484651372085E0,4.894124647262E0,4.762001893535E1));
#691=CARTESIAN_POINT('',(8.439137682081E0,4.855525157024E0,4.783414383719E1));
#693=DIRECTION('',(-2.047530450592E-1,-1.736481776669E-1,9.632873407929E-1));
#694=VECTOR('',#693,3.099999681952E1);
#695=CARTESIAN_POINT('',(8.439137682081E0,4.855525157024E0,4.783414383719E1));
#696=LINE('',#695,#694);
#697=CARTESIAN_POINT('',(2.091793936458E0,-5.275677983672E-1,7.769604833806E1));
#698=CARTESIAN_POINT('',(2.045976629601E0,-5.664248173842E-1,7.791160185127E1));
#699=CARTESIAN_POINT('',(1.946981527180E0,-6.477407914006E-1,7.836202831618E1));
#700=CARTESIAN_POINT('',(1.731688384162E0,-7.478226840359E-1,7.889653932085E1));
#701=CARTESIAN_POINT('',(1.436343082951E0,-8.306870137617E-1,7.931420760058E1));
#702=CARTESIAN_POINT('',(1.082254455379E0,-8.945291683074E-1,7.960909937860E1));
#703=CARTESIAN_POINT('',(6.639919669514E-1,-9.438594073766E-1,
7.980621076207E1));
#704=CARTESIAN_POINT('',(1.545881973736E-1,-9.788498447355E-1,
7.990080756131E1));
#705=CARTESIAN_POINT('',(-4.299795490728E-1,-9.959020857391E-1,
7.987542243113E1));
#706=CARTESIAN_POINT('',(-8.846124343917E-1,-9.964179651858E-1,
7.978177828776E1));
#707=CARTESIAN_POINT('',(-1.102040558218E0,-9.964179588841E-1,
7.973556247681E1));
#709=DIRECTION('',(-9.781476007338E-1,0.E0,-2.079116908178E-1));
#710=VECTOR('',#709,3.099999681952E1);
#711=CARTESIAN_POINT('',(-1.102040558218E0,-9.964179588841E-1,
7.973556247681E1));
#712=LINE('',#711,#710);
#713=CARTESIAN_POINT('',(-3.142461306999E1,-9.964179588842E-1,
7.329030072272E1));
#714=CARTESIAN_POINT('',(-3.164349184355E1,-9.964179600337E-1,
7.324377660986E1));
#715=CARTESIAN_POINT('',(-3.210088712508E1,-9.958652562892E-1,
7.314334967533E1));
#716=CARTESIAN_POINT('',(-3.264427697114E1,-9.785946627058E-1,
7.292771401369E1));
#717=CARTESIAN_POINT('',(-3.306967473164E1,-9.435084962889E-1,
7.263386398005E1));
#718=CARTESIAN_POINT('',(-3.337093025742E1,-8.940119077089E-1,
7.228284983002E1));
#719=CARTESIAN_POINT('',(-3.357342599221E1,-8.300849480229E-1,
7.186916069501E1));
#720=CARTESIAN_POINT('',(-3.367252890345E1,-7.469761844522E-1,
7.136623263655E1));
#721=CARTESIAN_POINT('',(-3.365042581409E1,-6.467687867658E-1,
7.078993014234E1));
#722=CARTESIAN_POINT('',(-3.355829195963E1,-5.661668979544E-1,
7.034218552705E1));
#723=CARTESIAN_POINT('',(-3.351277826963E1,-5.275674077159E-1,
7.012806062521E1));
#725=DIRECTION('',(2.047530450592E-1,1.736481776669E-1,-9.632873407929E-1));
#726=VECTOR('',#725,3.099999681952E1);
#727=CARTESIAN_POINT('',(-3.351277826963E1,-5.275674077159E-1,
7.012806062521E1));
#728=LINE('',#727,#726);
#729=CARTESIAN_POINT('',(-2.716543452400E1,4.855525547675E0,4.026615612434E1));
#730=CARTESIAN_POINT('',(-2.711961721715E1,4.894382566692E0,4.005060261113E1));
#731=CARTESIAN_POINT('',(-2.702062211472E1,4.975698540708E0,3.960017614622E1));
#732=CARTESIAN_POINT('',(-2.680532897171E1,5.075780433344E0,3.906566514155E1));
#733=CARTESIAN_POINT('',(-2.650998367050E1,5.158644763070E0,3.864799686182E1));
#734=CARTESIAN_POINT('',(-2.615589504292E1,5.222486917615E0,3.835310508380E1));
#735=CARTESIAN_POINT('',(-2.573763255450E1,5.271817156685E0,3.815599370034E1));
#736=CARTESIAN_POINT('',(-2.522822878492E1,5.306807594043E0,3.806139690110E1));
#737=CARTESIAN_POINT('',(-2.464366103847E1,5.323859835047E0,3.808678203127E1));
#738=CARTESIAN_POINT('',(-2.418902815315E1,5.324375714494E0,3.818042617464E1));
#739=CARTESIAN_POINT('',(-2.397160002933E1,5.324375708192E0,3.822664198559E1));
#741=DIRECTION('',(9.781476007339E-1,8.437697201434E-14,2.079116908173E-1));
#742=VECTOR('',#741,9.999997375726E-1);
#743=CARTESIAN_POINT('',(-2.397160002933E1,5.324375708192E0,3.822664198559E1));
#744=LINE('',#743,#742);
#745=CARTESIAN_POINT('',(-2.299345268529E1,5.324375708192E0,3.843455362185E1));
#746=CARTESIAN_POINT('',(-2.284018199231E1,5.324375713933E0,3.846713228006E1));
#747=CARTESIAN_POINT('',(-2.252751645173E1,5.324742539334E0,3.853146454539E1));
#748=CARTESIAN_POINT('',(-2.208047269444E1,5.336472754863E0,3.855847505521E1));
#749=CARTESIAN_POINT('',(-2.166921822991E1,5.361480149781E0,3.850089747384E1));
#750=CARTESIAN_POINT('',(-2.143604273005E1,5.384819977263E0,3.841513656538E1));
#751=CARTESIAN_POINT('',(-2.132290662028E1,5.398655839340E0,3.835896431373E1));
#753=DIRECTION('',(2.047530450592E-1,1.736481776669E-1,-9.632873407929E-1));
#754=VECTOR('',#753,7.74E0);
#755=CARTESIAN_POINT('',(-1.049014125098E1,1.491960427083E0,6.331248790482E1));
#756=LINE('',#755,#754);
#757=DIRECTION('',(-9.781476007338E-1,0.E0,-2.079116908178E-1));
#758=VECTOR('',#757,5.805E0);
#759=CARTESIAN_POINT('',(-8.905352682218E0,2.835997322225E0,5.585664388709E1));
#760=LINE('',#759,#758);
#761=DIRECTION('',(-2.047530450592E-1,-1.736481776669E-1,9.632873407929E-1));
#762=VECTOR('',#761,9.880851039290E-1);
#763=CARTESIAN_POINT('',(-1.458349950448E1,2.835997322225E0,5.464971652189E1));
#764=LINE('',#763,#762);
#765=DIRECTION('',(9.781476007338E-1,0.E0,2.079116908178E-1));
#766=VECTOR('',#765,4.8375E0);
#767=CARTESIAN_POINT('',(-1.478581293829E1,2.664418144548E0,5.560152639413E1));
#768=LINE('',#767,#766);
#769=DIRECTION('',(-2.047530450592E-1,-1.736481776669E-1,9.632873407929E-1));
#770=VECTOR('',#769,6.751914896071E0);
#771=CARTESIAN_POINT('',(-1.005402391974E1,2.664418144548E0,5.660729919846E1));
#772=LINE('',#771,#770);
#773=DIRECTION('',(9.781476007338E-1,0.E0,2.079116908177E-1));
#774=VECTOR('',#773,9.675E-1);
#775=CARTESIAN_POINT('',(-1.143649905469E1,1.491960427083E0,6.311133334396E1));
#776=LINE('',#775,#774);
#777=DIRECTION('',(3.610348622615E-2,-9.848077530122E-1,-1.698535483567E-1));
#778=VECTOR('',#777,3.E0);
#779=CARTESIAN_POINT('',(-2.755344286434E0,2.444420061216E0,5.943422629165E1));
#780=LINE('',#779,#778);
#781=DIRECTION('',(3.610348622615E-2,-9.848077530122E-1,-1.698535483567E-1));
#782=VECTOR('',#781,3.E0);
#783=CARTESIAN_POINT('',(-2.755344286434E0,1.883537688092E0,6.268621198711E1));
#784=LINE('',#783,#782);
#785=CARTESIAN_POINT('',(-2.647033827756E0,-7.904443843827E-1,
6.055065849431E1));
#786=DIRECTION('',(-3.610348622615E-2,9.848077530122E-1,1.698535483567E-1));
#787=DIRECTION('',(0.E0,1.699643554921E-1,-9.854502107474E-1));
#788=AXIS2_PLACEMENT_3D('',#785,#786,#787);
#790=CARTESIAN_POINT('',(-2.647033827756E0,-7.904443843827E-1,
6.055065849431E1));
#791=DIRECTION('',(-3.610348622615E-2,9.848077530122E-1,1.698535483567E-1));
#792=DIRECTION('',(0.E0,-1.699643554921E-1,9.854502107474E-1));
#793=AXIS2_PLACEMENT_3D('',#790,#791,#792);
#795=CARTESIAN_POINT('',(-2.220998584243E1,-7.904443843827E-1,
5.639242467795E1));
#796=DIRECTION('',(-3.610348622615E-2,9.848077530122E-1,1.698535483567E-1));
#797=DIRECTION('',(0.E0,1.699643554921E-1,-9.854502107474E-1));
#798=AXIS2_PLACEMENT_3D('',#795,#796,#797);
#800=CARTESIAN_POINT('',(-2.220998584243E1,-7.904443843827E-1,
5.639242467795E1));
#801=DIRECTION('',(-3.610348622615E-2,9.848077530122E-1,1.698535483567E-1));
#802=DIRECTION('',(0.E0,-1.699643554921E-1,9.854502107474E-1));
#803=AXIS2_PLACEMENT_3D('',#800,#801,#802);
#805=DIRECTION('',(9.781476007338E-1,0.E0,2.079116908178E-1));
#806=VECTOR('',#805,2.576334565761E1);
#807=CARTESIAN_POINT('',(-2.121459616848E1,2.444232579442E0,3.784940367220E1));
#808=LINE('',#807,#806);
#809=CARTESIAN_POINT('',(-2.121459616848E1,2.444232579442E0,3.784940367220E1));
#810=CARTESIAN_POINT('',(-2.132659698671E1,2.430535556266E0,3.790501225212E1));
#811=CARTESIAN_POINT('',(-2.155522411723E1,2.407522231986E0,3.798984688675E1));
#812=CARTESIAN_POINT('',(-2.197141528328E1,2.381986850478E0,3.804943639637E1));
#813=CARTESIAN_POINT('',(-2.242400953770E1,2.370269724669E0,3.802117019801E1));
#814=CARTESIAN_POINT('',(-2.273283015455E1,2.369952454068E0,3.795736787863E1));
#815=CARTESIAN_POINT('',(-2.288514226716E1,2.369952449156E0,3.792499296816E1));
#817=DIRECTION('',(-9.781476007339E-1,-7.860381403018E-14,-2.079116908173E-1));
#818=VECTOR('',#817,9.999996961124E-1);
#819=CARTESIAN_POINT('',(-2.288514226716E1,2.369952449156E0,3.792499296816E1));
#820=LINE('',#819,#818);
#821=CARTESIAN_POINT('',(-2.386328957065E1,2.369952449155E0,3.771708134052E1));
#822=CARTESIAN_POINT('',(-2.408222876994E1,2.369952455784E0,3.767054433868E1));
#823=CARTESIAN_POINT('',(-2.454090776880E1,2.369406079165E0,3.757621698937E1));
#824=CARTESIAN_POINT('',(-2.512581965253E1,2.352091645674E0,3.755227889778E1));
#825=CARTESIAN_POINT('',(-2.563319703956E1,2.317022430805E0,3.764776316848E1));
#826=CARTESIAN_POINT('',(-2.605081610264E1,2.267591091488E0,3.784559749361E1));
#827=CARTESIAN_POINT('',(-2.640436585996E1,2.203621890759E0,3.814134042346E1));
#828=CARTESIAN_POINT('',(-2.669947602976E1,2.120511775510E0,3.856048374187E1));
#829=CARTESIAN_POINT('',(-2.691382257153E1,2.020205859771E0,3.909649483469E1));
#830=CARTESIAN_POINT('',(-2.701163534294E1,1.939680639385E0,3.954258783679E1));
#831=CARTESIAN_POINT('',(-2.705712406532E1,1.901102288638E0,3.975659547927E1));
#833=DIRECTION('',(-2.047530450592E-1,-1.736481776669E-1,9.632873407929E-1));
#834=VECTOR('',#833,3.099999681953E1);
#835=CARTESIAN_POINT('',(-2.705712406532E1,1.901102288638E0,3.975659547927E1));
#836=LINE('',#835,#834);
#837=CARTESIAN_POINT('',(-3.340446781095E1,-3.481990666753E0,6.961849998015E1));
#838=CARTESIAN_POINT('',(-3.345029781229E1,-3.520858414631E0,6.983411300080E1));
#839=CARTESIAN_POINT('',(-3.354309931321E1,-3.602172216302E0,7.028584336113E1));
#840=CARTESIAN_POINT('',(-3.356373281343E1,-3.702385823789E0,7.086249423047E1));
#841=CARTESIAN_POINT('',(-3.346374253277E1,-3.785118358279E0,7.136342953583E1));
#842=CARTESIAN_POINT('',(-3.326051766718E1,-3.848909929172E0,7.177648867063E1));
#843=CARTESIAN_POINT('',(-3.295840234123E1,-3.898284259180E0,7.212697672388E1));
#844=CARTESIAN_POINT('',(-3.253151020367E1,-3.933277233654E0,7.242060407199E1));
#845=CARTESIAN_POINT('',(-3.198660500805E1,-3.950332885244E0,7.263531560140E1));
#846=CARTESIAN_POINT('',(-3.153361166660E1,-3.950841218986E0,7.273454961821E1));
#847=CARTESIAN_POINT('',(-3.131630261131E1,-3.950841217921E0,7.278074007765E1));
#849=DIRECTION('',(9.781476007338E-1,0.E0,2.079116908178E-1));
#850=VECTOR('',#849,3.099999681953E1);
#851=CARTESIAN_POINT('',(-3.131630261131E1,-3.950841217921E0,7.278074007765E1));
#852=LINE('',#851,#850);
#853=CARTESIAN_POINT('',(-9.937300995364E-1,-3.950841217921E0,
7.922600183174E1));
#854=CARTESIAN_POINT('',(-7.747909002512E-1,-3.950841224549E0,
7.927253883359E1));
#855=CARTESIAN_POINT('',(-3.161119013831E-1,-3.950294847930E0,
7.936686618290E1));
#856=CARTESIAN_POINT('',(2.687999823456E-1,-3.932980414439E0,7.939080427448E1));
#857=CARTESIAN_POINT('',(7.761773693699E-1,-3.897911199570E0,7.929532000378E1));
#858=CARTESIAN_POINT('',(1.193796432447E0,-3.848479860253E0,7.909748567866E1));
#859=CARTESIAN_POINT('',(1.547346189775E0,-3.784510659524E0,7.880174274880E1));
#860=CARTESIAN_POINT('',(1.842456359570E0,-3.701400544275E0,7.838259943040E1));
#861=CARTESIAN_POINT('',(2.056802901340E0,-3.601094628536E0,7.784658833757E1));
#862=CARTESIAN_POINT('',(2.154615672749E0,-3.520569408150E0,7.740049533547E1));
#863=CARTESIAN_POINT('',(2.200104395136E0,-3.481991057404E0,7.718648769299E1));
#865=DIRECTION('',(2.047530450592E-1,1.736481776669E-1,-9.632873407929E-1));
#866=VECTOR('',#865,3.099999681953E1);
#867=CARTESIAN_POINT('',(2.200104395136E0,-3.481991057404E0,7.718648769299E1));
#868=LINE('',#867,#866);
#869=CARTESIAN_POINT('',(8.547448140760E0,1.901101897988E0,4.732458319212E1));
#870=CARTESIAN_POINT('',(8.593278142104E0,1.939969645866E0,4.710897017146E1));
#871=CARTESIAN_POINT('',(8.686079643018E0,2.021283447537E0,4.665723981113E1));
#872=CARTESIAN_POINT('',(8.706713143239E0,2.121497055024E0,4.608058894180E1));
#873=CARTESIAN_POINT('',(8.606722862579E0,2.204229589514E0,4.557965363643E1));
#874=CARTESIAN_POINT('',(8.403497996997E0,2.268021160407E0,4.516659450163E1));
#875=CARTESIAN_POINT('',(8.101382671046E0,2.317395490415E0,4.481610644838E1));
#876=CARTESIAN_POINT('',(7.674490533482E0,2.352388464888E0,4.452247910028E1));
#877=CARTESIAN_POINT('',(7.129585337860E0,2.369444116479E0,4.430776757086E1));
#878=CARTESIAN_POINT('',(6.676591996409E0,2.369952450220E0,4.420853355405E1));
#879=CARTESIAN_POINT('',(6.459282941125E0,2.369952449155E0,4.416234309461E1));
#881=DIRECTION('',(-9.781476007338E-1,4.574109961337E-14,-2.079116908180E-1));
#882=VECTOR('',#881,1.000001945760E0);
#883=CARTESIAN_POINT('',(6.459282941125E0,2.369952449155E0,4.416234309461E1));
#884=LINE('',#883,#882);
#885=CARTESIAN_POINT('',(5.481133437151E0,2.369952449156E0,4.395443099925E1));
#886=CARTESIAN_POINT('',(5.327849287705E0,2.369952454794E0,4.392184941479E1));
#887=CARTESIAN_POINT('',(5.016037295105E0,2.370318939047E0,4.385344686079E1));
#888=CARTESIAN_POINT('',(4.596551585392E0,2.382054013458E0,4.369624267481E1));
#889=CARTESIAN_POINT('',(4.244267040299E0,2.407071312080E0,4.347631244536E1));
#890=CARTESIAN_POINT('',(4.066237811442E0,2.430401602589E0,4.330320256882E1));
#891=CARTESIAN_POINT('',(3.985758573386E0,2.444232579442E0,4.320590442899E1));
#893=DIRECTION('',(3.610348622615E-2,-9.848077530122E-1,-1.698535483567E-1));
#894=VECTOR('',#893,3.E0);
#895=CARTESIAN_POINT('',(-2.231829630111E1,2.444420061216E0,5.527599247529E1));
#896=LINE('',#895,#894);
#897=DIRECTION('',(3.610348622615E-2,-9.848077530122E-1,-1.698535483567E-1));
#898=VECTOR('',#897,3.E0);
#899=CARTESIAN_POINT('',(-2.231829630111E1,1.883537688092E0,5.852797817076E1));
#900=LINE('',#899,#898);
#901=CARTESIAN_POINT('',(3.985758573386E0,2.444232579442E0,4.320590442899E1));
#902=CARTESIAN_POINT('',(3.887193616492E0,2.460970440259E0,4.308790799086E1));
#903=CARTESIAN_POINT('',(3.724090329554E0,2.499101031346E0,4.282687982295E1));
#904=CARTESIAN_POINT('',(3.591667721849E0,2.566932725552E0,4.236237098663E1));
#905=CARTESIAN_POINT('',(3.584737138635E0,2.640045606039E0,4.183732857870E1));
#906=CARTESIAN_POINT('',(3.661166938254E0,2.688202400694E0,4.145432286229E1));
#907=CARTESIAN_POINT('',(3.700602763022E0,2.709670462163E0,4.126879205853E1));
#909=CARTESIAN_POINT('',(4.402086750024E0,-2.71E1,3.796857021381E1));
#910=DIRECTION('',(-9.781476007338E-1,0.E0,-2.079116908178E-1));
#911=DIRECTION('',(-2.338280314457E-2,9.936556786552E-1,1.100074397179E-1));
#912=AXIS2_PLACEMENT_3D('',#909,#910,#911);
#914=CARTESIAN_POINT('',(-1.989341619380E1,2.829056360903E0,3.491240664366E1));
#915=CARTESIAN_POINT('',(-1.946366320923E1,2.816495085833E0,3.519015882204E1));
#916=CARTESIAN_POINT('',(-1.859231139158E1,2.789469234080E0,3.572696550089E1));
#917=CARTESIAN_POINT('',(-1.724327270603E1,2.746300130884E0,3.647834041628E1));
#918=CARTESIAN_POINT('',(-1.586890420005E1,2.704118736996E0,3.716518480293E1));
#919=CARTESIAN_POINT('',(-1.445721263808E1,2.665224022630E0,3.779326216285E1));
#920=CARTESIAN_POINT('',(-1.299958393070E1,2.631718488944E0,3.836436786258E1));
#921=CARTESIAN_POINT('',(-1.149825164860E1,2.605940173419E0,3.887346762323E1));
#922=CARTESIAN_POINT('',(-9.968336666051E0,2.589854618452E0,3.931296845638E1));
#923=CARTESIAN_POINT('',(-8.425691438562E0,2.584517942552E0,3.967813285982E1));
#924=CARTESIAN_POINT('',(-6.885194951896E0,2.589995221203E0,3.996731781652E1));
#925=CARTESIAN_POINT('',(-5.358363405341E0,2.605428459913E0,4.018215301889E1));
#926=CARTESIAN_POINT('',(-3.845633898804E0,2.629608054284E0,4.032582230214E1));
#927=CARTESIAN_POINT('',(-2.336234634645E0,2.661249504780E0,4.040135684958E1));
#928=CARTESIAN_POINT('',(-8.278466300340E-1,2.698637761248E0,4.041012182486E1));
#929=CARTESIAN_POINT('',(6.848190281395E-1,2.739828397381E0,4.035252318557E1));
#930=CARTESIAN_POINT('',(2.244830642981E0,2.783686794264E0,4.022461599933E1));
#931=CARTESIAN_POINT('',(3.384750862523E0,2.814426314388E0,4.007741526350E1));
#932=CARTESIAN_POINT('',(3.973379514349E0,2.829054419079E0,3.998548029110E1));
#934=CARTESIAN_POINT('',(-1.946471484149E1,-2.71E1,3.289552492945E1));
#935=DIRECTION('',(9.781476007338E-1,0.E0,2.079116908178E-1));
#936=DIRECTION('',(-1.429004793781E-2,9.976352057129E-1,6.722938979412E-2));
#937=AXIS2_PLACEMENT_3D('',#934,#935,#936);
#939=CARTESIAN_POINT('',(-2.016619872504E1,2.709670530163E0,3.619574680403E1));
#940=CARTESIAN_POINT('',(-2.020592747655E1,2.688042968733E0,3.638265604576E1));
#941=CARTESIAN_POINT('',(-2.029199533957E1,2.639782933368E0,3.676449065940E1));
#942=CARTESIAN_POINT('',(-2.051771901193E1,2.564747747030E0,3.725326254680E1));
#943=CARTESIAN_POINT('',(-2.084668429588E1,2.494714135558E0,3.763094593777E1));
#944=CARTESIAN_POINT('',(-2.108355762970E1,2.460121827423E0,3.778513120534E1));
#945=CARTESIAN_POINT('',(-2.121459616848E1,2.444232579442E0,3.784940367220E1));
#947=DIRECTION('',(5.209506000050E-1,7.920141991900E-1,-3.183142796605E-1));
#948=VECTOR('',#947,4.242640687319E-1);
#949=CARTESIAN_POINT('',(3.985758573386E0,2.444232579442E0,4.320590442899E1));
#950=LINE('',#949,#948);
#951=DIRECTION('',(1.192531148589E-1,8.191520442888E-1,-5.610424430771E-1));
#952=VECTOR('',#951,4.242640687121E-1);
#953=CARTESIAN_POINT('',(5.481133437151E0,2.369952449156E0,4.395443099925E1));
#954=LINE('',#953,#952);
#955=DIRECTION('',(1.192533374635E-1,8.191520442890E-1,-5.610423957608E-1));
#956=VECTOR('',#955,4.242640687119E-1);
#957=CARTESIAN_POINT('',(6.459282941125E0,2.369952449155E0,4.416234309461E1));
#958=LINE('',#957,#956);
#959=DIRECTION('',(6.661261350271E-1,6.963645401025E-1,2.671186993112E-1));
#960=VECTOR('',#959,4.242640687126E-1);
#961=CARTESIAN_POINT('',(8.547448140760E0,1.901101897988E0,4.732458319212E1));
#962=LINE('',#961,#960);
#963=DIRECTION('',(6.661257625448E-1,6.963642242060E-1,2.671204517067E-1));
#964=VECTOR('',#963,4.242640687119E-1);
#965=CARTESIAN_POINT('',(2.200104395136E0,-3.481991057404E0,7.718648769299E1));
#966=LINE('',#965,#964);
#967=DIRECTION('',(-1.703095979046E-1,5.735764363501E-1,8.012519656922E-1));
#968=VECTOR('',#967,4.242640687126E-1);
#969=CARTESIAN_POINT('',(-9.937300995364E-1,-3.950841217921E0,
7.922600183174E1));
#970=LINE('',#969,#968);
#971=DIRECTION('',(-1.703113773338E-1,5.735764363510E-1,8.012515874640E-1));
#972=VECTOR('',#971,4.242640687119E-1);
#973=CARTESIAN_POINT('',(-3.131630261131E1,-3.950841217921E0,7.278074007765E1));
#974=LINE('',#973,#972);
#975=DIRECTION('',(-7.171841748971E-1,6.963639405351E-1,-2.690950760782E-2));
#976=VECTOR('',#975,4.242640687126E-1);
#977=CARTESIAN_POINT('',(-3.340446781095E1,-3.481990666753E0,6.961849998015E1));
#978=LINE('',#977,#976);
#979=DIRECTION('',(-7.171838024149E-1,6.963642564339E-1,-2.691126000319E-2));
#980=VECTOR('',#979,4.242640687119E-1);
#981=CARTESIAN_POINT('',(-2.705712406532E1,1.901102288638E0,3.975659547927E1));
#982=LINE('',#981,#980);
#983=DIRECTION('',(1.192515580353E-1,8.191520442877E-1,-5.610427739892E-1));
#984=VECTOR('',#983,4.242640687126E-1);
#985=CARTESIAN_POINT('',(-2.386328957065E1,2.369952449155E0,3.771708134052E1));
#986=LINE('',#985,#984);
#987=DIRECTION('',(1.192533785347E-1,8.191520442888E-1,-5.610423870311E-1));
#988=VECTOR('',#987,4.242640687121E-1);
#989=CARTESIAN_POINT('',(-2.288514226716E1,2.369952449156E0,3.792499296816E1));
#990=LINE('',#989,#988);
#991=DIRECTION('',(-3.464419727375E-1,7.920141991901E-1,-5.026842625415E-1));
#992=VECTOR('',#991,4.242640687319E-1);
#993=CARTESIAN_POINT('',(-2.121459616848E1,2.444232579442E0,3.784940367220E1));
#994=LINE('',#993,#992);
#995=DIRECTION('',(-7.081891680707E-1,7.026205443430E-1,-6.922768878537E-2));
#996=VECTOR('',#995,4.242640687122E-1);
#997=CARTESIAN_POINT('',(-2.016619872504E1,2.709670530163E0,3.619574680403E1));
#998=LINE('',#997,#996);
#999=DIRECTION('',(-7.017595891987E-1,7.054343834706E-1,-9.947768385504E-2));
#1000=VECTOR('',#999,4.242642031716E-1);
#1001=CARTESIAN_POINT('',(-1.989341619380E1,2.829056360903E0,3.491240664366E1));
#1002=LINE('',#1001,#1000);
#1003=CARTESIAN_POINT('',(-1.971185112683E1,2.709237982062E0,3.261528901556E1));
#1004=CARTESIAN_POINT('',(-1.961063102967E1,2.548327206766E0,3.248844748432E1));
#1005=CARTESIAN_POINT('',(-1.944672802624E1,2.242618853576E0,3.223028934887E1));
#1006=CARTESIAN_POINT('',(-1.934627614058E1,1.957278725733E0,3.195762545221E1));
#1007=CARTESIAN_POINT('',(-1.930939879206E1,1.815929288502E0,3.181466276415E1));
#1009=CARTESIAN_POINT('',(3.973379514349E0,2.829054419079E0,3.998548029110E1));
#1010=CARTESIAN_POINT('',(4.048928922908E0,2.851748741202E0,3.966478267500E1));
#1011=CARTESIAN_POINT('',(4.201866099275E0,2.824500422033E0,3.901657372687E1));
#1012=CARTESIAN_POINT('',(4.424327741438E0,2.564958949734E0,3.807689895612E1));
#1013=CARTESIAN_POINT('',(4.588307575143E0,2.190396535998E0,3.738654574178E1));
#1014=CARTESIAN_POINT('',(4.673986955871E0,1.909935289194E0,3.702649116002E1));
#1015=CARTESIAN_POINT('',(4.699845233364E0,1.815799618789E0,3.691787392704E1));
#1017=CARTESIAN_POINT('',(-1.903936615795E1,1.684476872513E0,3.182537861592E1));
#1018=CARTESIAN_POINT('',(-1.905619479175E1,1.694691321793E0,3.182672239635E1));
#1019=CARTESIAN_POINT('',(-1.908990564389E1,1.714973758259E0,3.182943437844E1));
#1020=CARTESIAN_POINT('',(-1.912364323242E1,1.735069245756E0,3.183237079024E1));
#1021=CARTESIAN_POINT('',(-1.914053296264E1,1.745050286596E0,3.183386204592E1));
#1023=CARTESIAN_POINT('',(-1.930939879206E1,1.815929288502E0,3.181466276415E1));
#1024=CARTESIAN_POINT('',(-1.933032610626E1,1.911745382748E0,3.192639593533E1));
#1025=CARTESIAN_POINT('',(-1.939905724306E1,2.193947651186E0,3.229315072029E1));
#1026=CARTESIAN_POINT('',(-1.953136761749E1,2.570273446091E0,3.299753791422E1));
#1027=CARTESIAN_POINT('',(-1.971088159794E1,2.826185364674E0,3.394926873226E1));
#1028=CARTESIAN_POINT('',(-1.983273646488E1,2.851475307241E0,3.459262104612E1));
#1029=CARTESIAN_POINT('',(-1.989341619380E1,2.829056360903E0,3.491240664366E1));
#1031=DIRECTION('',(6.815494890939E-1,7.054350462647E-1,1.945551063769E-1));
#1032=VECTOR('',#1031,4.242637216234E-1);
#1033=CARTESIAN_POINT('',(3.973379514349E0,2.829054419079E0,3.998548029110E1));
#1034=LINE('',#1033,#1032);
#1035=CARTESIAN_POINT('',(4.699845233364E0,1.815799618789E0,3.691787392704E1));
#1036=CARTESIAN_POINT('',(4.675345128881E0,1.957241448257E0,3.706357572365E1));
#1037=CARTESIAN_POINT('',(4.656209292281E0,2.242548330592E0,3.735344744727E1));
#1038=CARTESIAN_POINT('',(4.700877637217E0,2.548180025922E0,3.765589714136E1));
#1039=CARTESIAN_POINT('',(4.741832153002E0,2.709269783317E0,3.781311298820E1));
#1041=DIRECTION('',(6.751203276641E-1,7.026206512196E-1,2.248038337184E-1));
#1042=VECTOR('',#1041,4.242640687122E-1);
#1043=CARTESIAN_POINT('',(3.700602763022E0,2.709670462163E0,4.126879205853E1));
#1044=LINE('',#1043,#1042);
#1045=CARTESIAN_POINT('',(4.318112662304E0,2.716374927227E-1,3.540931535140E1));
#1046=CARTESIAN_POINT('',(3.826339049804E0,2.731443397305E-1,3.547812100165E1));
#1047=CARTESIAN_POINT('',(2.839313149551E0,2.725914276682E-1,3.559453234564E1));
#1048=CARTESIAN_POINT('',(1.357607867933E0,2.641482234255E-1,3.570449609429E1));
#1049=CARTESIAN_POINT('',(-1.434900454519E-1,2.515547643037E-1,
3.575045581719E1));
#1050=CARTESIAN_POINT('',(-1.674898221069E0,2.372398778814E-1,
3.572912315761E1));
#1051=CARTESIAN_POINT('',(-3.249191357007E0,2.229587412499E-1,
3.563499063488E1));
#1052=CARTESIAN_POINT('',(-4.864769634092E0,2.119671306207E-1,
3.546109575610E1));
#1053=CARTESIAN_POINT('',(-6.499475548615E0,2.055887393793E-1,
3.520378141417E1));
#1054=CARTESIAN_POINT('',(-8.114825142628E0,2.047869943684E-1,
3.486699379507E1));
#1055=CARTESIAN_POINT('',(-9.683816723453E0,2.100528781008E-1,
3.445908594611E1));
#1056=CARTESIAN_POINT('',(-1.122108359478E1,2.204240095765E-1,
3.398105969230E1));
#1057=CARTESIAN_POINT('',(-1.282364979127E1,2.355057611227E-1,
3.339609341047E1));
#1058=CARTESIAN_POINT('',(-1.455579909109E1,2.531333562307E-1,
3.266215191481E1));
#1059=CARTESIAN_POINT('',(-1.652849680372E1,2.709070726120E-1,
3.167718423781E1));
#1060=CARTESIAN_POINT('',(-1.773474101676E1,2.738193333389E-1,
3.097338273996E1));
#1061=CARTESIAN_POINT('',(-1.833069920652E1,2.717593581387E-1,
3.060196250815E1));
#1063=DIRECTION('',(3.545672748500E-1,-7.068248324432E-1,-6.121116759605E-1));
#1064=VECTOR('',#1063,1.998681214257E0);
#1065=CARTESIAN_POINT('',(-1.903936615795E1,1.684476872513E0,3.182537861592E1));
#1066=LINE('',#1065,#1064);
#1067=CARTESIAN_POINT('',(-1.903936615795E1,1.684476872513E0,3.182537861592E1));
#1068=CARTESIAN_POINT('',(-1.864169489066E1,1.682501155081E0,3.207800503101E1));
#1069=CARTESIAN_POINT('',(-1.783429195097E1,1.675566671055E0,3.256809453998E1));
#1070=CARTESIAN_POINT('',(-1.658916122640E1,1.659312600217E0,3.325625046520E1));
#1071=CARTESIAN_POINT('',(-1.532092988995E1,1.639948725778E0,3.389085235933E1));
#1072=CARTESIAN_POINT('',(-1.402662356931E1,1.619864456485E0,3.447285710793E1));
#1073=CARTESIAN_POINT('',(-1.269504292329E1,1.600723256178E0,3.500669926587E1));
#1074=CARTESIAN_POINT('',(-1.132417316543E1,1.584385150862E0,3.549062771567E1));
#1075=CARTESIAN_POINT('',(-9.922214205973E0,1.572565474559E0,3.591896226114E1));
#1076=CARTESIAN_POINT('',(-8.502672545639E0,1.566335274951E0,3.628658981531E1));
#1077=CARTESIAN_POINT('',(-7.079521060081E0,1.566197533551E0,3.659053023707E1));
#1078=CARTESIAN_POINT('',(-5.664298967651E0,1.571914017086E0,3.683070966150E1));
#1079=CARTESIAN_POINT('',(-4.263811586688E0,1.582780804801E0,3.700925483461E1));
#1080=CARTESIAN_POINT('',(-2.872808764636E0,1.597891549046E0,3.712886883569E1));
#1081=CARTESIAN_POINT('',(-1.481598229193E0,1.616048742849E0,3.719155449920E1));
#1082=CARTESIAN_POINT('',(-9.094949631173E-2,1.635680101439E0,
3.719814944239E1));
#1083=CARTESIAN_POINT('',(1.320537623276E0,1.655267799350E0,3.714769173227E1));
#1084=CARTESIAN_POINT('',(2.817233978837E0,1.673451268760E0,3.703225805755E1));
#1085=CARTESIAN_POINT('',(3.918290293845E0,1.682333245008E0,3.689719282046E1));
#1086=CARTESIAN_POINT('',(4.489159405158E0,1.684643387038E0,3.681193043695E1));
#1088=CARTESIAN_POINT('',(4.318112662304E0,2.716374927227E-1,3.540931535140E1));
#1089=CARTESIAN_POINT('',(4.296393352940E0,8.650013385682E-2,3.522544479370E1));
#1090=CARTESIAN_POINT('',(4.257969431807E0,-3.201402197639E-1,
3.489394068027E1));
#1091=CARTESIAN_POINT('',(4.217324643961E0,-1.016183243080E0,3.452405616355E1));
#1092=CARTESIAN_POINT('',(4.194974619958E0,-1.771436201086E0,3.429596911233E1));
#1093=CARTESIAN_POINT('',(4.192717756254E0,-2.295046878268E0,3.424428585755E1));
#1094=CARTESIAN_POINT('',(4.194729594936E0,-2.556854262976E0,3.424403943433E1));
#1096=CARTESIAN_POINT('',(-1.833069920652E1,2.717593581387E-1,
3.060196250815E1));
#1097=CARTESIAN_POINT('',(-1.833433635779E1,2.717531459658E-1,
3.059970322905E1));
#1098=CARTESIAN_POINT('',(-1.834162230345E1,2.717314071376E-1,
3.059518894600E1));
#1099=CARTESIAN_POINT('',(-1.835255399515E1,2.716689743699E-1,
3.058845019852E1));
#1100=CARTESIAN_POINT('',(-1.835985450870E1,2.716081601515E-1,
3.058397271298E1));
#1101=CARTESIAN_POINT('',(-1.836350689051E1,2.715728657475E-1,
3.058173840986E1));
#1103=CARTESIAN_POINT('',(-1.981955302404E1,-2.556854291838E0,
3.300659506716E1));
#1104=DIRECTION('',(8.572325332210E-1,-1.361871221999E-2,5.147493707281E-1));
#1105=DIRECTION('',(5.147971118239E-1,-5.599795949163E-8,-8.573120398418E-1));
#1106=AXIS2_PLACEMENT_3D('',#1103,#1104,#1105);
#1108=CARTESIAN_POINT('',(-1.981955355681E1,-2.556854115168E0,
3.300659465767E1));
#1109=DIRECTION('',(-8.573141486889E-1,-4.090365210619E-6,-5.147935998447E-1));
#1110=DIRECTION('',(3.640115719434E-1,7.071067691179E-1,-6.062141474421E-1));
#1111=AXIS2_PLACEMENT_3D('',#1108,#1109,#1110);
#1113=CARTESIAN_POINT('',(-1.930939879206E1,1.815929288502E0,3.181466276415E1));
#1114=CARTESIAN_POINT('',(-1.929035238553E1,1.809737939661E0,3.181897934734E1));
#1115=CARTESIAN_POINT('',(-1.925238788640E1,1.796669603591E0,3.182670128367E1));
#1116=CARTESIAN_POINT('',(-1.919599193886E1,1.774114431150E0,3.183440901491E1));
#1117=CARTESIAN_POINT('',(-1.915861561759E1,1.755736291273E0,3.183545863063E1));
#1118=CARTESIAN_POINT('',(-1.914053296264E1,1.745050286596E0,3.183386204592E1));
#1120=CARTESIAN_POINT('',(-1.914053296264E1,1.745050286596E0,3.183386204592E1));
#1121=CARTESIAN_POINT('',(-1.901571203475E1,1.508107183573E0,3.163243736382E1));
#1122=CARTESIAN_POINT('',(-1.876140125102E1,1.025584264490E0,3.122231667618E1));
#1123=CARTESIAN_POINT('',(-1.849771006736E1,5.257886078069E-1,
3.079767888204E1));
#1124=CARTESIAN_POINT('',(-1.836350689051E1,2.715728657475E-1,
3.058173840986E1));
#1126=CARTESIAN_POINT('',(-1.836350689051E1,2.715728657475E-1,
3.058173840986E1));
#1127=CARTESIAN_POINT('',(-1.851006432368E1,2.715720546580E-1,
3.049373468119E1));
#1128=CARTESIAN_POINT('',(-1.880693766317E1,2.715514551585E-1,
3.031260547097E1));
#1129=CARTESIAN_POINT('',(-1.911104975332E1,2.715093624457E-1,
3.012079814862E1));
#1130=CARTESIAN_POINT('',(-1.926484360352E1,2.714864961932E-1,
3.002211153365E1));
#1132=CARTESIAN_POINT('',(-1.932635190715E1,9.627086963630E-1,
3.080165777943E1));
#1133=CARTESIAN_POINT('',(-1.929875252235E1,8.380478628869E-1,
3.067181288271E1));
#1134=CARTESIAN_POINT('',(-1.926133459289E1,5.975045625097E-1,
3.041113405372E1));
#1135=CARTESIAN_POINT('',(-1.925812946826E1,3.765243147693E-1,
3.015121210257E1));
#1136=CARTESIAN_POINT('',(-1.926484360352E1,2.714864961932E-1,
3.002211153365E1));
#1138=CARTESIAN_POINT('',(-1.971185112683E1,2.709237982062E0,3.261528901556E1));
#1139=CARTESIAN_POINT('',(-1.966823221327E1,2.511047474411E0,3.241007816145E1));
#1140=CARTESIAN_POINT('',(-1.958151875616E1,2.117419122322E0,3.200212342022E1));
#1141=CARTESIAN_POINT('',(-1.945303049886E1,1.535287933718E0,3.139763369622E1));
#1142=CARTESIAN_POINT('',(-1.936840491806E1,1.152653632782E0,3.099950164077E1));
#1143=CARTESIAN_POINT('',(-1.932635190715E1,9.627086963630E-1,
3.080165777943E1));
#1145=CARTESIAN_POINT('',(-1.926484360352E1,2.714864961932E-1,
3.002211153365E1));
#1146=CARTESIAN_POINT('',(-1.927536220925E1,1.069303513688E-1,
2.981985793996E1));
#1147=CARTESIAN_POINT('',(-1.933790420054E1,-2.601935128573E-1,
2.941075388372E1));
#1148=CARTESIAN_POINT('',(-1.956420560129E1,-9.189716536916E-1,
2.880979103383E1));
#1149=CARTESIAN_POINT('',(-1.993317849461E1,-1.684620495877E0,
2.824332803203E1));
#1150=CARTESIAN_POINT('',(-2.027969627247E1,-2.257555953496E0,
2.791139239706E1));
#1151=CARTESIAN_POINT('',(-2.047993106371E1,-2.557076270709E0,
2.776368879703E1));
#1153=CARTESIAN_POINT('',(-2.226079470935E1,5.6E0,3.017792270698E1));
#1154=DIRECTION('',(0.E0,1.E0,0.E0));
#1155=DIRECTION('',(9.781476007338E-1,0.E0,2.079116908178E-1));
#1156=AXIS2_PLACEMENT_3D('',#1153,#1154,#1155);
#1158=DIRECTION('',(3.079412465984E-11,1.E0,-5.830019985982E-9));
#1159=VECTOR('',#1158,4.637291298156E0);
#1160=CARTESIAN_POINT('',(-1.932635190715E1,9.627086963630E-1,
3.080165777943E1));
#1161=LINE('',#1160,#1159);
#1162=DIRECTION('',(-1.038431521335E-7,-1.E0,9.841148782552E-8));
#1163=VECTOR('',#1162,8.157077535594E0);
#1164=CARTESIAN_POINT('',(-2.047993021666E1,5.600001264885E0,2.776368799428E1));
#1165=LINE('',#1164,#1163);
#1166=DIRECTION('',(-6.916548075347E-1,-7.071067811865E-1,-1.470157379812E-1));
#1167=VECTOR('',#1166,4.242640650945E-1);
#1168=CARTESIAN_POINT('',(-1.903290762672E1,5.899999991961E0,3.086403124702E1));
#1169=LINE('',#1168,#1167);
#1170=DIRECTION('',(-6.916548014795E-1,-7.071067811866E-1,-1.470157664686E-1));
#1171=VECTOR('',#1170,4.242640687119E-1);
#1172=CARTESIAN_POINT('',(-1.946471492683E1,5.9E0,3.289552491131E1));
#1173=LINE('',#1172,#1171);
#1174=DIRECTION('',(-6.744573721428E-1,-7.022522465400E-1,-2.279233103297E-1));
#1175=VECTOR('',#1174,4.242640687121E-1);
#1176=CARTESIAN_POINT('',(-2.026731202049E1,5.673438140316E0,3.667144736392E1));
#1177=LINE('',#1176,#1175);
#1178=DIRECTION('',(-2.953839640487E-1,-6.007142853495E-1,-7.428934386303E-1));
#1179=VECTOR('',#1178,4.242640686545E-1);
#1180=CARTESIAN_POINT('',(-2.132290662028E1,5.398655839340E0,3.835896431373E1));
#1181=LINE('',#1180,#1179);
#1182=DIRECTION('',(1.703113531007E-1,-5.735764363508E-1,-8.012515926151E-1));
#1183=VECTOR('',#1182,4.242640687121E-1);
#1184=CARTESIAN_POINT('',(-2.299345268529E1,5.324375708192E0,3.843455362185E1));
#1185=LINE('',#1184,#1183);
#1186=DIRECTION('',(1.703095979025E-1,-5.735764363501E-1,-8.012519656926E-1));
#1187=VECTOR('',#1186,4.242640687126E-1);
#1188=CARTESIAN_POINT('',(-2.397160002933E1,5.324375708192E0,3.822664198559E1));
#1189=LINE('',#1188,#1187);
#1190=DIRECTION('',(-6.661257625450E-1,-6.963642242061E-1,-2.671204517061E-1));
#1191=VECTOR('',#1190,4.242640687119E-1);
#1192=CARTESIAN_POINT('',(-2.716543452400E1,4.855525547675E0,4.026615612434E1));
#1193=LINE('',#1192,#1191);
#1194=DIRECTION('',(-6.661261350277E-1,-6.963645401031E-1,-2.671186993079E-1));
#1195=VECTOR('',#1194,4.242640687126E-1);
#1196=CARTESIAN_POINT('',(-3.351277826963E1,-5.275674077159E-1,
7.012806062521E1));
#1197=LINE('',#1196,#1195);
#1198=DIRECTION('',(-1.192533374634E-1,-8.191520442890E-1,5.610423957608E-1));
#1199=VECTOR('',#1198,4.242640687119E-1);
#1200=CARTESIAN_POINT('',(-3.142461306999E1,-9.964179588842E-1,
7.329030072272E1));
#1201=LINE('',#1200,#1199);
#1202=DIRECTION('',(-1.192515580318E-1,-8.191520442877E-1,5.610427739900E-1));
#1203=VECTOR('',#1202,4.242640687126E-1);
#1204=CARTESIAN_POINT('',(-1.102040558218E0,-9.964179588841E-1,
7.973556247681E1));
#1205=LINE('',#1204,#1203);
#1206=DIRECTION('',(7.171838024149E-1,-6.963642564339E-1,2.691126000291E-2));
#1207=VECTOR('',#1206,4.242640687119E-1);
#1208=CARTESIAN_POINT('',(2.091793936458E0,-5.275677983672E-1,
7.769604833806E1));
#1209=LINE('',#1208,#1207);
#1210=DIRECTION('',(7.171841748975E-1,-6.963639405347E-1,2.690950760546E-2));
#1211=VECTOR('',#1210,4.242640687126E-1);
#1212=CARTESIAN_POINT('',(8.439137682081E0,4.855525157024E0,4.783414383719E1));
#1213=LINE('',#1212,#1211);
#1214=DIRECTION('',(1.703113773334E-1,-5.735764363510E-1,-8.012515874640E-1));
#1215=VECTOR('',#1214,4.242640687119E-1);
#1216=CARTESIAN_POINT('',(6.350972482447E0,5.324375708192E0,4.467190373968E1));
#1217=LINE('',#1216,#1215);
#1218=DIRECTION('',(1.703112200258E-1,-5.735764363508E-1,-8.012516209010E-1));
#1219=VECTOR('',#1218,4.242640687121E-1);
#1220=CARTESIAN_POINT('',(5.372822937878E0,5.324375708192E0,4.446399163569E1));
#1221=LINE('',#1220,#1219);
#1222=DIRECTION('',(5.720086620083E-1,-6.007142853494E-1,-5.585234444181E-1));
#1223=VECTOR('',#1222,4.242640686545E-1);
#1224=CARTESIAN_POINT('',(3.877448109862E0,5.398655839340E0,4.371546506803E1));
#1225=LINE('',#1224,#1223);
#1226=DIRECTION('',(7.088522308167E-1,-7.022522465401E-1,6.610822260164E-2));
#1227=VECTOR('',#1226,4.242640687121E-1);
#1228=CARTESIAN_POINT('',(3.599489437413E0,5.673438140316E0,4.174449261988E1));
#1229=LINE('',#1228,#1227);
#1230=CARTESIAN_POINT('',(4.120130832111E0,5.143794352539E0,4.347850363907E1));
#1231=CARTESIAN_POINT('',(4.271942135593E0,5.117704395632E0,4.366204121861E1));
#1232=CARTESIAN_POINT('',(4.677283718980E0,5.082690517704E0,4.395120905287E1));
#1233=CARTESIAN_POINT('',(5.189630966623E0,5.081027835589E0,4.406975202257E1));
#1234=CARTESIAN_POINT('',(5.445079869033E0,5.081027835589E0,4.412404936294E1));
#1236=CARTESIAN_POINT('',(3.900229968975E0,5.375497744937E0,4.177253996337E1));
#1237=CARTESIAN_POINT('',(3.862238297116E0,5.353974597507E0,4.195127659644E1));
#1238=CARTESIAN_POINT('',(3.787468635951E0,5.306498673021E0,4.232949930318E1));
#1239=CARTESIAN_POINT('',(3.797702699647E0,5.242613257076E0,4.279481542916E1));
#1240=CARTESIAN_POINT('',(3.919563951899E0,5.185046256281E0,4.319314546803E1));
#1241=CARTESIAN_POINT('',(4.043985626503E0,5.156880500195E0,4.338644523227E1));
#1242=CARTESIAN_POINT('',(4.120130832111E0,5.143794352539E0,4.347850363907E1));
#1244=DIRECTION('',(-3.610350416923E-2,9.848077389297E-1,1.698536261928E-1));
#1245=VECTOR('',#1244,2.404256681715E0);
#1246=CARTESIAN_POINT('',(3.987032060107E0,3.007767158411E0,4.136416824768E1));
#1247=LINE('',#1246,#1245);
#1248=CARTESIAN_POINT('',(4.206779194552E0,2.780255746083E0,4.307085511757E1));
#1249=CARTESIAN_POINT('',(4.125911089952E0,2.794153561063E0,4.297308679519E1));
#1250=CARTESIAN_POINT('',(3.992909182421E0,2.825407368190E0,4.275842057593E1));
#1251=CARTESIAN_POINT('',(3.883455444482E0,2.881166146498E0,4.236770910464E1));
#1252=CARTESIAN_POINT('',(3.875401466109E0,2.941856334332E0,4.191585078898E1));
#1253=CARTESIAN_POINT('',(3.949508146601E0,2.987339891762E0,4.154070421073E1));
#1254=CARTESIAN_POINT('',(3.987032060107E0,3.007767158411E0,4.136416824768E1));
#1256=CARTESIAN_POINT('',(5.531728248867E0,2.717489228359E0,4.371640084963E1));
#1257=CARTESIAN_POINT('',(5.276279346457E0,2.717489228359E0,4.366210350925E1));
#1258=CARTESIAN_POINT('',(4.763932081728E0,2.719151910087E0,4.354356053816E1));
#1259=CARTESIAN_POINT('',(4.358590498035E0,2.754165789176E0,4.325439269711E1));
#1260=CARTESIAN_POINT('',(4.206779194552E0,2.780255746083E0,4.307085511757E1));
#1262=DIRECTION('',(3.610348622579E-2,-9.848077530122E-1,-1.698535483568E-1));
#1263=VECTOR('',#1262,2.4E0);
#1264=CARTESIAN_POINT('',(6.423229480343E0,5.081027835589E0,4.433196148112E1));
#1265=LINE('',#1264,#1263);
#1266=DIRECTION('',(9.781476007337E-1,-7.549501049505E-14,2.079116908182E-1));
#1267=VECTOR('',#1266,1.000002055493E0);
#1268=CARTESIAN_POINT('',(5.445079869033E0,5.081027835589E0,4.412404936294E1));
#1269=LINE('',#1268,#1267);
#1270=DIRECTION('',(3.610349159751E-2,-9.848077530122E-1,-1.698535472150E-1));
#1271=VECTOR('',#1270,2.4E0);
#1272=CARTESIAN_POINT('',(5.445079869033E0,5.081027835589E0,4.412404936294E1));
#1273=LINE('',#1272,#1271);
#1274=DIRECTION('',(-9.781476007337E-1,7.815954130738E-14,-2.079116908182E-1));
#1275=VECTOR('',#1274,1.000002042313E0);
#1276=CARTESIAN_POINT('',(6.509877847284E0,2.717489228359E0,4.392431296507E1));
#1277=LINE('',#1276,#1275);
#1278=CARTESIAN_POINT('',(8.830061525083E0,2.196544351079E0,4.743791205832E1));
#1279=CARTESIAN_POINT('',(8.874288182815E0,2.234052357455E0,4.722984199270E1));
#1280=CARTESIAN_POINT('',(8.961517158185E0,2.309158600418E0,4.681291846686E1));
#1281=CARTESIAN_POINT('',(9.001947975254E0,2.418212504060E0,4.618921977242E1));
#1282=CARTESIAN_POINT('',(8.904210691622E0,2.517707431E0,4.559157531287E1));
#1283=CARTESIAN_POINT('',(8.652322869449E0,2.601224987205E0,4.505380164688E1));
#1284=CARTESIAN_POINT('',(8.255215554254E0,2.663424534792E0,4.460876204710E1));
#1285=CARTESIAN_POINT('',(7.739784830684E0,2.701602606916E0,4.427784810391E1));
#1286=CARTESIAN_POINT('',(7.143944964863E0,2.717252986622E0,4.406045781670E1));
#1287=CARTESIAN_POINT('',(6.721157729043E0,2.717489228359E0,4.396922189028E1));
#1288=CARTESIAN_POINT('',(6.509877847284E0,2.717489228359E0,4.392431296507E1));
#1290=CARTESIAN_POINT('',(6.423229480343E0,5.081027835589E0,4.433196148112E1));
#1291=CARTESIAN_POINT('',(6.634509362101E0,5.081027835589E0,4.437687040634E1));
#1292=CARTESIAN_POINT('',(7.057296597920E0,5.080791593852E0,4.446810633275E1));
#1293=CARTESIAN_POINT('',(7.653136463741E0,5.065141214146E0,4.468549661996E1));
#1294=CARTESIAN_POINT('',(8.168567187311E0,5.026963142022E0,4.501641056315E1));
#1295=CARTESIAN_POINT('',(8.565674502506E0,4.964763594435E0,4.546145016293E1));
#1296=CARTESIAN_POINT('',(8.817562324679E0,4.881246038230E0,4.599922382893E1));
#1297=CARTESIAN_POINT('',(8.915299608311E0,4.781751111289E0,4.659686828847E1));
#1298=CARTESIAN_POINT('',(8.874868791243E0,4.672697207647E0,4.722056698291E1));
#1299=CARTESIAN_POINT('',(8.787639815872E0,4.597590964684E0,4.763749050876E1));
#1300=CARTESIAN_POINT('',(8.743413158139E0,4.560082958308E0,4.784556057437E1));
#1302=DIRECTION('',(3.610348622633E-2,-9.848077530121E-1,-1.698535483575E-1));
#1303=VECTOR('',#1302,2.4E0);
#1304=CARTESIAN_POINT('',(8.743413158139E0,4.560082958308E0,4.784556057437E1));
#1305=LINE('',#1304,#1303);
#1306=DIRECTION('',(2.047530450592E-1,1.736481776669E-1,-9.632873407929E-1));
#1307=VECTOR('',#1306,3.099999759134E1);
#1308=CARTESIAN_POINT('',(2.482717621428E0,-3.186548738337E0,7.729981730267E1));
#1309=LINE('',#1308,#1307);
#1310=DIRECTION('',(3.610348622623E-2,-9.848077530121E-1,-1.698535483571E-1));
#1311=VECTOR('',#1310,2.4E0);
#1312=CARTESIAN_POINT('',(2.396069254485E0,-8.230101311074E-1,
7.770746581872E1));
#1313=LINE('',#1312,#1311);
#1314=DIRECTION('',(-2.047530450592E-1,-1.736481776669E-1,9.632873407929E-1));
#1315=VECTOR('',#1314,3.099999759134E1);
#1316=CARTESIAN_POINT('',(8.743413158139E0,4.560082958308E0,4.784556057437E1));
#1317=LINE('',#1316,#1315);
#1318=CARTESIAN_POINT('',(-1.065986342484E0,-3.707493345317E0,
7.956594425077E1));
#1319=CARTESIAN_POINT('',(-8.547064607258E-1,-3.707493345317E0,
7.961085317599E1));
#1320=CARTESIAN_POINT('',(-4.313598781877E-1,-3.707257103530E0,
7.969946854443E1));
#1321=CARTESIAN_POINT('',(2.013866241355E-1,-3.691606724049E0,
7.974322235265E1));
#1322=CARTESIAN_POINT('',(8.068510878261E-1,-3.653428651104E0,
7.965056203169E1));
#1323=CARTESIAN_POINT('',(1.350640516733E0,-3.591229106577E0,7.940551622647E1));
#1324=CARTESIAN_POINT('',(1.799483778859E0,-3.507711538952E0,7.901668748419E1));
#1325=CARTESIAN_POINT('',(2.131855076713E0,-3.408216654631E0,7.851046567298E1));
#1326=CARTESIAN_POINT('',(2.348600989511E0,-3.299162591929E0,7.792424298684E1));
#1327=CARTESIAN_POINT('',(2.438490963695E0,-3.224056744713E0,7.750788736828E1));
#1328=CARTESIAN_POINT('',(2.482717621428E0,-3.186548738337E0,7.729981730267E1));
#1330=CARTESIAN_POINT('',(2.396069254485E0,-8.230101311074E-1,
7.770746581872E1));
#1331=CARTESIAN_POINT('',(2.351842596752E0,-8.605181374835E-1,
7.791553588433E1));
#1332=CARTESIAN_POINT('',(2.261952622568E0,-9.356239846998E-1,
7.833189150289E1));
#1333=CARTESIAN_POINT('',(2.045206709770E0,-1.044678047402E0,7.891811418904E1));
#1334=CARTESIAN_POINT('',(1.712835411916E0,-1.144172931722E0,7.942433600025E1));
#1335=CARTESIAN_POINT('',(1.263992149790E0,-1.227690499347E0,7.981316474252E1));
#1336=CARTESIAN_POINT('',(7.202027208834E-1,-1.289890043874E0,
8.005821054775E1));
#1337=CARTESIAN_POINT('',(1.147382571925E-1,-1.328068116819E0,
8.015087086870E1));
#1338=CARTESIAN_POINT('',(-5.180082451295E-1,-1.343718496301E0,
8.010711706048E1));
#1339=CARTESIAN_POINT('',(-9.413548276706E-1,-1.343954738088E0,
8.001850169204E1));
#1340=CARTESIAN_POINT('',(-1.152634709429E0,-1.343954738088E0,
7.997359276683E1));
#1342=DIRECTION('',(3.610348622652E-2,-9.848077530122E-1,-1.698535483566E-1));
#1343=VECTOR('',#1342,2.4E0);
#1344=CARTESIAN_POINT('',(-3.147520797615E1,-1.343954738088E0,
7.352833085227E1));
#1345=LINE('',#1344,#1343);
#1346=DIRECTION('',(-9.781476007338E-1,0.E0,-2.079116908178E-1));
#1347=VECTOR('',#1346,3.099999759134E1);
#1348=CARTESIAN_POINT('',(-1.152634709429E0,-1.343954738088E0,
7.997359276683E1));
#1349=LINE('',#1348,#1347);
#1350=DIRECTION('',(3.610348622701E-2,-9.848077530122E-1,-1.698535483565E-1));
#1351=VECTOR('',#1350,2.4E0);
#1352=CARTESIAN_POINT('',(-1.152634709429E0,-1.343954738088E0,
7.997359276683E1));
#1353=LINE('',#1352,#1351);
#1354=DIRECTION('',(9.781476007338E-1,0.E0,2.079116908178E-1));
#1355=VECTOR('',#1354,3.099999759134E1);
#1356=CARTESIAN_POINT('',(-3.138855960921E1,-3.707493345317E0,
7.312068233621E1));
#1357=LINE('',#1356,#1355);
#1358=CARTESIAN_POINT('',(-3.370874328701E1,-3.186548468037E0,
6.960708324296E1));
#1359=CARTESIAN_POINT('',(-3.375296994474E1,-3.224056474413E0,
6.981515330857E1));
#1360=CARTESIAN_POINT('',(-3.384019892011E1,-3.299162717376E0,
7.023207683442E1));
#1361=CARTESIAN_POINT('',(-3.388062973718E1,-3.408216621018E0,
7.085577552886E1));
#1362=CARTESIAN_POINT('',(-3.378289245355E1,-3.507711547958E0,
7.145341998841E1));
#1363=CARTESIAN_POINT('',(-3.353100463137E1,-3.591229104163E0,
7.199119365440E1));
#1364=CARTESIAN_POINT('',(-3.313389731618E1,-3.653428651750E0,
7.243623325418E1));
#1365=CARTESIAN_POINT('',(-3.261846659261E1,-3.691606723874E0,
7.276714719737E1));
#1366=CARTESIAN_POINT('',(-3.202262672679E1,-3.707257103580E0,
7.298453748458E1));
#1367=CARTESIAN_POINT('',(-3.159983949097E1,-3.707493345317E0,
7.307577341099E1));
#1368=CARTESIAN_POINT('',(-3.138855960921E1,-3.707493345317E0,
7.312068233621E1));
#1370=CARTESIAN_POINT('',(-3.147520797615E1,-1.343954738088E0,
7.352833085227E1));
#1371=CARTESIAN_POINT('',(-3.168648785791E1,-1.343954738088E0,
7.348342192705E1));
#1372=CARTESIAN_POINT('',(-3.210927509373E1,-1.343718496351E0,
7.339218600063E1));
#1373=CARTESIAN_POINT('',(-3.270511495955E1,-1.328068116645E0,
7.317479571343E1));
#1374=CARTESIAN_POINT('',(-3.322054568312E1,-1.289890044521E0,
7.284388177024E1));
#1375=CARTESIAN_POINT('',(-3.361765299831E1,-1.227690496934E0,
7.239884217045E1));
#1376=CARTESIAN_POINT('',(-3.386954082049E1,-1.144172940729E0,
7.186106850446E1));
#1377=CARTESIAN_POINT('',(-3.396727810412E1,-1.044678013789E0,
7.126342404491E1));
#1378=CARTESIAN_POINT('',(-3.392684728705E1,-9.356241101466E-1,
7.063972535048E1));
#1379=CARTESIAN_POINT('',(-3.383961831168E1,-8.605178671833E-1,
7.022280182463E1));
#1380=CARTESIAN_POINT('',(-3.379539165395E1,-8.230098608073E-1,
7.001473175902E1));
#1382=DIRECTION('',(3.610348622608E-2,-9.848077530123E-1,-1.698535483563E-1));
#1383=VECTOR('',#1382,2.4E0);
#1384=CARTESIAN_POINT('',(-2.744804775029E1,4.560083228608E0,4.015282651467E1));
#1385=LINE('',#1384,#1383);
#1386=DIRECTION('',(2.047530450592E-1,1.736481776669E-1,-9.632873407929E-1));
#1387=VECTOR('',#1386,3.099999759134E1);
#1388=CARTESIAN_POINT('',(-3.379539165395E1,-8.230098608073E-1,
7.001473175902E1));
#1389=LINE('',#1388,#1387);
#1390=DIRECTION('',(3.610348622598E-2,-9.848077530124E-1,-1.698535483559E-1));
#1391=VECTOR('',#1390,2.4E0);
#1392=CARTESIAN_POINT('',(-3.379539165395E1,-8.230098608073E-1,
7.001473175902E1));
#1393=LINE('',#1392,#1391);
#1394=DIRECTION('',(-2.047530450592E-1,-1.736481776669E-1,9.632873407929E-1));
#1395=VECTOR('',#1394,3.099999759134E1);
#1396=CARTESIAN_POINT('',(-2.736139938335E1,2.196544621379E0,3.974517799861E1));
#1397=LINE('',#1396,#1395);
#1398=CARTESIAN_POINT('',(-2.381269541944E1,2.717489228359E0,3.747905105051E1));
#1399=CARTESIAN_POINT('',(-2.402397530120E1,2.717489228359E0,3.743414212529E1));
#1400=CARTESIAN_POINT('',(-2.444732188374E1,2.717252986572E0,3.734552675685E1));
#1401=CARTESIAN_POINT('',(-2.508006838606E1,2.701602607091E0,3.730177294863E1));
#1402=CARTESIAN_POINT('',(-2.568553284975E1,2.663424534146E0,3.739443326959E1));
#1403=CARTESIAN_POINT('',(-2.622932227866E1,2.601224989619E0,3.763947907481E1));
#1404=CARTESIAN_POINT('',(-2.667816554078E1,2.517707421994E0,3.802830781708E1));
#1405=CARTESIAN_POINT('',(-2.701053683864E1,2.418212537673E0,3.853452962829E1));
#1406=CARTESIAN_POINT('',(-2.722728275143E1,2.309158474971E0,3.912075231444E1));
#1407=CARTESIAN_POINT('',(-2.731717272562E1,2.234052627755E0,3.953710793300E1));
#1408=CARTESIAN_POINT('',(-2.736139938335E1,2.196544621379E0,3.974517799861E1));
#1410=CARTESIAN_POINT('',(-2.744804775029E1,4.560083228608E0,4.015282651467E1));
#1411=CARTESIAN_POINT('',(-2.740382109256E1,4.597591234984E0,3.994475644906E1));
#1412=CARTESIAN_POINT('',(-2.731393111838E1,4.672697082200E0,3.952840083050E1));
#1413=CARTESIAN_POINT('',(-2.709718520558E1,4.781751144903E0,3.894217814435E1));
#1414=CARTESIAN_POINT('',(-2.676481390773E1,4.881246029223E0,3.843595633314E1));
#1415=CARTESIAN_POINT('',(-2.631597064560E1,4.964763596848E0,3.804712759087E1));
#1416=CARTESIAN_POINT('',(-2.577218121669E1,5.026963141375E0,3.780208178564E1));
#1417=CARTESIAN_POINT('',(-2.516671675300E1,5.065141214320E0,3.770942146469E1));
#1418=CARTESIAN_POINT('',(-2.453397025068E1,5.080791593802E0,3.775317527290E1));
#1419=CARTESIAN_POINT('',(-2.411062366814E1,5.081027835588E0,3.784179064135E1));
#1420=CARTESIAN_POINT('',(-2.389934378638E1,5.081027835588E0,3.788669956656E1));
#1422=DIRECTION('',(3.610348622529E-2,-9.848077530122E-1,-1.698535483569E-1));
#1423=VECTOR('',#1422,2.4E0);
#1424=CARTESIAN_POINT('',(-2.389934378638E1,5.081027835588E0,3.788669956656E1));
#1425=LINE('',#1424,#1423);
#1426=DIRECTION('',(-9.781476007339E-1,-9.636731172800E-14,-2.079116908173E-1));
#1427=VECTOR('',#1426,1.000000485740E0);
#1428=CARTESIAN_POINT('',(-2.283454734358E1,2.717489228359E0,3.768696284231E1));
#1429=LINE('',#1428,#1427);
#1430=DIRECTION('',(-3.610348087146E-2,9.848077530122E-1,1.698535494949E-1));
#1431=VECTOR('',#1430,2.4E0);
#1432=CARTESIAN_POINT('',(-2.283454734358E1,2.717489228359E0,3.768696284231E1));
#1433=LINE('',#1432,#1431);
#1434=DIRECTION('',(9.781476007339E-1,1.021404673101E-13,2.079116908172E-1));
#1435=VECTOR('',#1434,1.000000498876E0);
#1436=CARTESIAN_POINT('',(-2.389934378638E1,5.081027835588E0,3.788669956656E1));
#1437=LINE('',#1436,#1435);
#1438=CARTESIAN_POINT('',(-2.136157904941E1,2.780255746083E0,3.763613280168E1));
#1439=CARTESIAN_POINT('',(-2.157491703511E1,2.754165789176E0,3.774205550382E1));
#1440=CARTESIAN_POINT('',(-2.206283015465E1,2.719151910088E0,3.784135619646E1));
#1441=CARTESIAN_POINT('',(-2.257909844117E1,2.717489228359E0,3.774126018269E1));
#1442=CARTESIAN_POINT('',(-2.283454734358E1,2.717489228359E0,3.768696284231E1));
#1444=CARTESIAN_POINT('',(-2.046665794290E1,3.007767181067E0,3.616637598312E1));
#1445=CARTESIAN_POINT('',(-2.050444734890E1,2.987195347917E0,3.634416132766E1));
#1446=CARTESIAN_POINT('',(-2.058947690106E1,2.941603601326E0,3.671797387279E1));
#1447=CARTESIAN_POINT('',(-2.078568398208E1,2.879348173335E0,3.713751526436E1));
#1448=CARTESIAN_POINT('',(-2.105990644129E1,2.821822581486E0,3.745539012238E1));
#1449=CARTESIAN_POINT('',(-2.125372401098E1,2.793445770971E0,3.758258257569E1));
#1450=CARTESIAN_POINT('',(-2.136157904941E1,2.780255746083E0,3.763613280168E1));
#1452=DIRECTION('',(3.610351088949E-2,-9.848077388277E-1,-1.698536253556E-1));
#1453=VECTOR('',#1452,2.404256658958E0);
#1454=CARTESIAN_POINT('',(-2.055346004937E1,5.375497744937E0,3.657474769293E1));
#1455=LINE('',#1454,#1453);
#1456=CARTESIAN_POINT('',(-2.144822742268E1,5.143794352539E0,3.804378132088E1));
#1457=CARTESIAN_POINT('',(-2.133480023938E1,5.157665817178E0,3.798746451582E1));
#1458=CARTESIAN_POINT('',(-2.112673264053E1,5.188830254147E0,3.784627813416E1));
#1459=CARTESIAN_POINT('',(-2.086640882734E1,5.245398978191E0,3.753259738541E1));
#1460=CARTESIAN_POINT('',(-2.067547091475E1,5.307363173270E0,3.712255573281E1));
#1461=CARTESIAN_POINT('',(-2.059089570195E1,5.354289565335E0,3.675086872216E1));
#1462=CARTESIAN_POINT('',(-2.055346004937E1,5.375497744937E0,3.657474769293E1));
#1464=CARTESIAN_POINT('',(-2.292119569767E1,5.081027835589E0,3.809461136110E1));
#1465=CARTESIAN_POINT('',(-2.266574679526E1,5.081027835589E0,3.814890870148E1));
#1466=CARTESIAN_POINT('',(-2.214947852486E1,5.082690517704E0,3.824900470958E1));
#1467=CARTESIAN_POINT('',(-2.166156540838E1,5.117704395632E0,3.814970402302E1));
#1468=CARTESIAN_POINT('',(-2.144822742268E1,5.143794352539E0,3.804378132088E1));
#1470=DIRECTION('',(2.079116882362E-1,-2.639193416232E-9,-9.781476012825E-1));
#1471=VECTOR('',#1470,2.076878427144E0);
#1472=CARTESIAN_POINT('',(-1.975815920705E1,5.6E0,3.283315140406E1));
#1473=LINE('',#1472,#1471);
#1474=CARTESIAN_POINT('',(-1.975815920705E1,-2.71E1,3.283315140407E1));
#1475=DIRECTION('',(-9.781476007338E-1,0.E0,-2.079116908178E-1));
#1476=DIRECTION('',(-2.432113096656E-2,9.931344851823E-1,1.144219250418E-1));
#1477=AXIS2_PLACEMENT_3D('',#1474,#1475,#1476);
#1479=CARTESIAN_POINT('',(-1.975816179721E1,-2.709989029394E1,
3.283316358980E1));
#1480=DIRECTION('',(9.781476007338E-1,0.E0,2.079116908178E-1));
#1481=DIRECTION('',(-1.429001408243E-2,9.976352169313E-1,6.722923051706E-2));
#1482=AXIS2_PLACEMENT_3D('',#1479,#1480,#1481);
#1484=CARTESIAN_POINT('',(-1.971185112683E1,2.709237982062E0,3.261528901556E1));
#1485=CARTESIAN_POINT('',(-1.972854414202E1,2.746103503647E0,3.269382347740E1));
#1486=CARTESIAN_POINT('',(-1.981247148828E1,2.917722322848E0,3.308867059356E1));
#1487=CARTESIAN_POINT('',(-1.997371442478E1,3.124736247616E0,3.384725903260E1));
#1488=CARTESIAN_POINT('',(-2.011895731206E1,3.152267955526E0,3.453057290722E1));
#1489=CARTESIAN_POINT('',(-2.019114766673E1,3.128346917496E0,3.487020182338E1));
#1491=DIRECTION('',(-4.197530603204E-1,-7.071067811864E-1,5.690407440173E-1));
#1492=VECTOR('',#1491,4.242646431663E-1);
#1493=CARTESIAN_POINT('',(-2.030184383430E1,5.900001671085E0,2.752226412608E1));
#1494=LINE('',#1493,#1492);
#1495=DIRECTION('',(3.610348622616E-2,-9.848077530122E-1,-1.698535483567E-1));
#1496=VECTOR('',#1495,9.999999999999E-2);
#1497=CARTESIAN_POINT('',(-1.049014125098E1,1.491960427083E0,6.331248790482E1));
#1498=LINE('',#1497,#1496);
#1499=DIRECTION('',(3.610348622619E-2,-9.848077530122E-1,-1.698535483568E-1));
#1500=VECTOR('',#1499,1.E-1);
#1501=CARTESIAN_POINT('',(-1.143649905469E1,1.491960427083E0,6.311133334396E1));
#1502=LINE('',#1501,#1500);
#1503=DIRECTION('',(3.610348622615E-2,-9.848077530122E-1,-1.698535483568E-1));
#1504=VECTOR('',#1503,1.E-1);
#1505=CARTESIAN_POINT('',(-1.005402391974E1,2.664418144548E0,5.660729919846E1));
#1506=LINE('',#1505,#1504);
#1507=DIRECTION('',(3.610348622610E-2,-9.848077530122E-1,-1.698535483566E-1));
#1508=VECTOR('',#1507,9.999999999999E-2);
#1509=CARTESIAN_POINT('',(-1.478581293829E1,2.664418144548E0,5.560152639413E1));
#1510=LINE('',#1509,#1508);
#1511=DIRECTION('',(3.610348622616E-2,-9.848077530122E-1,-1.698535483567E-1));
#1512=VECTOR('',#1511,1.E-1);
#1513=CARTESIAN_POINT('',(-1.458349950448E1,2.835997322225E0,5.464971652189E1));
#1514=LINE('',#1513,#1512);
#1515=DIRECTION('',(3.610348622617E-2,-9.848077530122E-1,-1.698535483567E-1));
#1516=VECTOR('',#1515,1.E-1);
#1517=CARTESIAN_POINT('',(-8.905352682218E0,2.835997322225E0,5.585664388709E1));
#1518=LINE('',#1517,#1516);
#1519=DIRECTION('',(2.047530450592E-1,1.736481776669E-1,-9.632873407929E-1));
#1520=VECTOR('',#1519,7.74E0);
#1521=CARTESIAN_POINT('',(-1.048653090235E1,1.393479651782E0,6.329550254999E1));
#1522=LINE('',#1521,#1520);
#1523=DIRECTION('',(9.781476007338E-1,0.E0,2.079116908178E-1));
#1524=VECTOR('',#1523,9.675E-1);
#1525=CARTESIAN_POINT('',(-1.143288870606E1,1.393479651782E0,6.309434798912E1));
#1526=LINE('',#1525,#1524);
#1527=DIRECTION('',(-2.047530450592E-1,-1.736481776669E-1,9.632873407929E-1));
#1528=VECTOR('',#1527,6.751914896071E0);
#1529=CARTESIAN_POINT('',(-1.005041357111E1,2.565937369247E0,5.659031384363E1));
#1530=LINE('',#1529,#1528);
#1531=DIRECTION('',(9.781476007338E-1,0.E0,2.079116908178E-1));
#1532=VECTOR('',#1531,4.8375E0);
#1533=CARTESIAN_POINT('',(-1.478220258966E1,2.565937369247E0,5.558454103929E1));
#1534=LINE('',#1533,#1532);
#1535=DIRECTION('',(-2.047530450592E-1,-1.736481776669E-1,9.632873407929E-1));
#1536=VECTOR('',#1535,9.880851039290E-1);
#1537=CARTESIAN_POINT('',(-1.457988915586E1,2.737516546924E0,5.463273116705E1));
#1538=LINE('',#1537,#1536);
#1539=DIRECTION('',(-9.781476007338E-1,0.E0,-2.079116908178E-1));
#1540=VECTOR('',#1539,5.805E0);
#1541=CARTESIAN_POINT('',(-8.901742333596E0,2.737516546924E0,5.583965853225E1));
#1542=LINE('',#1541,#1540);
#1543=DIRECTION('',(6.916547954258E-1,-7.071067811866E-1,1.470157949492E-1));
#1544=VECTOR('',#1543,4.242640650944E-1);
#1545=CARTESIAN_POINT('',(4.833893846916E0,5.899999991961E0,3.593707650632E1));
#1546=LINE('',#1545,#1544);
#1547=CARTESIAN_POINT('',(3.153446066230E1,5.6E0,8.521013690858E0));
#1548=CARTESIAN_POINT('',(3.152034104966E1,5.605829981198E0,8.511194711387E0));
#1549=CARTESIAN_POINT('',(3.149209313864E1,5.617319005905E0,8.491550712253E0));
#1550=CARTESIAN_POINT('',(3.146382664494E1,5.628461932927E0,8.471893790468E0));
#1551=CARTESIAN_POINT('',(3.144968848145E1,5.633945801437E0,8.462061910468E0));
#1553=DIRECTION('',(7.775365837328E-1,-3.210444776194E-1,5.407100002285E-1));
#1554=VECTOR('',#1553,1.057355095755E-1);
#1555=CARTESIAN_POINT('',(3.136747525455E1,-5.6E0,8.404889663061E0));
#1556=LINE('',#1555,#1554);
#1557=CARTESIAN_POINT('',(-2.938247904784E1,4.900004555835E0,8.180561719017E0));
#1558=CARTESIAN_POINT('',(-2.944330549731E1,4.949289088628E0,8.145837430833E0));
#1559=CARTESIAN_POINT('',(-2.956515453357E1,5.048370849997E0,8.076241359796E0));
#1560=CARTESIAN_POINT('',(-2.968774578171E1,5.148351915841E0,8.006298720629E0));
#1561=CARTESIAN_POINT('',(-2.974914322705E1,5.198586041672E0,7.971248465279E0));
#1563=DIRECTION('',(7.099575747090E-1,-5.756995801288E-1,4.056232680120E-1));
#1564=VECTOR('',#1563,2.584808620724E-1);
#1565=CARTESIAN_POINT('',(-2.974910416096E1,-5.6E0,7.971248435480E0));
#1566=LINE('',#1565,#1564);
#1567=CARTESIAN_POINT('',(2.720009478656E1,-1.4E0,1.379872615868E1));
#1568=CARTESIAN_POINT('',(3.026986372867E1,-1.4E0,1.557105808376E1));
#1569=VERTEX_POINT('',#1567);
#1570=VERTEX_POINT('',#1568);
#1571=CARTESIAN_POINT('',(2.555009478656E1,-1.4E0,1.665660999117E1));
#1572=CARTESIAN_POINT('',(2.861986372867E1,-1.4E0,1.842894191624E1));
#1573=VERTEX_POINT('',#1571);
#1574=VERTEX_POINT('',#1572);
#1575=CARTESIAN_POINT('',(3.106986372867E1,-1.4E0,1.418541743770E1));
#1576=CARTESIAN_POINT('',(2.781986372867E1,-1.4E0,1.981458256230E1));
#1577=VERTEX_POINT('',#1575);
#1578=VERTEX_POINT('',#1576);
#1579=CARTESIAN_POINT('',(3.137001008573E1,-1.4E0,1.435870701774E1));
#1580=VERTEX_POINT('',#1579);
#1581=CARTESIAN_POINT('',(2.812001008573E1,-1.4E0,1.998787214234E1));
#1582=VERTEX_POINT('',#1581);
#1583=CARTESIAN_POINT('',(-2.861986372867E1,-1.4E0,1.842894191624E1));
#1584=CARTESIAN_POINT('',(-3.026986372867E1,-1.4E0,1.557105808376E1));
#1585=VERTEX_POINT('',#1583);
#1586=VERTEX_POINT('',#1584);
#1587=CARTESIAN_POINT('',(-2.781986372867E1,-1.4E0,1.981458256230E1));
#1588=CARTESIAN_POINT('',(-3.106986372867E1,-1.4E0,1.418541743770E1));
#1589=VERTEX_POINT('',#1587);
#1590=VERTEX_POINT('',#1588);
#1591=VERTEX_POINT('',#114);
#1592=VERTEX_POINT('',#127);
#1593=VERTEX_POINT('',#222);
#1594=VERTEX_POINT('',#237);
#1595=CARTESIAN_POINT('',(-2.755344286434E0,2.444420061216E0,5.943422629165E1));
#1596=CARTESIAN_POINT('',(-2.647033827756E0,-5.100031978207E-1,
5.892466564658E1));
#1597=VERTEX_POINT('',#1595);
#1598=VERTEX_POINT('',#1596);
#1599=CARTESIAN_POINT('',(-2.755344286434E0,1.883537688092E0,6.268621198711E1));
#1600=CARTESIAN_POINT('',(-2.647033827756E0,-1.070885570945E0,
6.217665134204E1));
#1601=VERTEX_POINT('',#1599);
#1602=VERTEX_POINT('',#1600);
#1603=CARTESIAN_POINT('',(-2.231829630111E1,2.444420061216E0,5.527599247529E1));
#1604=CARTESIAN_POINT('',(-2.220998584243E1,-5.100031978207E-1,
5.476643183022E1));
#1605=VERTEX_POINT('',#1603);
#1606=VERTEX_POINT('',#1604);
#1607=CARTESIAN_POINT('',(-2.231829630111E1,1.883537688092E0,5.852797817076E1));
#1608=CARTESIAN_POINT('',(-2.220998584243E1,-1.070885570945E0,
5.801841752569E1));
#1609=VERTEX_POINT('',#1607);
#1610=VERTEX_POINT('',#1608);
#1611=VERTEX_POINT('',#572);
#1612=VERTEX_POINT('',#576);
#1613=CARTESIAN_POINT('',(7.416838440329E0,-2.556919007544E0,3.369333031254E1));
#1614=CARTESIAN_POINT('',(4.194729606999E0,-2.556919007544E0,3.424403953280E1));
#1615=VERTEX_POINT('',#1613);
#1616=VERTEX_POINT('',#1614);
#1617=VERTEX_POINT('',#1061);
#1618=VERTEX_POINT('',#286);
#1619=CARTESIAN_POINT('',(-2.047993113260E1,-2.557007521408E0,
2.776368889042E1));
#1620=VERTEX_POINT('',#1619);
#1621=VERTEX_POINT('',#1126);
#1622=VERTEX_POINT('',#1130);
#1623=CARTESIAN_POINT('',(-1.903936615795E1,1.684476872513E0,3.182537861592E1));
#1624=VERTEX_POINT('',#1623);
#1625=VERTEX_POINT('',#1021);
#1626=VERTEX_POINT('',#1132);
#1627=VERTEX_POINT('',#570);
#1628=VERTEX_POINT('',#1086);
#1629=CARTESIAN_POINT('',(6.423229480343E0,5.081027835589E0,4.433196148112E1));
#1630=CARTESIAN_POINT('',(6.509877847284E0,2.717489228359E0,4.392431296507E1));
#1631=VERTEX_POINT('',#1629);
#1632=VERTEX_POINT('',#1630);
#1633=CARTESIAN_POINT('',(8.743413158139E0,4.560082958308E0,4.784556057437E1));
#1634=CARTESIAN_POINT('',(8.830061525083E0,2.196544351079E0,4.743791205832E1));
#1635=VERTEX_POINT('',#1633);
#1636=VERTEX_POINT('',#1634);
#1637=CARTESIAN_POINT('',(-2.744804775029E1,4.560083228608E0,4.015282651467E1));
#1638=CARTESIAN_POINT('',(-2.736139938335E1,2.196544621379E0,3.974517799861E1));
#1639=VERTEX_POINT('',#1637);
#1640=VERTEX_POINT('',#1638);
#1641=CARTESIAN_POINT('',(-2.389934378638E1,5.081027835588E0,3.788669956656E1));
#1642=CARTESIAN_POINT('',(-2.381269541944E1,2.717489228359E0,3.747905105051E1));
#1643=VERTEX_POINT('',#1641);
#1644=VERTEX_POINT('',#1642);
#1645=CARTESIAN_POINT('',(-3.147520797615E1,-1.343954738088E0,
7.352833085227E1));
#1646=CARTESIAN_POINT('',(-3.138855960921E1,-3.707493345317E0,
7.312068233621E1));
#1647=VERTEX_POINT('',#1645);
#1648=VERTEX_POINT('',#1646);
#1649=CARTESIAN_POINT('',(-3.379539165395E1,-8.230098608073E-1,
7.001473175902E1));
#1650=CARTESIAN_POINT('',(-3.370874328701E1,-3.186548468037E0,
6.960708324296E1));
#1651=VERTEX_POINT('',#1649);
#1652=VERTEX_POINT('',#1650);
#1653=CARTESIAN_POINT('',(2.396069254485E0,-8.230101311074E-1,
7.770746581872E1));
#1654=CARTESIAN_POINT('',(2.482717621428E0,-3.186548738337E0,7.729981730267E1));
#1655=VERTEX_POINT('',#1653);
#1656=VERTEX_POINT('',#1654);
#1657=CARTESIAN_POINT('',(-1.152634709429E0,-1.343954738088E0,
7.997359276683E1));
#1658=CARTESIAN_POINT('',(-1.065986342484E0,-3.707493345317E0,
7.956594425077E1));
#1659=VERTEX_POINT('',#1657);
#1660=VERTEX_POINT('',#1658);
#1661=CARTESIAN_POINT('',(-2.283454734358E1,2.717489228359E0,3.768696284231E1));
#1662=CARTESIAN_POINT('',(-2.292119569767E1,5.081027835589E0,3.809461136110E1));
#1663=VERTEX_POINT('',#1661);
#1664=VERTEX_POINT('',#1662);
#1665=CARTESIAN_POINT('',(5.445079869033E0,5.081027835589E0,4.412404936294E1));
#1666=CARTESIAN_POINT('',(5.531728248867E0,2.717489228359E0,4.371640084963E1));
#1667=VERTEX_POINT('',#1665);
#1668=VERTEX_POINT('',#1666);
#1669=CARTESIAN_POINT('',(-2.121459616848E1,2.444232579442E0,3.784940367220E1));
#1670=CARTESIAN_POINT('',(3.985758573386E0,2.444232579442E0,4.320590442899E1));
#1671=VERTEX_POINT('',#1669);
#1672=VERTEX_POINT('',#1670);
#1673=CARTESIAN_POINT('',(3.877448109862E0,5.398655839340E0,4.371546506803E1));
#1674=CARTESIAN_POINT('',(-2.132290662028E1,5.398655839340E0,3.835896431373E1));
#1675=VERTEX_POINT('',#1673);
#1676=VERTEX_POINT('',#1674);
#1677=CARTESIAN_POINT('',(4.402086531073E0,5.9E0,3.796857016726E1));
#1678=CARTESIAN_POINT('',(-1.946471492683E1,5.9E0,3.289552491131E1));
#1679=VERTEX_POINT('',#1677);
#1680=VERTEX_POINT('',#1678);
#1681=CARTESIAN_POINT('',(2.967128751151E1,-5.9E0,8.260979489128E0));
#1682=CARTESIAN_POINT('',(-2.967170572646E1,-5.9E0,8.261095918016E0));
#1683=VERTEX_POINT('',#1681);
#1684=VERTEX_POINT('',#1682);
#1685=CARTESIAN_POINT('',(-2.938257779660E1,-5.599867562343E0,
8.180597018132E0));
#1686=CARTESIAN_POINT('',(2.938215958328E1,-5.599867562343E0,8.180480583381E0));
#1687=VERTEX_POINT('',#1685);
#1688=VERTEX_POINT('',#1686);
#1689=CARTESIAN_POINT('',(3.183411473049E1,5.9E0,1.249916554519E1));
#1690=CARTESIAN_POINT('',(7.352344193022E0,5.9E0,3.340034483156E1));
#1691=VERTEX_POINT('',#1689);
#1692=VERTEX_POINT('',#1690);
#1693=CARTESIAN_POINT('',(3.211557639687E1,5.6E0,1.260316439220E1));
#1694=CARTESIAN_POINT('',(7.416838440329E0,5.6E0,3.369333031254E1));
#1695=VERTEX_POINT('',#1693);
#1696=VERTEX_POINT('',#1694);
#1697=CARTESIAN_POINT('',(-1.903290762693E1,5.9E0,3.086403128668E1));
#1698=CARTESIAN_POINT('',(-2.030184477492E1,5.9E0,2.752226550876E1));
#1699=VERTEX_POINT('',#1697);
#1700=VERTEX_POINT('',#1698);
#1701=CARTESIAN_POINT('',(-1.932635190715E1,5.6E0,3.080165777943E1));
#1702=CARTESIAN_POINT('',(-2.047993113260E1,5.6E0,2.776368889042E1));
#1703=VERTEX_POINT('',#1701);
#1704=VERTEX_POINT('',#1702);
#1705=CARTESIAN_POINT('',(-1.975815920705E1,5.6E0,3.283315140406E1));
#1706=VERTEX_POINT('',#1705);
#1707=CARTESIAN_POINT('',(-2.026731224873E1,5.673438011014E0,3.667144843769E1));
#1708=VERTEX_POINT('',#1707);
#1709=CARTESIAN_POINT('',(-2.055346018966E1,5.375497665460E0,3.657474835294E1));
#1710=VERTEX_POINT('',#1709);
#1711=VERTEX_POINT('',#1456);
#1712=VERTEX_POINT('',#745);
#1713=CARTESIAN_POINT('',(-2.397160002933E1,5.324375708192E0,3.822664198559E1));
#1714=VERTEX_POINT('',#1713);
#1715=VERTEX_POINT('',#729);
#1716=CARTESIAN_POINT('',(-3.351277826963E1,-5.275674077159E-1,
7.012806062521E1));
#1717=VERTEX_POINT('',#1716);
#1718=VERTEX_POINT('',#713);
#1719=CARTESIAN_POINT('',(-1.102040558218E0,-9.964179588841E-1,
7.973556247681E1));
#1720=VERTEX_POINT('',#1719);
#1721=VERTEX_POINT('',#697);
#1722=CARTESIAN_POINT('',(8.439137682081E0,4.855525157024E0,4.783414383719E1));
#1723=VERTEX_POINT('',#1722);
#1724=VERTEX_POINT('',#681);
#1725=CARTESIAN_POINT('',(5.372822937878E0,5.324375708192E0,4.446399163569E1));
#1726=VERTEX_POINT('',#1725);
#1727=VERTEX_POINT('',#1230);
#1728=VERTEX_POINT('',#637);
#1729=VERTEX_POINT('',#1236);
#1730=CARTESIAN_POINT('',(4.695530811292E0,5.6E0,3.803094367451E1));
#1731=VERTEX_POINT('',#1730);
#1732=CARTESIAN_POINT('',(4.833893846916E0,5.899999991961E0,3.593707650632E1));
#1733=VERTEX_POINT('',#1732);
#1734=CARTESIAN_POINT('',(5.127338122066E0,5.599999994519E0,3.599945002512E1));
#1735=VERTEX_POINT('',#1734);
#1736=CARTESIAN_POINT('',(-3.183411473049E1,5.9E0,1.249916554519E1));
#1737=VERTEX_POINT('',#1736);
#1738=CARTESIAN_POINT('',(-3.211557639687E1,5.6E0,1.260316439220E1));
#1739=VERTEX_POINT('',#1738);
#1740=CARTESIAN_POINT('',(3.987032060107E0,3.007767158411E0,4.136416824768E1));
#1741=VERTEX_POINT('',#1740);
#1742=CARTESIAN_POINT('',(-2.046665794290E1,3.007767181067E0,3.616637598312E1));
#1743=VERTEX_POINT('',#1742);
#1744=CARTESIAN_POINT('',(-2.974910416096E1,-5.6E0,7.971248435480E0));
#1745=CARTESIAN_POINT('',(-3.136747525455E1,-5.6E0,8.404889663061E0));
#1746=VERTEX_POINT('',#1744);
#1747=VERTEX_POINT('',#1745);
#1748=CARTESIAN_POINT('',(-3.128982954102E1,-5.9E0,8.694667410948E0));
#1749=VERTEX_POINT('',#1748);
#1750=CARTESIAN_POINT('',(3.153446066230E1,5.6E0,8.521013690858E0));
#1751=VERTEX_POINT('',#1750);
#1752=CARTESIAN_POINT('',(3.128982954102E1,5.9E0,8.694667410948E0));
#1753=VERTEX_POINT('',#1752);
#1754=CARTESIAN_POINT('',(-3.153446066230E1,5.6E0,8.521013690858E0));
#1755=VERTEX_POINT('',#1754);
#1756=CARTESIAN_POINT('',(-3.128982954102E1,5.9E0,8.694667410948E0));
#1757=VERTEX_POINT('',#1756);
#1758=CARTESIAN_POINT('',(-3.136747525455E1,5.6E0,8.404889663061E0));
#1759=VERTEX_POINT('',#1758);
#1760=CARTESIAN_POINT('',(-3.153446066230E1,-5.6E0,8.521013690858E0));
#1761=VERTEX_POINT('',#1760);
#1762=CARTESIAN_POINT('',(-3.183411499428E1,-5.9E0,1.249916478279E1));
#1763=VERTEX_POINT('',#1762);
#1764=CARTESIAN_POINT('',(-3.211557639687E1,-5.6E0,1.260316439220E1));
#1765=VERTEX_POINT('',#1764);
#1766=CARTESIAN_POINT('',(3.183411414625E1,-5.9E0,1.249916723369E1));
#1767=CARTESIAN_POINT('',(3.128982954102E1,-5.9E0,8.694667410948E0));
#1768=VERTEX_POINT('',#1766);
#1769=VERTEX_POINT('',#1767);
#1770=CARTESIAN_POINT('',(3.211557639687E1,-5.6E0,1.260316439220E1));
#1771=CARTESIAN_POINT('',(3.153446066230E1,-5.6E0,8.521013690858E0));
#1772=VERTEX_POINT('',#1770);
#1773=VERTEX_POINT('',#1771);
#1774=CARTESIAN_POINT('',(3.136747525455E1,-5.6E0,8.404889663061E0));
#1775=CARTESIAN_POINT('',(3.136747525455E1,5.6E0,8.404889663061E0));
#1776=VERTEX_POINT('',#1774);
#1777=VERTEX_POINT('',#1775);
#1778=CARTESIAN_POINT('',(2.974910416096E1,-5.6E0,7.971248435480E0));
#1779=VERTEX_POINT('',#1778);
#1780=CARTESIAN_POINT('',(2.956544405579E1,-5.748809089436E0,8.076095364337E0));
#1781=VERTEX_POINT('',#1780);
#1782=VERTEX_POINT('',#356);
#1783=VERTEX_POINT('',#1551);
#1784=CARTESIAN_POINT('',(-2.956559371502E1,-5.748807323766E0,
8.076094287472E0));
#1785=VERTEX_POINT('',#1784);
#1786=VERTEX_POINT('',#38);
#1787=CARTESIAN_POINT('',(3.700602655687E0,2.709670359657E0,4.126879340534E1));
#1788=CARTESIAN_POINT('',(3.973379271699E0,2.829054169877E0,3.998548032450E1));
#1789=VERTEX_POINT('',#1787);
#1790=VERTEX_POINT('',#1788);
#1791=CARTESIAN_POINT('',(4.262536232098E0,3.128344936072E0,4.006802300903E1));
#1792=VERTEX_POINT('',#1791);
#1793=VERTEX_POINT('',#1248);
#1794=VERTEX_POINT('',#885);
#1795=CARTESIAN_POINT('',(6.459282941125E0,2.369952449155E0,4.416234309461E1));
#1796=VERTEX_POINT('',#1795);
#1797=VERTEX_POINT('',#869);
#1798=CARTESIAN_POINT('',(2.200104395136E0,-3.481991057404E0,7.718648769299E1));
#1799=VERTEX_POINT('',#1798);
#1800=VERTEX_POINT('',#853);
#1801=CARTESIAN_POINT('',(-3.131630261131E1,-3.950841217921E0,
7.278074007765E1));
#1802=VERTEX_POINT('',#1801);
#1803=VERTEX_POINT('',#837);
#1804=CARTESIAN_POINT('',(-2.705712406532E1,1.901102288638E0,3.975659547927E1));
#1805=VERTEX_POINT('',#1804);
#1806=VERTEX_POINT('',#821);
#1807=CARTESIAN_POINT('',(-2.288514226716E1,2.369952449156E0,3.792499296816E1));
#1808=VERTEX_POINT('',#1807);
#1809=VERTEX_POINT('',#1438);
#1810=VERTEX_POINT('',#939);
#1811=CARTESIAN_POINT('',(-1.989341627963E1,2.829056171387E0,3.491240662328E1));
#1812=VERTEX_POINT('',#1811);
#1813=CARTESIAN_POINT('',(-2.019114764836E1,3.128346784764E0,3.487020186211E1));
#1814=VERTEX_POINT('',#1813);
#1815=VERTEX_POINT('',#512);
#1816=VERTEX_POINT('',#608);
#1817=VERTEX_POINT('',#1015);
#1818=VERTEX_POINT('',#1023);
#1819=VERTEX_POINT('',#1484);
#1820=CARTESIAN_POINT('',(2.938237499607E1,4.899965855356E0,8.180540555724E0));
#1821=CARTESIAN_POINT('',(-2.938248356189E1,4.899965855356E0,8.180570782059E0));
#1822=VERTEX_POINT('',#1820);
#1823=VERTEX_POINT('',#1821);
#1824=CARTESIAN_POINT('',(-3.034769728204E1,5.9E0,8.442224621468E0));
#1825=CARTESIAN_POINT('',(3.034758870408E1,5.9E0,8.442194413467E0));
#1826=VERTEX_POINT('',#1824);
#1827=VERTEX_POINT('',#1825);
#1828=VERTEX_POINT('',#1561);
#1829=VERTEX_POINT('',#372);
#1830=VERTEX_POINT('',#438);
#1831=VERTEX_POINT('',#464);
#1832=CARTESIAN_POINT('',(-1.048653090235E1,1.393479651782E0,6.329550254999E1));
#1833=CARTESIAN_POINT('',(-8.901742333596E0,2.737516546924E0,5.583965853225E1));
#1834=VERTEX_POINT('',#1832);
#1835=VERTEX_POINT('',#1833);
#1836=CARTESIAN_POINT('',(-1.457988915586E1,2.737516546924E0,5.463273116705E1));
#1837=VERTEX_POINT('',#1836);
#1838=CARTESIAN_POINT('',(-1.478220258966E1,2.565937369247E0,5.558454103929E1));
#1839=VERTEX_POINT('',#1838);
#1840=CARTESIAN_POINT('',(-1.005041357111E1,2.565937369247E0,5.659031384363E1));
#1841=VERTEX_POINT('',#1840);
#1842=CARTESIAN_POINT('',(-1.143288870606E1,1.393479651782E0,6.309434798912E1));
#1843=VERTEX_POINT('',#1842);
#1844=CARTESIAN_POINT('',(-1.049014125098E1,1.491960427083E0,6.331248790482E1));
#1845=CARTESIAN_POINT('',(-8.905352682218E0,2.835997322225E0,5.585664388709E1));
#1846=VERTEX_POINT('',#1844);
#1847=VERTEX_POINT('',#1845);
#1848=CARTESIAN_POINT('',(-1.458349950448E1,2.835997322225E0,5.464971652189E1));
#1849=VERTEX_POINT('',#1848);
#1850=CARTESIAN_POINT('',(-1.478581293829E1,2.664418144548E0,5.560152639413E1));
#1851=VERTEX_POINT('',#1850);
#1852=CARTESIAN_POINT('',(-1.005402391974E1,2.664418144548E0,5.660729919846E1));
#1853=VERTEX_POINT('',#1852);
#1854=CARTESIAN_POINT('',(-1.143649905469E1,1.491960427083E0,6.311133334396E1));
#1855=VERTEX_POINT('',#1854);
#1856=CARTESIAN_POINT('',(0.E0,-5.9E0,0.E0));
#1857=DIRECTION('',(0.E0,-1.E0,0.E0));
#1858=DIRECTION('',(1.E0,0.E0,0.E0));
#1859=AXIS2_PLACEMENT_3D('',#1856,#1857,#1858);
#1860=PLANE('',#1859);
#1862=ORIENTED_EDGE('',*,*,#1861,.T.);
#1864=ORIENTED_EDGE('',*,*,#1863,.T.);
#1866=ORIENTED_EDGE('',*,*,#1865,.T.);
#1868=ORIENTED_EDGE('',*,*,#1867,.T.);
#1870=ORIENTED_EDGE('',*,*,#1869,.T.);
#1872=ORIENTED_EDGE('',*,*,#1871,.T.);
#1873=EDGE_LOOP('',(#1862,#1864,#1866,#1868,#1870,#1872));
#1874=FACE_OUTER_BOUND('',#1873,.F.);
#1875=ADVANCED_FACE('',(#1874),#1860,.T.);
#1876=CARTESIAN_POINT('',(1.442324802083E-6,-5.750001101972E0,
-1.096099545350E-6));
#1877=DIRECTION('',(0.E0,1.E0,0.E0));
#1878=DIRECTION('',(0.E0,0.E0,-1.E0));
#1879=AXIS2_PLACEMENT_3D('',#1876,#1877,#1878);
#1880=CONICAL_SURFACE('',#1879,3.435000031270E1,4.500000093329E1);
#1881=ORIENTED_EDGE('',*,*,#1861,.F.);
#1883=ORIENTED_EDGE('',*,*,#1882,.F.);
#1885=ORIENTED_EDGE('',*,*,#1884,.F.);
#1887=ORIENTED_EDGE('',*,*,#1886,.T.);
#1888=EDGE_LOOP('',(#1881,#1883,#1885,#1887));
#1889=FACE_OUTER_BOUND('',#1888,.F.);
#1890=ADVANCED_FACE('',(#1889),#1880,.T.);
#1891=CARTESIAN_POINT('',(-2.786499384309E1,-5.749999999057E0,
1.112581949220E1));
#1892=DIRECTION('',(0.E0,1.E0,0.E0));
#1893=DIRECTION('',(0.E0,0.E0,-1.E0));
#1894=AXIS2_PLACEMENT_3D('',#1891,#1892,#1893);
#1895=CONICAL_SURFACE('',#1894,4.350000000943E0,4.5E1);
#1896=ORIENTED_EDGE('',*,*,#1871,.F.);
#1898=ORIENTED_EDGE('',*,*,#1897,.T.);
#1900=ORIENTED_EDGE('',*,*,#1899,.F.);
#1902=ORIENTED_EDGE('',*,*,#1901,.T.);
#1903=ORIENTED_EDGE('',*,*,#1882,.T.);
#1904=EDGE_LOOP('',(#1896,#1898,#1900,#1902,#1903));
#1905=FACE_OUTER_BOUND('',#1904,.F.);
#1906=ADVANCED_FACE('',(#1905),#1895,.T.);
#1907=CARTESIAN_POINT('',(-3.042576511892E1,-5.75E0,8.307850619776E0));
#1908=DIRECTION('',(1.830127018922E-1,7.071067811866E-1,6.830127018922E-1));
#1909=DIRECTION('',(-1.830127018922E-1,7.071067811865E-1,-6.830127018922E-1));
#1910=AXIS2_PLACEMENT_3D('',#1907,#1908,#1909);
#1911=PLANE('',#1910);
#1913=ORIENTED_EDGE('',*,*,#1912,.T.);
#1915=ORIENTED_EDGE('',*,*,#1914,.F.);
#1916=ORIENTED_EDGE('',*,*,#1897,.F.);
#1917=ORIENTED_EDGE('',*,*,#1869,.F.);
#1919=ORIENTED_EDGE('',*,*,#1918,.T.);
#1921=ORIENTED_EDGE('',*,*,#1920,.F.);
#1922=EDGE_LOOP('',(#1913,#1915,#1916,#1917,#1919,#1921));
#1923=FACE_OUTER_BOUND('',#1922,.F.);
#1924=ADVANCED_FACE('',(#1923),#1911,.F.);
#1925=CARTESIAN_POINT('',(-3.332444100697E1,-5.9E0,8.929257056037E0));
#1926=DIRECTION('',(2.588190451025E-1,0.E0,9.659258262891E-1));
#1927=DIRECTION('',(9.659258262891E-1,0.E0,-2.588190451025E-1));
#1928=AXIS2_PLACEMENT_3D('',#1925,#1926,#1927);
#1929=PLANE('',#1928);
#1931=ORIENTED_EDGE('',*,*,#1930,.T.);
#1933=ORIENTED_EDGE('',*,*,#1932,.F.);
#1935=ORIENTED_EDGE('',*,*,#1934,.T.);
#1936=ORIENTED_EDGE('',*,*,#1912,.F.);
#1938=ORIENTED_EDGE('',*,*,#1937,.F.);
#1939=EDGE_LOOP('',(#1931,#1933,#1935,#1936,#1938));
#1940=FACE_OUTER_BOUND('',#1939,.F.);
#1941=ADVANCED_FACE('',(#1940),#1929,.F.);
#1942=CARTESIAN_POINT('',(-5.849063911846E-5,5.399976107252E0,
4.456902764094E-5));
#1943=DIRECTION('',(0.E0,1.E0,0.E0));
#1944=DIRECTION('',(0.E0,0.E0,-1.E0));
#1945=AXIS2_PLACEMENT_3D('',#1942,#1943,#1944);
#1946=CONICAL_SURFACE('',#1945,3.099997276681E1,4.499981329560E1);
#1948=ORIENTED_EDGE('',*,*,#1947,.F.);
#1950=ORIENTED_EDGE('',*,*,#1949,.F.);
#1952=ORIENTED_EDGE('',*,*,#1951,.T.);
#1954=ORIENTED_EDGE('',*,*,#1953,.F.);
#1956=ORIENTED_EDGE('',*,*,#1955,.F.);
#1958=ORIENTED_EDGE('',*,*,#1957,.F.);
#1959=ORIENTED_EDGE('',*,*,#1930,.F.);
#1961=ORIENTED_EDGE('',*,*,#1960,.F.);
#1962=EDGE_LOOP('',(#1948,#1950,#1952,#1954,#1956,#1958,#1959,#1961));
#1963=FACE_OUTER_BOUND('',#1962,.F.);
#1964=ADVANCED_FACE('',(#1963),#1946,.F.);
#1965=CARTESIAN_POINT('',(0.E0,-5.9E0,0.E0));
#1966=DIRECTION('',(0.E0,-1.E0,0.E0));
#1967=DIRECTION('',(1.E0,0.E0,0.E0));
#1968=AXIS2_PLACEMENT_3D('',#1965,#1966,#1967);
#1969=CYLINDRICAL_SURFACE('',#1968,3.05E1);
#1970=ORIENTED_EDGE('',*,*,#1947,.T.);
#1972=ORIENTED_EDGE('',*,*,#1971,.T.);
#1974=ORIENTED_EDGE('',*,*,#1973,.T.);
#1976=ORIENTED_EDGE('',*,*,#1975,.F.);
#1977=EDGE_LOOP('',(#1970,#1972,#1974,#1976));
#1978=FACE_OUTER_BOUND('',#1977,.F.);
#1980=ORIENTED_EDGE('',*,*,#1979,.T.);
#1982=ORIENTED_EDGE('',*,*,#1981,.T.);
#1983=EDGE_LOOP('',(#1980,#1982));
#1984=FACE_BOUND('',#1983,.F.);
#1986=ORIENTED_EDGE('',*,*,#1985,.T.);
#1988=ORIENTED_EDGE('',*,*,#1987,.T.);
#1989=EDGE_LOOP('',(#1986,#1988));
#1990=FACE_BOUND('',#1989,.F.);
#1991=ADVANCED_FACE('',(#1978,#1984,#1990),#1969,.F.);
#1992=CARTESIAN_POINT('',(-4.323758033441E1,-1.4E0,-2.496322864518E1));
#1993=DIRECTION('',(-8.660254037844E-1,0.E0,-5.E-1));
#1994=DIRECTION('',(5.E-1,0.E0,-8.660254037844E-1));
#1995=AXIS2_PLACEMENT_3D('',#1992,#1993,#1994);
#1996=CYLINDRICAL_SURFACE('',#1995,1.65E0);
#1998=ORIENTED_EDGE('',*,*,#1997,.T.);
#2000=ORIENTED_EDGE('',*,*,#1999,.T.);
#2002=ORIENTED_EDGE('',*,*,#2001,.F.);
#2003=ORIENTED_EDGE('',*,*,#1985,.F.);
#2004=EDGE_LOOP('',(#1998,#2000,#2002,#2003));
#2005=FACE_OUTER_BOUND('',#2004,.F.);
#2006=ADVANCED_FACE('',(#2005),#1996,.F.);
#2007=CARTESIAN_POINT('',(-4.323758033441E1,-1.4E0,-2.496322864518E1));
#2008=DIRECTION('',(-8.660254037844E-1,0.E0,-5.E-1));
#2009=DIRECTION('',(5.E-1,0.E0,-8.660254037844E-1));
#2010=AXIS2_PLACEMENT_3D('',#2007,#2008,#2009);
#2011=CYLINDRICAL_SURFACE('',#2010,1.65E0);
#2012=ORIENTED_EDGE('',*,*,#1997,.F.);
#2013=ORIENTED_EDGE('',*,*,#1987,.F.);
#2014=ORIENTED_EDGE('',*,*,#2001,.T.);
#2016=ORIENTED_EDGE('',*,*,#2015,.F.);
#2017=EDGE_LOOP('',(#2012,#2013,#2014,#2016));
#2018=FACE_OUTER_BOUND('',#2017,.F.);
#2019=ADVANCED_FACE('',(#2018),#2011,.F.);
#2020=CARTESIAN_POINT('',(2.944486372867E1,-1.4E0,1.7E1));
#2021=DIRECTION('',(-8.660254037844E-1,0.E0,-5.E-1));
#2022=DIRECTION('',(5.E-1,0.E0,-8.660254037844E-1));
#2023=AXIS2_PLACEMENT_3D('',#2020,#2021,#2022);
#2024=PLANE('',#2023);
#2026=ORIENTED_EDGE('',*,*,#2025,.T.);
#2028=ORIENTED_EDGE('',*,*,#2027,.F.);
#2029=EDGE_LOOP('',(#2026,#2028));
#2030=FACE_OUTER_BOUND('',#2029,.F.);
#2031=ORIENTED_EDGE('',*,*,#2015,.T.);
#2032=ORIENTED_EDGE('',*,*,#1999,.F.);
#2033=EDGE_LOOP('',(#2031,#2032));
#2034=FACE_BOUND('',#2033,.F.);
#2035=ADVANCED_FACE('',(#2030,#2034),#2024,.F.);
#2036=CARTESIAN_POINT('',(-4.323758033441E1,-1.4E0,-2.496322864518E1));
#2037=DIRECTION('',(-8.660254037844E-1,0.E0,-5.E-1));
#2038=DIRECTION('',(5.E-1,0.E0,-8.660254037844E-1));
#2039=AXIS2_PLACEMENT_3D('',#2036,#2037,#2038);
#2040=CYLINDRICAL_SURFACE('',#2039,3.25E0);
#2042=ORIENTED_EDGE('',*,*,#2041,.T.);
#2044=ORIENTED_EDGE('',*,*,#2043,.T.);
#2046=ORIENTED_EDGE('',*,*,#2045,.F.);
#2047=ORIENTED_EDGE('',*,*,#2025,.F.);
#2048=EDGE_LOOP('',(#2042,#2044,#2046,#2047));
#2049=FACE_OUTER_BOUND('',#2048,.F.);
#2050=ADVANCED_FACE('',(#2049),#2040,.F.);
#2051=CARTESIAN_POINT('',(-4.323758033441E1,-1.4E0,-2.496322864518E1));
#2052=DIRECTION('',(-8.660254037844E-1,0.E0,-5.E-1));
#2053=DIRECTION('',(5.E-1,0.E0,-8.660254037844E-1));
#2054=AXIS2_PLACEMENT_3D('',#2051,#2052,#2053);
#2055=CYLINDRICAL_SURFACE('',#2054,3.25E0);
#2056=ORIENTED_EDGE('',*,*,#2041,.F.);
#2057=ORIENTED_EDGE('',*,*,#2027,.T.);
#2058=ORIENTED_EDGE('',*,*,#2045,.T.);
#2060=ORIENTED_EDGE('',*,*,#2059,.T.);
#2061=EDGE_LOOP('',(#2056,#2057,#2058,#2060));
#2062=FACE_OUTER_BOUND('',#2061,.F.);
#2063=ADVANCED_FACE('',(#2062),#2055,.F.);
#2064=CARTESIAN_POINT('',(0.E0,-5.9E0,0.E0));
#2065=DIRECTION('',(0.E0,-1.E0,0.E0));
#2066=DIRECTION('',(1.E0,0.E0,0.E0));
#2067=AXIS2_PLACEMENT_3D('',#2064,#2065,#2066);
#2068=CYLINDRICAL_SURFACE('',#2067,3.45E1);
#2069=ORIENTED_EDGE('',*,*,#1884,.T.);
#2071=ORIENTED_EDGE('',*,*,#2070,.T.);
#2073=ORIENTED_EDGE('',*,*,#2072,.F.);
#2075=ORIENTED_EDGE('',*,*,#2074,.T.);
#2077=ORIENTED_EDGE('',*,*,#2076,.F.);
#2079=ORIENTED_EDGE('',*,*,#2078,.F.);
#2081=ORIENTED_EDGE('',*,*,#2080,.F.);
#2083=ORIENTED_EDGE('',*,*,#2082,.T.);
#2085=ORIENTED_EDGE('',*,*,#2084,.F.);
#2087=ORIENTED_EDGE('',*,*,#2086,.F.);
#2088=EDGE_LOOP('',(#2069,#2071,#2073,#2075,#2077,#2079,#2081,#2083,#2085,
#2087));
#2089=FACE_OUTER_BOUND('',#2088,.F.);
#2091=ORIENTED_EDGE('',*,*,#2090,.F.);
#2093=ORIENTED_EDGE('',*,*,#2092,.F.);
#2094=EDGE_LOOP('',(#2091,#2093));
#2095=FACE_BOUND('',#2094,.F.);
#2096=ORIENTED_EDGE('',*,*,#2043,.F.);
#2097=ORIENTED_EDGE('',*,*,#2059,.F.);
#2098=EDGE_LOOP('',(#2096,#2097));
#2099=FACE_BOUND('',#2098,.F.);
#2100=ADVANCED_FACE('',(#2089,#2095,#2099),#2068,.T.);
#2101=CARTESIAN_POINT('',(3.961387753868E1,-1.4E0,-2.287108286060E1));
#2102=DIRECTION('',(8.660254037844E-1,0.E0,-5.E-1));
#2103=DIRECTION('',(5.E-1,0.E0,8.660254037844E-1));
#2104=AXIS2_PLACEMENT_3D('',#2101,#2102,#2103);
#2105=CYLINDRICAL_SURFACE('',#2104,3.25E0);
#2106=ORIENTED_EDGE('',*,*,#2090,.T.);
#2108=ORIENTED_EDGE('',*,*,#2107,.F.);
#2110=ORIENTED_EDGE('',*,*,#2109,.F.);
#2112=ORIENTED_EDGE('',*,*,#2111,.T.);
#2113=EDGE_LOOP('',(#2106,#2108,#2110,#2112));
#2114=FACE_OUTER_BOUND('',#2113,.F.);
#2115=ADVANCED_FACE('',(#2114),#2105,.F.);
#2116=CARTESIAN_POINT('',(3.961387753868E1,-1.4E0,-2.287108286060E1));
#2117=DIRECTION('',(8.660254037844E-1,0.E0,-5.E-1));
#2118=DIRECTION('',(5.E-1,0.E0,8.660254037844E-1));
#2119=AXIS2_PLACEMENT_3D('',#2116,#2117,#2118);
#2120=CYLINDRICAL_SURFACE('',#2119,3.25E0);
#2121=ORIENTED_EDGE('',*,*,#2092,.T.);
#2122=ORIENTED_EDGE('',*,*,#2111,.F.);
#2124=ORIENTED_EDGE('',*,*,#2123,.T.);
#2125=ORIENTED_EDGE('',*,*,#2107,.T.);
#2126=EDGE_LOOP('',(#2121,#2122,#2124,#2125));
#2127=FACE_OUTER_BOUND('',#2126,.F.);
#2128=ADVANCED_FACE('',(#2127),#2120,.F.);
#2129=CARTESIAN_POINT('',(-2.944486372867E1,-1.4E0,1.7E1));
#2130=DIRECTION('',(8.660254037844E-1,0.E0,-5.E-1));
#2131=DIRECTION('',(5.E-1,0.E0,8.660254037844E-1));
#2132=AXIS2_PLACEMENT_3D('',#2129,#2130,#2131);
#2133=PLANE('',#2132);
#2134=ORIENTED_EDGE('',*,*,#2109,.T.);
#2135=ORIENTED_EDGE('',*,*,#2123,.F.);
#2136=EDGE_LOOP('',(#2134,#2135));
#2137=FACE_OUTER_BOUND('',#2136,.F.);
#2139=ORIENTED_EDGE('',*,*,#2138,.T.);
#2141=ORIENTED_EDGE('',*,*,#2140,.F.);
#2142=EDGE_LOOP('',(#2139,#2141));
#2143=FACE_BOUND('',#2142,.F.);
#2144=ADVANCED_FACE('',(#2137,#2143),#2133,.F.);
#2145=CARTESIAN_POINT('',(3.961387753868E1,-1.4E0,-2.287108286060E1));
#2146=DIRECTION('',(8.660254037844E-1,0.E0,-5.E-1));
#2147=DIRECTION('',(5.E-1,0.E0,8.660254037844E-1));
#2148=AXIS2_PLACEMENT_3D('',#2145,#2146,#2147);
#2149=CYLINDRICAL_SURFACE('',#2148,1.65E0);
#2150=ORIENTED_EDGE('',*,*,#1981,.F.);
#2152=ORIENTED_EDGE('',*,*,#2151,.T.);
#2153=ORIENTED_EDGE('',*,*,#2138,.F.);
#2155=ORIENTED_EDGE('',*,*,#2154,.F.);
#2156=EDGE_LOOP('',(#2150,#2152,#2153,#2155));
#2157=FACE_OUTER_BOUND('',#2156,.F.);
#2158=ADVANCED_FACE('',(#2157),#2149,.F.);
#2159=CARTESIAN_POINT('',(3.961387753868E1,-1.4E0,-2.287108286060E1));
#2160=DIRECTION('',(8.660254037844E-1,0.E0,-5.E-1));
#2161=DIRECTION('',(5.E-1,0.E0,8.660254037844E-1));
#2162=AXIS2_PLACEMENT_3D('',#2159,#2160,#2161);
#2163=CYLINDRICAL_SURFACE('',#2162,1.65E0);
#2164=ORIENTED_EDGE('',*,*,#1979,.F.);
#2165=ORIENTED_EDGE('',*,*,#2154,.T.);
#2166=ORIENTED_EDGE('',*,*,#2140,.T.);
#2167=ORIENTED_EDGE('',*,*,#2151,.F.);
#2168=EDGE_LOOP('',(#2164,#2165,#2166,#2167));
#2169=FACE_OUTER_BOUND('',#2168,.F.);
#2170=ADVANCED_FACE('',(#2169),#2163,.F.);
#2171=CARTESIAN_POINT('',(-2.786499384309E1,-5.9E0,1.112581949220E1));
#2172=DIRECTION('',(0.E0,1.E0,0.E0));
#2173=DIRECTION('',(-1.E0,0.E0,0.E0));
#2174=AXIS2_PLACEMENT_3D('',#2171,#2172,#2173);
#2175=CYLINDRICAL_SURFACE('',#2174,4.5E0);
#2177=ORIENTED_EDGE('',*,*,#2176,.F.);
#2178=ORIENTED_EDGE('',*,*,#2070,.F.);
#2179=ORIENTED_EDGE('',*,*,#1901,.F.);
#2181=ORIENTED_EDGE('',*,*,#2180,.F.);
#2182=EDGE_LOOP('',(#2177,#2178,#2179,#2181));
#2183=FACE_OUTER_BOUND('',#2182,.F.);
#2184=ADVANCED_FACE('',(#2183),#2175,.T.);
#2185=CARTESIAN_POINT('',(-2.786499384309E1,5.749999223579E0,1.112581949220E1));
#2186=DIRECTION('',(0.E0,-1.E0,0.E0));
#2187=DIRECTION('',(0.E0,0.E0,-1.E0));
#2188=AXIS2_PLACEMENT_3D('',#2185,#2186,#2187);
#2189=CONICAL_SURFACE('',#2188,4.350000776421E0,4.5E1);
#2190=ORIENTED_EDGE('',*,*,#2176,.T.);
#2192=ORIENTED_EDGE('',*,*,#2191,.T.);
#2194=ORIENTED_EDGE('',*,*,#2193,.T.);
#2196=ORIENTED_EDGE('',*,*,#2195,.F.);
#2198=ORIENTED_EDGE('',*,*,#2197,.T.);
#2199=EDGE_LOOP('',(#2190,#2192,#2194,#2196,#2198));
#2200=FACE_OUTER_BOUND('',#2199,.F.);
#2201=ADVANCED_FACE('',(#2200),#2189,.T.);
#2202=CARTESIAN_POINT('',(-3.145096795843E1,2.131628207280E-14,
8.462951676959E0));
#2203=DIRECTION('',(5.709328333910E-1,0.E0,8.209967720741E-1));
#2204=DIRECTION('',(-8.209967720741E-1,0.E0,5.709328333910E-1));
#2205=AXIS2_PLACEMENT_3D('',#2202,#2203,#2204);
#2206=PLANE('',#2205);
#2207=ORIENTED_EDGE('',*,*,#1934,.F.);
#2209=ORIENTED_EDGE('',*,*,#2208,.T.);
#2210=ORIENTED_EDGE('',*,*,#2191,.F.);
#2211=ORIENTED_EDGE('',*,*,#2180,.T.);
#2212=ORIENTED_EDGE('',*,*,#1899,.T.);
#2213=ORIENTED_EDGE('',*,*,#1914,.T.);
#2214=EDGE_LOOP('',(#2207,#2209,#2210,#2211,#2212,#2213));
#2215=FACE_OUTER_BOUND('',#2214,.F.);
#2216=ADVANCED_FACE('',(#2215),#2206,.F.);
#2217=CARTESIAN_POINT('',(-3.042576511892E1,5.75E0,8.307850619776E0));
#2218=DIRECTION('',(1.830127018922E-1,-7.071067811865E-1,6.830127018922E-1));
#2219=DIRECTION('',(-1.830127018922E-1,-7.071067811865E-1,-6.830127018922E-1));
#2220=AXIS2_PLACEMENT_3D('',#2217,#2218,#2219);
#2221=PLANE('',#2220);
#2222=ORIENTED_EDGE('',*,*,#1957,.T.);
#2224=ORIENTED_EDGE('',*,*,#2223,.F.);
#2225=ORIENTED_EDGE('',*,*,#2193,.F.);
#2226=ORIENTED_EDGE('',*,*,#2208,.F.);
#2227=ORIENTED_EDGE('',*,*,#1932,.T.);
#2228=EDGE_LOOP('',(#2222,#2224,#2225,#2226,#2227));
#2229=FACE_OUTER_BOUND('',#2228,.F.);
#2230=ADVANCED_FACE('',(#2229),#2221,.F.);
#2231=CARTESIAN_POINT('',(0.E0,5.9E0,0.E0));
#2232=DIRECTION('',(0.E0,-1.E0,0.E0));
#2233=DIRECTION('',(9.781476007338E-1,0.E0,2.079116908178E-1));
#2234=AXIS2_PLACEMENT_3D('',#2231,#2232,#2233);
#2235=PLANE('',#2234);
#2236=ORIENTED_EDGE('',*,*,#1955,.T.);
#2238=ORIENTED_EDGE('',*,*,#2237,.T.);
#2240=ORIENTED_EDGE('',*,*,#2239,.T.);
#2242=ORIENTED_EDGE('',*,*,#2241,.T.);
#2244=ORIENTED_EDGE('',*,*,#2243,.T.);
#2246=ORIENTED_EDGE('',*,*,#2245,.T.);
#2248=ORIENTED_EDGE('',*,*,#2247,.T.);
#2250=ORIENTED_EDGE('',*,*,#2249,.T.);
#2252=ORIENTED_EDGE('',*,*,#2251,.T.);
#2254=ORIENTED_EDGE('',*,*,#2253,.T.);
#2255=ORIENTED_EDGE('',*,*,#2195,.T.);
#2256=ORIENTED_EDGE('',*,*,#2223,.T.);
#2257=EDGE_LOOP('',(#2236,#2238,#2240,#2242,#2244,#2246,#2248,#2250,#2252,#2254,
#2255,#2256));
#2258=FACE_OUTER_BOUND('',#2257,.F.);
#2259=ADVANCED_FACE('',(#2258),#2235,.F.);
#2260=CARTESIAN_POINT('',(3.042576511892E1,5.75E0,8.307850619776E0));
#2261=DIRECTION('',(-1.830127018922E-1,-7.071067811865E-1,6.830127018922E-1));
#2262=DIRECTION('',(1.830127018922E-1,-7.071067811866E-1,-6.830127018922E-1));
#2263=AXIS2_PLACEMENT_3D('',#2260,#2261,#2262);
#2264=PLANE('',#2263);
#2265=ORIENTED_EDGE('',*,*,#1953,.T.);
#2267=ORIENTED_EDGE('',*,*,#2266,.T.);
#2269=ORIENTED_EDGE('',*,*,#2268,.F.);
#2271=ORIENTED_EDGE('',*,*,#2270,.F.);
#2272=ORIENTED_EDGE('',*,*,#2237,.F.);
#2273=EDGE_LOOP('',(#2265,#2267,#2269,#2271,#2272));
#2274=FACE_OUTER_BOUND('',#2273,.F.);
#2275=ADVANCED_FACE('',(#2274),#2264,.F.);
#2276=CARTESIAN_POINT('',(2.946073770182E1,-5.9E0,7.893980875627E0));
#2277=DIRECTION('',(-2.588190451025E-1,0.E0,9.659258262891E-1));
#2278=DIRECTION('',(9.659258262891E-1,0.E0,2.588190451025E-1));
#2279=AXIS2_PLACEMENT_3D('',#2276,#2277,#2278);
#2280=PLANE('',#2279);
#2281=ORIENTED_EDGE('',*,*,#1951,.F.);
#2283=ORIENTED_EDGE('',*,*,#2282,.T.);
#2285=ORIENTED_EDGE('',*,*,#2284,.F.);
#2287=ORIENTED_EDGE('',*,*,#2286,.T.);
#2288=ORIENTED_EDGE('',*,*,#2266,.F.);
#2289=EDGE_LOOP('',(#2281,#2283,#2285,#2287,#2288));
#2290=FACE_OUTER_BOUND('',#2289,.F.);
#2291=ADVANCED_FACE('',(#2290),#2280,.F.);
#2292=CARTESIAN_POINT('',(2.956577744812E1,3.552713678801E-14,
8.075905039049E0));
#2293=DIRECTION('',(4.957763640761E-1,0.E0,8.684502270271E-1));
#2294=DIRECTION('',(-8.684502270271E-1,0.E0,4.957763640761E-1));
#2295=AXIS2_PLACEMENT_3D('',#2292,#2293,#2294);
#2296=PLANE('',#2295);
#2297=ORIENTED_EDGE('',*,*,#1949,.T.);
#2298=ORIENTED_EDGE('',*,*,#1975,.T.);
#2300=ORIENTED_EDGE('',*,*,#2299,.T.);
#2302=ORIENTED_EDGE('',*,*,#2301,.F.);
#2303=ORIENTED_EDGE('',*,*,#2282,.F.);
#2304=EDGE_LOOP('',(#2297,#2298,#2300,#2302,#2303));
#2305=FACE_OUTER_BOUND('',#2304,.F.);
#2306=ADVANCED_FACE('',(#2305),#2296,.F.);
#2307=CARTESIAN_POINT('',(-2.253150079870E-4,-5.749902198292E0,
1.704017507653E-4));
#2308=DIRECTION('',(0.E0,-1.E0,0.E0));
#2309=DIRECTION('',(0.E0,0.E0,-1.E0));
#2310=AXIS2_PLACEMENT_3D('',#2307,#2308,#2309);
#2311=CONICAL_SURFACE('',#2310,3.064990006264E1,4.499929277661E1);
#2312=ORIENTED_EDGE('',*,*,#1867,.F.);
#2314=ORIENTED_EDGE('',*,*,#2313,.F.);
#2315=ORIENTED_EDGE('',*,*,#2299,.F.);
#2316=ORIENTED_EDGE('',*,*,#1973,.F.);
#2318=ORIENTED_EDGE('',*,*,#2317,.F.);
#2319=ORIENTED_EDGE('',*,*,#1918,.F.);
#2320=EDGE_LOOP('',(#2312,#2314,#2315,#2316,#2318,#2319));
#2321=FACE_OUTER_BOUND('',#2320,.F.);
#2322=ADVANCED_FACE('',(#2321),#2311,.F.);
#2323=CARTESIAN_POINT('',(3.042576511892E1,-5.75E0,8.307850619776E0));
#2324=DIRECTION('',(-1.830127018922E-1,7.071067811865E-1,6.830127018922E-1));
#2325=DIRECTION('',(1.830127018922E-1,7.071067811866E-1,-6.830127018922E-1));
#2326=AXIS2_PLACEMENT_3D('',#2323,#2324,#2325);
#2327=PLANE('',#2326);
#2328=ORIENTED_EDGE('',*,*,#1865,.F.);
#2330=ORIENTED_EDGE('',*,*,#2329,.F.);
#2332=ORIENTED_EDGE('',*,*,#2331,.F.);
#2333=ORIENTED_EDGE('',*,*,#2284,.T.);
#2334=ORIENTED_EDGE('',*,*,#2301,.T.);
#2335=ORIENTED_EDGE('',*,*,#2313,.T.);
#2336=EDGE_LOOP('',(#2328,#2330,#2332,#2333,#2334,#2335));
#2337=FACE_OUTER_BOUND('',#2336,.F.);
#2338=ADVANCED_FACE('',(#2337),#2327,.F.);
#2339=CARTESIAN_POINT('',(2.786499384310E1,-5.749999223316E0,1.112581949220E1));
#2340=DIRECTION('',(0.E0,1.E0,0.E0));
#2341=DIRECTION('',(0.E0,0.E0,-1.E0));
#2342=AXIS2_PLACEMENT_3D('',#2339,#2340,#2341);
#2343=CONICAL_SURFACE('',#2342,4.350000776684E0,4.5E1);
#2344=ORIENTED_EDGE('',*,*,#1863,.F.);
#2345=ORIENTED_EDGE('',*,*,#1886,.F.);
#2347=ORIENTED_EDGE('',*,*,#2346,.T.);
#2349=ORIENTED_EDGE('',*,*,#2348,.T.);
#2350=ORIENTED_EDGE('',*,*,#2329,.T.);
#2351=EDGE_LOOP('',(#2344,#2345,#2347,#2349,#2350));
#2352=FACE_OUTER_BOUND('',#2351,.F.);
#2353=ADVANCED_FACE('',(#2352),#2343,.T.);
#2354=CARTESIAN_POINT('',(2.786499384309E1,-5.9E0,1.112581949220E1));
#2355=DIRECTION('',(0.E0,1.E0,0.E0));
#2356=DIRECTION('',(-1.E0,0.E0,0.E0));
#2357=AXIS2_PLACEMENT_3D('',#2354,#2355,#2356);
#2358=CYLINDRICAL_SURFACE('',#2357,4.5E0);
#2360=ORIENTED_EDGE('',*,*,#2359,.F.);
#2362=ORIENTED_EDGE('',*,*,#2361,.F.);
#2363=ORIENTED_EDGE('',*,*,#2346,.F.);
#2364=ORIENTED_EDGE('',*,*,#2086,.T.);
#2365=EDGE_LOOP('',(#2360,#2362,#2363,#2364));
#2366=FACE_OUTER_BOUND('',#2365,.F.);
#2367=ADVANCED_FACE('',(#2366),#2358,.T.);
#2368=CARTESIAN_POINT('',(2.786499384310E1,5.749999999560E0,1.112581949220E1));
#2369=DIRECTION('',(0.E0,-1.E0,0.E0));
#2370=DIRECTION('',(0.E0,0.E0,-1.E0));
#2371=AXIS2_PLACEMENT_3D('',#2368,#2369,#2370);
#2372=CONICAL_SURFACE('',#2371,4.350000000440E0,4.5E1);
#2373=ORIENTED_EDGE('',*,*,#2359,.T.);
#2375=ORIENTED_EDGE('',*,*,#2374,.T.);
#2376=ORIENTED_EDGE('',*,*,#2239,.F.);
#2377=ORIENTED_EDGE('',*,*,#2270,.T.);
#2379=ORIENTED_EDGE('',*,*,#2378,.F.);
#2380=EDGE_LOOP('',(#2373,#2375,#2376,#2377,#2379));
#2381=FACE_OUTER_BOUND('',#2380,.F.);
#2382=ADVANCED_FACE('',(#2381),#2372,.T.);
#2383=CARTESIAN_POINT('',(3.610445276081E-13,5.750002513858E0,
3.188560526723E-13));
#2384=DIRECTION('',(0.E0,-1.E0,0.E0));
#2385=DIRECTION('',(0.E0,0.E0,-1.E0));
#2386=AXIS2_PLACEMENT_3D('',#2383,#2384,#2385);
#2387=CONICAL_SURFACE('',#2386,3.434999748614E1,4.5E1);
#2388=ORIENTED_EDGE('',*,*,#2241,.F.);
#2389=ORIENTED_EDGE('',*,*,#2374,.F.);
#2390=ORIENTED_EDGE('',*,*,#2084,.T.);
#2392=ORIENTED_EDGE('',*,*,#2391,.F.);
#2393=EDGE_LOOP('',(#2388,#2389,#2390,#2392));
#2394=FACE_OUTER_BOUND('',#2393,.F.);
#2395=ADVANCED_FACE('',(#2394),#2387,.T.);
#2396=CARTESIAN_POINT('',(8.061780913401E0,5.749999990199E0,3.662318512233E1));
#2397=DIRECTION('',(0.E0,1.E0,0.E0));
#2398=DIRECTION('',(0.E0,0.E0,-1.E0));
#2399=AXIS2_PLACEMENT_3D('',#2396,#2397,#2398);
#2400=CONICAL_SURFACE('',#2399,3.149999990199E0,4.5E1);
#2401=ORIENTED_EDGE('',*,*,#2243,.F.);
#2402=ORIENTED_EDGE('',*,*,#2391,.T.);
#2404=ORIENTED_EDGE('',*,*,#2403,.T.);
#2406=ORIENTED_EDGE('',*,*,#2405,.F.);
#2407=EDGE_LOOP('',(#2401,#2402,#2404,#2406));
#2408=FACE_OUTER_BOUND('',#2407,.F.);
#2409=ADVANCED_FACE('',(#2408),#2400,.F.);
#2410=CARTESIAN_POINT('',(8.061780913401E0,2.128248E1,3.662318512233E1));
#2411=DIRECTION('',(0.E0,1.E0,0.E0));
#2412=DIRECTION('',(-2.149808243574E-1,0.E0,-9.766182699288E-1));
#2413=AXIS2_PLACEMENT_3D('',#2410,#2411,#2412);
#2414=CYLINDRICAL_SURFACE('',#2413,3.E0);
#2415=ORIENTED_EDGE('',*,*,#2403,.F.);
#2416=ORIENTED_EDGE('',*,*,#2082,.F.);
#2418=ORIENTED_EDGE('',*,*,#2417,.T.);
#2420=ORIENTED_EDGE('',*,*,#2419,.T.);
#2422=ORIENTED_EDGE('',*,*,#2421,.T.);
#2423=EDGE_LOOP('',(#2415,#2416,#2418,#2420,#2422));
#2424=FACE_OUTER_BOUND('',#2423,.F.);
#2425=ADVANCED_FACE('',(#2424),#2414,.F.);
#2426=CARTESIAN_POINT('',(7.757421124261E0,3.649836104141E-1,3.491693838227E1));
#2427=CARTESIAN_POINT('',(7.464261046890E0,3.649768378266E-1,3.498206909256E1));
#2428=CARTESIAN_POINT('',(6.762319989512E0,3.649826801735E-1,3.512876702901E1));
#2429=CARTESIAN_POINT('',(5.606332731674E0,3.650449421409E-1,3.533429173185E1));
#2430=CARTESIAN_POINT('',(4.731949936748E0,3.650869341038E-1,3.545690117860E1));
#2431=CARTESIAN_POINT('',(4.269281490622E0,3.650849968400E-1,3.551258206192E1));
#2432=CARTESIAN_POINT('',(4.260279931795E0,3.650849497168E-1,3.551366190267E1));
#2433=CARTESIAN_POINT('',(7.571640491138E0,-4.359146676482E-1,
3.408065648613E1));
#2434=CARTESIAN_POINT('',(7.285488175276E0,-4.359214391794E-1,
3.414423041818E1));
#2435=CARTESIAN_POINT('',(6.600335186707E0,-4.359155971060E-1,
3.428741963669E1));
#2436=CARTESIAN_POINT('',(5.472015562599E0,-4.358533324588E-1,
3.448802379397E1));
#2437=CARTESIAN_POINT('',(4.618596330354E0,-4.358113454557E-1,
3.460769240666E1));
#2438=CARTESIAN_POINT('',(4.167033047853E0,-4.358132802045E-1,
3.466203685108E1));
#2439=CARTESIAN_POINT('',(4.158247553007E0,-4.358133272499E-1,
3.466309077338E1));
#2440=CARTESIAN_POINT('',(7.474326828094E0,-1.519385363811E0,3.364254553254E1));
#2441=CARTESIAN_POINT('',(7.191833381472E0,-1.519392133913E0,3.370530675413E1));
#2442=CARTESIAN_POINT('',(6.515453658609E0,-1.519386292210E0,3.384666217510E1));
#2443=CARTESIAN_POINT('',(5.401611316167E0,-1.519324023938E0,3.404469028148E1));
#2444=CARTESIAN_POINT('',(4.559194051069E0,-1.519282043644E0,3.416281437909E1));
#2445=CARTESIAN_POINT('',(4.113470311276E0,-1.519283974991E0,3.421645610379E1));
#2446=CARTESIAN_POINT('',(4.104798435897E0,-1.519284021931E0,3.421749639743E1));
#2447=CARTESIAN_POINT('',(7.482901503491E0,-2.691462476619E0,3.368103738882E1));
#2448=CARTESIAN_POINT('',(7.200063012678E0,-2.691469245175E0,3.374387546146E1));
#2449=CARTESIAN_POINT('',(6.522871137471E0,-2.691463403872E0,3.388540029691E1));
#2450=CARTESIAN_POINT('',(5.407723960546E0,-2.691401131678E0,3.408365801902E1));
#2451=CARTESIAN_POINT('',(4.564377463655E0,-2.691359158643E0,3.420191042399E1));
#2452=CARTESIAN_POINT('',(4.118182234130E0,-2.691361086309E0,3.425560895101E1));
#2453=CARTESIAN_POINT('',(4.109501193222E0,-2.691361133135E0,3.425665034563E1));
#2454=(BOUNDED_SURFACE()B_SPLINE_SURFACE(3,3,((#2426,#2427,#2428,#2429,#2430,
#2431,#2432),(#2433,#2434,#2435,#2436,#2437,#2438,#2439),(#2440,#2441,#2442,
#2443,#2444,#2445,#2446),(#2447,#2448,#2449,#2450,#2451,#2452,#2453)),
.UNSPECIFIED.,.F.,.F.,.F.)B_SPLINE_SURFACE_WITH_KNOTS((4,4),(4,1,1,1,4),(0.E0,
1.E0),(3.673059219494E-1,3.774193954502E-1,3.914531710853E-1,4.068370826222E-1,
4.071423121372E-1),.UNSPECIFIED.)GEOMETRIC_REPRESENTATION_ITEM()RATIONAL_B_SPLINE_SURFACE(((1.046852632943E0,1.046852632943E0,1.046852632943E0,1.046852632943E0,
1.046852632943E0,1.046852632943E0,1.046852632943E0),(9.843824556858E-1,
9.843824556858E-1,9.843824556858E-1,9.843824556858E-1,9.843824556858E-1,
9.843824556858E-1,9.843824556858E-1),(9.843824556858E-1,9.843824556858E-1,
9.843824556858E-1,9.843824556858E-1,9.843824556858E-1,9.843824556858E-1,
9.843824556858E-1),(1.046852632943E0,1.046852632943E0,1.046852632943E0,
1.046852632943E0,1.046852632943E0,1.046852632943E0,1.046852632943E0)))REPRESENTATION_ITEM('')SURFACE());
#2456=ORIENTED_EDGE('',*,*,#2455,.F.);
#2457=ORIENTED_EDGE('',*,*,#2417,.F.);
#2458=ORIENTED_EDGE('',*,*,#2080,.T.);
#2460=ORIENTED_EDGE('',*,*,#2459,.F.);
#2461=EDGE_LOOP('',(#2456,#2457,#2458,#2460));
#2462=FACE_OUTER_BOUND('',#2461,.F.);
#2463=ADVANCED_FACE('',(#2462),#2454,.F.);
#2464=CARTESIAN_POINT('',(4.553034802664E0,2.804398318831E0,3.793212278367E1));
#2465=CARTESIAN_POINT('',(4.448637548096E0,1.928403631820E0,3.706237114544E1));
#2466=CARTESIAN_POINT('',(4.344240293528E0,1.052408944809E0,3.619261950720E1));
#2467=CARTESIAN_POINT('',(4.239843038960E0,1.764142577982E-1,3.532286786897E1));
#2468=CARTESIAN_POINT('',(4.576928552821E0,2.804398318831E0,3.792925466724E1));
#2469=CARTESIAN_POINT('',(4.471983434680E0,1.928403631820E0,3.705956879250E1));
#2470=CARTESIAN_POINT('',(4.367038316538E0,1.052408944809E0,3.618988291776E1));
#2471=CARTESIAN_POINT('',(4.262093198396E0,1.764142577982E-1,3.532019704302E1));
#2472=CARTESIAN_POINT('',(5.007641626271E0,2.804398318831E0,3.787714174088E1));
#2473=CARTESIAN_POINT('',(4.892820619997E0,1.928403631820E0,3.700865077167E1));
#2474=CARTESIAN_POINT('',(4.777999613723E0,1.052408944809E0,3.614015980246E1));
#2475=CARTESIAN_POINT('',(4.663178607449E0,1.764142577982E-1,3.527166883324E1));
#2476=CARTESIAN_POINT('',(5.437425600524E0,2.804398318831E0,3.781771657615E1));
#2477=CARTESIAN_POINT('',(5.312750009580E0,1.928403631820E0,3.695058817593E1));
#2478=CARTESIAN_POINT('',(5.188074418636E0,1.052408944809E0,3.608345977571E1));
#2479=CARTESIAN_POINT('',(5.063398827691E0,1.764142577982E-1,3.521633137549E1));
#2480=CARTESIAN_POINT('',(5.842405039254E0,2.804398318831E0,3.775506834316E1));
#2481=CARTESIAN_POINT('',(5.708443610754E0,1.928403631820E0,3.688937641418E1));
#2482=CARTESIAN_POINT('',(5.574482182255E0,1.052408944809E0,3.602368448519E1));
#2483=CARTESIAN_POINT('',(5.440520753756E0,1.764142577982E-1,3.515799255621E1));
#2484=B_SPLINE_SURFACE_WITH_KNOTS('',3,3,((#2464,#2465,#2466,#2467),(#2468,
#2469,#2470,#2471),(#2472,#2473,#2474,#2475),(#2476,#2477,#2478,#2479),(#2480,
#2481,#2482,#2483)),.UNSPECIFIED.,.F.,.F.,.F.,(4,1,4),(4,4),(-3.023838997866E-4,
0.E0,5.149089018968E-3),(2.515833714982E-2,7.167330900531E-1),.UNSPECIFIED.);
#2486=ORIENTED_EDGE('',*,*,#2485,.F.);
#2487=ORIENTED_EDGE('',*,*,#2419,.F.);
#2488=ORIENTED_EDGE('',*,*,#2455,.T.);
#2490=ORIENTED_EDGE('',*,*,#2489,.F.);
#2492=ORIENTED_EDGE('',*,*,#2491,.T.);
#2494=ORIENTED_EDGE('',*,*,#2493,.T.);
#2495=EDGE_LOOP('',(#2486,#2487,#2488,#2490,#2492,#2494));
#2496=FACE_OUTER_BOUND('',#2495,.F.);
#2497=ADVANCED_FACE('',(#2496),#2484,.F.);
#2498=CARTESIAN_POINT('',(1.222684500917E1,0.E0,2.598896135222E0));
#2499=DIRECTION('',(-9.781476007338E-1,0.E0,-2.079116908178E-1));
#2500=DIRECTION('',(0.E0,-1.E0,0.E0));
#2501=AXIS2_PLACEMENT_3D('',#2498,#2499,#2500);
#2502=PLANE('',#2501);
#2504=ORIENTED_EDGE('',*,*,#2503,.F.);
#2506=ORIENTED_EDGE('',*,*,#2505,.F.);
#2507=ORIENTED_EDGE('',*,*,#2421,.F.);
#2508=ORIENTED_EDGE('',*,*,#2485,.T.);
#2510=ORIENTED_EDGE('',*,*,#2509,.F.);
#2512=ORIENTED_EDGE('',*,*,#2511,.F.);
#2514=ORIENTED_EDGE('',*,*,#2513,.T.);
#2515=EDGE_LOOP('',(#2504,#2506,#2507,#2508,#2510,#2512,#2514));
#2516=FACE_OUTER_BOUND('',#2515,.F.);
#2517=ADVANCED_FACE('',(#2516),#2502,.F.);
#2518=CARTESIAN_POINT('',(4.548808671182E0,-2.71E1,3.799975692089E1));
#2519=DIRECTION('',(-9.781476007338E-1,0.E0,-2.079116908178E-1));
#2520=DIRECTION('',(0.E0,1.E0,0.E0));
#2521=AXIS2_PLACEMENT_3D('',#2518,#2519,#2520);
#2522=CONICAL_SURFACE('',#2521,3.285E1,4.5E1);
#2524=ORIENTED_EDGE('',*,*,#2523,.F.);
#2526=ORIENTED_EDGE('',*,*,#2525,.T.);
#2527=ORIENTED_EDGE('',*,*,#2503,.T.);
#2529=ORIENTED_EDGE('',*,*,#2528,.F.);
#2530=EDGE_LOOP('',(#2524,#2526,#2527,#2529));
#2531=FACE_OUTER_BOUND('',#2530,.F.);
#2532=ADVANCED_FACE('',(#2531),#2522,.T.);
#2533=CARTESIAN_POINT('',(1.266634057029E2,-2.71E1,6.395601579567E1));
#2534=DIRECTION('',(9.781476007338E-1,0.E0,2.079116908178E-1));
#2535=DIRECTION('',(0.E0,1.E0,0.E0));
#2536=AXIS2_PLACEMENT_3D('',#2533,#2534,#2535);
#2537=CYLINDRICAL_SURFACE('',#2536,3.3E1);
#2539=ORIENTED_EDGE('',*,*,#2538,.T.);
#2541=ORIENTED_EDGE('',*,*,#2540,.T.);
#2543=ORIENTED_EDGE('',*,*,#2542,.T.);
#2544=ORIENTED_EDGE('',*,*,#2247,.F.);
#2545=ORIENTED_EDGE('',*,*,#2523,.T.);
#2547=ORIENTED_EDGE('',*,*,#2546,.T.);
#2548=EDGE_LOOP('',(#2539,#2541,#2543,#2544,#2545,#2547));
#2549=FACE_OUTER_BOUND('',#2548,.F.);
#2550=ADVANCED_FACE('',(#2549),#2537,.T.);
#2551=CARTESIAN_POINT('',(-1.268181665103E1,1.241042478537E1,
-4.584228499933E-1));
#2552=DIRECTION('',(3.610348622615E-2,-9.848077530122E-1,-1.698535483567E-1));
#2553=DIRECTION('',(9.781476007338E-1,0.E0,2.079116908178E-1));
#2554=AXIS2_PLACEMENT_3D('',#2551,#2552,#2553);
#2555=PLANE('',#2554);
#2556=ORIENTED_EDGE('',*,*,#2538,.F.);
#2558=ORIENTED_EDGE('',*,*,#2557,.T.);
#2560=ORIENTED_EDGE('',*,*,#2559,.T.);
#2562=ORIENTED_EDGE('',*,*,#2561,.T.);
#2564=ORIENTED_EDGE('',*,*,#2563,.T.);
#2566=ORIENTED_EDGE('',*,*,#2565,.T.);
#2568=ORIENTED_EDGE('',*,*,#2567,.T.);
#2570=ORIENTED_EDGE('',*,*,#2569,.T.);
#2572=ORIENTED_EDGE('',*,*,#2571,.T.);
#2574=ORIENTED_EDGE('',*,*,#2573,.T.);
#2576=ORIENTED_EDGE('',*,*,#2575,.T.);
#2578=ORIENTED_EDGE('',*,*,#2577,.T.);
#2579=EDGE_LOOP('',(#2556,#2558,#2560,#2562,#2564,#2566,#2568,#2570,#2572,#2574,
#2576,#2578));
#2580=FACE_OUTER_BOUND('',#2579,.F.);
#2582=ORIENTED_EDGE('',*,*,#2581,.T.);
#2584=ORIENTED_EDGE('',*,*,#2583,.T.);
#2585=EDGE_LOOP('',(#2582,#2584));
#2586=FACE_BOUND('',#2585,.F.);
#2588=ORIENTED_EDGE('',*,*,#2587,.T.);
#2590=ORIENTED_EDGE('',*,*,#2589,.T.);
#2591=EDGE_LOOP('',(#2588,#2590));
#2592=FACE_BOUND('',#2591,.F.);
#2594=ORIENTED_EDGE('',*,*,#2593,.T.);
#2596=ORIENTED_EDGE('',*,*,#2595,.T.);
#2598=ORIENTED_EDGE('',*,*,#2597,.T.);
#2600=ORIENTED_EDGE('',*,*,#2599,.T.);
#2602=ORIENTED_EDGE('',*,*,#2601,.T.);
#2604=ORIENTED_EDGE('',*,*,#2603,.T.);
#2605=EDGE_LOOP('',(#2594,#2596,#2598,#2600,#2602,#2604));
#2606=FACE_BOUND('',#2605,.F.);
#2607=ADVANCED_FACE('',(#2580,#2586,#2592,#2606),#2555,.F.);
#2608=CARTESIAN_POINT('',(-3.789654687464E0,3.037723494568E1,6.592626699461E1));
#2609=DIRECTION('',(-3.610348622615E-2,9.848077530122E-1,1.698535483567E-1));
#2610=DIRECTION('',(0.E0,1.699643554921E-1,-9.854502107474E-1));
#2611=AXIS2_PLACEMENT_3D('',#2608,#2609,#2610);
#2612=CYLINDRICAL_SURFACE('',#2611,1.65E0);
#2614=ORIENTED_EDGE('',*,*,#2613,.T.);
#2616=ORIENTED_EDGE('',*,*,#2615,.T.);
#2618=ORIENTED_EDGE('',*,*,#2617,.F.);
#2619=ORIENTED_EDGE('',*,*,#2587,.F.);
#2620=EDGE_LOOP('',(#2614,#2616,#2618,#2619));
#2621=FACE_OUTER_BOUND('',#2620,.F.);
#2622=ADVANCED_FACE('',(#2621),#2612,.F.);
#2623=CARTESIAN_POINT('',(-3.789654687464E0,3.037723494568E1,6.592626699461E1));
#2624=DIRECTION('',(-3.610348622615E-2,9.848077530122E-1,1.698535483567E-1));
#2625=DIRECTION('',(0.E0,1.699643554921E-1,-9.854502107474E-1));
#2626=AXIS2_PLACEMENT_3D('',#2623,#2624,#2625);
#2627=CYLINDRICAL_SURFACE('',#2626,1.65E0);
#2628=ORIENTED_EDGE('',*,*,#2613,.F.);
#2629=ORIENTED_EDGE('',*,*,#2589,.F.);
#2630=ORIENTED_EDGE('',*,*,#2617,.T.);
#2632=ORIENTED_EDGE('',*,*,#2631,.T.);
#2633=EDGE_LOOP('',(#2628,#2629,#2630,#2632));
#2634=FACE_OUTER_BOUND('',#2633,.F.);
#2635=ADVANCED_FACE('',(#2634),#2627,.F.);
#2636=CARTESIAN_POINT('',(-2.030385668588E1,2.9E0,3.540045619365E1));
#2637=DIRECTION('',(-3.610348622615E-2,9.848077530122E-1,1.698535483567E-1));
#2638=DIRECTION('',(-2.047530450592E-1,-1.736481776669E-1,9.632873407929E-1));
#2639=AXIS2_PLACEMENT_3D('',#2636,#2637,#2638);
#2640=PLANE('',#2639);
#2642=ORIENTED_EDGE('',*,*,#2641,.F.);
#2644=ORIENTED_EDGE('',*,*,#2643,.T.);
#2646=ORIENTED_EDGE('',*,*,#2645,.T.);
#2648=ORIENTED_EDGE('',*,*,#2647,.T.);
#2650=ORIENTED_EDGE('',*,*,#2649,.T.);
#2652=ORIENTED_EDGE('',*,*,#2651,.T.);
#2654=ORIENTED_EDGE('',*,*,#2653,.T.);
#2656=ORIENTED_EDGE('',*,*,#2655,.T.);
#2658=ORIENTED_EDGE('',*,*,#2657,.T.);
#2660=ORIENTED_EDGE('',*,*,#2659,.T.);
#2662=ORIENTED_EDGE('',*,*,#2661,.T.);
#2664=ORIENTED_EDGE('',*,*,#2663,.T.);
#2665=EDGE_LOOP('',(#2642,#2644,#2646,#2648,#2650,#2652,#2654,#2656,#2658,#2660,
#2662,#2664));
#2666=FACE_OUTER_BOUND('',#2665,.F.);
#2668=ORIENTED_EDGE('',*,*,#2667,.F.);
#2670=ORIENTED_EDGE('',*,*,#2669,.F.);
#2671=EDGE_LOOP('',(#2668,#2670));
#2672=FACE_BOUND('',#2671,.F.);
#2673=ORIENTED_EDGE('',*,*,#2615,.F.);
#2674=ORIENTED_EDGE('',*,*,#2631,.F.);
#2675=EDGE_LOOP('',(#2673,#2674));
#2676=FACE_BOUND('',#2675,.F.);
#2677=ADVANCED_FACE('',(#2666,#2672,#2676),#2640,.F.);
#2678=CARTESIAN_POINT('',(-2.335260670214E1,3.037723494568E1,6.176803317826E1));
#2679=DIRECTION('',(-3.610348622615E-2,9.848077530122E-1,1.698535483567E-1));
#2680=DIRECTION('',(0.E0,1.699643554921E-1,-9.854502107474E-1));
#2681=AXIS2_PLACEMENT_3D('',#2678,#2679,#2680);
#2682=CYLINDRICAL_SURFACE('',#2681,1.65E0);
#2684=ORIENTED_EDGE('',*,*,#2683,.T.);
#2685=ORIENTED_EDGE('',*,*,#2667,.T.);
#2687=ORIENTED_EDGE('',*,*,#2686,.F.);
#2688=ORIENTED_EDGE('',*,*,#2581,.F.);
#2689=EDGE_LOOP('',(#2684,#2685,#2687,#2688));
#2690=FACE_OUTER_BOUND('',#2689,.F.);
#2691=ADVANCED_FACE('',(#2690),#2682,.F.);
#2692=CARTESIAN_POINT('',(-2.335260670214E1,3.037723494568E1,6.176803317826E1));
#2693=DIRECTION('',(-3.610348622615E-2,9.848077530122E-1,1.698535483567E-1));
#2694=DIRECTION('',(0.E0,1.699643554921E-1,-9.854502107474E-1));
#2695=AXIS2_PLACEMENT_3D('',#2692,#2693,#2694);
#2696=CYLINDRICAL_SURFACE('',#2695,1.65E0);
#2697=ORIENTED_EDGE('',*,*,#2683,.F.);
#2698=ORIENTED_EDGE('',*,*,#2583,.F.);
#2699=ORIENTED_EDGE('',*,*,#2686,.T.);
#2700=ORIENTED_EDGE('',*,*,#2669,.T.);
#2701=EDGE_LOOP('',(#2697,#2698,#2699,#2700));
#2702=FACE_OUTER_BOUND('',#2701,.F.);
#2703=ADVANCED_FACE('',(#2702),#2696,.F.);
#2704=CARTESIAN_POINT('',(-1.314950094305E2,-2.71E1,9.082750708727E0));
#2705=DIRECTION('',(-9.781476007338E-1,0.E0,-2.079116908178E-1));
#2706=DIRECTION('',(-3.610348622615E-2,9.848077530122E-1,1.698535483567E-1));
#2707=AXIS2_PLACEMENT_3D('',#2704,#2705,#2706);
#2708=CYLINDRICAL_SURFACE('',#2707,3.E1);
#2709=ORIENTED_EDGE('',*,*,#2641,.T.);
#2711=ORIENTED_EDGE('',*,*,#2710,.T.);
#2713=ORIENTED_EDGE('',*,*,#2712,.T.);
#2715=ORIENTED_EDGE('',*,*,#2714,.F.);
#2717=ORIENTED_EDGE('',*,*,#2716,.T.);
#2719=ORIENTED_EDGE('',*,*,#2718,.T.);
#2720=EDGE_LOOP('',(#2709,#2711,#2713,#2715,#2717,#2719));
#2721=FACE_OUTER_BOUND('',#2720,.F.);
#2722=ADVANCED_FACE('',(#2721),#2708,.F.);
#2723=CARTESIAN_POINT('',(3.978375846412E0,2.327694159240E0,4.331968338024E1));
#2724=CARTESIAN_POINT('',(4.092996962206E0,2.511599347361E0,4.323988900731E1));
#2725=CARTESIAN_POINT('',(4.207618078E0,2.695504535481E0,4.316009463437E1));
#2726=CARTESIAN_POINT('',(4.322239193793E0,2.879409723602E0,4.308030026143E1));
#2727=CARTESIAN_POINT('',(3.956811740017E0,2.330925078641E0,4.329654418654E1));
#2728=CARTESIAN_POINT('',(4.073409596394E0,2.514555616477E0,4.321875950825E1));
#2729=CARTESIAN_POINT('',(4.190007452771E0,2.698186154313E0,4.314097482996E1));
#2730=CARTESIAN_POINT('',(4.306605309149E0,2.881816692149E0,4.306319015168E1));
#2731=CARTESIAN_POINT('',(3.828262460912E0,2.351405281148E0,4.315109192432E1));
#2732=CARTESIAN_POINT('',(3.956706841525E0,2.533263897690E0,4.308609304258E1));
#2733=CARTESIAN_POINT('',(4.085151222137E0,2.715122514232E0,4.302109416084E1));
#2734=CARTESIAN_POINT('',(4.213595602750E0,2.896981130773E0,4.295609527910E1));
#2735=CARTESIAN_POINT('',(3.638849215483E0,2.395630862363E0,4.284858807571E1));
#2736=CARTESIAN_POINT('',(3.785282910836E0,2.573379743425E0,4.281129623943E1));
#2737=CARTESIAN_POINT('',(3.931716606189E0,2.751128624486E0,4.277400440315E1));
#2738=CARTESIAN_POINT('',(4.078150301542E0,2.928877505548E0,4.273671256687E1));
#2739=CARTESIAN_POINT('',(3.499143308646E0,2.467290889788E0,4.236067795081E1));
#2740=CARTESIAN_POINT('',(3.658088865042E0,2.638463281589E0,4.236358579452E1));
#2741=CARTESIAN_POINT('',(3.817034421438E0,2.809635673391E0,4.236649363822E1));
#2742=CARTESIAN_POINT('',(3.975979977834E0,2.980808065192E0,4.236940148193E1));
#2743=CARTESIAN_POINT('',(3.492568688868E0,2.544342541829E0,4.181243211141E1));
#2744=CARTESIAN_POINT('',(3.650902281640E0,2.708747959646E0,4.185520536013E1));
#2745=CARTESIAN_POINT('',(3.809235874413E0,2.873153377464E0,4.189797860885E1));
#2746=CARTESIAN_POINT('',(3.967569467185E0,3.037558795282E0,4.194075185757E1));
#2747=CARTESIAN_POINT('',(3.575296392487E0,2.596878969571E0,4.139915036258E1));
#2748=CARTESIAN_POINT('',(3.732273379801E0,2.759723210601E0,4.144651328708E1));
#2749=CARTESIAN_POINT('',(3.889250367114E0,2.922567451632E0,4.149387621158E1));
#2750=CARTESIAN_POINT('',(4.046227354428E0,3.085411692662E0,4.154123913608E1));
#2751=CARTESIAN_POINT('',(3.621349996360E0,2.621372758608E0,4.118433708448E1));
#2752=CARTESIAN_POINT('',(3.777068022704E0,2.783594917239E0,4.123776082863E1));
#2753=CARTESIAN_POINT('',(3.932786049048E0,2.945817075870E0,4.129118457277E1));
#2754=CARTESIAN_POINT('',(4.088504075392E0,3.108039234501E0,4.134460831692E1));
#2755=CARTESIAN_POINT('',(3.627125234871E0,2.624395860090E0,4.115739471517E1));
#2756=CARTESIAN_POINT('',(3.782675589860E0,2.786541195548E0,4.121166424116E1));
#2757=CARTESIAN_POINT('',(3.938225944849E0,2.948686531007E0,4.126593376715E1));
#2758=CARTESIAN_POINT('',(4.093776299837E0,3.110831866465E0,4.132020329314E1));
#2759=B_SPLINE_SURFACE_WITH_KNOTS('',3,3,((#2723,#2724,#2725,#2726),(#2727,
#2728,#2729,#2730),(#2731,#2732,#2733,#2734),(#2735,#2736,#2737,#2738),(#2739,
#2740,#2741,#2742),(#2743,#2744,#2745,#2746),(#2747,#2748,#2749,#2750),(#2751,
#2752,#2753,#2754),(#2755,#2756,#2757,#2758)),.UNSPECIFIED.,.F.,.F.,.F.,(4,1,1,
1,1,1,4),(4,4),(-4.855273781007E-2,0.E0,2.5E-1,5.E-1,7.5E-1,1.E0,
1.036033113589E0),(-3.170951183785E-1,1.317095118379E0),.UNSPECIFIED.);
#2760=ORIENTED_EDGE('',*,*,#2710,.F.);
#2762=ORIENTED_EDGE('',*,*,#2761,.T.);
#2764=ORIENTED_EDGE('',*,*,#2763,.T.);
#2766=ORIENTED_EDGE('',*,*,#2765,.F.);
#2767=EDGE_LOOP('',(#2760,#2762,#2764,#2766));
#2768=FACE_OUTER_BOUND('',#2767,.F.);
#2769=ADVANCED_FACE('',(#2768),#2759,.T.);
#2770=CARTESIAN_POINT('',(5.549660052666E0,2.259756747694E0,4.404784733060E1));
#2771=CARTESIAN_POINT('',(5.574736954968E0,2.449073129545E0,4.391764190621E1));
#2772=CARTESIAN_POINT('',(5.599813857270E0,2.638389511397E0,4.378743648183E1));
#2773=CARTESIAN_POINT('',(5.624890759572E0,2.827705893248E0,4.365723105744E1));
#2774=CARTESIAN_POINT('',(5.521546637344E0,2.259755914823E0,4.404187646867E1));
#2775=CARTESIAN_POINT('',(5.547542159908E0,2.449070254571E0,4.391187814313E1));
#2776=CARTESIAN_POINT('',(5.573537682473E0,2.638384594318E0,4.378187981759E1));
#2777=CARTESIAN_POINT('',(5.599533205037E0,2.827698934065E0,4.365188149205E1));
#2778=CARTESIAN_POINT('',(5.337914048801E0,2.259718920628E0,4.400305864870E1));
#2779=CARTESIAN_POINT('',(5.369222274039E0,2.449029336955E0,4.387421232089E1));
#2780=CARTESIAN_POINT('',(5.400530499278E0,2.638339753283E0,4.374536599309E1));
#2781=CARTESIAN_POINT('',(5.431838724516E0,2.827650169610E0,4.361651966528E1));
#2782=CARTESIAN_POINT('',(4.995154538756E0,2.260095357339E0,4.392802029263E1));
#2783=CARTESIAN_POINT('',(5.031035969261E0,2.449445696666E0,4.379991455679E1));
#2784=CARTESIAN_POINT('',(5.066917399765E0,2.638796035993E0,4.367180882096E1));
#2785=CARTESIAN_POINT('',(5.102798830269E0,2.828146375319E0,4.354370308512E1));
#2786=CARTESIAN_POINT('',(4.558191138857E0,2.272223866307E0,4.376481998259E1));
#2787=CARTESIAN_POINT('',(4.624088658720E0,2.460898427519E0,4.364701251259E1));
#2788=CARTESIAN_POINT('',(4.689986178582E0,2.649572988732E0,4.352920504259E1));
#2789=CARTESIAN_POINT('',(4.755883698444E0,2.838247549944E0,4.341139757260E1));
#2790=CARTESIAN_POINT('',(4.188845287464E0,2.298435449104E0,4.353433882282E1));
#2791=CARTESIAN_POINT('',(4.284052884919E0,2.485058429925E0,4.343465642756E1));
#2792=CARTESIAN_POINT('',(4.379260482374E0,2.671681410745E0,4.333497403230E1));
#2793=CARTESIAN_POINT('',(4.474468079830E0,2.858304391566E0,4.323529163704E1));
#2794=CARTESIAN_POINT('',(3.977888614387E0,2.326061522541E0,4.332932313146E1));
#2795=CARTESIAN_POINT('',(4.092819102646E0,2.510132932234E0,4.324862692858E1));
#2796=CARTESIAN_POINT('',(4.207749590906E0,2.694204341927E0,4.316793072570E1));
#2797=CARTESIAN_POINT('',(4.322680079166E0,2.878275751620E0,4.308723452282E1));
#2798=CARTESIAN_POINT('',(3.875302163305E0,2.344843001181E0,4.319862304002E1));
#2799=CARTESIAN_POINT('',(3.999284009695E0,2.527247064962E0,4.312951800367E1));
#2800=CARTESIAN_POINT('',(4.123265856085E0,2.709651128744E0,4.306041296732E1));
#2801=CARTESIAN_POINT('',(4.247247702475E0,2.892055192525E0,4.299130793097E1));
#2802=CARTESIAN_POINT('',(3.855847658789E0,2.348627346393E0,4.317254629341E1));
#2803=CARTESIAN_POINT('',(3.981506151974E0,2.530698967249E0,4.310572513731E1));
#2804=CARTESIAN_POINT('',(4.107164645160E0,2.712770588105E0,4.303890398121E1));
#2805=CARTESIAN_POINT('',(4.232823138345E0,2.894842208961E0,4.297208282511E1));
#2806=B_SPLINE_SURFACE_WITH_KNOTS('',3,3,((#2770,#2771,#2772,#2773),(#2774,
#2775,#2776,#2777),(#2778,#2779,#2780,#2781),(#2782,#2783,#2784,#2785),(#2786,
#2787,#2788,#2789),(#2790,#2791,#2792,#2793),(#2794,#2795,#2796,#2797),(#2798,
#2799,#2800,#2801),(#2802,#2803,#2804,#2805)),.UNSPECIFIED.,.F.,.F.,.F.,(4,1,1,
1,1,1,4),(4,4),(-4.536392101743E-2,0.E0,2.5E-1,5.E-1,7.5E-1,1.E0,
1.060233204283E0),(-3.170951183786E-1,1.317095118379E0),.UNSPECIFIED.);
#2807=ORIENTED_EDGE('',*,*,#2663,.F.);
#2809=ORIENTED_EDGE('',*,*,#2808,.T.);
#2811=ORIENTED_EDGE('',*,*,#2810,.T.);
#2812=ORIENTED_EDGE('',*,*,#2761,.F.);
#2813=EDGE_LOOP('',(#2807,#2809,#2811,#2812));
#2814=FACE_OUTER_BOUND('',#2813,.F.);
#2815=ADVANCED_FACE('',(#2814),#2806,.T.);
#2816=CARTESIAN_POINT('',(5.995507029816E0,2.543720838757E0,4.393937227710E1));
#2817=DIRECTION('',(-1.703112865649E-1,5.735764363511E-1,8.012516067575E-1));
#2818=DIRECTION('',(1.192532466950E-1,8.191520442890E-1,-5.610424150542E-1));
#2819=AXIS2_PLACEMENT_3D('',#2816,#2817,#2818);
#2820=PLANE('',#2819);
#2821=ORIENTED_EDGE('',*,*,#2661,.F.);
#2823=ORIENTED_EDGE('',*,*,#2822,.T.);
#2825=ORIENTED_EDGE('',*,*,#2824,.T.);
#2826=ORIENTED_EDGE('',*,*,#2808,.F.);
#2827=EDGE_LOOP('',(#2821,#2823,#2825,#2826));
#2828=FACE_OUTER_BOUND('',#2827,.F.);
#2829=ADVANCED_FACE('',(#2828),#2820,.F.);
#2830=CARTESIAN_POINT('',(8.444718282285E0,1.796324721237E0,4.735018132946E1));
#2831=CARTESIAN_POINT('',(8.598385902825E0,1.957019091081E0,4.741325860581E1));
#2832=CARTESIAN_POINT('',(8.752053523364E0,2.117713460925E0,4.747633588217E1));
#2833=CARTESIAN_POINT('',(8.905721143903E0,2.278407830769E0,4.753941315852E1));
#2834=CARTESIAN_POINT('',(8.449070159087E0,1.799999961849E0,4.732979737187E1));
#2835=CARTESIAN_POINT('',(8.602834944011E0,1.960779806386E0,4.739239972046E1));
#2836=CARTESIAN_POINT('',(8.756599728936E0,2.121559650923E0,4.745500206904E1));
#2837=CARTESIAN_POINT('',(8.910364513860E0,2.282339495460E0,4.751760441762E1));
#2838=CARTESIAN_POINT('',(8.498661484604E0,1.841911432339E0,4.709733639757E1));
#2839=CARTESIAN_POINT('',(8.653482839184E0,2.003600418267E0,4.715489214188E1));
#2840=CARTESIAN_POINT('',(8.808304193765E0,2.165289404195E0,4.721244788619E1));
#2841=CARTESIAN_POINT('',(8.963125548345E0,2.326978390123E0,4.727000363050E1));
#2842=CARTESIAN_POINT('',(8.595266944387E0,1.926728325383E0,4.662610373423E1));
#2843=CARTESIAN_POINT('',(8.751272925689E0,2.089163743880E0,4.667958347640E1));
#2844=CARTESIAN_POINT('',(8.907278906991E0,2.251599162378E0,4.673306321857E1));
#2845=CARTESIAN_POINT('',(9.063284888293E0,2.414034580876E0,4.678654296074E1));
#2846=CARTESIAN_POINT('',(8.614317136261E0,2.023313984404E0,4.607015110087E1));
#2847=CARTESIAN_POINT('',(8.773041776349E0,2.191980119056E0,4.608808313401E1));
#2848=CARTESIAN_POINT('',(8.931766416436E0,2.360646253708E0,4.610601516714E1));
#2849=CARTESIAN_POINT('',(9.090491056524E0,2.529312388359E0,4.612394720028E1));
#2850=CARTESIAN_POINT('',(8.518788937336E0,2.102222310709E0,4.559233692907E1));
#2851=CARTESIAN_POINT('',(8.669848580417E0,2.277458216051E0,4.557054830702E1));
#2852=CARTESIAN_POINT('',(8.820908223498E0,2.452694121393E0,4.554875968498E1));
#2853=CARTESIAN_POINT('',(8.971967866579E0,2.627930026734E0,4.552697106294E1));
#2854=CARTESIAN_POINT('',(8.326453604890E0,2.162503858612E0,4.520194348480E1));
#2855=CARTESIAN_POINT('',(8.458806282445E0,2.343769479609E0,4.514121839389E1));
#2856=CARTESIAN_POINT('',(8.591158959999E0,2.525035100605E0,4.508049330298E1));
#2857=CARTESIAN_POINT('',(8.723511637554E0,2.706300721601E0,4.501976821208E1));
#2858=CARTESIAN_POINT('',(8.041014105612E0,2.209214923952E0,4.487044154755E1));
#2859=CARTESIAN_POINT('',(8.144719869222E0,2.395055721620E0,4.477710057682E1));
#2860=CARTESIAN_POINT('',(8.248425632831E0,2.580896519289E0,4.468375960608E1));
#2861=CARTESIAN_POINT('',(8.352131396441E0,2.766737316957E0,4.459041863535E1));
#2862=CARTESIAN_POINT('',(7.633857680100E0,2.242623493358E0,4.459019550601E1));
#2863=CARTESIAN_POINT('',(7.703659686126E0,2.431186097472E0,4.447386708537E1));
#2864=CARTESIAN_POINT('',(7.773461692153E0,2.619748701586E0,4.435753866473E1));
#2865=CARTESIAN_POINT('',(7.843263698179E0,2.808311305700E0,4.424121024408E1));
#2866=CARTESIAN_POINT('',(7.108696995920E0,2.259212237181E0,4.438238792472E1));
#2867=CARTESIAN_POINT('',(7.144581956143E0,2.448576911804E0,4.425419982336E1));
#2868=CARTESIAN_POINT('',(7.180466916367E0,2.637941586428E0,4.412601172200E1));
#2869=CARTESIAN_POINT('',(7.216351876590E0,2.827306261052E0,4.399782362064E1));
#2870=CARTESIAN_POINT('',(6.636118058036E0,2.259776359142E0,4.427866740180E1));
#2871=CARTESIAN_POINT('',(6.667857014942E0,2.449087622682E0,4.414990771671E1));
#2872=CARTESIAN_POINT('',(6.699595971848E0,2.638398886223E0,4.402114803162E1));
#2873=CARTESIAN_POINT('',(6.731334928754E0,2.827710149763E0,4.389238834653E1));
#2874=CARTESIAN_POINT('',(6.401622282608E0,2.259747695541E0,4.422898997708E1));
#2875=CARTESIAN_POINT('',(6.428311306161E0,2.449061672952E0,4.409914116055E1));
#2876=CARTESIAN_POINT('',(6.455000329714E0,2.638375650363E0,4.396929234402E1));
#2877=CARTESIAN_POINT('',(6.481689353266E0,2.827689627774E0,4.383944352749E1));
#2878=CARTESIAN_POINT('',(6.380995877703E0,2.259744783956E0,4.422462258069E1));
#2879=CARTESIAN_POINT('',(6.407208807734E0,2.449059399336E0,4.409466886842E1));
#2880=CARTESIAN_POINT('',(6.433421737764E0,2.638374014716E0,4.396471515615E1));
#2881=CARTESIAN_POINT('',(6.459634667795E0,2.827688630097E0,4.383476144389E1));
#2882=B_SPLINE_SURFACE_WITH_KNOTS('',3,3,((#2830,#2831,#2832,#2833),(#2834,
#2835,#2836,#2837),(#2838,#2839,#2840,#2841),(#2842,#2843,#2844,#2845),(#2846,
#2847,#2848,#2849),(#2850,#2851,#2852,#2853),(#2854,#2855,#2856,#2857),(#2858,
#2859,#2860,#2861),(#2862,#2863,#2864,#2865),(#2866,#2867,#2868,#2869),(#2870,
#2871,#2872,#2873),(#2874,#2875,#2876,#2877),(#2878,#2879,#2880,#2881)),
.UNSPECIFIED.,.F.,.F.,.F.,(4,1,1,1,1,1,1,1,1,1,4),(4,4),(-1.210361036621E-2,
0.E0,1.25E-1,2.5E-1,3.75E-1,5.E-1,6.25E-1,7.5E-1,8.75E-1,1.E0,1.012140488591E0),
(-3.170951183786E-1,1.317095118379E0),.UNSPECIFIED.);
#2883=ORIENTED_EDGE('',*,*,#2659,.F.);
#2885=ORIENTED_EDGE('',*,*,#2884,.T.);
#2887=ORIENTED_EDGE('',*,*,#2886,.T.);
#2888=ORIENTED_EDGE('',*,*,#2822,.F.);
#2889=EDGE_LOOP('',(#2883,#2885,#2887,#2888));
#2890=FACE_OUTER_BOUND('',#2889,.F.);
#2891=ADVANCED_FACE('',(#2890),#2882,.T.);
#2892=CARTESIAN_POINT('',(5.515083115438E0,-6.427232214308E-1,
6.231219914489E1));
#2893=DIRECTION('',(-7.171838214152E-1,6.963642403200E-1,-2.691117061358E-2));
#2894=DIRECTION('',(6.661257815452E-1,6.963642403200E-1,2.671203623168E-1));
#2895=AXIS2_PLACEMENT_3D('',#2892,#2893,#2894);
#2896=PLANE('',#2895);
#2897=ORIENTED_EDGE('',*,*,#2657,.F.);
#2899=ORIENTED_EDGE('',*,*,#2898,.T.);
#2901=ORIENTED_EDGE('',*,*,#2900,.T.);
#2902=ORIENTED_EDGE('',*,*,#2884,.F.);
#2903=EDGE_LOOP('',(#2897,#2899,#2901,#2902));
#2904=FACE_OUTER_BOUND('',#2903,.F.);
#2905=ADVANCED_FACE('',(#2904),#2896,.F.);
#2906=CARTESIAN_POINT('',(-1.033301647142E0,-4.027999688242E0,
7.910489192999E1));
#2907=CARTESIAN_POINT('',(-1.074026125485E0,-3.895441666931E0,
7.928978392209E1));
#2908=CARTESIAN_POINT('',(-1.114750603829E0,-3.762883645619E0,
7.947467591419E1));
#2909=CARTESIAN_POINT('',(-1.155475082172E0,-3.630325624308E0,
7.965956790630E1));
#2910=CARTESIAN_POINT('',(-1.012603115015E0,-4.028002938027E0,
7.910931038100E1));
#2911=CARTESIAN_POINT('',(-1.052845362628E0,-3.895444273883E0,
7.929430114728E1));
#2912=CARTESIAN_POINT('',(-1.093087610241E0,-3.762885609739E0,
7.947929191355E1));
#2913=CARTESIAN_POINT('',(-1.133329857855E0,-3.630326945595E0,
7.966428267983E1));
#2914=CARTESIAN_POINT('',(-7.765549332656E-1,-4.028033549050E0,
7.915966145305E1));
#2915=CARTESIAN_POINT('',(-8.116728249751E-1,-3.895472147003E0,
7.934572556049E1));
#2916=CARTESIAN_POINT('',(-8.467907166845E-1,-3.762910744956E0,
7.953178966793E1));
#2917=CARTESIAN_POINT('',(-8.819086083940E-1,-3.630349342910E0,
7.971785377537E1));
#2918=CARTESIAN_POINT('',(-2.980749026954E-1,-4.027429187214E0,
7.925786144436E1));
#2919=CARTESIAN_POINT('',(-3.290519316718E-1,-3.894921840333E0,
7.944511913019E1));
#2920=CARTESIAN_POINT('',(-3.600289606481E-1,-3.762414493451E0,
7.963237681603E1));
#2921=CARTESIAN_POINT('',(-3.910059896245E-1,-3.629907146569E0,
7.981963450187E1));
#2922=CARTESIAN_POINT('',(2.658369778484E-1,-4.010593101660E0,
7.928010930002E1));
#2923=CARTESIAN_POINT('',(2.709259175777E-1,-3.877264132397E0,
7.947026929268E1));
#2924=CARTESIAN_POINT('',(2.760148573070E-1,-3.743935163133E0,
7.966042928534E1));
#2925=CARTESIAN_POINT('',(2.811037970362E-1,-3.610606193869E0,
7.985058927801E1));
#2926=CARTESIAN_POINT('',(7.497949379621E-1,-3.977116540734E0,
7.918888125476E1));
#2927=CARTESIAN_POINT('',(7.951169857272E-1,-3.841051590404E0,
7.937172989057E1));
#2928=CARTESIAN_POINT('',(8.404390334923E-1,-3.704986640073E0,
7.955457852638E1));
#2929=CARTESIAN_POINT('',(8.857610812574E-1,-3.568921689743E0,
7.973742716219E1));
#2930=CARTESIAN_POINT('',(1.144496463415E0,-3.930353137706E0,7.900164430222E1));
#2931=CARTESIAN_POINT('',(1.229187616193E0,-3.789705000634E0,7.916628786710E1));
#2932=CARTESIAN_POINT('',(1.313878768972E0,-3.649056863563E0,7.933093143198E1));
#2933=CARTESIAN_POINT('',(1.398569921750E0,-3.508408726491E0,7.949557499686E1));
#2934=CARTESIAN_POINT('',(1.478896181548E0,-3.869901850287E0,7.872222770262E1));
#2935=CARTESIAN_POINT('',(1.596484815643E0,-3.723210386265E0,7.885882474438E1));
#2936=CARTESIAN_POINT('',(1.714073449738E0,-3.576518922242E0,7.899542178613E1));
#2937=CARTESIAN_POINT('',(1.831662083834E0,-3.429827458219E0,7.913201882788E1));
#2938=CARTESIAN_POINT('',(1.760559220067E0,-3.790627027577E0,7.832246306391E1));
#2939=CARTESIAN_POINT('',(1.901248381537E0,-3.637346962945E0,7.842576968905E1));
#2940=CARTESIAN_POINT('',(2.041937543007E0,-3.484066898313E0,7.852907631418E1));
#2941=CARTESIAN_POINT('',(2.182626704476E0,-3.330786833681E0,7.863238293931E1));
#2942=CARTESIAN_POINT('',(1.968027394255E0,-3.693924043763E0,7.780587966204E1));
#2943=CARTESIAN_POINT('',(2.120532295767E0,-3.534454872732E0,7.787581347505E1));
#2944=CARTESIAN_POINT('',(2.273037197279E0,-3.374985701701E0,7.794574728806E1));
#2945=CARTESIAN_POINT('',(2.425542098791E0,-3.215516530671E0,7.801568110106E1));
#2946=CARTESIAN_POINT('',(2.070267987493E0,-3.609910161814E0,7.734050062687E1));
#2947=CARTESIAN_POINT('',(2.223326717031E0,-3.449716141243E0,7.740634949534E1));
#2948=CARTESIAN_POINT('',(2.376385446568E0,-3.289522120672E0,7.747219836381E1));
#2949=CARTESIAN_POINT('',(2.529444176106E0,-3.129328100101E0,7.753804723228E1));
#2950=CARTESIAN_POINT('',(2.119185831893E0,-3.568286694064E0,7.710956633433E1));
#2951=CARTESIAN_POINT('',(2.273317607479E0,-3.407195602952E0,7.717044208726E1));
#2952=CARTESIAN_POINT('',(2.427449383065E0,-3.246104511840E0,7.723131784019E1));
#2953=CARTESIAN_POINT('',(2.581581158651E0,-3.085013420727E0,7.729219359312E1));
#2954=CARTESIAN_POINT('',(2.123486383174E0,-3.564625547765E0,7.708925318574E1));
#2955=CARTESIAN_POINT('',(2.277721569256E0,-3.403449803377E0,7.714966010111E1));
#2956=CARTESIAN_POINT('',(2.431956755339E0,-3.242274058989E0,7.721006701649E1));
#2957=CARTESIAN_POINT('',(2.586191941421E0,-3.081098314602E0,7.727047393186E1));
#2958=B_SPLINE_SURFACE_WITH_KNOTS('',3,3,((#2906,#2907,#2908,#2909),(#2910,
#2911,#2912,#2913),(#2914,#2915,#2916,#2917),(#2918,#2919,#2920,#2921),(#2922,
#2923,#2924,#2925),(#2926,#2927,#2928,#2929),(#2930,#2931,#2932,#2933),(#2934,
#2935,#2936,#2937),(#2938,#2939,#2940,#2941),(#2942,#2943,#2944,#2945),(#2946,
#2947,#2948,#2949),(#2950,#2951,#2952,#2953),(#2954,#2955,#2956,#2957)),
.UNSPECIFIED.,.F.,.F.,.F.,(4,1,1,1,1,1,1,1,1,1,4),(4,4),(-1.210361036621E-2,
0.E0,1.25E-1,2.5E-1,3.75E-1,5.E-1,6.25E-1,7.5E-1,8.75E-1,1.E0,1.012140488591E0),
(-3.170951183786E-1,1.317095118379E0),.UNSPECIFIED.);
#2959=ORIENTED_EDGE('',*,*,#2655,.F.);
#2961=ORIENTED_EDGE('',*,*,#2960,.T.);
#2963=ORIENTED_EDGE('',*,*,#2962,.T.);
#2964=ORIENTED_EDGE('',*,*,#2898,.F.);
#2965=EDGE_LOOP('',(#2959,#2961,#2963,#2964));
#2966=FACE_OUTER_BOUND('',#2965,.F.);
#2967=ADVANCED_FACE('',(#2966),#2958,.T.);
#2968=CARTESIAN_POINT('',(-1.619114373486E1,-3.829167281619E0,
7.617334232194E1));
#2969=DIRECTION('',(1.192532466950E-1,8.191520442890E-1,-5.610424150542E-1));
#2970=DIRECTION('',(-1.703112865649E-1,5.735764363511E-1,8.012516067575E-1));
#2971=AXIS2_PLACEMENT_3D('',#2968,#2969,#2970);
#2972=PLANE('',#2971);
#2973=ORIENTED_EDGE('',*,*,#2653,.F.);
#2975=ORIENTED_EDGE('',*,*,#2974,.T.);
#2977=ORIENTED_EDGE('',*,*,#2976,.T.);
#2978=ORIENTED_EDGE('',*,*,#2960,.F.);
#2979=EDGE_LOOP('',(#2973,#2975,#2977,#2978));
#2980=FACE_OUTER_BOUND('',#2979,.F.);
#2981=ADVANCED_FACE('',(#2980),#2972,.F.);
#2982=CARTESIAN_POINT('',(-3.329486900893E1,-3.564580128615E0,
6.956058600419E1));
#2983=CARTESIAN_POINT('',(-3.346033662241E1,-3.403401855448E0,
6.955302332992E1));
#2984=CARTESIAN_POINT('',(-3.362580423589E1,-3.242223582281E0,
6.954546065564E1));
#2985=CARTESIAN_POINT('',(-3.379127184937E1,-3.081045309114E0,
6.953789798137E1));
#2986=CARTESIAN_POINT('',(-3.329922088573E1,-3.568255369228E0,
6.958096996177E1));
#2987=CARTESIAN_POINT('',(-3.346478566360E1,-3.407162570754E0,
6.957388221527E1));
#2988=CARTESIAN_POINT('',(-3.363035044146E1,-3.246069772279E0,
6.956679446877E1));
#2989=CARTESIAN_POINT('',(-3.379591521933E1,-3.084976973805E0,
6.955970672227E1));
#2990=CARTESIAN_POINT('',(-3.334881221125E1,-3.610166839717E0,
6.981343093608E1));
#2991=CARTESIAN_POINT('',(-3.351543355877E1,-3.449983182634E0,
6.981138979385E1));
#2992=CARTESIAN_POINT('',(-3.368205490629E1,-3.289799525551E0,
6.980934865162E1));
#2993=CARTESIAN_POINT('',(-3.384867625381E1,-3.129615868468E0,
6.980730750939E1));
#2994=CARTESIAN_POINT('',(-3.344541767103E1,-3.694983732761E0,
7.028466359942E1));
#2995=CARTESIAN_POINT('',(-3.361322364527E1,-3.535546508248E0,
7.028669845933E1));
#2996=CARTESIAN_POINT('',(-3.378102961952E1,-3.376109283734E0,
7.028873331924E1));
#2997=CARTESIAN_POINT('',(-3.394883559376E1,-3.216672059221E0,
7.029076817915E1));
#2998=CARTESIAN_POINT('',(-3.346446786291E1,-3.791569391782E0,
7.084061623278E1));
#2999=CARTESIAN_POINT('',(-3.363499249593E1,-3.638362883423E0,
7.087819880172E1));
#3000=CARTESIAN_POINT('',(-3.380551712896E1,-3.485156375064E0,
7.091578137067E1));
#3001=CARTESIAN_POINT('',(-3.397604176199E1,-3.331949866704E0,
7.095336393961E1));
#3002=CARTESIAN_POINT('',(-3.336893966398E1,-3.870477718088E0,
7.131843040458E1));
#3003=CARTESIAN_POINT('',(-3.35317993E1,-3.723840980418E0,7.139573362871E1));
#3004=CARTESIAN_POINT('',(-3.369465893602E1,-3.577204242749E0,
7.147303685283E1));
#3005=CARTESIAN_POINT('',(-3.385751857205E1,-3.430567505079E0,
7.155034007695E1));
#3006=CARTESIAN_POINT('',(-3.317660433153E1,-3.930759265991E0,
7.170882384885E1));
#3007=CARTESIAN_POINT('',(-3.332075700203E1,-3.790152243976E0,
7.182506354184E1));
#3008=CARTESIAN_POINT('',(-3.346490967253E1,-3.649545221961E0,
7.194130323483E1));
#3009=CARTESIAN_POINT('',(-3.360906234302E1,-3.508938199946E0,
7.205754292782E1));
#3010=CARTESIAN_POINT('',(-3.289116483226E1,-3.977470331330E0,
7.204032578610E1));
#3011=CARTESIAN_POINT('',(-3.300667058881E1,-3.841438485987E0,
7.218918135891E1));
#3012=CARTESIAN_POINT('',(-3.312217634536E1,-3.705406640645E0,
7.233803693173E1));
#3013=CARTESIAN_POINT('',(-3.323768210191E1,-3.569374795302E0,
7.248689250454E1));
#3014=CARTESIAN_POINT('',(-3.248400840674E1,-4.010878900736E0,
7.232057182764E1));
#3015=CARTESIAN_POINT('',(-3.256561040571E1,-3.877568861839E0,
7.249241485036E1));
#3016=CARTESIAN_POINT('',(-3.264721240468E1,-3.744258822942E0,
7.266425787308E1));
#3017=CARTESIAN_POINT('',(-3.272881440365E1,-3.610948784045E0,
7.283610089581E1));
#3018=CARTESIAN_POINT('',(-3.195884772256E1,-4.027467644559E0,
7.252837940893E1));
#3019=CARTESIAN_POINT('',(-3.200653267573E1,-3.894959676172E0,
7.271208211237E1));
#3020=CARTESIAN_POINT('',(-3.205421762889E1,-3.762451707784E0,
7.289578481581E1));
#3021=CARTESIAN_POINT('',(-3.210190258206E1,-3.629943739397E0,
7.307948751925E1));
#3022=CARTESIAN_POINT('',(-3.148626878468E1,-4.028031766520E0,
7.263209993185E1));
#3023=CARTESIAN_POINT('',(-3.152980773453E1,-3.895470387049E0,
7.281637421902E1));
#3024=CARTESIAN_POINT('',(-3.157334668437E1,-3.762909007579E0,
7.300064850619E1));
#3025=CARTESIAN_POINT('',(-3.161688563422E1,-3.630347628108E0,
7.318492279336E1));
#3026=CARTESIAN_POINT('',(-3.125177300925E1,-4.028003102919E0,
7.268177735657E1));
#3027=CARTESIAN_POINT('',(-3.129026202575E1,-3.895444437319E0,
7.286714077518E1));
#3028=CARTESIAN_POINT('',(-3.132875104224E1,-3.762885771719E0,
7.305250419379E1));
#3029=CARTESIAN_POINT('',(-3.136724005873E1,-3.630327106119E0,
7.323786761241E1));
#3030=CARTESIAN_POINT('',(-3.123114660435E1,-4.028000191334E0,
7.268614475296E1));
#3031=CARTESIAN_POINT('',(-3.126915952732E1,-3.895442163703E0,
7.287161306731E1));
#3032=CARTESIAN_POINT('',(-3.130717245029E1,-3.762884136073E0,
7.305708138166E1));
#3033=CARTESIAN_POINT('',(-3.134518537326E1,-3.630326108442E0,
7.324254969601E1));
#3034=B_SPLINE_SURFACE_WITH_KNOTS('',3,3,((#2982,#2983,#2984,#2985),(#2986,
#2987,#2988,#2989),(#2990,#2991,#2992,#2993),(#2994,#2995,#2996,#2997),(#2998,
#2999,#3000,#3001),(#3002,#3003,#3004,#3005),(#3006,#3007,#3008,#3009),(#3010,
#3011,#3012,#3013),(#3014,#3015,#3016,#3017),(#3018,#3019,#3020,#3021),(#3022,
#3023,#3024,#3025),(#3026,#3027,#3028,#3029),(#3030,#3031,#3032,#3033)),
.UNSPECIFIED.,.F.,.F.,.F.,(4,1,1,1,1,1,1,1,1,1,4),(4,4),(-1.210361036621E-2,
0.E0,1.25E-1,2.5E-1,3.75E-1,5.E-1,6.25E-1,7.5E-1,8.75E-1,1.E0,1.012140488591E0),
(-3.170951183786E-1,1.317095118379E0),.UNSPECIFIED.);
#3035=ORIENTED_EDGE('',*,*,#2651,.F.);
#3037=ORIENTED_EDGE('',*,*,#3036,.T.);
#3039=ORIENTED_EDGE('',*,*,#3038,.T.);
#3040=ORIENTED_EDGE('',*,*,#2974,.F.);
#3041=EDGE_LOOP('',(#3035,#3037,#3039,#3040));
#3042=FACE_OUTER_BOUND('',#3041,.F.);
#3043=ADVANCED_FACE('',(#3042),#3034,.T.);
#3044=CARTESIAN_POINT('',(-3.038293383149E1,-6.427232214308E-1,
5.468184009188E1));
#3045=DIRECTION('',(6.661257815452E-1,6.963642403200E-1,2.671203623168E-1));
#3046=DIRECTION('',(-7.171838214152E-1,6.963642403200E-1,-2.691117061358E-2));
#3047=AXIS2_PLACEMENT_3D('',#3044,#3045,#3046);
#3048=PLANE('',#3047);
#3049=ORIENTED_EDGE('',*,*,#2649,.F.);
#3051=ORIENTED_EDGE('',*,*,#3050,.T.);
#3053=ORIENTED_EDGE('',*,*,#3052,.T.);
#3054=ORIENTED_EDGE('',*,*,#3036,.F.);
#3055=EDGE_LOOP('',(#3049,#3051,#3053,#3054));
#3056=FACE_OUTER_BOUND('',#3055,.F.);
#3057=ADVANCED_FACE('',(#3056),#3048,.F.);
#3058=CARTESIAN_POINT('',(-2.381684907950E1,2.259744280864E0,3.780587540366E1));
#3059=CARTESIAN_POINT('',(-2.378792459410E1,2.449058902564E0,3.767649801364E1));
#3060=CARTESIAN_POINT('',(-2.375900010870E1,2.638373524263E0,3.754712062362E1));
#3061=CARTESIAN_POINT('',(-2.373007562329E1,2.827688145963E0,3.741774323360E1));
#3062=CARTESIAN_POINT('',(-2.383754761163E1,2.259747530649E0,3.780145695265E1));
#3063=CARTESIAN_POINT('',(-2.380910535696E1,2.449061509516E0,3.767198078845E1));
#3064=CARTESIAN_POINT('',(-2.378066310228E1,2.638375488383E0,3.754250462426E1));
#3065=CARTESIAN_POINT('',(-2.375222084761E1,2.827689467250E0,3.741302846006E1));
#3066=CARTESIAN_POINT('',(-2.407359579338E1,2.259778141672E0,3.775110588060E1));
#3067=CARTESIAN_POINT('',(-2.405027789461E1,2.449089382636E0,3.762055637524E1));
#3068=CARTESIAN_POINT('',(-2.402695999584E1,2.638400623600E0,3.749000686988E1));
#3069=CARTESIAN_POINT('',(-2.400364209707E1,2.827711864565E0,3.735945736452E1));
#3070=CARTESIAN_POINT('',(-2.455207582395E1,2.259173779836E0,3.765290588929E1));
#3071=CARTESIAN_POINT('',(-2.453289878791E1,2.448539075965E0,3.752116280554E1));
#3072=CARTESIAN_POINT('',(-2.451372175188E1,2.637904372095E0,3.738941972178E1));
#3073=CARTESIAN_POINT('',(-2.449454471584E1,2.827269668224E0,3.725767663802E1));
#3074=CARTESIAN_POINT('',(-2.511598770449E1,2.242337694282E0,3.763065803363E1));
#3075=CARTESIAN_POINT('',(-2.513287663716E1,2.430881368029E0,3.749601264305E1));
#3076=CARTESIAN_POINT('',(-2.514976556983E1,2.619425041777E0,3.736136725247E1));
#3077=CARTESIAN_POINT('',(-2.516665450250E1,2.807968715524E0,3.722672186188E1));
#3078=CARTESIAN_POINT('',(-2.559994566461E1,2.208861133356E0,3.772188607889E1));
#3079=CARTESIAN_POINT('',(-2.565706770531E1,2.394668826037E0,3.759455204516E1));
#3080=CARTESIAN_POINT('',(-2.571418974602E1,2.580476518717E0,3.746721801143E1));
#3081=CARTESIAN_POINT('',(-2.577131178672E1,2.766284211398E0,3.733988397771E1));
#3082=CARTESIAN_POINT('',(-2.599464719006E1,2.162097730328E0,3.790912303143E1));
#3083=CARTESIAN_POINT('',(-2.609113833578E1,2.343322236267E0,3.779999406863E1));
#3084=CARTESIAN_POINT('',(-2.618762948150E1,2.524546742207E0,3.769086510583E1));
#3085=CARTESIAN_POINT('',(-2.628412062722E1,2.705771248146E0,3.758173614303E1));
#3086=CARTESIAN_POINT('',(-2.632904690819E1,2.101646442909E0,3.818853963103E1));
#3087=CARTESIAN_POINT('',(-2.645843553523E1,2.276827621897E0,3.810745719135E1));
#3088=CARTESIAN_POINT('',(-2.658782416226E1,2.452008800886E0,3.802637475168E1));
#3089=CARTESIAN_POINT('',(-2.671721278930E1,2.627189979874E0,3.794529231201E1));
#3090=CARTESIAN_POINT('',(-2.661070994671E1,2.022371620199E0,3.858830426973E1));
#3091=CARTESIAN_POINT('',(-2.676319910112E1,2.190964198578E0,3.854051224668E1));
#3092=CARTESIAN_POINT('',(-2.691568825553E1,2.359556776957E0,3.849272022363E1));
#3093=CARTESIAN_POINT('',(-2.706817740994E1,2.528149355336E0,3.844492820058E1));
#3094=CARTESIAN_POINT('',(-2.681817812090E1,1.925668636385E0,3.910488767161E1));
#3095=CARTESIAN_POINT('',(-2.698248301535E1,2.088072108365E0,3.909046846068E1));
#3096=CARTESIAN_POINT('',(-2.714678790981E1,2.250475580345E0,3.907604924976E1));
#3097=CARTESIAN_POINT('',(-2.731109280426E1,2.412879052325E0,3.906163003883E1));
#3098=CARTESIAN_POINT('',(-2.692041871414E1,1.841654754436E0,3.957026670678E1));
#3099=CARTESIAN_POINT('',(-2.708527743662E1,2.003333376876E0,3.955993244039E1));
#3100=CARTESIAN_POINT('',(-2.725013615909E1,2.165011999316E0,3.954959817400E1));
#3101=CARTESIAN_POINT('',(-2.741499488157E1,2.326690621756E0,3.953926390761E1));
#3102=CARTESIAN_POINT('',(-2.696933655854E1,1.800031286685E0,3.980120099932E1));
#3103=CARTESIAN_POINT('',(-2.713526832706E1,1.960812838584E0,3.979583984847E1));
#3104=CARTESIAN_POINT('',(-2.730120009559E1,2.121594390483E0,3.979047869762E1));
#3105=CARTESIAN_POINT('',(-2.746713186412E1,2.282375942382E0,3.978511754677E1));
#3106=CARTESIAN_POINT('',(-2.697363710982E1,1.796370140387E0,3.982151414791E1));
#3107=CARTESIAN_POINT('',(-2.713967228884E1,1.957067039010E0,3.981662183462E1));
#3108=CARTESIAN_POINT('',(-2.730570746786E1,2.117763937633E0,3.981172952133E1));
#3109=CARTESIAN_POINT('',(-2.747174264689E1,2.278460836256E0,3.980683720803E1));
#3110=B_SPLINE_SURFACE_WITH_KNOTS('',3,3,((#3058,#3059,#3060,#3061),(#3062,
#3063,#3064,#3065),(#3066,#3067,#3068,#3069),(#3070,#3071,#3072,#3073),(#3074,
#3075,#3076,#3077),(#3078,#3079,#3080,#3081),(#3082,#3083,#3084,#3085),(#3086,
#3087,#3088,#3089),(#3090,#3091,#3092,#3093),(#3094,#3095,#3096,#3097),(#3098,
#3099,#3100,#3101),(#3102,#3103,#3104,#3105),(#3106,#3107,#3108,#3109)),
.UNSPECIFIED.,.F.,.F.,.F.,(4,1,1,1,1,1,1,1,1,1,4),(4,4),(-1.210361036621E-2,
0.E0,1.25E-1,2.5E-1,3.75E-1,5.E-1,6.25E-1,7.5E-1,8.75E-1,1.E0,1.012140488591E0),
(-3.170951183786E-1,1.317095118379E0),.UNSPECIFIED.);
#3111=ORIENTED_EDGE('',*,*,#2647,.F.);
#3113=ORIENTED_EDGE('',*,*,#3112,.T.);
#3115=ORIENTED_EDGE('',*,*,#3114,.T.);
#3116=ORIENTED_EDGE('',*,*,#3050,.F.);
#3117=EDGE_LOOP('',(#3111,#3113,#3115,#3116));
#3118=FACE_OUTER_BOUND('',#3117,.F.);
#3119=ADVANCED_FACE('',(#3118),#3110,.T.);
#3120=CARTESIAN_POINT('',(-2.334892099220E1,2.543720838757E0,3.770202155257E1));
#3121=DIRECTION('',(-1.703112865649E-1,5.735764363511E-1,8.012516067575E-1));
#3122=DIRECTION('',(1.192532466950E-1,8.191520442890E-1,-5.610424150542E-1));
#3123=AXIS2_PLACEMENT_3D('',#3120,#3121,#3122);
#3124=PLANE('',#3123);
#3125=ORIENTED_EDGE('',*,*,#2645,.F.);
#3127=ORIENTED_EDGE('',*,*,#3126,.T.);
#3129=ORIENTED_EDGE('',*,*,#3128,.T.);
#3130=ORIENTED_EDGE('',*,*,#3112,.F.);
#3131=EDGE_LOOP('',(#3125,#3127,#3129,#3130));
#3132=FACE_OUTER_BOUND('',#3131,.F.);
#3133=ADVANCED_FACE('',(#3132),#3124,.F.);
#3134=CARTESIAN_POINT('',(-2.108241759415E1,2.348601036813E0,3.787190691969E1));
#3135=CARTESIAN_POINT('',(-2.117003048403E1,2.530674716568E0,3.775974159425E1));
#3136=CARTESIAN_POINT('',(-2.125764337391E1,2.712748396322E0,3.764757626881E1));
#3137=CARTESIAN_POINT('',(-2.134525626379E1,2.894822076076E0,3.753541094337E1));
#3138=CARTESIAN_POINT('',(-2.111087171766E1,2.344820359180E0,3.788777910850E1));
#3139=CARTESIAN_POINT('',(-2.119601639487E1,2.527226212304E0,3.777421248276E1));
#3140=CARTESIAN_POINT('',(-2.128116107208E1,2.709632065428E0,3.766064585702E1));
#3141=CARTESIAN_POINT('',(-2.136630574930E1,2.892037918553E0,3.754707923128E1));
#3142=CARTESIAN_POINT('',(-2.125683822122E1,2.326180035704E0,3.796482922346E1));
#3143=CARTESIAN_POINT('',(-2.132907507615E1,2.510241222513E0,3.784440864574E1));
#3144=CARTESIAN_POINT('',(-2.140131193109E1,2.694302409323E0,3.772398806803E1));
#3145=CARTESIAN_POINT('',(-2.147354878603E1,2.878363596133E0,3.760356749031E1));
#3146=CARTESIAN_POINT('',(-2.152789397296E1,2.298910273381E0,3.806532412583E1));
#3147=CARTESIAN_POINT('',(-2.157484356184E1,2.485492189948E0,3.793566337761E1));
#3148=CARTESIAN_POINT('',(-2.162179315072E1,2.672074106515E0,3.780600262939E1));
#3149=CARTESIAN_POINT('',(-2.166874273960E1,2.858656023083E0,3.767634188118E1));
#3150=CARTESIAN_POINT('',(-2.196427368237E1,2.272152341499E0,3.812771075270E1));
#3151=CARTESIAN_POINT('',(-2.197654111588E1,2.460834395790E0,3.799324536424E1));
#3152=CARTESIAN_POINT('',(-2.198880854939E1,2.649516450081E0,3.785877997577E1));
#3153=CARTESIAN_POINT('',(-2.200107598289E1,2.838198504373E0,3.772431458731E1));
#3154=CARTESIAN_POINT('',(-2.243539186268E1,2.260045469493E0,3.809776691362E1));
#3155=CARTESIAN_POINT('',(-2.241584619793E1,2.449396965253E0,3.796618219861E1));
#3156=CARTESIAN_POINT('',(-2.239630053317E1,2.638748461012E0,3.783459748360E1));
#3157=CARTESIAN_POINT('',(-2.237675486842E1,2.828099956772E0,3.770301276858E1));
#3158=CARTESIAN_POINT('',(-2.277473749159E1,2.259723433898E0,3.802750392999E1));
#3159=CARTESIAN_POINT('',(-2.275090109365E1,2.449033743649E0,3.789707003419E1));
#3160=CARTESIAN_POINT('',(-2.272706469572E1,2.638344053400E0,3.776663613839E1));
#3161=CARTESIAN_POINT('',(-2.270322829778E1,2.827654363151E0,3.763620224259E1));
#3162=CARTESIAN_POINT('',(-2.295732551625E1,2.259755098215E0,3.798851005814E1));
#3163=CARTESIAN_POINT('',(-2.292821344945E1,2.449069457602E0,3.785917406066E1));
#3164=CARTESIAN_POINT('',(-2.289910138264E1,2.638383816989E0,3.772983806318E1));
#3165=CARTESIAN_POINT('',(-2.286998931583E1,2.827698176376E0,3.760050206570E1));
#3166=CARTESIAN_POINT('',(-2.298535089524E1,2.259754080298E0,3.798255898180E1));
#3167=CARTESIAN_POINT('',(-2.295532004805E1,2.449070521153E0,3.785340620881E1));
#3168=CARTESIAN_POINT('',(-2.292528920085E1,2.638386962008E0,3.772425343582E1));
#3169=CARTESIAN_POINT('',(-2.289525835366E1,2.827703402862E0,3.759510066283E1));
#3170=B_SPLINE_SURFACE_WITH_KNOTS('',3,3,((#3134,#3135,#3136,#3137),(#3138,
#3139,#3140,#3141),(#3142,#3143,#3144,#3145),(#3146,#3147,#3148,#3149),(#3150,
#3151,#3152,#3153),(#3154,#3155,#3156,#3157),(#3158,#3159,#3160,#3161),(#3162,
#3163,#3164,#3165),(#3166,#3167,#3168,#3169)),.UNSPECIFIED.,.F.,.F.,.F.,(4,1,1,
1,1,1,4),(4,4),(-6.059804854514E-2,0.E0,2.5E-1,5.E-1,7.5E-1,1.E0,
1.045385846652E0),(-3.170951183786E-1,1.317095118379E0),.UNSPECIFIED.);
#3171=ORIENTED_EDGE('',*,*,#2643,.F.);
#3173=ORIENTED_EDGE('',*,*,#3172,.T.);
#3175=ORIENTED_EDGE('',*,*,#3174,.T.);
#3176=ORIENTED_EDGE('',*,*,#3126,.F.);
#3177=EDGE_LOOP('',(#3171,#3173,#3175,#3176));
#3178=FACE_OUTER_BOUND('',#3177,.F.);
#3179=ADVANCED_FACE('',(#3178),#3170,.T.);
#3180=CARTESIAN_POINT('',(-2.005250710757E1,2.625063444118E0,3.611793130820E1));
#3181=CARTESIAN_POINT('',(-2.021672895085E1,2.787189409260E0,3.610444448236E1));
#3182=CARTESIAN_POINT('',(-2.038095079413E1,2.949315374401E0,3.609095765651E1));
#3183=CARTESIAN_POINT('',(-2.054517263740E1,3.111441339542E0,3.607747083067E1));
#3184=CARTESIAN_POINT('',(-2.005861461500E1,2.621822442195E0,3.614688634961E1));
#3185=CARTESIAN_POINT('',(-2.022262604344E1,2.784031816193E0,3.613247725799E1));
#3186=CARTESIAN_POINT('',(-2.038663747187E1,2.946241190191E0,3.611806816636E1));
#3187=CARTESIAN_POINT('',(-2.055064890031E1,3.108450564189E0,3.610365907474E1));
#3188=CARTESIAN_POINT('',(-2.010464159047E1,2.596949635161E0,3.636538040125E1));
#3189=CARTESIAN_POINT('',(-2.026729770371E1,2.759795471340E0,3.634474622232E1));
#3190=CARTESIAN_POINT('',(-2.042995381695E1,2.922641307520E0,3.632411204339E1));
#3191=CARTESIAN_POINT('',(-2.059260993019E1,3.085487143699E0,3.630347786447E1));
#3192=CARTESIAN_POINT('',(-2.019766620404E1,2.544076752122E0,3.677924334662E1));
#3193=CARTESIAN_POINT('',(-2.035971329451E1,2.708487573340E0,3.675390410432E1));
#3194=CARTESIAN_POINT('',(-2.052176038497E1,2.872898394557E0,3.672856486203E1));
#3195=CARTESIAN_POINT('',(-2.068380747544E1,3.037309215774E0,3.670322561974E1));
#3196=CARTESIAN_POINT('',(-2.043274854271E1,2.464989525362E0,3.728996510685E1));
#3197=CARTESIAN_POINT('',(-2.057871712984E1,2.636361839109E0,3.722691408798E1));
#3198=CARTESIAN_POINT('',(-2.072468571698E1,2.807734152855E0,3.716386306910E1));
#3199=CARTESIAN_POINT('',(-2.087065430411E1,2.979106466602E0,3.710081205022E1));
#3200=CARTESIAN_POINT('',(-2.077907268642E1,2.390989624530E0,3.768661396424E1));
#3201=CARTESIAN_POINT('',(-2.089522117506E1,2.569175437678E0,3.759098341558E1));
#3202=CARTESIAN_POINT('',(-2.101136966370E1,2.747361250826E0,3.749535286692E1));
#3203=CARTESIAN_POINT('',(-2.112751815234E1,2.925547063974E0,3.739972231825E1));
#3204=CARTESIAN_POINT('',(-2.105685731602E1,2.350448150887E0,3.786706590412E1));
#3205=CARTESIAN_POINT('',(-2.114700021065E1,2.532388113762E0,3.775513174043E1));
#3206=CARTESIAN_POINT('',(-2.123714310528E1,2.714328076637E0,3.764319757675E1));
#3207=CARTESIAN_POINT('',(-2.132728599991E1,2.896268039512E0,3.753126341306E1));
#3208=CARTESIAN_POINT('',(-2.122884079291E1,2.330466144357E0,3.794583470837E1));
#3209=CARTESIAN_POINT('',(-2.130336778942E1,2.514137457622E0,3.782718920908E1));
#3210=CARTESIAN_POINT('',(-2.137789478592E1,2.697808770887E0,3.770854370979E1));
#3211=CARTESIAN_POINT('',(-2.145242178242E1,2.881480084152E0,3.758989821050E1));
#3212=CARTESIAN_POINT('',(-2.126028405329E1,2.326950642907E0,3.795938435068E1));
#3213=CARTESIAN_POINT('',(-2.133197737209E1,2.510921532350E0,3.783960845677E1));
#3214=CARTESIAN_POINT('',(-2.140367069089E1,2.694892421792E0,3.771983256286E1));
#3215=CARTESIAN_POINT('',(-2.147536400969E1,2.878863311234E0,3.760005666895E1));
#3216=B_SPLINE_SURFACE_WITH_KNOTS('',3,3,((#3180,#3181,#3182,#3183),(#3184,
#3185,#3186,#3187),(#3188,#3189,#3190,#3191),(#3192,#3193,#3194,#3195),(#3196,
#3197,#3198,#3199),(#3200,#3201,#3202,#3203),(#3204,#3205,#3206,#3207),(#3208,
#3209,#3210,#3211),(#3212,#3213,#3214,#3215)),.UNSPECIFIED.,.F.,.F.,.F.,(4,1,1,
1,1,1,4),(4,4),(-3.835032917175E-2,0.E0,2.5E-1,5.E-1,7.5E-1,1.E0,
1.054403047416E0),(-3.170951183785E-1,1.317095118378E0),.UNSPECIFIED.);
#3217=ORIENTED_EDGE('',*,*,#2718,.F.);
#3219=ORIENTED_EDGE('',*,*,#3218,.T.);
#3221=ORIENTED_EDGE('',*,*,#3220,.T.);
#3222=ORIENTED_EDGE('',*,*,#3172,.F.);
#3223=EDGE_LOOP('',(#3217,#3219,#3221,#3222));
#3224=FACE_OUTER_BOUND('',#3223,.F.);
#3225=ADVANCED_FACE('',(#3224),#3216,.T.);
#3226=CARTESIAN_POINT('',(-1.961143963844E1,-2.709989029394E1,
3.286435034739E1));
#3227=DIRECTION('',(-9.781476007338E-1,0.E0,-2.079116908178E-1));
#3228=DIRECTION('',(0.E0,1.E0,0.E0));
#3229=AXIS2_PLACEMENT_3D('',#3226,#3227,#3228);
#3230=CONICAL_SURFACE('',#3229,3.014988970669E1,4.500000366450E1);
#3231=ORIENTED_EDGE('',*,*,#2716,.F.);
#3233=ORIENTED_EDGE('',*,*,#3232,.T.);
#3235=ORIENTED_EDGE('',*,*,#3234,.T.);
#3236=ORIENTED_EDGE('',*,*,#3218,.F.);
#3237=EDGE_LOOP('',(#3231,#3233,#3235,#3236));
#3238=FACE_OUTER_BOUND('',#3237,.F.);
#3239=ADVANCED_FACE('',(#3238),#3230,.F.);
#3240=CARTESIAN_POINT('',(-1.923373372146E1,1.691471577045E0,3.184884122665E1));
#3241=CARTESIAN_POINT('',(-1.933808627467E1,1.817251554826E0,3.171349402233E1));
#3242=CARTESIAN_POINT('',(-1.944243882787E1,1.943031532607E0,3.157814681800E1));
#3243=CARTESIAN_POINT('',(-1.954679138108E1,2.068811510388E0,3.144279961368E1));
#3244=CARTESIAN_POINT('',(-1.925573832039E1,1.800897818496E0,3.197297339292E1));
#3245=CARTESIAN_POINT('',(-1.936287410439E1,1.931580591978E0,3.184201650811E1));
#3246=CARTESIAN_POINT('',(-1.947000988840E1,2.062263365461E0,3.171105962331E1));
#3247=CARTESIAN_POINT('',(-1.957714567240E1,2.192946138943E0,3.158010273850E1));
#3248=CARTESIAN_POINT('',(-1.932206488832E1,2.091871691240E0,3.234680081568E1));
#3249=CARTESIAN_POINT('',(-1.943756328140E1,2.235606103696E0,3.222909278273E1));
#3250=CARTESIAN_POINT('',(-1.955306167449E1,2.379340516151E0,3.211138474978E1));
#3251=CARTESIAN_POINT('',(-1.966856006757E1,2.523074928607E0,3.199367671683E1));
#3252=CARTESIAN_POINT('',(-1.944834429467E1,2.468589301133E0,3.305599230416E1));
#3253=CARTESIAN_POINT('',(-1.957955784808E1,2.629296977623E0,3.296361029021E1));
#3254=CARTESIAN_POINT('',(-1.971077140148E1,2.790004654113E0,3.287122827626E1));
#3255=CARTESIAN_POINT('',(-1.984198495489E1,2.950712330603E0,3.277884626231E1));
#3256=CARTESIAN_POINT('',(-1.961503231052E1,2.717309880515E0,3.398646906002E1));
#3257=CARTESIAN_POINT('',(-1.976651616433E1,2.889380100979E0,3.392767589232E1));
#3258=CARTESIAN_POINT('',(-1.991800001814E1,3.061450321444E0,3.386888272461E1));
#3259=CARTESIAN_POINT('',(-2.006948387194E1,3.233520541908E0,3.381008955691E1));
#3260=CARTESIAN_POINT('',(-1.973216196605E1,2.742604729334E0,3.463635453025E1));
#3261=CARTESIAN_POINT('',(-1.989757798320E1,2.916009966084E0,3.460136612578E1));
#3262=CARTESIAN_POINT('',(-2.006299400034E1,3.089415202834E0,3.456637772131E1));
#3263=CARTESIAN_POINT('',(-2.022841001749E1,3.262820439585E0,3.453138931683E1));
#3264=CARTESIAN_POINT('',(-1.979242288050E1,2.716821804606E0,3.496975419159E1));
#3265=CARTESIAN_POINT('',(-1.996491085060E1,2.889194903099E0,3.494696460366E1));
#3266=CARTESIAN_POINT('',(-2.013739882069E1,3.061568001592E0,3.492417501574E1));
#3267=CARTESIAN_POINT('',(-2.030988679078E1,3.233941100085E0,3.490138542781E1));
#3268=CARTESIAN_POINT('',(-1.979621282798E1,2.715046467606E0,3.499071870224E1));
#3269=CARTESIAN_POINT('',(-1.996914518527E1,2.887347840422E0,3.496869610674E1));
#3270=CARTESIAN_POINT('',(-2.014207754255E1,3.059649213238E0,3.494667351124E1));
#3271=CARTESIAN_POINT('',(-2.031500989984E1,3.231950586055E0,3.492465091575E1));
#3272=B_SPLINE_SURFACE_WITH_KNOTS('',3,3,((#3240,#3241,#3242,#3243),(#3244,
#3245,#3246,#3247),(#3248,#3249,#3250,#3251),(#3252,#3253,#3254,#3255),(#3256,
#3257,#3258,#3259),(#3260,#3261,#3262,#3263),(#3264,#3265,#3266,#3267),(#3268,
#3269,#3270,#3271)),.UNSPECIFIED.,.F.,.F.,.F.,(4,1,1,1,1,4),(4,4),(
6.454759835573E-1,7.E-1,8.E-1,9.E-1,1.E0,1.006713277910E0),(-3.646776510020E-1,
1.364373821531E0),.UNSPECIFIED.);
#3273=ORIENTED_EDGE('',*,*,#3232,.F.);
#3275=ORIENTED_EDGE('',*,*,#3274,.F.);
#3277=ORIENTED_EDGE('',*,*,#3276,.F.);
#3279=ORIENTED_EDGE('',*,*,#3278,.T.);
#3280=EDGE_LOOP('',(#3273,#3275,#3277,#3279));
#3281=FACE_OUTER_BOUND('',#3280,.F.);
#3282=ADVANCED_FACE('',(#3281),#3272,.T.);
#3283=CARTESIAN_POINT('',(-1.938494644306E1,1.588984559330E0,3.149158165433E1));
#3284=CARTESIAN_POINT('',(-1.916494549099E1,1.588621956158E0,3.163543296445E1));
#3285=CARTESIAN_POINT('',(-1.851834755014E1,1.586010871068E0,3.204765196491E1));
#3286=CARTESIAN_POINT('',(-1.742256493438E1,1.575620481238E0,3.269608667493E1));
#3287=CARTESIAN_POINT('',(-1.608651453233E1,1.557507604282E0,3.341042802033E1));
#3288=CARTESIAN_POINT('',(-1.471859532584E1,1.536756172811E0,3.406610416073E1));
#3289=CARTESIAN_POINT('',(-1.331411283768E1,1.515910810423E0,3.466420244351E1));
#3290=CARTESIAN_POINT('',(-1.187043381482E1,1.497239589224E0,3.520463520597E1));
#3291=CARTESIAN_POINT('',(-1.039103393810E1,1.482883319697E0,3.568323988383E1));
#3292=CARTESIAN_POINT('',(-8.886366504375E0,1.474420528621E0,3.609490951619E1));
#3293=CARTESIAN_POINT('',(-7.372375994811E0,1.472654851157E0,3.643539655859E1));
#3294=CARTESIAN_POINT('',(-5.861515587176E0,1.477559904931E0,3.670394667095E1));
#3295=CARTESIAN_POINT('',(-4.361302094567E0,1.488428798789E0,3.690258274891E1));
#3296=CARTESIAN_POINT('',(-2.870893113701E0,1.504181435078E0,3.703352934239E1));
#3297=CARTESIAN_POINT('',(-1.381724834323E0,1.523333599336E0,3.709907327520E1));
#3298=CARTESIAN_POINT('',(1.201671172650E-1,1.544128383126E0,3.710018309263E1));
#3299=CARTESIAN_POINT('',(1.673669454599E0,1.564806331996E0,3.703283584942E1));
#3300=CARTESIAN_POINT('',(3.280237437061E0,1.582204085078E0,3.688927288392E1));
#3301=CARTESIAN_POINT('',(4.373986138714E0,1.588305221317E0,3.673890516056E1));
#3302=CARTESIAN_POINT('',(4.920419011682E0,1.589010323991E0,3.665030455099E1));
#3303=CARTESIAN_POINT('',(-1.985358185199E1,2.561551379805E0,3.226552202051E1));
#3304=CARTESIAN_POINT('',(-1.962795594879E1,2.559711698225E0,3.241463567354E1));
#3305=CARTESIAN_POINT('',(-1.896503398756E1,2.552887408297E0,3.284168322262E1));
#3306=CARTESIAN_POINT('',(-1.784243762121E1,2.535974509111E0,3.351246650977E1));
#3307=CARTESIAN_POINT('',(-1.647453553935E1,2.510874090131E0,3.425039573869E1));
#3308=CARTESIAN_POINT('',(-1.507405075170E1,2.484021590922E0,3.492710050596E1));
#3309=CARTESIAN_POINT('',(-1.363724818690E1,2.458105188203E0,3.554328691792E1));
#3310=CARTESIAN_POINT('',(-1.216076098208E1,2.435439044190E0,3.609929785935E1));
#3311=CARTESIAN_POINT('',(-1.064771214902E1,2.418237633881E0,3.659106558277E1));
#3312=CARTESIAN_POINT('',(-9.109027265750E0,2.408167747128E0,3.701330251836E1));
#3313=CARTESIAN_POINT('',(-7.560662544232E0,2.406076071786E0,3.736177015538E1));
#3314=CARTESIAN_POINT('',(-6.015602813731E0,2.411906832879E0,3.763568383490E1));
#3315=CARTESIAN_POINT('',(-4.481021821569E0,2.424865231025E0,3.783727362767E1));
#3316=CARTESIAN_POINT('',(-2.955386928713E0,2.443820646246E0,3.796886124183E1));
#3317=CARTESIAN_POINT('',(-1.430745938901E0,2.467251833916E0,3.803263667077E1));
#3318=CARTESIAN_POINT('',(1.079600199631E-1,2.493412003340E0,3.802953372486E1));
#3319=CARTESIAN_POINT('',(1.700863076642E0,2.520679657764E0,3.795513969165E1));
#3320=CARTESIAN_POINT('',(3.349133980495E0,2.545852969617E0,3.780131705597E1));
#3321=CARTESIAN_POINT('',(4.472570219115E0,2.557872320562E0,3.764166615864E1));
#3322=CARTESIAN_POINT('',(5.034260862846E0,2.561690146334E0,3.754775675763E1));
#3323=CARTESIAN_POINT('',(-2.051530432969E1,3.007973115067E0,3.332727517533E1));
#3324=CARTESIAN_POINT('',(-2.028191028720E1,3.004105928342E0,3.348208279655E1));
#3325=CARTESIAN_POINT('',(-1.959635022031E1,2.991508686006E0,3.392526579383E1));
#3326=CARTESIAN_POINT('',(-1.843608538248E1,2.965686540721E0,3.462079213106E1));
#3327=CARTESIAN_POINT('',(-1.702266182123E1,2.931059011510E0,3.538549787770E1));
#3328=CARTESIAN_POINT('',(-1.557489390315E1,2.895887455431E0,3.608682370080E1));
#3329=CARTESIAN_POINT('',(-1.409055205167E1,2.863051675962E0,3.672478499769E1));
#3330=CARTESIAN_POINT('',(-1.256530645928E1,2.834926937781E0,3.730020643612E1));
#3331=CARTESIAN_POINT('',(-1.100188588226E1,2.813832076597E0,3.780905673701E1));
#3332=CARTESIAN_POINT('',(-9.412110474719E0,2.801560861688E0,3.824570289826E1));
#3333=CARTESIAN_POINT('',(-7.812179409834E0,2.799022402283E0,3.860585069773E1));
#3334=CARTESIAN_POINT('',(-6.216098287088E0,2.806121338482E0,3.888858448394E1));
#3335=CARTESIAN_POINT('',(-4.630727958903E0,2.821940401384E0,3.909635598316E1));
#3336=CARTESIAN_POINT('',(-3.053703330281E0,2.845276740157E0,3.923161012102E1));
#3337=CARTESIAN_POINT('',(-1.478171242089E0,2.874551551670E0,3.929644997049E1));
#3338=CARTESIAN_POINT('',(1.123613566122E-1,2.908030299985E0,3.929187346617E1));
#3339=CARTESIAN_POINT('',(1.759561604293E0,2.944281750821E0,3.921318016620E1));
#3340=CARTESIAN_POINT('',(3.463873327857E0,2.980060998354E0,3.905190400206E1));
#3341=CARTESIAN_POINT('',(4.626170949479E0,3.000176775293E0,3.888492195527E1));
#3342=CARTESIAN_POINT('',(5.207575741269E0,3.008267373139E0,3.878671488563E1));
#3343=CARTESIAN_POINT('',(-2.122124965572E1,2.827820618686E0,3.443798410391E1));
#3344=CARTESIAN_POINT('',(-2.097969184316E1,2.821831617232E0,3.459763637659E1));
#3345=CARTESIAN_POINT('',(-2.027027236073E1,2.803200385616E0,3.505463181486E1));
#3346=CARTESIAN_POINT('',(-1.906995840816E1,2.768086523655E0,3.577172936143E1));
#3347=CARTESIAN_POINT('',(-1.760758429538E1,2.723535579815E0,3.656037648783E1));
#3348=CARTESIAN_POINT('',(-1.610845273439E1,2.679698472143E0,3.728437692651E1));
#3349=CARTESIAN_POINT('',(-1.457204704913E1,2.639651595245E0,3.794290128288E1));
#3350=CARTESIAN_POINT('',(-1.299306178120E1,2.605832582720E0,3.853719885908E1));
#3351=CARTESIAN_POINT('',(-1.137387853852E1,2.580671849706E0,3.906320829186E1));
#3352=CARTESIAN_POINT('',(-9.727433098133E0,2.566100295360E0,3.951486403362E1));
#3353=CARTESIAN_POINT('',(-8.070344167130E0,2.563094776367E0,3.988776393873E1));
#3354=CARTESIAN_POINT('',(-6.417897596636E0,2.571519060787E0,4.018079015821E1));
#3355=CARTESIAN_POINT('',(-4.776741905372E0,2.590326400227E0,4.039658068958E1));
#3356=CARTESIAN_POINT('',(-3.143724595385E0,2.618236253877E0,4.053770201563E1));
#3357=CARTESIAN_POINT('',(-1.513331723222E0,2.653604680385E0,4.060619975298E1));
#3358=CARTESIAN_POINT('',(1.323809816886E-1,2.694708778703E0,4.060322039385E1));
#3359=CARTESIAN_POINT('',(1.836559938958E0,2.740317079451E0,4.052394253375E1));
#3360=CARTESIAN_POINT('',(3.598643172517E0,2.787146678084E0,4.035969576390E1));
#3361=CARTESIAN_POINT('',(4.800233582530E0,2.815715681996E0,4.018898384224E1));
#3362=CARTESIAN_POINT('',(5.401373911621E0,2.828277877863E0,4.008845705065E1));
#3363=(BOUNDED_SURFACE()B_SPLINE_SURFACE(3,3,((#3283,#3284,#3285,#3286,#3287,
#3288,#3289,#3290,#3291,#3292,#3293,#3294,#3295,#3296,#3297,#3298,#3299,#3300,
#3301,#3302),(#3303,#3304,#3305,#3306,#3307,#3308,#3309,#3310,#3311,#3312,#3313,
#3314,#3315,#3316,#3317,#3318,#3319,#3320,#3321,#3322),(#3323,#3324,#3325,#3326,
#3327,#3328,#3329,#3330,#3331,#3332,#3333,#3334,#3335,#3336,#3337,#3338,#3339,
#3340,#3341,#3342),(#3343,#3344,#3345,#3346,#3347,#3348,#3349,#3350,#3351,#3352,
#3353,#3354,#3355,#3356,#3357,#3358,#3359,#3360,#3361,#3362)),.UNSPECIFIED.,.F.,
.F.,.F.)B_SPLINE_SURFACE_WITH_KNOTS((4,4),(4,1,1,1,1,1,1,1,1,1,1,1,1,1,1,1,1,4),
(0.E0,1.E0),(2.906265852953E-1,2.981000228427E-1,3.124255324709E-1,
3.268216499065E-1,3.412065618120E-1,3.556749072894E-1,3.703361230670E-1,
3.851777570844E-1,4.000739431060E-1,4.148882832248E-1,4.295096871475E-1,
4.438853112036E-1,4.580846933635E-1,4.722372606996E-1,4.863976018435E-1,
5.008985126069E-1,5.165391834836E-1,5.322719781012E-1),.UNSPECIFIED.)GEOMETRIC_REPRESENTATION_ITEM()RATIONAL_B_SPLINE_SURFACE(((1.059592749994E0,
1.059592749994E0,1.059592749994E0,1.059592749994E0,1.059592749994E0,
1.059592749994E0,1.059592749994E0,1.059592749994E0,1.059592749994E0,
1.059592749994E0,1.059592749994E0,1.059592749994E0,1.059592749994E0,
1.059592749994E0,1.059592749994E0,1.059592749994E0,1.059592749994E0,
1.059592749994E0,1.059592749994E0,1.059592749994E0),(9.801357500020E-1,
9.801357500020E-1,9.801357500020E-1,9.801357500020E-1,9.801357500020E-1,
9.801357500020E-1,9.801357500020E-1,9.801357500020E-1,9.801357500020E-1,
9.801357500020E-1,9.801357500020E-1,9.801357500020E-1,9.801357500020E-1,
9.801357500020E-1,9.801357500020E-1,9.801357500020E-1,9.801357500020E-1,
9.801357500020E-1,9.801357500020E-1,9.801357500020E-1),(9.801357500020E-1,
9.801357500020E-1,9.801357500020E-1,9.801357500020E-1,9.801357500020E-1,
9.801357500020E-1,9.801357500020E-1,9.801357500020E-1,9.801357500020E-1,
9.801357500020E-1,9.801357500020E-1,9.801357500020E-1,9.801357500020E-1,
9.801357500020E-1,9.801357500020E-1,9.801357500020E-1,9.801357500020E-1,
9.801357500020E-1,9.801357500020E-1,9.801357500020E-1),(1.059592749994E0,
1.059592749994E0,1.059592749994E0,1.059592749994E0,1.059592749994E0,
1.059592749994E0,1.059592749994E0,1.059592749994E0,1.059592749994E0,
1.059592749994E0,1.059592749994E0,1.059592749994E0,1.059592749994E0,
1.059592749994E0,1.059592749994E0,1.059592749994E0,1.059592749994E0,
1.059592749994E0,1.059592749994E0,1.059592749994E0)))REPRESENTATION_ITEM('')SURFACE());
#3365=ORIENTED_EDGE('',*,*,#3364,.T.);
#3366=ORIENTED_EDGE('',*,*,#2491,.F.);
#3368=ORIENTED_EDGE('',*,*,#3367,.F.);
#3370=ORIENTED_EDGE('',*,*,#3369,.T.);
#3372=ORIENTED_EDGE('',*,*,#3371,.F.);
#3373=ORIENTED_EDGE('',*,*,#3274,.T.);
#3374=ORIENTED_EDGE('',*,*,#2714,.T.);
#3375=EDGE_LOOP('',(#3365,#3366,#3368,#3370,#3372,#3373,#3374));
#3376=FACE_OUTER_BOUND('',#3375,.F.);
#3377=ADVANCED_FACE('',(#3376),#3363,.F.);
#3378=CARTESIAN_POINT('',(3.852772019409E0,2.715084774054E0,4.001751120707E1));
#3379=CARTESIAN_POINT('',(4.019695477735E0,2.887370203960E0,4.006772661780E1));
#3380=CARTESIAN_POINT('',(4.186618936062E0,3.059655633865E0,4.011794202853E1));
#3381=CARTESIAN_POINT('',(4.353542394388E0,3.231941063771E0,4.016815743926E1));
#3382=CARTESIAN_POINT('',(3.857835922643E0,2.716864876890E0,3.999682100741E1));
#3383=CARTESIAN_POINT('',(4.024665370304E0,2.889222234088E0,4.004615524180E1));
#3384=CARTESIAN_POINT('',(4.191494817964E0,3.061579591286E0,4.009548947618E1));
#3385=CARTESIAN_POINT('',(4.358324265625E0,3.233936948483E0,4.014482371057E1));
#3386=CARTESIAN_POINT('',(3.939292481796E0,2.742973250925E0,3.966405019217E1));
#3387=CARTESIAN_POINT('',(4.104605852821E0,2.916375763728E0,3.969920870833E1));
#3388=CARTESIAN_POINT('',(4.269919223845E0,3.089778276531E0,3.973436722450E1));
#3389=CARTESIAN_POINT('',(4.435232594869E0,3.263180789335E0,3.976952574066E1));
#3390=CARTESIAN_POINT('',(4.099261333702E0,2.715740383849E0,3.901197489080E1));
#3391=CARTESIAN_POINT('',(4.261474302377E0,2.887718249913E0,3.901926581064E1));
#3392=CARTESIAN_POINT('',(4.423687271053E0,3.059696115977E0,3.902655673048E1));
#3393=CARTESIAN_POINT('',(4.585900239729E0,3.231673982041E0,3.903384765032E1));
#3394=CARTESIAN_POINT('',(4.324804380997E0,2.463404999204E0,3.809679002710E1));
#3395=CARTESIAN_POINT('',(4.482167546263E0,2.623861774760E0,3.806527215505E1));
#3396=CARTESIAN_POINT('',(4.639530711528E0,2.784318550316E0,3.803375428299E1));
#3397=CARTESIAN_POINT('',(4.796893876793E0,2.944775325871E0,3.800223641094E1));
#3398=CARTESIAN_POINT('',(4.496139914691E0,2.088674145550E0,3.740464468274E1));
#3399=CARTESIAN_POINT('',(4.649487629445E0,2.232250191709E0,3.734390220372E1));
#3400=CARTESIAN_POINT('',(4.802835344199E0,2.375826237867E0,3.728315972470E1));
#3401=CARTESIAN_POINT('',(4.956183058953E0,2.519402284025E0,3.722241724568E1));
#3402=CARTESIAN_POINT('',(4.586957302089E0,1.799010263073E0,3.703871497665E1));
#3403=CARTESIAN_POINT('',(4.738071520970E0,1.929595141762E0,3.696257669600E1));
#3404=CARTESIAN_POINT('',(4.889185739850E0,2.060180020451E0,3.688643841535E1));
#3405=CARTESIAN_POINT('',(5.040299958731E0,2.190764899140E0,3.681030013469E1));
#3406=CARTESIAN_POINT('',(4.616873237872E0,1.691261731473E0,3.691825111762E1));
#3407=CARTESIAN_POINT('',(4.767243117003E0,1.817019507565E0,3.683704968086E1));
#3408=CARTESIAN_POINT('',(4.917612996133E0,1.942777283657E0,3.675584824410E1));
#3409=CARTESIAN_POINT('',(5.067982875263E0,2.068535059748E0,3.667464680733E1));
#3410=B_SPLINE_SURFACE_WITH_KNOTS('',3,3,((#3378,#3379,#3380,#3381),(#3382,
#3383,#3384,#3385),(#3386,#3387,#3388,#3389),(#3390,#3391,#3392,#3393),(#3394,
#3395,#3396,#3397),(#3398,#3399,#3400,#3401),(#3402,#3403,#3404,#3405),(#3406,
#3407,#3408,#3409)),.UNSPECIFIED.,.F.,.F.,.F.,(4,1,1,1,1,4),(4,4),(
-6.635557631394E-3,0.E0,1.E-1,2.E-1,3.E-1,3.536915619181E-1),
(-3.645155048371E-1,1.364379738442E0),.UNSPECIFIED.);
#3412=ORIENTED_EDGE('',*,*,#3411,.T.);
#3413=ORIENTED_EDGE('',*,*,#2509,.T.);
#3414=ORIENTED_EDGE('',*,*,#2493,.F.);
#3415=ORIENTED_EDGE('',*,*,#3364,.F.);
#3416=EDGE_LOOP('',(#3412,#3413,#3414,#3415));
#3417=FACE_OUTER_BOUND('',#3416,.F.);
#3418=ADVANCED_FACE('',(#3417),#3410,.T.);
#3419=CARTESIAN_POINT('',(4.548815281395E0,-2.710028021153E1,3.799972620610E1));
#3420=DIRECTION('',(9.781476007338E-1,0.E0,2.079116908178E-1));
#3421=DIRECTION('',(0.E0,1.E0,0.E0));
#3422=AXIS2_PLACEMENT_3D('',#3419,#3420,#3421);
#3423=CONICAL_SURFACE('',#3422,3.015028188740E1,4.500002545592E1);
#3424=ORIENTED_EDGE('',*,*,#2712,.F.);
#3425=ORIENTED_EDGE('',*,*,#2765,.T.);
#3426=ORIENTED_EDGE('',*,*,#2511,.T.);
#3427=ORIENTED_EDGE('',*,*,#3411,.F.);
#3428=EDGE_LOOP('',(#3424,#3425,#3426,#3427));
#3429=FACE_OUTER_BOUND('',#3428,.F.);
#3430=ADVANCED_FACE('',(#3429),#3423,.F.);
#3431=CARTESIAN_POINT('',(-1.931244589791E1,1.779653991999E0,3.176198632480E1));
#3432=CARTESIAN_POINT('',(-1.903529211292E1,1.245256710718E0,3.130677224415E1));
#3433=CARTESIAN_POINT('',(-1.875813832792E1,7.108594294374E-1,
3.085155816350E1));
#3434=CARTESIAN_POINT('',(-1.848098454292E1,1.764621481564E-1,
3.039634408285E1));
#3435=CARTESIAN_POINT('',(-1.924935822227E1,1.779733134493E0,3.180320483426E1));
#3436=CARTESIAN_POINT('',(-1.897296249939E1,1.245334388737E0,3.134695910806E1));
#3437=CARTESIAN_POINT('',(-1.869656677652E1,7.109356429814E-1,
3.089071338186E1));
#3438=CARTESIAN_POINT('',(-1.842017105364E1,1.765368972254E-1,
3.043446765567E1));
#3439=CARTESIAN_POINT('',(-1.802416706129E1,1.780482447854E0,3.259797847506E1));
#3440=CARTESIAN_POINT('',(-1.776259589854E1,1.246069836592E0,3.212182553817E1));
#3441=CARTESIAN_POINT('',(-1.750102473579E1,7.116572253296E-1,
3.164567260129E1));
#3442=CARTESIAN_POINT('',(-1.723945357304E1,1.772446140674E-1,
3.116951966440E1));
#3443=CARTESIAN_POINT('',(-1.553044003678E1,1.753656160495E0,3.400069212653E1));
#3444=CARTESIAN_POINT('',(-1.530271212267E1,1.219739950438E0,3.348895383196E1));
#3445=CARTESIAN_POINT('',(-1.507498420857E1,6.858237403800E-1,
3.297721553740E1));
#3446=CARTESIAN_POINT('',(-1.484725629446E1,1.519075303223E-1,
3.246547724283E1));
#3447=CARTESIAN_POINT('',(-1.170589862676E1,1.702881667360E0,3.557406509724E1));
#3448=CARTESIAN_POINT('',(-1.152998133202E1,1.169905002877E0,3.502715252920E1));
#3449=CARTESIAN_POINT('',(-1.135406403728E1,6.369283383934E-1,
3.448023996116E1));
#3450=CARTESIAN_POINT('',(-1.117814674254E1,1.039516739099E-1,
3.393332739311E1));
#3451=CARTESIAN_POINT('',(-7.773989633899E0,1.681822363765E0,3.665942839776E1));
#3452=CARTESIAN_POINT('',(-7.653774188185E0,1.149235386588E0,3.609262517384E1));
#3453=CARTESIAN_POINT('',(-7.533558742471E0,6.166484094114E-1,
3.552582194992E1));
#3454=CARTESIAN_POINT('',(-7.413343296757E0,8.406143223469E-2,
3.495901872599E1));
#3455=CARTESIAN_POINT('',(-3.714894435730E0,1.703447051213E0,3.726579382326E1));
#3456=CARTESIAN_POINT('',(-3.654045541520E0,1.170459924707E0,3.669464012033E1));
#3457=CARTESIAN_POINT('',(-3.593196647310E0,6.374727982007E-1,
3.612348641739E1));
#3458=CARTESIAN_POINT('',(-3.532347753101E0,1.044856716946E-1,
3.555233271445E1));
#3459=CARTESIAN_POINT('',(4.041575221962E-1,1.754239870976E0,3.737483248018E1));
#3460=CARTESIAN_POINT('',(4.035495659237E-1,1.220312859775E0,3.681497424889E1));
#3461=CARTESIAN_POINT('',(4.029416096513E-1,6.863858485731E-1,
3.625511601761E1));
#3462=CARTESIAN_POINT('',(4.023336533788E-1,1.524588373718E-1,
3.569525778632E1));
#3463=CARTESIAN_POINT('',(3.226817649695E0,1.780535719336E0,3.710811762462E1));
#3464=CARTESIAN_POINT('',(3.181234683261E0,1.246122122323E0,3.656689321332E1));
#3465=CARTESIAN_POINT('',(3.135651716827E0,7.117085253102E-1,3.602566880202E1));
#3466=CARTESIAN_POINT('',(3.090068750393E0,1.772949282974E-1,3.548444439072E1));
#3467=CARTESIAN_POINT('',(4.662890740723E0,1.779726097126E0,3.688099921708E1));
#3468=CARTESIAN_POINT('',(4.595762785924E0,1.245327481592E0,3.635188958927E1));
#3469=CARTESIAN_POINT('',(4.528634831124E0,7.109288660571E-1,3.582277996147E1));
#3470=CARTESIAN_POINT('',(4.461506876325E0,1.765302505225E-1,3.529367033366E1));
#3471=CARTESIAN_POINT('',(4.743918187327E0,1.779632383839E0,3.686788996523E1));
#3472=CARTESIAN_POINT('',(4.675579317544E0,1.245235502401E0,3.633947232253E1));
#3473=CARTESIAN_POINT('',(4.607240447762E0,7.108386209638E-1,3.581105467984E1));
#3474=CARTESIAN_POINT('',(4.538901577979E0,1.764417395264E-1,3.528263703715E1));
#3475=B_SPLINE_SURFACE_WITH_KNOTS('',3,3,((#3431,#3432,#3433,#3434),(#3435,
#3436,#3437,#3438),(#3439,#3440,#3441,#3442),(#3443,#3444,#3445,#3446),(#3447,
#3448,#3449,#3450),(#3451,#3452,#3453,#3454),(#3455,#3456,#3457,#3458),(#3459,
#3460,#3461,#3462),(#3463,#3464,#3465,#3466),(#3467,#3468,#3469,#3470),(#3471,
#3472,#3473,#3474)),.UNSPECIFIED.,.F.,.F.,.F.,(4,1,1,1,1,1,1,1,4),(4,4),(
-9.070406768480E-3,0.E0,1.666666666667E-1,3.333333333333E-1,5.E-1,
6.666666666667E-1,8.333333333333E-1,1.E0,1.009973262316E0),(2.947968923199E-1,
7.166912039542E-1),.UNSPECIFIED.);
#3477=ORIENTED_EDGE('',*,*,#3476,.T.);
#3479=ORIENTED_EDGE('',*,*,#3478,.F.);
#3480=ORIENTED_EDGE('',*,*,#3367,.T.);
#3481=ORIENTED_EDGE('',*,*,#2489,.T.);
#3482=EDGE_LOOP('',(#3477,#3479,#3480,#3481));
#3483=FACE_OUTER_BOUND('',#3482,.F.);
#3484=ADVANCED_FACE('',(#3483),#3475,.F.);
#3485=CARTESIAN_POINT('',(4.573900346083E0,4.745159325913E-1,3.559376458096E1));
#3486=CARTESIAN_POINT('',(4.114688020028E0,4.681972322295E-1,3.565277982131E1));
#3487=CARTESIAN_POINT('',(3.147168489622E0,4.522833319724E-1,3.575810587684E1));
#3488=CARTESIAN_POINT('',(1.665864286665E0,4.226681698703E-1,3.585870318811E1));
#3489=CARTESIAN_POINT('',(1.232191788693E-1,3.899141838977E-1,
3.589743510863E1));
#3490=CARTESIAN_POINT('',(-1.447406957493E0,3.582739217715E-1,
3.586897216814E1));
#3491=CARTESIAN_POINT('',(-3.054443213956E0,3.298309241785E-1,
3.576862903574E1));
#3492=CARTESIAN_POINT('',(-4.694104841260E0,3.084033177141E-1,
3.559117846243E1));
#3493=CARTESIAN_POINT('',(-6.351104171422E0,2.959811869116E-1,
3.533337232112E1));
#3494=CARTESIAN_POINT('',(-7.995786009566E0,2.937297673413E-1,
3.499767682334E1));
#3495=CARTESIAN_POINT('',(-9.615973971568E0,3.024764706797E-1,
3.458744559101E1));
#3496=CARTESIAN_POINT('',(-1.123752659580E1,3.216031716722E-1,
3.409589591276E1));
#3497=CARTESIAN_POINT('',(-1.292471836218E1,3.511823021604E-1,
3.349532091700E1));
#3498=CARTESIAN_POINT('',(-1.473909858195E1,3.900963592780E-1,
3.274179162052E1));
#3499=CARTESIAN_POINT('',(-1.662991320121E1,4.354072836872E-1,
3.182555737153E1));
#3500=CARTESIAN_POINT('',(-1.793969283145E1,4.628063323393E-1,
3.108963271386E1));
#3501=CARTESIAN_POINT('',(-1.859887056337E1,4.736046044859E-1,
3.069072855985E1));
#3502=CARTESIAN_POINT('',(-1.863816249414E1,4.742370910314E-1,
3.066684765020E1));
#3503=CARTESIAN_POINT('',(4.464280349762E0,-3.298047081941E-1,
3.466822350980E1));
#3504=CARTESIAN_POINT('',(4.018216391690E0,-3.361062395086E-1,
3.472566654932E1));
#3505=CARTESIAN_POINT('',(3.077933866133E0,-3.519837413951E-1,
3.482833237573E1));
#3506=CARTESIAN_POINT('',(1.636831095650E0,-3.815628432338E-1,
3.492677330033E1));
#3507=CARTESIAN_POINT('',(1.341839894999E-1,-4.143185633093E-1,
3.496513384620E1));
#3508=CARTESIAN_POINT('',(-1.396864420270E0,-4.459842582012E-1,
3.493799945083E1));
#3509=CARTESIAN_POINT('',(-2.964548218051E0,-4.744714892705E-1,
3.484067262753E1));
#3510=CARTESIAN_POINT('',(-4.565397027867E0,-4.959502375612E-1,
3.466784466362E1));
#3511=CARTESIAN_POINT('',(-6.183154310544E0,-5.084016879895E-1,
3.441638736291E1));
#3512=CARTESIAN_POINT('',(-7.789455463807E0,-5.106597680932E-1,
3.408857443577E1));
#3513=CARTESIAN_POINT('',(-9.371711122782E0,-5.018894433084E-1,
3.368777171121E1));
#3514=CARTESIAN_POINT('',(-1.095485104342E1,-4.827150092324E-1,
3.320747075344E1));
#3515=CARTESIAN_POINT('',(-1.260078592089E1,-4.530847245628E-1,
3.262096580031E1));
#3516=CARTESIAN_POINT('',(-1.436937313140E1,-4.141333623680E-1,
3.188562964574E1));
#3517=CARTESIAN_POINT('',(-1.621054214415E1,-3.688268949312E-1,
3.099245773745E1));
#3518=CARTESIAN_POINT('',(-1.748361230997E1,-3.414838219240E-1,
3.027652940499E1));
#3519=CARTESIAN_POINT('',(-1.812392153693E1,-3.307133806452E-1,
2.988881072823E1));
#3520=CARTESIAN_POINT('',(-1.816208735179E1,-3.300825494988E-1,
2.986560058780E1));
#3521=CARTESIAN_POINT('',(4.415080313015E0,-1.457512883758E0,3.417687012807E1));
#3522=CARTESIAN_POINT('',(3.977162702276E0,-1.463790342987E0,3.423344217091E1));
#3523=CARTESIAN_POINT('',(3.053347236062E0,-1.479616812067E0,3.433477158889E1));
#3524=CARTESIAN_POINT('',(1.635212206943E0,-1.509145355146E0,3.443251140735E1));
#3525=CARTESIAN_POINT('',(1.536880403737E-1,-1.541903506543E0,
3.447128876458E1));
#3526=CARTESIAN_POINT('',(-1.357569049978E0,-1.573604859773E0,
3.444542791977E1));
#3527=CARTESIAN_POINT('',(-2.906712967439E0,-1.602154108961E0,
3.435009553932E1));
#3528=CARTESIAN_POINT('',(-4.490648785016E0,-1.623704561312E0,
3.417972972965E1));
#3529=CARTESIAN_POINT('',(-6.091286064718E0,-1.636197119702E0,
3.393130021771E1));
#3530=CARTESIAN_POINT('',(-7.681447016325E0,-1.638464538293E0,
3.360685454769E1));
#3531=CARTESIAN_POINT('',(-9.247618446249E0,-1.629661094753E0,
3.320986103139E1));
#3532=CARTESIAN_POINT('',(-1.081398944208E1,-1.610419735889E0,
3.273405138937E1));
#3533=CARTESIAN_POINT('',(-1.244054708956E1,-1.580717729836E0,
3.215352235793E1));
#3534=CARTESIAN_POINT('',(-1.418616220861E1,-1.541714063574E0,
3.142649184869E1));
#3535=CARTESIAN_POINT('',(-1.600051272512E1,-1.496413845094E0,
3.054482706532E1));
#3536=CARTESIAN_POINT('',(-1.725153400329E1,-1.469149253464E0,
2.984034508483E1));
#3537=CARTESIAN_POINT('',(-1.788015755275E1,-1.458417832815E0,
2.945934952209E1));
#3538=CARTESIAN_POINT('',(-1.791762470101E1,-1.457789322642E0,
2.943654357003E1));
#3539=CARTESIAN_POINT('',(4.435933587775E0,-2.687803683195E0,3.421591127549E1));
#3540=CARTESIAN_POINT('',(3.999565251436E0,-2.694054880608E0,3.427248406669E1));
#3541=CARTESIAN_POINT('',(3.078222653951E0,-2.709825674651E0,3.437406256527E1));
#3542=CARTESIAN_POINT('',(1.661324598449E0,-2.739299059864E0,3.447269383447E1));
#3543=CARTESIAN_POINT('',(1.779124443807E-1,-2.772059863749E0,
3.451259457754E1));
#3544=CARTESIAN_POINT('',(-1.337214867928E0,-2.803800119E0,3.448770292793E1));
#3545=CARTESIAN_POINT('',(-2.892261586247E0,-2.832417027820E0,
3.439295261278E1));
#3546=CARTESIAN_POINT('',(-4.484495795467E0,-2.854045706833E0,
3.422240641317E1));
#3547=CARTESIAN_POINT('',(-6.093487207975E0,-2.866583112592E0,
3.397309079806E1));
#3548=CARTESIAN_POINT('',(-7.692908687628E0,-2.868860719151E0,
3.364683776374E1));
#3549=CARTESIAN_POINT('',(-9.267993249536E0,-2.860021144190E0,
3.324728831438E1));
#3550=CARTESIAN_POINT('',(-1.084252244962E1,-2.840706772686E0,
3.276833318515E1));
#3551=CARTESIAN_POINT('',(-1.247537658167E1,-2.810926521074E0,
3.218451587087E1));
#3552=CARTESIAN_POINT('',(-1.422533845543E1,-2.771865792875E0,
3.145427726757E1));
#3553=CARTESIAN_POINT('',(-1.604094863921E1,-2.726572391791E0,
3.057031130187E1));
#3554=CARTESIAN_POINT('',(-1.728889877184E1,-2.699393420643E0,
2.986648450795E1));
#3555=CARTESIAN_POINT('',(-1.791530752331E1,-2.688704570156E0,
2.948643331235E1));
#3556=CARTESIAN_POINT('',(-1.795264025297E1,-2.688078592086E0,
2.946368582785E1));
#3557=(BOUNDED_SURFACE()B_SPLINE_SURFACE(3,3,((#3485,#3486,#3487,#3488,#3489,
#3490,#3491,#3492,#3493,#3494,#3495,#3496,#3497,#3498,#3499,#3500,#3501,#3502),(
#3503,#3504,#3505,#3506,#3507,#3508,#3509,#3510,#3511,#3512,#3513,#3514,#3515,
#3516,#3517,#3518,#3519,#3520),(#3521,#3522,#3523,#3524,#3525,#3526,#3527,#3528,
#3529,#3530,#3531,#3532,#3533,#3534,#3535,#3536,#3537,#3538),(#3539,#3540,#3541,
#3542,#3543,#3544,#3545,#3546,#3547,#3548,#3549,#3550,#3551,#3552,#3553,#3554,
#3555,#3556)),.UNSPECIFIED.,.F.,.F.,.F.)B_SPLINE_SURFACE_WITH_KNOTS((4,4),(4,1,
1,1,1,1,1,1,1,1,1,1,1,1,1,4),(0.E0,1.E0),(3.531733914368E-1,3.662608428835E-1,
3.807221578311E-1,3.953333208147E-1,4.102404470350E-1,4.255900439922E-1,
4.414178279631E-1,4.575525345526E-1,4.736953815444E-1,4.896203329995E-1,
5.055406225144E-1,5.223145512565E-1,5.409000867231E-1,5.616666069812E-1,
5.821534753404E-1,5.834534902650E-1),.UNSPECIFIED.)GEOMETRIC_REPRESENTATION_ITEM()RATIONAL_B_SPLINE_SURFACE(((1.051469342775E0,1.051469342775E0,1.051469342775E0,
1.051469342775E0,1.051469342775E0,1.051469342775E0,1.051469342775E0,
1.051469342775E0,1.051469342775E0,1.051469342775E0,1.051469342775E0,
1.051469342775E0,1.051469342775E0,1.051469342775E0,1.051469342775E0,
1.051469342775E0,1.051469342775E0,1.051469342775E0),(9.828435524085E-1,
9.828435524085E-1,9.828435524085E-1,9.828435524085E-1,9.828435524085E-1,
9.828435524085E-1,9.828435524085E-1,9.828435524085E-1,9.828435524085E-1,
9.828435524085E-1,9.828435524085E-1,9.828435524085E-1,9.828435524085E-1,
9.828435524085E-1,9.828435524085E-1,9.828435524085E-1,9.828435524085E-1,
9.828435524085E-1),(9.828435524085E-1,9.828435524085E-1,9.828435524085E-1,
9.828435524085E-1,9.828435524085E-1,9.828435524085E-1,9.828435524085E-1,
9.828435524085E-1,9.828435524085E-1,9.828435524085E-1,9.828435524085E-1,
9.828435524085E-1,9.828435524085E-1,9.828435524085E-1,9.828435524085E-1,
9.828435524085E-1,9.828435524085E-1,9.828435524085E-1),(1.051469342775E0,
1.051469342775E0,1.051469342775E0,1.051469342775E0,1.051469342775E0,
1.051469342775E0,1.051469342775E0,1.051469342775E0,1.051469342775E0,
1.051469342775E0,1.051469342775E0,1.051469342775E0,1.051469342775E0,
1.051469342775E0,1.051469342775E0,1.051469342775E0,1.051469342775E0,
1.051469342775E0)))REPRESENTATION_ITEM('')SURFACE());
#3558=ORIENTED_EDGE('',*,*,#3476,.F.);
#3559=ORIENTED_EDGE('',*,*,#2459,.T.);
#3560=ORIENTED_EDGE('',*,*,#2078,.T.);
#3562=ORIENTED_EDGE('',*,*,#3561,.T.);
#3563=EDGE_LOOP('',(#3558,#3559,#3560,#3562));
#3564=FACE_OUTER_BOUND('',#3563,.F.);
#3565=ADVANCED_FACE('',(#3564),#3557,.F.);
#3566=CARTESIAN_POINT('',(-1.981955302404E1,-2.556854291838E0,
3.300659506716E1));
#3567=DIRECTION('',(1.862556694320E-1,-9.237634929896E-1,-3.346189394281E-1));
#3568=DIRECTION('',(4.800599382688E-1,3.827212903883E-1,-7.893458491389E-1));
#3569=AXIS2_PLACEMENT_3D('',#3566,#3567,#3568);
#3570=SPHERICAL_SURFACE('',#3569,4.E0);
#3572=ORIENTED_EDGE('',*,*,#3571,.F.);
#3573=ORIENTED_EDGE('',*,*,#3561,.F.);
#3575=ORIENTED_EDGE('',*,*,#3574,.F.);
#3576=EDGE_LOOP('',(#3572,#3573,#3575));
#3577=FACE_OUTER_BOUND('',#3576,.F.);
#3578=ADVANCED_FACE('',(#3577),#3570,.F.);
#3579=CARTESIAN_POINT('',(-1.916698015026E1,1.792602415921E0,3.187344662338E1));
#3580=CARTESIAN_POINT('',(-1.904010125766E1,1.551737250027E0,3.166868312391E1));
#3581=CARTESIAN_POINT('',(-1.876453648358E1,1.028861691403E0,3.122425693393E1));
#3582=CARTESIAN_POINT('',(-1.848866909629E1,5.059957125289E-1,
3.078002116695E1));
#3583=CARTESIAN_POINT('',(-1.833978562089E1,2.239919871202E-1,
3.054048309885E1));
#3584=CARTESIAN_POINT('',(-1.914286062227E1,1.792813852488E0,3.188817677531E1));
#3585=CARTESIAN_POINT('',(-1.901598278519E1,1.551953085045E0,3.168341494106E1));
#3586=CARTESIAN_POINT('',(-1.874042036756E1,1.029087409927E0,3.123899246259E1));
#3587=CARTESIAN_POINT('',(-1.846455549177E1,5.062321106462E-1,
3.079476063600E1));
#3588=CARTESIAN_POINT('',(-1.831567341990E1,2.242344006437E-1,
3.055522476465E1));
#3589=CARTESIAN_POINT('',(-1.911885148433E1,1.792813479141E0,3.190308767759E1));
#3590=CARTESIAN_POINT('',(-1.899197468714E1,1.551957109920E0,3.169832751786E1));
#3591=CARTESIAN_POINT('',(-1.871641459058E1,1.029101317796E0,3.125390877189E1));
#3592=CARTESIAN_POINT('',(-1.844055218755E1,5.062566975552E-1,
3.080968090868E1));
#3593=CARTESIAN_POINT('',(-1.829167149723E1,2.242650026472E-1,
3.057014724713E1));
#3594=CARTESIAN_POINT('',(-1.909495543321E1,1.792601295920E0,3.191817765542E1));
#3595=CARTESIAN_POINT('',(-1.896807966014E1,1.551749324201E0,3.171341917929E1));
#3596=CARTESIAN_POINT('',(-1.869252184901E1,1.028903413449E0,3.126900418641E1));
#3597=CARTESIAN_POINT('',(-1.841666187974E1,5.060694704943E-1,
3.082478030911E1));
#3598=CARTESIAN_POINT('',(-1.826778254883E1,2.240837896933E-1,
3.058524887015E1));
#3599=(BOUNDED_SURFACE()B_SPLINE_SURFACE(3,3,((#3579,#3580,#3581,#3582,#3583),(
#3584,#3585,#3586,#3587,#3588),(#3589,#3590,#3591,#3592,#3593),(#3594,#3595,
#3596,#3597,#3598)),.UNSPECIFIED.,.F.,.F.,.F.)B_SPLINE_SURFACE_WITH_KNOTS((4,4),
(4,1,4),(0.E0,1.E0),(8.923308366617E-1,9.212241683752E-1,9.550536000180E-1),
.UNSPECIFIED.)GEOMETRIC_REPRESENTATION_ITEM()RATIONAL_B_SPLINE_SURFACE(((
1.000028081363E0,1.000028081363E0,1.000028081363E0,1.000028081363E0,
1.000028081363E0),(9.999906395458E-1,9.999906395458E-1,9.999906395458E-1,
9.999906395458E-1,9.999906395458E-1),(9.999906395458E-1,9.999906395458E-1,
9.999906395458E-1,9.999906395458E-1,9.999906395458E-1),(1.000028081363E0,
1.000028081363E0,1.000028081363E0,1.000028081363E0,1.000028081363E0)))REPRESENTATION_ITEM('')SURFACE());
#3600=ORIENTED_EDGE('',*,*,#3478,.T.);
#3601=ORIENTED_EDGE('',*,*,#3571,.T.);
#3603=ORIENTED_EDGE('',*,*,#3602,.F.);
#3604=ORIENTED_EDGE('',*,*,#3369,.F.);
#3605=EDGE_LOOP('',(#3600,#3601,#3603,#3604));
#3606=FACE_OUTER_BOUND('',#3605,.F.);
#3607=ADVANCED_FACE('',(#3606),#3599,.F.);
#3608=CARTESIAN_POINT('',(-2.069347750024E1,2.804366517519E0,3.211482090160E1));
#3609=CARTESIAN_POINT('',(-2.021898860264E1,1.928363547406E0,3.137844752183E1));
#3610=CARTESIAN_POINT('',(-1.974449970505E1,1.052360577293E0,3.064207414206E1));
#3611=CARTESIAN_POINT('',(-1.927001080745E1,1.763576071795E-1,
2.990570076229E1));
#3612=CARTESIAN_POINT('',(-2.034913622791E1,2.804366517519E0,3.233663645594E1));
#3613=CARTESIAN_POINT('',(-1.988254286700E1,1.928363547406E0,3.159517697994E1));
#3614=CARTESIAN_POINT('',(-1.941594950609E1,1.052360577293E0,3.085371750395E1));
#3615=CARTESIAN_POINT('',(-1.894935614518E1,1.763576071795E-1,
3.011225802795E1));
#3616=CARTESIAN_POINT('',(-1.998626679689E1,2.804366517519E0,3.256221897067E1));
#3617=CARTESIAN_POINT('',(-1.952799381211E1,1.928363547406E0,3.181558702433E1));
#3618=CARTESIAN_POINT('',(-1.906972082733E1,1.052360577293E0,3.106895507799E1));
#3619=CARTESIAN_POINT('',(-1.861144784255E1,1.763576071795E-1,
3.032232313164E1));
#3620=CARTESIAN_POINT('',(-1.961951162789E1,2.804366517519E0,3.278183494354E1));
#3621=CARTESIAN_POINT('',(-1.916964811686E1,1.928363547406E0,3.203016733604E1));
#3622=CARTESIAN_POINT('',(-1.871978460583E1,1.052360577293E0,3.127849972854E1));
#3623=CARTESIAN_POINT('',(-1.826992109480E1,1.763576071795E-1,
3.052683212104E1));
#3624=CARTESIAN_POINT('',(-1.960439688570E1,2.804366517519E0,3.279087170404E1));
#3625=CARTESIAN_POINT('',(-1.915487994655E1,1.928363547406E0,3.203899688910E1));
#3626=CARTESIAN_POINT('',(-1.870536300740E1,1.052360577293E0,3.128712207416E1));
#3627=CARTESIAN_POINT('',(-1.825584606825E1,1.763576071795E-1,
3.053524725921E1));
#3628=B_SPLINE_SURFACE_WITH_KNOTS('',3,3,((#3608,#3609,#3610,#3611),(#3612,
#3613,#3614,#3615),(#3616,#3617,#3618,#3619),(#3620,#3621,#3622,#3623),(#3624,
#3625,#3626,#3627)),.UNSPECIFIED.,.F.,.F.,.F.,(4,1,4),(4,4),(9.948113059886E-1,
1.E0,1.000222926848E0),(2.516670591597E-2,7.167479981107E-1),.UNSPECIFIED.);
#3629=ORIENTED_EDGE('',*,*,#3371,.T.);
#3630=ORIENTED_EDGE('',*,*,#3602,.T.);
#3632=ORIENTED_EDGE('',*,*,#3631,.T.);
#3634=ORIENTED_EDGE('',*,*,#3633,.F.);
#3636=ORIENTED_EDGE('',*,*,#3635,.F.);
#3637=ORIENTED_EDGE('',*,*,#3276,.T.);
#3638=EDGE_LOOP('',(#3629,#3630,#3632,#3634,#3636,#3637));
#3639=FACE_OUTER_BOUND('',#3638,.F.);
#3640=ADVANCED_FACE('',(#3639),#3628,.F.);
#3641=CARTESIAN_POINT('',(-1.835381383128E1,3.650872074001E-1,
3.070029059332E1));
#3642=CARTESIAN_POINT('',(-1.845705914712E1,3.650885363906E-1,
3.063856661853E1));
#3643=CARTESIAN_POINT('',(-1.891018532777E1,3.650711611654E-1,
3.036455817357E1));
#3644=CARTESIAN_POINT('',(-1.973289569605E1,3.649201132468E-1,
2.984176414239E1));
#3645=CARTESIAN_POINT('',(-2.060323360279E1,3.648220186606E-1,
2.924389895090E1));
#3646=CARTESIAN_POINT('',(-2.112616104330E1,3.648533746242E-1,
2.886340689122E1));
#3647=CARTESIAN_POINT('',(-2.128814146316E1,3.648708743105E-1,
2.874343989104E1));
#3648=CARTESIAN_POINT('',(-1.791423655702E1,-4.358111788722E-1,
2.996499732659E1));
#3649=CARTESIAN_POINT('',(-1.801499217335E1,-4.358098515963E-1,
2.990476175757E1));
#3650=CARTESIAN_POINT('',(-1.845720461324E1,-4.358272293832E-1,
2.963735340659E1));
#3651=CARTESIAN_POINT('',(-1.926019353440E1,-4.359782607751E-1,
2.912709622809E1));
#3652=CARTESIAN_POINT('',(-2.010975688240E1,-4.360763900335E-1,
2.854350480816E1));
#3653=CARTESIAN_POINT('',(-2.062021086894E1,-4.360449985922E-1,
2.817208792830E1));
#3654=CARTESIAN_POINT('',(-2.077832650413E1,-4.360274942461E-1,
2.805498287143E1));
#3655=CARTESIAN_POINT('',(-1.768395865280E1,-1.519282756266E0,
2.957979086345E1));
#3656=CARTESIAN_POINT('',(-1.778339460920E1,-1.519281431309E0,
2.952034419255E1));
#3657=CARTESIAN_POINT('',(-1.821983408735E1,-1.519298812562E0,
2.925642748011E1));
#3658=CARTESIAN_POINT('',(-1.901247590183E1,-1.519449821596E0,
2.875275227037E1));
#3659=CARTESIAN_POINT('',(-1.985122000610E1,-1.519547997760E0,
2.817659727249E1));
#3660=CARTESIAN_POINT('',(-2.035518572503E1,-1.519516558323E0,
2.780990031377E1));
#3661=CARTESIAN_POINT('',(-2.051129007696E1,-1.519499047674E0,
2.769428426683E1));
#3662=CARTESIAN_POINT('',(-1.770420519805E1,-2.691361013001E0,
2.961363208439E1));
#3663=CARTESIAN_POINT('',(-1.780372778377E1,-2.691359690554E0,
2.955413357295E1));
#3664=CARTESIAN_POINT('',(-1.824056857309E1,-2.691377075555E0,
2.928997495941E1));
#3665=CARTESIAN_POINT('',(-1.903408999313E1,-2.691528060404E0,
2.878574850963E1));
#3666=CARTESIAN_POINT('',(-1.987390706396E1,-2.691626287308E0,
2.820886129248E1));
#3667=CARTESIAN_POINT('',(-2.037853125184E1,-2.691594795952E0,
2.784168402098E1));
#3668=CARTESIAN_POINT('',(-2.053483788821E1,-2.691577278483E0,
2.772591748331E1));
#3669=(BOUNDED_SURFACE()B_SPLINE_SURFACE(3,3,((#3641,#3642,#3643,#3644,#3645,
#3646,#3647),(#3648,#3649,#3650,#3651,#3652,#3653,#3654),(#3655,#3656,#3657,
#3658,#3659,#3660,#3661),(#3662,#3663,#3664,#3665,#3666,#3667,#3668)),
.UNSPECIFIED.,.F.,.F.,.F.)B_SPLINE_SURFACE_WITH_KNOTS((4,4),(4,1,1,1,4),(0.E0,
1.E0),(5.997468949724E-1,6.028777859017E-1,6.135304856658E-1,6.251241364318E-1,
6.303741384940E-1),.UNSPECIFIED.)GEOMETRIC_REPRESENTATION_ITEM()RATIONAL_B_SPLINE_SURFACE(((1.046852722094E0,1.046852722094E0,1.046852722094E0,1.046852722094E0,
1.046852722094E0,1.046852722094E0,1.046852722094E0),(9.843824259685E-1,
9.843824259685E-1,9.843824259685E-1,9.843824259685E-1,9.843824259685E-1,
9.843824259685E-1,9.843824259685E-1),(9.843824259685E-1,9.843824259685E-1,
9.843824259685E-1,9.843824259685E-1,9.843824259685E-1,9.843824259685E-1,
9.843824259685E-1),(1.046852722094E0,1.046852722094E0,1.046852722094E0,
1.046852722094E0,1.046852722094E0,1.046852722094E0,1.046852722094E0)))REPRESENTATION_ITEM('')SURFACE());
#3670=ORIENTED_EDGE('',*,*,#2076,.T.);
#3672=ORIENTED_EDGE('',*,*,#3671,.F.);
#3673=ORIENTED_EDGE('',*,*,#3631,.F.);
#3674=ORIENTED_EDGE('',*,*,#3574,.T.);
#3675=EDGE_LOOP('',(#3670,#3672,#3673,#3674));
#3676=FACE_OUTER_BOUND('',#3675,.F.);
#3677=ADVANCED_FACE('',(#3676),#3669,.F.);
#3678=CARTESIAN_POINT('',(-2.226079470935E1,-2.128248E1,3.017792270698E1));
#3679=DIRECTION('',(0.E0,-1.E0,0.E0));
#3680=DIRECTION('',(5.936211922492E-1,0.E0,-8.047446055194E-1));
#3681=AXIS2_PLACEMENT_3D('',#3678,#3679,#3680);
#3682=CYLINDRICAL_SURFACE('',#3681,3.E0);
#3684=ORIENTED_EDGE('',*,*,#3683,.F.);
#3686=ORIENTED_EDGE('',*,*,#3685,.F.);
#3687=ORIENTED_EDGE('',*,*,#3633,.T.);
#3688=ORIENTED_EDGE('',*,*,#3671,.T.);
#3689=ORIENTED_EDGE('',*,*,#2074,.F.);
#3690=EDGE_LOOP('',(#3684,#3686,#3687,#3688,#3689));
#3691=FACE_OUTER_BOUND('',#3690,.F.);
#3692=ADVANCED_FACE('',(#3691),#3682,.F.);
#3693=CARTESIAN_POINT('',(-2.226079470935E1,5.749999990199E0,3.017792270698E1));
#3694=DIRECTION('',(0.E0,1.E0,0.E0));
#3695=DIRECTION('',(0.E0,0.E0,-1.E0));
#3696=AXIS2_PLACEMENT_3D('',#3693,#3694,#3695);
#3697=CONICAL_SURFACE('',#3696,3.149999990199E0,4.5E1);
#3698=ORIENTED_EDGE('',*,*,#2251,.F.);
#3700=ORIENTED_EDGE('',*,*,#3699,.T.);
#3701=ORIENTED_EDGE('',*,*,#3683,.T.);
#3703=ORIENTED_EDGE('',*,*,#3702,.F.);
#3704=EDGE_LOOP('',(#3698,#3700,#3701,#3703));
#3705=FACE_OUTER_BOUND('',#3704,.F.);
#3706=ADVANCED_FACE('',(#3705),#3697,.F.);
#3707=CARTESIAN_POINT('',(-1.939553341699E1,5.75E0,3.184859134537E1));
#3708=DIRECTION('',(6.916548014802E-1,-7.071067811865E-1,1.470157664652E-1));
#3709=DIRECTION('',(-6.916548014802E-1,-7.071067811865E-1,-1.470157664652E-1));
#3710=AXIS2_PLACEMENT_3D('',#3707,#3708,#3709);
#3711=PLANE('',#3710);
#3712=ORIENTED_EDGE('',*,*,#2249,.F.);
#3714=ORIENTED_EDGE('',*,*,#3713,.T.);
#3716=ORIENTED_EDGE('',*,*,#3715,.T.);
#3717=ORIENTED_EDGE('',*,*,#3699,.F.);
#3718=EDGE_LOOP('',(#3712,#3714,#3716,#3717));
#3719=FACE_OUTER_BOUND('',#3718,.F.);
#3720=ADVANCED_FACE('',(#3719),#3711,.F.);
#3721=CARTESIAN_POINT('',(-1.961143706694E1,-2.71E1,3.286433815769E1));
#3722=DIRECTION('',(9.781476007338E-1,0.E0,2.079116908178E-1));
#3723=DIRECTION('',(0.E0,1.E0,0.E0));
#3724=AXIS2_PLACEMENT_3D('',#3721,#3722,#3723);
#3725=CONICAL_SURFACE('',#3724,3.285E1,4.5E1);
#3726=ORIENTED_EDGE('',*,*,#2542,.F.);
#3728=ORIENTED_EDGE('',*,*,#3727,.T.);
#3730=ORIENTED_EDGE('',*,*,#3729,.T.);
#3731=ORIENTED_EDGE('',*,*,#3713,.F.);
#3732=EDGE_LOOP('',(#3726,#3728,#3730,#3731));
#3733=FACE_OUTER_BOUND('',#3732,.F.);
#3734=ADVANCED_FACE('',(#3733),#3725,.T.);
#3735=CARTESIAN_POINT('',(-2.137059972468E1,5.469124701954E0,3.850004955820E1));
#3736=CARTESIAN_POINT('',(-2.143072207106E1,5.331283494862E0,3.832436002814E1));
#3737=CARTESIAN_POINT('',(-2.149084441743E1,5.193442287770E0,3.814867049808E1));
#3738=CARTESIAN_POINT('',(-2.155096676381E1,5.055601080678E0,3.797298096802E1));
#3739=CARTESIAN_POINT('',(-2.134100556655E1,5.472478368254E0,3.848706260804E1));
#3740=CARTESIAN_POINT('',(-2.140387803994E1,5.334319379568E0,3.831262657535E1));
#3741=CARTESIAN_POINT('',(-2.146675051334E1,5.196160390883E0,3.813819054265E1));
#3742=CARTESIAN_POINT('',(-2.152962298673E1,5.058001402197E0,3.796375450995E1));
#3743=CARTESIAN_POINT('',(-2.116306957606E1,5.493538904032E0,3.840335602715E1));
#3744=CARTESIAN_POINT('',(-2.124252278325E1,5.353364653905E0,3.823706871138E1));
#3745=CARTESIAN_POINT('',(-2.132197599044E1,5.213190403777E0,3.807078139560E1));
#3746=CARTESIAN_POINT('',(-2.140142919763E1,5.073016153650E0,3.790449407983E1));
#3747=CARTESIAN_POINT('',(-2.086731818196E1,5.538614558803E0,3.819942989335E1));
#3748=CARTESIAN_POINT('',(-2.097460797854E1,5.393949200971E0,3.805337184172E1));
#3749=CARTESIAN_POINT('',(-2.108189777512E1,5.249283843139E0,3.790731379009E1));
#3750=CARTESIAN_POINT('',(-2.118918757170E1,5.104618485307E0,3.776125573846E1));
#3751=CARTESIAN_POINT('',(-2.053687612195E1,5.612926331541E0,3.779808465327E1));
#3752=CARTESIAN_POINT('',(-2.067316570748E1,5.460922740346E0,3.768828314139E1));
#3753=CARTESIAN_POINT('',(-2.080945529301E1,5.308919149151E0,3.757848162952E1));
#3754=CARTESIAN_POINT('',(-2.094574487853E1,5.156915557956E0,3.746868011764E1));
#3755=CARTESIAN_POINT('',(-2.030556741484E1,5.693150502545E0,3.728671204233E1));
#3756=CARTESIAN_POINT('',(-2.045855396806E1,5.533594768175E0,3.721882020568E1));
#3757=CARTESIAN_POINT('',(-2.061154052128E1,5.374039033804E0,3.715092836903E1));
#3758=CARTESIAN_POINT('',(-2.076452707450E1,5.214483299434E0,3.708303653239E1));
#3759=CARTESIAN_POINT('',(-2.021114867442E1,5.748449266304E0,3.686637243287E1));
#3760=CARTESIAN_POINT('',(-2.036567595477E1,5.586834808918E0,3.680748229639E1));
#3761=CARTESIAN_POINT('',(-2.052020323511E1,5.425220351533E0,3.674859215991E1));
#3762=CARTESIAN_POINT('',(-2.067473051546E1,5.263605894147E0,3.668970202343E1));
#3763=CARTESIAN_POINT('',(-2.016479477608E1,5.774570208526E0,3.664645173877E1));
#3764=CARTESIAN_POINT('',(-2.032110302855E1,5.612038353410E0,3.659580505069E1));
#3765=CARTESIAN_POINT('',(-2.047741128102E1,5.449506498293E0,3.654515836261E1));
#3766=CARTESIAN_POINT('',(-2.063371953349E1,5.286974643177E0,3.649451167453E1));
#3767=CARTESIAN_POINT('',(-2.015896015284E1,5.777810892549E0,3.661877675899E1));
#3768=CARTESIAN_POINT('',(-2.031551835837E1,5.615164051476E0,3.656924958741E1));
#3769=CARTESIAN_POINT('',(-2.047207656390E1,5.452517210402E0,3.651972241583E1));
#3770=CARTESIAN_POINT('',(-2.062863476943E1,5.289870369328E0,3.647019524425E1));
#3771=B_SPLINE_SURFACE_WITH_KNOTS('',3,3,((#3735,#3736,#3737,#3738),(#3739,
#3740,#3741,#3742),(#3743,#3744,#3745,#3746),(#3747,#3748,#3749,#3750),(#3751,
#3752,#3753,#3754),(#3755,#3756,#3757,#3758),(#3759,#3760,#3761,#3762),(#3763,
#3764,#3765,#3766),(#3767,#3768,#3769,#3770)),.UNSPECIFIED.,.F.,.F.,.F.,(4,1,1,
1,1,1,4),(4,4),(-4.896995470127E-2,0.E0,2.5E-1,5.E-1,7.5E-1,1.E0,
1.036167077679E0),(-3.170951183789E-1,1.317095118379E0),.UNSPECIFIED.);
#3772=ORIENTED_EDGE('',*,*,#2540,.F.);
#3774=ORIENTED_EDGE('',*,*,#3773,.T.);
#3776=ORIENTED_EDGE('',*,*,#3775,.T.);
#3777=ORIENTED_EDGE('',*,*,#3727,.F.);
#3778=EDGE_LOOP('',(#3772,#3774,#3776,#3777));
#3779=FACE_OUTER_BOUND('',#3778,.F.);
#3780=ADVANCED_FACE('',(#3779),#3771,.T.);
#3781=CARTESIAN_POINT('',(-2.310088861657E1,5.401546669022E0,3.852434369961E1));
#3782=CARTESIAN_POINT('',(-2.305903939072E1,5.268990404179E0,3.833968059600E1));
#3783=CARTESIAN_POINT('',(-2.301719016486E1,5.136434139336E0,3.815501749239E1));
#3784=CARTESIAN_POINT('',(-2.297534093900E1,5.003877874493E0,3.797035438878E1));
#3785=CARTESIAN_POINT('',(-2.307278786715E1,5.401545815343E0,3.853032164791E1));
#3786=CARTESIAN_POINT('',(-2.303186158417E1,5.268987511225E0,3.834547419041E1));
#3787=CARTESIAN_POINT('',(-2.299093530119E1,5.136429207107E0,3.816062673291E1));
#3788=CARTESIAN_POINT('',(-2.295000901821E1,5.003870902989E0,3.797577927542E1));
#3789=CARTESIAN_POINT('',(-2.288926809927E1,5.401508794078E0,3.856954462738E1));
#3790=CARTESIAN_POINT('',(-2.285366248388E1,5.268946571214E0,3.838358894789E1));
#3791=CARTESIAN_POINT('',(-2.281805686850E1,5.136384348351E0,3.819763326840E1));
#3792=CARTESIAN_POINT('',(-2.278245125311E1,5.003822125487E0,3.801167758891E1));
#3793=CARTESIAN_POINT('',(-2.254564001072E1,5.401885614138E0,3.864040023659E1));
#3794=CARTESIAN_POINT('',(-2.251451379917E1,5.269363278137E0,3.845326116712E1));
#3795=CARTESIAN_POINT('',(-2.248338758763E1,5.136840942135E0,3.826612209766E1));
#3796=CARTESIAN_POINT('',(-2.245226137608E1,5.004318606133E0,3.807898302820E1));
#3797=CARTESIAN_POINT('',(-2.208019636571E1,5.414009086565E0,3.866904166701E1));
#3798=CARTESIAN_POINT('',(-2.208067010080E1,5.280811278600E0,3.847910219558E1));
#3799=CARTESIAN_POINT('',(-2.208114383589E1,5.147613470635E0,3.828916272414E1));
#3800=CARTESIAN_POINT('',(-2.208161757098E1,5.014415662671E0,3.809922325270E1));
#3801=CARTESIAN_POINT('',(-2.164906754182E1,5.440210148668E0,3.860876765072E1));
#3802=CARTESIAN_POINT('',(-2.168368369651E1,5.304961823798E0,3.842345984331E1));
#3803=CARTESIAN_POINT('',(-2.171829985119E1,5.169713498929E0,3.823815203590E1));
#3804=CARTESIAN_POINT('',(-2.175291600588E1,5.034465174060E0,3.805284422849E1));
#3805=CARTESIAN_POINT('',(-2.137283306041E1,5.467845256192E0,3.850725525656E1));
#3806=CARTESIAN_POINT('',(-2.143320098445E1,5.330044561213E0,3.833127233660E1));
#3807=CARTESIAN_POINT('',(-2.149356890850E1,5.192243866234E0,3.815528941665E1));
#3808=CARTESIAN_POINT('',(-2.155393683255E1,5.054443171256E0,3.797930649669E1));
#3809=CARTESIAN_POINT('',(-2.122593109217E1,5.486629900804E0,3.842956720946E1));
#3810=CARTESIAN_POINT('',(-2.129928439952E1,5.347161596673E0,3.826049292830E1));
#3811=CARTESIAN_POINT('',(-2.137263770687E1,5.207693292543E0,3.809141864714E1));
#3812=CARTESIAN_POINT('',(-2.144599101422E1,5.068224988413E0,3.792234436599E1));
#3813=CARTESIAN_POINT('',(-2.119756697107E1,5.490412388370E0,3.841366539609E1));
#3814=CARTESIAN_POINT('',(-2.127337963348E1,5.350611804969E0,3.824599491199E1));
#3815=CARTESIAN_POINT('',(-2.134919229589E1,5.210811221567E0,3.807832442789E1));
#3816=CARTESIAN_POINT('',(-2.142500495830E1,5.071010638166E0,3.791065394378E1));
#3817=B_SPLINE_SURFACE_WITH_KNOTS('',3,3,((#3781,#3782,#3783,#3784),(#3785,
#3786,#3787,#3788),(#3789,#3790,#3791,#3792),(#3793,#3794,#3795,#3796),(#3797,
#3798,#3799,#3800),(#3801,#3802,#3803,#3804),(#3805,#3806,#3807,#3808),(#3809,
#3810,#3811,#3812),(#3813,#3814,#3815,#3816)),.UNSPECIFIED.,.F.,.F.,.F.,(4,1,1,
1,1,1,4),(4,4),(-4.535178472878E-2,0.E0,2.5E-1,5.E-1,7.5E-1,1.E0,
1.060187938375E0),(-3.170951183786E-1,1.317095118379E0),.UNSPECIFIED.);
#3818=ORIENTED_EDGE('',*,*,#2577,.F.);
#3820=ORIENTED_EDGE('',*,*,#3819,.T.);
#3822=ORIENTED_EDGE('',*,*,#3821,.T.);
#3823=ORIENTED_EDGE('',*,*,#3773,.F.);
#3824=EDGE_LOOP('',(#3818,#3820,#3822,#3823));
#3825=FACE_OUTER_BOUND('',#3824,.F.);
#3826=ADVANCED_FACE('',(#3825),#3817,.T.);
#3827=CARTESIAN_POINT('',(-2.344640040501E1,5.202701771890E0,3.816062613313E1));
#3828=DIRECTION('',(-1.192532466950E-1,-8.191520442890E-1,5.610424150542E-1));
#3829=DIRECTION('',(1.703112865649E-1,-5.735764363510E-1,-8.012516067575E-1));
#3830=AXIS2_PLACEMENT_3D('',#3827,#3828,#3829);
#3831=PLANE('',#3830);
#3832=ORIENTED_EDGE('',*,*,#2575,.F.);
#3834=ORIENTED_EDGE('',*,*,#3833,.T.);
#3836=ORIENTED_EDGE('',*,*,#3835,.T.);
#3837=ORIENTED_EDGE('',*,*,#3819,.F.);
#3838=EDGE_LOOP('',(#3832,#3834,#3836,#3837));
#3839=FACE_OUTER_BOUND('',#3838,.F.);
#3840=ADVANCED_FACE('',(#3839),#3831,.F.);
#3841=CARTESIAN_POINT('',(-2.708886554498E1,4.938115589144E0,4.036363792318E1));
#3842=CARTESIAN_POINT('',(-2.724310359252E1,4.776937412036E0,4.030324450446E1));
#3843=CARTESIAN_POINT('',(-2.739734164007E1,4.615759234928E0,4.024285108573E1));
#3844=CARTESIAN_POINT('',(-2.755157968761E1,4.454581057820E0,4.018245766700E1));
#3845=CARTESIAN_POINT('',(-2.708455119205E1,4.941790378143E0,4.034324860810E1));
#3846=CARTESIAN_POINT('',(-2.723868491161E1,4.780697634376E0,4.028238202402E1));
#3847=CARTESIAN_POINT('',(-2.739281863117E1,4.619604890610E0,4.022151543995E1));
#3848=CARTESIAN_POINT('',(-2.754695235073E1,4.458512146844E0,4.016064885587E1));
#3849=CARTESIAN_POINT('',(-2.703532012734E1,4.983690336746E0,4.011077780370E1));
#3850=CARTESIAN_POINT('',(-2.718836720390E1,4.823506206638E0,4.004487406743E1));
#3851=CARTESIAN_POINT('',(-2.734141428045E1,4.663322076530E0,3.997897033115E1));
#3852=CARTESIAN_POINT('',(-2.749446135700E1,4.503137946422E0,3.991306659488E1));
#3853=CARTESIAN_POINT('',(-2.693186874732E1,5.068508870258E0,3.964099077423E1));
#3854=CARTESIAN_POINT('',(-2.708433561633E1,4.909072484922E0,3.957087495442E1));
#3855=CARTESIAN_POINT('',(-2.723680248533E1,4.749636099587E0,3.950075913461E1));
#3856=CARTESIAN_POINT('',(-2.738926935434E1,4.590199714251E0,3.943064331481E1));
#3857=CARTESIAN_POINT('',(-2.672352994620E1,5.164969693606E0,3.912599647175E1));
#3858=CARTESIAN_POINT('',(-2.686405055999E1,5.011753573538E0,3.902235492313E1));
#3859=CARTESIAN_POINT('',(-2.700457117378E1,4.858537453470E0,3.891871337451E1));
#3860=CARTESIAN_POINT('',(-2.714509178757E1,4.705321333401E0,3.881507182589E1));
#3861=CARTESIAN_POINT('',(-2.644167197038E1,5.244004944239E0,3.872766230275E1));
#3862=CARTESIAN_POINT('',(-2.655902300830E1,5.097366750851E0,3.859080690146E1));
#3863=CARTESIAN_POINT('',(-2.667637404621E1,4.950728557463E0,3.845395150017E1));
#3864=CARTESIAN_POINT('',(-2.679372508413E1,4.804090364075E0,3.831709609889E1));
#3865=CARTESIAN_POINT('',(-2.610677470427E1,5.304333830316E0,3.844906114097E1));
#3866=CARTESIAN_POINT('',(-2.619115727434E1,5.163730984618E0,3.828422056882E1));
#3867=CARTESIAN_POINT('',(-2.627553984442E1,5.023128138921E0,3.811937999666E1));
#3868=CARTESIAN_POINT('',(-2.635992241450E1,4.882525293223E0,3.795453942451E1));
#3869=CARTESIAN_POINT('',(-2.571145321660E1,5.351003387223E0,3.826250008356E1));
#3870=CARTESIAN_POINT('',(-2.575642637491E1,5.214971266576E0,3.807953526059E1));
#3871=CARTESIAN_POINT('',(-2.580139953322E1,5.078939145928E0,3.789657043763E1));
#3872=CARTESIAN_POINT('',(-2.584637269153E1,4.942907025281E0,3.771360561466E1));
#3873=CARTESIAN_POINT('',(-2.522551738807E1,5.384409437341E0,3.817210126758E1));
#3874=CARTESIAN_POINT('',(-2.523017409707E1,5.251099096593E0,3.798192514060E1));
#3875=CARTESIAN_POINT('',(-2.523483080606E1,5.117788755846E0,3.779174901362E1));
#3876=CARTESIAN_POINT('',(-2.523948751506E1,4.984478415099E0,3.760157288664E1));
#3877=CARTESIAN_POINT('',(-2.466179043247E1,5.400994684905E0,3.819576417029E1));
#3878=CARTESIAN_POINT('',(-2.463065470565E1,5.268486461920E0,3.800854529635E1));
#3879=CARTESIAN_POINT('',(-2.459951897884E1,5.135978238935E0,3.782132642241E1));
#3880=CARTESIAN_POINT('',(-2.456838325202E1,5.003470015950E0,3.763410754847E1));
#3881=CARTESIAN_POINT('',(-2.418743570317E1,5.401566605351E0,3.829327539632E1));
#3882=CARTESIAN_POINT('',(-2.415226327317E1,5.269005239473E0,3.810722267165E1));
#3883=CARTESIAN_POINT('',(-2.411709084316E1,5.136443873594E0,3.792116994698E1));
#3884=CARTESIAN_POINT('',(-2.408191841316E1,5.003882507716E0,3.773511722231E1));
#3885=CARTESIAN_POINT('',(-2.395290274821E1,5.401537560621E0,3.834329531564E1));
#3886=CARTESIAN_POINT('',(-2.391266971619E1,5.268978893581E0,3.815830260731E1));
#3887=CARTESIAN_POINT('',(-2.387243668418E1,5.136420226542E0,3.797330989899E1));
#3888=CARTESIAN_POINT('',(-2.383220365216E1,5.003861559502E0,3.778831719067E1));
#3889=CARTESIAN_POINT('',(-2.393228448636E1,5.401534575013E0,3.834769517298E1));
#3890=CARTESIAN_POINT('',(-2.389157375731E1,5.268976542661E0,3.816280032239E1));
#3891=CARTESIAN_POINT('',(-2.385086302826E1,5.136418510309E0,3.797790547180E1));
#3892=CARTESIAN_POINT('',(-2.381015229921E1,5.003860477956E0,3.779301062121E1));
#3893=B_SPLINE_SURFACE_WITH_KNOTS('',3,3,((#3841,#3842,#3843,#3844),(#3845,
#3846,#3847,#3848),(#3849,#3850,#3851,#3852),(#3853,#3854,#3855,#3856),(#3857,
#3858,#3859,#3860),(#3861,#3862,#3863,#3864),(#3865,#3866,#3867,#3868),(#3869,
#3870,#3871,#3872),(#3873,#3874,#3875,#3876),(#3877,#3878,#3879,#3880),(#3881,
#3882,#3883,#3884),(#3885,#3886,#3887,#3888),(#3889,#3890,#3891,#3892)),
.UNSPECIFIED.,.F.,.F.,.F.,(4,1,1,1,1,1,1,1,1,1,4),(4,4),(-1.210613555044E-2,
0.E0,1.25E-1,2.5E-1,3.75E-1,5.E-1,6.25E-1,7.5E-1,8.75E-1,1.E0,1.012134427674E0),
(-3.170951183786E-1,1.317095118379E0),.UNSPECIFIED.);
#3894=ORIENTED_EDGE('',*,*,#2573,.F.);
#3896=ORIENTED_EDGE('',*,*,#3895,.T.);
#3898=ORIENTED_EDGE('',*,*,#3897,.T.);
#3899=ORIENTED_EDGE('',*,*,#3833,.F.);
#3900=EDGE_LOOP('',(#3894,#3896,#3898,#3899));
#3901=FACE_OUTER_BOUND('',#3900,.F.);
#3902=ADVANCED_FACE('',(#3901),#3893,.T.);
#3903=CARTESIAN_POINT('',(-3.048041324430E1,2.016257711702E0,5.514044467244E1));
#3904=DIRECTION('',(7.171838214152E-1,-6.963642403200E-1,2.691117061357E-2));
#3905=DIRECTION('',(-6.661257815452E-1,-6.963642403200E-1,-2.671203623168E-1));
#3906=AXIS2_PLACEMENT_3D('',#3903,#3904,#3905);
#3907=PLANE('',#3906);
#3908=ORIENTED_EDGE('',*,*,#2571,.F.);
#3910=ORIENTED_EDGE('',*,*,#3909,.T.);
#3912=ORIENTED_EDGE('',*,*,#3911,.T.);
#3913=ORIENTED_EDGE('',*,*,#3895,.F.);
#3914=EDGE_LOOP('',(#3908,#3910,#3912,#3913));
#3915=FACE_OUTER_BOUND('',#3914,.F.);
#3916=ADVANCED_FACE('',(#3915),#3907,.F.);
#3917=CARTESIAN_POINT('',(-3.134607492209E1,-8.862096940147E-1,
7.322807112942E1));
#3918=CARTESIAN_POINT('',(-3.137227414732E1,-1.075524308148E0,
7.335802774751E1));
#3919=CARTESIAN_POINT('',(-3.139847337254E1,-1.264838922282E0,
7.348798436560E1));
#3920=CARTESIAN_POINT('',(-3.142467259777E1,-1.454153536416E0,
7.361794098368E1));
#3921=CARTESIAN_POINT('',(-3.136677865361E1,-8.862130112168E-1,
7.322368964851E1));
#3922=CARTESIAN_POINT('',(-3.139345836690E1,-1.075526987791E0,
7.335354043915E1));
#3923=CARTESIAN_POINT('',(-3.142013808018E1,-1.264840964365E0,
7.348339122979E1));
#3924=CARTESIAN_POINT('',(-3.144681779347E1,-1.454154940940E0,
7.361324202043E1));
#3925=CARTESIAN_POINT('',(-3.160283456078E1,-8.862439466720E-1,
7.317369377972E1));
#3926=CARTESIAN_POINT('',(-3.163462923186E1,-1.075555211831E0,
7.330244163178E1));
#3927=CARTESIAN_POINT('',(-3.166642390293E1,-1.264866476989E0,
7.343118948384E1));
#3928=CARTESIAN_POINT('',(-3.169821857401E1,-1.454177742148E0,
7.355993733590E1));
#3929=CARTESIAN_POINT('',(-3.207989119855E1,-8.856333122403E-1,
7.306875181386E1));
#3930=CARTESIAN_POINT('',(-3.211596096925E1,-1.074998097988E0,
7.319690127684E1));
#3931=CARTESIAN_POINT('',(-3.215203073995E1,-1.264362883736E0,
7.332505073981E1));
#3932=CARTESIAN_POINT('',(-3.218810051065E1,-1.453727669484E0,
7.345320020279E1));
#3933=CARTESIAN_POINT('',(-3.260344579351E1,-8.688393173164E-1,
7.286009557526E1));
#3934=CARTESIAN_POINT('',(-3.267358849600E1,-1.057385384914E0,
7.297625570022E1));
#3935=CARTESIAN_POINT('',(-3.274373119848E1,-1.245931452512E0,
7.309241582517E1));
#3936=CARTESIAN_POINT('',(-3.281387390097E1,-1.434477520110E0,
7.320857595013E1));
#3937=CARTESIAN_POINT('',(-3.300915278920E1,-8.353459921744E-1,
7.257966620734E1));
#3938=CARTESIAN_POINT('',(-3.311312203549E1,-1.021155760968E0,
7.267277126826E1));
#3939=CARTESIAN_POINT('',(-3.321709128178E1,-1.206965529763E0,
7.276587632917E1));
#3940=CARTESIAN_POINT('',(-3.332106052806E1,-1.392775298557E0,
7.285898139009E1));
#3941=CARTESIAN_POINT('',(-3.329376844869E1,-7.885209763966E-1,
7.224767870010E1));
#3942=CARTESIAN_POINT('',(-3.342632283344E1,-9.697412961757E-1,
7.230809826119E1));
#3943=CARTESIAN_POINT('',(-3.355887721818E1,-1.150961615955E0,
7.236851782229E1));
#3944=CARTESIAN_POINT('',(-3.369143160293E1,-1.332181935734E0,
7.242893738338E1));
#3945=CARTESIAN_POINT('',(-3.348542221428E1,-7.281097235410E-1,
7.185667810040E1));
#3946=CARTESIAN_POINT('',(-3.363660185561E1,-9.032905635323E-1,
7.187812194814E1));
#3947=CARTESIAN_POINT('',(-3.378778149694E1,-1.078471403524E0,
7.189956579588E1));
#3948=CARTESIAN_POINT('',(-3.393896113828E1,-1.253652243515E0,
7.192100964361E1));
#3949=CARTESIAN_POINT('',(-3.358012180527E1,-6.488355111999E-1,
7.137691865414E1));
#3950=CARTESIAN_POINT('',(-3.373886549868E1,-8.174288124330E-1,
7.135856028427E1));
#3951=CARTESIAN_POINT('',(-3.389760919208E1,-9.860221136662E-1,
7.134020191440E1));
#3952=CARTESIAN_POINT('',(-3.405635288549E1,-1.154615414899E0,
7.132184354454E1));
#3953=CARTESIAN_POINT('',(-3.355963545837E1,-5.522301742040E-1,
7.082115719242E1));
#3954=CARTESIAN_POINT('',(-3.371560306860E1,-7.146372360659E-1,
7.076752119502E1));
#3955=CARTESIAN_POINT('',(-3.387157067884E1,-8.770442979278E-1,
7.071388519762E1));
#3956=CARTESIAN_POINT('',(-3.402753828907E1,-1.039451359790E0,
7.066024920022E1));
#3957=CARTESIAN_POINT('',(-3.346370278968E1,-4.681388450466E-1,
7.035398832900E1));
#3958=CARTESIAN_POINT('',(-3.361851294057E1,-6.298181564946E-1,
7.029637887365E1));
#3959=CARTESIAN_POINT('',(-3.377332309145E1,-7.914974679425E-1,
7.023876941830E1));
#3960=CARTESIAN_POINT('',(-3.392813324234E1,-9.531767793905E-1,
7.018115996295E1));
#3961=CARTESIAN_POINT('',(-3.341443785198E1,-4.264966969721E-1,
7.012301950524E1));
#3962=CARTESIAN_POINT('',(-3.356820454896E1,-5.872781769256E-1,
7.006042623235E1));
#3963=CARTESIAN_POINT('',(-3.372197124594E1,-7.480596568792E-1,
6.999783295946E1));
#3964=CARTESIAN_POINT('',(-3.387573794291E1,-9.088411368327E-1,
6.993523968658E1));
#3965=CARTESIAN_POINT('',(-3.341010433124E1,-4.228357618477E-1,
7.010271458891E1));
#3966=CARTESIAN_POINT('',(-3.356377476497E1,-5.835325702596E-1,
7.003965085337E1));
#3967=CARTESIAN_POINT('',(-3.371744519869E1,-7.442293786715E-1,
6.997658711782E1));
#3968=CARTESIAN_POINT('',(-3.387111563242E1,-9.049261870834E-1,
6.991352338228E1));
#3969=B_SPLINE_SURFACE_WITH_KNOTS('',3,3,((#3917,#3918,#3919,#3920),(#3921,
#3922,#3923,#3924),(#3925,#3926,#3927,#3928),(#3929,#3930,#3931,#3932),(#3933,
#3934,#3935,#3936),(#3937,#3938,#3939,#3940),(#3941,#3942,#3943,#3944),(#3945,
#3946,#3947,#3948),(#3949,#3950,#3951,#3952),(#3953,#3954,#3955,#3956),(#3957,
#3958,#3959,#3960),(#3961,#3962,#3963,#3964),(#3965,#3966,#3967,#3968)),
.UNSPECIFIED.,.F.,.F.,.F.,(4,1,1,1,1,1,1,1,1,1,4),(4,4),(-1.210613555044E-2,
0.E0,1.25E-1,2.5E-1,3.75E-1,5.E-1,6.25E-1,7.5E-1,8.75E-1,1.E0,1.012134427674E0),
(-3.170951183786E-1,1.317095118379E0),.UNSPECIFIED.);
#3970=ORIENTED_EDGE('',*,*,#2569,.F.);
#3972=ORIENTED_EDGE('',*,*,#3971,.T.);
#3974=ORIENTED_EDGE('',*,*,#3973,.T.);
#3975=ORIENTED_EDGE('',*,*,#3909,.F.);
#3976=EDGE_LOOP('',(#3970,#3972,#3974,#3975));
#3977=FACE_OUTER_BOUND('',#3976,.F.);
#3978=ADVANCED_FACE('',(#3977),#3969,.T.);
#3979=CARTESIAN_POINT('',(-1.628862314767E1,-1.170186348486E0,
7.663194690250E1));
#3980=DIRECTION('',(1.703112865649E-1,-5.735764363511E-1,-8.012516067575E-1));
#3981=DIRECTION('',(-1.192532466950E-1,-8.191520442890E-1,5.610424150542E-1));
#3982=AXIS2_PLACEMENT_3D('',#3979,#3980,#3981);
#3983=PLANE('',#3982);
#3984=ORIENTED_EDGE('',*,*,#2567,.F.);
#3986=ORIENTED_EDGE('',*,*,#3985,.T.);
#3988=ORIENTED_EDGE('',*,*,#3987,.T.);
#3989=ORIENTED_EDGE('',*,*,#3971,.F.);
#3990=EDGE_LOOP('',(#3984,#3986,#3988,#3989));
#3991=FACE_OUTER_BOUND('',#3990,.F.);
#3992=ADVANCED_FACE('',(#3991),#3983,.F.);
#3993=CARTESIAN_POINT('',(2.008356013890E0,-4.227912012229E-1,
7.763088237783E1));
#3994=CARTESIAN_POINT('',(2.174394054376E0,-5.834856671259E-1,
7.763576119448E1));
#3995=CARTESIAN_POINT('',(2.340432094861E0,-7.441801330290E-1,
7.764064001113E1));
#3996=CARTESIAN_POINT('',(2.506470135346E0,-9.048745989321E-1,
7.764551882778E1));
#3997=CARTESIAN_POINT('',(2.004041660960E0,-4.264659902218E-1,
7.765127169292E1));
#3998=CARTESIAN_POINT('',(2.169975373462E0,-5.872458894667E-1,
7.765662367491E1));
#3999=CARTESIAN_POINT('',(2.335909085964E0,-7.480257887116E-1,
7.766197565691E1));
#4000=CARTESIAN_POINT('',(2.501842798466E0,-9.088056879564E-1,
7.766732763891E1));
#4001=CARTESIAN_POINT('',(1.954810596255E0,-4.683659488252E-1,
7.788374249732E1));
#4002=CARTESIAN_POINT('',(2.119657665749E0,-6.300544617283E-1,
7.789413163151E1));
#4003=CARTESIAN_POINT('',(2.284504735243E0,-7.917429746314E-1,
7.790452076570E1));
#4004=CARTESIAN_POINT('',(2.449351804737E0,-9.534314875345E-1,
7.791490989990E1));
#4005=CARTESIAN_POINT('',(1.851359216231E0,-5.531844823372E-1,
7.835352952679E1));
#4006=CARTESIAN_POINT('',(2.015626078180E0,-7.156207400125E-1,
7.836813074452E1));
#4007=CARTESIAN_POINT('',(2.179892940128E0,-8.780569976879E-1,
7.838273196224E1));
#4008=CARTESIAN_POINT('',(2.344159802077E0,-1.040493255363E0,7.839733317997E1));
#4009=CARTESIAN_POINT('',(1.643020415115E0,-6.496453056856E-1,
7.886852382927E1));
#4010=CARTESIAN_POINT('',(1.795341021845E0,-8.183018286282E-1,
7.891665077581E1));
#4011=CARTESIAN_POINT('',(1.947661628575E0,-9.869583515708E-1,
7.896477772234E1));
#4012=CARTESIAN_POINT('',(2.099982235305E0,-1.155614874513E0,7.901290466888E1));
#4013=CARTESIAN_POINT('',(1.361162439294E0,-7.286805563181E-1,
7.926685799827E1));
#4014=CARTESIAN_POINT('',(1.490313470149E0,-9.039150059413E-1,
7.934819879747E1));
#4015=CARTESIAN_POINT('',(1.619464501005E0,-1.079149455564E0,7.942953959668E1));
#4016=CARTESIAN_POINT('',(1.748615531860E0,-1.254383905188E0,7.951088039589E1));
#4017=CARTESIAN_POINT('',(1.026265173178E0,-7.890094423953E-1,
7.954545916005E1));
#4018=CARTESIAN_POINT('',(1.122447736197E0,-9.702792397085E-1,
7.965478513012E1));
#4019=CARTESIAN_POINT('',(1.218630299216E0,-1.151549037022E0,7.976411110019E1));
#4020=CARTESIAN_POINT('',(1.314812862236E0,-1.332818834335E0,7.987343707027E1));
#4021=CARTESIAN_POINT('',(6.309436855084E-1,-8.356789993025E-1,
7.973202021746E1));
#4022=CARTESIAN_POINT('',(6.877168367606E-1,-1.021519521666E0,
7.985947043835E1));
#4023=CARTESIAN_POINT('',(7.444899880128E-1,-1.207360044030E0,
7.998692065923E1));
#4024=CARTESIAN_POINT('',(8.012631392650E-1,-1.393200566393E0,
8.011437088011E1));
#4025=CARTESIAN_POINT('',(1.450078569832E-1,-8.690850494200E-1,
7.982241903344E1));
#4026=CARTESIAN_POINT('',(1.614645589203E-1,-1.057647351684E0,
7.995708055834E1));
#4027=CARTESIAN_POINT('',(1.779212608573E-1,-1.246209653947E0,
8.009174208324E1));
#4028=CARTESIAN_POINT('',(1.943779627943E-1,-1.434771956211E0,
8.022640360813E1));
#4029=CARTESIAN_POINT('',(-4.187190986207E-1,-8.856702969838E-1,
7.979875613073E1));
#4030=CARTESIAN_POINT('',(-4.380548324952E-1,-1.075034717010E0,
7.993046040259E1));
#4031=CARTESIAN_POINT('',(-4.573905663697E-1,-1.264399137036E0,
8.006216467445E1));
#4032=CARTESIAN_POINT('',(-4.767263002442E-1,-1.453763557062E0,
8.019386894630E1));
#4033=CARTESIAN_POINT('',(-8.930738279213E-1,-8.862422174300E-1,
7.970124490469E1));
#4034=CARTESIAN_POINT('',(-9.164462649820E-1,-1.075553494563E0,
7.983178302728E1));
#4035=CARTESIAN_POINT('',(-9.398187020426E-1,-1.264864771696E0,
7.996232114988E1));
#4036=CARTESIAN_POINT('',(-9.631911391033E-1,-1.454176048828E0,
8.009285927247E1));
#4037=CARTESIAN_POINT('',(-1.127606782881E0,-8.862131727001E-1,
7.965122498538E1));
#4038=CARTESIAN_POINT('',(-1.156039821955E0,-1.075527148672E0,
7.978070309162E1));
#4039=CARTESIAN_POINT('',(-1.184472861030E0,-1.264841124643E0,
7.991018119787E1));
#4040=CARTESIAN_POINT('',(-1.212905900104E0,-1.454155100614E0,
8.003965930411E1));
#4041=CARTESIAN_POINT('',(-1.148225044726E0,-8.862101870925E-1,
7.964682512804E1));
#4042=CARTESIAN_POINT('',(-1.177135780835E0,-1.075524797751E0,
7.977620537655E1));
#4043=CARTESIAN_POINT('',(-1.206046516943E0,-1.264839408410E0,
7.990558562505E1));
#4044=CARTESIAN_POINT('',(-1.234957253052E0,-1.454154019069E0,
8.003496587356E1));
#4045=B_SPLINE_SURFACE_WITH_KNOTS('',3,3,((#3993,#3994,#3995,#3996),(#3997,
#3998,#3999,#4000),(#4001,#4002,#4003,#4004),(#4005,#4006,#4007,#4008),(#4009,
#4010,#4011,#4012),(#4013,#4014,#4015,#4016),(#4017,#4018,#4019,#4020),(#4021,
#4022,#4023,#4024),(#4025,#4026,#4027,#4028),(#4029,#4030,#4031,#4032),(#4033,
#4034,#4035,#4036),(#4037,#4038,#4039,#4040),(#4041,#4042,#4043,#4044)),
.UNSPECIFIED.,.F.,.F.,.F.,(4,1,1,1,1,1,1,1,1,1,4),(4,4),(-1.210613555044E-2,
0.E0,1.25E-1,2.5E-1,3.75E-1,5.E-1,6.25E-1,7.5E-1,8.75E-1,1.E0,1.012134427674E0),
(-3.170951183786E-1,1.317095118379E0),.UNSPECIFIED.);
#4046=ORIENTED_EDGE('',*,*,#2565,.F.);
#4048=ORIENTED_EDGE('',*,*,#4047,.T.);
#4050=ORIENTED_EDGE('',*,*,#4049,.T.);
#4051=ORIENTED_EDGE('',*,*,#3985,.F.);
#4052=EDGE_LOOP('',(#4046,#4048,#4050,#4051));
#4053=FACE_OUTER_BOUND('',#4052,.F.);
#4054=ADVANCED_FACE('',(#4053),#4045,.T.);
#4055=CARTESIAN_POINT('',(5.417603702627E0,2.016257711702E0,6.277080372545E1));
#4056=DIRECTION('',(-6.661257815452E-1,-6.963642403200E-1,-2.671203623168E-1));
#4057=DIRECTION('',(7.171838214152E-1,-6.963642403200E-1,2.691117061357E-2));
#4058=AXIS2_PLACEMENT_3D('',#4055,#4056,#4057);
#4059=PLANE('',#4058);
#4060=ORIENTED_EDGE('',*,*,#2563,.F.);
#4062=ORIENTED_EDGE('',*,*,#4061,.T.);
#4064=ORIENTED_EDGE('',*,*,#4063,.T.);
#4065=ORIENTED_EDGE('',*,*,#4047,.F.);
#4066=EDGE_LOOP('',(#4060,#4062,#4064,#4065));
#4067=FACE_OUTER_BOUND('',#4066,.F.);
#4068=ADVANCED_FACE('',(#4067),#4059,.F.);
#4069=CARTESIAN_POINT('',(6.265565391002E0,5.401534081936E0,4.476644917160E1));
#4070=CARTESIAN_POINT('',(6.303564609168E0,5.268976053058E0,4.458097795143E1));
#4071=CARTESIAN_POINT('',(6.341563827334E0,5.136418024181E0,4.439550673126E1));
#4072=CARTESIAN_POINT('',(6.379563045500E0,5.003859995304E0,4.421003551109E1));
#4073=CARTESIAN_POINT('',(6.286269122525E0,5.401537399138E0,4.477083065251E1));
#4074=CARTESIAN_POINT('',(6.324748828751E0,5.268978732701E0,4.458546525979E1));
#4075=CARTESIAN_POINT('',(6.363228534977E0,5.136420066264E0,4.440009986707E1));
#4076=CARTESIAN_POINT('',(6.401708241203E0,5.003861399827E0,4.421473447435E1));
#4077=CARTESIAN_POINT('',(6.522325029693E0,5.401568334593E0,4.482082652130E1));
#4078=CARTESIAN_POINT('',(6.565919693710E0,5.269006956740E0,4.463656406715E1));
#4079=CARTESIAN_POINT('',(6.609514357727E0,5.136445578888E0,4.445230161301E1));
#4080=CARTESIAN_POINT('',(6.653109021743E0,5.003884201035E0,4.426803915887E1));
#4081=CARTESIAN_POINT('',(6.999381667467E0,5.400957700161E0,4.492576848716E1));
#4082=CARTESIAN_POINT('',(7.047251431104E0,5.268449842898E0,4.474210442210E1));
#4083=CARTESIAN_POINT('',(7.095121194742E0,5.135941985635E0,4.455844035704E1));
#4084=CARTESIAN_POINT('',(7.142990958380E0,5.003434128372E0,4.437477629198E1));
#4085=CARTESIAN_POINT('',(7.522936262425E0,5.384163705237E0,4.513442472576E1));
#4086=CARTESIAN_POINT('',(7.604878957851E0,5.250837129824E0,4.496274999872E1));
#4087=CARTESIAN_POINT('',(7.686821653278E0,5.117510554411E0,4.479107527168E1));
#4088=CARTESIAN_POINT('',(7.768764348704E0,4.984183978998E0,4.461940054464E1));
#4089=CARTESIAN_POINT('',(7.928643258111E0,5.350670380095E0,4.541485409368E1));
#4090=CARTESIAN_POINT('',(8.044412497340E0,5.214607505878E0,4.526623443068E1));
#4091=CARTESIAN_POINT('',(8.160181736569E0,5.078544631661E0,4.511761476768E1));
#4092=CARTESIAN_POINT('',(8.275950975798E0,4.942481757444E0,4.496899510468E1));
#4093=CARTESIAN_POINT('',(8.213258917601E0,5.303845364317E0,4.574684160092E1));
#4094=CARTESIAN_POINT('',(8.357613295289E0,5.163193041086E0,4.563090743774E1));
#4095=CARTESIAN_POINT('',(8.501967672976E0,5.022540717854E0,4.551497327457E1));
#4096=CARTESIAN_POINT('',(8.646322050664E0,4.881888394622E0,4.539903911139E1));
#4097=CARTESIAN_POINT('',(8.404912683193E0,5.243434111462E0,4.613784220061E1));
#4098=CARTESIAN_POINT('',(8.567892317465E0,5.096742308442E0,4.606088375080E1));
#4099=CARTESIAN_POINT('',(8.730871951737E0,4.950050505422E0,4.598392530098E1));
#4100=CARTESIAN_POINT('',(8.893851586010E0,4.803358702403E0,4.590696685116E1));
#4101=CARTESIAN_POINT('',(8.499612274181E0,5.164159899121E0,4.661760164688E1));
#4102=CARTESIAN_POINT('',(8.670155960529E0,5.010880557343E0,4.658044541467E1));
#4103=CARTESIAN_POINT('',(8.840699646877E0,4.857601215565E0,4.654328918245E1));
#4104=CARTESIAN_POINT('',(9.011243333226E0,4.704321873787E0,4.650613295024E1));
#4105=CARTESIAN_POINT('',(8.479125927278E0,5.067554562125E0,4.717336310860E1));
#4106=CARTESIAN_POINT('',(8.646893530454E0,4.908088980976E0,4.717148450392E1));
#4107=CARTESIAN_POINT('',(8.814661133631E0,4.748623399826E0,4.716960589924E1));
#4108=CARTESIAN_POINT('',(8.982428736807E0,4.589157818677E0,4.716772729456E1));
#4109=CARTESIAN_POINT('',(8.383193258594E0,4.983463232967E0,4.764053197201E1));
#4110=CARTESIAN_POINT('',(8.549803402420E0,4.823269901404E0,4.764262682529E1));
#4111=CARTESIAN_POINT('',(8.716413546246E0,4.663076569841E0,4.764472167856E1));
#4112=CARTESIAN_POINT('',(8.883023690072E0,4.502883238278E0,4.764681653183E1));
#4113=CARTESIAN_POINT('',(8.333928320897E0,4.941821084893E0,4.787150079578E1));
#4114=CARTESIAN_POINT('',(8.499495010813E0,4.780729921835E0,4.787857946659E1));
#4115=CARTESIAN_POINT('',(8.665061700729E0,4.619638758778E0,4.788565813739E1));
#4116=CARTESIAN_POINT('',(8.830628390645E0,4.458547595720E0,4.789273680820E1));
#4117=CARTESIAN_POINT('',(8.329594800157E0,4.938160149769E0,4.789180571211E1));
#4118=CARTESIAN_POINT('',(8.495065226822E0,4.776984315169E0,4.789935484557E1));
#4119=CARTESIAN_POINT('',(8.660535653487E0,4.615808480570E0,4.790690397903E1));
#4120=CARTESIAN_POINT('',(8.826006080152E0,4.454632645971E0,4.791445311250E1));
#4121=B_SPLINE_SURFACE_WITH_KNOTS('',3,3,((#4069,#4070,#4071,#4072),(#4073,
#4074,#4075,#4076),(#4077,#4078,#4079,#4080),(#4081,#4082,#4083,#4084),(#4085,
#4086,#4087,#4088),(#4089,#4090,#4091,#4092),(#4093,#4094,#4095,#4096),(#4097,
#4098,#4099,#4100),(#4101,#4102,#4103,#4104),(#4105,#4106,#4107,#4108),(#4109,
#4110,#4111,#4112),(#4113,#4114,#4115,#4116),(#4117,#4118,#4119,#4120)),
.UNSPECIFIED.,.F.,.F.,.F.,(4,1,1,1,1,1,1,1,1,1,4),(4,4),(-1.210613555044E-2,
0.E0,1.25E-1,2.5E-1,3.75E-1,5.E-1,6.25E-1,7.5E-1,8.75E-1,1.E0,1.012134427674E0),
(-3.170951183786E-1,1.317095118379E0),.UNSPECIFIED.);
#4122=ORIENTED_EDGE('',*,*,#2561,.F.);
#4124=ORIENTED_EDGE('',*,*,#4123,.T.);
#4126=ORIENTED_EDGE('',*,*,#4125,.T.);
#4127=ORIENTED_EDGE('',*,*,#4061,.F.);
#4128=EDGE_LOOP('',(#4122,#4124,#4126,#4127));
#4129=FACE_OUTER_BOUND('',#4128,.F.);
#4130=ADVANCED_FACE('',(#4129),#4121,.T.);
#4131=CARTESIAN_POINT('',(5.898027617005E0,5.202701771890E0,4.439797685766E1));
#4132=DIRECTION('',(-1.192532466950E-1,-8.191520442890E-1,5.610424150542E-1));
#4133=DIRECTION('',(1.703112865650E-1,-5.735764363510E-1,-8.012516067575E-1));
#4134=AXIS2_PLACEMENT_3D('',#4131,#4132,#4133);
#4135=PLANE('',#4134);
#4136=ORIENTED_EDGE('',*,*,#2559,.F.);
#4138=ORIENTED_EDGE('',*,*,#4137,.T.);
#4140=ORIENTED_EDGE('',*,*,#4139,.T.);
#4141=ORIENTED_EDGE('',*,*,#4123,.F.);
#4142=EDGE_LOOP('',(#4136,#4138,#4140,#4141));
#4143=FACE_OUTER_BOUND('',#4142,.F.);
#4144=ADVANCED_FACE('',(#4143),#4135,.F.);
#4145=CARTESIAN_POINT('',(3.740672161455E0,5.490391648957E0,4.371457200694E1));
#4146=CARTESIAN_POINT('',(3.878132525682E0,5.350592619368E0,4.359222509511E1));
#4147=CARTESIAN_POINT('',(4.015592889910E0,5.210793589778E0,4.346987818327E1));
#4148=CARTESIAN_POINT('',(4.153053254137E0,5.070994560188E0,4.334753127144E1));
#4149=CARTESIAN_POINT('',(3.760211019085E0,5.486610739721E0,4.374064676163E1));
#4150=CARTESIAN_POINT('',(3.895986478500E0,5.347143905032E0,4.361601565229E1));
#4151=CARTESIAN_POINT('',(4.031761937914E0,5.207677070344E0,4.349138454295E1));
#4152=CARTESIAN_POINT('',(4.167537397329E0,5.068210235655E0,4.336675343360E1));
#4153=CARTESIAN_POINT('',(3.862213833267E0,5.467971097420E0,4.387040043273E1));
#4154=CARTESIAN_POINT('',(3.988985602614E0,5.330159541092E0,4.373425825646E1));
#4155=CARTESIAN_POINT('',(4.115757371960E0,5.192347984763E0,4.359811608019E1));
#4156=CARTESIAN_POINT('',(4.242529141307E0,5.054536428434E0,4.346197390392E1));
#4157=CARTESIAN_POINT('',(4.068961120424E0,5.440701576693E0,4.407245410543E1));
#4158=CARTESIAN_POINT('',(4.176390140300E0,5.305410711895E0,4.391758557766E1));
#4159=CARTESIAN_POINT('',(4.283819160176E0,5.170119847096E0,4.376271704988E1));
#4160=CARTESIAN_POINT('',(4.391248180051E0,5.034828982298E0,4.360784852211E1));
#4161=CARTESIAN_POINT('',(4.442166630276E0,5.413946972258E0,4.430690409041E1));
#4162=CARTESIAN_POINT('',(4.519872074568E0,5.280756040447E0,4.413354224873E1));
#4163=CARTESIAN_POINT('',(4.597577518860E0,5.147565108636E0,4.396018040704E1));
#4164=CARTESIAN_POINT('',(4.675282963153E0,5.014374176825E0,4.378681856536E1));
#4165=CARTESIAN_POINT('',(4.884692449835E0,5.401836184432E0,4.447118398240E1));
#4166=CARTESIAN_POINT('',(4.932161736516E0,5.269315033697E0,4.428751186863E1));
#4167=CARTESIAN_POINT('',(4.979631023196E0,5.136793882963E0,4.410383975487E1));
#4168=CARTESIAN_POINT('',(5.027100309876E0,5.004272732229E0,4.392016764111E1));
#4169=CARTESIAN_POINT('',(5.223372304423E0,5.401513261289E0,4.454504491024E1));
#4170=CARTESIAN_POINT('',(5.266450107577E0,5.268950928847E0,4.436067812863E1));
#4171=CARTESIAN_POINT('',(5.309527910730E0,5.136388596404E0,4.417631134702E1));
#4172=CARTESIAN_POINT('',(5.352605713884E0,5.003826263961E0,4.399194456541E1));
#4173=CARTESIAN_POINT('',(5.406064579201E0,5.401545007906E0,4.458369328571E1));
#4174=CARTESIAN_POINT('',(5.443874782779E0,5.268986724043E0,4.439818336766E1));
#4175=CARTESIAN_POINT('',(5.481684986357E0,5.136428440179E0,4.421267344960E1));
#4176=CARTESIAN_POINT('',(5.519495189935E0,5.003870156316E0,4.402716353155E1));
#4177=CARTESIAN_POINT('',(5.434087931968E0,5.401544018549E0,4.458965556950E1));
#4178=CARTESIAN_POINT('',(5.470984184776E0,5.268987815631E0,4.440393931993E1));
#4179=CARTESIAN_POINT('',(5.507880437584E0,5.136431612712E0,4.421822307036E1));
#4180=CARTESIAN_POINT('',(5.544776690392E0,5.003875409794E0,4.403250682079E1));
#4181=B_SPLINE_SURFACE_WITH_KNOTS('',3,3,((#4145,#4146,#4147,#4148),(#4149,
#4150,#4151,#4152),(#4153,#4154,#4155,#4156),(#4157,#4158,#4159,#4160),(#4161,
#4162,#4163,#4164),(#4165,#4166,#4167,#4168),(#4169,#4170,#4171,#4172),(#4173,
#4174,#4175,#4176),(#4177,#4178,#4179,#4180)),.UNSPECIFIED.,.F.,.F.,.F.,(4,1,1,
1,1,1,4),(4,4),(-6.060580320884E-2,0.E0,2.5E-1,5.E-1,7.5E-1,1.E0,
1.045379211354E0),(-3.170951183786E-1,1.317095118379E0),.UNSPECIFIED.);
#4182=ORIENTED_EDGE('',*,*,#2557,.F.);
#4184=ORIENTED_EDGE('',*,*,#4183,.T.);
#4186=ORIENTED_EDGE('',*,*,#4185,.T.);
#4187=ORIENTED_EDGE('',*,*,#4137,.F.);
#4188=EDGE_LOOP('',(#4182,#4184,#4186,#4187));
#4189=FACE_OUTER_BOUND('',#4188,.F.);
#4190=ADVANCED_FACE('',(#4189),#4181,.T.);
#4191=CARTESIAN_POINT('',(3.523346926520E0,5.778591921266E0,4.164565147235E1));
#4192=CARTESIAN_POINT('',(3.686453429669E0,5.615913071982E0,4.166438858979E1));
#4193=CARTESIAN_POINT('',(3.849559932818E0,5.453234222698E0,4.168312570723E1));
#4194=CARTESIAN_POINT('',(4.012666435966E0,5.290555373414E0,4.170186282467E1));
#4195=CARTESIAN_POINT('',(3.516948915342E0,5.775096618175E0,4.167553448863E1));
#4196=CARTESIAN_POINT('',(3.680304230746E0,5.612543566119E0,4.169303106693E1));
#4197=CARTESIAN_POINT('',(3.843659546150E0,5.449990514064E0,4.171052764523E1));
#4198=CARTESIAN_POINT('',(4.007014861554E0,5.287437462008E0,4.172802422353E1));
#4199=CARTESIAN_POINT('',(3.468682633526E0,5.748363627299E0,4.190064126027E1));
#4200=CARTESIAN_POINT('',(3.633827784104E0,5.586759520648E0,4.190956103320E1));
#4201=CARTESIAN_POINT('',(3.798972934683E0,5.425155413996E0,4.191848080613E1));
#4202=CARTESIAN_POINT('',(3.964118085262E0,5.263551307345E0,4.192740057907E1));
#4203=CARTESIAN_POINT('',(3.382573102957E0,5.692160192760E0,4.232965860814E1));
#4204=CARTESIAN_POINT('',(3.550031531211E0,5.532656490580E0,4.232959341817E1));
#4205=CARTESIAN_POINT('',(3.717489959464E0,5.373152788400E0,4.232952822819E1));
#4206=CARTESIAN_POINT('',(3.884948387718E0,5.213649086220E0,4.232946303821E1));
#4207=CARTESIAN_POINT('',(3.388708855549E0,5.609306178175E0,4.290822217802E1));
#4208=CARTESIAN_POINT('',(3.557862377113E0,5.457647695196E0,4.286131880608E1));
#4209=CARTESIAN_POINT('',(3.727015898676E0,5.305989212216E0,4.281441543413E1));
#4210=CARTESIAN_POINT('',(3.896169420240E0,5.154330729236E0,4.276751206218E1));
#4211=CARTESIAN_POINT('',(3.542546905704E0,5.533605948261E0,4.341812906217E1));
#4212=CARTESIAN_POINT('',(3.698475292905E0,5.389447071206E0,4.332507937260E1));
#4213=CARTESIAN_POINT('',(3.854403680105E0,5.245288194152E0,4.323202968302E1));
#4214=CARTESIAN_POINT('',(4.010332067306E0,5.101129317098E0,4.313897999345E1));
#4215=CARTESIAN_POINT('',(3.720335915719E0,5.492413999804E0,4.369894379051E1));
#4216=CARTESIAN_POINT('',(3.859917700618E0,5.352346503729E0,4.357859397185E1));
#4217=CARTESIAN_POINT('',(3.999499485517E0,5.212279007653E0,4.345824415319E1));
#4218=CARTESIAN_POINT('',(4.139081270417E0,5.072211511578E0,4.333789433454E1));
#4219=CARTESIAN_POINT('',(3.844979499210E0,5.471948368303E0,4.384358357392E1));
#4220=CARTESIAN_POINT('',(3.973078529216E0,5.333840728387E0,4.370944251534E1));
#4221=CARTESIAN_POINT('',(4.101177559223E0,5.195733088471E0,4.357530145676E1));
#4222=CARTESIAN_POINT('',(4.229276589229E0,5.057625448555E0,4.344116039817E1));
#4223=CARTESIAN_POINT('',(3.868595992011E0,5.468275167363E0,4.386975281697E1));
#4224=CARTESIAN_POINT('',(3.994520302383E0,5.330516112862E0,4.373313408312E1));
#4225=CARTESIAN_POINT('',(4.120444612755E0,5.192757058362E0,4.359651534927E1));
#4226=CARTESIAN_POINT('',(4.246368923127E0,5.054998003861E0,4.345989661541E1));
#4227=B_SPLINE_SURFACE_WITH_KNOTS('',3,3,((#4191,#4192,#4193,#4194),(#4195,
#4196,#4197,#4198),(#4199,#4200,#4201,#4202),(#4203,#4204,#4205,#4206),(#4207,
#4208,#4209,#4210),(#4211,#4212,#4213,#4214),(#4215,#4216,#4217,#4218),(#4219,
#4220,#4221,#4222),(#4223,#4224,#4225,#4226)),.UNSPECIFIED.,.F.,.F.,.F.,(4,1,1,
1,1,1,4),(4,4),(-3.842721123093E-2,0.E0,2.5E-1,5.E-1,7.5E-1,1.E0,
1.055629793555E0),(-3.170951183789E-1,1.317095118379E0),.UNSPECIFIED.);
#4228=ORIENTED_EDGE('',*,*,#2546,.F.);
#4229=ORIENTED_EDGE('',*,*,#2528,.T.);
#4231=ORIENTED_EDGE('',*,*,#4230,.T.);
#4232=ORIENTED_EDGE('',*,*,#4183,.F.);
#4233=EDGE_LOOP('',(#4228,#4229,#4231,#4232));
#4234=FACE_OUTER_BOUND('',#4233,.F.);
#4235=ADVANCED_FACE('',(#4234),#4227,.T.);
#4236=CARTESIAN_POINT('',(3.344241412301E0,2.130583467225E1,4.438644341828E1));
#4237=CARTESIAN_POINT('',(3.283321286538E0,2.125197369359E1,4.468577941060E1));
#4238=CARTESIAN_POINT('',(3.141927291122E0,2.114239442848E1,4.529106375515E1));
#4239=CARTESIAN_POINT('',(3.373898829397E0,2.100364054763E1,4.614486327984E1));
#4240=CARTESIAN_POINT('',(4.072683709926E0,2.093341421936E1,4.670056555261E1));
#4241=CARTESIAN_POINT('',(4.692486686251E0,2.093557761620E1,4.681976540702E1));
#4242=CARTESIAN_POINT('',(4.995339781008E0,2.093511804285E1,4.688680341737E1));
#4244=DIRECTION('',(-3.610348622615E-2,9.848077530122E-1,1.698535483567E-1));
#4245=VECTOR('',#4244,1.E0);
#4246=SURFACE_OF_LINEAR_EXTRUSION('',#4243,#4245);
#4248=ORIENTED_EDGE('',*,*,#4247,.F.);
#4249=ORIENTED_EDGE('',*,*,#4185,.F.);
#4250=ORIENTED_EDGE('',*,*,#4230,.F.);
#4251=ORIENTED_EDGE('',*,*,#2513,.F.);
#4252=ORIENTED_EDGE('',*,*,#2763,.F.);
#4253=ORIENTED_EDGE('',*,*,#2810,.F.);
#4254=EDGE_LOOP('',(#4248,#4249,#4250,#4251,#4252,#4253));
#4255=FACE_OUTER_BOUND('',#4254,.F.);
#4256=ADVANCED_FACE('',(#4255),#4246,.F.);
#4257=CARTESIAN_POINT('',(3.477956048996E0,5.376470161492E0,4.375918256175E1));
#4258=DIRECTION('',(-2.047530450592E-1,-1.736481776669E-1,9.632873407929E-1));
#4259=DIRECTION('',(9.781476007338E-1,0.E0,2.079116908178E-1));
#4260=AXIS2_PLACEMENT_3D('',#4257,#4258,#4259);
#4261=PLANE('',#4260);
#4263=ORIENTED_EDGE('',*,*,#4262,.F.);
#4264=ORIENTED_EDGE('',*,*,#4139,.F.);
#4265=ORIENTED_EDGE('',*,*,#4247,.T.);
#4266=ORIENTED_EDGE('',*,*,#2824,.F.);
#4267=EDGE_LOOP('',(#4263,#4264,#4265,#4266));
#4268=FACE_OUTER_BOUND('',#4267,.F.);
#4269=ADVANCED_FACE('',(#4268),#4261,.F.);
#4270=CARTESIAN_POINT('',(8.102983166787E0,2.125912181978E1,5.085934469614E1));
#4271=CARTESIAN_POINT('',(8.194334379120E0,2.133800125984E1,5.042142045133E1));
#4272=CARTESIAN_POINT('',(8.388005912684E0,2.149805252546E1,4.953461230880E1));
#4273=CARTESIAN_POINT('',(8.039327943289E0,2.169988830243E1,4.829025839155E1));
#4274=CARTESIAN_POINT('',(7.025207241664E0,2.180403800728E1,4.747084230671E1));
#4275=CARTESIAN_POINT('',(6.122613690171E0,2.180315907565E1,4.728408615428E1));
#4276=CARTESIAN_POINT('',(5.678638495302E0,2.180345334002E1,4.718801017393E1));
#4278=DIRECTION('',(-3.610348622615E-2,9.848077530122E-1,1.698535483567E-1));
#4279=VECTOR('',#4278,1.E0);
#4280=SURFACE_OF_LINEAR_EXTRUSION('',#4277,#4279);
#4281=ORIENTED_EDGE('',*,*,#4262,.T.);
#4282=ORIENTED_EDGE('',*,*,#2886,.F.);
#4284=ORIENTED_EDGE('',*,*,#4283,.F.);
#4285=ORIENTED_EDGE('',*,*,#4125,.F.);
#4286=EDGE_LOOP('',(#4281,#4282,#4284,#4285));
#4287=FACE_OUTER_BOUND('',#4286,.F.);
#4288=ADVANCED_FACE('',(#4287),#4280,.T.);
#4289=CARTESIAN_POINT('',(9.346841653398E0,5.376470161492E0,4.500665270666E1));
#4290=DIRECTION('',(-9.781476007338E-1,0.E0,-2.079116908178E-1));
#4291=DIRECTION('',(-2.047530450592E-1,-1.736481776669E-1,9.632873407929E-1));
#4292=AXIS2_PLACEMENT_3D('',#4289,#4290,#4291);
#4293=PLANE('',#4292);
#4294=ORIENTED_EDGE('',*,*,#4283,.T.);
#4295=ORIENTED_EDGE('',*,*,#2900,.F.);
#4297=ORIENTED_EDGE('',*,*,#4296,.F.);
#4298=ORIENTED_EDGE('',*,*,#4063,.F.);
#4299=EDGE_LOOP('',(#4294,#4295,#4297,#4298));
#4300=FACE_OUTER_BOUND('',#4299,.F.);
#4301=ADVANCED_FACE('',(#4300),#4293,.F.);
#4302=CARTESIAN_POINT('',(-2.094638686396E0,2.076150665998E1,8.375840405227E1));
#4303=CARTESIAN_POINT('',(-1.649969542089E0,2.076180092435E1,8.385121525720E1));
#4304=CARTESIAN_POINT('',(-7.494487325112E-1,2.076092199272E1,
8.404772289365E1));
#4305=CARTESIAN_POINT('',(5.102831755896E-1,2.086507169757E1,8.371162910128E1));
#4306=CARTESIAN_POINT('',(1.334940685811E0,2.106690747454E1,8.271667533927E1));
#4307=CARTESIAN_POINT('',(1.518710302992E0,2.122695874016E1,8.182776247944E1));
#4308=CARTESIAN_POINT('',(1.613376655170E0,2.130583818022E1,8.139054288936E1));
#4310=DIRECTION('',(-3.610348622615E-2,9.848077530122E-1,1.698535483567E-1));
#4311=VECTOR('',#4310,1.E0);
#4312=SURFACE_OF_LINEAR_EXTRUSION('',#4309,#4311);
#4313=ORIENTED_EDGE('',*,*,#4296,.T.);
#4314=ORIENTED_EDGE('',*,*,#2962,.F.);
#4316=ORIENTED_EDGE('',*,*,#4315,.F.);
#4317=ORIENTED_EDGE('',*,*,#4049,.F.);
#4318=EDGE_LOOP('',(#4313,#4314,#4316,#4317));
#4319=FACE_OUTER_BOUND('',#4318,.F.);
#4320=ADVANCED_FACE('',(#4319),#4312,.T.);
#4321=CARTESIAN_POINT('',(1.770978986208E0,-1.048512412184E0,8.064828431600E1));
#4322=DIRECTION('',(2.047530450592E-1,1.736481776669E-1,-9.632873407929E-1));
#4323=DIRECTION('',(-9.781476007338E-1,0.E0,-2.079116908178E-1));
#4324=AXIS2_PLACEMENT_3D('',#4321,#4322,#4323);
#4325=PLANE('',#4324);
#4327=ORIENTED_EDGE('',*,*,#4326,.F.);
#4328=ORIENTED_EDGE('',*,*,#3987,.F.);
#4329=ORIENTED_EDGE('',*,*,#4315,.T.);
#4330=ORIENTED_EDGE('',*,*,#2976,.F.);
#4331=EDGE_LOOP('',(#4327,#4328,#4329,#4330));
#4332=FACE_OUTER_BOUND('',#4331,.F.);
#4333=ADVANCED_FACE('',(#4332),#4325,.F.);
#4334=CARTESIAN_POINT('',(-3.457840910773E1,2.130583818022E1,7.369774134690E1));
#4335=CARTESIAN_POINT('',(-3.466976032006E1,2.122695874016E1,7.413566559171E1));
#4336=CARTESIAN_POINT('',(-3.486343185363E1,2.106690747454E1,7.502247373423E1));
#4337=CARTESIAN_POINT('',(-3.451475388423E1,2.086507169757E1,7.626682765148E1));
#4338=CARTESIAN_POINT('',(-3.350063318261E1,2.076092199272E1,7.708624373632E1));
#4339=CARTESIAN_POINT('',(-3.259803963112E1,2.076180092435E1,7.727299988875E1));
#4340=CARTESIAN_POINT('',(-3.215406443625E1,2.076150665998E1,7.736907586910E1));
#4342=DIRECTION('',(-3.610348622615E-2,9.848077530122E-1,1.698535483567E-1));
#4343=VECTOR('',#4342,1.E0);
#4344=SURFACE_OF_LINEAR_EXTRUSION('',#4341,#4343);
#4345=ORIENTED_EDGE('',*,*,#4326,.T.);
#4346=ORIENTED_EDGE('',*,*,#3038,.F.);
#4348=ORIENTED_EDGE('',*,*,#4347,.F.);
#4349=ORIENTED_EDGE('',*,*,#3973,.F.);
#4350=EDGE_LOOP('',(#4345,#4346,#4348,#4349));
#4351=FACE_OUTER_BOUND('',#4350,.F.);
#4352=ADVANCED_FACE('',(#4351),#4344,.T.);
#4353=CARTESIAN_POINT('',(-3.442048224094E1,-1.048512412184E0,
7.295555175574E1));
#4354=DIRECTION('',(9.781476007338E-1,0.E0,2.079116908178E-1));
#4355=DIRECTION('',(2.047530450592E-1,1.736481776669E-1,-9.632873407929E-1));
#4356=AXIS2_PLACEMENT_3D('',#4353,#4354,#4355);
#4357=PLANE('',#4356);
#4359=ORIENTED_EDGE('',*,*,#4358,.F.);
#4360=ORIENTED_EDGE('',*,*,#3911,.F.);
#4361=ORIENTED_EDGE('',*,*,#4347,.T.);
#4362=ORIENTED_EDGE('',*,*,#3052,.F.);
#4363=EDGE_LOOP('',(#4359,#4360,#4361,#4362));
#4364=FACE_OUTER_BOUND('',#4363,.F.);
#4365=ADVANCED_FACE('',(#4364),#4357,.F.);
#4366=CARTESIAN_POINT('',(-2.438078725455E1,2.180345334002E1,4.079868199077E1));
#4367=CARTESIAN_POINT('',(-2.482545639886E1,2.180315907565E1,4.070587078584E1));
#4368=CARTESIAN_POINT('',(-2.572597720843E1,2.180403800728E1,4.050936314938E1));
#4369=CARTESIAN_POINT('',(-2.698570911653E1,2.169988830243E1,4.084545694175E1));
#4370=CARTESIAN_POINT('',(-2.781036662676E1,2.149805252546E1,4.184041070377E1));
#4371=CARTESIAN_POINT('',(-2.799413624394E1,2.133800125984E1,4.272932356359E1));
#4372=CARTESIAN_POINT('',(-2.808880259611E1,2.125912181978E1,4.316654315368E1));
#4374=DIRECTION('',(-3.610348622615E-2,9.848077530122E-1,1.698535483567E-1));
#4375=VECTOR('',#4374,1.E0);
#4376=SURFACE_OF_LINEAR_EXTRUSION('',#4373,#4375);
#4377=ORIENTED_EDGE('',*,*,#4358,.T.);
#4378=ORIENTED_EDGE('',*,*,#3114,.F.);
#4380=ORIENTED_EDGE('',*,*,#4379,.F.);
#4381=ORIENTED_EDGE('',*,*,#3897,.F.);
#4382=EDGE_LOOP('',(#4377,#4378,#4380,#4381));
#4383=FACE_OUTER_BOUND('',#4382,.F.);
#4384=ADVANCED_FACE('',(#4383),#4376,.T.);
#4385=CARTESIAN_POINT('',(-2.684461957375E1,5.376470161492E0,3.731392014640E1));
#4386=DIRECTION('',(-2.047530450592E-1,-1.736481776669E-1,9.632873407929E-1));
#4387=DIRECTION('',(9.781476007338E-1,0.E0,2.079116908178E-1));
#4388=AXIS2_PLACEMENT_3D('',#4385,#4386,#4387);
#4389=PLANE('',#4388);
#4390=ORIENTED_EDGE('',*,*,#4379,.T.);
#4391=ORIENTED_EDGE('',*,*,#3128,.F.);
#4393=ORIENTED_EDGE('',*,*,#4392,.T.);
#4394=ORIENTED_EDGE('',*,*,#3835,.F.);
#4395=EDGE_LOOP('',(#4390,#4391,#4393,#4394));
#4396=FACE_OUTER_BOUND('',#4395,.F.);
#4397=ADVANCED_FACE('',(#4396),#4389,.F.);
#4398=CARTESIAN_POINT('',(-1.954825935369E1,-2.125912532775E1,
3.184746728331E1));
#4399=CARTESIAN_POINT('',(-1.961435696619E1,-2.131298630641E1,
3.214570276685E1));
#4400=CARTESIAN_POINT('',(-1.973137844635E1,-2.142256557152E1,
3.275616764944E1));
#4401=CARTESIAN_POINT('',(-2.029056654397E1,-2.156131945237E1,
3.344180100220E1));
#4402=CARTESIAN_POINT('',(-2.115496277442E1,-2.163154578064E1,
3.366523887274E1));
#4403=CARTESIAN_POINT('',(-2.176966391672E1,-2.162938238380E1,
3.352203677634E1));
#4404=CARTESIAN_POINT('',(-2.207360080105E1,-2.162984195715E1,
3.346009759507E1));
#4406=DIRECTION('',(3.610348622615E-2,-9.848077530122E-1,-1.698535483567E-1));
#4407=VECTOR('',#4406,1.E0);
#4408=SURFACE_OF_LINEAR_EXTRUSION('',#4405,#4407);
#4409=ORIENTED_EDGE('',*,*,#4392,.F.);
#4410=ORIENTED_EDGE('',*,*,#3174,.F.);
#4411=ORIENTED_EDGE('',*,*,#3220,.F.);
#4413=ORIENTED_EDGE('',*,*,#4412,.F.);
#4414=ORIENTED_EDGE('',*,*,#3775,.F.);
#4415=ORIENTED_EDGE('',*,*,#3821,.F.);
#4416=EDGE_LOOP('',(#4409,#4410,#4411,#4413,#4414,#4415));
#4417=FACE_OUTER_BOUND('',#4416,.F.);
#4418=ADVANCED_FACE('',(#4417),#4408,.F.);
#4419=CARTESIAN_POINT('',(-1.222684500917E1,0.E0,-2.598896135222E0));
#4420=DIRECTION('',(-9.781476007338E-1,0.E0,-2.079116908178E-1));
#4421=DIRECTION('',(0.E0,-1.E0,0.E0));
#4422=AXIS2_PLACEMENT_3D('',#4419,#4420,#4421);
#4423=PLANE('',#4422);
#4424=ORIENTED_EDGE('',*,*,#3715,.F.);
#4425=ORIENTED_EDGE('',*,*,#3729,.F.);
#4426=ORIENTED_EDGE('',*,*,#4412,.T.);
#4427=ORIENTED_EDGE('',*,*,#3234,.F.);
#4428=ORIENTED_EDGE('',*,*,#3278,.F.);
#4429=ORIENTED_EDGE('',*,*,#3635,.T.);
#4430=ORIENTED_EDGE('',*,*,#3685,.T.);
#4431=EDGE_LOOP('',(#4424,#4425,#4426,#4427,#4428,#4429,#4430));
#4432=FACE_OUTER_BOUND('',#4431,.F.);
#4433=ADVANCED_FACE('',(#4432),#4423,.T.);
#4434=CARTESIAN_POINT('',(3.090860900556E-13,5.750002273629E0,
2.797762022055E-13));
#4435=DIRECTION('',(0.E0,-1.E0,0.E0));
#4436=DIRECTION('',(0.E0,0.E0,-1.E0));
#4437=AXIS2_PLACEMENT_3D('',#4434,#4435,#4436);
#4438=CONICAL_SURFACE('',#4437,3.434999772637E1,4.5E1);
#4439=ORIENTED_EDGE('',*,*,#2253,.F.);
#4440=ORIENTED_EDGE('',*,*,#3702,.T.);
#4441=ORIENTED_EDGE('',*,*,#2072,.T.);
#4442=ORIENTED_EDGE('',*,*,#2197,.F.);
#4443=EDGE_LOOP('',(#4439,#4440,#4441,#4442));
#4444=FACE_OUTER_BOUND('',#4443,.F.);
#4445=ADVANCED_FACE('',(#4444),#4438,.T.);
#4446=CARTESIAN_POINT('',(-1.049014125098E1,1.491960427083E0,6.331248790482E1));
#4447=DIRECTION('',(9.781476007338E-1,0.E0,2.079116908178E-1));
#4448=DIRECTION('',(2.047530450592E-1,1.736481776669E-1,-9.632873407929E-1));
#4449=AXIS2_PLACEMENT_3D('',#4446,#4447,#4448);
#4450=PLANE('',#4449);
#4451=ORIENTED_EDGE('',*,*,#2593,.F.);
#4453=ORIENTED_EDGE('',*,*,#4452,.T.);
#4455=ORIENTED_EDGE('',*,*,#4454,.T.);
#4457=ORIENTED_EDGE('',*,*,#4456,.F.);
#4458=EDGE_LOOP('',(#4451,#4453,#4455,#4457));
#4459=FACE_OUTER_BOUND('',#4458,.F.);
#4460=ADVANCED_FACE('',(#4459),#4450,.F.);
#4461=CARTESIAN_POINT('',(-1.143649905469E1,1.491960427083E0,6.311133334396E1));
#4462=DIRECTION('',(-2.047530450592E-1,-1.736481776669E-1,9.632873407929E-1));
#4463=DIRECTION('',(9.781476007338E-1,0.E0,2.079116908178E-1));
#4464=AXIS2_PLACEMENT_3D('',#4461,#4462,#4463);
#4465=PLANE('',#4464);
#4466=ORIENTED_EDGE('',*,*,#2603,.F.);
#4468=ORIENTED_EDGE('',*,*,#4467,.T.);
#4470=ORIENTED_EDGE('',*,*,#4469,.T.);
#4471=ORIENTED_EDGE('',*,*,#4452,.F.);
#4472=EDGE_LOOP('',(#4466,#4468,#4470,#4471));
#4473=FACE_OUTER_BOUND('',#4472,.F.);
#4474=ADVANCED_FACE('',(#4473),#4465,.F.);
#4475=CARTESIAN_POINT('',(-1.005402391974E1,2.664418144548E0,5.660729919846E1));
#4476=DIRECTION('',(-9.781476007338E-1,0.E0,-2.079116908178E-1));
#4477=DIRECTION('',(-2.047530450592E-1,-1.736481776669E-1,9.632873407929E-1));
#4478=AXIS2_PLACEMENT_3D('',#4475,#4476,#4477);
#4479=PLANE('',#4478);
#4480=ORIENTED_EDGE('',*,*,#2601,.F.);
#4482=ORIENTED_EDGE('',*,*,#4481,.T.);
#4484=ORIENTED_EDGE('',*,*,#4483,.T.);
#4485=ORIENTED_EDGE('',*,*,#4467,.F.);
#4486=EDGE_LOOP('',(#4480,#4482,#4484,#4485));
#4487=FACE_OUTER_BOUND('',#4486,.F.);
#4488=ADVANCED_FACE('',(#4487),#4479,.F.);
#4489=CARTESIAN_POINT('',(-1.478581293829E1,2.664418144548E0,5.560152639413E1));
#4490=DIRECTION('',(-2.047530450592E-1,-1.736481776669E-1,9.632873407929E-1));
#4491=DIRECTION('',(9.781476007338E-1,0.E0,2.079116908178E-1));
#4492=AXIS2_PLACEMENT_3D('',#4489,#4490,#4491);
#4493=PLANE('',#4492);
#4494=ORIENTED_EDGE('',*,*,#2599,.F.);
#4496=ORIENTED_EDGE('',*,*,#4495,.T.);
#4498=ORIENTED_EDGE('',*,*,#4497,.T.);
#4499=ORIENTED_EDGE('',*,*,#4481,.F.);
#4500=EDGE_LOOP('',(#4494,#4496,#4498,#4499));
#4501=FACE_OUTER_BOUND('',#4500,.F.);
#4502=ADVANCED_FACE('',(#4501),#4493,.F.);
#4503=CARTESIAN_POINT('',(-1.458349950448E1,2.835997322225E0,5.464971652189E1));
#4504=DIRECTION('',(-9.781476007338E-1,0.E0,-2.079116908178E-1));
#4505=DIRECTION('',(-2.047530450592E-1,-1.736481776669E-1,9.632873407929E-1));
#4506=AXIS2_PLACEMENT_3D('',#4503,#4504,#4505);
#4507=PLANE('',#4506);
#4508=ORIENTED_EDGE('',*,*,#2597,.F.);
#4510=ORIENTED_EDGE('',*,*,#4509,.T.);
#4512=ORIENTED_EDGE('',*,*,#4511,.T.);
#4513=ORIENTED_EDGE('',*,*,#4495,.F.);
#4514=EDGE_LOOP('',(#4508,#4510,#4512,#4513));
#4515=FACE_OUTER_BOUND('',#4514,.F.);
#4516=ADVANCED_FACE('',(#4515),#4507,.F.);
#4517=CARTESIAN_POINT('',(-8.905352682218E0,2.835997322225E0,5.585664388709E1));
#4518=DIRECTION('',(2.047530450592E-1,1.736481776669E-1,-9.632873407929E-1));
#4519=DIRECTION('',(-9.781476007338E-1,0.E0,-2.079116908178E-1));
#4520=AXIS2_PLACEMENT_3D('',#4517,#4518,#4519);
#4521=PLANE('',#4520);
#4522=ORIENTED_EDGE('',*,*,#2595,.F.);
#4523=ORIENTED_EDGE('',*,*,#4456,.T.);
#4525=ORIENTED_EDGE('',*,*,#4524,.T.);
#4526=ORIENTED_EDGE('',*,*,#4509,.F.);
#4527=EDGE_LOOP('',(#4522,#4523,#4525,#4526));
#4528=FACE_OUTER_BOUND('',#4527,.F.);
#4529=ADVANCED_FACE('',(#4528),#4521,.F.);
#4530=CARTESIAN_POINT('',(-4.513612932321E-1,1.231194401007E1,
2.123487930393E0));
#4531=DIRECTION('',(-3.610348622615E-2,9.848077530122E-1,1.698535483567E-1));
#4532=DIRECTION('',(-9.993480566261E-1,-3.557818811028E-2,-6.136305767445E-3));
#4533=AXIS2_PLACEMENT_3D('',#4530,#4531,#4532);
#4534=PLANE('',#4533);
#4535=ORIENTED_EDGE('',*,*,#4454,.F.);
#4536=ORIENTED_EDGE('',*,*,#4469,.F.);
#4537=ORIENTED_EDGE('',*,*,#4483,.F.);
#4538=ORIENTED_EDGE('',*,*,#4497,.F.);
#4539=ORIENTED_EDGE('',*,*,#4511,.F.);
#4540=ORIENTED_EDGE('',*,*,#4524,.F.);
#4541=EDGE_LOOP('',(#4535,#4536,#4537,#4538,#4539,#4540));
#4542=FACE_OUTER_BOUND('',#4541,.F.);
#4543=ADVANCED_FACE('',(#4542),#4534,.T.);
#4544=CARTESIAN_POINT('',(4.764712321136E0,5.75E0,3.698401010857E1));
#4545=DIRECTION('',(-6.916548014802E-1,-7.071067811865E-1,-1.470157664652E-1));
#4546=DIRECTION('',(6.916548014802E-1,-7.071067811865E-1,1.470157664652E-1));
#4547=AXIS2_PLACEMENT_3D('',#4544,#4545,#4546);
#4548=PLANE('',#4547);
#4549=ORIENTED_EDGE('',*,*,#2245,.F.);
#4550=ORIENTED_EDGE('',*,*,#2405,.T.);
#4551=ORIENTED_EDGE('',*,*,#2505,.T.);
#4552=ORIENTED_EDGE('',*,*,#2525,.F.);
#4553=EDGE_LOOP('',(#4549,#4550,#4551,#4552));
#4554=FACE_OUTER_BOUND('',#4553,.F.);
#4555=ADVANCED_FACE('',(#4554),#4548,.F.);
#4556=CARTESIAN_POINT('',(3.145096795843E1,2.842170943040E-14,
8.462951676959E0));
#4557=DIRECTION('',(-5.709328333910E-1,0.E0,8.209967720741E-1));
#4558=DIRECTION('',(8.209967720741E-1,0.E0,5.709328333910E-1));
#4559=AXIS2_PLACEMENT_3D('',#4556,#4557,#4558);
#4560=PLANE('',#4559);
#4561=ORIENTED_EDGE('',*,*,#2361,.T.);
#4562=ORIENTED_EDGE('',*,*,#2378,.T.);
#4563=ORIENTED_EDGE('',*,*,#2268,.T.);
#4564=ORIENTED_EDGE('',*,*,#2286,.F.);
#4565=ORIENTED_EDGE('',*,*,#2331,.T.);
#4566=ORIENTED_EDGE('',*,*,#2348,.F.);
#4567=EDGE_LOOP('',(#4561,#4562,#4563,#4564,#4565,#4566));
#4568=FACE_OUTER_BOUND('',#4567,.F.);
#4569=ADVANCED_FACE('',(#4568),#4560,.F.);
#4570=CARTESIAN_POINT('',(-2.956577744812E1,0.E0,8.075905039049E0));
#4571=DIRECTION('',(-4.957763640761E-1,0.E0,8.684502270271E-1));
#4572=DIRECTION('',(-8.684502270271E-1,0.E0,-4.957763640761E-1));
#4573=AXIS2_PLACEMENT_3D('',#4570,#4571,#4572);
#4574=PLANE('',#4573);
#4575=ORIENTED_EDGE('',*,*,#1960,.T.);
#4576=ORIENTED_EDGE('',*,*,#1937,.T.);
#4577=ORIENTED_EDGE('',*,*,#1920,.T.);
#4578=ORIENTED_EDGE('',*,*,#2317,.T.);
#4579=ORIENTED_EDGE('',*,*,#1971,.F.);
#4580=EDGE_LOOP('',(#4575,#4576,#4577,#4578,#4579));
#4581=FACE_OUTER_BOUND('',#4580,.F.);
#4582=ADVANCED_FACE('',(#4581),#4574,.F.);
#4586=DIMENSIONAL_EXPONENTS(0.E0,0.E0,0.E0,0.E0,0.E0,0.E0,0.E0);
#4588=PLANE_ANGLE_MEASURE_WITH_UNIT(PLANE_ANGLE_MEASURE(1.745329251994E-2),
#4587);
#4589=(CONVERSION_BASED_UNIT('DEGREE',#4588)NAMED_UNIT(*)PLANE_ANGLE_UNIT());
#4591=UNCERTAINTY_MEASURE_WITH_UNIT(LENGTH_MEASURE(1.121055698412E-2),#4585,
'closure',
'Maximum model space distance between geometric entities at asserted connectivities');
#4592=(GEOMETRIC_REPRESENTATION_CONTEXT(3)GLOBAL_UNCERTAINTY_ASSIGNED_CONTEXT((
#4591))GLOBAL_UNIT_ASSIGNED_CONTEXT((#4585,#4589,#4590))REPRESENTATION_CONTEXT(
'ID1','3'));
#4594=APPLICATION_CONTEXT(
'CONFIGURATION CONTROLLED 3D DESIGNS OF MECHANICAL PARTS AND ASSEMBLIES');
#4595=APPLICATION_PROTOCOL_DEFINITION('international standard',
'config_control_design',1994,#4594);
#4596=DESIGN_CONTEXT('',#4594,'design');
#4597=MECHANICAL_CONTEXT('',#4594,'mechanical');
#4598=PRODUCT('_L0016','_L0016','NOT SPECIFIED',(#4597));
#4599=PRODUCT_DEFINITION_FORMATION_WITH_SPECIFIED_SOURCE('2','LAST_VERSION',
#4598,.MADE.);
#4603=PRODUCT_CATEGORY('part','');
#4604=PRODUCT_RELATED_PRODUCT_CATEGORY('detail','',(#4598));
#4605=PRODUCT_CATEGORY_RELATIONSHIP('','',#4603,#4604);
#4606=SECURITY_CLASSIFICATION_LEVEL('unclassified');
#4607=SECURITY_CLASSIFICATION('','',#4606);
#4608=CC_DESIGN_SECURITY_CLASSIFICATION(#4607,(#4599));
#4609=APPROVAL_STATUS('approved');
#4610=APPROVAL(#4609,'');
#4611=CC_DESIGN_APPROVAL(#4610,(#4607,#4599,#4600));
#4612=CALENDAR_DATE(126,26,3);
#4613=COORDINATED_UNIVERSAL_TIME_OFFSET(8,0,.AHEAD.);
#4614=LOCAL_TIME(18,21,1.2E1,#4613);
#4615=DATE_AND_TIME(#4612,#4614);
#4616=APPROVAL_DATE_TIME(#4615,#4610);
#4617=DATE_TIME_ROLE('creation_date');
#4618=CC_DESIGN_DATE_AND_TIME_ASSIGNMENT(#4615,#4617,(#4600));
#4619=DATE_TIME_ROLE('classification_date');
#4620=CC_DESIGN_DATE_AND_TIME_ASSIGNMENT(#4615,#4619,(#4607));
#4621=PERSON('UNSPECIFIED','UNSPECIFIED',$,$,$,$);
#4622=ORGANIZATION('UNSPECIFIED','UNSPECIFIED','UNSPECIFIED');
#4623=PERSON_AND_ORGANIZATION(#4621,#4622);
#4624=APPROVAL_ROLE('approver');
#4625=APPROVAL_PERSON_ORGANIZATION(#4623,#4610,#4624);
#4626=PERSON_AND_ORGANIZATION_ROLE('creator');
#4627=CC_DESIGN_PERSON_AND_ORGANIZATION_ASSIGNMENT(#4623,#4626,(#4599,#4600));
#4628=PERSON_AND_ORGANIZATION_ROLE('design_supplier');
#4629=CC_DESIGN_PERSON_AND_ORGANIZATION_ASSIGNMENT(#4623,#4628,(#4599));
#4630=PERSON_AND_ORGANIZATION_ROLE('classification_officer');
#4631=CC_DESIGN_PERSON_AND_ORGANIZATION_ASSIGNMENT(#4623,#4630,(#4607));
#4632=PERSON_AND_ORGANIZATION_ROLE('design_owner');
#4633=CC_DESIGN_PERSON_AND_ORGANIZATION_ASSIGNMENT(#4623,#4632,(#4598));
#6=CIRCLE('',#5,4.2E0);
#19=CIRCLE('',#18,4.2E0);
#24=CIRCLE('',#23,3.420000140979E1);
#29=CIRCLE('',#28,3.450000087929E1);
#39=B_SPLINE_CURVE_WITH_KNOTS('',3,(#34,#35,#36,#37,#38),.UNSPECIFIED.,.F.,.F.,(
4,1,4),(0.E0,5.E-1,1.E0),.UNSPECIFIED.);
#53=B_SPLINE_CURVE_WITH_KNOTS('',3,(#48,#49,#50,#51,#52),.UNSPECIFIED.,.F.,.F.,(
4,1,4),(0.E0,5.E-1,1.E0),.UNSPECIFIED.);
#78=CIRCLE('',#77,3.049996577358E1);
#83=CIRCLE('',#82,3.149999340081E1);
#98=B_SPLINE_CURVE_WITH_KNOTS('',3,(#84,#85,#86,#87,#88,#89,#90,#91,#92,#93,#94,
#95,#96,#97),.UNSPECIFIED.,.F.,.F.,(4,1,1,1,1,1,1,1,1,1,1,4),(0.E0,
9.090909090909E-2,1.818181818182E-1,2.727272727273E-1,3.636363636364E-1,
4.545454545455E-1,5.454545454545E-1,6.363636363636E-1,7.272727272727E-1,
8.181818181818E-1,9.090909090909E-1,1.E0),.UNSPECIFIED.);
#113=B_SPLINE_CURVE_WITH_KNOTS('',3,(#99,#100,#101,#102,#103,#104,#105,#106,
#107,#108,#109,#110,#111,#112),.UNSPECIFIED.,.F.,.F.,(4,1,1,1,1,1,1,1,1,1,1,4),(
0.E0,9.090909090909E-2,1.818181818182E-1,2.727272727273E-1,3.636363636364E-1,
4.545454545455E-1,5.454545454545E-1,6.363636363636E-1,7.272727272727E-1,
8.181818181818E-1,9.090909090909E-1,1.E0),.UNSPECIFIED.);
#128=B_SPLINE_CURVE_WITH_KNOTS('',3,(#114,#115,#116,#117,#118,#119,#120,#121,
#122,#123,#124,#125,#126,#127),.UNSPECIFIED.,.F.,.F.,(4,1,1,1,1,1,1,1,1,1,1,4),(
0.E0,9.090909090909E-2,1.818181818182E-1,2.727272727273E-1,3.636363636364E-1,
4.545454545455E-1,5.454545454545E-1,6.363636363636E-1,7.272727272727E-1,
8.181818181818E-1,9.090909090909E-1,1.E0),.UNSPECIFIED.);
#143=B_SPLINE_CURVE_WITH_KNOTS('',3,(#129,#130,#131,#132,#133,#134,#135,#136,
#137,#138,#139,#140,#141,#142),.UNSPECIFIED.,.F.,.F.,(4,1,1,1,1,1,1,1,1,1,1,4),(
0.E0,9.090909090909E-2,1.818181818182E-1,2.727272727273E-1,3.636363636364E-1,
4.545454545455E-1,5.454545454545E-1,6.363636363636E-1,7.272727272727E-1,
8.181818181818E-1,9.090909090909E-1,1.E0),.UNSPECIFIED.);
#164=CIRCLE('',#163,1.65E0);
#169=CIRCLE('',#168,1.65E0);
#174=CIRCLE('',#173,3.25E0);
#183=CIRCLE('',#182,3.25E0);
#204=B_SPLINE_CURVE_WITH_KNOTS('',3,(#188,#189,#190,#191,#192,#193,#194,#195,
#196,#197,#198,#199,#200,#201,#202,#203),.UNSPECIFIED.,.F.,.F.,(4,1,1,1,1,1,1,1,
1,1,1,1,1,4),(0.E0,7.692307692308E-2,1.538461538462E-1,2.307692307692E-1,
3.076923076923E-1,3.846153846154E-1,4.615384615385E-1,5.384615384615E-1,
6.153846153846E-1,6.923076923077E-1,7.692307692308E-1,8.461538461538E-1,
9.230769230769E-1,1.E0),.UNSPECIFIED.);
#221=B_SPLINE_CURVE_WITH_KNOTS('',3,(#205,#206,#207,#208,#209,#210,#211,#212,
#213,#214,#215,#216,#217,#218,#219,#220),.UNSPECIFIED.,.F.,.F.,(4,1,1,1,1,1,1,1,
1,1,1,1,1,4),(0.E0,7.692307692308E-2,1.538461538462E-1,2.307692307692E-1,
3.076923076923E-1,3.846153846154E-1,4.615384615385E-1,5.384615384615E-1,
6.153846153846E-1,6.923076923077E-1,7.692307692308E-1,8.461538461538E-1,
9.230769230769E-1,1.E0),.UNSPECIFIED.);
#238=B_SPLINE_CURVE_WITH_KNOTS('',3,(#222,#223,#224,#225,#226,#227,#228,#229,
#230,#231,#232,#233,#234,#235,#236,#237),.UNSPECIFIED.,.F.,.F.,(4,1,1,1,1,1,1,1,
1,1,1,1,1,4),(0.E0,7.692307692308E-2,1.538461538462E-1,2.307692307692E-1,
3.076923076923E-1,3.846153846154E-1,4.615384615385E-1,5.384615384615E-1,
6.153846153846E-1,6.923076923077E-1,7.692307692308E-1,8.461538461538E-1,
9.230769230769E-1,1.E0),.UNSPECIFIED.);
#255=B_SPLINE_CURVE_WITH_KNOTS('',3,(#239,#240,#241,#242,#243,#244,#245,#246,
#247,#248,#249,#250,#251,#252,#253,#254),.UNSPECIFIED.,.F.,.F.,(4,1,1,1,1,1,1,1,
1,1,1,1,1,4),(0.E0,7.692307692308E-2,1.538461538462E-1,2.307692307692E-1,
3.076923076923E-1,3.846153846154E-1,4.615384615385E-1,5.384615384615E-1,
6.153846153846E-1,6.923076923077E-1,7.692307692308E-1,8.461538461538E-1,
9.230769230769E-1,1.E0),.UNSPECIFIED.);
#264=CIRCLE('',#263,3.45E1);
#269=CIRCLE('',#268,3.45E1);
#287=B_SPLINE_CURVE_WITH_KNOTS('',3,(#270,#271,#272,#273,#274,#275,#276,#277,
#278,#279,#280,#281,#282,#283,#284,#285,#286),.UNSPECIFIED.,.F.,.F.,(4,1,1,1,1,
1,1,1,1,1,1,1,1,1,4),(0.E0,7.142857142857E-2,1.428571428571E-1,
2.142857142857E-1,2.857142857143E-1,3.571428571429E-1,4.285714285714E-1,5.E-1,
5.714285714286E-1,6.428571428571E-1,7.142857142857E-1,7.857142857143E-1,
8.571428571429E-1,9.285714285714E-1,1.E0),.UNSPECIFIED.);
#292=CIRCLE('',#291,3.45E1);
#297=CIRCLE('',#296,3.45E1);
#306=CIRCLE('',#305,3.25E0);
#315=CIRCLE('',#314,3.25E0);
#324=CIRCLE('',#323,1.65E0);
#329=CIRCLE('',#328,1.65E0);
#342=CIRCLE('',#341,4.5E0);
#347=CIRCLE('',#346,4.5E0);
#357=B_SPLINE_CURVE_WITH_KNOTS('',3,(#352,#353,#354,#355,#356),.UNSPECIFIED.,
.F.,.F.,(4,1,4),(0.E0,5.E-1,1.E0),.UNSPECIFIED.);
#371=B_SPLINE_CURVE_WITH_KNOTS('',3,(#366,#367,#368,#369,#370),.UNSPECIFIED.,
.F.,.F.,(4,1,4),(0.E0,5.E-1,1.E0),.UNSPECIFIED.);
#377=B_SPLINE_CURVE_WITH_KNOTS('',3,(#372,#373,#374,#375,#376),.UNSPECIFIED.,
.F.,.F.,(4,1,4),(0.E0,5.E-1,1.E0),.UNSPECIFIED.);
#383=B_SPLINE_CURVE_WITH_KNOTS('',3,(#378,#379,#380,#381,#382),.UNSPECIFIED.,
.F.,.F.,(4,1,4),(0.E0,5.E-1,1.E0),.UNSPECIFIED.);
#392=CIRCLE('',#391,4.2E0);
#397=CIRCLE('',#396,3.42E1);
#402=CIRCLE('',#401,3.3E0);
#419=CIRCLE('',#418,3.3E0);
#424=CIRCLE('',#423,3.42E1);
#429=CIRCLE('',#428,4.2E0);
#439=B_SPLINE_CURVE_WITH_KNOTS('',3,(#434,#435,#436,#437,#438),.UNSPECIFIED.,
.F.,.F.,(4,1,4),(0.E0,5.E-1,1.E0),.UNSPECIFIED.);
#469=B_SPLINE_CURVE_WITH_KNOTS('',3,(#464,#465,#466,#467,#468),.UNSPECIFIED.,
.F.,.F.,(4,1,4),(0.E0,5.E-1,1.E0),.UNSPECIFIED.);
#475=B_SPLINE_CURVE_WITH_KNOTS('',3,(#470,#471,#472,#473,#474),.UNSPECIFIED.,
.F.,.F.,(4,1,4),(0.E0,5.E-1,1.E0),.UNSPECIFIED.);
#480=CIRCLE('',#479,3.079999415897E1);
#486=B_SPLINE_CURVE_WITH_KNOTS('',3,(#481,#482,#483,#484,#485),.UNSPECIFIED.,
.F.,.F.,(4,1,4),(0.E0,5.E-1,1.E0),.UNSPECIFIED.);
#491=CIRCLE('',#490,3.049986913052E1);
#497=B_SPLINE_CURVE_WITH_KNOTS('',3,(#492,#493,#494,#495,#496),.UNSPECIFIED.,
.F.,.F.,(4,1,4),(0.E0,5.E-1,1.E0),.UNSPECIFIED.);
#503=B_SPLINE_CURVE_WITH_KNOTS('',3,(#498,#499,#500,#501,#502),.UNSPECIFIED.,
.F.,.F.,(4,1,4),(0.E0,5.E-1,1.E0),.UNSPECIFIED.);
#513=B_SPLINE_CURVE_WITH_KNOTS('',3,(#508,#509,#510,#511,#512),.UNSPECIFIED.,
.F.,.F.,(4,1,4),(0.E0,5.E-1,1.E0),.UNSPECIFIED.);
#518=CIRCLE('',#517,4.5E0);
#527=CIRCLE('',#526,4.5E0);
#537=B_SPLINE_CURVE_WITH_KNOTS('',3,(#532,#533,#534,#535,#536),.UNSPECIFIED.,
.F.,.F.,(4,1,4),(0.E0,5.E-1,1.E0),.UNSPECIFIED.);
#546=CIRCLE('',#545,3.E0);
#558=B_SPLINE_CURVE_WITH_KNOTS('',3,(#551,#552,#553,#554,#555,#556,#557),
.UNSPECIFIED.,.F.,.F.,(4,1,1,1,4),(0.E0,2.5E-1,5.E-1,7.5E-1,1.E0),
.UNSPECIFIED.);
#565=B_SPLINE_CURVE_WITH_KNOTS('',3,(#559,#560,#561,#562,#563,#564),
.UNSPECIFIED.,.F.,.F.,(4,1,1,4),(0.E0,3.333333333333E-1,6.666666666667E-1,1.E0),
.UNSPECIFIED.);
#571=B_SPLINE_CURVE_WITH_KNOTS('',3,(#566,#567,#568,#569,#570),.UNSPECIFIED.,
.F.,.F.,(4,1,4),(0.E0,5.E-1,1.E0),.UNSPECIFIED.);
#577=B_SPLINE_CURVE_WITH_KNOTS('',3,(#572,#573,#574,#575,#576),.UNSPECIFIED.,
.F.,.F.,(4,1,4),(0.E0,5.E-1,1.E0),.UNSPECIFIED.);
#589=B_SPLINE_CURVE_WITH_KNOTS('',3,(#582,#583,#584,#585,#586,#587,#588),
.UNSPECIFIED.,.F.,.F.,(4,1,1,1,4),(0.E0,2.5E-1,5.E-1,7.5E-1,1.E0),
.UNSPECIFIED.);
#594=CIRCLE('',#593,3.27E1);
#609=B_SPLINE_CURVE_WITH_KNOTS('',3,(#603,#604,#605,#606,#607,#608),
.UNSPECIFIED.,.F.,.F.,(4,1,1,4),(0.E0,4.461854667516E-1,8.923709880871E-1,1.E0),
.UNSPECIFIED.);
#614=CIRCLE('',#613,3.030028194089E1);
#626=B_SPLINE_CURVE_WITH_KNOTS('',3,(#619,#620,#621,#622,#623,#624,#625),
.UNSPECIFIED.,.F.,.F.,(4,1,1,1,4),(0.E0,2.499996151042E-1,4.999992690629E-1,
7.499989230216E-1,1.E0),.UNSPECIFIED.);
#631=CIRCLE('',#630,3.3E1);
#636=CIRCLE('',#635,3.3E1);
#644=B_SPLINE_CURVE_WITH_KNOTS('',3,(#637,#638,#639,#640,#641,#642,#643),
.UNSPECIFIED.,.F.,.F.,(4,1,1,1,4),(0.E0,2.500010611746E-1,5.000007211769E-1,
7.500003811793E-1,1.E0),.UNSPECIFIED.);
#649=CIRCLE('',#648,1.65E0);
#654=CIRCLE('',#653,1.65E0);
#659=CIRCLE('',#658,1.65E0);
#664=CIRCLE('',#663,1.65E0);
#676=B_SPLINE_CURVE_WITH_KNOTS('',3,(#669,#670,#671,#672,#673,#674,#675),
.UNSPECIFIED.,.F.,.F.,(4,1,1,1,4),(0.E0,2.500007642299E-1,5.000018217953E-1,
7.500028793607E-1,1.E0),.UNSPECIFIED.);
#692=B_SPLINE_CURVE_WITH_KNOTS('',3,(#681,#682,#683,#684,#685,#686,#687,#688,
#689,#690,#691),.UNSPECIFIED.,.F.,.F.,(4,1,1,1,1,1,1,1,4),(0.E0,
1.250000366311E-1,2.499998132826E-1,3.749995899342E-1,4.999993665857E-1,
6.249991432372E-1,7.499989198887E-1,8.749986965403E-1,1.E0),.UNSPECIFIED.);
#708=B_SPLINE_CURVE_WITH_KNOTS('',3,(#697,#698,#699,#700,#701,#702,#703,#704,
#705,#706,#707),.UNSPECIFIED.,.F.,.F.,(4,1,1,1,1,1,1,1,4),(0.E0,
1.250000366311E-1,2.499998132827E-1,3.749995899342E-1,4.999993665857E-1,
6.249991432372E-1,7.499989198887E-1,8.749986965403E-1,1.E0),.UNSPECIFIED.);
#724=B_SPLINE_CURVE_WITH_KNOTS('',3,(#713,#714,#715,#716,#717,#718,#719,#720,
#721,#722,#723),.UNSPECIFIED.,.F.,.F.,(4,1,1,1,1,1,1,1,4),(0.E0,
1.250000366311E-1,2.499998132826E-1,3.749995899342E-1,4.999993665857E-1,
6.249991432372E-1,7.499989198887E-1,8.749986965403E-1,1.E0),.UNSPECIFIED.);
#740=B_SPLINE_CURVE_WITH_KNOTS('',3,(#729,#730,#731,#732,#733,#734,#735,#736,
#737,#738,#739),.UNSPECIFIED.,.F.,.F.,(4,1,1,1,1,1,1,1,4),(0.E0,
1.250000366311E-1,2.499998132826E-1,3.749995899342E-1,4.999993665857E-1,
6.249991432372E-1,7.499989198887E-1,8.749986965403E-1,1.E0),.UNSPECIFIED.);
#752=B_SPLINE_CURVE_WITH_KNOTS('',3,(#745,#746,#747,#748,#749,#750,#751),
.UNSPECIFIED.,.F.,.F.,(4,1,1,1,4),(0.E0,2.499971378072E-1,4.999981886627E-1,
7.499992395183E-1,1.E0),.UNSPECIFIED.);
#789=CIRCLE('',#788,1.65E0);
#794=CIRCLE('',#793,1.65E0);
#799=CIRCLE('',#798,1.65E0);
#804=CIRCLE('',#803,1.65E0);
#816=B_SPLINE_CURVE_WITH_KNOTS('',3,(#809,#810,#811,#812,#813,#814,#815),
.UNSPECIFIED.,.F.,.F.,(4,1,1,1,4),(0.E0,2.500007569142E-1,5.000017949783E-1,
7.500028330425E-1,1.E0),.UNSPECIFIED.);
#832=B_SPLINE_CURVE_WITH_KNOTS('',3,(#821,#822,#823,#824,#825,#826,#827,#828,
#829,#830,#831),.UNSPECIFIED.,.F.,.F.,(4,1,1,1,1,1,1,1,4),(0.E0,
1.250012940027E-1,2.500010717368E-1,3.750008494710E-1,5.000006272052E-1,
6.250004049393E-1,7.500001826735E-1,8.749999604077E-1,1.E0),.UNSPECIFIED.);
#848=B_SPLINE_CURVE_WITH_KNOTS('',3,(#837,#838,#839,#840,#841,#842,#843,#844,
#845,#846,#847),.UNSPECIFIED.,.F.,.F.,(4,1,1,1,1,1,1,1,4),(0.E0,
1.250012940027E-1,2.500010717368E-1,3.750008494710E-1,5.000006272052E-1,
6.250004049393E-1,7.500001826735E-1,8.749999604077E-1,1.E0),.UNSPECIFIED.);
#864=B_SPLINE_CURVE_WITH_KNOTS('',3,(#853,#854,#855,#856,#857,#858,#859,#860,
#861,#862,#863),.UNSPECIFIED.,.F.,.F.,(4,1,1,1,1,1,1,1,4),(0.E0,
1.250012940027E-1,2.500010717368E-1,3.750008494710E-1,5.000006272052E-1,
6.250004049393E-1,7.500001826735E-1,8.749999604077E-1,1.E0),.UNSPECIFIED.);
#880=B_SPLINE_CURVE_WITH_KNOTS('',3,(#869,#870,#871,#872,#873,#874,#875,#876,
#877,#878,#879),.UNSPECIFIED.,.F.,.F.,(4,1,1,1,1,1,1,1,4),(0.E0,
1.250012940027E-1,2.500010717368E-1,3.750008494710E-1,5.000006272052E-1,
6.250004049393E-1,7.500001826735E-1,8.749999604077E-1,1.E0),.UNSPECIFIED.);
#892=B_SPLINE_CURVE_WITH_KNOTS('',3,(#885,#886,#887,#888,#889,#890,#891),
.UNSPECIFIED.,.F.,.F.,(4,1,1,1,4),(0.E0,2.499971847104E-1,4.999982159490E-1,
7.499992471876E-1,1.E0),.UNSPECIFIED.);
#908=B_SPLINE_CURVE_WITH_KNOTS('',3,(#901,#902,#903,#904,#905,#906,#907),
.UNSPECIFIED.,.F.,.F.,(4,1,1,1,4),(0.E0,2.499995509819E-1,4.999991144706E-1,
7.499986779593E-1,1.E0),.UNSPECIFIED.);
#913=CIRCLE('',#912,3.E1);
#933=B_SPLINE_CURVE_WITH_KNOTS('',3,(#914,#915,#916,#917,#918,#919,#920,#921,
#922,#923,#924,#925,#926,#927,#928,#929,#930,#931,#932),.UNSPECIFIED.,.F.,.F.,
(4,1,1,1,1,1,1,1,1,1,1,1,1,1,1,1,4),(0.E0,6.25E-2,1.25E-1,1.875E-1,2.5E-1,
3.125E-1,3.75E-1,4.375E-1,5.E-1,5.625E-1,6.25E-1,6.875E-1,7.5E-1,8.125E-1,
8.75E-1,9.375E-1,1.E0),.UNSPECIFIED.);
#938=CIRCLE('',#937,3.E1);
#946=B_SPLINE_CURVE_WITH_KNOTS('',3,(#939,#940,#941,#942,#943,#944,#945),
.UNSPECIFIED.,.F.,.F.,(4,1,1,1,4),(0.E0,2.500013124843E-1,5.000008793811E-1,
7.500004462779E-1,1.E0),.UNSPECIFIED.);
#1008=B_SPLINE_CURVE_WITH_KNOTS('',3,(#1003,#1004,#1005,#1006,#1007),
.UNSPECIFIED.,.F.,.F.,(4,1,4),(0.E0,5.E-1,1.E0),.UNSPECIFIED.);
#1016=B_SPLINE_CURVE_WITH_KNOTS('',3,(#1009,#1010,#1011,#1012,#1013,#1014,
#1015),.UNSPECIFIED.,.F.,.F.,(4,1,1,1,4),(0.E0,2.886906901062E-1,
5.773814161854E-1,8.660721422646E-1,1.E0),.UNSPECIFIED.);
#1022=B_SPLINE_CURVE_WITH_KNOTS('',3,(#1017,#1018,#1019,#1020,#1021),
.UNSPECIFIED.,.F.,.F.,(4,1,4),(0.E0,5.E-1,1.E0),.UNSPECIFIED.);
#1030=B_SPLINE_CURVE_WITH_KNOTS('',3,(#1023,#1024,#1025,#1026,#1027,#1028,
#1029),.UNSPECIFIED.,.F.,.F.,(4,1,1,1,4),(0.E0,1.359824019580E-1,
4.239882800971E-1,7.119941582361E-1,1.E0),.UNSPECIFIED.);
#1040=B_SPLINE_CURVE_WITH_KNOTS('',3,(#1035,#1036,#1037,#1038,#1039),
.UNSPECIFIED.,.F.,.F.,(4,1,4),(0.E0,5.E-1,1.E0),.UNSPECIFIED.);
#1062=B_SPLINE_CURVE_WITH_KNOTS('',3,(#1045,#1046,#1047,#1048,#1049,#1050,#1051,
#1052,#1053,#1054,#1055,#1056,#1057,#1058,#1059,#1060,#1061),.UNSPECIFIED.,.F.,
.F.,(4,1,1,1,1,1,1,1,1,1,1,1,1,1,4),(0.E0,7.142857142857E-2,1.428571428571E-1,
2.142857142857E-1,2.857142857143E-1,3.571428571429E-1,4.285714285714E-1,5.E-1,
5.714285714286E-1,6.428571428571E-1,7.142857142857E-1,7.857142857143E-1,
8.571428571429E-1,9.285714285714E-1,1.E0),.UNSPECIFIED.);
#1087=B_SPLINE_CURVE_WITH_KNOTS('',3,(#1067,#1068,#1069,#1070,#1071,#1072,#1073,
#1074,#1075,#1076,#1077,#1078,#1079,#1080,#1081,#1082,#1083,#1084,#1085,#1086),
.UNSPECIFIED.,.F.,.F.,(4,1,1,1,1,1,1,1,1,1,1,1,1,1,1,1,1,4),(0.E0,
5.882352941176E-2,1.176470588235E-1,1.764705882353E-1,2.352941176471E-1,
2.941176470588E-1,3.529411764706E-1,4.117647058824E-1,4.705882352941E-1,
5.294117647059E-1,5.882352941176E-1,6.470588235294E-1,7.058823529412E-1,
7.647058823529E-1,8.235294117647E-1,8.823529411765E-1,9.411764705882E-1,1.E0),
.UNSPECIFIED.);
#1095=B_SPLINE_CURVE_WITH_KNOTS('',3,(#1088,#1089,#1090,#1091,#1092,#1093,
#1094),.UNSPECIFIED.,.F.,.F.,(4,1,1,1,4),(0.E0,2.5E-1,5.E-1,7.5E-1,1.E0),
.UNSPECIFIED.);
#1102=B_SPLINE_CURVE_WITH_KNOTS('',3,(#1096,#1097,#1098,#1099,#1100,#1101),
.UNSPECIFIED.,.F.,.F.,(4,1,1,4),(0.E0,3.333333333333E-1,6.666666666667E-1,1.E0),
.UNSPECIFIED.);
#1107=CIRCLE('',#1106,4.E0);
#1112=CIRCLE('',#1111,3.999999992022E0);
#1119=B_SPLINE_CURVE_WITH_KNOTS('',3,(#1113,#1114,#1115,#1116,#1117,#1118),
.UNSPECIFIED.,.F.,.F.,(4,1,1,4),(0.E0,3.333333333333E-1,6.666666666667E-1,1.E0),
.UNSPECIFIED.);
#1125=B_SPLINE_CURVE_WITH_KNOTS('',3,(#1120,#1121,#1122,#1123,#1124),
.UNSPECIFIED.,.F.,.F.,(4,1,4),(0.E0,5.E-1,1.E0),.UNSPECIFIED.);
#1131=B_SPLINE_CURVE_WITH_KNOTS('',3,(#1126,#1127,#1128,#1129,#1130),
.UNSPECIFIED.,.F.,.F.,(4,1,4),(0.E0,5.E-1,1.E0),.UNSPECIFIED.);
#1137=B_SPLINE_CURVE_WITH_KNOTS('',3,(#1132,#1133,#1134,#1135,#1136),
.UNSPECIFIED.,.F.,.F.,(4,1,4),(0.E0,5.E-1,1.E0),.UNSPECIFIED.);
#1144=B_SPLINE_CURVE_WITH_KNOTS('',3,(#1138,#1139,#1140,#1141,#1142,#1143),
.UNSPECIFIED.,.F.,.F.,(4,1,1,4),(0.E0,3.333333333333E-1,6.666666666667E-1,1.E0),
.UNSPECIFIED.);
#1152=B_SPLINE_CURVE_WITH_KNOTS('',3,(#1145,#1146,#1147,#1148,#1149,#1150,
#1151),.UNSPECIFIED.,.F.,.F.,(4,1,1,1,4),(0.E0,2.5E-1,5.E-1,7.5E-1,1.E0),
.UNSPECIFIED.);
#1157=CIRCLE('',#1156,3.E0);
#1235=B_SPLINE_CURVE_WITH_KNOTS('',3,(#1230,#1231,#1232,#1233,#1234),
.UNSPECIFIED.,.F.,.F.,(4,1,4),(0.E0,5.E-1,1.E0),.UNSPECIFIED.);
#1243=B_SPLINE_CURVE_WITH_KNOTS('',3,(#1236,#1237,#1238,#1239,#1240,#1241,
#1242),.UNSPECIFIED.,.F.,.F.,(4,1,1,1,4),(0.E0,2.500009231829E-1,
5.000006154770E-1,7.500003077712E-1,1.E0),.UNSPECIFIED.);
#1255=B_SPLINE_CURVE_WITH_KNOTS('',3,(#1248,#1249,#1250,#1251,#1252,#1253,
#1254),.UNSPECIFIED.,.F.,.F.,(4,1,1,1,4),(0.E0,2.499995920750E-1,
4.999991926804E-1,7.499987932859E-1,1.E0),.UNSPECIFIED.);
#1261=B_SPLINE_CURVE_WITH_KNOTS('',3,(#1256,#1257,#1258,#1259,#1260),
.UNSPECIFIED.,.F.,.F.,(4,1,4),(0.E0,5.E-1,1.E0),.UNSPECIFIED.);
#1289=B_SPLINE_CURVE_WITH_KNOTS('',3,(#1278,#1279,#1280,#1281,#1282,#1283,#1284,
#1285,#1286,#1287,#1288),.UNSPECIFIED.,.F.,.F.,(4,1,1,1,1,1,1,1,4),(0.E0,
1.25E-1,2.5E-1,3.75E-1,5.E-1,6.25E-1,7.5E-1,8.75E-1,1.E0),.UNSPECIFIED.);
#1301=B_SPLINE_CURVE_WITH_KNOTS('',3,(#1290,#1291,#1292,#1293,#1294,#1295,#1296,
#1297,#1298,#1299,#1300),.UNSPECIFIED.,.F.,.F.,(4,1,1,1,1,1,1,1,4),(0.E0,
1.25E-1,2.5E-1,3.75E-1,5.E-1,6.25E-1,7.5E-1,8.75E-1,1.E0),.UNSPECIFIED.);
#1329=B_SPLINE_CURVE_WITH_KNOTS('',3,(#1318,#1319,#1320,#1321,#1322,#1323,#1324,
#1325,#1326,#1327,#1328),.UNSPECIFIED.,.F.,.F.,(4,1,1,1,1,1,1,1,4),(0.E0,
1.25E-1,2.5E-1,3.75E-1,5.E-1,6.25E-1,7.5E-1,8.75E-1,1.E0),.UNSPECIFIED.);
#1341=B_SPLINE_CURVE_WITH_KNOTS('',3,(#1330,#1331,#1332,#1333,#1334,#1335,#1336,
#1337,#1338,#1339,#1340),.UNSPECIFIED.,.F.,.F.,(4,1,1,1,1,1,1,1,4),(0.E0,
1.25E-1,2.5E-1,3.75E-1,5.E-1,6.25E-1,7.5E-1,8.75E-1,1.E0),.UNSPECIFIED.);
#1369=B_SPLINE_CURVE_WITH_KNOTS('',3,(#1358,#1359,#1360,#1361,#1362,#1363,#1364,
#1365,#1366,#1367,#1368),.UNSPECIFIED.,.F.,.F.,(4,1,1,1,1,1,1,1,4),(0.E0,
1.25E-1,2.5E-1,3.75E-1,5.E-1,6.25E-1,7.5E-1,8.75E-1,1.E0),.UNSPECIFIED.);
#1381=B_SPLINE_CURVE_WITH_KNOTS('',3,(#1370,#1371,#1372,#1373,#1374,#1375,#1376,
#1377,#1378,#1379,#1380),.UNSPECIFIED.,.F.,.F.,(4,1,1,1,1,1,1,1,4),(0.E0,
1.25E-1,2.5E-1,3.75E-1,5.E-1,6.25E-1,7.5E-1,8.75E-1,1.E0),.UNSPECIFIED.);
#1409=B_SPLINE_CURVE_WITH_KNOTS('',3,(#1398,#1399,#1400,#1401,#1402,#1403,#1404,
#1405,#1406,#1407,#1408),.UNSPECIFIED.,.F.,.F.,(4,1,1,1,1,1,1,1,4),(0.E0,
1.25E-1,2.5E-1,3.75E-1,5.E-1,6.25E-1,7.5E-1,8.75E-1,1.E0),.UNSPECIFIED.);
#1421=B_SPLINE_CURVE_WITH_KNOTS('',3,(#1410,#1411,#1412,#1413,#1414,#1415,#1416,
#1417,#1418,#1419,#1420),.UNSPECIFIED.,.F.,.F.,(4,1,1,1,1,1,1,1,4),(0.E0,
1.25E-1,2.5E-1,3.75E-1,5.E-1,6.25E-1,7.5E-1,8.75E-1,1.E0),.UNSPECIFIED.);
#1443=B_SPLINE_CURVE_WITH_KNOTS('',3,(#1438,#1439,#1440,#1441,#1442),
.UNSPECIFIED.,.F.,.F.,(4,1,4),(0.E0,5.E-1,1.E0),.UNSPECIFIED.);
#1451=B_SPLINE_CURVE_WITH_KNOTS('',3,(#1444,#1445,#1446,#1447,#1448,#1449,
#1450),.UNSPECIFIED.,.F.,.F.,(4,1,1,1,4),(0.E0,2.500011983666E-1,
5.000008019071E-1,7.500004054477E-1,1.E0),.UNSPECIFIED.);
#1463=B_SPLINE_CURVE_WITH_KNOTS('',3,(#1456,#1457,#1458,#1459,#1460,#1461,
#1462),.UNSPECIFIED.,.F.,.F.,(4,1,1,1,4),(0.E0,2.499996876619E-1,
4.999993753854E-1,7.499990631089E-1,1.E0),.UNSPECIFIED.);
#1469=B_SPLINE_CURVE_WITH_KNOTS('',3,(#1464,#1465,#1466,#1467,#1468),
.UNSPECIFIED.,.F.,.F.,(4,1,4),(0.E0,5.E-1,1.E0),.UNSPECIFIED.);
#1478=CIRCLE('',#1477,3.27E1);
#1483=CIRCLE('',#1482,3.029988974496E1);
#1490=B_SPLINE_CURVE_WITH_KNOTS('',3,(#1484,#1485,#1486,#1487,#1488,#1489),
.UNSPECIFIED.,.F.,.F.,(4,1,1,4),(0.E0,1.123794630080E-1,5.561897589872E-1,1.E0),
.UNSPECIFIED.);
#1552=B_SPLINE_CURVE_WITH_KNOTS('',3,(#1547,#1548,#1549,#1550,#1551),
.UNSPECIFIED.,.F.,.F.,(4,1,4),(0.E0,5.E-1,1.E0),.UNSPECIFIED.);
#1562=B_SPLINE_CURVE_WITH_KNOTS('',3,(#1557,#1558,#1559,#1560,#1561),
.UNSPECIFIED.,.F.,.F.,(4,1,4),(0.E0,5.E-1,1.E0),.UNSPECIFIED.);
#1861=EDGE_CURVE('',#1763,#1768,#24,.T.);
#1863=EDGE_CURVE('',#1768,#1769,#6,.T.);
#1865=EDGE_CURVE('',#1769,#1683,#10,.T.);
#1867=EDGE_CURVE('',#1683,#1684,#480,.T.);
#1869=EDGE_CURVE('',#1684,#1749,#14,.T.);
#1871=EDGE_CURVE('',#1749,#1763,#19,.T.);
#1882=EDGE_CURVE('',#1765,#1763,#43,.T.);
#1884=EDGE_CURVE('',#1772,#1765,#29,.T.);
#1886=EDGE_CURVE('',#1772,#1768,#33,.T.);
#1897=EDGE_CURVE('',#1749,#1786,#39,.T.);
#1899=EDGE_CURVE('',#1761,#1786,#371,.T.);
#1901=EDGE_CURVE('',#1761,#1765,#347,.T.);
#1912=EDGE_CURVE('',#1746,#1747,#69,.T.);
#1914=EDGE_CURVE('',#1786,#1747,#47,.T.);
#1918=EDGE_CURVE('',#1684,#1785,#53,.T.);
#1920=EDGE_CURVE('',#1746,#1785,#1566,.T.);
#1930=EDGE_CURVE('',#1828,#1829,#57,.T.);
#1932=EDGE_CURVE('',#1759,#1829,#61,.T.);
#1934=EDGE_CURVE('',#1759,#1747,#65,.T.);
#1937=EDGE_CURVE('',#1828,#1746,#73,.T.);
#1947=EDGE_CURVE('',#1822,#1823,#78,.T.);
#1949=EDGE_CURVE('',#1831,#1822,#469,.T.);
#1951=EDGE_CURVE('',#1831,#1830,#447,.T.);
#1953=EDGE_CURVE('',#1827,#1830,#439,.T.);
#1955=EDGE_CURVE('',#1826,#1827,#83,.T.);
#1957=EDGE_CURVE('',#1829,#1826,#377,.T.);
#1960=EDGE_CURVE('',#1823,#1828,#1562,.T.);
#1971=EDGE_CURVE('',#1823,#1687,#147,.T.);
#1973=EDGE_CURVE('',#1687,#1688,#491,.T.);
#1975=EDGE_CURVE('',#1822,#1688,#151,.T.);
#1979=EDGE_CURVE('',#1591,#1592,#128,.T.);
#1981=EDGE_CURVE('',#1592,#1591,#143,.T.);
#1985=EDGE_CURVE('',#1569,#1573,#98,.T.);
#1987=EDGE_CURVE('',#1573,#1569,#113,.T.);
#1997=EDGE_CURVE('',#1569,#1570,#155,.T.);
#1999=EDGE_CURVE('',#1570,#1574,#169,.T.);
#2001=EDGE_CURVE('',#1573,#1574,#159,.T.);
#2015=EDGE_CURVE('',#1570,#1574,#164,.T.);
#2025=EDGE_CURVE('',#1577,#1578,#174,.T.);
#2027=EDGE_CURVE('',#1577,#1578,#183,.T.);
#2041=EDGE_CURVE('',#1577,#1580,#178,.T.);
#2043=EDGE_CURVE('',#1580,#1582,#204,.T.);
#2045=EDGE_CURVE('',#1578,#1582,#187,.T.);
#2059=EDGE_CURVE('',#1582,#1580,#221,.T.);
#2070=EDGE_CURVE('',#1765,#1739,#259,.T.);
#2072=EDGE_CURVE('',#1704,#1739,#264,.T.);
#2074=EDGE_CURVE('',#1704,#1620,#1165,.T.);
#2076=EDGE_CURVE('',#1618,#1620,#269,.T.);
#2078=EDGE_CURVE('',#1616,#1618,#287,.T.);
#2080=EDGE_CURVE('',#1615,#1616,#292,.T.);
#2082=EDGE_CURVE('',#1615,#1696,#550,.T.);
#2084=EDGE_CURVE('',#1695,#1696,#297,.T.);
#2086=EDGE_CURVE('',#1772,#1695,#301,.T.);
#2090=EDGE_CURVE('',#1593,#1594,#238,.T.);
#2092=EDGE_CURVE('',#1594,#1593,#255,.T.);
#2107=EDGE_CURVE('',#1590,#1594,#319,.T.);
#2109=EDGE_CURVE('',#1589,#1590,#306,.T.);
#2111=EDGE_CURVE('',#1589,#1593,#310,.T.);
#2123=EDGE_CURVE('',#1589,#1590,#315,.T.);
#2138=EDGE_CURVE('',#1585,#1586,#324,.T.);
#2140=EDGE_CURVE('',#1585,#1586,#329,.T.);
#2151=EDGE_CURVE('',#1592,#1586,#333,.T.);
#2154=EDGE_CURVE('',#1591,#1585,#337,.T.);
#2176=EDGE_CURVE('',#1739,#1755,#342,.T.);
#2180=EDGE_CURVE('',#1755,#1761,#351,.T.);
#2191=EDGE_CURVE('',#1755,#1782,#357,.T.);
#2193=EDGE_CURVE('',#1782,#1757,#383,.T.);
#2195=EDGE_CURVE('',#1737,#1757,#429,.T.);
#2197=EDGE_CURVE('',#1737,#1739,#361,.T.);
#2208=EDGE_CURVE('',#1759,#1782,#365,.T.);
#2223=EDGE_CURVE('',#1757,#1826,#433,.T.);
#2237=EDGE_CURVE('',#1827,#1753,#387,.T.);
#2239=EDGE_CURVE('',#1753,#1691,#392,.T.);
#2241=EDGE_CURVE('',#1691,#1692,#397,.T.);
#2243=EDGE_CURVE('',#1692,#1733,#402,.T.);
#2245=EDGE_CURVE('',#1733,#1679,#406,.T.);
#2247=EDGE_CURVE('',#1679,#1680,#410,.T.);
#2249=EDGE_CURVE('',#1680,#1699,#414,.T.);
#2251=EDGE_CURVE('',#1699,#1700,#419,.T.);
#2253=EDGE_CURVE('',#1700,#1737,#424,.T.);
#2266=EDGE_CURVE('',#1830,#1777,#463,.T.);
#2268=EDGE_CURVE('',#1783,#1777,#443,.T.);
#2270=EDGE_CURVE('',#1753,#1783,#537,.T.);
#2282=EDGE_CURVE('',#1831,#1779,#451,.T.);
#2284=EDGE_CURVE('',#1776,#1779,#455,.T.);
#2286=EDGE_CURVE('',#1776,#1777,#459,.T.);
#2299=EDGE_CURVE('',#1688,#1781,#475,.T.);
#2301=EDGE_CURVE('',#1779,#1781,#507,.T.);
#2313=EDGE_CURVE('',#1781,#1683,#486,.T.);
#2317=EDGE_CURVE('',#1785,#1687,#497,.T.);
#2329=EDGE_CURVE('',#1815,#1769,#503,.T.);
#2331=EDGE_CURVE('',#1776,#1815,#1556,.T.);
#2346=EDGE_CURVE('',#1772,#1773,#527,.T.);
#2348=EDGE_CURVE('',#1773,#1815,#513,.T.);
#2359=EDGE_CURVE('',#1751,#1695,#518,.T.);
#2361=EDGE_CURVE('',#1773,#1751,#522,.T.);
#2374=EDGE_CURVE('',#1695,#1691,#531,.T.);
#2378=EDGE_CURVE('',#1751,#1783,#1552,.T.);
#2391=EDGE_CURVE('',#1692,#1696,#541,.T.);
#2403=EDGE_CURVE('',#1696,#1735,#546,.T.);
#2405=EDGE_CURVE('',#1733,#1735,#1546,.T.);
#2417=EDGE_CURVE('',#1615,#1611,#558,.T.);
#2419=EDGE_CURVE('',#1611,#1627,#571,.T.);
#2421=EDGE_CURVE('',#1627,#1735,#602,.T.);
#2455=EDGE_CURVE('',#1611,#1612,#577,.T.);
#2459=EDGE_CURVE('',#1612,#1616,#1095,.T.);
#2485=EDGE_CURVE('',#1627,#1816,#565,.T.);
#2489=EDGE_CURVE('',#1628,#1612,#581,.T.);
#2491=EDGE_CURVE('',#1628,#1817,#589,.T.);
#2493=EDGE_CURVE('',#1817,#1816,#1040,.T.);
#2503=EDGE_CURVE('',#1731,#1729,#594,.T.);
#2505=EDGE_CURVE('',#1735,#1731,#598,.T.);
#2509=EDGE_CURVE('',#1792,#1816,#609,.T.);
#2511=EDGE_CURVE('',#1741,#1792,#614,.T.);
#2513=EDGE_CURVE('',#1741,#1729,#1247,.T.);
#2523=EDGE_CURVE('',#1679,#1728,#636,.T.);
#2525=EDGE_CURVE('',#1679,#1731,#618,.T.);
#2528=EDGE_CURVE('',#1728,#1729,#1229,.T.);
#2538=EDGE_CURVE('',#1675,#1676,#668,.T.);
#2540=EDGE_CURVE('',#1676,#1708,#626,.T.);
#2542=EDGE_CURVE('',#1708,#1680,#631,.T.);
#2546=EDGE_CURVE('',#1728,#1675,#644,.T.);
#2557=EDGE_CURVE('',#1675,#1726,#676,.T.);
#2559=EDGE_CURVE('',#1726,#1724,#680,.T.);
#2561=EDGE_CURVE('',#1724,#1723,#692,.T.);
#2563=EDGE_CURVE('',#1723,#1721,#696,.T.);
#2565=EDGE_CURVE('',#1721,#1720,#708,.T.);
#2567=EDGE_CURVE('',#1720,#1718,#712,.T.);
#2569=EDGE_CURVE('',#1718,#1717,#724,.T.);
#2571=EDGE_CURVE('',#1717,#1715,#728,.T.);
#2573=EDGE_CURVE('',#1715,#1714,#740,.T.);
#2575=EDGE_CURVE('',#1714,#1712,#744,.T.);
#2577=EDGE_CURVE('',#1712,#1676,#752,.T.);
#2581=EDGE_CURVE('',#1605,#1609,#659,.T.);
#2583=EDGE_CURVE('',#1609,#1605,#664,.T.);
#2587=EDGE_CURVE('',#1597,#1601,#649,.T.);
#2589=EDGE_CURVE('',#1601,#1597,#654,.T.);
#2593=EDGE_CURVE('',#1846,#1847,#756,.T.);
#2595=EDGE_CURVE('',#1847,#1849,#760,.T.);
#2597=EDGE_CURVE('',#1849,#1851,#764,.T.);
#2599=EDGE_CURVE('',#1851,#1853,#768,.T.);
#2601=EDGE_CURVE('',#1853,#1855,#772,.T.);
#2603=EDGE_CURVE('',#1855,#1846,#776,.T.);
#2613=EDGE_CURVE('',#1597,#1598,#780,.T.);
#2615=EDGE_CURVE('',#1598,#1602,#789,.T.);
#2617=EDGE_CURVE('',#1601,#1602,#784,.T.);
#2631=EDGE_CURVE('',#1602,#1598,#794,.T.);
#2641=EDGE_CURVE('',#1671,#1672,#808,.T.);
#2643=EDGE_CURVE('',#1671,#1808,#816,.T.);
#2645=EDGE_CURVE('',#1808,#1806,#820,.T.);
#2647=EDGE_CURVE('',#1806,#1805,#832,.T.);
#2649=EDGE_CURVE('',#1805,#1803,#836,.T.);
#2651=EDGE_CURVE('',#1803,#1802,#848,.T.);
#2653=EDGE_CURVE('',#1802,#1800,#852,.T.);
#2655=EDGE_CURVE('',#1800,#1799,#864,.T.);
#2657=EDGE_CURVE('',#1799,#1797,#868,.T.);
#2659=EDGE_CURVE('',#1797,#1796,#880,.T.);
#2661=EDGE_CURVE('',#1796,#1794,#884,.T.);
#2663=EDGE_CURVE('',#1794,#1672,#892,.T.);
#2667=EDGE_CURVE('',#1606,#1610,#799,.T.);
#2669=EDGE_CURVE('',#1610,#1606,#804,.T.);
#2683=EDGE_CURVE('',#1605,#1606,#896,.T.);
#2686=EDGE_CURVE('',#1609,#1610,#900,.T.);
#2710=EDGE_CURVE('',#1672,#1789,#908,.T.);
#2712=EDGE_CURVE('',#1789,#1790,#913,.T.);
#2714=EDGE_CURVE('',#1812,#1790,#933,.T.);
#2716=EDGE_CURVE('',#1812,#1810,#938,.T.);
#2718=EDGE_CURVE('',#1810,#1671,#946,.T.);
#2761=EDGE_CURVE('',#1672,#1793,#950,.T.);
#2763=EDGE_CURVE('',#1793,#1741,#1255,.T.);
#2765=EDGE_CURVE('',#1789,#1741,#1044,.T.);
#2808=EDGE_CURVE('',#1794,#1668,#954,.T.);
#2810=EDGE_CURVE('',#1668,#1793,#1261,.T.);
#2822=EDGE_CURVE('',#1796,#1632,#958,.T.);
#2824=EDGE_CURVE('',#1632,#1668,#1277,.T.);
#2884=EDGE_CURVE('',#1797,#1636,#962,.T.);
#2886=EDGE_CURVE('',#1636,#1632,#1289,.T.);
#2898=EDGE_CURVE('',#1799,#1656,#966,.T.);
#2900=EDGE_CURVE('',#1656,#1636,#1309,.T.);
#2960=EDGE_CURVE('',#1800,#1660,#970,.T.);
#2962=EDGE_CURVE('',#1660,#1656,#1329,.T.);
#2974=EDGE_CURVE('',#1802,#1648,#974,.T.);
#2976=EDGE_CURVE('',#1648,#1660,#1357,.T.);
#3036=EDGE_CURVE('',#1803,#1652,#978,.T.);
#3038=EDGE_CURVE('',#1652,#1648,#1369,.T.);
#3050=EDGE_CURVE('',#1805,#1640,#982,.T.);
#3052=EDGE_CURVE('',#1640,#1652,#1397,.T.);
#3112=EDGE_CURVE('',#1806,#1644,#986,.T.);
#3114=EDGE_CURVE('',#1644,#1640,#1409,.T.);
#3126=EDGE_CURVE('',#1808,#1663,#990,.T.);
#3128=EDGE_CURVE('',#1663,#1644,#1429,.T.);
#3172=EDGE_CURVE('',#1671,#1809,#994,.T.);
#3174=EDGE_CURVE('',#1809,#1663,#1443,.T.);
#3218=EDGE_CURVE('',#1810,#1743,#998,.T.);
#3220=EDGE_CURVE('',#1743,#1809,#1451,.T.);
#3232=EDGE_CURVE('',#1812,#1814,#1002,.T.);
#3234=EDGE_CURVE('',#1814,#1743,#1483,.T.);
#3274=EDGE_CURVE('',#1818,#1812,#1030,.T.);
#3276=EDGE_CURVE('',#1819,#1818,#1008,.T.);
#3278=EDGE_CURVE('',#1819,#1814,#1490,.T.);
#3364=EDGE_CURVE('',#1790,#1817,#1016,.T.);
#3367=EDGE_CURVE('',#1624,#1628,#1087,.T.);
#3369=EDGE_CURVE('',#1624,#1625,#1022,.T.);
#3371=EDGE_CURVE('',#1818,#1625,#1119,.T.);
#3411=EDGE_CURVE('',#1790,#1792,#1034,.T.);
#3476=EDGE_CURVE('',#1612,#1617,#1062,.T.);
#3478=EDGE_CURVE('',#1624,#1617,#1066,.T.);
#3561=EDGE_CURVE('',#1618,#1617,#1107,.T.);
#3571=EDGE_CURVE('',#1617,#1621,#1102,.T.);
#3574=EDGE_CURVE('',#1621,#1618,#1112,.T.);
#3602=EDGE_CURVE('',#1625,#1621,#1125,.T.);
#3631=EDGE_CURVE('',#1621,#1622,#1131,.T.);
#3633=EDGE_CURVE('',#1626,#1622,#1137,.T.);
#3635=EDGE_CURVE('',#1819,#1626,#1144,.T.);
#3671=EDGE_CURVE('',#1622,#1620,#1152,.T.);
#3683=EDGE_CURVE('',#1703,#1704,#1157,.T.);
#3685=EDGE_CURVE('',#1626,#1703,#1161,.T.);
#3699=EDGE_CURVE('',#1699,#1703,#1169,.T.);
#3702=EDGE_CURVE('',#1700,#1704,#1494,.T.);
#3713=EDGE_CURVE('',#1680,#1706,#1173,.T.);
#3715=EDGE_CURVE('',#1706,#1703,#1473,.T.);
#3727=EDGE_CURVE('',#1708,#1710,#1177,.T.);
#3729=EDGE_CURVE('',#1710,#1706,#1478,.T.);
#3773=EDGE_CURVE('',#1676,#1711,#1181,.T.);
#3775=EDGE_CURVE('',#1711,#1710,#1463,.T.);
#3819=EDGE_CURVE('',#1712,#1664,#1185,.T.);
#3821=EDGE_CURVE('',#1664,#1711,#1469,.T.);
#3833=EDGE_CURVE('',#1714,#1643,#1189,.T.);
#3835=EDGE_CURVE('',#1643,#1664,#1437,.T.);
#3895=EDGE_CURVE('',#1715,#1639,#1193,.T.);
#3897=EDGE_CURVE('',#1639,#1643,#1421,.T.);
#3909=EDGE_CURVE('',#1717,#1651,#1197,.T.);
#3911=EDGE_CURVE('',#1651,#1639,#1389,.T.);
#3971=EDGE_CURVE('',#1718,#1647,#1201,.T.);
#3973=EDGE_CURVE('',#1647,#1651,#1381,.T.);
#3985=EDGE_CURVE('',#1720,#1659,#1205,.T.);
#3987=EDGE_CURVE('',#1659,#1647,#1349,.T.);
#4047=EDGE_CURVE('',#1721,#1655,#1209,.T.);
#4049=EDGE_CURVE('',#1655,#1659,#1341,.T.);
#4061=EDGE_CURVE('',#1723,#1635,#1213,.T.);
#4063=EDGE_CURVE('',#1635,#1655,#1317,.T.);
#4123=EDGE_CURVE('',#1724,#1631,#1217,.T.);
#4125=EDGE_CURVE('',#1631,#1635,#1301,.T.);
#4137=EDGE_CURVE('',#1726,#1667,#1221,.T.);
#4139=EDGE_CURVE('',#1667,#1631,#1269,.T.);
#4183=EDGE_CURVE('',#1675,#1727,#1225,.T.);
#4185=EDGE_CURVE('',#1727,#1667,#1235,.T.);
#4230=EDGE_CURVE('',#1729,#1727,#1243,.T.);
#4243=B_SPLINE_CURVE_WITH_KNOTS('',3,(#4236,#4237,#4238,#4239,#4240,#4241,
#4242),.UNSPECIFIED.,.F.,.F.,(4,1,1,1,4),(0.E0,2.5E-1,5.E-1,7.5E-1,1.E0),
.UNSPECIFIED.);
#4247=EDGE_CURVE('',#1667,#1668,#1273,.T.);
#4262=EDGE_CURVE('',#1631,#1632,#1265,.T.);
#4277=B_SPLINE_CURVE_WITH_KNOTS('',3,(#4270,#4271,#4272,#4273,#4274,#4275,
#4276),.UNSPECIFIED.,.F.,.F.,(4,1,1,1,4),(0.E0,2.5E-1,5.E-1,7.5E-1,1.E0),
.UNSPECIFIED.);
#4283=EDGE_CURVE('',#1635,#1636,#1305,.T.);
#4296=EDGE_CURVE('',#1655,#1656,#1313,.T.);
#4309=B_SPLINE_CURVE_WITH_KNOTS('',3,(#4302,#4303,#4304,#4305,#4306,#4307,
#4308),.UNSPECIFIED.,.F.,.F.,(4,1,1,1,4),(0.E0,2.5E-1,5.E-1,7.5E-1,1.E0),
.UNSPECIFIED.);
#4315=EDGE_CURVE('',#1659,#1660,#1353,.T.);
#4326=EDGE_CURVE('',#1647,#1648,#1345,.T.);
#4341=B_SPLINE_CURVE_WITH_KNOTS('',3,(#4334,#4335,#4336,#4337,#4338,#4339,
#4340),.UNSPECIFIED.,.F.,.F.,(4,1,1,1,4),(0.E0,2.5E-1,5.E-1,7.5E-1,1.E0),
.UNSPECIFIED.);
#4347=EDGE_CURVE('',#1651,#1652,#1393,.T.);
#4358=EDGE_CURVE('',#1639,#1640,#1385,.T.);
#4373=B_SPLINE_CURVE_WITH_KNOTS('',3,(#4366,#4367,#4368,#4369,#4370,#4371,
#4372),.UNSPECIFIED.,.F.,.F.,(4,1,1,1,4),(0.E0,2.5E-1,5.E-1,7.5E-1,1.E0),
.UNSPECIFIED.);
#4379=EDGE_CURVE('',#1643,#1644,#1425,.T.);
#4392=EDGE_CURVE('',#1663,#1664,#1433,.T.);
#4405=B_SPLINE_CURVE_WITH_KNOTS('',3,(#4398,#4399,#4400,#4401,#4402,#4403,
#4404),.UNSPECIFIED.,.F.,.F.,(4,1,1,1,4),(0.E0,2.5E-1,5.E-1,7.5E-1,1.E0),
.UNSPECIFIED.);
#4412=EDGE_CURVE('',#1710,#1743,#1455,.T.);
#4452=EDGE_CURVE('',#1846,#1834,#1498,.T.);
#4454=EDGE_CURVE('',#1834,#1835,#1522,.T.);
#4456=EDGE_CURVE('',#1847,#1835,#1518,.T.);
#4467=EDGE_CURVE('',#1855,#1843,#1502,.T.);
#4469=EDGE_CURVE('',#1843,#1834,#1526,.T.);
#4481=EDGE_CURVE('',#1853,#1841,#1506,.T.);
#4483=EDGE_CURVE('',#1841,#1843,#1530,.T.);
#4495=EDGE_CURVE('',#1851,#1839,#1510,.T.);
#4497=EDGE_CURVE('',#1839,#1841,#1534,.T.);
#4509=EDGE_CURVE('',#1849,#1837,#1514,.T.);
#4511=EDGE_CURVE('',#1837,#1839,#1538,.T.);
#4524=EDGE_CURVE('',#1835,#1837,#1542,.T.);
#4583=CLOSED_SHELL('',(#1875,#1890,#1906,#1924,#1941,#1964,#1991,#2006,#2019,
#2035,#2050,#2063,#2100,#2115,#2128,#2144,#2158,#2170,#2184,#2201,#2216,#2230,
#2259,#2275,#2291,#2306,#2322,#2338,#2353,#2367,#2382,#2395,#2409,#2425,#2463,
#2497,#2517,#2532,#2550,#2607,#2622,#2635,#2677,#2691,#2703,#2722,#2769,#2815,
#2829,#2891,#2905,#2967,#2981,#3043,#3057,#3119,#3133,#3179,#3225,#3239,#3282,
#3377,#3418,#3430,#3484,#3565,#3578,#3607,#3640,#3677,#3692,#3706,#3720,#3734,
#3780,#3826,#3840,#3902,#3916,#3978,#3992,#4054,#4068,#4130,#4144,#4190,#4235,
#4256,#4269,#4288,#4301,#4320,#4333,#4352,#4365,#4384,#4397,#4418,#4433,#4445,
#4460,#4474,#4488,#4502,#4516,#4529,#4543,#4555,#4569,#4582));
#4584=MANIFOLD_SOLID_BREP('',#4583);
#4585=(LENGTH_UNIT()NAMED_UNIT(*)SI_UNIT(.MILLI.,.METRE.));
#4587=(NAMED_UNIT(*)PLANE_ANGLE_UNIT()SI_UNIT($,.RADIAN.));
#4590=(NAMED_UNIT(*)SI_UNIT($,.STERADIAN.)SOLID_ANGLE_UNIT());
#4593=ADVANCED_BREP_SHAPE_REPRESENTATION('',(#4584),#4592);
#4600=PRODUCT_DEFINITION('design','',#4599,#4596);
#4601=PRODUCT_DEFINITION_SHAPE('','SHAPE FOR _L0016.',#4600);
#4602=SHAPE_DEFINITION_REPRESENTATION(#4601,#4593);
ENDSEC;
END-ISO-10303-21;
