ISO-10303-21;
HEADER;
FILE_DESCRIPTION(('Open CASCADE Model'),'2;1');
FILE_NAME('Open CASCADE Shape Model','2026-09-11T18:27:49',('Author'),(
    'Open CASCADE'),'Open CASCADE STEP processor 7.8','Open CASCADE 7.8'
  ,'Unknown');
FILE_SCHEMA(('AUTOMOTIVE_DESIGN { 1 0 10303 214 1 1 1 1 }'));
ENDSEC;
DATA;
#1 = APPLICATION_PROTOCOL_DEFINITION('international standard',
  'automotive_design',2000,#2);
#2 = APPLICATION_CONTEXT(
  'core data for automotive mechanical design processes');
#3 = SHAPE_DEFINITION_REPRESENTATION(#4,#10);
#4 = PRODUCT_DEFINITION_SHAPE('','',#5);
#5 = PRODUCT_DEFINITION('design','',#6,#9);
#6 = PRODUCT_DEFINITION_FORMATION('','',#7);
#7 = PRODUCT('Open CASCADE STEP translator 7.8 1',
  'Open CASCADE STEP translator 7.8 1','',(#8));
#8 = PRODUCT_CONTEXT('',#2,'mechanical');
#9 = PRODUCT_DEFINITION_CONTEXT('part definition',#2,'design');
#10 = ADVANCED_BREP_SHAPE_REPRESENTATION('',(#11,#15),#3867);
#11 = AXIS2_PLACEMENT_3D('',#12,#13,#14);
#12 = CARTESIAN_POINT('',(0.,0.,0.));
#13 = DIRECTION('',(0.,0.,1.));
#14 = DIRECTION('',(1.,0.,-0.));
#15 = MANIFOLD_SOLID_BREP('',#16);
#16 = CLOSED_SHELL('',(#17,#449,#535,#804,#949,#976,#1031,#1086,#1113,
    #1140,#1167,#1782,#1971,#2082,#2229,#2236,#2266,#2296,#2346,#2395,
    #2427,#2454,#2481,#2628,#2785,#2901,#2928,#3124,#3483,#3507,#3534,
    #3562,#3610,#3635,#3660,#3667,#3691,#3698,#3745,#3752,#3779,#3806,
    #3813,#3840));
#17 = ADVANCED_FACE('',(#18,#143,#296),#32,.F.);
#18 = FACE_BOUND('',#19,.T.);
#19 = EDGE_LOOP('',(#20,#55,#88,#116));
#20 = ORIENTED_EDGE('',*,*,#21,.T.);
#21 = EDGE_CURVE('',#22,#24,#26,.T.);
#22 = VERTEX_POINT('',#23);
#23 = CARTESIAN_POINT('',(18.341846864659,-0.5,24.74301221746));
#24 = VERTEX_POINT('',#25);
#25 = CARTESIAN_POINT('',(18.341846864659,-10.5,24.74301221746));
#26 = SURFACE_CURVE('',#27,(#31,#43),.PCURVE_S1.);
#27 = LINE('',#28,#29);
#28 = CARTESIAN_POINT('',(18.341846864659,-0.5,24.74301221746));
#29 = VECTOR('',#30,1.);
#30 = DIRECTION('',(0.,-1.,0.));
#31 = PCURVE('',#32,#37);
#32 = CYLINDRICAL_SURFACE('',#33,30.8);
#33 = AXIS2_PLACEMENT_3D('',#34,#35,#36);
#34 = CARTESIAN_POINT('',(8.881784197001E-16,-0.5,3.552713678801E-15));
#35 = DIRECTION('',(-0.,1.,-0.));
#36 = DIRECTION('',(0.615661475326,0.,0.788010753607));
#37 = DEFINITIONAL_REPRESENTATION('',(#38),#42);
#38 = LINE('',#39,#40);
#39 = CARTESIAN_POINT('',(-2.531916079262E-02,0.));
#40 = VECTOR('',#41,1.);
#41 = DIRECTION('',(-0.,-1.));
#42 = ( GEOMETRIC_REPRESENTATION_CONTEXT(2) 
PARAMETRIC_REPRESENTATION_CONTEXT() REPRESENTATION_CONTEXT('2D SPACE',''
  ) );
#43 = PCURVE('',#44,#49);
#44 = CYLINDRICAL_SURFACE('',#45,0.8);
#45 = AXIS2_PLACEMENT_3D('',#46,#47,#48);
#46 = CARTESIAN_POINT('',(18.818258471534,-0.5,25.385687859472));
#47 = DIRECTION('',(0.,-1.,0.));
#48 = DIRECTION('',(-0.595514508593,-0.,-0.803344552515));
#49 = DEFINITIONAL_REPRESENTATION('',(#50),#54);
#50 = LINE('',#51,#52);
#51 = CARTESIAN_POINT('',(0.,0.));
#52 = VECTOR('',#53,1.);
#53 = DIRECTION('',(0.,1.));
#54 = ( GEOMETRIC_REPRESENTATION_CONTEXT(2) 
PARAMETRIC_REPRESENTATION_CONTEXT() REPRESENTATION_CONTEXT('2D SPACE',''
  ) );
#55 = ORIENTED_EDGE('',*,*,#56,.T.);
#56 = EDGE_CURVE('',#24,#57,#59,.T.);
#57 = VERTEX_POINT('',#58);
#58 = CARTESIAN_POINT('',(-18.34184686465,-10.5,24.74301221746));
#59 = SURFACE_CURVE('',#60,(#65,#72),.PCURVE_S1.);
#60 = CIRCLE('',#61,30.8);
#61 = AXIS2_PLACEMENT_3D('',#62,#63,#64);
#62 = CARTESIAN_POINT('',(8.881784197001E-16,-10.5,3.552713678801E-15));
#63 = DIRECTION('',(0.,-1.,0.));
#64 = DIRECTION('',(0.595514508593,0.,0.803344552515));
#65 = PCURVE('',#32,#66);
#66 = DEFINITIONAL_REPRESENTATION('',(#67),#71);
#67 = LINE('',#68,#69);
#68 = CARTESIAN_POINT('',(-2.531916079262E-02,-10.));
#69 = VECTOR('',#70,1.);
#70 = DIRECTION('',(-1.,0.));
#71 = ( GEOMETRIC_REPRESENTATION_CONTEXT(2) 
PARAMETRIC_REPRESENTATION_CONTEXT() REPRESENTATION_CONTEXT('2D SPACE',''
  ) );
#72 = PCURVE('',#73,#78);
#73 = PLANE('',#74);
#74 = AXIS2_PLACEMENT_3D('',#75,#76,#77);
#75 = CARTESIAN_POINT('',(1.892378991582E-15,-10.5,30.133720153935));
#76 = DIRECTION('',(0.,1.,0.));
#77 = DIRECTION('',(0.,-0.,1.));
#78 = DEFINITIONAL_REPRESENTATION('',(#79),#87);
#79 = ( BOUNDED_CURVE() B_SPLINE_CURVE(2,(#80,#81,#82,#83,#84,#85,#86),
.UNSPECIFIED.,.T.,.F.) B_SPLINE_CURVE_WITH_KNOTS((1,2,2,2,2,1),(
    -2.094395102393,0.,2.094395102393,4.188790204786,6.28318530718,
8.377580409573),.UNSPECIFIED.) CURVE() GEOMETRIC_REPRESENTATION_ITEM() 
RATIONAL_B_SPLINE_CURVE((1.,0.5,1.,0.5,1.,0.5,1.)) REPRESENTATION_ITEM(
  '') );
#80 = CARTESIAN_POINT('',(-5.390707936475,18.341846864659));
#81 = CARTESIAN_POINT('',(26.378302737763,-24.51430742827));
#82 = CARTESIAN_POINT('',(-26.62072092554,-30.59900057879));
#83 = CARTESIAN_POINT('',(-79.61974458885,-36.68369372931));
#84 = CARTESIAN_POINT('',(-58.38973159978,12.25715371414));
#85 = CARTESIAN_POINT('',(-37.15971861071,61.198001157598));
#86 = CARTESIAN_POINT('',(-5.390707936475,18.341846864659));
#87 = ( GEOMETRIC_REPRESENTATION_CONTEXT(2) 
PARAMETRIC_REPRESENTATION_CONTEXT() REPRESENTATION_CONTEXT('2D SPACE',''
  ) );
#88 = ORIENTED_EDGE('',*,*,#89,.F.);
#89 = EDGE_CURVE('',#90,#57,#92,.T.);
#90 = VERTEX_POINT('',#91);
#91 = CARTESIAN_POINT('',(-18.34184686465,-0.5,24.74301221746));
#92 = SURFACE_CURVE('',#93,(#97,#104),.PCURVE_S1.);
#93 = LINE('',#94,#95);
#94 = CARTESIAN_POINT('',(-18.34184686465,-0.5,24.74301221746));
#95 = VECTOR('',#96,1.);
#96 = DIRECTION('',(0.,-1.,0.));
#97 = PCURVE('',#32,#98);
#98 = DEFINITIONAL_REPRESENTATION('',(#99),#103);
#99 = LINE('',#100,#101);
#100 = CARTESIAN_POINT('',(-1.301131070723,0.));
#101 = VECTOR('',#102,1.);
#102 = DIRECTION('',(-0.,-1.));
#103 = ( GEOMETRIC_REPRESENTATION_CONTEXT(2) 
PARAMETRIC_REPRESENTATION_CONTEXT() REPRESENTATION_CONTEXT('2D SPACE',''
  ) );
#104 = PCURVE('',#105,#110);
#105 = CYLINDRICAL_SURFACE('',#106,0.8);
#106 = AXIS2_PLACEMENT_3D('',#107,#108,#109);
#107 = CARTESIAN_POINT('',(-18.81825847153,-0.5,25.385687859472));
#108 = DIRECTION('',(0.,-1.,0.));
#109 = DIRECTION('',(0.595514508593,0.,-0.803344552515));
#110 = DEFINITIONAL_REPRESENTATION('',(#111),#115);
#111 = LINE('',#112,#113);
#112 = CARTESIAN_POINT('',(-0.,0.));
#113 = VECTOR('',#114,1.);
#114 = DIRECTION('',(-0.,1.));
#115 = ( GEOMETRIC_REPRESENTATION_CONTEXT(2) 
PARAMETRIC_REPRESENTATION_CONTEXT() REPRESENTATION_CONTEXT('2D SPACE',''
  ) );
#116 = ORIENTED_EDGE('',*,*,#117,.T.);
#117 = EDGE_CURVE('',#90,#22,#118,.T.);
#118 = SURFACE_CURVE('',#119,(#124,#131),.PCURVE_S1.);
#119 = CIRCLE('',#120,30.8);
#120 = AXIS2_PLACEMENT_3D('',#121,#122,#123);
#121 = CARTESIAN_POINT('',(8.881784197001E-16,-0.5,3.552713678801E-15));
#122 = DIRECTION('',(0.,1.,-0.));
#123 = DIRECTION('',(-0.595514508593,0.,0.803344552515));
#124 = PCURVE('',#32,#125);
#125 = DEFINITIONAL_REPRESENTATION('',(#126),#130);
#126 = LINE('',#127,#128);
#127 = CARTESIAN_POINT('',(-1.301131070723,0.));
#128 = VECTOR('',#129,1.);
#129 = DIRECTION('',(1.,-0.));
#130 = ( GEOMETRIC_REPRESENTATION_CONTEXT(2) 
PARAMETRIC_REPRESENTATION_CONTEXT() REPRESENTATION_CONTEXT('2D SPACE',''
  ) );
#131 = PCURVE('',#132,#137);
#132 = PLANE('',#133);
#133 = AXIS2_PLACEMENT_3D('',#134,#135,#136);
#134 = CARTESIAN_POINT('',(1.892378991582E-15,-0.5,30.133720153935));
#135 = DIRECTION('',(0.,1.,0.));
#136 = DIRECTION('',(0.,-0.,1.));
#137 = DEFINITIONAL_REPRESENTATION('',(#138),#142);
#138 = CIRCLE('',#139,30.8);
#139 = AXIS2_PLACEMENT_2D('',#140,#141);
#140 = CARTESIAN_POINT('',(-30.13372015393,-1.004200571882E-15));
#141 = DIRECTION('',(0.803344552515,-0.595514508593));
#142 = ( GEOMETRIC_REPRESENTATION_CONTEXT(2) 
PARAMETRIC_REPRESENTATION_CONTEXT() REPRESENTATION_CONTEXT('2D SPACE',''
  ) );
#143 = FACE_BOUND('',#144,.T.);
#144 = EDGE_LOOP('',(#145));
#145 = ORIENTED_EDGE('',*,*,#146,.T.);
#146 = EDGE_CURVE('',#147,#147,#149,.T.);
#147 = VERTEX_POINT('',#148);
#148 = CARTESIAN_POINT('',(16.848767501115,-4.5,25.782921356847));
#149 = SURFACE_CURVE('',#150,(#195,#243),.PCURVE_S1.);
#150 = B_SPLINE_CURVE_WITH_KNOTS('',7,(#151,#152,#153,#154,#155,#156,
    #157,#158,#159,#160,#161,#162,#163,#164,#165,#166,#167,#168,#169,
    #170,#171,#172,#173,#174,#175,#176,#177,#178,#179,#180,#181,#182,
    #183,#184,#185,#186,#187,#188,#189,#190,#191,#192,#193,#194),
  .UNSPECIFIED.,.T.,.F.,(8,6,6,6,6,6,6,8),(0.,0.152734915553,
    0.285723645306,0.421923746013,0.58870144048,0.714477818051,
    0.837886405687,1.),.UNSPECIFIED.);
#151 = CARTESIAN_POINT('',(16.848767501115,-4.5,25.782921356847));
#152 = CARTESIAN_POINT('',(16.848767501115,-4.296830008744,
    25.782921356847));
#153 = CARTESIAN_POINT('',(16.82501864133,-4.093755486419,
    25.798440798787));
#154 = CARTESIAN_POINT('',(16.777554025062,-3.893240526029,
    25.829458737665));
#155 = CARTESIAN_POINT('',(16.705590782628,-3.698088383841,
    25.87628773007));
#156 = CARTESIAN_POINT('',(16.607830373909,-3.511980865318,
    25.939389924017));
#157 = CARTESIAN_POINT('',(16.482678256494,-3.340063201051,
    26.019112332197));
#158 = CARTESIAN_POINT('',(16.195019754829,-3.059576067218,
    26.198974595615));
#159 = CARTESIAN_POINT('',(16.03473224456,-2.941105543229,
    26.298081857424));
#160 = CARTESIAN_POINT('',(15.850919258568,-2.848255127328,
    26.410013369418));
#161 = CARTESIAN_POINT('',(15.649814475171,-2.790354639254,
    26.530014457713));
#162 = CARTESIAN_POINT('',(15.440062546857,-2.772422153642,
    26.65225009714));
#163 = CARTESIAN_POINT('',(15.23130591686,-2.794906410329,
    26.771239156385));
#164 = CARTESIAN_POINT('',(14.828725685729,-2.913323535352,
    26.996358245117));
#165 = CARTESIAN_POINT('',(14.642486212976,-3.008926371515,
    27.098137866174));
#166 = CARTESIAN_POINT('',(14.477297641528,-3.132116120651,
    27.186553935226));
#167 = CARTESIAN_POINT('',(14.334998843783,-3.27609716231,
    27.261469272054));
#168 = CARTESIAN_POINT('',(14.216346883817,-3.434879529457,
    27.323168263081));
#169 = CARTESIAN_POINT('',(14.121209389633,-3.603138018284,
    27.372213867388));
#170 = CARTESIAN_POINT('',(13.959817066693,-3.988060091335,
    27.454935321362));
#171 = CARTESIAN_POINT('',(13.903635449456,-4.209988182226,
    27.483306968435));
#172 = CARTESIAN_POINT('',(13.878691207333,-4.436974391223,
    27.495807926826));
#173 = CARTESIAN_POINT('',(13.884563727651,-4.665527821185,
    27.492858733237));
#174 = CARTESIAN_POINT('',(13.921567674227,-4.891909068189,
    27.474281967389));
#175 = CARTESIAN_POINT('',(13.990417968498,-5.111750230652,
    27.439409882214));
#176 = CARTESIAN_POINT('',(14.168326898805,-5.475265733001,
    27.347868511505));
#177 = CARTESIAN_POINT('',(14.264349001915,-5.626441935408,
    27.298146005395));
#178 = CARTESIAN_POINT('',(14.380519602058,-5.768382380679,
    27.237449597135));
#179 = CARTESIAN_POINT('',(14.516733864219,-5.896565166586,
    27.16540996861));
#180 = CARTESIAN_POINT('',(14.672137057523,-6.006064647767,
    27.081920466793));
#181 = CARTESIAN_POINT('',(14.845019732182,-6.091469283537,
    26.987246767191));
#182 = CARTESIAN_POINT('',(15.216286744707,-6.2006757692,26.779637736561
    ));
#183 = CARTESIAN_POINT('',(15.409326326148,-6.224193369895,
    26.669765254081));
#184 = CARTESIAN_POINT('',(15.60420444028,-6.213093287952,
    26.556565435624));
#185 = CARTESIAN_POINT('',(15.792881120896,-6.167255649941,
    26.444561486207));
#186 = CARTESIAN_POINT('',(15.967958460882,-6.090303089727,
    26.338608364621));
#187 = CARTESIAN_POINT('',(16.123800018338,-5.989428827047,
    26.242861164799));
#188 = CARTESIAN_POINT('',(16.432568717724,-5.725443447382,
    26.050974832246));
#189 = CARTESIAN_POINT('',(16.575252502335,-5.547604772187,
    25.960402728661));
#190 = CARTESIAN_POINT('',(16.686439321992,-5.352087035181,
    25.888746317502));
#191 = CARTESIAN_POINT('',(16.768113341209,-5.145424074945,
    25.835628598112));
#192 = CARTESIAN_POINT('',(16.821869341561,-4.932349322958,
    25.800498691415));
#193 = CARTESIAN_POINT('',(16.848767501115,-4.716215211213,
    25.782921356847));
#194 = CARTESIAN_POINT('',(16.848767501115,-4.5,25.782921356847));
#195 = PCURVE('',#32,#196);
#196 = DEFINITIONAL_REPRESENTATION('',(#197),#242);
#197 = B_SPLINE_CURVE_WITH_KNOTS('',7,(#198,#199,#200,#201,#202,#203,
    #204,#205,#206,#207,#208,#209,#210,#211,#212,#213,#214,#215,#216,
    #217,#218,#219,#220,#221,#222,#223,#224,#225,#226,#227,#228,#229,
    #230,#231,#232,#233,#234,#235,#236,#237,#238,#239,#240,#241),
  .UNSPECIFIED.,.T.,.F.,(8,6,6,6,6,6,6,8),(0.,0.152734915553,
    0.285723645306,0.421923746013,0.58870144048,0.714477818051,
    0.837886405687,1.),.UNSPECIFIED.);
#198 = CARTESIAN_POINT('',(-8.440347162102E-02,-4.));
#199 = CARTESIAN_POINT('',(-8.440347162102E-02,-3.796830008744));
#200 = CARTESIAN_POINT('',(-8.532457815837E-02,-3.593755486419));
#201 = CARTESIAN_POINT('',(-8.716551922184E-02,-3.393240526029));
#202 = CARTESIAN_POINT('',(-8.995312399708E-02,-3.198088383841));
#203 = CARTESIAN_POINT('',(-9.373089572489E-02,-3.011980865318));
#204 = CARTESIAN_POINT('',(-9.854848696099E-02,-2.840063201051));
#205 = CARTESIAN_POINT('',(-0.109563445941,-2.559576067218));
#206 = CARTESIAN_POINT('',(-0.115681952609,-2.441105543229));
#207 = CARTESIAN_POINT('',(-0.122669080517,-2.348255127328));
#208 = CARTESIAN_POINT('',(-0.130271890273,-2.290354639254));
#209 = CARTESIAN_POINT('',(-0.138153441488,-2.272422153642));
#210 = CARTESIAN_POINT('',(-0.145954701535,-2.294906410329));
#211 = CARTESIAN_POINT('',(-0.160930276416,-2.413323535352));
#212 = CARTESIAN_POINT('',(-0.167820738019,-2.508926371515));
#213 = CARTESIAN_POINT('',(-0.173903613849,-2.632116120651));
#214 = CARTESIAN_POINT('',(-0.179124731972,-2.77609716231));
#215 = CARTESIAN_POINT('',(-0.183466729157,-2.934879529457));
#216 = CARTESIAN_POINT('',(-0.186941901227,-3.103138018284));
#217 = CARTESIAN_POINT('',(-0.192830111879,-3.488060091335));
#218 = CARTESIAN_POINT('',(-0.194873551376,-3.709988182226));
#219 = CARTESIAN_POINT('',(-0.195779457254,-3.936974391223));
#220 = CARTESIAN_POINT('',(-0.195566095437,-4.165527821185));
#221 = CARTESIAN_POINT('',(-0.194221757235,-4.391909068189));
#222 = CARTESIAN_POINT('',(-0.191716032567,-4.611750230652));
#223 = CARTESIAN_POINT('',(-0.185219977058,-4.975265733001));
#224 = CARTESIAN_POINT('',(-0.181709202896,-5.126441935408));
#225 = CARTESIAN_POINT('',(-0.177453693674,-5.268382380679));
#226 = CARTESIAN_POINT('',(-0.172450862421,-5.396565166586));
#227 = CARTESIAN_POINT('',(-0.166723510505,-5.506064647767));
#228 = CARTESIAN_POINT('',(-0.160324154471,-5.591469283537));
#229 = CARTESIAN_POINT('',(-0.146513399454,-5.7006757692));
#230 = CARTESIAN_POINT('',(-0.139301992751,-5.724193369895));
#231 = CARTESIAN_POINT('',(-0.131985249145,-5.713093287952));
#232 = CARTESIAN_POINT('',(-0.124861856152,-5.667255649941));
#233 = CARTESIAN_POINT('',(-0.118217889544,-5.590303089727));
#234 = CARTESIAN_POINT('',(-0.112279505849,-5.489428827047));
#235 = CARTESIAN_POINT('',(-0.100476386686,-5.225443447382));
#236 = CARTESIAN_POINT('',(-9.498953127082E-02,-5.047604772187));
#237 = CARTESIAN_POINT('',(-9.069491599079E-02,-4.852087035181));
#238 = CARTESIAN_POINT('',(-8.753168793513E-02,-4.645424074945));
#239 = CARTESIAN_POINT('',(-8.5446722789E-02,-4.432349322958));
#240 = CARTESIAN_POINT('',(-8.440347162102E-02,-4.216215211213));
#241 = CARTESIAN_POINT('',(-8.440347162102E-02,-4.));
#242 = ( GEOMETRIC_REPRESENTATION_CONTEXT(2) 
PARAMETRIC_REPRESENTATION_CONTEXT() REPRESENTATION_CONTEXT('2D SPACE',''
  ) );
#243 = PCURVE('',#244,#249);
#244 = CYLINDRICAL_SURFACE('',#245,1.7);
#245 = AXIS2_PLACEMENT_3D('',#246,#247,#248);
#246 = CARTESIAN_POINT('',(12.5,-4.5,21.650635094611));
#247 = DIRECTION('',(0.5,0.,0.866025403784));
#248 = DIRECTION('',(0.866025403784,0.,-0.5));
#249 = DEFINITIONAL_REPRESENTATION('',(#250),#295);
#250 = B_SPLINE_CURVE_WITH_KNOTS('',7,(#251,#252,#253,#254,#255,#256,
    #257,#258,#259,#260,#261,#262,#263,#264,#265,#266,#267,#268,#269,
    #270,#271,#272,#273,#274,#275,#276,#277,#278,#279,#280,#281,#282,
    #283,#284,#285,#286,#287,#288,#289,#290,#291,#292,#293,#294),
  .UNSPECIFIED.,.F.,.F.,(8,6,6,6,6,6,6,8),(0.,0.152734915553,
    0.285723645306,0.421923746013,0.58870144048,0.714477818051,
    0.837886405687,1.),.UNSPECIFIED.);
#251 = CARTESIAN_POINT('',(0.,5.753048629364));
#252 = CARTESIAN_POINT('',(0.119511759562,5.753048629364));
#253 = CARTESIAN_POINT('',(0.238966594633,5.754614430443));
#254 = CARTESIAN_POINT('',(0.359708177935,5.75774444535));
#255 = CARTESIAN_POINT('',(0.482849190863,5.76231792119));
#256 = CARTESIAN_POINT('',(0.609626855057,5.768085819823));
#257 = CARTESIAN_POINT('',(0.741280459267,5.77455139185));
#258 = CARTESIAN_POINT('',(1.000122979034,5.78648743032));
#259 = CARTESIAN_POINT('',(1.129921407878,5.792173081612));
#260 = CARTESIAN_POINT('',(1.265100611712,5.797202121486));
#261 = CARTESIAN_POINT('',(1.403528025884,5.800573720733));
#262 = CARTESIAN_POINT('',(1.54355561996,5.801556925568));
#263 = CARTESIAN_POINT('',(1.683746306521,5.800226158648));
#264 = CARTESIAN_POINT('',(1.963842667337,5.793894892801));
#265 = CARTESIAN_POINT('',(2.098718411304,5.788918893848));
#266 = CARTESIAN_POINT('',(2.228079200442,5.782895170025));
#267 = CARTESIAN_POINT('',(2.352640638898,5.776624355979));
#268 = CARTESIAN_POINT('',(2.472944235161,5.770731269613));
#269 = CARTESIAN_POINT('',(2.589276825297,5.765637261795));
#270 = CARTESIAN_POINT('',(2.839517739554,5.756579980905));
#271 = CARTESIAN_POINT('',(2.973378765789,5.753059739399));
#272 = CARTESIAN_POINT('',(3.105433721238,5.751413765876));
#273 = CARTESIAN_POINT('',(3.237175257407,5.751795949466));
#274 = CARTESIAN_POINT('',(3.369979657173,5.754209971609));
#275 = CARTESIAN_POINT('',(3.505140245475,5.7584350071));
#276 = CARTESIAN_POINT('',(3.74915601451,5.768112319722));
#277 = CARTESIAN_POINT('',(3.857693947396,5.773062417847));
#278 = CARTESIAN_POINT('',(3.969859111065,5.778583086446));
#279 = CARTESIAN_POINT('',(4.085810847807,5.784302069144));
#280 = CARTESIAN_POINT('',(4.205910631329,5.789699636274));
#281 = CARTESIAN_POINT('',(4.330679269815,5.794151144678));
#282 = CARTESIAN_POINT('',(4.588989368171,5.79998995636));
#283 = CARTESIAN_POINT('',(4.718979369712,5.801357386076));
#284 = CARTESIAN_POINT('',(4.849182992407,5.800762524654));
#285 = CARTESIAN_POINT('',(4.978230691835,5.798102599443));
#286 = CARTESIAN_POINT('',(5.104631088619,5.793883174531));
#287 = CARTESIAN_POINT('',(5.226520213091,5.788884445873));
#288 = CARTESIAN_POINT('',(5.490707714979,5.777090356936));
#289 = CARTESIAN_POINT('',(5.632554274671,5.769994506663));
#290 = CARTESIAN_POINT('',(5.768533412131,5.763531644084));
#291 = CARTESIAN_POINT('',(5.900160448004,5.758367359309));
#292 = CARTESIAN_POINT('',(6.028863040301,5.754821967853));
#293 = CARTESIAN_POINT('',(6.155999888819,5.753048629364));
#294 = CARTESIAN_POINT('',(6.28318530718,5.753048629364));
#295 = ( GEOMETRIC_REPRESENTATION_CONTEXT(2) 
PARAMETRIC_REPRESENTATION_CONTEXT() REPRESENTATION_CONTEXT('2D SPACE',''
  ) );
#296 = FACE_BOUND('',#297,.T.);
#297 = EDGE_LOOP('',(#298));
#298 = ORIENTED_EDGE('',*,*,#299,.T.);
#299 = EDGE_CURVE('',#300,#300,#302,.T.);
#300 = VERTEX_POINT('',#301);
#301 = CARTESIAN_POINT('',(-13.90428112824,-4.5,27.482921356847));
#302 = SURFACE_CURVE('',#303,(#348,#396),.PCURVE_S1.);
#303 = B_SPLINE_CURVE_WITH_KNOTS('',7,(#304,#305,#306,#307,#308,#309,
    #310,#311,#312,#313,#314,#315,#316,#317,#318,#319,#320,#321,#322,
    #323,#324,#325,#326,#327,#328,#329,#330,#331,#332,#333,#334,#335,
    #336,#337,#338,#339,#340,#341,#342,#343,#344,#345,#346,#347),
  .UNSPECIFIED.,.T.,.F.,(8,6,6,6,6,6,6,8),(0.,0.152734915172,
    0.285723644593,0.421923744914,0.588701441738,0.714477818925,
    0.837886406183,1.),.UNSPECIFIED.);
#304 = CARTESIAN_POINT('',(-13.90428112824,-4.5,27.482921356847));
#305 = CARTESIAN_POINT('',(-13.90428112824,-4.296830008745,
    27.482921356847));
#306 = CARTESIAN_POINT('',(-13.92959578911,-4.093755486418,
    27.470113961932));
#307 = CARTESIAN_POINT('',(-13.98019042028,-3.893240526029,
    27.444517367902));
#308 = CARTESIAN_POINT('',(-14.05672713856,-3.698088383841,
    27.405609868018));
#309 = CARTESIAN_POINT('',(-14.16025544591,-3.511980865318,
    27.352497967556));
#310 = CARTESIAN_POINT('',(-14.29187313535,-3.340063201051,
    27.283974258627));
#311 = CARTESIAN_POINT('',(-14.59146767549,-3.059576067218,
    27.12478582028));
#312 = CARTESIAN_POINT('',(-14.75744083705,-2.941105543229,
    27.035526395383));
#313 = CARTESIAN_POINT('',(-14.94628286291,-2.848255127328,
    26.932305435964));
#314 = CARTESIAN_POINT('',(-15.15075924556,-2.790354639254,
    26.818144128868));
#315 = CARTESIAN_POINT('',(-15.36149437871,-2.772422153642,
    26.697611450169));
#316 = CARTESIAN_POINT('',(-15.56892024178,-2.794906410329,
    26.576317435005));
#317 = CARTESIAN_POINT('',(-15.965169207,-2.913323535332,26.340232272191
    ));
#318 = CARTESIAN_POINT('',(-16.14643268086,-3.008926371486,
    26.229833968093));
#319 = CARTESIAN_POINT('',(-16.30559752854,-3.132116120676,
    26.130984503293));
#320 = CARTESIAN_POINT('',(-16.44162551223,-3.276097162372,
    26.045207797939));
#321 = CARTESIAN_POINT('',(-16.55438438578,-3.434879529469,
    25.973301681948));
#322 = CARTESIAN_POINT('',(-16.64442787213,-3.603138018206,
    25.915432997295));
#323 = CARTESIAN_POINT('',(-16.79676291567,-3.988060095027,
    25.817023871677));
#324 = CARTESIAN_POINT('',(-16.84942428702,-4.209988167741,
    25.782554990291));
#325 = CARTESIAN_POINT('',(-16.87272255974,-4.436974417306,
    25.76720311946));
#326 = CARTESIAN_POINT('',(-16.8672322244,-4.665527795264,
    25.770814273563));
#327 = CARTESIAN_POINT('',(-16.8326422937,-4.891909082395,
    25.793572252446));
#328 = CARTESIAN_POINT('',(-16.76801704025,-5.111750227088,
    25.835762310326));
#329 = CARTESIAN_POINT('',(-16.59978542091,-5.475265733001,
    25.944065279239));
#330 = CARTESIAN_POINT('',(-16.50871341593,-5.626441935408,
    26.002361606803));
#331 = CARTESIAN_POINT('',(-16.39806348438,-5.768382380679,
    26.07262009357));
#332 = CARTESIAN_POINT('',(-16.26756820492,-5.896565166586,
    26.154565290696));
#333 = CARTESIAN_POINT('',(-16.11756257875,-6.006064647767,
    26.247403653019));
#334 = CARTESIAN_POINT('',(-15.94913141249,-6.091469283537,
    26.349787591346));
#335 = CARTESIAN_POINT('',(-15.58370321165,-6.2006757692,26.567509740466
    ));
#336 = CARTESIAN_POINT('',(-15.39203105992,-6.224193369895,
    26.679750680689));
#337 = CARTESIAN_POINT('',(-15.19655808437,-6.213093287952,
    26.791920168941));
#338 = CARTESIAN_POINT('',(-15.00522147854,-6.167255649941,
    26.899316992747));
#339 = CARTESIAN_POINT('',(-14.82592471365,-6.090303089726,
    26.997961856009));
#340 = CARTESIAN_POINT('',(-14.66508442753,-5.989428827047,
    27.08505100382));
#341 = CARTESIAN_POINT('',(-14.34452163921,-5.725443447382,
    27.256509375106));
#342 = CARTESIAN_POINT('',(-14.19474200432,-5.547604772187,
    27.334791105494));
#343 = CARTESIAN_POINT('',(-14.07709232209,-5.352087035181,
    27.395253510304));
#344 = CARTESIAN_POINT('',(-13.9902540181,-5.145424074946,27.43942642608
    ));
#345 = CARTESIAN_POINT('',(-13.93295262629,-4.932349322957,
    27.468415534642));
#346 = CARTESIAN_POINT('',(-13.90428112824,-4.716215211213,
    27.482921356847));
#347 = CARTESIAN_POINT('',(-13.90428112824,-4.5,27.482921356847));
#348 = PCURVE('',#32,#349);
#349 = DEFINITIONAL_REPRESENTATION('',(#350),#395);
#350 = B_SPLINE_CURVE_WITH_KNOTS('',7,(#351,#352,#353,#354,#355,#356,
    #357,#358,#359,#360,#361,#362,#363,#364,#365,#366,#367,#368,#369,
    #370,#371,#372,#373,#374,#375,#376,#377,#378,#379,#380,#381,#382,
    #383,#384,#385,#386,#387,#388,#389,#390,#391,#392,#393,#394),
  .UNSPECIFIED.,.T.,.F.,(8,6,6,6,6,6,6,8),(0.,0.152734915172,
    0.285723644593,0.421923744914,0.588701441738,0.714477818925,
    0.837886406183,1.),.UNSPECIFIED.);
#351 = CARTESIAN_POINT('',(-1.131601022818,-4.));
#352 = CARTESIAN_POINT('',(-1.131601022818,-3.796830008745));
#353 = CARTESIAN_POINT('',(-1.132522129355,-3.593755486418));
#354 = CARTESIAN_POINT('',(-1.134363070418,-3.393240526029));
#355 = CARTESIAN_POINT('',(-1.137150675194,-3.198088383841));
#356 = CARTESIAN_POINT('',(-1.140928446921,-3.011980865318));
#357 = CARTESIAN_POINT('',(-1.145746038158,-2.840063201051));
#358 = CARTESIAN_POINT('',(-1.156760997137,-2.559576067218));
#359 = CARTESIAN_POINT('',(-1.162879503805,-2.441105543229));
#360 = CARTESIAN_POINT('',(-1.169866631714,-2.348255127328));
#361 = CARTESIAN_POINT('',(-1.17746944147,-2.290354639254));
#362 = CARTESIAN_POINT('',(-1.185350992684,-2.272422153642));
#363 = CARTESIAN_POINT('',(-1.193152252732,-2.294906410329));
#364 = CARTESIAN_POINT('',(-1.20812782761,-2.413323535332));
#365 = CARTESIAN_POINT('',(-1.215018289216,-2.508926371486));
#366 = CARTESIAN_POINT('',(-1.221101165047,-2.632116120676));
#367 = CARTESIAN_POINT('',(-1.22632228317,-2.776097162372));
#368 = CARTESIAN_POINT('',(-1.230664280353,-2.934879529469));
#369 = CARTESIAN_POINT('',(-1.234139452422,-3.103138018206));
#370 = CARTESIAN_POINT('',(-1.240027663132,-3.488060095027));
#371 = CARTESIAN_POINT('',(-1.24207110246,-3.709988167741));
#372 = CARTESIAN_POINT('',(-1.242977008497,-3.936974417306));
#373 = CARTESIAN_POINT('',(-1.242763646734,-4.165527795264));
#374 = CARTESIAN_POINT('',(-1.24141930829,-4.391909082395));
#375 = CARTESIAN_POINT('',(-1.238913583827,-4.611750227088));
#376 = CARTESIAN_POINT('',(-1.232417528254,-4.975265733001));
#377 = CARTESIAN_POINT('',(-1.228906754092,-5.126441935408));
#378 = CARTESIAN_POINT('',(-1.22465124487,-5.268382380679));
#379 = CARTESIAN_POINT('',(-1.219648413618,-5.396565166586));
#380 = CARTESIAN_POINT('',(-1.213921061702,-5.506064647767));
#381 = CARTESIAN_POINT('',(-1.207521705668,-5.591469283537));
#382 = CARTESIAN_POINT('',(-1.19371095065,-5.7006757692));
#383 = CARTESIAN_POINT('',(-1.186499543948,-5.724193369895));
#384 = CARTESIAN_POINT('',(-1.179182800341,-5.713093287952));
#385 = CARTESIAN_POINT('',(-1.172059407349,-5.667255649941));
#386 = CARTESIAN_POINT('',(-1.165415440741,-5.590303089726));
#387 = CARTESIAN_POINT('',(-1.159477057045,-5.489428827047));
#388 = CARTESIAN_POINT('',(-1.147673937883,-5.225443447382));
#389 = CARTESIAN_POINT('',(-1.142187082467,-5.047604772187));
#390 = CARTESIAN_POINT('',(-1.137892467187,-4.852087035181));
#391 = CARTESIAN_POINT('',(-1.134729239132,-4.645424074946));
#392 = CARTESIAN_POINT('',(-1.132644273986,-4.432349322957));
#393 = CARTESIAN_POINT('',(-1.131601022818,-4.216215211213));
#394 = CARTESIAN_POINT('',(-1.131601022818,-4.));
#395 = ( GEOMETRIC_REPRESENTATION_CONTEXT(2) 
PARAMETRIC_REPRESENTATION_CONTEXT() REPRESENTATION_CONTEXT('2D SPACE',''
  ) );
#396 = PCURVE('',#397,#402);
#397 = CYLINDRICAL_SURFACE('',#398,1.7);
#398 = AXIS2_PLACEMENT_3D('',#399,#400,#401);
#399 = CARTESIAN_POINT('',(-12.5,-4.5,21.650635094611));
#400 = DIRECTION('',(-0.5,0.,0.866025403784));
#401 = DIRECTION('',(0.866025403784,0.,0.5));
#402 = DEFINITIONAL_REPRESENTATION('',(#403),#448);
#403 = B_SPLINE_CURVE_WITH_KNOTS('',7,(#404,#405,#406,#407,#408,#409,
    #410,#411,#412,#413,#414,#415,#416,#417,#418,#419,#420,#421,#422,
    #423,#424,#425,#426,#427,#428,#429,#430,#431,#432,#433,#434,#435,
    #436,#437,#438,#439,#440,#441,#442,#443,#444,#445,#446,#447),
  .UNSPECIFIED.,.F.,.F.,(8,6,6,6,6,6,6,8),(0.,0.152734915172,
    0.285723644593,0.421923744914,0.588701441738,0.714477818925,
    0.837886406183,1.),.UNSPECIFIED.);
#404 = CARTESIAN_POINT('',(0.,5.753048629364));
#405 = CARTESIAN_POINT('',(0.119511759562,5.753048629364));
#406 = CARTESIAN_POINT('',(0.238966594633,5.754614430443));
#407 = CARTESIAN_POINT('',(0.359708177935,5.75774444535));
#408 = CARTESIAN_POINT('',(0.482849190863,5.76231792119));
#409 = CARTESIAN_POINT('',(0.609626855057,5.768085819823));
#410 = CARTESIAN_POINT('',(0.741280459267,5.77455139185));
#411 = CARTESIAN_POINT('',(1.000122979034,5.78648743032));
#412 = CARTESIAN_POINT('',(1.129921407878,5.792173081612));
#413 = CARTESIAN_POINT('',(1.265100611712,5.797202121486));
#414 = CARTESIAN_POINT('',(1.403528025884,5.800573720733));
#415 = CARTESIAN_POINT('',(1.543555619959,5.801556925568));
#416 = CARTESIAN_POINT('',(1.683746306521,5.800226158648));
#417 = CARTESIAN_POINT('',(1.963842667289,5.793894892802));
#418 = CARTESIAN_POINT('',(2.098718411295,5.78891889385));
#419 = CARTESIAN_POINT('',(2.228079200476,5.782895170023));
#420 = CARTESIAN_POINT('',(2.35264063894,5.776624355976));
#421 = CARTESIAN_POINT('',(2.472944235162,5.770731269614));
#422 = CARTESIAN_POINT('',(2.589276825246,5.765637261797));
#423 = CARTESIAN_POINT('',(2.839517741955,5.756579980818));
#424 = CARTESIAN_POINT('',(2.973378756464,5.753059739575));
#425 = CARTESIAN_POINT('',(3.105433737999,5.751413765798));
#426 = CARTESIAN_POINT('',(3.237175240658,5.751795949321));
#427 = CARTESIAN_POINT('',(3.369979666478,5.754209971821));
#428 = CARTESIAN_POINT('',(3.505140243083,5.758435007005));
#429 = CARTESIAN_POINT('',(3.74915601451,5.768112319722));
#430 = CARTESIAN_POINT('',(3.857693947396,5.773062417847));
#431 = CARTESIAN_POINT('',(3.969859111065,5.778583086446));
#432 = CARTESIAN_POINT('',(4.085810847807,5.784302069144));
#433 = CARTESIAN_POINT('',(4.205910631329,5.789699636274));
#434 = CARTESIAN_POINT('',(4.330679269815,5.794151144678));
#435 = CARTESIAN_POINT('',(4.588989368171,5.79998995636));
#436 = CARTESIAN_POINT('',(4.718979369712,5.801357386076));
#437 = CARTESIAN_POINT('',(4.849182992408,5.800762524654));
#438 = CARTESIAN_POINT('',(4.978230691834,5.798102599443));
#439 = CARTESIAN_POINT('',(5.10463108862,5.793883174532));
#440 = CARTESIAN_POINT('',(5.226520213091,5.788884445873));
#441 = CARTESIAN_POINT('',(5.490707714979,5.777090356936));
#442 = CARTESIAN_POINT('',(5.632554274671,5.769994506663));
#443 = CARTESIAN_POINT('',(5.768533412131,5.763531644084));
#444 = CARTESIAN_POINT('',(5.900160448004,5.758367359309));
#445 = CARTESIAN_POINT('',(6.028863040302,5.754821967853));
#446 = CARTESIAN_POINT('',(6.155999888819,5.753048629364));
#447 = CARTESIAN_POINT('',(6.28318530718,5.753048629364));
#448 = ( GEOMETRIC_REPRESENTATION_CONTEXT(2) 
PARAMETRIC_REPRESENTATION_CONTEXT() REPRESENTATION_CONTEXT('2D SPACE',''
  ) );
#449 = ADVANCED_FACE('',(#450),#44,.T.);
#450 = FACE_BOUND('',#451,.T.);
#451 = EDGE_LOOP('',(#452,#480,#508,#534));
#452 = ORIENTED_EDGE('',*,*,#453,.T.);
#453 = EDGE_CURVE('',#22,#454,#456,.T.);
#454 = VERTEX_POINT('',#455);
#455 = CARTESIAN_POINT('',(19.448667074419,-0.5,24.893158679212));
#456 = SURFACE_CURVE('',#457,(#462,#469),.PCURVE_S1.);
#457 = CIRCLE('',#458,0.8);
#458 = AXIS2_PLACEMENT_3D('',#459,#460,#461);
#459 = CARTESIAN_POINT('',(18.818258471534,-0.5,25.385687859472));
#460 = DIRECTION('',(0.,-1.,0.));
#461 = DIRECTION('',(0.,-0.,-1.));
#462 = PCURVE('',#44,#463);
#463 = DEFINITIONAL_REPRESENTATION('',(#464),#468);
#464 = LINE('',#465,#466);
#465 = CARTESIAN_POINT('',(-5.645279352214,0.));
#466 = VECTOR('',#467,1.);
#467 = DIRECTION('',(1.,0.));
#468 = ( GEOMETRIC_REPRESENTATION_CONTEXT(2) 
PARAMETRIC_REPRESENTATION_CONTEXT() REPRESENTATION_CONTEXT('2D SPACE',''
  ) );
#469 = PCURVE('',#132,#470);
#470 = DEFINITIONAL_REPRESENTATION('',(#471),#479);
#471 = ( BOUNDED_CURVE() B_SPLINE_CURVE(2,(#472,#473,#474,#475,#476,#477
,#478),.UNSPECIFIED.,.T.,.F.) B_SPLINE_CURVE_WITH_KNOTS((1,2,2,2,2,1),(
    -2.094395102393,0.,2.094395102393,4.188790204786,6.28318530718,
8.377580409573),.UNSPECIFIED.) CURVE() GEOMETRIC_REPRESENTATION_ITEM() 
RATIONAL_B_SPLINE_CURVE((1.,0.5,1.,0.5,1.,0.5,1.)) REPRESENTATION_ITEM(
  '') );
#472 = CARTESIAN_POINT('',(-5.548032294463,18.818258471534));
#473 = CARTESIAN_POINT('',(-5.548032294463,20.203899117589));
#474 = CARTESIAN_POINT('',(-4.348032294463,19.511078794561));
#475 = CARTESIAN_POINT('',(-3.148032294463,18.818258471534));
#476 = CARTESIAN_POINT('',(-4.348032294463,18.125438148506));
#477 = CARTESIAN_POINT('',(-5.548032294463,17.432617825479));
#478 = CARTESIAN_POINT('',(-5.548032294463,18.818258471534));
#479 = ( GEOMETRIC_REPRESENTATION_CONTEXT(2) 
PARAMETRIC_REPRESENTATION_CONTEXT() REPRESENTATION_CONTEXT('2D SPACE',''
  ) );
#480 = ORIENTED_EDGE('',*,*,#481,.T.);
#481 = EDGE_CURVE('',#454,#482,#484,.T.);
#482 = VERTEX_POINT('',#483);
#483 = CARTESIAN_POINT('',(19.448667074419,-10.5,24.893158679212));
#484 = SURFACE_CURVE('',#485,(#489,#496),.PCURVE_S1.);
#485 = LINE('',#486,#487);
#486 = CARTESIAN_POINT('',(19.448667074419,-0.5,24.893158679212));
#487 = VECTOR('',#488,1.);
#488 = DIRECTION('',(0.,-1.,0.));
#489 = PCURVE('',#44,#490);
#490 = DEFINITIONAL_REPRESENTATION('',(#491),#495);
#491 = LINE('',#492,#493);
#492 = CARTESIAN_POINT('',(1.545477166002,0.));
#493 = VECTOR('',#494,1.);
#494 = DIRECTION('',(0.,1.));
#495 = ( GEOMETRIC_REPRESENTATION_CONTEXT(2) 
PARAMETRIC_REPRESENTATION_CONTEXT() REPRESENTATION_CONTEXT('2D SPACE',''
  ) );
#496 = PCURVE('',#497,#502);
#497 = PLANE('',#498);
#498 = AXIS2_PLACEMENT_3D('',#499,#500,#501);
#499 = CARTESIAN_POINT('',(22.040680816659,-0.5,28.210784979121));
#500 = DIRECTION('',(0.788010753607,0.,-0.615661475326));
#501 = DIRECTION('',(-0.615661475326,0.,-0.788010753607));
#502 = DEFINITIONAL_REPRESENTATION('',(#503),#507);
#503 = LINE('',#504,#505);
#504 = CARTESIAN_POINT('',(4.210128205388,0.));
#505 = VECTOR('',#506,1.);
#506 = DIRECTION('',(-0.,-1.));
#507 = ( GEOMETRIC_REPRESENTATION_CONTEXT(2) 
PARAMETRIC_REPRESENTATION_CONTEXT() REPRESENTATION_CONTEXT('2D SPACE',''
  ) );
#508 = ORIENTED_EDGE('',*,*,#509,.F.);
#509 = EDGE_CURVE('',#24,#482,#510,.T.);
#510 = SURFACE_CURVE('',#511,(#516,#523),.PCURVE_S1.);
#511 = CIRCLE('',#512,0.8);
#512 = AXIS2_PLACEMENT_3D('',#513,#514,#515);
#513 = CARTESIAN_POINT('',(18.818258471534,-10.5,25.385687859472));
#514 = DIRECTION('',(0.,-1.,0.));
#515 = DIRECTION('',(0.,-0.,-1.));
#516 = PCURVE('',#44,#517);
#517 = DEFINITIONAL_REPRESENTATION('',(#518),#522);
#518 = LINE('',#519,#520);
#519 = CARTESIAN_POINT('',(-5.645279352214,10.));
#520 = VECTOR('',#521,1.);
#521 = DIRECTION('',(1.,0.));
#522 = ( GEOMETRIC_REPRESENTATION_CONTEXT(2) 
PARAMETRIC_REPRESENTATION_CONTEXT() REPRESENTATION_CONTEXT('2D SPACE',''
  ) );
#523 = PCURVE('',#73,#524);
#524 = DEFINITIONAL_REPRESENTATION('',(#525),#533);
#525 = ( BOUNDED_CURVE() B_SPLINE_CURVE(2,(#526,#527,#528,#529,#530,#531
,#532),.UNSPECIFIED.,.T.,.F.) B_SPLINE_CURVE_WITH_KNOTS((1,2,2,2,2,1),(
    -2.094395102393,0.,2.094395102393,4.188790204786,6.28318530718,
8.377580409573),.UNSPECIFIED.) CURVE() GEOMETRIC_REPRESENTATION_ITEM() 
RATIONAL_B_SPLINE_CURVE((1.,0.5,1.,0.5,1.,0.5,1.)) REPRESENTATION_ITEM(
  '') );
#526 = CARTESIAN_POINT('',(-5.548032294463,18.818258471534));
#527 = CARTESIAN_POINT('',(-5.548032294463,20.203899117589));
#528 = CARTESIAN_POINT('',(-4.348032294463,19.511078794561));
#529 = CARTESIAN_POINT('',(-3.148032294463,18.818258471534));
#530 = CARTESIAN_POINT('',(-4.348032294463,18.125438148506));
#531 = CARTESIAN_POINT('',(-5.548032294463,17.432617825479));
#532 = CARTESIAN_POINT('',(-5.548032294463,18.818258471534));
#533 = ( GEOMETRIC_REPRESENTATION_CONTEXT(2) 
PARAMETRIC_REPRESENTATION_CONTEXT() REPRESENTATION_CONTEXT('2D SPACE',''
  ) );
#534 = ORIENTED_EDGE('',*,*,#21,.F.);
#535 = ADVANCED_FACE('',(#536),#132,.T.);
#536 = FACE_BOUND('',#537,.T.);
#537 = EDGE_LOOP('',(#538,#539,#540,#564,#592,#621,#650,#677,#703,#730,
    #754,#783));
#538 = ORIENTED_EDGE('',*,*,#453,.F.);
#539 = ORIENTED_EDGE('',*,*,#117,.F.);
#540 = ORIENTED_EDGE('',*,*,#541,.T.);
#541 = EDGE_CURVE('',#90,#542,#544,.T.);
#542 = VERTEX_POINT('',#543);
#543 = CARTESIAN_POINT('',(-19.44866707441,-0.5,24.893158679212));
#544 = SURFACE_CURVE('',#545,(#550,#557),.PCURVE_S1.);
#545 = CIRCLE('',#546,0.8);
#546 = AXIS2_PLACEMENT_3D('',#547,#548,#549);
#547 = CARTESIAN_POINT('',(-18.81825847153,-0.5,25.385687859472));
#548 = DIRECTION('',(-0.,1.,0.));
#549 = DIRECTION('',(0.,0.,-1.));
#550 = PCURVE('',#132,#551);
#551 = DEFINITIONAL_REPRESENTATION('',(#552),#556);
#552 = CIRCLE('',#553,0.8);
#553 = AXIS2_PLACEMENT_2D('',#554,#555);
#554 = CARTESIAN_POINT('',(-4.748032294463,-18.81825847153));
#555 = DIRECTION('',(-1.,0.));
#556 = ( GEOMETRIC_REPRESENTATION_CONTEXT(2) 
PARAMETRIC_REPRESENTATION_CONTEXT() REPRESENTATION_CONTEXT('2D SPACE',''
  ) );
#557 = PCURVE('',#105,#558);
#558 = DEFINITIONAL_REPRESENTATION('',(#559),#563);
#559 = LINE('',#560,#561);
#560 = CARTESIAN_POINT('',(5.645279352214,-0.));
#561 = VECTOR('',#562,1.);
#562 = DIRECTION('',(-1.,0.));
#563 = ( GEOMETRIC_REPRESENTATION_CONTEXT(2) 
PARAMETRIC_REPRESENTATION_CONTEXT() REPRESENTATION_CONTEXT('2D SPACE',''
  ) );
#564 = ORIENTED_EDGE('',*,*,#565,.T.);
#565 = EDGE_CURVE('',#542,#566,#568,.T.);
#566 = VERTEX_POINT('',#567);
#567 = CARTESIAN_POINT('',(-21.54252199608,-0.5,27.573170765224));
#568 = SURFACE_CURVE('',#569,(#573,#580),.PCURVE_S1.);
#569 = LINE('',#570,#571);
#570 = CARTESIAN_POINT('',(-18.96237344003,-0.5,24.270731211087));
#571 = VECTOR('',#572,1.);
#572 = DIRECTION('',(-0.615661475326,0.,0.788010753607));
#573 = PCURVE('',#132,#574);
#574 = DEFINITIONAL_REPRESENTATION('',(#575),#579);
#575 = LINE('',#576,#577);
#576 = CARTESIAN_POINT('',(-5.862988942848,-18.96237344003));
#577 = VECTOR('',#578,1.);
#578 = DIRECTION('',(0.788010753607,-0.615661475326));
#579 = ( GEOMETRIC_REPRESENTATION_CONTEXT(2) 
PARAMETRIC_REPRESENTATION_CONTEXT() REPRESENTATION_CONTEXT('2D SPACE',''
  ) );
#580 = PCURVE('',#581,#586);
#581 = PLANE('',#582);
#582 = AXIS2_PLACEMENT_3D('',#583,#584,#585);
#583 = CARTESIAN_POINT('',(-18.96237344003,-0.5,24.270731211087));
#584 = DIRECTION('',(-0.788010753607,-0.,-0.615661475326));
#585 = DIRECTION('',(-0.615661475326,0.,0.788010753607));
#586 = DEFINITIONAL_REPRESENTATION('',(#587),#591);
#587 = LINE('',#588,#589);
#588 = CARTESIAN_POINT('',(0.,0.));
#589 = VECTOR('',#590,1.);
#590 = DIRECTION('',(1.,0.));
#591 = ( GEOMETRIC_REPRESENTATION_CONTEXT(2) 
PARAMETRIC_REPRESENTATION_CONTEXT() REPRESENTATION_CONTEXT('2D SPACE',''
  ) );
#592 = ORIENTED_EDGE('',*,*,#593,.T.);
#593 = EDGE_CURVE('',#566,#594,#596,.T.);
#594 = VERTEX_POINT('',#595);
#595 = CARTESIAN_POINT('',(-21.39010455647,-0.5,28.707201658524));
#596 = SURFACE_CURVE('',#597,(#602,#609),.PCURVE_S1.);
#597 = CIRCLE('',#598,0.8);
#598 = AXIS2_PLACEMENT_3D('',#599,#600,#601);
#599 = CARTESIAN_POINT('',(-20.91211339319,-0.5,28.065699945485));
#600 = DIRECTION('',(0.,1.,0.));
#601 = DIRECTION('',(0.,0.,-1.));
#602 = PCURVE('',#132,#603);
#603 = DEFINITIONAL_REPRESENTATION('',(#604),#608);
#604 = CIRCLE('',#605,0.8);
#605 = AXIS2_PLACEMENT_2D('',#606,#607);
#606 = CARTESIAN_POINT('',(-2.068020208451,-20.91211339319));
#607 = DIRECTION('',(-1.,0.));
#608 = ( GEOMETRIC_REPRESENTATION_CONTEXT(2) 
PARAMETRIC_REPRESENTATION_CONTEXT() REPRESENTATION_CONTEXT('2D SPACE',''
  ) );
#609 = PCURVE('',#610,#615);
#610 = CYLINDRICAL_SURFACE('',#611,0.8);
#611 = AXIS2_PLACEMENT_3D('',#612,#613,#614);
#612 = CARTESIAN_POINT('',(-20.91211339319,-0.5,28.065699945485));
#613 = DIRECTION('',(0.,-1.,-0.));
#614 = DIRECTION('',(-0.788010753607,0.,-0.615661475326));
#615 = DEFINITIONAL_REPRESENTATION('',(#616),#620);
#616 = LINE('',#617,#618);
#617 = CARTESIAN_POINT('',(0.907571211037,-0.));
#618 = VECTOR('',#619,1.);
#619 = DIRECTION('',(-1.,0.));
#620 = ( GEOMETRIC_REPRESENTATION_CONTEXT(2) 
PARAMETRIC_REPRESENTATION_CONTEXT() REPRESENTATION_CONTEXT('2D SPACE',''
  ) );
#621 = ORIENTED_EDGE('',*,*,#622,.T.);
#622 = EDGE_CURVE('',#594,#623,#625,.T.);
#623 = VERTEX_POINT('',#624);
#624 = CARTESIAN_POINT('',(-12.,-0.5,33.728919342309));
#625 = SURFACE_CURVE('',#626,(#631,#638),.PCURVE_S1.);
#626 = CIRCLE('',#627,35.8);
#627 = AXIS2_PLACEMENT_3D('',#628,#629,#630);
#628 = CARTESIAN_POINT('',(-8.881784197001E-16,-0.5,-2.13162820728E-14)
  );
#629 = DIRECTION('',(-0.,1.,0.));
#630 = DIRECTION('',(-0.615661475326,-0.,0.788010753607));
#631 = PCURVE('',#132,#632);
#632 = DEFINITIONAL_REPRESENTATION('',(#633),#637);
#633 = CIRCLE('',#634,35.8);
#634 = AXIS2_PLACEMENT_2D('',#635,#636);
#635 = CARTESIAN_POINT('',(-30.13372015393,-2.780557411282E-15));
#636 = DIRECTION('',(0.788010753607,-0.615661475326));
#637 = ( GEOMETRIC_REPRESENTATION_CONTEXT(2) 
PARAMETRIC_REPRESENTATION_CONTEXT() REPRESENTATION_CONTEXT('2D SPACE',''
  ) );
#638 = PCURVE('',#639,#644);
#639 = CYLINDRICAL_SURFACE('',#640,35.8);
#640 = AXIS2_PLACEMENT_3D('',#641,#642,#643);
#641 = CARTESIAN_POINT('',(-8.881784197001E-16,-0.5,-2.13162820728E-14)
  );
#642 = DIRECTION('',(-0.,1.,0.));
#643 = DIRECTION('',(-0.615661475326,-0.,0.788010753607));
#644 = DEFINITIONAL_REPRESENTATION('',(#645),#649);
#645 = LINE('',#646,#647);
#646 = CARTESIAN_POINT('',(0.,0.));
#647 = VECTOR('',#648,1.);
#648 = DIRECTION('',(1.,0.));
#649 = ( GEOMETRIC_REPRESENTATION_CONTEXT(2) 
PARAMETRIC_REPRESENTATION_CONTEXT() REPRESENTATION_CONTEXT('2D SPACE',''
  ) );
#650 = ORIENTED_EDGE('',*,*,#651,.T.);
#651 = EDGE_CURVE('',#623,#652,#654,.T.);
#652 = VERTEX_POINT('',#653);
#653 = CARTESIAN_POINT('',(-12.,-0.5,32.8));
#654 = SURFACE_CURVE('',#655,(#659,#665),.PCURVE_S1.);
#655 = LINE('',#656,#657);
#656 = CARTESIAN_POINT('',(-12.,-0.5,31.466860076968));
#657 = VECTOR('',#658,1.);
#658 = DIRECTION('',(-0.,0.,-1.));
#659 = PCURVE('',#132,#660);
#660 = DEFINITIONAL_REPRESENTATION('',(#661),#664);
#661 = B_SPLINE_CURVE_WITH_KNOTS('',1,(#662,#663),.UNSPECIFIED.,.F.,.F.,
  (2,2),(-4.333139923032,-1.333139923032),.PIECEWISE_BEZIER_KNOTS.);
#662 = CARTESIAN_POINT('',(5.666279846065,-12.));
#663 = CARTESIAN_POINT('',(2.666279846065,-12.));
#664 = ( GEOMETRIC_REPRESENTATION_CONTEXT(2) 
PARAMETRIC_REPRESENTATION_CONTEXT() REPRESENTATION_CONTEXT('2D SPACE',''
  ) );
#665 = PCURVE('',#666,#671);
#666 = PLANE('',#667);
#667 = AXIS2_PLACEMENT_3D('',#668,#669,#670);
#668 = CARTESIAN_POINT('',(-12.,-8.5,32.8));
#669 = DIRECTION('',(1.,0.,-0.));
#670 = DIRECTION('',(0.,0.,1.));
#671 = DEFINITIONAL_REPRESENTATION('',(#672),#676);
#672 = LINE('',#673,#674);
#673 = CARTESIAN_POINT('',(-1.333139923032,-8.));
#674 = VECTOR('',#675,1.);
#675 = DIRECTION('',(-1.,-0.));
#676 = ( GEOMETRIC_REPRESENTATION_CONTEXT(2) 
PARAMETRIC_REPRESENTATION_CONTEXT() REPRESENTATION_CONTEXT('2D SPACE',''
  ) );
#677 = ORIENTED_EDGE('',*,*,#678,.T.);
#678 = EDGE_CURVE('',#652,#679,#681,.T.);
#679 = VERTEX_POINT('',#680);
#680 = CARTESIAN_POINT('',(12.,-0.5,32.8));
#681 = SURFACE_CURVE('',#682,(#686,#692),.PCURVE_S1.);
#682 = LINE('',#683,#684);
#683 = CARTESIAN_POINT('',(-6.,-0.5,32.8));
#684 = VECTOR('',#685,1.);
#685 = DIRECTION('',(1.,0.,0.));
#686 = PCURVE('',#132,#687);
#687 = DEFINITIONAL_REPRESENTATION('',(#688),#691);
#688 = B_SPLINE_CURVE_WITH_KNOTS('',1,(#689,#690),.UNSPECIFIED.,.F.,.F.,
  (2,2),(-6.,18.),.PIECEWISE_BEZIER_KNOTS.);
#689 = CARTESIAN_POINT('',(2.666279846065,-12.));
#690 = CARTESIAN_POINT('',(2.666279846065,12.));
#691 = ( GEOMETRIC_REPRESENTATION_CONTEXT(2) 
PARAMETRIC_REPRESENTATION_CONTEXT() REPRESENTATION_CONTEXT('2D SPACE',''
  ) );
#692 = PCURVE('',#693,#698);
#693 = PLANE('',#694);
#694 = AXIS2_PLACEMENT_3D('',#695,#696,#697);
#695 = CARTESIAN_POINT('',(-12.,-8.5,32.8));
#696 = DIRECTION('',(0.,0.,1.));
#697 = DIRECTION('',(1.,0.,-0.));
#698 = DEFINITIONAL_REPRESENTATION('',(#699),#702);
#699 = B_SPLINE_CURVE_WITH_KNOTS('',1,(#700,#701),.UNSPECIFIED.,.F.,.F.,
  (2,2),(-6.,18.),.PIECEWISE_BEZIER_KNOTS.);
#700 = CARTESIAN_POINT('',(0.,8.));
#701 = CARTESIAN_POINT('',(24.,8.));
#702 = ( GEOMETRIC_REPRESENTATION_CONTEXT(2) 
PARAMETRIC_REPRESENTATION_CONTEXT() REPRESENTATION_CONTEXT('2D SPACE',''
  ) );
#703 = ORIENTED_EDGE('',*,*,#704,.F.);
#704 = EDGE_CURVE('',#705,#679,#707,.T.);
#705 = VERTEX_POINT('',#706);
#706 = CARTESIAN_POINT('',(12.,-0.5,33.728919342309));
#707 = SURFACE_CURVE('',#708,(#712,#718),.PCURVE_S1.);
#708 = LINE('',#709,#710);
#709 = CARTESIAN_POINT('',(12.,-0.5,31.466860076968));
#710 = VECTOR('',#711,1.);
#711 = DIRECTION('',(-0.,0.,-1.));
#712 = PCURVE('',#132,#713);
#713 = DEFINITIONAL_REPRESENTATION('',(#714),#717);
#714 = B_SPLINE_CURVE_WITH_KNOTS('',1,(#715,#716),.UNSPECIFIED.,.F.,.F.,
  (2,2),(-4.333139923032,-1.333139923032),.PIECEWISE_BEZIER_KNOTS.);
#715 = CARTESIAN_POINT('',(5.666279846065,12.));
#716 = CARTESIAN_POINT('',(2.666279846065,12.));
#717 = ( GEOMETRIC_REPRESENTATION_CONTEXT(2) 
PARAMETRIC_REPRESENTATION_CONTEXT() REPRESENTATION_CONTEXT('2D SPACE',''
  ) );
#718 = PCURVE('',#719,#724);
#719 = PLANE('',#720);
#720 = AXIS2_PLACEMENT_3D('',#721,#722,#723);
#721 = CARTESIAN_POINT('',(12.,-8.5,32.8));
#722 = DIRECTION('',(1.,0.,-0.));
#723 = DIRECTION('',(0.,0.,1.));
#724 = DEFINITIONAL_REPRESENTATION('',(#725),#729);
#725 = LINE('',#726,#727);
#726 = CARTESIAN_POINT('',(-1.333139923032,-8.));
#727 = VECTOR('',#728,1.);
#728 = DIRECTION('',(-1.,-0.));
#729 = ( GEOMETRIC_REPRESENTATION_CONTEXT(2) 
PARAMETRIC_REPRESENTATION_CONTEXT() REPRESENTATION_CONTEXT('2D SPACE',''
  ) );
#730 = ORIENTED_EDGE('',*,*,#731,.T.);
#731 = EDGE_CURVE('',#705,#732,#734,.T.);
#732 = VERTEX_POINT('',#733);
#733 = CARTESIAN_POINT('',(21.390104556473,-0.5,28.707201658524));
#734 = SURFACE_CURVE('',#735,(#740,#747),.PCURVE_S1.);
#735 = CIRCLE('',#736,35.8);
#736 = AXIS2_PLACEMENT_3D('',#737,#738,#739);
#737 = CARTESIAN_POINT('',(-8.881784197001E-16,-0.5,-2.13162820728E-14)
  );
#738 = DIRECTION('',(-0.,1.,0.));
#739 = DIRECTION('',(-0.615661475326,-0.,0.788010753607));
#740 = PCURVE('',#132,#741);
#741 = DEFINITIONAL_REPRESENTATION('',(#742),#746);
#742 = CIRCLE('',#743,35.8);
#743 = AXIS2_PLACEMENT_2D('',#744,#745);
#744 = CARTESIAN_POINT('',(-30.13372015393,-2.780557411282E-15));
#745 = DIRECTION('',(0.788010753607,-0.615661475326));
#746 = ( GEOMETRIC_REPRESENTATION_CONTEXT(2) 
PARAMETRIC_REPRESENTATION_CONTEXT() REPRESENTATION_CONTEXT('2D SPACE',''
  ) );
#747 = PCURVE('',#639,#748);
#748 = DEFINITIONAL_REPRESENTATION('',(#749),#753);
#749 = LINE('',#750,#751);
#750 = CARTESIAN_POINT('',(0.,0.));
#751 = VECTOR('',#752,1.);
#752 = DIRECTION('',(1.,0.));
#753 = ( GEOMETRIC_REPRESENTATION_CONTEXT(2) 
PARAMETRIC_REPRESENTATION_CONTEXT() REPRESENTATION_CONTEXT('2D SPACE',''
  ) );
#754 = ORIENTED_EDGE('',*,*,#755,.T.);
#755 = EDGE_CURVE('',#732,#756,#758,.T.);
#756 = VERTEX_POINT('',#757);
#757 = CARTESIAN_POINT('',(21.542521996085,-0.5,27.573170765224));
#758 = SURFACE_CURVE('',#759,(#764,#771),.PCURVE_S1.);
#759 = CIRCLE('',#760,0.8);
#760 = AXIS2_PLACEMENT_3D('',#761,#762,#763);
#761 = CARTESIAN_POINT('',(20.912113393199,-0.5,28.065699945485));
#762 = DIRECTION('',(0.,1.,0.));
#763 = DIRECTION('',(0.,0.,-1.));
#764 = PCURVE('',#132,#765);
#765 = DEFINITIONAL_REPRESENTATION('',(#766),#770);
#766 = CIRCLE('',#767,0.8);
#767 = AXIS2_PLACEMENT_2D('',#768,#769);
#768 = CARTESIAN_POINT('',(-2.068020208451,20.912113393199));
#769 = DIRECTION('',(-1.,0.));
#770 = ( GEOMETRIC_REPRESENTATION_CONTEXT(2) 
PARAMETRIC_REPRESENTATION_CONTEXT() REPRESENTATION_CONTEXT('2D SPACE',''
  ) );
#771 = PCURVE('',#772,#777);
#772 = CYLINDRICAL_SURFACE('',#773,0.8);
#773 = AXIS2_PLACEMENT_3D('',#774,#775,#776);
#774 = CARTESIAN_POINT('',(20.912113393199,-0.5,28.065699945485));
#775 = DIRECTION('',(0.,-1.,-0.));
#776 = DIRECTION('',(0.597488954091,0.,0.8018771413));
#777 = DEFINITIONAL_REPRESENTATION('',(#778),#782);
#778 = LINE('',#779,#780);
#779 = CARTESIAN_POINT('',(3.781958635741,-0.));
#780 = VECTOR('',#781,1.);
#781 = DIRECTION('',(-1.,0.));
#782 = ( GEOMETRIC_REPRESENTATION_CONTEXT(2) 
PARAMETRIC_REPRESENTATION_CONTEXT() REPRESENTATION_CONTEXT('2D SPACE',''
  ) );
#783 = ORIENTED_EDGE('',*,*,#784,.T.);
#784 = EDGE_CURVE('',#756,#454,#785,.T.);
#785 = SURFACE_CURVE('',#786,(#790,#797),.PCURVE_S1.);
#786 = LINE('',#787,#788);
#787 = CARTESIAN_POINT('',(22.040680816659,-0.5,28.210784979121));
#788 = VECTOR('',#789,1.);
#789 = DIRECTION('',(-0.615661475326,0.,-0.788010753607));
#790 = PCURVE('',#132,#791);
#791 = DEFINITIONAL_REPRESENTATION('',(#792),#796);
#792 = LINE('',#793,#794);
#793 = CARTESIAN_POINT('',(-1.922935174814,22.040680816659));
#794 = VECTOR('',#795,1.);
#795 = DIRECTION('',(-0.788010753607,-0.615661475326));
#796 = ( GEOMETRIC_REPRESENTATION_CONTEXT(2) 
PARAMETRIC_REPRESENTATION_CONTEXT() REPRESENTATION_CONTEXT('2D SPACE',''
  ) );
#797 = PCURVE('',#497,#798);
#798 = DEFINITIONAL_REPRESENTATION('',(#799),#803);
#799 = LINE('',#800,#801);
#800 = CARTESIAN_POINT('',(0.,0.));
#801 = VECTOR('',#802,1.);
#802 = DIRECTION('',(1.,0.));
#803 = ( GEOMETRIC_REPRESENTATION_CONTEXT(2) 
PARAMETRIC_REPRESENTATION_CONTEXT() REPRESENTATION_CONTEXT('2D SPACE',''
  ) );
#804 = ADVANCED_FACE('',(#805),#73,.F.);
#805 = FACE_BOUND('',#806,.F.);
#806 = EDGE_LOOP('',(#807,#808,#832,#855,#879,#903,#927,#948));
#807 = ORIENTED_EDGE('',*,*,#56,.T.);
#808 = ORIENTED_EDGE('',*,*,#809,.T.);
#809 = EDGE_CURVE('',#57,#810,#812,.T.);
#810 = VERTEX_POINT('',#811);
#811 = CARTESIAN_POINT('',(-19.44866707441,-10.5,24.893158679212));
#812 = SURFACE_CURVE('',#813,(#818,#825),.PCURVE_S1.);
#813 = CIRCLE('',#814,0.8);
#814 = AXIS2_PLACEMENT_3D('',#815,#816,#817);
#815 = CARTESIAN_POINT('',(-18.81825847153,-10.5,25.385687859472));
#816 = DIRECTION('',(-0.,1.,0.));
#817 = DIRECTION('',(0.,0.,-1.));
#818 = PCURVE('',#73,#819);
#819 = DEFINITIONAL_REPRESENTATION('',(#820),#824);
#820 = CIRCLE('',#821,0.8);
#821 = AXIS2_PLACEMENT_2D('',#822,#823);
#822 = CARTESIAN_POINT('',(-4.748032294463,-18.81825847153));
#823 = DIRECTION('',(-1.,0.));
#824 = ( GEOMETRIC_REPRESENTATION_CONTEXT(2) 
PARAMETRIC_REPRESENTATION_CONTEXT() REPRESENTATION_CONTEXT('2D SPACE',''
  ) );
#825 = PCURVE('',#105,#826);
#826 = DEFINITIONAL_REPRESENTATION('',(#827),#831);
#827 = LINE('',#828,#829);
#828 = CARTESIAN_POINT('',(5.645279352214,10.));
#829 = VECTOR('',#830,1.);
#830 = DIRECTION('',(-1.,0.));
#831 = ( GEOMETRIC_REPRESENTATION_CONTEXT(2) 
PARAMETRIC_REPRESENTATION_CONTEXT() REPRESENTATION_CONTEXT('2D SPACE',''
  ) );
#832 = ORIENTED_EDGE('',*,*,#833,.T.);
#833 = EDGE_CURVE('',#810,#834,#836,.T.);
#834 = VERTEX_POINT('',#835);
#835 = CARTESIAN_POINT('',(-21.54252199608,-10.5,27.573170765224));
#836 = SURFACE_CURVE('',#837,(#841,#848),.PCURVE_S1.);
#837 = LINE('',#838,#839);
#838 = CARTESIAN_POINT('',(-18.96237344003,-10.5,24.270731211087));
#839 = VECTOR('',#840,1.);
#840 = DIRECTION('',(-0.615661475326,0.,0.788010753607));
#841 = PCURVE('',#73,#842);
#842 = DEFINITIONAL_REPRESENTATION('',(#843),#847);
#843 = LINE('',#844,#845);
#844 = CARTESIAN_POINT('',(-5.862988942848,-18.96237344003));
#845 = VECTOR('',#846,1.);
#846 = DIRECTION('',(0.788010753607,-0.615661475326));
#847 = ( GEOMETRIC_REPRESENTATION_CONTEXT(2) 
PARAMETRIC_REPRESENTATION_CONTEXT() REPRESENTATION_CONTEXT('2D SPACE',''
  ) );
#848 = PCURVE('',#581,#849);
#849 = DEFINITIONAL_REPRESENTATION('',(#850),#854);
#850 = LINE('',#851,#852);
#851 = CARTESIAN_POINT('',(0.,-10.));
#852 = VECTOR('',#853,1.);
#853 = DIRECTION('',(1.,0.));
#854 = ( GEOMETRIC_REPRESENTATION_CONTEXT(2) 
PARAMETRIC_REPRESENTATION_CONTEXT() REPRESENTATION_CONTEXT('2D SPACE',''
  ) );
#855 = ORIENTED_EDGE('',*,*,#856,.T.);
#856 = EDGE_CURVE('',#834,#857,#859,.T.);
#857 = VERTEX_POINT('',#858);
#858 = CARTESIAN_POINT('',(-21.39010455647,-10.5,28.707201658524));
#859 = SURFACE_CURVE('',#860,(#865,#872),.PCURVE_S1.);
#860 = CIRCLE('',#861,0.8);
#861 = AXIS2_PLACEMENT_3D('',#862,#863,#864);
#862 = CARTESIAN_POINT('',(-20.91211339319,-10.5,28.065699945485));
#863 = DIRECTION('',(0.,1.,0.));
#864 = DIRECTION('',(0.,0.,-1.));
#865 = PCURVE('',#73,#866);
#866 = DEFINITIONAL_REPRESENTATION('',(#867),#871);
#867 = CIRCLE('',#868,0.8);
#868 = AXIS2_PLACEMENT_2D('',#869,#870);
#869 = CARTESIAN_POINT('',(-2.068020208451,-20.91211339319));
#870 = DIRECTION('',(-1.,0.));
#871 = ( GEOMETRIC_REPRESENTATION_CONTEXT(2) 
PARAMETRIC_REPRESENTATION_CONTEXT() REPRESENTATION_CONTEXT('2D SPACE',''
  ) );
#872 = PCURVE('',#610,#873);
#873 = DEFINITIONAL_REPRESENTATION('',(#874),#878);
#874 = LINE('',#875,#876);
#875 = CARTESIAN_POINT('',(0.907571211037,10.));
#876 = VECTOR('',#877,1.);
#877 = DIRECTION('',(-1.,0.));
#878 = ( GEOMETRIC_REPRESENTATION_CONTEXT(2) 
PARAMETRIC_REPRESENTATION_CONTEXT() REPRESENTATION_CONTEXT('2D SPACE',''
  ) );
#879 = ORIENTED_EDGE('',*,*,#880,.T.);
#880 = EDGE_CURVE('',#857,#881,#883,.T.);
#881 = VERTEX_POINT('',#882);
#882 = CARTESIAN_POINT('',(21.390104556473,-10.5,28.707201658524));
#883 = SURFACE_CURVE('',#884,(#889,#896),.PCURVE_S1.);
#884 = CIRCLE('',#885,35.8);
#885 = AXIS2_PLACEMENT_3D('',#886,#887,#888);
#886 = CARTESIAN_POINT('',(-8.881784197001E-16,-10.5,-2.13162820728E-14)
  );
#887 = DIRECTION('',(-0.,1.,0.));
#888 = DIRECTION('',(-0.615661475326,-0.,0.788010753607));
#889 = PCURVE('',#73,#890);
#890 = DEFINITIONAL_REPRESENTATION('',(#891),#895);
#891 = CIRCLE('',#892,35.8);
#892 = AXIS2_PLACEMENT_2D('',#893,#894);
#893 = CARTESIAN_POINT('',(-30.13372015393,-2.780557411282E-15));
#894 = DIRECTION('',(0.788010753607,-0.615661475326));
#895 = ( GEOMETRIC_REPRESENTATION_CONTEXT(2) 
PARAMETRIC_REPRESENTATION_CONTEXT() REPRESENTATION_CONTEXT('2D SPACE',''
  ) );
#896 = PCURVE('',#639,#897);
#897 = DEFINITIONAL_REPRESENTATION('',(#898),#902);
#898 = LINE('',#899,#900);
#899 = CARTESIAN_POINT('',(0.,-10.));
#900 = VECTOR('',#901,1.);
#901 = DIRECTION('',(1.,0.));
#902 = ( GEOMETRIC_REPRESENTATION_CONTEXT(2) 
PARAMETRIC_REPRESENTATION_CONTEXT() REPRESENTATION_CONTEXT('2D SPACE',''
  ) );
#903 = ORIENTED_EDGE('',*,*,#904,.T.);
#904 = EDGE_CURVE('',#881,#905,#907,.T.);
#905 = VERTEX_POINT('',#906);
#906 = CARTESIAN_POINT('',(21.542521996085,-10.5,27.573170765224));
#907 = SURFACE_CURVE('',#908,(#913,#920),.PCURVE_S1.);
#908 = CIRCLE('',#909,0.8);
#909 = AXIS2_PLACEMENT_3D('',#910,#911,#912);
#910 = CARTESIAN_POINT('',(20.912113393199,-10.5,28.065699945485));
#911 = DIRECTION('',(0.,1.,0.));
#912 = DIRECTION('',(0.,0.,-1.));
#913 = PCURVE('',#73,#914);
#914 = DEFINITIONAL_REPRESENTATION('',(#915),#919);
#915 = CIRCLE('',#916,0.8);
#916 = AXIS2_PLACEMENT_2D('',#917,#918);
#917 = CARTESIAN_POINT('',(-2.068020208451,20.912113393199));
#918 = DIRECTION('',(-1.,0.));
#919 = ( GEOMETRIC_REPRESENTATION_CONTEXT(2) 
PARAMETRIC_REPRESENTATION_CONTEXT() REPRESENTATION_CONTEXT('2D SPACE',''
  ) );
#920 = PCURVE('',#772,#921);
#921 = DEFINITIONAL_REPRESENTATION('',(#922),#926);
#922 = LINE('',#923,#924);
#923 = CARTESIAN_POINT('',(3.781958635741,10.));
#924 = VECTOR('',#925,1.);
#925 = DIRECTION('',(-1.,0.));
#926 = ( GEOMETRIC_REPRESENTATION_CONTEXT(2) 
PARAMETRIC_REPRESENTATION_CONTEXT() REPRESENTATION_CONTEXT('2D SPACE',''
  ) );
#927 = ORIENTED_EDGE('',*,*,#928,.T.);
#928 = EDGE_CURVE('',#905,#482,#929,.T.);
#929 = SURFACE_CURVE('',#930,(#934,#941),.PCURVE_S1.);
#930 = LINE('',#931,#932);
#931 = CARTESIAN_POINT('',(22.040680816659,-10.5,28.210784979121));
#932 = VECTOR('',#933,1.);
#933 = DIRECTION('',(-0.615661475326,0.,-0.788010753607));
#934 = PCURVE('',#73,#935);
#935 = DEFINITIONAL_REPRESENTATION('',(#936),#940);
#936 = LINE('',#937,#938);
#937 = CARTESIAN_POINT('',(-1.922935174814,22.040680816659));
#938 = VECTOR('',#939,1.);
#939 = DIRECTION('',(-0.788010753607,-0.615661475326));
#940 = ( GEOMETRIC_REPRESENTATION_CONTEXT(2) 
PARAMETRIC_REPRESENTATION_CONTEXT() REPRESENTATION_CONTEXT('2D SPACE',''
  ) );
#941 = PCURVE('',#497,#942);
#942 = DEFINITIONAL_REPRESENTATION('',(#943),#947);
#943 = LINE('',#944,#945);
#944 = CARTESIAN_POINT('',(-0.,-10.));
#945 = VECTOR('',#946,1.);
#946 = DIRECTION('',(1.,0.));
#947 = ( GEOMETRIC_REPRESENTATION_CONTEXT(2) 
PARAMETRIC_REPRESENTATION_CONTEXT() REPRESENTATION_CONTEXT('2D SPACE',''
  ) );
#948 = ORIENTED_EDGE('',*,*,#509,.F.);
#949 = ADVANCED_FACE('',(#950),#105,.T.);
#950 = FACE_BOUND('',#951,.F.);
#951 = EDGE_LOOP('',(#952,#953,#974,#975));
#952 = ORIENTED_EDGE('',*,*,#541,.T.);
#953 = ORIENTED_EDGE('',*,*,#954,.T.);
#954 = EDGE_CURVE('',#542,#810,#955,.T.);
#955 = SURFACE_CURVE('',#956,(#960,#967),.PCURVE_S1.);
#956 = LINE('',#957,#958);
#957 = CARTESIAN_POINT('',(-19.44866707441,-0.5,24.893158679212));
#958 = VECTOR('',#959,1.);
#959 = DIRECTION('',(0.,-1.,0.));
#960 = PCURVE('',#105,#961);
#961 = DEFINITIONAL_REPRESENTATION('',(#962),#966);
#962 = LINE('',#963,#964);
#963 = CARTESIAN_POINT('',(-1.545477166002,0.));
#964 = VECTOR('',#965,1.);
#965 = DIRECTION('',(-0.,1.));
#966 = ( GEOMETRIC_REPRESENTATION_CONTEXT(2) 
PARAMETRIC_REPRESENTATION_CONTEXT() REPRESENTATION_CONTEXT('2D SPACE',''
  ) );
#967 = PCURVE('',#581,#968);
#968 = DEFINITIONAL_REPRESENTATION('',(#969),#973);
#969 = LINE('',#970,#971);
#970 = CARTESIAN_POINT('',(0.789871794612,0.));
#971 = VECTOR('',#972,1.);
#972 = DIRECTION('',(0.,-1.));
#973 = ( GEOMETRIC_REPRESENTATION_CONTEXT(2) 
PARAMETRIC_REPRESENTATION_CONTEXT() REPRESENTATION_CONTEXT('2D SPACE',''
  ) );
#974 = ORIENTED_EDGE('',*,*,#809,.F.);
#975 = ORIENTED_EDGE('',*,*,#89,.F.);
#976 = ADVANCED_FACE('',(#977),#244,.F.);
#977 = FACE_BOUND('',#978,.F.);
#978 = EDGE_LOOP('',(#979,#1008,#1029,#1030));
#979 = ORIENTED_EDGE('',*,*,#980,.F.);
#980 = EDGE_CURVE('',#981,#981,#983,.T.);
#981 = VERTEX_POINT('',#982);
#982 = CARTESIAN_POINT('',(18.672243186434,-4.5,28.941273890185));
#983 = SURFACE_CURVE('',#984,(#989,#996),.PCURVE_S1.);
#984 = CIRCLE('',#985,1.7);
#985 = AXIS2_PLACEMENT_3D('',#986,#987,#988);
#986 = CARTESIAN_POINT('',(17.2,-4.5,29.791273890185));
#987 = DIRECTION('',(0.5,0.,0.866025403784));
#988 = DIRECTION('',(0.866025403784,0.,-0.5));
#989 = PCURVE('',#244,#990);
#990 = DEFINITIONAL_REPRESENTATION('',(#991),#995);
#991 = LINE('',#992,#993);
#992 = CARTESIAN_POINT('',(0.,9.4));
#993 = VECTOR('',#994,1.);
#994 = DIRECTION('',(1.,0.));
#995 = ( GEOMETRIC_REPRESENTATION_CONTEXT(2) 
PARAMETRIC_REPRESENTATION_CONTEXT() REPRESENTATION_CONTEXT('2D SPACE',''
  ) );
#996 = PCURVE('',#997,#1002);
#997 = PLANE('',#998);
#998 = AXIS2_PLACEMENT_3D('',#999,#1000,#1001);
#999 = CARTESIAN_POINT('',(17.2,-4.5,29.791273890185));
#1000 = DIRECTION('',(0.5,0.,0.866025403784));
#1001 = DIRECTION('',(0.866025403784,0.,-0.5));
#1002 = DEFINITIONAL_REPRESENTATION('',(#1003),#1007);
#1003 = CIRCLE('',#1004,1.7);
#1004 = AXIS2_PLACEMENT_2D('',#1005,#1006);
#1005 = CARTESIAN_POINT('',(1.7763568394E-15,0.));
#1006 = DIRECTION('',(1.,0.));
#1007 = ( GEOMETRIC_REPRESENTATION_CONTEXT(2) 
PARAMETRIC_REPRESENTATION_CONTEXT() REPRESENTATION_CONTEXT('2D SPACE',''
  ) );
#1008 = ORIENTED_EDGE('',*,*,#1009,.F.);
#1009 = EDGE_CURVE('',#147,#981,#1010,.T.);
#1010 = SEAM_CURVE('',#1011,(#1015,#1022),.PCURVE_S1.);
#1011 = LINE('',#1012,#1013);
#1012 = CARTESIAN_POINT('',(13.972243186434,-4.5,20.800635094611));
#1013 = VECTOR('',#1014,1.);
#1014 = DIRECTION('',(0.5,0.,0.866025403784));
#1015 = PCURVE('',#244,#1016);
#1016 = DEFINITIONAL_REPRESENTATION('',(#1017),#1021);
#1017 = LINE('',#1018,#1019);
#1018 = CARTESIAN_POINT('',(6.28318530718,-0.));
#1019 = VECTOR('',#1020,1.);
#1020 = DIRECTION('',(0.,1.));
#1021 = ( GEOMETRIC_REPRESENTATION_CONTEXT(2) 
PARAMETRIC_REPRESENTATION_CONTEXT() REPRESENTATION_CONTEXT('2D SPACE',''
  ) );
#1022 = PCURVE('',#244,#1023);
#1023 = DEFINITIONAL_REPRESENTATION('',(#1024),#1028);
#1024 = LINE('',#1025,#1026);
#1025 = CARTESIAN_POINT('',(0.,-0.));
#1026 = VECTOR('',#1027,1.);
#1027 = DIRECTION('',(0.,1.));
#1028 = ( GEOMETRIC_REPRESENTATION_CONTEXT(2) 
PARAMETRIC_REPRESENTATION_CONTEXT() REPRESENTATION_CONTEXT('2D SPACE',''
  ) );
#1029 = ORIENTED_EDGE('',*,*,#146,.T.);
#1030 = ORIENTED_EDGE('',*,*,#1009,.T.);
#1031 = ADVANCED_FACE('',(#1032),#397,.F.);
#1032 = FACE_BOUND('',#1033,.F.);
#1033 = EDGE_LOOP('',(#1034,#1063,#1084,#1085));
#1034 = ORIENTED_EDGE('',*,*,#1035,.F.);
#1035 = EDGE_CURVE('',#1036,#1036,#1038,.T.);
#1036 = VERTEX_POINT('',#1037);
#1037 = CARTESIAN_POINT('',(-15.72775681356,-4.5,30.641273890185));
#1038 = SURFACE_CURVE('',#1039,(#1044,#1051),.PCURVE_S1.);
#1039 = CIRCLE('',#1040,1.7);
#1040 = AXIS2_PLACEMENT_3D('',#1041,#1042,#1043);
#1041 = CARTESIAN_POINT('',(-17.2,-4.5,29.791273890185));
#1042 = DIRECTION('',(-0.5,0.,0.866025403784));
#1043 = DIRECTION('',(0.866025403784,0.,0.5));
#1044 = PCURVE('',#397,#1045);
#1045 = DEFINITIONAL_REPRESENTATION('',(#1046),#1050);
#1046 = LINE('',#1047,#1048);
#1047 = CARTESIAN_POINT('',(0.,9.4));
#1048 = VECTOR('',#1049,1.);
#1049 = DIRECTION('',(1.,0.));
#1050 = ( GEOMETRIC_REPRESENTATION_CONTEXT(2) 
PARAMETRIC_REPRESENTATION_CONTEXT() REPRESENTATION_CONTEXT('2D SPACE',''
  ) );
#1051 = PCURVE('',#1052,#1057);
#1052 = PLANE('',#1053);
#1053 = AXIS2_PLACEMENT_3D('',#1054,#1055,#1056);
#1054 = CARTESIAN_POINT('',(-17.2,-4.5,29.791273890185));
#1055 = DIRECTION('',(-0.5,0.,0.866025403784));
#1056 = DIRECTION('',(0.866025403784,0.,0.5));
#1057 = DEFINITIONAL_REPRESENTATION('',(#1058),#1062);
#1058 = CIRCLE('',#1059,1.7);
#1059 = AXIS2_PLACEMENT_2D('',#1060,#1061);
#1060 = CARTESIAN_POINT('',(3.076740298214E-15,0.));
#1061 = DIRECTION('',(1.,0.));
#1062 = ( GEOMETRIC_REPRESENTATION_CONTEXT(2) 
PARAMETRIC_REPRESENTATION_CONTEXT() REPRESENTATION_CONTEXT('2D SPACE',''
  ) );
#1063 = ORIENTED_EDGE('',*,*,#1064,.F.);
#1064 = EDGE_CURVE('',#300,#1036,#1065,.T.);
#1065 = SEAM_CURVE('',#1066,(#1070,#1077),.PCURVE_S1.);
#1066 = LINE('',#1067,#1068);
#1067 = CARTESIAN_POINT('',(-11.02775681356,-4.5,22.500635094611));
#1068 = VECTOR('',#1069,1.);
#1069 = DIRECTION('',(-0.5,1.232595164408E-32,0.866025403784));
#1070 = PCURVE('',#397,#1071);
#1071 = DEFINITIONAL_REPRESENTATION('',(#1072),#1076);
#1072 = LINE('',#1073,#1074);
#1073 = CARTESIAN_POINT('',(6.28318530718,-0.));
#1074 = VECTOR('',#1075,1.);
#1075 = DIRECTION('',(0.,1.));
#1076 = ( GEOMETRIC_REPRESENTATION_CONTEXT(2) 
PARAMETRIC_REPRESENTATION_CONTEXT() REPRESENTATION_CONTEXT('2D SPACE',''
  ) );
#1077 = PCURVE('',#397,#1078);
#1078 = DEFINITIONAL_REPRESENTATION('',(#1079),#1083);
#1079 = LINE('',#1080,#1081);
#1080 = CARTESIAN_POINT('',(0.,-0.));
#1081 = VECTOR('',#1082,1.);
#1082 = DIRECTION('',(0.,1.));
#1083 = ( GEOMETRIC_REPRESENTATION_CONTEXT(2) 
PARAMETRIC_REPRESENTATION_CONTEXT() REPRESENTATION_CONTEXT('2D SPACE',''
  ) );
#1084 = ORIENTED_EDGE('',*,*,#299,.T.);
#1085 = ORIENTED_EDGE('',*,*,#1064,.T.);
#1086 = ADVANCED_FACE('',(#1087),#497,.T.);
#1087 = FACE_BOUND('',#1088,.T.);
#1088 = EDGE_LOOP('',(#1089,#1090,#1111,#1112));
#1089 = ORIENTED_EDGE('',*,*,#784,.F.);
#1090 = ORIENTED_EDGE('',*,*,#1091,.T.);
#1091 = EDGE_CURVE('',#756,#905,#1092,.T.);
#1092 = SURFACE_CURVE('',#1093,(#1097,#1104),.PCURVE_S1.);
#1093 = LINE('',#1094,#1095);
#1094 = CARTESIAN_POINT('',(21.542521996085,-0.5,27.573170765224));
#1095 = VECTOR('',#1096,1.);
#1096 = DIRECTION('',(0.,-1.,-0.));
#1097 = PCURVE('',#497,#1098);
#1098 = DEFINITIONAL_REPRESENTATION('',(#1099),#1103);
#1099 = LINE('',#1100,#1101);
#1100 = CARTESIAN_POINT('',(0.809144051624,0.));
#1101 = VECTOR('',#1102,1.);
#1102 = DIRECTION('',(0.,-1.));
#1103 = ( GEOMETRIC_REPRESENTATION_CONTEXT(2) 
PARAMETRIC_REPRESENTATION_CONTEXT() REPRESENTATION_CONTEXT('2D SPACE',''
  ) );
#1104 = PCURVE('',#772,#1105);
#1105 = DEFINITIONAL_REPRESENTATION('',(#1106),#1110);
#1106 = LINE('',#1107,#1108);
#1107 = CARTESIAN_POINT('',(-1.593655460402,0.));
#1108 = VECTOR('',#1109,1.);
#1109 = DIRECTION('',(-0.,1.));
#1110 = ( GEOMETRIC_REPRESENTATION_CONTEXT(2) 
PARAMETRIC_REPRESENTATION_CONTEXT() REPRESENTATION_CONTEXT('2D SPACE',''
  ) );
#1111 = ORIENTED_EDGE('',*,*,#928,.T.);
#1112 = ORIENTED_EDGE('',*,*,#481,.F.);
#1113 = ADVANCED_FACE('',(#1114),#581,.T.);
#1114 = FACE_BOUND('',#1115,.T.);
#1115 = EDGE_LOOP('',(#1116,#1117,#1118,#1119));
#1116 = ORIENTED_EDGE('',*,*,#565,.F.);
#1117 = ORIENTED_EDGE('',*,*,#954,.T.);
#1118 = ORIENTED_EDGE('',*,*,#833,.T.);
#1119 = ORIENTED_EDGE('',*,*,#1120,.F.);
#1120 = EDGE_CURVE('',#566,#834,#1121,.T.);
#1121 = SURFACE_CURVE('',#1122,(#1126,#1133),.PCURVE_S1.);
#1122 = LINE('',#1123,#1124);
#1123 = CARTESIAN_POINT('',(-21.54252199608,-0.5,27.573170765224));
#1124 = VECTOR('',#1125,1.);
#1125 = DIRECTION('',(0.,-1.,-0.));
#1126 = PCURVE('',#581,#1127);
#1127 = DEFINITIONAL_REPRESENTATION('',(#1128),#1132);
#1128 = LINE('',#1129,#1130);
#1129 = CARTESIAN_POINT('',(4.190855948376,0.));
#1130 = VECTOR('',#1131,1.);
#1131 = DIRECTION('',(-0.,-1.));
#1132 = ( GEOMETRIC_REPRESENTATION_CONTEXT(2) 
PARAMETRIC_REPRESENTATION_CONTEXT() REPRESENTATION_CONTEXT('2D SPACE',''
  ) );
#1133 = PCURVE('',#610,#1134);
#1134 = DEFINITIONAL_REPRESENTATION('',(#1135),#1139);
#1135 = LINE('',#1136,#1137);
#1136 = CARTESIAN_POINT('',(-0.,0.));
#1137 = VECTOR('',#1138,1.);
#1138 = DIRECTION('',(-0.,1.));
#1139 = ( GEOMETRIC_REPRESENTATION_CONTEXT(2) 
PARAMETRIC_REPRESENTATION_CONTEXT() REPRESENTATION_CONTEXT('2D SPACE',''
  ) );
#1140 = ADVANCED_FACE('',(#1141),#610,.T.);
#1141 = FACE_BOUND('',#1142,.F.);
#1142 = EDGE_LOOP('',(#1143,#1144,#1165,#1166));
#1143 = ORIENTED_EDGE('',*,*,#593,.T.);
#1144 = ORIENTED_EDGE('',*,*,#1145,.T.);
#1145 = EDGE_CURVE('',#594,#857,#1146,.T.);
#1146 = SURFACE_CURVE('',#1147,(#1151,#1158),.PCURVE_S1.);
#1147 = LINE('',#1148,#1149);
#1148 = CARTESIAN_POINT('',(-21.39010455647,-0.5,28.707201658524));
#1149 = VECTOR('',#1150,1.);
#1150 = DIRECTION('',(0.,-1.,-0.));
#1151 = PCURVE('',#610,#1152);
#1152 = DEFINITIONAL_REPRESENTATION('',(#1153),#1157);
#1153 = LINE('',#1154,#1155);
#1154 = CARTESIAN_POINT('',(-1.593655460402,0.));
#1155 = VECTOR('',#1156,1.);
#1156 = DIRECTION('',(-0.,1.));
#1157 = ( GEOMETRIC_REPRESENTATION_CONTEXT(2) 
PARAMETRIC_REPRESENTATION_CONTEXT() REPRESENTATION_CONTEXT('2D SPACE',''
  ) );
#1158 = PCURVE('',#639,#1159);
#1159 = DEFINITIONAL_REPRESENTATION('',(#1160),#1164);
#1160 = LINE('',#1161,#1162);
#1161 = CARTESIAN_POINT('',(2.285913360703E-02,0.));
#1162 = VECTOR('',#1163,1.);
#1163 = DIRECTION('',(-0.,-1.));
#1164 = ( GEOMETRIC_REPRESENTATION_CONTEXT(2) 
PARAMETRIC_REPRESENTATION_CONTEXT() REPRESENTATION_CONTEXT('2D SPACE',''
  ) );
#1165 = ORIENTED_EDGE('',*,*,#856,.F.);
#1166 = ORIENTED_EDGE('',*,*,#1120,.F.);
#1167 = ADVANCED_FACE('',(#1168,#1392,#1587),#639,.T.);
#1168 = FACE_BOUND('',#1169,.T.);
#1169 = EDGE_LOOP('',(#1170,#1171,#1172,#1173,#1194,#1195,#1217,#1278,
    #1311,#1372));
#1170 = ORIENTED_EDGE('',*,*,#622,.F.);
#1171 = ORIENTED_EDGE('',*,*,#1145,.T.);
#1172 = ORIENTED_EDGE('',*,*,#880,.T.);
#1173 = ORIENTED_EDGE('',*,*,#1174,.F.);
#1174 = EDGE_CURVE('',#732,#881,#1175,.T.);
#1175 = SURFACE_CURVE('',#1176,(#1180,#1187),.PCURVE_S1.);
#1176 = LINE('',#1177,#1178);
#1177 = CARTESIAN_POINT('',(21.390104556473,-0.5,28.707201658524));
#1178 = VECTOR('',#1179,1.);
#1179 = DIRECTION('',(0.,-1.,-0.));
#1180 = PCURVE('',#639,#1181);
#1181 = DEFINITIONAL_REPRESENTATION('',(#1182),#1186);
#1182 = LINE('',#1183,#1184);
#1183 = CARTESIAN_POINT('',(1.303591097909,0.));
#1184 = VECTOR('',#1185,1.);
#1185 = DIRECTION('',(-0.,-1.));
#1186 = ( GEOMETRIC_REPRESENTATION_CONTEXT(2) 
PARAMETRIC_REPRESENTATION_CONTEXT() REPRESENTATION_CONTEXT('2D SPACE',''
  ) );
#1187 = PCURVE('',#772,#1188);
#1188 = DEFINITIONAL_REPRESENTATION('',(#1189),#1193);
#1189 = LINE('',#1190,#1191);
#1190 = CARTESIAN_POINT('',(-0.,0.));
#1191 = VECTOR('',#1192,1.);
#1192 = DIRECTION('',(-0.,1.));
#1193 = ( GEOMETRIC_REPRESENTATION_CONTEXT(2) 
PARAMETRIC_REPRESENTATION_CONTEXT() REPRESENTATION_CONTEXT('2D SPACE',''
  ) );
#1194 = ORIENTED_EDGE('',*,*,#731,.F.);
#1195 = ORIENTED_EDGE('',*,*,#1196,.F.);
#1196 = EDGE_CURVE('',#1197,#705,#1199,.T.);
#1197 = VERTEX_POINT('',#1198);
#1198 = CARTESIAN_POINT('',(12.,-7.7,33.728919342309));
#1199 = SURFACE_CURVE('',#1200,(#1204,#1210),.PCURVE_S1.);
#1200 = LINE('',#1201,#1202);
#1201 = CARTESIAN_POINT('',(12.,-0.5,33.728919342309));
#1202 = VECTOR('',#1203,1.);
#1203 = DIRECTION('',(-0.,1.,0.));
#1204 = PCURVE('',#639,#1205);
#1205 = DEFINITIONAL_REPRESENTATION('',(#1206),#1209);
#1206 = B_SPLINE_CURVE_WITH_KNOTS('',1,(#1207,#1208),.UNSPECIFIED.,.F.,
  .F.,(2,2),(-8.24,6.000000000173E-07),.PIECEWISE_BEZIER_KNOTS.);
#1207 = CARTESIAN_POINT('',(1.005037875237,-8.24));
#1208 = CARTESIAN_POINT('',(1.005037875237,6.000000000173E-07));
#1209 = ( GEOMETRIC_REPRESENTATION_CONTEXT(2) 
PARAMETRIC_REPRESENTATION_CONTEXT() REPRESENTATION_CONTEXT('2D SPACE',''
  ) );
#1210 = PCURVE('',#719,#1211);
#1211 = DEFINITIONAL_REPRESENTATION('',(#1212),#1216);
#1212 = LINE('',#1213,#1214);
#1213 = CARTESIAN_POINT('',(0.928919342309,-8.));
#1214 = VECTOR('',#1215,1.);
#1215 = DIRECTION('',(0.,-1.));
#1216 = ( GEOMETRIC_REPRESENTATION_CONTEXT(2) 
PARAMETRIC_REPRESENTATION_CONTEXT() REPRESENTATION_CONTEXT('2D SPACE',''
  ) );
#1217 = ORIENTED_EDGE('',*,*,#1218,.T.);
#1218 = EDGE_CURVE('',#1197,#1219,#1221,.T.);
#1219 = VERTEX_POINT('',#1220);
#1220 = CARTESIAN_POINT('',(11.2,-8.5,34.002941049268));
#1221 = SURFACE_CURVE('',#1222,(#1237,#1255),.PCURVE_S1.);
#1222 = B_SPLINE_CURVE_WITH_KNOTS('',7,(#1223,#1224,#1225,#1226,#1227,
    #1228,#1229,#1230,#1231,#1232,#1233,#1234,#1235,#1236),
  .UNSPECIFIED.,.F.,.F.,(8,6,8),(0.,0.580295988793,1.),.UNSPECIFIED.);
#1223 = CARTESIAN_POINT('',(12.,-7.7,33.728919342309));
#1224 = CARTESIAN_POINT('',(12.,-7.798003763051,33.728919342309));
#1225 = CARTESIAN_POINT('',(11.985993082308,-7.89621649323,
    33.733902689839));
#1226 = CARTESIAN_POINT('',(11.957871811947,-7.992593951938,
    33.743907625828));
#1227 = CARTESIAN_POINT('',(11.91573587498,-8.085043271945,
    33.75885733955));
#1228 = CARTESIAN_POINT('',(11.859917028867,-8.171389788157,
    33.778549600494));
#1229 = CARTESIAN_POINT('',(11.791001193567,-8.249350274274,
    33.802657427598));
#1230 = CARTESIAN_POINT('',(11.651310409323,-8.364912541189,
    33.851009067691));
#1231 = CARTESIAN_POINT('',(11.586211815724,-8.407808600257,
    33.873409063798));
#1232 = CARTESIAN_POINT('',(11.515425864207,-8.443719624247,
    33.897592778269));
#1233 = CARTESIAN_POINT('',(11.44004593103,-8.47154027457,
    33.923130765706));
#1234 = CARTESIAN_POINT('',(11.361380312482,-8.490463151076,
    33.949536404762));
#1235 = CARTESIAN_POINT('',(11.28086710951,-8.5,33.976304776094));
#1236 = CARTESIAN_POINT('',(11.2,-8.5,34.002941049268));
#1237 = PCURVE('',#639,#1238);
#1238 = DEFINITIONAL_REPRESENTATION('',(#1239),#1254);
#1239 = B_SPLINE_CURVE_WITH_KNOTS('',7,(#1240,#1241,#1242,#1243,#1244,
    #1245,#1246,#1247,#1248,#1249,#1250,#1251,#1252,#1253),
  .UNSPECIFIED.,.F.,.F.,(8,6,8),(0.,0.580295988793,1.),.UNSPECIFIED.);
#1240 = CARTESIAN_POINT('',(1.005037875237,-7.2));
#1241 = CARTESIAN_POINT('',(1.005037875237,-7.298003763051));
#1242 = CARTESIAN_POINT('',(1.00462259607,-7.39621649323));
#1243 = CARTESIAN_POINT('',(1.003788852463,-7.492593951938));
#1244 = CARTESIAN_POINT('',(1.002539986504,-7.585043271945));
#1245 = CARTESIAN_POINT('',(1.00088662392,-7.671389788157));
#1246 = CARTESIAN_POINT('',(0.998847226589,-7.749350274274));
#1247 = CARTESIAN_POINT('',(0.994718115472,-7.864912541189));
#1248 = CARTESIAN_POINT('',(0.99279508353,-7.907808600257));
#1249 = CARTESIAN_POINT('',(0.99070562006,-7.943719624247));
#1250 = CARTESIAN_POINT('',(0.988482492727,-7.97154027457));
#1251 = CARTESIAN_POINT('',(0.98616465505,-7.990463151076));
#1252 = CARTESIAN_POINT('',(0.983794651376,-8.));
#1253 = CARTESIAN_POINT('',(0.9814164127,-8.));
#1254 = ( GEOMETRIC_REPRESENTATION_CONTEXT(2) 
PARAMETRIC_REPRESENTATION_CONTEXT() REPRESENTATION_CONTEXT('2D SPACE',''
  ) );
#1255 = PCURVE('',#1256,#1261);
#1256 = CYLINDRICAL_SURFACE('',#1257,0.8);
#1257 = AXIS2_PLACEMENT_3D('',#1258,#1259,#1260);
#1258 = CARTESIAN_POINT('',(11.2,-7.7,32.8));
#1259 = DIRECTION('',(0.,0.,1.));
#1260 = DIRECTION('',(1.,0.,-0.));
#1261 = DEFINITIONAL_REPRESENTATION('',(#1262),#1277);
#1262 = B_SPLINE_CURVE_WITH_KNOTS('',7,(#1263,#1264,#1265,#1266,#1267,
    #1268,#1269,#1270,#1271,#1272,#1273,#1274,#1275,#1276),
  .UNSPECIFIED.,.F.,.F.,(8,6,8),(0.,0.580295988793,1.),.UNSPECIFIED.);
#1263 = CARTESIAN_POINT('',(0.,0.928919342309));
#1264 = CARTESIAN_POINT('',(-0.122504703814,0.928919342309));
#1265 = CARTESIAN_POINT('',(-0.245270482256,0.933902689839));
#1266 = CARTESIAN_POINT('',(-0.368745819183,0.943907625828));
#1267 = CARTESIAN_POINT('',(-0.493372029808,0.95885733955));
#1268 = CARTESIAN_POINT('',(-0.619646195752,0.978549600494));
#1269 = CARTESIAN_POINT('',(-0.748139439827,1.002657427598));
#1270 = CARTESIAN_POINT('',(-0.974759140321,1.051009067691));
#1271 = CARTESIAN_POINT('',(-1.071636603916,1.073409063798));
#1272 = CARTESIAN_POINT('',(-1.169833520173,1.097592778269));
#1273 = CARTESIAN_POINT('',(-1.269050853373,1.123130765706));
#1274 = CARTESIAN_POINT('',(-1.369071336075,1.149536404761));
#1275 = CARTESIAN_POINT('',(-1.469712439907,1.176304776094));
#1276 = CARTESIAN_POINT('',(-1.570796326795,1.202941049268));
#1277 = ( GEOMETRIC_REPRESENTATION_CONTEXT(2) 
PARAMETRIC_REPRESENTATION_CONTEXT() REPRESENTATION_CONTEXT('2D SPACE',''
  ) );
#1278 = ORIENTED_EDGE('',*,*,#1279,.T.);
#1279 = EDGE_CURVE('',#1219,#1280,#1282,.T.);
#1280 = VERTEX_POINT('',#1281);
#1281 = CARTESIAN_POINT('',(-11.2,-8.5,34.002941049268));
#1282 = SURFACE_CURVE('',#1283,(#1288,#1295),.PCURVE_S1.);
#1283 = CIRCLE('',#1284,35.8);
#1284 = AXIS2_PLACEMENT_3D('',#1285,#1286,#1287);
#1285 = CARTESIAN_POINT('',(-8.881784197001E-16,-8.5,-2.13162820728E-14)
  );
#1286 = DIRECTION('',(0.,-1.,0.));
#1287 = DIRECTION('',(0.312849162011,0.,0.949802822605));
#1288 = PCURVE('',#639,#1289);
#1289 = DEFINITIONAL_REPRESENTATION('',(#1290),#1294);
#1290 = LINE('',#1291,#1292);
#1291 = CARTESIAN_POINT('',(0.9814164127,-8.));
#1292 = VECTOR('',#1293,1.);
#1293 = DIRECTION('',(-1.,-0.));
#1294 = ( GEOMETRIC_REPRESENTATION_CONTEXT(2) 
PARAMETRIC_REPRESENTATION_CONTEXT() REPRESENTATION_CONTEXT('2D SPACE',''
  ) );
#1295 = PCURVE('',#1296,#1301);
#1296 = PLANE('',#1297);
#1297 = AXIS2_PLACEMENT_3D('',#1298,#1299,#1300);
#1298 = CARTESIAN_POINT('',(-12.,-8.5,32.8));
#1299 = DIRECTION('',(-0.,1.,0.));
#1300 = DIRECTION('',(0.,0.,1.));
#1301 = DEFINITIONAL_REPRESENTATION('',(#1302),#1310);
#1302 = ( BOUNDED_CURVE() B_SPLINE_CURVE(2,(#1303,#1304,#1305,#1306,
#1307,#1308,#1309),.UNSPECIFIED.,.T.,.F.) B_SPLINE_CURVE_WITH_KNOTS((1,2
    ,2,2,2,1),(-2.094395102393,0.,2.094395102393,4.188790204786,
6.28318530718,8.377580409573),.UNSPECIFIED.) CURVE() 
GEOMETRIC_REPRESENTATION_ITEM() RATIONAL_B_SPLINE_CURVE((1.,0.5,1.,0.5,
1.,0.5,1.)) REPRESENTATION_ITEM('') );
#1303 = CARTESIAN_POINT('',(1.202941049268,23.2));
#1304 = CARTESIAN_POINT('',(20.60191009404,-35.6948215041));
#1305 = CARTESIAN_POINT('',(-40.10198600224,-23.04741075205));
#1306 = CARTESIAN_POINT('',(-100.8058820985,-10.4));
#1307 = CARTESIAN_POINT('',(-59.50095504702,35.847410752051));
#1308 = CARTESIAN_POINT('',(-18.1960279955,82.094821504102));
#1309 = CARTESIAN_POINT('',(1.202941049268,23.2));
#1310 = ( GEOMETRIC_REPRESENTATION_CONTEXT(2) 
PARAMETRIC_REPRESENTATION_CONTEXT() REPRESENTATION_CONTEXT('2D SPACE',''
  ) );
#1311 = ORIENTED_EDGE('',*,*,#1312,.F.);
#1312 = EDGE_CURVE('',#1313,#1280,#1315,.T.);
#1313 = VERTEX_POINT('',#1314);
#1314 = CARTESIAN_POINT('',(-12.,-7.7,33.728919342309));
#1315 = SURFACE_CURVE('',#1316,(#1331,#1349),.PCURVE_S1.);
#1316 = B_SPLINE_CURVE_WITH_KNOTS('',7,(#1317,#1318,#1319,#1320,#1321,
    #1322,#1323,#1324,#1325,#1326,#1327,#1328,#1329,#1330),
  .UNSPECIFIED.,.F.,.F.,(8,6,8),(0.,0.580286573198,1.),.UNSPECIFIED.);
#1317 = CARTESIAN_POINT('',(-12.,-7.7,33.728919342309));
#1318 = CARTESIAN_POINT('',(-12.,-7.797988396207,33.728919342309));
#1319 = CARTESIAN_POINT('',(-11.98599747192,-7.896203565385,
    33.733901127904));
#1320 = CARTESIAN_POINT('',(-11.95787585822,-7.992592760766,
    33.743906186709));
#1321 = CARTESIAN_POINT('',(-11.91573354261,-8.085053978036,
    33.75885819515));
#1322 = CARTESIAN_POINT('',(-11.85990626293,-8.171405535576,
    33.77855341032));
#1323 = CARTESIAN_POINT('',(-11.79098794234,-8.249361236635,
    33.802662014287));
#1324 = CARTESIAN_POINT('',(-11.65131772716,-8.364906487348,
    33.851006534743));
#1325 = CARTESIAN_POINT('',(-11.58622083216,-8.407803875665,
    33.873405971755));
#1326 = CARTESIAN_POINT('',(-11.51543172155,-8.443718396813,
    33.897590813694));
#1327 = CARTESIAN_POINT('',(-11.44004609986,-8.47154149187,
    33.923130743987));
#1328 = CARTESIAN_POINT('',(-11.36137547955,-8.490464518988,
    33.949538030586));
#1329 = CARTESIAN_POINT('',(-11.28086132179,-8.5,33.976306682469));
#1330 = CARTESIAN_POINT('',(-11.2,-8.5,34.002941049268));
#1331 = PCURVE('',#639,#1332);
#1332 = DEFINITIONAL_REPRESENTATION('',(#1333),#1348);
#1333 = B_SPLINE_CURVE_WITH_KNOTS('',7,(#1334,#1335,#1336,#1337,#1338,
    #1339,#1340,#1341,#1342,#1343,#1344,#1345,#1346,#1347),
  .UNSPECIFIED.,.F.,.F.,(8,6,8),(0.,0.580286573198,1.),.UNSPECIFIED.);
#1334 = CARTESIAN_POINT('',(0.321412356278,-7.2));
#1335 = CARTESIAN_POINT('',(0.321412356278,-7.297988396207));
#1336 = CARTESIAN_POINT('',(0.321827505302,-7.396203565385));
#1337 = CARTESIAN_POINT('',(0.322661259086,-7.492592760766));
#1338 = CARTESIAN_POINT('',(0.323910314412,-7.585053978036));
#1339 = CARTESIAN_POINT('',(0.325563926584,-7.671405535576));
#1340 = CARTESIAN_POINT('',(0.327603396619,-7.749361236635));
#1341 = CARTESIAN_POINT('',(0.331731899736,-7.864906487348));
#1342 = CARTESIAN_POINT('',(0.333654881737,-7.907803875665));
#1343 = CARTESIAN_POINT('',(0.335744438887,-7.943718396813));
#1344 = CARTESIAN_POINT('',(0.337967734124,-7.97154149187));
#1345 = CARTESIAN_POINT('',(0.340285718895,-7.990464518988));
#1346 = CARTESIAN_POINT('',(0.342655750352,-8.));
#1347 = CARTESIAN_POINT('',(0.345033818816,-8.));
#1348 = ( GEOMETRIC_REPRESENTATION_CONTEXT(2) 
PARAMETRIC_REPRESENTATION_CONTEXT() REPRESENTATION_CONTEXT('2D SPACE',''
  ) );
#1349 = PCURVE('',#1350,#1355);
#1350 = CYLINDRICAL_SURFACE('',#1351,0.8);
#1351 = AXIS2_PLACEMENT_3D('',#1352,#1353,#1354);
#1352 = CARTESIAN_POINT('',(-11.2,-7.7,32.8));
#1353 = DIRECTION('',(0.,0.,1.));
#1354 = DIRECTION('',(-1.,-0.,0.));
#1355 = DEFINITIONAL_REPRESENTATION('',(#1356),#1371);
#1356 = B_SPLINE_CURVE_WITH_KNOTS('',7,(#1357,#1358,#1359,#1360,#1361,
    #1362,#1363,#1364,#1365,#1366,#1367,#1368,#1369,#1370),
  .UNSPECIFIED.,.F.,.F.,(8,6,8),(0.,0.580286573198,1.),.UNSPECIFIED.);
#1357 = CARTESIAN_POINT('',(0.,0.928919342309));
#1358 = CARTESIAN_POINT('',(0.122485495259,0.928919342309));
#1359 = CARTESIAN_POINT('',(0.245254304177,0.933901127904));
#1360 = CARTESIAN_POINT('',(0.368742971564,0.943906186709));
#1361 = CARTESIAN_POINT('',(0.493384577935,0.95885819515));
#1362 = CARTESIAN_POINT('',(0.619669129746,0.97855341032));
#1363 = CARTESIAN_POINT('',(0.748160937217,1.002662014287));
#1364 = CARTESIAN_POINT('',(0.974747268629,1.051006534743));
#1365 = CARTESIAN_POINT('',(1.071624122511,1.073405971755));
#1366 = CARTESIAN_POINT('',(1.169826394265,1.097590813694));
#1367 = CARTESIAN_POINT('',(1.269051013366,1.123130743987));
#1368 = CARTESIAN_POINT('',(1.369077366616,1.149538030586));
#1369 = CARTESIAN_POINT('',(1.469719674546,1.176306682469));
#1370 = CARTESIAN_POINT('',(1.570796326795,1.202941049268));
#1371 = ( GEOMETRIC_REPRESENTATION_CONTEXT(2) 
PARAMETRIC_REPRESENTATION_CONTEXT() REPRESENTATION_CONTEXT('2D SPACE',''
  ) );
#1372 = ORIENTED_EDGE('',*,*,#1373,.T.);
#1373 = EDGE_CURVE('',#1313,#623,#1374,.T.);
#1374 = SURFACE_CURVE('',#1375,(#1379,#1385),.PCURVE_S1.);
#1375 = LINE('',#1376,#1377);
#1376 = CARTESIAN_POINT('',(-12.,-0.5,33.728919342309));
#1377 = VECTOR('',#1378,1.);
#1378 = DIRECTION('',(-0.,1.,0.));
#1379 = PCURVE('',#639,#1380);
#1380 = DEFINITIONAL_REPRESENTATION('',(#1381),#1384);
#1381 = B_SPLINE_CURVE_WITH_KNOTS('',1,(#1382,#1383),.UNSPECIFIED.,.F.,
  .F.,(2,2),(-8.24,6.000000000173E-07),.PIECEWISE_BEZIER_KNOTS.);
#1382 = CARTESIAN_POINT('',(0.321412356278,-8.24));
#1383 = CARTESIAN_POINT('',(0.321412356278,6.000000000173E-07));
#1384 = ( GEOMETRIC_REPRESENTATION_CONTEXT(2) 
PARAMETRIC_REPRESENTATION_CONTEXT() REPRESENTATION_CONTEXT('2D SPACE',''
  ) );
#1385 = PCURVE('',#666,#1386);
#1386 = DEFINITIONAL_REPRESENTATION('',(#1387),#1391);
#1387 = LINE('',#1388,#1389);
#1388 = CARTESIAN_POINT('',(0.928919342309,-8.));
#1389 = VECTOR('',#1390,1.);
#1390 = DIRECTION('',(0.,-1.));
#1391 = ( GEOMETRIC_REPRESENTATION_CONTEXT(2) 
PARAMETRIC_REPRESENTATION_CONTEXT() REPRESENTATION_CONTEXT('2D SPACE',''
  ) );
#1392 = FACE_BOUND('',#1393,.T.);
#1393 = EDGE_LOOP('',(#1394));
#1394 = ORIENTED_EDGE('',*,*,#1395,.F.);
#1395 = EDGE_CURVE('',#1396,#1396,#1398,.T.);
#1396 = VERTEX_POINT('',#1397);
#1397 = CARTESIAN_POINT('',(-15.23896390184,-4.5,32.394659732711));
#1398 = SURFACE_CURVE('',#1399,(#1458,#1520),.PCURVE_S1.);
#1399 = B_SPLINE_CURVE_WITH_KNOTS('',8,(#1400,#1401,#1402,#1403,#1404,
    #1405,#1406,#1407,#1408,#1409,#1410,#1411,#1412,#1413,#1414,#1415,
    #1416,#1417,#1418,#1419,#1420,#1421,#1422,#1423,#1424,#1425,#1426,
    #1427,#1428,#1429,#1430,#1431,#1432,#1433,#1434,#1435,#1436,#1437,
    #1438,#1439,#1440,#1441,#1442,#1443,#1444,#1445,#1446,#1447,#1448,
    #1449,#1450,#1451,#1452,#1453,#1454,#1455,#1456,#1457),
  .UNSPECIFIED.,.T.,.F.,(9,7,7,7,7,7,7,7,9),(0.,0.108891462026,
    0.214965346601,0.302935967398,0.409408243998,0.542019794726,
    0.674135385532,0.816294338597,1.),.UNSPECIFIED.);
#1400 = CARTESIAN_POINT('',(-15.23896390184,-4.5,32.394659732711));
#1401 = CARTESIAN_POINT('',(-15.23896390184,-4.264380210556,
    32.394659732711));
#1402 = CARTESIAN_POINT('',(-15.25816835115,-4.028757112013,
    32.385625551356));
#1403 = CARTESIAN_POINT('',(-15.29658075729,-3.795352476396,
    32.36755600508));
#1404 = CARTESIAN_POINT('',(-15.35390673469,-3.56638290499,
    32.340510946986));
#1405 = CARTESIAN_POINT('',(-15.4295699207,-3.344013413468,
    32.304606045472));
#1406 = CARTESIAN_POINT('',(-15.52272809962,-3.130319487188,
    32.260017844961));
#1407 = CARTESIAN_POINT('',(-15.63228953454,-2.927257606653,
    32.206999108721));
#1408 = CARTESIAN_POINT('',(-15.87834440787,-2.550963019404,
    32.086390609406));
#1409 = CARTESIAN_POINT('',(-16.01773444584,-2.371485234087,
    32.017415882443));
#1410 = CARTESIAN_POINT('',(-16.17541712062,-2.201090803731,
    31.938483118012));
#1411 = CARTESIAN_POINT('',(-16.35136098379,-2.042873550639,
    31.849180334798));
#1412 = CARTESIAN_POINT('',(-16.54516999139,-1.900149812432,
    31.749195355191));
#1413 = CARTESIAN_POINT('',(-16.7560464463,-1.776486048429,
    31.638353945291));
#1414 = CARTESIAN_POINT('',(-16.98272345274,-1.675754069883,
    31.516701093446));
#1415 = CARTESIAN_POINT('',(-17.42292392306,-1.541240348021,
    31.275126584946));
#1416 = CARTESIAN_POINT('',(-17.62647056357,-1.500683917808,
    31.161536622627));
#1417 = CARTESIAN_POINT('',(-17.83203844614,-1.481133188627,
    31.044792354108));
#1418 = CARTESIAN_POINT('',(-18.03766127969,-1.482887799039,
    30.925909094564));
#1419 = CARTESIAN_POINT('',(-18.2414009112,-1.505969574845,
    30.805995639796));
#1420 = CARTESIAN_POINT('',(-18.44137871021,-1.550124218615,
    30.686239163632));
#1421 = CARTESIAN_POINT('',(-18.63580318885,-1.614822181956,
    30.567879672165));
#1422 = CARTESIAN_POINT('',(-19.04955377617,-1.80145363975,
    30.312133571412));
#1423 = CARTESIAN_POINT('',(-19.25706620729,-1.92875060237,
    30.181204276151));
#1424 = CARTESIAN_POINT('',(-19.44505378452,-2.076455794237,
    30.060415910903));
#1425 = CARTESIAN_POINT('',(-19.6135743006,-2.240595516502,
    29.950437509318));
#1426 = CARTESIAN_POINT('',(-19.76300156404,-2.417763297572,
    29.851642284079));
#1427 = CARTESIAN_POINT('',(-19.89389325105,-2.60501812645,
    29.764171594594));
#1428 = CARTESIAN_POINT('',(-20.0069163631,-2.799821377913,
    29.687989583674));
#1429 = CARTESIAN_POINT('',(-20.22222538965,-3.249323094659,
    29.541875882647));
#1430 = CARTESIAN_POINT('',(-20.31564257551,-3.508193741833,
    29.477677182445));
#1431 = CARTESIAN_POINT('',(-20.38442611091,-3.773435752213,
    29.429995505047));
#1432 = CARTESIAN_POINT('',(-20.42960007609,-4.042665914703,
    29.39851706161));
#1433 = CARTESIAN_POINT('',(-20.45181581173,-4.313989069383,
    29.383011496382));
#1434 = CARTESIAN_POINT('',(-20.45132819114,-4.585744883533,
    29.383380592789));
#1435 = CARTESIAN_POINT('',(-20.42796315167,-4.85628198066,
    29.399686650246));
#1436 = CARTESIAN_POINT('',(-20.33434884218,-5.390187904363,
    29.464512324688));
#1437 = CARTESIAN_POINT('',(-20.26431764088,-5.653332967101,
    29.512881654007));
#1438 = CARTESIAN_POINT('',(-20.17038177345,-5.911459387491,
    29.577461592396));
#1439 = CARTESIAN_POINT('',(-20.05145329673,-6.162346862964,
    29.65862428287));
#1440 = CARTESIAN_POINT('',(-19.906131617,-6.402983008939,29.75678030776
    ));
#1441 = CARTESIAN_POINT('',(-19.73282116622,-6.629351245364,
    29.872230008386));
#1442 = CARTESIAN_POINT('',(-19.52993825273,-6.836113462227,
    30.004973113709));
#1443 = CARTESIAN_POINT('',(-19.04502721478,-7.209585721326,
    30.315276252326));
#1444 = CARTESIAN_POINT('',(-18.7488489094,-7.379225366087,
    30.501431664919));
#1445 = CARTESIAN_POINT('',(-18.41550815455,-7.501295036777,
    30.705956872728));
#1446 = CARTESIAN_POINT('',(-18.05742466896,-7.560821596696,
    30.919030812531));
#1447 = CARTESIAN_POINT('',(-17.69081690296,-7.55134407102,
    31.129552380884));
#1448 = CARTESIAN_POINT('',(-17.33339843413,-7.474915525114,
    31.328008907338));
#1449 = CARTESIAN_POINT('',(-17.00153903477,-7.342273570288,
    31.507113065473));
#1450 = CARTESIAN_POINT('',(-16.32761753686,-6.954300195934,
    31.862728031511));
#1451 = CARTESIAN_POINT('',(-16.00580969931,-6.671498563622,
    32.025878391647));
#1452 = CARTESIAN_POINT('',(-15.74364544561,-6.347876220384,
    32.154633579348));
#1453 = CARTESIAN_POINT('',(-15.53881402142,-5.998235290503,
    32.253085754473));
#1454 = CARTESIAN_POINT('',(-15.38820320291,-5.632894668722,
    32.324452983509));
#1455 = CARTESIAN_POINT('',(-15.28884691734,-5.258570990961,
    32.371194426128));
#1456 = CARTESIAN_POINT('',(-15.23896390184,-4.879737382807,
    32.394659732711));
#1457 = CARTESIAN_POINT('',(-15.23896390184,-4.5,32.394659732711));
#1458 = PCURVE('',#639,#1459);
#1459 = DEFINITIONAL_REPRESENTATION('',(#1460),#1519);
#1460 = B_SPLINE_CURVE_WITH_KNOTS('',8,(#1461,#1462,#1463,#1464,#1465,
    #1466,#1467,#1468,#1469,#1470,#1471,#1472,#1473,#1474,#1475,#1476,
    #1477,#1478,#1479,#1480,#1481,#1482,#1483,#1484,#1485,#1486,#1487,
    #1488,#1489,#1490,#1491,#1492,#1493,#1494,#1495,#1496,#1497,#1498,
    #1499,#1500,#1501,#1502,#1503,#1504,#1505,#1506,#1507,#1508,#1509,
    #1510,#1511,#1512,#1513,#1514,#1515,#1516,#1517,#1518),
  .UNSPECIFIED.,.T.,.F.,(9,7,7,7,7,7,7,7,9),(0.,0.108891462026,
    0.214965346601,0.302935967398,0.409408243998,0.542019794726,
    0.674135385532,0.816294338597,1.),.UNSPECIFIED.);
#1461 = CARTESIAN_POINT('',(0.22352361022,-4.));
#1462 = CARTESIAN_POINT('',(0.22352361022,-3.764380210556));
#1463 = CARTESIAN_POINT('',(0.222930782159,-3.528757112013));
#1464 = CARTESIAN_POINT('',(0.221745019801,-3.295352476396));
#1465 = CARTESIAN_POINT('',(0.219974481155,-3.06638290499));
#1466 = CARTESIAN_POINT('',(0.217635108115,-2.844013413468));
#1467 = CARTESIAN_POINT('',(0.214750254236,-2.630319487188));
#1468 = CARTESIAN_POINT('',(0.211350420665,-2.427257606653));
#1469 = CARTESIAN_POINT('',(0.203696105828,-2.050963019404));
#1470 = CARTESIAN_POINT('',(0.199351945914,-1.871485234087));
#1471 = CARTESIAN_POINT('',(0.194426464543,-1.701090803731));
#1472 = CARTESIAN_POINT('',(0.188915195158,-1.542873550639));
#1473 = CARTESIAN_POINT('',(0.182823876513,-1.400149812432));
#1474 = CARTESIAN_POINT('',(0.176169725829,-1.276486048429));
#1475 = CARTESIAN_POINT('',(0.1689840515,-1.175754069883));
#1476 = CARTESIAN_POINT('',(0.154958069387,-1.041240348021));
#1477 = CARTESIAN_POINT('',(0.148447160502,-1.000683917808));
#1478 = CARTESIAN_POINT('',(0.141843979258,-0.981133188627));
#1479 = CARTESIAN_POINT('',(0.135209839836,-0.982887799039));
#1480 = CARTESIAN_POINT('',(0.128606629219,-1.005969574845));
#1481 = CARTESIAN_POINT('',(0.122095921348,-1.050124218615));
#1482 = CARTESIAN_POINT('',(0.115738028612,-1.114822181956));
#1483 = CARTESIAN_POINT('',(0.102151130444,-1.30145363975));
#1484 = CARTESIAN_POINT('',(9.529765714757E-02,-1.42875060237));
#1485 = CARTESIAN_POINT('',(8.905640735927E-02,-1.576455794237));
#1486 = CARTESIAN_POINT('',(8.343562848476E-02,-1.740595516502));
#1487 = CARTESIAN_POINT('',(7.843201396828E-02,-1.917763297572));
#1488 = CARTESIAN_POINT('',(7.403462922227E-02,-2.10501812645));
#1489 = CARTESIAN_POINT('',(7.022736127973E-02,-2.299821377913));
#1490 = CARTESIAN_POINT('',(6.295903574896E-02,-2.749323094659));
#1491 = CARTESIAN_POINT('',(5.979288624595E-02,-3.008193741833));
#1492 = CARTESIAN_POINT('',(5.745507607304E-02,-3.273435752213));
#1493 = CARTESIAN_POINT('',(5.591708931965E-02,-3.542665914703));
#1494 = CARTESIAN_POINT('',(5.516033709938E-02,-3.813989069383));
#1495 = CARTESIAN_POINT('',(5.517740957792E-02,-4.085744883533));
#1496 = CARTESIAN_POINT('',(5.597327955317E-02,-4.35628198066));
#1497 = CARTESIAN_POINT('',(5.915396044156E-02,-4.890187904363));
#1498 = CARTESIAN_POINT('',(6.15313743194E-02,-5.153332967101));
#1499 = CARTESIAN_POINT('',(6.471553622886E-02,-5.411459387491));
#1500 = CARTESIAN_POINT('',(6.873738588682E-02,-5.662346862964));
#1501 = CARTESIAN_POINT('',(7.36357236732E-02,-5.902983008939));
#1502 = CARTESIAN_POINT('',(7.945229459822E-02,-6.129351245364));
#1503 = CARTESIAN_POINT('',(8.622430512079E-02,-6.336113462227));
#1504 = CARTESIAN_POINT('',(0.102305220037,-6.709585721326));
#1505 = CARTESIAN_POINT('',(0.112076454665,-6.879225366087));
#1506 = CARTESIAN_POINT('',(0.122999552638,-7.001295036777));
#1507 = CARTESIAN_POINT('',(0.134636392345,-7.060821596696));
#1508 = CARTESIAN_POINT('',(0.146442523197,-7.05134407102));
#1509 = CARTESIAN_POINT('',(0.157860715984,-6.974915525114));
#1510 = CARTESIAN_POINT('',(0.168393935937,-6.842273570288));
#1511 = CARTESIAN_POINT('',(0.189678635664,-6.454300195934));
#1512 = CARTESIAN_POINT('',(0.199755567402,-6.171498563622));
#1513 = CARTESIAN_POINT('',(0.207913306406,-5.847876220384));
#1514 = CARTESIAN_POINT('',(0.21426129544,-5.498235290503));
#1515 = CARTESIAN_POINT('',(0.218916663697,-5.132894668722));
#1516 = CARTESIAN_POINT('',(0.221983764703,-4.758570990961));
#1517 = CARTESIAN_POINT('',(0.22352361022,-4.379737382807));
#1518 = CARTESIAN_POINT('',(0.22352361022,-4.));
#1519 = ( GEOMETRIC_REPRESENTATION_CONTEXT(2) 
PARAMETRIC_REPRESENTATION_CONTEXT() REPRESENTATION_CONTEXT('2D SPACE',''
  ) );
#1520 = PCURVE('',#1521,#1526);
#1521 = CYLINDRICAL_SURFACE('',#1522,3.);
#1522 = AXIS2_PLACEMENT_3D('',#1523,#1524,#1525);
#1523 = CARTESIAN_POINT('',(-17.2,-4.5,29.791273890185));
#1524 = DIRECTION('',(-0.5,0.,0.866025403784));
#1525 = DIRECTION('',(0.866025403784,0.,0.5));
#1526 = DEFINITIONAL_REPRESENTATION('',(#1527),#1586);
#1527 = B_SPLINE_CURVE_WITH_KNOTS('',8,(#1528,#1529,#1530,#1531,#1532,
    #1533,#1534,#1535,#1536,#1537,#1538,#1539,#1540,#1541,#1542,#1543,
    #1544,#1545,#1546,#1547,#1548,#1549,#1550,#1551,#1552,#1553,#1554,
    #1555,#1556,#1557,#1558,#1559,#1560,#1561,#1562,#1563,#1564,#1565,
    #1566,#1567,#1568,#1569,#1570,#1571,#1572,#1573,#1574,#1575,#1576,
    #1577,#1578,#1579,#1580,#1581,#1582,#1583,#1584,#1585),
  .UNSPECIFIED.,.F.,.F.,(9,7,7,7,7,7,7,7,9),(0.,0.108891462026,
    0.214965346601,0.302935967398,0.409408243998,0.542019794726,
    0.674135385532,0.816294338597,1.),.UNSPECIFIED.);
#1528 = CARTESIAN_POINT('',(0.,1.274080226405));
#1529 = CARTESIAN_POINT('',(7.853992981455E-02,1.274080226405));
#1530 = CARTESIAN_POINT('',(0.157080837786,1.275858620501));
#1531 = CARTESIAN_POINT('',(0.235620913148,1.279416137463));
#1532 = CARTESIAN_POINT('',(0.31415888486,1.284657418803));
#1533 = CARTESIAN_POINT('',(0.392696466001,1.291394454979));
#1534 = CARTESIAN_POINT('',(0.471237171012,1.299359030088));
#1535 = CARTESIAN_POINT('',(0.549781505804,1.308224175085));
#1536 = CARTESIAN_POINT('',(0.704823402272,1.326801587436));
#1537 = CARTESIAN_POINT('',(0.783632099638,1.336762740648));
#1538 = CARTESIAN_POINT('',(0.86475354009,1.347246298853));
#1539 = CARTESIAN_POINT('',(0.948241814686,1.357879751546));
#1540 = CARTESIAN_POINT('',(1.034206884859,1.368194723007));
#1541 = CARTESIAN_POINT('',(1.12281408352,1.377641473698));
#1542 = CARTESIAN_POINT('',(1.214295576349,1.385625516776));
#1543 = CARTESIAN_POINT('',(1.387535946931,1.396516090667));
#1544 = CARTESIAN_POINT('',(1.466078078636,1.399917617941));
#1545 = CARTESIAN_POINT('',(1.544617863642,1.401598056945));
#1546 = CARTESIAN_POINT('',(1.623155616636,1.401453550866));
#1547 = CARTESIAN_POINT('',(1.70169397103,1.399475268541));
#1548 = CARTESIAN_POINT('',(1.780234930642,1.395752017417));
#1549 = CARTESIAN_POINT('',(1.858777439495,1.390461930348));
#1550 = CARTESIAN_POINT('',(2.032371328151,1.375854603837));
#1551 = CARTESIAN_POINT('',(2.123874914799,1.366222723603));
#1552 = CARTESIAN_POINT('',(2.212284551063,1.355610719433));
#1553 = CARTESIAN_POINT('',(2.297937784228,1.344626887827));
#1554 = CARTESIAN_POINT('',(2.381113229194,1.33378134472));
#1555 = CARTESIAN_POINT('',(2.462048399462,1.323475349045));
#1556 = CARTESIAN_POINT('',(2.540945090426,1.314011348303));
#1557 = CARTESIAN_POINT('',(2.713958381869,1.295127684645));
#1558 = CARTESIAN_POINT('',(2.807521438449,1.286238572312));
#1559 = CARTESIAN_POINT('',(2.899338137131,1.279336796091));
#1560 = CARTESIAN_POINT('',(2.98995965071,1.274662646994));
#1561 = CARTESIAN_POINT('',(3.079911940375,1.272342301422));
#1562 = CARTESIAN_POINT('',(3.16971375345,1.272418137993));
#1563 = CARTESIAN_POINT('',(3.259889446175,1.274857078253));
#1564 = CARTESIAN_POINT('',(3.441834012722,1.284190604392));
#1565 = CARTESIAN_POINT('',(3.533511220948,1.291064071696));
#1566 = CARTESIAN_POINT('',(3.626690919784,1.3000240052));
#1567 = CARTESIAN_POINT('',(3.721956021562,1.310848718629));
#1568 = CARTESIAN_POINT('',(3.819892762759,1.323193489852));
#1569 = CARTESIAN_POINT('',(3.921117261615,1.336520638066));
#1570 = CARTESIAN_POINT('',(4.026327898496,1.350038082706));
#1571 = CARTESIAN_POINT('',(4.254902688457,1.376312964651));
#1572 = CARTESIAN_POINT('',(4.383427573963,1.389439128316));
#1573 = CARTESIAN_POINT('',(4.517406761298,1.39989277657));
#1574 = CARTESIAN_POINT('',(4.654120822291,1.40537847853));
#1575 = CARTESIAN_POINT('',(4.791440414693,1.404391621766));
#1576 = CARTESIAN_POINT('',(4.927327572548,1.397550780808));
#1577 = CARTESIAN_POINT('',(5.059356557166,1.386729831995));
#1578 = CARTESIAN_POINT('',(5.34421815271,1.357740677597));
#1579 = CARTESIAN_POINT('',(5.494016588794,1.338129115332));
#1580 = CARTESIAN_POINT('',(5.635844410583,1.318552251902));
#1581 = CARTESIAN_POINT('',(5.771462024957,1.301398624522));
#1582 = CARTESIAN_POINT('',(5.902467971963,1.28789904861));
#1583 = CARTESIAN_POINT('',(6.030327321094,1.278700182545));
#1584 = CARTESIAN_POINT('',(6.156606179577,1.274080226405));
#1585 = CARTESIAN_POINT('',(6.28318530718,1.274080226405));
#1586 = ( GEOMETRIC_REPRESENTATION_CONTEXT(2) 
PARAMETRIC_REPRESENTATION_CONTEXT() REPRESENTATION_CONTEXT('2D SPACE',''
  ) );
#1587 = FACE_BOUND('',#1588,.T.);
#1588 = EDGE_LOOP('',(#1589));
#1589 = ORIENTED_EDGE('',*,*,#1590,.F.);
#1590 = EDGE_CURVE('',#1591,#1591,#1593,.T.);
#1591 = VERTEX_POINT('',#1592);
#1592 = CARTESIAN_POINT('',(20.435116324556,-4.5,29.394659732711));
#1593 = SURFACE_CURVE('',#1594,(#1653,#1715),.PCURVE_S1.);
#1594 = B_SPLINE_CURVE_WITH_KNOTS('',8,(#1595,#1596,#1597,#1598,#1599,
    #1600,#1601,#1602,#1603,#1604,#1605,#1606,#1607,#1608,#1609,#1610,
    #1611,#1612,#1613,#1614,#1615,#1616,#1617,#1618,#1619,#1620,#1621,
    #1622,#1623,#1624,#1625,#1626,#1627,#1628,#1629,#1630,#1631,#1632,
    #1633,#1634,#1635,#1636,#1637,#1638,#1639,#1640,#1641,#1642,#1643,
    #1644,#1645,#1646,#1647,#1648,#1649,#1650,#1651,#1652),
  .UNSPECIFIED.,.T.,.F.,(9,7,7,7,7,7,7,7,9),(0.,0.121341745978,
    0.229914198108,0.322747995034,0.434759492762,0.559213973386,
    0.672831338895,0.815559184628,1.),.UNSPECIFIED.);
#1595 = CARTESIAN_POINT('',(20.435116324556,-4.5,29.394659732711));
#1596 = CARTESIAN_POINT('',(20.435116324556,-4.2533156096,
    29.394659732711));
#1597 = CARTESIAN_POINT('',(20.416015064218,-4.006816741908,
    29.407938884286));
#1598 = CARTESIAN_POINT('',(20.37786079112,-3.761680980822,
    29.434463713803));
#1599 = CARTESIAN_POINT('',(20.320350654553,-3.519174194402,
    29.474341488749));
#1600 = CARTESIAN_POINT('',(20.24287945894,-3.280784392737,
    29.527788235894));
#1601 = CARTESIAN_POINT('',(20.144583171971,-3.048376195234,
    29.595078839104));
#1602 = CARTESIAN_POINT('',(20.024389267664,-2.824381109857,
    29.676481052687));
#1603 = CARTESIAN_POINT('',(19.752863098639,-2.42204220062,
    29.857799181618));
#1604 = CARTESIAN_POINT('',(19.604635589167,-2.23914777628,
    29.955869113577));
#1605 = CARTESIAN_POINT('',(19.43589773367,-2.067726882771,
    30.066234974055));
#1606 = CARTESIAN_POINT('',(19.246677678899,-1.912172446093,
    30.188274561557));
#1607 = CARTESIAN_POINT('',(19.037525969545,-1.77688403706,
    30.320930090753));
#1608 = CARTESIAN_POINT('',(18.809545009464,-1.666269502535,
    30.46275333911));
#1609 = CARTESIAN_POINT('',(18.564479833464,-1.584772465363,
    30.611947483517));
#1610 = CARTESIAN_POINT('',(18.082931344084,-1.496032009917,
    30.898451403576));
#1611 = CARTESIAN_POINT('',(17.854851708416,-1.480566299237,
    31.031672525656));
#1612 = CARTESIAN_POINT('',(17.624622234024,-1.491932365194,
    31.163499117398));
#1613 = CARTESIAN_POINT('',(17.396494792229,-1.53008694906,
    31.291448590536));
#1614 = CARTESIAN_POINT('',(17.174750446525,-1.593599438948,
    31.413316995694));
#1615 = CARTESIAN_POINT('',(16.963419064538,-1.679691327323,
    31.527289866859));
#1616 = CARTESIAN_POINT('',(16.766003688104,-1.784265204177,
    31.631988935188));
#1617 = CARTESIAN_POINT('',(16.367139925861,-2.043888403942,
    31.840497779315));
#1618 = CARTESIAN_POINT('',(16.170061271506,-2.206999587534,
    31.941340176604));
#1619 = CARTESIAN_POINT('',(15.994231878134,-2.386572201896,
    32.029660359316));
#1620 = CARTESIAN_POINT('',(15.839423081972,-2.578896362216,
    32.106230588443));
#1621 = CARTESIAN_POINT('',(15.705146435473,-2.781016036609,
    32.171815783893));
#1622 = CARTESIAN_POINT('',(15.590803736727,-2.99057111615,
    32.227109222495));
#1623 = CARTESIAN_POINT('',(15.495799866943,-3.20568705131,
    32.27270225312));
#1624 = CARTESIAN_POINT('',(15.334988615815,-3.66845645766,
    32.349450058964));
#1625 = CARTESIAN_POINT('',(15.273522361985,-3.917284741124,
    32.378473981789));
#1626 = CARTESIAN_POINT('',(15.234596299994,-4.169408089057,
    32.396728992514));
#1627 = CARTESIAN_POINT('',(15.217800497361,-4.423231527075,
    32.404579743961));
#1628 = CARTESIAN_POINT('',(15.22296113244,-4.677357010487,
    32.402174166576));
#1629 = CARTESIAN_POINT('',(15.250150007629,-4.930418126656,
    32.389449419568));
#1630 = CARTESIAN_POINT('',(15.299688223325,-5.18091713648,
    32.366123909901));
#1631 = CARTESIAN_POINT('',(15.438291565079,-5.651752248023,
    32.300224737082));
#1632 = CARTESIAN_POINT('',(15.52354415308,-5.872832625344,
    32.259501585709));
#1633 = CARTESIAN_POINT('',(15.628358304236,-6.088966832061,
    32.209096070551));
#1634 = CARTESIAN_POINT('',(15.753334042619,-6.298444497945,
    32.148442975122));
#1635 = CARTESIAN_POINT('',(15.899131488405,-6.499079759835,
    32.076848739263));
#1636 = CARTESIAN_POINT('',(16.066358096052,-6.688088759515,
    31.993518763235));
#1637 = CARTESIAN_POINT('',(16.255420386216,-6.861918648595,
    31.897613211273));
#1638 = CARTESIAN_POINT('',(16.731285748887,-7.209585720611,
    31.651115510441));
#1639 = CARTESIAN_POINT('',(17.04059022385,-7.37922536824,
    31.487695277044));
#1640 = CARTESIAN_POINT('',(17.384384610745,-7.501295034101,
    31.301276328098));
#1641 = CARTESIAN_POINT('',(17.747953824095,-7.560821597694,
    31.097703888197));
#1642 = CARTESIAN_POINT('',(18.113574707705,-7.551344072138,
    30.885473048621));
#1643 = CARTESIAN_POINT('',(18.464152351458,-7.47491552367,
    30.675167828657));
#1644 = CARTESIAN_POINT('',(18.785190796288,-7.342273570849,
    30.477321240871));
#1645 = CARTESIAN_POINT('',(19.430123140752,-6.954300195921,
    30.071495585945));
#1646 = CARTESIAN_POINT('',(19.732319415952,-6.671498563654,
    29.87437700361));
#1647 = CARTESIAN_POINT('',(19.974906806388,-6.347876220381,
    29.711713693685));
#1648 = CARTESIAN_POINT('',(20.162584603028,-5.998235290416,
    29.583550564517));
#1649 = CARTESIAN_POINT('',(20.299695845726,-5.632894668862,
    29.488801384054));
#1650 = CARTESIAN_POINT('',(20.389853265195,-5.258570990864,
    29.42612703806));
#1651 = CARTESIAN_POINT('',(20.435116324556,-4.879737382836,
    29.394659732711));
#1652 = CARTESIAN_POINT('',(20.435116324556,-4.5,29.394659732711));
#1653 = PCURVE('',#639,#1654);
#1654 = DEFINITIONAL_REPRESENTATION('',(#1655),#1714);
#1655 = B_SPLINE_CURVE_WITH_KNOTS('',8,(#1656,#1657,#1658,#1659,#1660,
    #1661,#1662,#1663,#1664,#1665,#1666,#1667,#1668,#1669,#1670,#1671,
    #1672,#1673,#1674,#1675,#1676,#1677,#1678,#1679,#1680,#1681,#1682,
    #1683,#1684,#1685,#1686,#1687,#1688,#1689,#1690,#1691,#1692,#1693,
    #1694,#1695,#1696,#1697,#1698,#1699,#1700,#1701,#1702,#1703,#1704,
    #1705,#1706,#1707,#1708,#1709,#1710,#1711,#1712,#1713),
  .UNSPECIFIED.,.T.,.F.,(9,7,7,7,7,7,7,7,9),(0.,0.121341745978,
    0.229914198108,0.322747995034,0.434759492762,0.559213973386,
    0.672831338895,0.815559184628,1.),.UNSPECIFIED.);
#1656 = CARTESIAN_POINT('',(1.270721161417,-4.));
#1657 = CARTESIAN_POINT('',(1.270721161417,-3.7533156096));
#1658 = CARTESIAN_POINT('',(1.270071340925,-3.506816741908));
#1659 = CARTESIAN_POINT('',(1.268773339638,-3.261680980822));
#1660 = CARTESIAN_POINT('',(1.266818502979,-3.019174194402));
#1661 = CARTESIAN_POINT('',(1.264189503309,-2.780784392737));
#1662 = CARTESIAN_POINT('',(1.260862108785,-2.548376195234));
#1663 = CARTESIAN_POINT('',(1.256807305176,-2.324381109857));
#1664 = CARTESIAN_POINT('',(1.247687173153,-1.92204220062));
#1665 = CARTESIAN_POINT('',(1.242722602478,-1.73914777628));
#1666 = CARTESIAN_POINT('',(1.237090723622,-1.567726882771));
#1667 = CARTESIAN_POINT('',(1.230801561055,-1.412172446093));
#1668 = CARTESIAN_POINT('',(1.223883774085,-1.27688403706));
#1669 = CARTESIAN_POINT('',(1.21638448829,-1.166269502535));
#1670 = CARTESIAN_POINT('',(1.208370729334,-1.084772465363));
#1671 = CARTESIAN_POINT('',(1.192718960262,-0.996032009917));
#1672 = CARTESIAN_POINT('',(1.185341079592,-0.980566299237));
#1673 = CARTESIAN_POINT('',(1.177930940185,-0.991932365194));
#1674 = CARTESIAN_POINT('',(1.170625373789,-1.03008694906));
#1675 = CARTESIAN_POINT('',(1.163558061472,-1.093599438948));
#1676 = CARTESIAN_POINT('',(1.156851470799,-1.179691327323));
#1677 = CARTESIAN_POINT('',(1.150609660292,-1.284265204177));
#1678 = CARTESIAN_POINT('',(1.138037710163,-1.543888403942));
#1679 = CARTESIAN_POINT('',(1.131854142343,-1.706999587534));
#1680 = CARTESIAN_POINT('',(1.126358140347,-1.886572201896));
#1681 = CARTESIAN_POINT('',(1.121533978432,-2.078896362216));
#1682 = CARTESIAN_POINT('',(1.117359808457,-2.281016036609));
#1683 = CARTESIAN_POINT('',(1.113812062488,-2.49057111615));
#1684 = CARTESIAN_POINT('',(1.110868557905,-2.70568705131));
#1685 = CARTESIAN_POINT('',(1.105891277026,-3.16845645766));
#1686 = CARTESIAN_POINT('',(1.103992573096,-3.417284741124));
#1687 = CARTESIAN_POINT('',(1.10279162428,-3.669408089057));
#1688 = CARTESIAN_POINT('',(1.10227374257,-3.923231527075));
#1689 = CARTESIAN_POINT('',(1.102432788596,-4.177357010487));
#1690 = CARTESIAN_POINT('',(1.103271315517,-4.430418126656));
#1691 = CARTESIAN_POINT('',(1.104800775248,-4.68091713648));
#1692 = CARTESIAN_POINT('',(1.109087696483,-5.151752248023));
#1693 = CARTESIAN_POINT('',(1.111726784951,-5.372832625345));
#1694 = CARTESIAN_POINT('',(1.114975492554,-5.588966832061));
#1695 = CARTESIAN_POINT('',(1.118855782993,-5.798444497945));
#1696 = CARTESIAN_POINT('',(1.123392743159,-5.999079759835));
#1697 = CARTESIAN_POINT('',(1.128611502369,-6.188088759515));
#1698 = CARTESIAN_POINT('',(1.134532972327,-6.361918648595));
#1699 = CARTESIAN_POINT('',(1.149502771203,-6.709585720611));
#1700 = CARTESIAN_POINT('',(1.159274006018,-6.879225368239));
#1701 = CARTESIAN_POINT('',(1.170197103474,-7.001295034101));
#1702 = CARTESIAN_POINT('',(1.181833944009,-7.060821597694));
#1703 = CARTESIAN_POINT('',(1.193640074034,-7.051344072138));
#1704 = CARTESIAN_POINT('',(1.205058267337,-6.97491552367));
#1705 = CARTESIAN_POINT('',(1.215591487102,-6.842273570849));
#1706 = CARTESIAN_POINT('',(1.236876186861,-6.454300195921));
#1707 = CARTESIAN_POINT('',(1.246953118597,-6.171498563654));
#1708 = CARTESIAN_POINT('',(1.255110857606,-5.847876220381));
#1709 = CARTESIAN_POINT('',(1.261458846634,-5.498235290416));
#1710 = CARTESIAN_POINT('',(1.266114214895,-5.132894668862));
#1711 = CARTESIAN_POINT('',(1.2691813159,-4.758570990864));
#1712 = CARTESIAN_POINT('',(1.270721161417,-4.379737382836));
#1713 = CARTESIAN_POINT('',(1.270721161417,-4.));
#1714 = ( GEOMETRIC_REPRESENTATION_CONTEXT(2) 
PARAMETRIC_REPRESENTATION_CONTEXT() REPRESENTATION_CONTEXT('2D SPACE',''
  ) );
#1715 = PCURVE('',#1716,#1721);
#1716 = CYLINDRICAL_SURFACE('',#1717,3.);
#1717 = AXIS2_PLACEMENT_3D('',#1718,#1719,#1720);
#1718 = CARTESIAN_POINT('',(17.2,-4.5,29.791273890185));
#1719 = DIRECTION('',(0.5,0.,0.866025403784));
#1720 = DIRECTION('',(0.866025403784,0.,-0.5));
#1721 = DEFINITIONAL_REPRESENTATION('',(#1722),#1781);
#1722 = B_SPLINE_CURVE_WITH_KNOTS('',8,(#1723,#1724,#1725,#1726,#1727,
    #1728,#1729,#1730,#1731,#1732,#1733,#1734,#1735,#1736,#1737,#1738,
    #1739,#1740,#1741,#1742,#1743,#1744,#1745,#1746,#1747,#1748,#1749,
    #1750,#1751,#1752,#1753,#1754,#1755,#1756,#1757,#1758,#1759,#1760,
    #1761,#1762,#1763,#1764,#1765,#1766,#1767,#1768,#1769,#1770,#1771,
    #1772,#1773,#1774,#1775,#1776,#1777,#1778,#1779,#1780),
  .UNSPECIFIED.,.F.,.F.,(9,7,7,7,7,7,7,7,9),(0.,0.121341745978,
    0.229914198108,0.322747995034,0.434759492762,0.559213973386,
    0.672831338895,0.815559184628,1.),.UNSPECIFIED.);
#1723 = CARTESIAN_POINT('',(0.,1.274080226405));
#1724 = CARTESIAN_POINT('',(8.222813013332E-02,1.274080226405));
#1725 = CARTESIAN_POINT('',(0.164394324557,1.276029678841));
#1726 = CARTESIAN_POINT('',(0.246953790817,1.279923718484));
#1727 = CARTESIAN_POINT('',(0.330325311359,1.285703816351));
#1728 = CARTESIAN_POINT('',(0.414930131542,1.293254459321));
#1729 = CARTESIAN_POINT('',(0.501201360641,1.302381687653));
#1730 = CARTESIAN_POINT('',(0.589600586977,1.312781120387));
#1731 = CARTESIAN_POINT('',(0.762171733708,1.334044141695));
#1732 = CARTESIAN_POINT('',(0.84676477137,1.344861439383));
#1733 = CARTESIAN_POINT('',(0.934226631242,1.356072150519));
#1734 = CARTESIAN_POINT('',(1.024435629868,1.367151506177));
#1735 = CARTESIAN_POINT('',(1.11737144295,1.377458709736));
#1736 = CARTESIAN_POINT('',(1.213101180558,1.38629076562));
#1737 = CARTESIAN_POINT('',(1.311783727838,1.392964096773));
#1738 = CARTESIAN_POINT('',(1.500873464603,1.400309525138));
#1739 = CARTESIAN_POINT('',(1.588640275763,1.401642583346));
#1740 = CARTESIAN_POINT('',(1.676400751414,1.400693023493));
#1741 = CARTESIAN_POINT('',(1.763602862577,1.397436796733));
#1742 = CARTESIAN_POINT('',(1.84969415444,1.392105758667));
#1743 = CARTESIAN_POINT('',(1.934061104108,1.385143469445));
#1744 = CARTESIAN_POINT('',(2.01595604608,1.377107834153));
#1745 = CARTESIAN_POINT('',(2.189038179256,1.358249908959));
#1746 = CARTESIAN_POINT('',(2.280048520817,1.347042659612));
#1747 = CARTESIAN_POINT('',(2.367973712603,1.335615484822));
#1748 = CARTESIAN_POINT('',(2.453242395495,1.324522850339));
#1749 = CARTESIAN_POINT('',(2.536236322277,1.314182972461));
#1750 = CARTESIAN_POINT('',(2.61731123733,1.30489714558));
#1751 = CARTESIAN_POINT('',(2.69680526731,1.296879933445));
#1752 = CARTESIAN_POINT('',(2.862036311583,1.282939857427));
#1753 = CARTESIAN_POINT('',(2.947562382206,1.277342184995));
#1754 = CARTESIAN_POINT('',(3.032140966766,1.273688457033));
#1755 = CARTESIAN_POINT('',(3.116203264899,1.272089505909));
#1756 = CARTESIAN_POINT('',(3.200167603627,1.272586532323));
#1757 = CARTESIAN_POINT('',(3.284451807152,1.275161015752));
#1758 = CARTESIAN_POINT('',(3.369485104997,1.279729639672));
#1759 = CARTESIAN_POINT('',(3.534506882875,1.291960952799));
#1760 = CARTESIAN_POINT('',(3.614295732372,1.299319963188));
#1761 = CARTESIAN_POINT('',(3.695505277836,1.308074582149));
#1762 = CARTESIAN_POINT('',(3.778500279,1.31803532988));
#1763 = CARTESIAN_POINT('',(3.863659607906,1.328931625756));
#1764 = CARTESIAN_POINT('',(3.951384898624,1.340379053441));
#1765 = CARTESIAN_POINT('',(4.042121347435,1.35185355416));
#1766 = CARTESIAN_POINT('',(4.25490268802,1.376312964601));
#1767 = CARTESIAN_POINT('',(4.383427576096,1.389439128468));
#1768 = CARTESIAN_POINT('',(4.517406756508,1.399892776382));
#1769 = CARTESIAN_POINT('',(4.654120828431,1.405378478592));
#1770 = CARTESIAN_POINT('',(4.79144040999,1.404391621858));
#1771 = CARTESIAN_POINT('',(4.927327574603,1.397550780697));
#1772 = CARTESIAN_POINT('',(5.059356556754,1.386729832037));
#1773 = CARTESIAN_POINT('',(5.34421815272,1.357740677596));
#1774 = CARTESIAN_POINT('',(5.494016588767,1.338129115336));
#1775 = CARTESIAN_POINT('',(5.635844410608,1.318552251897));
#1776 = CARTESIAN_POINT('',(5.771462024966,1.301398624524));
#1777 = CARTESIAN_POINT('',(5.902467971926,1.28789904861));
#1778 = CARTESIAN_POINT('',(6.030327321125,1.278700182545));
#1779 = CARTESIAN_POINT('',(6.156606179568,1.274080226405));
#1780 = CARTESIAN_POINT('',(6.28318530718,1.274080226405));
#1781 = ( GEOMETRIC_REPRESENTATION_CONTEXT(2) 
PARAMETRIC_REPRESENTATION_CONTEXT() REPRESENTATION_CONTEXT('2D SPACE',''
  ) );
#1782 = ADVANCED_FACE('',(#1783),#666,.F.);
#1783 = FACE_BOUND('',#1784,.F.);
#1784 = EDGE_LOOP('',(#1785,#1815,#1843,#1871,#1899,#1927,#1948,#1949,
    #1950));
#1785 = ORIENTED_EDGE('',*,*,#1786,.F.);
#1786 = EDGE_CURVE('',#1787,#1789,#1791,.T.);
#1787 = VERTEX_POINT('',#1788);
#1788 = CARTESIAN_POINT('',(-12.,2.7,115.45475442551));
#1789 = VERTEX_POINT('',#1790);
#1790 = CARTESIAN_POINT('',(-12.,2.7,32.8));
#1791 = SURFACE_CURVE('',#1792,(#1796,#1803),.PCURVE_S1.);
#1792 = LINE('',#1793,#1794);
#1793 = CARTESIAN_POINT('',(-12.,2.7,115.45475442551));
#1794 = VECTOR('',#1795,1.);
#1795 = DIRECTION('',(0.,0.,-1.));
#1796 = PCURVE('',#666,#1797);
#1797 = DEFINITIONAL_REPRESENTATION('',(#1798),#1802);
#1798 = LINE('',#1799,#1800);
#1799 = CARTESIAN_POINT('',(82.654754425514,-11.2));
#1800 = VECTOR('',#1801,1.);
#1801 = DIRECTION('',(-1.,0.));
#1802 = ( GEOMETRIC_REPRESENTATION_CONTEXT(2) 
PARAMETRIC_REPRESENTATION_CONTEXT() REPRESENTATION_CONTEXT('2D SPACE',''
  ) );
#1803 = PCURVE('',#1804,#1809);
#1804 = CYLINDRICAL_SURFACE('',#1805,0.8);
#1805 = AXIS2_PLACEMENT_3D('',#1806,#1807,#1808);
#1806 = CARTESIAN_POINT('',(-11.2,2.7,32.8));
#1807 = DIRECTION('',(0.,0.,1.));
#1808 = DIRECTION('',(-1.,-0.,0.));
#1809 = DEFINITIONAL_REPRESENTATION('',(#1810),#1814);
#1810 = LINE('',#1811,#1812);
#1811 = CARTESIAN_POINT('',(-0.,82.654754425514));
#1812 = VECTOR('',#1813,1.);
#1813 = DIRECTION('',(-0.,-1.));
#1814 = ( GEOMETRIC_REPRESENTATION_CONTEXT(2) 
PARAMETRIC_REPRESENTATION_CONTEXT() REPRESENTATION_CONTEXT('2D SPACE',''
  ) );
#1815 = ORIENTED_EDGE('',*,*,#1816,.T.);
#1816 = EDGE_CURVE('',#1787,#1817,#1819,.T.);
#1817 = VERTEX_POINT('',#1818);
#1818 = CARTESIAN_POINT('',(-12.,8.946019650563,120.69578721062));
#1819 = SURFACE_CURVE('',#1820,(#1824,#1831),.PCURVE_S1.);
#1820 = LINE('',#1821,#1822);
#1821 = CARTESIAN_POINT('',(-12.,-3.310691439341,110.41118545564));
#1822 = VECTOR('',#1823,1.);
#1823 = DIRECTION('',(0.,0.766044443119,0.642787609687));
#1824 = PCURVE('',#666,#1825);
#1825 = DEFINITIONAL_REPRESENTATION('',(#1826),#1830);
#1826 = LINE('',#1827,#1828);
#1827 = CARTESIAN_POINT('',(77.611185455643,-5.189308560659));
#1828 = VECTOR('',#1829,1.);
#1829 = DIRECTION('',(0.642787609687,-0.766044443119));
#1830 = ( GEOMETRIC_REPRESENTATION_CONTEXT(2) 
PARAMETRIC_REPRESENTATION_CONTEXT() REPRESENTATION_CONTEXT('2D SPACE',''
  ) );
#1831 = PCURVE('',#1832,#1837);
#1832 = PLANE('',#1833);
#1833 = AXIS2_PLACEMENT_3D('',#1834,#1835,#1836);
#1834 = CARTESIAN_POINT('',(-20.,8.946019650563,120.69578721062));
#1835 = DIRECTION('',(0.,-0.642787609687,0.766044443119));
#1836 = DIRECTION('',(1.,0.,0.));
#1837 = DEFINITIONAL_REPRESENTATION('',(#1838),#1842);
#1838 = LINE('',#1839,#1840);
#1839 = CARTESIAN_POINT('',(8.,-16.));
#1840 = VECTOR('',#1841,1.);
#1841 = DIRECTION('',(0.,1.));
#1842 = ( GEOMETRIC_REPRESENTATION_CONTEXT(2) 
PARAMETRIC_REPRESENTATION_CONTEXT() REPRESENTATION_CONTEXT('2D SPACE',''
  ) );
#1843 = ORIENTED_EDGE('',*,*,#1844,.F.);
#1844 = EDGE_CURVE('',#1845,#1817,#1847,.T.);
#1845 = VERTEX_POINT('',#1846);
#1846 = CARTESIAN_POINT('',(-12.,6.374869211817,123.7599649831));
#1847 = SURFACE_CURVE('',#1848,(#1852,#1859),.PCURVE_S1.);
#1848 = LINE('',#1849,#1850);
#1849 = CARTESIAN_POINT('',(-12.,8.946019650563,120.69578721062));
#1850 = VECTOR('',#1851,1.);
#1851 = DIRECTION('',(0.,0.642787609687,-0.766044443119));
#1852 = PCURVE('',#666,#1853);
#1853 = DEFINITIONAL_REPRESENTATION('',(#1854),#1858);
#1854 = LINE('',#1855,#1856);
#1855 = CARTESIAN_POINT('',(87.895787210627,-17.44601965056));
#1856 = VECTOR('',#1857,1.);
#1857 = DIRECTION('',(-0.766044443119,-0.642787609687));
#1858 = ( GEOMETRIC_REPRESENTATION_CONTEXT(2) 
PARAMETRIC_REPRESENTATION_CONTEXT() REPRESENTATION_CONTEXT('2D SPACE',''
  ) );
#1859 = PCURVE('',#1860,#1865);
#1860 = PLANE('',#1861);
#1861 = AXIS2_PLACEMENT_3D('',#1862,#1863,#1864);
#1862 = CARTESIAN_POINT('',(-20.,8.946019650563,120.69578721062));
#1863 = DIRECTION('',(0.,0.766044443119,0.642787609687));
#1864 = DIRECTION('',(0.,-0.642787609687,0.766044443119));
#1865 = DEFINITIONAL_REPRESENTATION('',(#1866),#1870);
#1866 = LINE('',#1867,#1868);
#1867 = CARTESIAN_POINT('',(0.,8.));
#1868 = VECTOR('',#1869,1.);
#1869 = DIRECTION('',(-1.,0.));
#1870 = ( GEOMETRIC_REPRESENTATION_CONTEXT(2) 
PARAMETRIC_REPRESENTATION_CONTEXT() REPRESENTATION_CONTEXT('2D SPACE',''
  ) );
#1871 = ORIENTED_EDGE('',*,*,#1872,.F.);
#1872 = EDGE_CURVE('',#1873,#1845,#1875,.T.);
#1873 = VERTEX_POINT('',#1874);
#1874 = CARTESIAN_POINT('',(-12.,-3.111447653721,115.8));
#1875 = SURFACE_CURVE('',#1876,(#1880,#1887),.PCURVE_S1.);
#1876 = LINE('',#1877,#1878);
#1877 = CARTESIAN_POINT('',(-12.,-5.881841878087,113.47536322811));
#1878 = VECTOR('',#1879,1.);
#1879 = DIRECTION('',(0.,0.766044443119,0.642787609687));
#1880 = PCURVE('',#666,#1881);
#1881 = DEFINITIONAL_REPRESENTATION('',(#1882),#1886);
#1882 = LINE('',#1883,#1884);
#1883 = CARTESIAN_POINT('',(80.675363228119,-2.618158121913));
#1884 = VECTOR('',#1885,1.);
#1885 = DIRECTION('',(0.642787609687,-0.766044443119));
#1886 = ( GEOMETRIC_REPRESENTATION_CONTEXT(2) 
PARAMETRIC_REPRESENTATION_CONTEXT() REPRESENTATION_CONTEXT('2D SPACE',''
  ) );
#1887 = PCURVE('',#1888,#1893);
#1888 = PLANE('',#1889);
#1889 = AXIS2_PLACEMENT_3D('',#1890,#1891,#1892);
#1890 = CARTESIAN_POINT('',(-20.,6.374869211817,123.7599649831));
#1891 = DIRECTION('',(0.,-0.642787609687,0.766044443119));
#1892 = DIRECTION('',(1.,0.,0.));
#1893 = DEFINITIONAL_REPRESENTATION('',(#1894),#1898);
#1894 = LINE('',#1895,#1896);
#1895 = CARTESIAN_POINT('',(8.,-16.));
#1896 = VECTOR('',#1897,1.);
#1897 = DIRECTION('',(0.,1.));
#1898 = ( GEOMETRIC_REPRESENTATION_CONTEXT(2) 
PARAMETRIC_REPRESENTATION_CONTEXT() REPRESENTATION_CONTEXT('2D SPACE',''
  ) );
#1899 = ORIENTED_EDGE('',*,*,#1900,.F.);
#1900 = EDGE_CURVE('',#1901,#1873,#1903,.T.);
#1901 = VERTEX_POINT('',#1902);
#1902 = CARTESIAN_POINT('',(-12.,-7.7,115.8));
#1903 = SURFACE_CURVE('',#1904,(#1908,#1915),.PCURVE_S1.);
#1904 = LINE('',#1905,#1906);
#1905 = CARTESIAN_POINT('',(-12.,-8.5,115.8));
#1906 = VECTOR('',#1907,1.);
#1907 = DIRECTION('',(-0.,1.,0.));
#1908 = PCURVE('',#666,#1909);
#1909 = DEFINITIONAL_REPRESENTATION('',(#1910),#1914);
#1910 = LINE('',#1911,#1912);
#1911 = CARTESIAN_POINT('',(83.,0.));
#1912 = VECTOR('',#1913,1.);
#1913 = DIRECTION('',(0.,-1.));
#1914 = ( GEOMETRIC_REPRESENTATION_CONTEXT(2) 
PARAMETRIC_REPRESENTATION_CONTEXT() REPRESENTATION_CONTEXT('2D SPACE',''
  ) );
#1915 = PCURVE('',#1916,#1921);
#1916 = PLANE('',#1917);
#1917 = AXIS2_PLACEMENT_3D('',#1918,#1919,#1920);
#1918 = CARTESIAN_POINT('',(-12.,-8.5,115.8));
#1919 = DIRECTION('',(0.,0.,1.));
#1920 = DIRECTION('',(1.,0.,-0.));
#1921 = DEFINITIONAL_REPRESENTATION('',(#1922),#1926);
#1922 = LINE('',#1923,#1924);
#1923 = CARTESIAN_POINT('',(0.,0.));
#1924 = VECTOR('',#1925,1.);
#1925 = DIRECTION('',(0.,1.));
#1926 = ( GEOMETRIC_REPRESENTATION_CONTEXT(2) 
PARAMETRIC_REPRESENTATION_CONTEXT() REPRESENTATION_CONTEXT('2D SPACE',''
  ) );
#1927 = ORIENTED_EDGE('',*,*,#1928,.F.);
#1928 = EDGE_CURVE('',#1313,#1901,#1929,.T.);
#1929 = SURFACE_CURVE('',#1930,(#1934,#1941),.PCURVE_S1.);
#1930 = LINE('',#1931,#1932);
#1931 = CARTESIAN_POINT('',(-12.,-7.7,33.728919342309));
#1932 = VECTOR('',#1933,1.);
#1933 = DIRECTION('',(0.,0.,1.));
#1934 = PCURVE('',#666,#1935);
#1935 = DEFINITIONAL_REPRESENTATION('',(#1936),#1940);
#1936 = LINE('',#1937,#1938);
#1937 = CARTESIAN_POINT('',(0.928919342309,-0.8));
#1938 = VECTOR('',#1939,1.);
#1939 = DIRECTION('',(1.,0.));
#1940 = ( GEOMETRIC_REPRESENTATION_CONTEXT(2) 
PARAMETRIC_REPRESENTATION_CONTEXT() REPRESENTATION_CONTEXT('2D SPACE',''
  ) );
#1941 = PCURVE('',#1350,#1942);
#1942 = DEFINITIONAL_REPRESENTATION('',(#1943),#1947);
#1943 = LINE('',#1944,#1945);
#1944 = CARTESIAN_POINT('',(0.,0.928919342309));
#1945 = VECTOR('',#1946,1.);
#1946 = DIRECTION('',(0.,1.));
#1947 = ( GEOMETRIC_REPRESENTATION_CONTEXT(2) 
PARAMETRIC_REPRESENTATION_CONTEXT() REPRESENTATION_CONTEXT('2D SPACE',''
  ) );
#1948 = ORIENTED_EDGE('',*,*,#1373,.T.);
#1949 = ORIENTED_EDGE('',*,*,#651,.T.);
#1950 = ORIENTED_EDGE('',*,*,#1951,.T.);
#1951 = EDGE_CURVE('',#652,#1789,#1952,.T.);
#1952 = SURFACE_CURVE('',#1953,(#1957,#1964),.PCURVE_S1.);
#1953 = LINE('',#1954,#1955);
#1954 = CARTESIAN_POINT('',(-12.,-8.5,32.8));
#1955 = VECTOR('',#1956,1.);
#1956 = DIRECTION('',(-0.,1.,0.));
#1957 = PCURVE('',#666,#1958);
#1958 = DEFINITIONAL_REPRESENTATION('',(#1959),#1963);
#1959 = LINE('',#1960,#1961);
#1960 = CARTESIAN_POINT('',(0.,0.));
#1961 = VECTOR('',#1962,1.);
#1962 = DIRECTION('',(0.,-1.));
#1963 = ( GEOMETRIC_REPRESENTATION_CONTEXT(2) 
PARAMETRIC_REPRESENTATION_CONTEXT() REPRESENTATION_CONTEXT('2D SPACE',''
  ) );
#1964 = PCURVE('',#693,#1965);
#1965 = DEFINITIONAL_REPRESENTATION('',(#1966),#1970);
#1966 = LINE('',#1967,#1968);
#1967 = CARTESIAN_POINT('',(0.,0.));
#1968 = VECTOR('',#1969,1.);
#1969 = DIRECTION('',(0.,1.));
#1970 = ( GEOMETRIC_REPRESENTATION_CONTEXT(2) 
PARAMETRIC_REPRESENTATION_CONTEXT() REPRESENTATION_CONTEXT('2D SPACE',''
  ) );
#1971 = ADVANCED_FACE('',(#1972),#693,.F.);
#1972 = FACE_BOUND('',#1973,.F.);
#1973 = EDGE_LOOP('',(#1974,#1975,#1976,#1999,#2028,#2056));
#1974 = ORIENTED_EDGE('',*,*,#1951,.F.);
#1975 = ORIENTED_EDGE('',*,*,#678,.T.);
#1976 = ORIENTED_EDGE('',*,*,#1977,.T.);
#1977 = EDGE_CURVE('',#679,#1978,#1980,.T.);
#1978 = VERTEX_POINT('',#1979);
#1979 = CARTESIAN_POINT('',(12.,2.7,32.8));
#1980 = SURFACE_CURVE('',#1981,(#1985,#1992),.PCURVE_S1.);
#1981 = LINE('',#1982,#1983);
#1982 = CARTESIAN_POINT('',(12.,-8.5,32.8));
#1983 = VECTOR('',#1984,1.);
#1984 = DIRECTION('',(-0.,1.,0.));
#1985 = PCURVE('',#693,#1986);
#1986 = DEFINITIONAL_REPRESENTATION('',(#1987),#1991);
#1987 = LINE('',#1988,#1989);
#1988 = CARTESIAN_POINT('',(24.,0.));
#1989 = VECTOR('',#1990,1.);
#1990 = DIRECTION('',(0.,1.));
#1991 = ( GEOMETRIC_REPRESENTATION_CONTEXT(2) 
PARAMETRIC_REPRESENTATION_CONTEXT() REPRESENTATION_CONTEXT('2D SPACE',''
  ) );
#1992 = PCURVE('',#719,#1993);
#1993 = DEFINITIONAL_REPRESENTATION('',(#1994),#1998);
#1994 = LINE('',#1995,#1996);
#1995 = CARTESIAN_POINT('',(0.,0.));
#1996 = VECTOR('',#1997,1.);
#1997 = DIRECTION('',(0.,-1.));
#1998 = ( GEOMETRIC_REPRESENTATION_CONTEXT(2) 
PARAMETRIC_REPRESENTATION_CONTEXT() REPRESENTATION_CONTEXT('2D SPACE',''
  ) );
#1999 = ORIENTED_EDGE('',*,*,#2000,.T.);
#2000 = EDGE_CURVE('',#1978,#2001,#2003,.T.);
#2001 = VERTEX_POINT('',#2002);
#2002 = CARTESIAN_POINT('',(11.2,3.5,32.8));
#2003 = SURFACE_CURVE('',#2004,(#2009,#2016),.PCURVE_S1.);
#2004 = CIRCLE('',#2005,0.8);
#2005 = AXIS2_PLACEMENT_3D('',#2006,#2007,#2008);
#2006 = CARTESIAN_POINT('',(11.2,2.7,32.8));
#2007 = DIRECTION('',(0.,0.,1.));
#2008 = DIRECTION('',(0.,-1.,0.));
#2009 = PCURVE('',#693,#2010);
#2010 = DEFINITIONAL_REPRESENTATION('',(#2011),#2015);
#2011 = CIRCLE('',#2012,0.8);
#2012 = AXIS2_PLACEMENT_2D('',#2013,#2014);
#2013 = CARTESIAN_POINT('',(23.2,11.2));
#2014 = DIRECTION('',(0.,-1.));
#2015 = ( GEOMETRIC_REPRESENTATION_CONTEXT(2) 
PARAMETRIC_REPRESENTATION_CONTEXT() REPRESENTATION_CONTEXT('2D SPACE',''
  ) );
#2016 = PCURVE('',#2017,#2022);
#2017 = CYLINDRICAL_SURFACE('',#2018,0.8);
#2018 = AXIS2_PLACEMENT_3D('',#2019,#2020,#2021);
#2019 = CARTESIAN_POINT('',(11.2,2.7,32.8));
#2020 = DIRECTION('',(0.,0.,1.));
#2021 = DIRECTION('',(1.,0.,-0.));
#2022 = DEFINITIONAL_REPRESENTATION('',(#2023),#2027);
#2023 = LINE('',#2024,#2025);
#2024 = CARTESIAN_POINT('',(-1.570796326795,0.));
#2025 = VECTOR('',#2026,1.);
#2026 = DIRECTION('',(1.,0.));
#2027 = ( GEOMETRIC_REPRESENTATION_CONTEXT(2) 
PARAMETRIC_REPRESENTATION_CONTEXT() REPRESENTATION_CONTEXT('2D SPACE',''
  ) );
#2028 = ORIENTED_EDGE('',*,*,#2029,.F.);
#2029 = EDGE_CURVE('',#2030,#2001,#2032,.T.);
#2030 = VERTEX_POINT('',#2031);
#2031 = CARTESIAN_POINT('',(-11.2,3.5,32.8));
#2032 = SURFACE_CURVE('',#2033,(#2037,#2044),.PCURVE_S1.);
#2033 = LINE('',#2034,#2035);
#2034 = CARTESIAN_POINT('',(-12.,3.5,32.8));
#2035 = VECTOR('',#2036,1.);
#2036 = DIRECTION('',(1.,0.,-0.));
#2037 = PCURVE('',#693,#2038);
#2038 = DEFINITIONAL_REPRESENTATION('',(#2039),#2043);
#2039 = LINE('',#2040,#2041);
#2040 = CARTESIAN_POINT('',(0.,12.));
#2041 = VECTOR('',#2042,1.);
#2042 = DIRECTION('',(1.,0.));
#2043 = ( GEOMETRIC_REPRESENTATION_CONTEXT(2) 
PARAMETRIC_REPRESENTATION_CONTEXT() REPRESENTATION_CONTEXT('2D SPACE',''
  ) );
#2044 = PCURVE('',#2045,#2050);
#2045 = PLANE('',#2046);
#2046 = AXIS2_PLACEMENT_3D('',#2047,#2048,#2049);
#2047 = CARTESIAN_POINT('',(-12.,3.5,32.8));
#2048 = DIRECTION('',(-0.,1.,0.));
#2049 = DIRECTION('',(0.,0.,1.));
#2050 = DEFINITIONAL_REPRESENTATION('',(#2051),#2055);
#2051 = LINE('',#2052,#2053);
#2052 = CARTESIAN_POINT('',(0.,0.));
#2053 = VECTOR('',#2054,1.);
#2054 = DIRECTION('',(0.,1.));
#2055 = ( GEOMETRIC_REPRESENTATION_CONTEXT(2) 
PARAMETRIC_REPRESENTATION_CONTEXT() REPRESENTATION_CONTEXT('2D SPACE',''
  ) );
#2056 = ORIENTED_EDGE('',*,*,#2057,.F.);
#2057 = EDGE_CURVE('',#1789,#2030,#2058,.T.);
#2058 = SURFACE_CURVE('',#2059,(#2064,#2075),.PCURVE_S1.);
#2059 = CIRCLE('',#2060,0.8);
#2060 = AXIS2_PLACEMENT_3D('',#2061,#2062,#2063);
#2061 = CARTESIAN_POINT('',(-11.2,2.7,32.8));
#2062 = DIRECTION('',(-0.,-0.,-1.));
#2063 = DIRECTION('',(0.,-1.,0.));
#2064 = PCURVE('',#693,#2065);
#2065 = DEFINITIONAL_REPRESENTATION('',(#2066),#2074);
#2066 = ( BOUNDED_CURVE() B_SPLINE_CURVE(2,(#2067,#2068,#2069,#2070,
#2071,#2072,#2073),.UNSPECIFIED.,.T.,.F.) B_SPLINE_CURVE_WITH_KNOTS((1,2
    ,2,2,2,1),(-2.094395102393,0.,2.094395102393,4.188790204786,
6.28318530718,8.377580409573),.UNSPECIFIED.) CURVE() 
GEOMETRIC_REPRESENTATION_ITEM() RATIONAL_B_SPLINE_CURVE((1.,0.5,1.,0.5,
1.,0.5,1.)) REPRESENTATION_ITEM('') );
#2067 = CARTESIAN_POINT('',(0.8,10.4));
#2068 = CARTESIAN_POINT('',(-0.585640646055,10.4));
#2069 = CARTESIAN_POINT('',(0.107179676972,11.6));
#2070 = CARTESIAN_POINT('',(0.8,12.8));
#2071 = CARTESIAN_POINT('',(1.492820323028,11.6));
#2072 = CARTESIAN_POINT('',(2.185640646055,10.4));
#2073 = CARTESIAN_POINT('',(0.8,10.4));
#2074 = ( GEOMETRIC_REPRESENTATION_CONTEXT(2) 
PARAMETRIC_REPRESENTATION_CONTEXT() REPRESENTATION_CONTEXT('2D SPACE',''
  ) );
#2075 = PCURVE('',#1804,#2076);
#2076 = DEFINITIONAL_REPRESENTATION('',(#2077),#2081);
#2077 = LINE('',#2078,#2079);
#2078 = CARTESIAN_POINT('',(1.570796326795,-0.));
#2079 = VECTOR('',#2080,1.);
#2080 = DIRECTION('',(-1.,0.));
#2081 = ( GEOMETRIC_REPRESENTATION_CONTEXT(2) 
PARAMETRIC_REPRESENTATION_CONTEXT() REPRESENTATION_CONTEXT('2D SPACE',''
  ) );
#2082 = ADVANCED_FACE('',(#2083),#719,.T.);
#2083 = FACE_BOUND('',#2084,.T.);
#2084 = EDGE_LOOP('',(#2085,#2108,#2131,#2159,#2182,#2205,#2226,#2227,
    #2228));
#2085 = ORIENTED_EDGE('',*,*,#2086,.T.);
#2086 = EDGE_CURVE('',#1978,#2087,#2089,.T.);
#2087 = VERTEX_POINT('',#2088);
#2088 = CARTESIAN_POINT('',(12.,2.7,115.45475442551));
#2089 = SURFACE_CURVE('',#2090,(#2094,#2101),.PCURVE_S1.);
#2090 = LINE('',#2091,#2092);
#2091 = CARTESIAN_POINT('',(12.,2.7,32.8));
#2092 = VECTOR('',#2093,1.);
#2093 = DIRECTION('',(0.,0.,1.));
#2094 = PCURVE('',#719,#2095);
#2095 = DEFINITIONAL_REPRESENTATION('',(#2096),#2100);
#2096 = LINE('',#2097,#2098);
#2097 = CARTESIAN_POINT('',(0.,-11.2));
#2098 = VECTOR('',#2099,1.);
#2099 = DIRECTION('',(1.,0.));
#2100 = ( GEOMETRIC_REPRESENTATION_CONTEXT(2) 
PARAMETRIC_REPRESENTATION_CONTEXT() REPRESENTATION_CONTEXT('2D SPACE',''
  ) );
#2101 = PCURVE('',#2017,#2102);
#2102 = DEFINITIONAL_REPRESENTATION('',(#2103),#2107);
#2103 = LINE('',#2104,#2105);
#2104 = CARTESIAN_POINT('',(0.,0.));
#2105 = VECTOR('',#2106,1.);
#2106 = DIRECTION('',(0.,1.));
#2107 = ( GEOMETRIC_REPRESENTATION_CONTEXT(2) 
PARAMETRIC_REPRESENTATION_CONTEXT() REPRESENTATION_CONTEXT('2D SPACE',''
  ) );
#2108 = ORIENTED_EDGE('',*,*,#2109,.T.);
#2109 = EDGE_CURVE('',#2087,#2110,#2112,.T.);
#2110 = VERTEX_POINT('',#2111);
#2111 = CARTESIAN_POINT('',(12.,8.946019650563,120.69578721062));
#2112 = SURFACE_CURVE('',#2113,(#2117,#2124),.PCURVE_S1.);
#2113 = LINE('',#2114,#2115);
#2114 = CARTESIAN_POINT('',(12.,-3.310691439341,110.41118545564));
#2115 = VECTOR('',#2116,1.);
#2116 = DIRECTION('',(0.,0.766044443119,0.642787609687));
#2117 = PCURVE('',#719,#2118);
#2118 = DEFINITIONAL_REPRESENTATION('',(#2119),#2123);
#2119 = LINE('',#2120,#2121);
#2120 = CARTESIAN_POINT('',(77.611185455643,-5.189308560659));
#2121 = VECTOR('',#2122,1.);
#2122 = DIRECTION('',(0.642787609687,-0.766044443119));
#2123 = ( GEOMETRIC_REPRESENTATION_CONTEXT(2) 
PARAMETRIC_REPRESENTATION_CONTEXT() REPRESENTATION_CONTEXT('2D SPACE',''
  ) );
#2124 = PCURVE('',#1832,#2125);
#2125 = DEFINITIONAL_REPRESENTATION('',(#2126),#2130);
#2126 = LINE('',#2127,#2128);
#2127 = CARTESIAN_POINT('',(32.,-16.));
#2128 = VECTOR('',#2129,1.);
#2129 = DIRECTION('',(0.,1.));
#2130 = ( GEOMETRIC_REPRESENTATION_CONTEXT(2) 
PARAMETRIC_REPRESENTATION_CONTEXT() REPRESENTATION_CONTEXT('2D SPACE',''
  ) );
#2131 = ORIENTED_EDGE('',*,*,#2132,.F.);
#2132 = EDGE_CURVE('',#2133,#2110,#2135,.T.);
#2133 = VERTEX_POINT('',#2134);
#2134 = CARTESIAN_POINT('',(12.,6.374869211817,123.7599649831));
#2135 = SURFACE_CURVE('',#2136,(#2140,#2147),.PCURVE_S1.);
#2136 = LINE('',#2137,#2138);
#2137 = CARTESIAN_POINT('',(12.,8.946019650563,120.69578721062));
#2138 = VECTOR('',#2139,1.);
#2139 = DIRECTION('',(0.,0.642787609687,-0.766044443119));
#2140 = PCURVE('',#719,#2141);
#2141 = DEFINITIONAL_REPRESENTATION('',(#2142),#2146);
#2142 = LINE('',#2143,#2144);
#2143 = CARTESIAN_POINT('',(87.895787210627,-17.44601965056));
#2144 = VECTOR('',#2145,1.);
#2145 = DIRECTION('',(-0.766044443119,-0.642787609687));
#2146 = ( GEOMETRIC_REPRESENTATION_CONTEXT(2) 
PARAMETRIC_REPRESENTATION_CONTEXT() REPRESENTATION_CONTEXT('2D SPACE',''
  ) );
#2147 = PCURVE('',#2148,#2153);
#2148 = PLANE('',#2149);
#2149 = AXIS2_PLACEMENT_3D('',#2150,#2151,#2152);
#2150 = CARTESIAN_POINT('',(-20.,8.946019650563,120.69578721062));
#2151 = DIRECTION('',(0.,0.766044443119,0.642787609687));
#2152 = DIRECTION('',(0.,-0.642787609687,0.766044443119));
#2153 = DEFINITIONAL_REPRESENTATION('',(#2154),#2158);
#2154 = LINE('',#2155,#2156);
#2155 = CARTESIAN_POINT('',(0.,32.));
#2156 = VECTOR('',#2157,1.);
#2157 = DIRECTION('',(-1.,0.));
#2158 = ( GEOMETRIC_REPRESENTATION_CONTEXT(2) 
PARAMETRIC_REPRESENTATION_CONTEXT() REPRESENTATION_CONTEXT('2D SPACE',''
  ) );
#2159 = ORIENTED_EDGE('',*,*,#2160,.F.);
#2160 = EDGE_CURVE('',#2161,#2133,#2163,.T.);
#2161 = VERTEX_POINT('',#2162);
#2162 = CARTESIAN_POINT('',(12.,-3.111447653721,115.8));
#2163 = SURFACE_CURVE('',#2164,(#2168,#2175),.PCURVE_S1.);
#2164 = LINE('',#2165,#2166);
#2165 = CARTESIAN_POINT('',(12.,-5.881841878087,113.47536322811));
#2166 = VECTOR('',#2167,1.);
#2167 = DIRECTION('',(0.,0.766044443119,0.642787609687));
#2168 = PCURVE('',#719,#2169);
#2169 = DEFINITIONAL_REPRESENTATION('',(#2170),#2174);
#2170 = LINE('',#2171,#2172);
#2171 = CARTESIAN_POINT('',(80.675363228119,-2.618158121913));
#2172 = VECTOR('',#2173,1.);
#2173 = DIRECTION('',(0.642787609687,-0.766044443119));
#2174 = ( GEOMETRIC_REPRESENTATION_CONTEXT(2) 
PARAMETRIC_REPRESENTATION_CONTEXT() REPRESENTATION_CONTEXT('2D SPACE',''
  ) );
#2175 = PCURVE('',#1888,#2176);
#2176 = DEFINITIONAL_REPRESENTATION('',(#2177),#2181);
#2177 = LINE('',#2178,#2179);
#2178 = CARTESIAN_POINT('',(32.,-16.));
#2179 = VECTOR('',#2180,1.);
#2180 = DIRECTION('',(0.,1.));
#2181 = ( GEOMETRIC_REPRESENTATION_CONTEXT(2) 
PARAMETRIC_REPRESENTATION_CONTEXT() REPRESENTATION_CONTEXT('2D SPACE',''
  ) );
#2182 = ORIENTED_EDGE('',*,*,#2183,.F.);
#2183 = EDGE_CURVE('',#2184,#2161,#2186,.T.);
#2184 = VERTEX_POINT('',#2185);
#2185 = CARTESIAN_POINT('',(12.,-7.7,115.8));
#2186 = SURFACE_CURVE('',#2187,(#2191,#2198),.PCURVE_S1.);
#2187 = LINE('',#2188,#2189);
#2188 = CARTESIAN_POINT('',(12.,-8.5,115.8));
#2189 = VECTOR('',#2190,1.);
#2190 = DIRECTION('',(-0.,1.,0.));
#2191 = PCURVE('',#719,#2192);
#2192 = DEFINITIONAL_REPRESENTATION('',(#2193),#2197);
#2193 = LINE('',#2194,#2195);
#2194 = CARTESIAN_POINT('',(83.,0.));
#2195 = VECTOR('',#2196,1.);
#2196 = DIRECTION('',(0.,-1.));
#2197 = ( GEOMETRIC_REPRESENTATION_CONTEXT(2) 
PARAMETRIC_REPRESENTATION_CONTEXT() REPRESENTATION_CONTEXT('2D SPACE',''
  ) );
#2198 = PCURVE('',#1916,#2199);
#2199 = DEFINITIONAL_REPRESENTATION('',(#2200),#2204);
#2200 = LINE('',#2201,#2202);
#2201 = CARTESIAN_POINT('',(24.,0.));
#2202 = VECTOR('',#2203,1.);
#2203 = DIRECTION('',(0.,1.));
#2204 = ( GEOMETRIC_REPRESENTATION_CONTEXT(2) 
PARAMETRIC_REPRESENTATION_CONTEXT() REPRESENTATION_CONTEXT('2D SPACE',''
  ) );
#2205 = ORIENTED_EDGE('',*,*,#2206,.T.);
#2206 = EDGE_CURVE('',#2184,#1197,#2207,.T.);
#2207 = SURFACE_CURVE('',#2208,(#2212,#2219),.PCURVE_S1.);
#2208 = LINE('',#2209,#2210);
#2209 = CARTESIAN_POINT('',(12.,-7.7,115.8));
#2210 = VECTOR('',#2211,1.);
#2211 = DIRECTION('',(0.,0.,-1.));
#2212 = PCURVE('',#719,#2213);
#2213 = DEFINITIONAL_REPRESENTATION('',(#2214),#2218);
#2214 = LINE('',#2215,#2216);
#2215 = CARTESIAN_POINT('',(83.,-0.8));
#2216 = VECTOR('',#2217,1.);
#2217 = DIRECTION('',(-1.,0.));
#2218 = ( GEOMETRIC_REPRESENTATION_CONTEXT(2) 
PARAMETRIC_REPRESENTATION_CONTEXT() REPRESENTATION_CONTEXT('2D SPACE',''
  ) );
#2219 = PCURVE('',#1256,#2220);
#2220 = DEFINITIONAL_REPRESENTATION('',(#2221),#2225);
#2221 = LINE('',#2222,#2223);
#2222 = CARTESIAN_POINT('',(-0.,83.));
#2223 = VECTOR('',#2224,1.);
#2224 = DIRECTION('',(-0.,-1.));
#2225 = ( GEOMETRIC_REPRESENTATION_CONTEXT(2) 
PARAMETRIC_REPRESENTATION_CONTEXT() REPRESENTATION_CONTEXT('2D SPACE',''
  ) );
#2226 = ORIENTED_EDGE('',*,*,#1196,.T.);
#2227 = ORIENTED_EDGE('',*,*,#704,.T.);
#2228 = ORIENTED_EDGE('',*,*,#1977,.T.);
#2229 = ADVANCED_FACE('',(#2230),#772,.T.);
#2230 = FACE_BOUND('',#2231,.F.);
#2231 = EDGE_LOOP('',(#2232,#2233,#2234,#2235));
#2232 = ORIENTED_EDGE('',*,*,#755,.T.);
#2233 = ORIENTED_EDGE('',*,*,#1091,.T.);
#2234 = ORIENTED_EDGE('',*,*,#904,.F.);
#2235 = ORIENTED_EDGE('',*,*,#1174,.F.);
#2236 = ADVANCED_FACE('',(#2237,#2263),#997,.T.);
#2237 = FACE_BOUND('',#2238,.T.);
#2238 = EDGE_LOOP('',(#2239));
#2239 = ORIENTED_EDGE('',*,*,#2240,.T.);
#2240 = EDGE_CURVE('',#2241,#2241,#2243,.T.);
#2241 = VERTEX_POINT('',#2242);
#2242 = CARTESIAN_POINT('',(19.798076211353,-4.5,28.291273890185));
#2243 = SURFACE_CURVE('',#2244,(#2249,#2256),.PCURVE_S1.);
#2244 = CIRCLE('',#2245,3.);
#2245 = AXIS2_PLACEMENT_3D('',#2246,#2247,#2248);
#2246 = CARTESIAN_POINT('',(17.2,-4.5,29.791273890185));
#2247 = DIRECTION('',(0.5,0.,0.866025403784));
#2248 = DIRECTION('',(0.866025403784,0.,-0.5));
#2249 = PCURVE('',#997,#2250);
#2250 = DEFINITIONAL_REPRESENTATION('',(#2251),#2255);
#2251 = CIRCLE('',#2252,3.);
#2252 = AXIS2_PLACEMENT_2D('',#2253,#2254);
#2253 = CARTESIAN_POINT('',(0.,0.));
#2254 = DIRECTION('',(1.,0.));
#2255 = ( GEOMETRIC_REPRESENTATION_CONTEXT(2) 
PARAMETRIC_REPRESENTATION_CONTEXT() REPRESENTATION_CONTEXT('2D SPACE',''
  ) );
#2256 = PCURVE('',#1716,#2257);
#2257 = DEFINITIONAL_REPRESENTATION('',(#2258),#2262);
#2258 = LINE('',#2259,#2260);
#2259 = CARTESIAN_POINT('',(0.,0.));
#2260 = VECTOR('',#2261,1.);
#2261 = DIRECTION('',(1.,0.));
#2262 = ( GEOMETRIC_REPRESENTATION_CONTEXT(2) 
PARAMETRIC_REPRESENTATION_CONTEXT() REPRESENTATION_CONTEXT('2D SPACE',''
  ) );
#2263 = FACE_BOUND('',#2264,.T.);
#2264 = EDGE_LOOP('',(#2265));
#2265 = ORIENTED_EDGE('',*,*,#980,.F.);
#2266 = ADVANCED_FACE('',(#2267,#2293),#1052,.T.);
#2267 = FACE_BOUND('',#2268,.T.);
#2268 = EDGE_LOOP('',(#2269));
#2269 = ORIENTED_EDGE('',*,*,#2270,.T.);
#2270 = EDGE_CURVE('',#2271,#2271,#2273,.T.);
#2271 = VERTEX_POINT('',#2272);
#2272 = CARTESIAN_POINT('',(-14.60192378864,-4.5,31.291273890185));
#2273 = SURFACE_CURVE('',#2274,(#2279,#2286),.PCURVE_S1.);
#2274 = CIRCLE('',#2275,3.);
#2275 = AXIS2_PLACEMENT_3D('',#2276,#2277,#2278);
#2276 = CARTESIAN_POINT('',(-17.2,-4.5,29.791273890185));
#2277 = DIRECTION('',(-0.5,0.,0.866025403784));
#2278 = DIRECTION('',(0.866025403784,0.,0.5));
#2279 = PCURVE('',#1052,#2280);
#2280 = DEFINITIONAL_REPRESENTATION('',(#2281),#2285);
#2281 = CIRCLE('',#2282,3.);
#2282 = AXIS2_PLACEMENT_2D('',#2283,#2284);
#2283 = CARTESIAN_POINT('',(0.,0.));
#2284 = DIRECTION('',(1.,0.));
#2285 = ( GEOMETRIC_REPRESENTATION_CONTEXT(2) 
PARAMETRIC_REPRESENTATION_CONTEXT() REPRESENTATION_CONTEXT('2D SPACE',''
  ) );
#2286 = PCURVE('',#1521,#2287);
#2287 = DEFINITIONAL_REPRESENTATION('',(#2288),#2292);
#2288 = LINE('',#2289,#2290);
#2289 = CARTESIAN_POINT('',(0.,0.));
#2290 = VECTOR('',#2291,1.);
#2291 = DIRECTION('',(1.,0.));
#2292 = ( GEOMETRIC_REPRESENTATION_CONTEXT(2) 
PARAMETRIC_REPRESENTATION_CONTEXT() REPRESENTATION_CONTEXT('2D SPACE',''
  ) );
#2293 = FACE_BOUND('',#2294,.T.);
#2294 = EDGE_LOOP('',(#2295));
#2295 = ORIENTED_EDGE('',*,*,#1035,.F.);
#2296 = ADVANCED_FACE('',(#2297),#1350,.T.);
#2297 = FACE_BOUND('',#2298,.T.);
#2298 = EDGE_LOOP('',(#2299,#2300,#2301,#2324));
#2299 = ORIENTED_EDGE('',*,*,#1928,.F.);
#2300 = ORIENTED_EDGE('',*,*,#1312,.T.);
#2301 = ORIENTED_EDGE('',*,*,#2302,.T.);
#2302 = EDGE_CURVE('',#1280,#2303,#2305,.T.);
#2303 = VERTEX_POINT('',#2304);
#2304 = CARTESIAN_POINT('',(-11.2,-8.5,115.8));
#2305 = SURFACE_CURVE('',#2306,(#2310,#2317),.PCURVE_S1.);
#2306 = LINE('',#2307,#2308);
#2307 = CARTESIAN_POINT('',(-11.2,-8.5,34.002941049268));
#2308 = VECTOR('',#2309,1.);
#2309 = DIRECTION('',(0.,0.,1.));
#2310 = PCURVE('',#1350,#2311);
#2311 = DEFINITIONAL_REPRESENTATION('',(#2312),#2316);
#2312 = LINE('',#2313,#2314);
#2313 = CARTESIAN_POINT('',(1.570796326795,1.202941049268));
#2314 = VECTOR('',#2315,1.);
#2315 = DIRECTION('',(0.,1.));
#2316 = ( GEOMETRIC_REPRESENTATION_CONTEXT(2) 
PARAMETRIC_REPRESENTATION_CONTEXT() REPRESENTATION_CONTEXT('2D SPACE',''
  ) );
#2317 = PCURVE('',#1296,#2318);
#2318 = DEFINITIONAL_REPRESENTATION('',(#2319),#2323);
#2319 = LINE('',#2320,#2321);
#2320 = CARTESIAN_POINT('',(1.202941049268,0.8));
#2321 = VECTOR('',#2322,1.);
#2322 = DIRECTION('',(1.,0.));
#2323 = ( GEOMETRIC_REPRESENTATION_CONTEXT(2) 
PARAMETRIC_REPRESENTATION_CONTEXT() REPRESENTATION_CONTEXT('2D SPACE',''
  ) );
#2324 = ORIENTED_EDGE('',*,*,#2325,.F.);
#2325 = EDGE_CURVE('',#1901,#2303,#2326,.T.);
#2326 = SURFACE_CURVE('',#2327,(#2332,#2339),.PCURVE_S1.);
#2327 = CIRCLE('',#2328,0.8);
#2328 = AXIS2_PLACEMENT_3D('',#2329,#2330,#2331);
#2329 = CARTESIAN_POINT('',(-11.2,-7.7,115.8));
#2330 = DIRECTION('',(0.,0.,1.));
#2331 = DIRECTION('',(0.,-1.,0.));
#2332 = PCURVE('',#1350,#2333);
#2333 = DEFINITIONAL_REPRESENTATION('',(#2334),#2338);
#2334 = LINE('',#2335,#2336);
#2335 = CARTESIAN_POINT('',(-4.712388980385,83.));
#2336 = VECTOR('',#2337,1.);
#2337 = DIRECTION('',(1.,0.));
#2338 = ( GEOMETRIC_REPRESENTATION_CONTEXT(2) 
PARAMETRIC_REPRESENTATION_CONTEXT() REPRESENTATION_CONTEXT('2D SPACE',''
  ) );
#2339 = PCURVE('',#1916,#2340);
#2340 = DEFINITIONAL_REPRESENTATION('',(#2341),#2345);
#2341 = CIRCLE('',#2342,0.8);
#2342 = AXIS2_PLACEMENT_2D('',#2343,#2344);
#2343 = CARTESIAN_POINT('',(0.8,0.8));
#2344 = DIRECTION('',(0.,-1.));
#2345 = ( GEOMETRIC_REPRESENTATION_CONTEXT(2) 
PARAMETRIC_REPRESENTATION_CONTEXT() REPRESENTATION_CONTEXT('2D SPACE',''
  ) );
#2346 = ADVANCED_FACE('',(#2347),#1296,.F.);
#2347 = FACE_BOUND('',#2348,.F.);
#2348 = EDGE_LOOP('',(#2349,#2350,#2373,#2394));
#2349 = ORIENTED_EDGE('',*,*,#2302,.T.);
#2350 = ORIENTED_EDGE('',*,*,#2351,.T.);
#2351 = EDGE_CURVE('',#2303,#2352,#2354,.T.);
#2352 = VERTEX_POINT('',#2353);
#2353 = CARTESIAN_POINT('',(11.2,-8.5,115.8));
#2354 = SURFACE_CURVE('',#2355,(#2359,#2366),.PCURVE_S1.);
#2355 = LINE('',#2356,#2357);
#2356 = CARTESIAN_POINT('',(-12.,-8.5,115.8));
#2357 = VECTOR('',#2358,1.);
#2358 = DIRECTION('',(1.,0.,-0.));
#2359 = PCURVE('',#1296,#2360);
#2360 = DEFINITIONAL_REPRESENTATION('',(#2361),#2365);
#2361 = LINE('',#2362,#2363);
#2362 = CARTESIAN_POINT('',(83.,0.));
#2363 = VECTOR('',#2364,1.);
#2364 = DIRECTION('',(0.,1.));
#2365 = ( GEOMETRIC_REPRESENTATION_CONTEXT(2) 
PARAMETRIC_REPRESENTATION_CONTEXT() REPRESENTATION_CONTEXT('2D SPACE',''
  ) );
#2366 = PCURVE('',#1916,#2367);
#2367 = DEFINITIONAL_REPRESENTATION('',(#2368),#2372);
#2368 = LINE('',#2369,#2370);
#2369 = CARTESIAN_POINT('',(0.,0.));
#2370 = VECTOR('',#2371,1.);
#2371 = DIRECTION('',(1.,0.));
#2372 = ( GEOMETRIC_REPRESENTATION_CONTEXT(2) 
PARAMETRIC_REPRESENTATION_CONTEXT() REPRESENTATION_CONTEXT('2D SPACE',''
  ) );
#2373 = ORIENTED_EDGE('',*,*,#2374,.F.);
#2374 = EDGE_CURVE('',#1219,#2352,#2375,.T.);
#2375 = SURFACE_CURVE('',#2376,(#2380,#2387),.PCURVE_S1.);
#2376 = LINE('',#2377,#2378);
#2377 = CARTESIAN_POINT('',(11.2,-8.5,34.002941049268));
#2378 = VECTOR('',#2379,1.);
#2379 = DIRECTION('',(0.,0.,1.));
#2380 = PCURVE('',#1296,#2381);
#2381 = DEFINITIONAL_REPRESENTATION('',(#2382),#2386);
#2382 = LINE('',#2383,#2384);
#2383 = CARTESIAN_POINT('',(1.202941049268,23.2));
#2384 = VECTOR('',#2385,1.);
#2385 = DIRECTION('',(1.,0.));
#2386 = ( GEOMETRIC_REPRESENTATION_CONTEXT(2) 
PARAMETRIC_REPRESENTATION_CONTEXT() REPRESENTATION_CONTEXT('2D SPACE',''
  ) );
#2387 = PCURVE('',#1256,#2388);
#2388 = DEFINITIONAL_REPRESENTATION('',(#2389),#2393);
#2389 = LINE('',#2390,#2391);
#2390 = CARTESIAN_POINT('',(-1.570796326795,1.202941049268));
#2391 = VECTOR('',#2392,1.);
#2392 = DIRECTION('',(-0.,1.));
#2393 = ( GEOMETRIC_REPRESENTATION_CONTEXT(2) 
PARAMETRIC_REPRESENTATION_CONTEXT() REPRESENTATION_CONTEXT('2D SPACE',''
  ) );
#2394 = ORIENTED_EDGE('',*,*,#1279,.T.);
#2395 = ADVANCED_FACE('',(#2396),#1256,.T.);
#2396 = FACE_BOUND('',#2397,.F.);
#2397 = EDGE_LOOP('',(#2398,#2399,#2400,#2426));
#2398 = ORIENTED_EDGE('',*,*,#1218,.T.);
#2399 = ORIENTED_EDGE('',*,*,#2374,.T.);
#2400 = ORIENTED_EDGE('',*,*,#2401,.F.);
#2401 = EDGE_CURVE('',#2184,#2352,#2402,.T.);
#2402 = SURFACE_CURVE('',#2403,(#2408,#2415),.PCURVE_S1.);
#2403 = CIRCLE('',#2404,0.8);
#2404 = AXIS2_PLACEMENT_3D('',#2405,#2406,#2407);
#2405 = CARTESIAN_POINT('',(11.2,-7.7,115.8));
#2406 = DIRECTION('',(-0.,-0.,-1.));
#2407 = DIRECTION('',(0.,-1.,0.));
#2408 = PCURVE('',#1256,#2409);
#2409 = DEFINITIONAL_REPRESENTATION('',(#2410),#2414);
#2410 = LINE('',#2411,#2412);
#2411 = CARTESIAN_POINT('',(4.712388980385,83.));
#2412 = VECTOR('',#2413,1.);
#2413 = DIRECTION('',(-1.,0.));
#2414 = ( GEOMETRIC_REPRESENTATION_CONTEXT(2) 
PARAMETRIC_REPRESENTATION_CONTEXT() REPRESENTATION_CONTEXT('2D SPACE',''
  ) );
#2415 = PCURVE('',#1916,#2416);
#2416 = DEFINITIONAL_REPRESENTATION('',(#2417),#2425);
#2417 = ( BOUNDED_CURVE() B_SPLINE_CURVE(2,(#2418,#2419,#2420,#2421,
#2422,#2423,#2424),.UNSPECIFIED.,.T.,.F.) B_SPLINE_CURVE_WITH_KNOTS((1,2
    ,2,2,2,1),(-2.094395102393,0.,2.094395102393,4.188790204786,
6.28318530718,8.377580409573),.UNSPECIFIED.) CURVE() 
GEOMETRIC_REPRESENTATION_ITEM() RATIONAL_B_SPLINE_CURVE((1.,0.5,1.,0.5,
1.,0.5,1.)) REPRESENTATION_ITEM('') );
#2418 = CARTESIAN_POINT('',(23.2,-2.22044604925E-16));
#2419 = CARTESIAN_POINT('',(21.814359353945,-2.22044604925E-16));
#2420 = CARTESIAN_POINT('',(22.507179676972,1.2));
#2421 = CARTESIAN_POINT('',(23.2,2.4));
#2422 = CARTESIAN_POINT('',(23.892820323028,1.2));
#2423 = CARTESIAN_POINT('',(24.585640646055,9.992007221626E-16));
#2424 = CARTESIAN_POINT('',(23.2,-2.22044604925E-16));
#2425 = ( GEOMETRIC_REPRESENTATION_CONTEXT(2) 
PARAMETRIC_REPRESENTATION_CONTEXT() REPRESENTATION_CONTEXT('2D SPACE',''
  ) );
#2426 = ORIENTED_EDGE('',*,*,#2206,.T.);
#2427 = ADVANCED_FACE('',(#2428),#1521,.F.);
#2428 = FACE_BOUND('',#2429,.F.);
#2429 = EDGE_LOOP('',(#2430,#2431,#2452,#2453));
#2430 = ORIENTED_EDGE('',*,*,#1395,.F.);
#2431 = ORIENTED_EDGE('',*,*,#2432,.F.);
#2432 = EDGE_CURVE('',#2271,#1396,#2433,.T.);
#2433 = SEAM_CURVE('',#2434,(#2438,#2445),.PCURVE_S1.);
#2434 = LINE('',#2435,#2436);
#2435 = CARTESIAN_POINT('',(-14.60192378864,-4.5,31.291273890185));
#2436 = VECTOR('',#2437,1.);
#2437 = DIRECTION('',(-0.5,1.232595164408E-32,0.866025403784));
#2438 = PCURVE('',#1521,#2439);
#2439 = DEFINITIONAL_REPRESENTATION('',(#2440),#2444);
#2440 = LINE('',#2441,#2442);
#2441 = CARTESIAN_POINT('',(6.28318530718,-0.));
#2442 = VECTOR('',#2443,1.);
#2443 = DIRECTION('',(0.,1.));
#2444 = ( GEOMETRIC_REPRESENTATION_CONTEXT(2) 
PARAMETRIC_REPRESENTATION_CONTEXT() REPRESENTATION_CONTEXT('2D SPACE',''
  ) );
#2445 = PCURVE('',#1521,#2446);
#2446 = DEFINITIONAL_REPRESENTATION('',(#2447),#2451);
#2447 = LINE('',#2448,#2449);
#2448 = CARTESIAN_POINT('',(0.,-0.));
#2449 = VECTOR('',#2450,1.);
#2450 = DIRECTION('',(0.,1.));
#2451 = ( GEOMETRIC_REPRESENTATION_CONTEXT(2) 
PARAMETRIC_REPRESENTATION_CONTEXT() REPRESENTATION_CONTEXT('2D SPACE',''
  ) );
#2452 = ORIENTED_EDGE('',*,*,#2270,.T.);
#2453 = ORIENTED_EDGE('',*,*,#2432,.T.);
#2454 = ADVANCED_FACE('',(#2455),#1716,.F.);
#2455 = FACE_BOUND('',#2456,.F.);
#2456 = EDGE_LOOP('',(#2457,#2458,#2479,#2480));
#2457 = ORIENTED_EDGE('',*,*,#1590,.F.);
#2458 = ORIENTED_EDGE('',*,*,#2459,.F.);
#2459 = EDGE_CURVE('',#2241,#1591,#2460,.T.);
#2460 = SEAM_CURVE('',#2461,(#2465,#2472),.PCURVE_S1.);
#2461 = LINE('',#2462,#2463);
#2462 = CARTESIAN_POINT('',(19.798076211353,-4.5,28.291273890185));
#2463 = VECTOR('',#2464,1.);
#2464 = DIRECTION('',(0.5,0.,0.866025403784));
#2465 = PCURVE('',#1716,#2466);
#2466 = DEFINITIONAL_REPRESENTATION('',(#2467),#2471);
#2467 = LINE('',#2468,#2469);
#2468 = CARTESIAN_POINT('',(6.28318530718,-0.));
#2469 = VECTOR('',#2470,1.);
#2470 = DIRECTION('',(0.,1.));
#2471 = ( GEOMETRIC_REPRESENTATION_CONTEXT(2) 
PARAMETRIC_REPRESENTATION_CONTEXT() REPRESENTATION_CONTEXT('2D SPACE',''
  ) );
#2472 = PCURVE('',#1716,#2473);
#2473 = DEFINITIONAL_REPRESENTATION('',(#2474),#2478);
#2474 = LINE('',#2475,#2476);
#2475 = CARTESIAN_POINT('',(0.,-0.));
#2476 = VECTOR('',#2477,1.);
#2477 = DIRECTION('',(0.,1.));
#2478 = ( GEOMETRIC_REPRESENTATION_CONTEXT(2) 
PARAMETRIC_REPRESENTATION_CONTEXT() REPRESENTATION_CONTEXT('2D SPACE',''
  ) );
#2479 = ORIENTED_EDGE('',*,*,#2240,.T.);
#2480 = ORIENTED_EDGE('',*,*,#2459,.T.);
#2481 = ADVANCED_FACE('',(#2482),#1804,.T.);
#2482 = FACE_BOUND('',#2483,.F.);
#2483 = EDGE_LOOP('',(#2484,#2485,#2508,#2543,#2569,#2602,#2627));
#2484 = ORIENTED_EDGE('',*,*,#2057,.T.);
#2485 = ORIENTED_EDGE('',*,*,#2486,.F.);
#2486 = EDGE_CURVE('',#2487,#2030,#2489,.T.);
#2487 = VERTEX_POINT('',#2488);
#2488 = CARTESIAN_POINT('',(-11.2,3.5,102.90425284359));
#2489 = SURFACE_CURVE('',#2490,(#2494,#2501),.PCURVE_S1.);
#2490 = LINE('',#2491,#2492);
#2491 = CARTESIAN_POINT('',(-11.2,3.5,102.90425284359));
#2492 = VECTOR('',#2493,1.);
#2493 = DIRECTION('',(0.,0.,-1.));
#2494 = PCURVE('',#1804,#2495);
#2495 = DEFINITIONAL_REPRESENTATION('',(#2496),#2500);
#2496 = LINE('',#2497,#2498);
#2497 = CARTESIAN_POINT('',(-1.570796326795,70.104252843597));
#2498 = VECTOR('',#2499,1.);
#2499 = DIRECTION('',(-0.,-1.));
#2500 = ( GEOMETRIC_REPRESENTATION_CONTEXT(2) 
PARAMETRIC_REPRESENTATION_CONTEXT() REPRESENTATION_CONTEXT('2D SPACE',''
  ) );
#2501 = PCURVE('',#2045,#2502);
#2502 = DEFINITIONAL_REPRESENTATION('',(#2503),#2507);
#2503 = LINE('',#2504,#2505);
#2504 = CARTESIAN_POINT('',(70.104252843597,0.8));
#2505 = VECTOR('',#2506,1.);
#2506 = DIRECTION('',(-1.,0.));
#2507 = ( GEOMETRIC_REPRESENTATION_CONTEXT(2) 
PARAMETRIC_REPRESENTATION_CONTEXT() REPRESENTATION_CONTEXT('2D SPACE',''
  ) );
#2508 = ORIENTED_EDGE('',*,*,#2509,.T.);
#2509 = EDGE_CURVE('',#2487,#2510,#2512,.T.);
#2510 = VERTEX_POINT('',#2511);
#2511 = CARTESIAN_POINT('',(-11.8,3.229150262213,100.13928175502));
#2512 = SURFACE_CURVE('',#2513,(#2518,#2531),.PCURVE_S1.);
#2513 = ELLIPSE('',#2514,8.20589401308,0.8);
#2514 = AXIS2_PLACEMENT_3D('',#2515,#2516,#2517);
#2515 = CARTESIAN_POINT('',(-11.2,2.7,94.737448293842));
#2516 = DIRECTION('',(0.,-0.995236416256,9.749090089694E-02));
#2517 = DIRECTION('',(0.,9.749090089694E-02,0.995236416256));
#2518 = PCURVE('',#1804,#2519);
#2519 = DEFINITIONAL_REPRESENTATION('',(#2520),#2530);
#2520 = B_SPLINE_CURVE_WITH_KNOTS('',8,(#2521,#2522,#2523,#2524,#2525,
    #2526,#2527,#2528,#2529),.UNSPECIFIED.,.F.,.F.,(9,9),(
    1.387778780781E-17,1.434268246808),.PIECEWISE_BEZIER_KNOTS.);
#2521 = CARTESIAN_POINT('',(-1.570796326795,70.104252843597));
#2522 = CARTESIAN_POINT('',(-1.391512795944,70.104252843597));
#2523 = CARTESIAN_POINT('',(-1.212229265094,69.804250182773));
#2524 = CARTESIAN_POINT('',(-1.032945734238,69.204246115551));
#2525 = CARTESIAN_POINT('',(-0.853662203397,68.324806823977));
#2526 = CARTESIAN_POINT('',(-0.674378672534,67.207089283504));
#2527 = CARTESIAN_POINT('',(-0.49509514169,65.909251673584));
#2528 = CARTESIAN_POINT('',(-0.315811610838,64.499534456027));
#2529 = CARTESIAN_POINT('',(-0.136528079987,63.048985753493));
#2530 = ( GEOMETRIC_REPRESENTATION_CONTEXT(2) 
PARAMETRIC_REPRESENTATION_CONTEXT() REPRESENTATION_CONTEXT('2D SPACE',''
  ) );
#2531 = PCURVE('',#2532,#2537);
#2532 = PLANE('',#2533);
#2533 = AXIS2_PLACEMENT_3D('',#2534,#2535,#2536);
#2534 = CARTESIAN_POINT('',(-11.8,3.,97.8));
#2535 = DIRECTION('',(0.,-0.995236416256,9.749090089694E-02));
#2536 = DIRECTION('',(0.,9.749090089694E-02,0.995236416256));
#2537 = DEFINITIONAL_REPRESENTATION('',(#2538),#2542);
#2538 = ELLIPSE('',#2539,8.20589401308,0.8);
#2539 = AXIS2_PLACEMENT_2D('',#2540,#2541);
#2540 = CARTESIAN_POINT('',(-3.077210254905,-0.6));
#2541 = DIRECTION('',(1.,0.));
#2542 = ( GEOMETRIC_REPRESENTATION_CONTEXT(2) 
PARAMETRIC_REPRESENTATION_CONTEXT() REPRESENTATION_CONTEXT('2D SPACE',''
  ) );
#2543 = ORIENTED_EDGE('',*,*,#2544,.T.);
#2544 = EDGE_CURVE('',#2510,#2545,#2547,.T.);
#2545 = VERTEX_POINT('',#2546);
#2546 = CARTESIAN_POINT('',(-11.8,3.229150262213,115.8));
#2547 = SURFACE_CURVE('',#2548,(#2552,#2558),.PCURVE_S1.);
#2548 = LINE('',#2549,#2550);
#2549 = CARTESIAN_POINT('',(-11.8,3.229150262213,35.8));
#2550 = VECTOR('',#2551,1.);
#2551 = DIRECTION('',(0.,0.,1.));
#2552 = PCURVE('',#1804,#2553);
#2553 = DEFINITIONAL_REPRESENTATION('',(#2554),#2557);
#2554 = B_SPLINE_CURVE_WITH_KNOTS('',1,(#2555,#2556),.UNSPECIFIED.,.F.,
  .F.,(2,2),(60.048985753493,80.0000006),.PIECEWISE_BEZIER_KNOTS.);
#2555 = CARTESIAN_POINT('',(-0.722734247813,63.048985753493));
#2556 = CARTESIAN_POINT('',(-0.722734247813,83.0000006));
#2557 = ( GEOMETRIC_REPRESENTATION_CONTEXT(2) 
PARAMETRIC_REPRESENTATION_CONTEXT() REPRESENTATION_CONTEXT('2D SPACE',''
  ) );
#2558 = PCURVE('',#2559,#2564);
#2559 = PLANE('',#2560);
#2560 = AXIS2_PLACEMENT_3D('',#2561,#2562,#2563);
#2561 = CARTESIAN_POINT('',(-11.8,0.827711720542,108.36344606322));
#2562 = DIRECTION('',(1.,0.,0.));
#2563 = DIRECTION('',(-0.,0.,1.));
#2564 = DEFINITIONAL_REPRESENTATION('',(#2565),#2568);
#2565 = B_SPLINE_CURVE_WITH_KNOTS('',1,(#2566,#2567),.UNSPECIFIED.,.F.,
  .F.,(2,2),(60.048985753493,80.0000006),.PIECEWISE_BEZIER_KNOTS.);
#2566 = CARTESIAN_POINT('',(-12.51446030973,-2.40143854167));
#2567 = CARTESIAN_POINT('',(7.436554536775,-2.40143854167));
#2568 = ( GEOMETRIC_REPRESENTATION_CONTEXT(2) 
PARAMETRIC_REPRESENTATION_CONTEXT() REPRESENTATION_CONTEXT('2D SPACE',''
  ) );
#2569 = ORIENTED_EDGE('',*,*,#2570,.F.);
#2570 = EDGE_CURVE('',#2571,#2545,#2573,.T.);
#2571 = VERTEX_POINT('',#2572);
#2572 = CARTESIAN_POINT('',(-11.88608368895,3.111447653721,115.8));
#2573 = SURFACE_CURVE('',#2574,(#2579,#2586),.PCURVE_S1.);
#2574 = CIRCLE('',#2575,0.8);
#2575 = AXIS2_PLACEMENT_3D('',#2576,#2577,#2578);
#2576 = CARTESIAN_POINT('',(-11.2,2.7,115.8));
#2577 = DIRECTION('',(-0.,-0.,-1.));
#2578 = DIRECTION('',(0.,-1.,0.));
#2579 = PCURVE('',#1804,#2580);
#2580 = DEFINITIONAL_REPRESENTATION('',(#2581),#2585);
#2581 = LINE('',#2582,#2583);
#2582 = CARTESIAN_POINT('',(1.570796326795,83.));
#2583 = VECTOR('',#2584,1.);
#2584 = DIRECTION('',(-1.,0.));
#2585 = ( GEOMETRIC_REPRESENTATION_CONTEXT(2) 
PARAMETRIC_REPRESENTATION_CONTEXT() REPRESENTATION_CONTEXT('2D SPACE',''
  ) );
#2586 = PCURVE('',#2587,#2592);
#2587 = PLANE('',#2588);
#2588 = AXIS2_PLACEMENT_3D('',#2589,#2590,#2591);
#2589 = CARTESIAN_POINT('',(-12.,-8.5,115.8));
#2590 = DIRECTION('',(0.,0.,1.));
#2591 = DIRECTION('',(1.,0.,-0.));
#2592 = DEFINITIONAL_REPRESENTATION('',(#2593),#2601);
#2593 = ( BOUNDED_CURVE() B_SPLINE_CURVE(2,(#2594,#2595,#2596,#2597,
#2598,#2599,#2600),.UNSPECIFIED.,.T.,.F.) B_SPLINE_CURVE_WITH_KNOTS((1,2
    ,2,2,2,1),(-2.094395102393,0.,2.094395102393,4.188790204786,
6.28318530718,8.377580409573),.UNSPECIFIED.) CURVE() 
GEOMETRIC_REPRESENTATION_ITEM() RATIONAL_B_SPLINE_CURVE((1.,0.5,1.,0.5,
1.,0.5,1.)) REPRESENTATION_ITEM('') );
#2594 = CARTESIAN_POINT('',(0.8,10.4));
#2595 = CARTESIAN_POINT('',(-0.585640646055,10.4));
#2596 = CARTESIAN_POINT('',(0.107179676972,11.6));
#2597 = CARTESIAN_POINT('',(0.8,12.8));
#2598 = CARTESIAN_POINT('',(1.492820323028,11.6));
#2599 = CARTESIAN_POINT('',(2.185640646055,10.4));
#2600 = CARTESIAN_POINT('',(0.8,10.4));
#2601 = ( GEOMETRIC_REPRESENTATION_CONTEXT(2) 
PARAMETRIC_REPRESENTATION_CONTEXT() REPRESENTATION_CONTEXT('2D SPACE',''
  ) );
#2602 = ORIENTED_EDGE('',*,*,#2603,.T.);
#2603 = EDGE_CURVE('',#2571,#1787,#2604,.T.);
#2604 = SURFACE_CURVE('',#2605,(#2610,#2620),.PCURVE_S1.);
#2605 = ELLIPSE('',#2606,1.044325831466,0.8);
#2606 = AXIS2_PLACEMENT_3D('',#2607,#2608,#2609);
#2607 = CARTESIAN_POINT('',(-11.2,2.7,115.45475442551));
#2608 = DIRECTION('',(0.,-0.642787609687,0.766044443119));
#2609 = DIRECTION('',(0.,0.766044443119,0.642787609687));
#2610 = PCURVE('',#1804,#2611);
#2611 = DEFINITIONAL_REPRESENTATION('',(#2612),#2619);
#2612 = B_SPLINE_CURVE_WITH_KNOTS('',5,(#2613,#2614,#2615,#2616,#2617,
    #2618),.UNSPECIFIED.,.F.,.F.,(6,6),(1.030592901138,1.570796326795),
  .PIECEWISE_BEZIER_KNOTS.);
#2613 = CARTESIAN_POINT('',(-0.540203425657,83.0000006));
#2614 = CARTESIAN_POINT('',(-0.432162740526,82.937802419149));
#2615 = CARTESIAN_POINT('',(-0.324122055394,82.870566905422));
#2616 = CARTESIAN_POINT('',(-0.216081370263,82.799805583983));
#2617 = CARTESIAN_POINT('',(-0.108040685131,82.727279944751));
#2618 = CARTESIAN_POINT('',(0.,82.654754425514));
#2619 = ( GEOMETRIC_REPRESENTATION_CONTEXT(2) 
PARAMETRIC_REPRESENTATION_CONTEXT() REPRESENTATION_CONTEXT('2D SPACE',''
  ) );
#2620 = PCURVE('',#1832,#2621);
#2621 = DEFINITIONAL_REPRESENTATION('',(#2622),#2626);
#2622 = ELLIPSE('',#2623,1.044325831466,0.8);
#2623 = AXIS2_PLACEMENT_2D('',#2624,#2625);
#2624 = CARTESIAN_POINT('',(8.8,-8.153599581157));
#2625 = DIRECTION('',(0.,1.));
#2626 = ( GEOMETRIC_REPRESENTATION_CONTEXT(2) 
PARAMETRIC_REPRESENTATION_CONTEXT() REPRESENTATION_CONTEXT('2D SPACE',''
  ) );
#2627 = ORIENTED_EDGE('',*,*,#1786,.T.);
#2628 = ADVANCED_FACE('',(#2629),#2045,.T.);
#2629 = FACE_BOUND('',#2630,.T.);
#2630 = EDGE_LOOP('',(#2631,#2632,#2633,#2655,#2682,#2710,#2737,#2764));
#2631 = ORIENTED_EDGE('',*,*,#2029,.F.);
#2632 = ORIENTED_EDGE('',*,*,#2486,.F.);
#2633 = ORIENTED_EDGE('',*,*,#2634,.T.);
#2634 = EDGE_CURVE('',#2487,#2635,#2637,.T.);
#2635 = VERTEX_POINT('',#2636);
#2636 = CARTESIAN_POINT('',(-9.2,3.5,102.90425284359));
#2637 = SURFACE_CURVE('',#2638,(#2642,#2649),.PCURVE_S1.);
#2638 = LINE('',#2639,#2640);
#2639 = CARTESIAN_POINT('',(-11.9,3.5,102.90425284359));
#2640 = VECTOR('',#2641,1.);
#2641 = DIRECTION('',(1.,0.,0.));
#2642 = PCURVE('',#2045,#2643);
#2643 = DEFINITIONAL_REPRESENTATION('',(#2644),#2648);
#2644 = LINE('',#2645,#2646);
#2645 = CARTESIAN_POINT('',(70.104252843598,1.E-01));
#2646 = VECTOR('',#2647,1.);
#2647 = DIRECTION('',(0.,1.));
#2648 = ( GEOMETRIC_REPRESENTATION_CONTEXT(2) 
PARAMETRIC_REPRESENTATION_CONTEXT() REPRESENTATION_CONTEXT('2D SPACE',''
  ) );
#2649 = PCURVE('',#2532,#2650);
#2650 = DEFINITIONAL_REPRESENTATION('',(#2651),#2654);
#2651 = B_SPLINE_CURVE_WITH_KNOTS('',1,(#2652,#2653),.UNSPECIFIED.,.F.,
  .F.,(2,2),(0.7,2.7),.PIECEWISE_BEZIER_KNOTS.);
#2652 = CARTESIAN_POINT('',(5.128683758176,-0.6));
#2653 = CARTESIAN_POINT('',(5.128683758176,-2.6));
#2654 = ( GEOMETRIC_REPRESENTATION_CONTEXT(2) 
PARAMETRIC_REPRESENTATION_CONTEXT() REPRESENTATION_CONTEXT('2D SPACE',''
  ) );
#2655 = ORIENTED_EDGE('',*,*,#2656,.F.);
#2656 = EDGE_CURVE('',#2657,#2635,#2659,.T.);
#2657 = VERTEX_POINT('',#2658);
#2658 = CARTESIAN_POINT('',(-9.2,3.5,115.8));
#2659 = SURFACE_CURVE('',#2660,(#2664,#2671),.PCURVE_S1.);
#2660 = LINE('',#2661,#2662);
#2661 = CARTESIAN_POINT('',(-9.2,3.5,72.081723031613));
#2662 = VECTOR('',#2663,1.);
#2663 = DIRECTION('',(0.,0.,-1.));
#2664 = PCURVE('',#2045,#2665);
#2665 = DEFINITIONAL_REPRESENTATION('',(#2666),#2670);
#2666 = LINE('',#2667,#2668);
#2667 = CARTESIAN_POINT('',(39.281723031613,2.8));
#2668 = VECTOR('',#2669,1.);
#2669 = DIRECTION('',(-1.,0.));
#2670 = ( GEOMETRIC_REPRESENTATION_CONTEXT(2) 
PARAMETRIC_REPRESENTATION_CONTEXT() REPRESENTATION_CONTEXT('2D SPACE',''
  ) );
#2671 = PCURVE('',#2672,#2677);
#2672 = PLANE('',#2673);
#2673 = AXIS2_PLACEMENT_3D('',#2674,#2675,#2676);
#2674 = CARTESIAN_POINT('',(-9.2,0.827711720542,108.36344606322));
#2675 = DIRECTION('',(1.,0.,0.));
#2676 = DIRECTION('',(-0.,0.,1.));
#2677 = DEFINITIONAL_REPRESENTATION('',(#2678),#2681);
#2678 = B_SPLINE_CURVE_WITH_KNOTS('',1,(#2679,#2680),.UNSPECIFIED.,.F.,
  .F.,(2,2),(-43.71827696838,-25.71827696838),.PIECEWISE_BEZIER_KNOTS.);
#2679 = CARTESIAN_POINT('',(7.436553936775,-2.672288279458));
#2680 = CARTESIAN_POINT('',(-10.56344606322,-2.672288279458));
#2681 = ( GEOMETRIC_REPRESENTATION_CONTEXT(2) 
PARAMETRIC_REPRESENTATION_CONTEXT() REPRESENTATION_CONTEXT('2D SPACE',''
  ) );
#2682 = ORIENTED_EDGE('',*,*,#2683,.T.);
#2683 = EDGE_CURVE('',#2657,#2684,#2686,.T.);
#2684 = VERTEX_POINT('',#2685);
#2685 = CARTESIAN_POINT('',(9.2,3.5,115.8));
#2686 = SURFACE_CURVE('',#2687,(#2691,#2698),.PCURVE_S1.);
#2687 = LINE('',#2688,#2689);
#2688 = CARTESIAN_POINT('',(-12.,3.5,115.8));
#2689 = VECTOR('',#2690,1.);
#2690 = DIRECTION('',(1.,0.,-0.));
#2691 = PCURVE('',#2045,#2692);
#2692 = DEFINITIONAL_REPRESENTATION('',(#2693),#2697);
#2693 = LINE('',#2694,#2695);
#2694 = CARTESIAN_POINT('',(83.,0.));
#2695 = VECTOR('',#2696,1.);
#2696 = DIRECTION('',(0.,1.));
#2697 = ( GEOMETRIC_REPRESENTATION_CONTEXT(2) 
PARAMETRIC_REPRESENTATION_CONTEXT() REPRESENTATION_CONTEXT('2D SPACE',''
  ) );
#2698 = PCURVE('',#2699,#2704);
#2699 = PLANE('',#2700);
#2700 = AXIS2_PLACEMENT_3D('',#2701,#2702,#2703);
#2701 = CARTESIAN_POINT('',(-12.,-8.5,115.8));
#2702 = DIRECTION('',(0.,0.,1.));
#2703 = DIRECTION('',(1.,0.,-0.));
#2704 = DEFINITIONAL_REPRESENTATION('',(#2705),#2709);
#2705 = LINE('',#2706,#2707);
#2706 = CARTESIAN_POINT('',(0.,12.));
#2707 = VECTOR('',#2708,1.);
#2708 = DIRECTION('',(1.,0.));
#2709 = ( GEOMETRIC_REPRESENTATION_CONTEXT(2) 
PARAMETRIC_REPRESENTATION_CONTEXT() REPRESENTATION_CONTEXT('2D SPACE',''
  ) );
#2710 = ORIENTED_EDGE('',*,*,#2711,.T.);
#2711 = EDGE_CURVE('',#2684,#2712,#2714,.T.);
#2712 = VERTEX_POINT('',#2713);
#2713 = CARTESIAN_POINT('',(9.2,3.5,102.90425284359));
#2714 = SURFACE_CURVE('',#2715,(#2719,#2726),.PCURVE_S1.);
#2715 = LINE('',#2716,#2717);
#2716 = CARTESIAN_POINT('',(9.2,3.5,72.081723031613));
#2717 = VECTOR('',#2718,1.);
#2718 = DIRECTION('',(0.,0.,-1.));
#2719 = PCURVE('',#2045,#2720);
#2720 = DEFINITIONAL_REPRESENTATION('',(#2721),#2725);
#2721 = LINE('',#2722,#2723);
#2722 = CARTESIAN_POINT('',(39.281723031613,21.2));
#2723 = VECTOR('',#2724,1.);
#2724 = DIRECTION('',(-1.,0.));
#2725 = ( GEOMETRIC_REPRESENTATION_CONTEXT(2) 
PARAMETRIC_REPRESENTATION_CONTEXT() REPRESENTATION_CONTEXT('2D SPACE',''
  ) );
#2726 = PCURVE('',#2727,#2732);
#2727 = PLANE('',#2728);
#2728 = AXIS2_PLACEMENT_3D('',#2729,#2730,#2731);
#2729 = CARTESIAN_POINT('',(9.2,0.827711720542,108.36344606322));
#2730 = DIRECTION('',(1.,0.,0.));
#2731 = DIRECTION('',(-0.,0.,1.));
#2732 = DEFINITIONAL_REPRESENTATION('',(#2733),#2736);
#2733 = B_SPLINE_CURVE_WITH_KNOTS('',1,(#2734,#2735),.UNSPECIFIED.,.F.,
  .F.,(2,2),(-43.71827696838,-25.71827696838),.PIECEWISE_BEZIER_KNOTS.);
#2734 = CARTESIAN_POINT('',(7.436553936775,-2.672288279458));
#2735 = CARTESIAN_POINT('',(-10.56344606322,-2.672288279458));
#2736 = ( GEOMETRIC_REPRESENTATION_CONTEXT(2) 
PARAMETRIC_REPRESENTATION_CONTEXT() REPRESENTATION_CONTEXT('2D SPACE',''
  ) );
#2737 = ORIENTED_EDGE('',*,*,#2738,.T.);
#2738 = EDGE_CURVE('',#2712,#2739,#2741,.T.);
#2739 = VERTEX_POINT('',#2740);
#2740 = CARTESIAN_POINT('',(11.2,3.5,102.90425284359));
#2741 = SURFACE_CURVE('',#2742,(#2746,#2753),.PCURVE_S1.);
#2742 = LINE('',#2743,#2744);
#2743 = CARTESIAN_POINT('',(-1.4,3.5,102.90425284359));
#2744 = VECTOR('',#2745,1.);
#2745 = DIRECTION('',(1.,0.,0.));
#2746 = PCURVE('',#2045,#2747);
#2747 = DEFINITIONAL_REPRESENTATION('',(#2748),#2752);
#2748 = LINE('',#2749,#2750);
#2749 = CARTESIAN_POINT('',(70.104252843598,10.6));
#2750 = VECTOR('',#2751,1.);
#2751 = DIRECTION('',(0.,1.));
#2752 = ( GEOMETRIC_REPRESENTATION_CONTEXT(2) 
PARAMETRIC_REPRESENTATION_CONTEXT() REPRESENTATION_CONTEXT('2D SPACE',''
  ) );
#2753 = PCURVE('',#2754,#2759);
#2754 = PLANE('',#2755);
#2755 = AXIS2_PLACEMENT_3D('',#2756,#2757,#2758);
#2756 = CARTESIAN_POINT('',(9.2,3.,97.8));
#2757 = DIRECTION('',(0.,-0.995236416256,9.749090089694E-02));
#2758 = DIRECTION('',(0.,9.749090089694E-02,0.995236416256));
#2759 = DEFINITIONAL_REPRESENTATION('',(#2760),#2763);
#2760 = B_SPLINE_CURVE_WITH_KNOTS('',1,(#2761,#2762),.UNSPECIFIED.,.F.,
  .F.,(2,2),(10.6,12.6),.PIECEWISE_BEZIER_KNOTS.);
#2761 = CARTESIAN_POINT('',(5.128683758176,0.));
#2762 = CARTESIAN_POINT('',(5.128683758176,-2.));
#2763 = ( GEOMETRIC_REPRESENTATION_CONTEXT(2) 
PARAMETRIC_REPRESENTATION_CONTEXT() REPRESENTATION_CONTEXT('2D SPACE',''
  ) );
#2764 = ORIENTED_EDGE('',*,*,#2765,.T.);
#2765 = EDGE_CURVE('',#2739,#2001,#2766,.T.);
#2766 = SURFACE_CURVE('',#2767,(#2771,#2778),.PCURVE_S1.);
#2767 = LINE('',#2768,#2769);
#2768 = CARTESIAN_POINT('',(11.2,3.5,102.90425284359));
#2769 = VECTOR('',#2770,1.);
#2770 = DIRECTION('',(0.,0.,-1.));
#2771 = PCURVE('',#2045,#2772);
#2772 = DEFINITIONAL_REPRESENTATION('',(#2773),#2777);
#2773 = LINE('',#2774,#2775);
#2774 = CARTESIAN_POINT('',(70.104252843597,23.2));
#2775 = VECTOR('',#2776,1.);
#2776 = DIRECTION('',(-1.,0.));
#2777 = ( GEOMETRIC_REPRESENTATION_CONTEXT(2) 
PARAMETRIC_REPRESENTATION_CONTEXT() REPRESENTATION_CONTEXT('2D SPACE',''
  ) );
#2778 = PCURVE('',#2017,#2779);
#2779 = DEFINITIONAL_REPRESENTATION('',(#2780),#2784);
#2780 = LINE('',#2781,#2782);
#2781 = CARTESIAN_POINT('',(1.570796326795,70.104252843597));
#2782 = VECTOR('',#2783,1.);
#2783 = DIRECTION('',(-0.,-1.));
#2784 = ( GEOMETRIC_REPRESENTATION_CONTEXT(2) 
PARAMETRIC_REPRESENTATION_CONTEXT() REPRESENTATION_CONTEXT('2D SPACE',''
  ) );
#2785 = ADVANCED_FACE('',(#2786),#2017,.T.);
#2786 = FACE_BOUND('',#2787,.T.);
#2787 = EDGE_LOOP('',(#2788,#2789,#2790,#2820,#2846,#2875,#2900));
#2788 = ORIENTED_EDGE('',*,*,#2000,.T.);
#2789 = ORIENTED_EDGE('',*,*,#2765,.F.);
#2790 = ORIENTED_EDGE('',*,*,#2791,.F.);
#2791 = EDGE_CURVE('',#2792,#2739,#2794,.T.);
#2792 = VERTEX_POINT('',#2793);
#2793 = CARTESIAN_POINT('',(11.8,3.229150262213,100.13928175502));
#2794 = SURFACE_CURVE('',#2795,(#2800,#2813),.PCURVE_S1.);
#2795 = ELLIPSE('',#2796,8.20589401308,0.8);
#2796 = AXIS2_PLACEMENT_3D('',#2797,#2798,#2799);
#2797 = CARTESIAN_POINT('',(11.2,2.7,94.737448293842));
#2798 = DIRECTION('',(0.,-0.995236416256,9.749090089694E-02));
#2799 = DIRECTION('',(0.,9.749090089694E-02,0.995236416256));
#2800 = PCURVE('',#2017,#2801);
#2801 = DEFINITIONAL_REPRESENTATION('',(#2802),#2812);
#2802 = B_SPLINE_CURVE_WITH_KNOTS('',8,(#2803,#2804,#2805,#2806,#2807,
    #2808,#2809,#2810,#2811),.UNSPECIFIED.,.F.,.F.,(9,9),(4.848917060372
    ,6.28318530718),.PIECEWISE_BEZIER_KNOTS.);
#2803 = CARTESIAN_POINT('',(0.136528079987,63.048985753493));
#2804 = CARTESIAN_POINT('',(0.315811610838,64.499534456027));
#2805 = CARTESIAN_POINT('',(0.495095141688,65.909251673605));
#2806 = CARTESIAN_POINT('',(0.674378672542,67.207089283213));
#2807 = CARTESIAN_POINT('',(0.853662203383,68.32480682421));
#2808 = CARTESIAN_POINT('',(1.032945734243,69.204246115318));
#2809 = CARTESIAN_POINT('',(1.212229265092,69.804250182795));
#2810 = CARTESIAN_POINT('',(1.391512795944,70.104252843597));
#2811 = CARTESIAN_POINT('',(1.570796326795,70.104252843597));
#2812 = ( GEOMETRIC_REPRESENTATION_CONTEXT(2) 
PARAMETRIC_REPRESENTATION_CONTEXT() REPRESENTATION_CONTEXT('2D SPACE',''
  ) );
#2813 = PCURVE('',#2754,#2814);
#2814 = DEFINITIONAL_REPRESENTATION('',(#2815),#2819);
#2815 = ELLIPSE('',#2816,8.20589401308,0.8);
#2816 = AXIS2_PLACEMENT_2D('',#2817,#2818);
#2817 = CARTESIAN_POINT('',(-3.077210254905,-2.));
#2818 = DIRECTION('',(1.,0.));
#2819 = ( GEOMETRIC_REPRESENTATION_CONTEXT(2) 
PARAMETRIC_REPRESENTATION_CONTEXT() REPRESENTATION_CONTEXT('2D SPACE',''
  ) );
#2820 = ORIENTED_EDGE('',*,*,#2821,.T.);
#2821 = EDGE_CURVE('',#2792,#2822,#2824,.T.);
#2822 = VERTEX_POINT('',#2823);
#2823 = CARTESIAN_POINT('',(11.8,3.229150262213,115.8));
#2824 = SURFACE_CURVE('',#2825,(#2829,#2835),.PCURVE_S1.);
#2825 = LINE('',#2826,#2827);
#2826 = CARTESIAN_POINT('',(11.8,3.229150262213,35.8));
#2827 = VECTOR('',#2828,1.);
#2828 = DIRECTION('',(0.,0.,1.));
#2829 = PCURVE('',#2017,#2830);
#2830 = DEFINITIONAL_REPRESENTATION('',(#2831),#2834);
#2831 = B_SPLINE_CURVE_WITH_KNOTS('',1,(#2832,#2833),.UNSPECIFIED.,.F.,
  .F.,(2,2),(60.048985753493,80.0000006),.PIECEWISE_BEZIER_KNOTS.);
#2832 = CARTESIAN_POINT('',(0.722734247813,63.048985753493));
#2833 = CARTESIAN_POINT('',(0.722734247813,83.0000006));
#2834 = ( GEOMETRIC_REPRESENTATION_CONTEXT(2) 
PARAMETRIC_REPRESENTATION_CONTEXT() REPRESENTATION_CONTEXT('2D SPACE',''
  ) );
#2835 = PCURVE('',#2836,#2841);
#2836 = PLANE('',#2837);
#2837 = AXIS2_PLACEMENT_3D('',#2838,#2839,#2840);
#2838 = CARTESIAN_POINT('',(11.8,0.827711720542,108.36344606322));
#2839 = DIRECTION('',(1.,0.,0.));
#2840 = DIRECTION('',(-0.,0.,1.));
#2841 = DEFINITIONAL_REPRESENTATION('',(#2842),#2845);
#2842 = B_SPLINE_CURVE_WITH_KNOTS('',1,(#2843,#2844),.UNSPECIFIED.,.F.,
  .F.,(2,2),(60.048985753493,80.0000006),.PIECEWISE_BEZIER_KNOTS.);
#2843 = CARTESIAN_POINT('',(-12.51446030973,-2.40143854167));
#2844 = CARTESIAN_POINT('',(7.436554536775,-2.40143854167));
#2845 = ( GEOMETRIC_REPRESENTATION_CONTEXT(2) 
PARAMETRIC_REPRESENTATION_CONTEXT() REPRESENTATION_CONTEXT('2D SPACE',''
  ) );
#2846 = ORIENTED_EDGE('',*,*,#2847,.F.);
#2847 = EDGE_CURVE('',#2848,#2822,#2850,.T.);
#2848 = VERTEX_POINT('',#2849);
#2849 = CARTESIAN_POINT('',(11.886083688953,3.111447653721,115.8));
#2850 = SURFACE_CURVE('',#2851,(#2856,#2863),.PCURVE_S1.);
#2851 = CIRCLE('',#2852,0.8);
#2852 = AXIS2_PLACEMENT_3D('',#2853,#2854,#2855);
#2853 = CARTESIAN_POINT('',(11.2,2.7,115.8));
#2854 = DIRECTION('',(0.,0.,1.));
#2855 = DIRECTION('',(0.,-1.,0.));
#2856 = PCURVE('',#2017,#2857);
#2857 = DEFINITIONAL_REPRESENTATION('',(#2858),#2862);
#2858 = LINE('',#2859,#2860);
#2859 = CARTESIAN_POINT('',(-1.570796326795,83.));
#2860 = VECTOR('',#2861,1.);
#2861 = DIRECTION('',(1.,0.));
#2862 = ( GEOMETRIC_REPRESENTATION_CONTEXT(2) 
PARAMETRIC_REPRESENTATION_CONTEXT() REPRESENTATION_CONTEXT('2D SPACE',''
  ) );
#2863 = PCURVE('',#2864,#2869);
#2864 = PLANE('',#2865);
#2865 = AXIS2_PLACEMENT_3D('',#2866,#2867,#2868);
#2866 = CARTESIAN_POINT('',(-12.,-8.5,115.8));
#2867 = DIRECTION('',(0.,0.,1.));
#2868 = DIRECTION('',(1.,0.,-0.));
#2869 = DEFINITIONAL_REPRESENTATION('',(#2870),#2874);
#2870 = CIRCLE('',#2871,0.8);
#2871 = AXIS2_PLACEMENT_2D('',#2872,#2873);
#2872 = CARTESIAN_POINT('',(23.2,11.2));
#2873 = DIRECTION('',(0.,-1.));
#2874 = ( GEOMETRIC_REPRESENTATION_CONTEXT(2) 
PARAMETRIC_REPRESENTATION_CONTEXT() REPRESENTATION_CONTEXT('2D SPACE',''
  ) );
#2875 = ORIENTED_EDGE('',*,*,#2876,.F.);
#2876 = EDGE_CURVE('',#2087,#2848,#2877,.T.);
#2877 = SURFACE_CURVE('',#2878,(#2883,#2893),.PCURVE_S1.);
#2878 = ELLIPSE('',#2879,1.044325831466,0.8);
#2879 = AXIS2_PLACEMENT_3D('',#2880,#2881,#2882);
#2880 = CARTESIAN_POINT('',(11.2,2.7,115.45475442551));
#2881 = DIRECTION('',(0.,-0.642787609687,0.766044443119));
#2882 = DIRECTION('',(0.,0.766044443119,0.642787609687));
#2883 = PCURVE('',#2017,#2884);
#2884 = DEFINITIONAL_REPRESENTATION('',(#2885),#2892);
#2885 = B_SPLINE_CURVE_WITH_KNOTS('',5,(#2886,#2887,#2888,#2889,#2890,
    #2891),.UNSPECIFIED.,.F.,.F.,(6,6),(4.712388980385,5.252592406042),
  .PIECEWISE_BEZIER_KNOTS.);
#2886 = CARTESIAN_POINT('',(0.,82.654754425514));
#2887 = CARTESIAN_POINT('',(0.108040685131,82.727279944751));
#2888 = CARTESIAN_POINT('',(0.216081370263,82.799805583983));
#2889 = CARTESIAN_POINT('',(0.324122055394,82.870566905422));
#2890 = CARTESIAN_POINT('',(0.432162740526,82.937802419149));
#2891 = CARTESIAN_POINT('',(0.540203425657,83.0000006));
#2892 = ( GEOMETRIC_REPRESENTATION_CONTEXT(2) 
PARAMETRIC_REPRESENTATION_CONTEXT() REPRESENTATION_CONTEXT('2D SPACE',''
  ) );
#2893 = PCURVE('',#1832,#2894);
#2894 = DEFINITIONAL_REPRESENTATION('',(#2895),#2899);
#2895 = ELLIPSE('',#2896,1.044325831466,0.8);
#2896 = AXIS2_PLACEMENT_2D('',#2897,#2898);
#2897 = CARTESIAN_POINT('',(31.2,-8.153599581157));
#2898 = DIRECTION('',(0.,1.));
#2899 = ( GEOMETRIC_REPRESENTATION_CONTEXT(2) 
PARAMETRIC_REPRESENTATION_CONTEXT() REPRESENTATION_CONTEXT('2D SPACE',''
  ) );
#2900 = ORIENTED_EDGE('',*,*,#2086,.F.);
#2901 = ADVANCED_FACE('',(#2902),#1916,.T.);
#2902 = FACE_BOUND('',#2903,.T.);
#2903 = EDGE_LOOP('',(#2904,#2905,#2906,#2907,#2908,#2909));
#2904 = ORIENTED_EDGE('',*,*,#1900,.F.);
#2905 = ORIENTED_EDGE('',*,*,#2325,.T.);
#2906 = ORIENTED_EDGE('',*,*,#2351,.T.);
#2907 = ORIENTED_EDGE('',*,*,#2401,.F.);
#2908 = ORIENTED_EDGE('',*,*,#2183,.T.);
#2909 = ORIENTED_EDGE('',*,*,#2910,.F.);
#2910 = EDGE_CURVE('',#1873,#2161,#2911,.T.);
#2911 = SURFACE_CURVE('',#2912,(#2916,#2922),.PCURVE_S1.);
#2912 = LINE('',#2913,#2914);
#2913 = CARTESIAN_POINT('',(-16.,-3.111447653721,115.8));
#2914 = VECTOR('',#2915,1.);
#2915 = DIRECTION('',(1.,0.,-0.));
#2916 = PCURVE('',#1916,#2917);
#2917 = DEFINITIONAL_REPRESENTATION('',(#2918),#2921);
#2918 = B_SPLINE_CURVE_WITH_KNOTS('',1,(#2919,#2920),.UNSPECIFIED.,.F.,
  .F.,(2,2),(4.,28.),.PIECEWISE_BEZIER_KNOTS.);
#2919 = CARTESIAN_POINT('',(0.,5.388552346279));
#2920 = CARTESIAN_POINT('',(24.,5.388552346279));
#2921 = ( GEOMETRIC_REPRESENTATION_CONTEXT(2) 
PARAMETRIC_REPRESENTATION_CONTEXT() REPRESENTATION_CONTEXT('2D SPACE',''
  ) );
#2922 = PCURVE('',#1888,#2923);
#2923 = DEFINITIONAL_REPRESENTATION('',(#2924),#2927);
#2924 = B_SPLINE_CURVE_WITH_KNOTS('',1,(#2925,#2926),.UNSPECIFIED.,.F.,
  .F.,(2,2),(4.,28.),.PIECEWISE_BEZIER_KNOTS.);
#2925 = CARTESIAN_POINT('',(8.,-12.38350718518));
#2926 = CARTESIAN_POINT('',(32.,-12.38350718518));
#2927 = ( GEOMETRIC_REPRESENTATION_CONTEXT(2) 
PARAMETRIC_REPRESENTATION_CONTEXT() REPRESENTATION_CONTEXT('2D SPACE',''
  ) );
#2928 = ADVANCED_FACE('',(#2929,#3062,#3093),#1888,.T.);
#2929 = FACE_BOUND('',#2930,.T.);
#2930 = EDGE_LOOP('',(#2931,#2961,#2989,#3017,#3038,#3039,#3040,#3041));
#2931 = ORIENTED_EDGE('',*,*,#2932,.T.);
#2932 = EDGE_CURVE('',#2933,#2935,#2937,.T.);
#2933 = VERTEX_POINT('',#2934);
#2934 = CARTESIAN_POINT('',(20.,6.374869211817,123.7599649831));
#2935 = VERTEX_POINT('',#2936);
#2936 = CARTESIAN_POINT('',(20.,38.548735822814,150.75704458993));
#2937 = SURFACE_CURVE('',#2938,(#2942,#2949),.PCURVE_S1.);
#2938 = LINE('',#2939,#2940);
#2939 = CARTESIAN_POINT('',(20.,6.374869211817,123.7599649831));
#2940 = VECTOR('',#2941,1.);
#2941 = DIRECTION('',(0.,0.766044443119,0.642787609687));
#2942 = PCURVE('',#1888,#2943);
#2943 = DEFINITIONAL_REPRESENTATION('',(#2944),#2948);
#2944 = LINE('',#2945,#2946);
#2945 = CARTESIAN_POINT('',(40.,0.));
#2946 = VECTOR('',#2947,1.);
#2947 = DIRECTION('',(0.,1.));
#2948 = ( GEOMETRIC_REPRESENTATION_CONTEXT(2) 
PARAMETRIC_REPRESENTATION_CONTEXT() REPRESENTATION_CONTEXT('2D SPACE',''
  ) );
#2949 = PCURVE('',#2950,#2955);
#2950 = PLANE('',#2951);
#2951 = AXIS2_PLACEMENT_3D('',#2952,#2953,#2954);
#2952 = CARTESIAN_POINT('',(20.,8.946019650563,120.69578721062));
#2953 = DIRECTION('',(1.,0.,0.));
#2954 = DIRECTION('',(0.,-0.642787609687,0.766044443119));
#2955 = DEFINITIONAL_REPRESENTATION('',(#2956),#2960);
#2956 = LINE('',#2957,#2958);
#2957 = CARTESIAN_POINT('',(4.,-2.22044604925E-15));
#2958 = VECTOR('',#2959,1.);
#2959 = DIRECTION('',(0.,-1.));
#2960 = ( GEOMETRIC_REPRESENTATION_CONTEXT(2) 
PARAMETRIC_REPRESENTATION_CONTEXT() REPRESENTATION_CONTEXT('2D SPACE',''
  ) );
#2961 = ORIENTED_EDGE('',*,*,#2962,.F.);
#2962 = EDGE_CURVE('',#2963,#2935,#2965,.T.);
#2963 = VERTEX_POINT('',#2964);
#2964 = CARTESIAN_POINT('',(-20.,38.548735822814,150.75704458993));
#2965 = SURFACE_CURVE('',#2966,(#2970,#2977),.PCURVE_S1.);
#2966 = LINE('',#2967,#2968);
#2967 = CARTESIAN_POINT('',(-20.,38.548735822814,150.75704458993));
#2968 = VECTOR('',#2969,1.);
#2969 = DIRECTION('',(1.,0.,0.));
#2970 = PCURVE('',#1888,#2971);
#2971 = DEFINITIONAL_REPRESENTATION('',(#2972),#2976);
#2972 = LINE('',#2973,#2974);
#2973 = CARTESIAN_POINT('',(0.,42.));
#2974 = VECTOR('',#2975,1.);
#2975 = DIRECTION('',(1.,0.));
#2976 = ( GEOMETRIC_REPRESENTATION_CONTEXT(2) 
PARAMETRIC_REPRESENTATION_CONTEXT() REPRESENTATION_CONTEXT('2D SPACE',''
  ) );
#2977 = PCURVE('',#2978,#2983);
#2978 = PLANE('',#2979);
#2979 = AXIS2_PLACEMENT_3D('',#2980,#2981,#2982);
#2980 = CARTESIAN_POINT('',(-20.,41.11988626156,147.69286681746));
#2981 = DIRECTION('',(0.,0.766044443119,0.642787609687));
#2982 = DIRECTION('',(0.,-0.642787609687,0.766044443119));
#2983 = DEFINITIONAL_REPRESENTATION('',(#2984),#2988);
#2984 = LINE('',#2985,#2986);
#2985 = CARTESIAN_POINT('',(4.,0.));
#2986 = VECTOR('',#2987,1.);
#2987 = DIRECTION('',(0.,1.));
#2988 = ( GEOMETRIC_REPRESENTATION_CONTEXT(2) 
PARAMETRIC_REPRESENTATION_CONTEXT() REPRESENTATION_CONTEXT('2D SPACE',''
  ) );
#2989 = ORIENTED_EDGE('',*,*,#2990,.F.);
#2990 = EDGE_CURVE('',#2991,#2963,#2993,.T.);
#2991 = VERTEX_POINT('',#2992);
#2992 = CARTESIAN_POINT('',(-20.,6.374869211817,123.7599649831));
#2993 = SURFACE_CURVE('',#2994,(#2998,#3005),.PCURVE_S1.);
#2994 = LINE('',#2995,#2996);
#2995 = CARTESIAN_POINT('',(-20.,6.374869211817,123.7599649831));
#2996 = VECTOR('',#2997,1.);
#2997 = DIRECTION('',(0.,0.766044443119,0.642787609687));
#2998 = PCURVE('',#1888,#2999);
#2999 = DEFINITIONAL_REPRESENTATION('',(#3000),#3004);
#3000 = LINE('',#3001,#3002);
#3001 = CARTESIAN_POINT('',(0.,0.));
#3002 = VECTOR('',#3003,1.);
#3003 = DIRECTION('',(0.,1.));
#3004 = ( GEOMETRIC_REPRESENTATION_CONTEXT(2) 
PARAMETRIC_REPRESENTATION_CONTEXT() REPRESENTATION_CONTEXT('2D SPACE',''
  ) );
#3005 = PCURVE('',#3006,#3011);
#3006 = PLANE('',#3007);
#3007 = AXIS2_PLACEMENT_3D('',#3008,#3009,#3010);
#3008 = CARTESIAN_POINT('',(-20.,8.946019650563,120.69578721062));
#3009 = DIRECTION('',(1.,0.,0.));
#3010 = DIRECTION('',(0.,-0.642787609687,0.766044443119));
#3011 = DEFINITIONAL_REPRESENTATION('',(#3012),#3016);
#3012 = LINE('',#3013,#3014);
#3013 = CARTESIAN_POINT('',(4.,-2.22044604925E-15));
#3014 = VECTOR('',#3015,1.);
#3015 = DIRECTION('',(0.,-1.));
#3016 = ( GEOMETRIC_REPRESENTATION_CONTEXT(2) 
PARAMETRIC_REPRESENTATION_CONTEXT() REPRESENTATION_CONTEXT('2D SPACE',''
  ) );
#3017 = ORIENTED_EDGE('',*,*,#3018,.T.);
#3018 = EDGE_CURVE('',#2991,#1845,#3019,.T.);
#3019 = SURFACE_CURVE('',#3020,(#3024,#3031),.PCURVE_S1.);
#3020 = LINE('',#3021,#3022);
#3021 = CARTESIAN_POINT('',(-20.,6.374869211817,123.7599649831));
#3022 = VECTOR('',#3023,1.);
#3023 = DIRECTION('',(1.,0.,0.));
#3024 = PCURVE('',#1888,#3025);
#3025 = DEFINITIONAL_REPRESENTATION('',(#3026),#3030);
#3026 = LINE('',#3027,#3028);
#3027 = CARTESIAN_POINT('',(0.,0.));
#3028 = VECTOR('',#3029,1.);
#3029 = DIRECTION('',(1.,0.));
#3030 = ( GEOMETRIC_REPRESENTATION_CONTEXT(2) 
PARAMETRIC_REPRESENTATION_CONTEXT() REPRESENTATION_CONTEXT('2D SPACE',''
  ) );
#3031 = PCURVE('',#1860,#3032);
#3032 = DEFINITIONAL_REPRESENTATION('',(#3033),#3037);
#3033 = LINE('',#3034,#3035);
#3034 = CARTESIAN_POINT('',(4.,0.));
#3035 = VECTOR('',#3036,1.);
#3036 = DIRECTION('',(0.,1.));
#3037 = ( GEOMETRIC_REPRESENTATION_CONTEXT(2) 
PARAMETRIC_REPRESENTATION_CONTEXT() REPRESENTATION_CONTEXT('2D SPACE',''
  ) );
#3038 = ORIENTED_EDGE('',*,*,#1872,.F.);
#3039 = ORIENTED_EDGE('',*,*,#2910,.T.);
#3040 = ORIENTED_EDGE('',*,*,#2160,.T.);
#3041 = ORIENTED_EDGE('',*,*,#3042,.T.);
#3042 = EDGE_CURVE('',#2133,#2933,#3043,.T.);
#3043 = SURFACE_CURVE('',#3044,(#3048,#3055),.PCURVE_S1.);
#3044 = LINE('',#3045,#3046);
#3045 = CARTESIAN_POINT('',(-20.,6.374869211817,123.7599649831));
#3046 = VECTOR('',#3047,1.);
#3047 = DIRECTION('',(1.,0.,0.));
#3048 = PCURVE('',#1888,#3049);
#3049 = DEFINITIONAL_REPRESENTATION('',(#3050),#3054);
#3050 = LINE('',#3051,#3052);
#3051 = CARTESIAN_POINT('',(0.,0.));
#3052 = VECTOR('',#3053,1.);
#3053 = DIRECTION('',(1.,0.));
#3054 = ( GEOMETRIC_REPRESENTATION_CONTEXT(2) 
PARAMETRIC_REPRESENTATION_CONTEXT() REPRESENTATION_CONTEXT('2D SPACE',''
  ) );
#3055 = PCURVE('',#2148,#3056);
#3056 = DEFINITIONAL_REPRESENTATION('',(#3057),#3061);
#3057 = LINE('',#3058,#3059);
#3058 = CARTESIAN_POINT('',(4.,0.));
#3059 = VECTOR('',#3060,1.);
#3060 = DIRECTION('',(0.,1.));
#3061 = ( GEOMETRIC_REPRESENTATION_CONTEXT(2) 
PARAMETRIC_REPRESENTATION_CONTEXT() REPRESENTATION_CONTEXT('2D SPACE',''
  ) );
#3062 = FACE_BOUND('',#3063,.T.);
#3063 = EDGE_LOOP('',(#3064));
#3064 = ORIENTED_EDGE('',*,*,#3065,.F.);
#3065 = EDGE_CURVE('',#3066,#3066,#3068,.T.);
#3066 = VERTEX_POINT('',#3067);
#3067 = CARTESIAN_POINT('',(-8.3,23.227846960434,137.9012923962));
#3068 = SURFACE_CURVE('',#3069,(#3074,#3081),.PCURVE_S1.);
#3069 = CIRCLE('',#3070,1.7);
#3070 = AXIS2_PLACEMENT_3D('',#3071,#3072,#3073);
#3071 = CARTESIAN_POINT('',(-10.,23.227846960434,137.9012923962));
#3072 = DIRECTION('',(0.,-0.642787609687,0.766044443119));
#3073 = DIRECTION('',(1.,0.,0.));
#3074 = PCURVE('',#1888,#3075);
#3075 = DEFINITIONAL_REPRESENTATION('',(#3076),#3080);
#3076 = CIRCLE('',#3077,1.7);
#3077 = AXIS2_PLACEMENT_2D('',#3078,#3079);
#3078 = CARTESIAN_POINT('',(10.,22.));
#3079 = DIRECTION('',(1.,0.));
#3080 = ( GEOMETRIC_REPRESENTATION_CONTEXT(2) 
PARAMETRIC_REPRESENTATION_CONTEXT() REPRESENTATION_CONTEXT('2D SPACE',''
  ) );
#3081 = PCURVE('',#3082,#3087);
#3082 = CYLINDRICAL_SURFACE('',#3083,1.7);
#3083 = AXIS2_PLACEMENT_3D('',#3084,#3085,#3086);
#3084 = CARTESIAN_POINT('',(-10.,28.370147837927,131.77293685125));
#3085 = DIRECTION('',(0.,-0.642787609687,0.766044443119));
#3086 = DIRECTION('',(1.,0.,0.));
#3087 = DEFINITIONAL_REPRESENTATION('',(#3088),#3092);
#3088 = LINE('',#3089,#3090);
#3089 = CARTESIAN_POINT('',(0.,8.));
#3090 = VECTOR('',#3091,1.);
#3091 = DIRECTION('',(1.,0.));
#3092 = ( GEOMETRIC_REPRESENTATION_CONTEXT(2) 
PARAMETRIC_REPRESENTATION_CONTEXT() REPRESENTATION_CONTEXT('2D SPACE',''
  ) );
#3093 = FACE_BOUND('',#3094,.T.);
#3094 = EDGE_LOOP('',(#3095));
#3095 = ORIENTED_EDGE('',*,*,#3096,.F.);
#3096 = EDGE_CURVE('',#3097,#3097,#3099,.T.);
#3097 = VERTEX_POINT('',#3098);
#3098 = CARTESIAN_POINT('',(11.7,23.227846960434,137.9012923962));
#3099 = SURFACE_CURVE('',#3100,(#3105,#3112),.PCURVE_S1.);
#3100 = CIRCLE('',#3101,1.7);
#3101 = AXIS2_PLACEMENT_3D('',#3102,#3103,#3104);
#3102 = CARTESIAN_POINT('',(10.,23.227846960434,137.9012923962));
#3103 = DIRECTION('',(0.,-0.642787609687,0.766044443119));
#3104 = DIRECTION('',(1.,0.,0.));
#3105 = PCURVE('',#1888,#3106);
#3106 = DEFINITIONAL_REPRESENTATION('',(#3107),#3111);
#3107 = CIRCLE('',#3108,1.7);
#3108 = AXIS2_PLACEMENT_2D('',#3109,#3110);
#3109 = CARTESIAN_POINT('',(30.,22.));
#3110 = DIRECTION('',(1.,0.));
#3111 = ( GEOMETRIC_REPRESENTATION_CONTEXT(2) 
PARAMETRIC_REPRESENTATION_CONTEXT() REPRESENTATION_CONTEXT('2D SPACE',''
  ) );
#3112 = PCURVE('',#3113,#3118);
#3113 = CYLINDRICAL_SURFACE('',#3114,1.7);
#3114 = AXIS2_PLACEMENT_3D('',#3115,#3116,#3117);
#3115 = CARTESIAN_POINT('',(10.,28.370147837927,131.77293685125));
#3116 = DIRECTION('',(0.,-0.642787609687,0.766044443119));
#3117 = DIRECTION('',(1.,0.,0.));
#3118 = DEFINITIONAL_REPRESENTATION('',(#3119),#3123);
#3119 = LINE('',#3120,#3121);
#3120 = CARTESIAN_POINT('',(0.,8.));
#3121 = VECTOR('',#3122,1.);
#3122 = DIRECTION('',(1.,0.));
#3123 = ( GEOMETRIC_REPRESENTATION_CONTEXT(2) 
PARAMETRIC_REPRESENTATION_CONTEXT() REPRESENTATION_CONTEXT('2D SPACE',''
  ) );
#3124 = ADVANCED_FACE('',(#3125,#3431,#3457),#1832,.F.);
#3125 = FACE_BOUND('',#3126,.F.);
#3126 = EDGE_LOOP('',(#3127,#3152,#3175,#3198,#3219,#3220,#3221,#3242,
    #3263,#3284,#3305,#3326,#3347,#3368,#3389,#3408,#3409,#3410));
#3127 = ORIENTED_EDGE('',*,*,#3128,.T.);
#3128 = EDGE_CURVE('',#3129,#3131,#3133,.T.);
#3129 = VERTEX_POINT('',#3130);
#3130 = CARTESIAN_POINT('',(20.,8.946019650563,120.69578721062));
#3131 = VERTEX_POINT('',#3132);
#3132 = CARTESIAN_POINT('',(20.,41.11988626156,147.69286681746));
#3133 = SURFACE_CURVE('',#3134,(#3138,#3145),.PCURVE_S1.);
#3134 = LINE('',#3135,#3136);
#3135 = CARTESIAN_POINT('',(20.,8.946019650563,120.69578721062));
#3136 = VECTOR('',#3137,1.);
#3137 = DIRECTION('',(0.,0.766044443119,0.642787609687));
#3138 = PCURVE('',#1832,#3139);
#3139 = DEFINITIONAL_REPRESENTATION('',(#3140),#3144);
#3140 = LINE('',#3141,#3142);
#3141 = CARTESIAN_POINT('',(40.,0.));
#3142 = VECTOR('',#3143,1.);
#3143 = DIRECTION('',(0.,1.));
#3144 = ( GEOMETRIC_REPRESENTATION_CONTEXT(2) 
PARAMETRIC_REPRESENTATION_CONTEXT() REPRESENTATION_CONTEXT('2D SPACE',''
  ) );
#3145 = PCURVE('',#2950,#3146);
#3146 = DEFINITIONAL_REPRESENTATION('',(#3147),#3151);
#3147 = LINE('',#3148,#3149);
#3148 = CARTESIAN_POINT('',(0.,0.));
#3149 = VECTOR('',#3150,1.);
#3150 = DIRECTION('',(0.,-1.));
#3151 = ( GEOMETRIC_REPRESENTATION_CONTEXT(2) 
PARAMETRIC_REPRESENTATION_CONTEXT() REPRESENTATION_CONTEXT('2D SPACE',''
  ) );
#3152 = ORIENTED_EDGE('',*,*,#3153,.F.);
#3153 = EDGE_CURVE('',#3154,#3131,#3156,.T.);
#3154 = VERTEX_POINT('',#3155);
#3155 = CARTESIAN_POINT('',(-20.,41.11988626156,147.69286681746));
#3156 = SURFACE_CURVE('',#3157,(#3161,#3168),.PCURVE_S1.);
#3157 = LINE('',#3158,#3159);
#3158 = CARTESIAN_POINT('',(-20.,41.11988626156,147.69286681746));
#3159 = VECTOR('',#3160,1.);
#3160 = DIRECTION('',(1.,0.,0.));
#3161 = PCURVE('',#1832,#3162);
#3162 = DEFINITIONAL_REPRESENTATION('',(#3163),#3167);
#3163 = LINE('',#3164,#3165);
#3164 = CARTESIAN_POINT('',(0.,42.));
#3165 = VECTOR('',#3166,1.);
#3166 = DIRECTION('',(1.,0.));
#3167 = ( GEOMETRIC_REPRESENTATION_CONTEXT(2) 
PARAMETRIC_REPRESENTATION_CONTEXT() REPRESENTATION_CONTEXT('2D SPACE',''
  ) );
#3168 = PCURVE('',#2978,#3169);
#3169 = DEFINITIONAL_REPRESENTATION('',(#3170),#3174);
#3170 = LINE('',#3171,#3172);
#3171 = CARTESIAN_POINT('',(0.,0.));
#3172 = VECTOR('',#3173,1.);
#3173 = DIRECTION('',(0.,1.));
#3174 = ( GEOMETRIC_REPRESENTATION_CONTEXT(2) 
PARAMETRIC_REPRESENTATION_CONTEXT() REPRESENTATION_CONTEXT('2D SPACE',''
  ) );
#3175 = ORIENTED_EDGE('',*,*,#3176,.F.);
#3176 = EDGE_CURVE('',#3177,#3154,#3179,.T.);
#3177 = VERTEX_POINT('',#3178);
#3178 = CARTESIAN_POINT('',(-20.,8.946019650563,120.69578721062));
#3179 = SURFACE_CURVE('',#3180,(#3184,#3191),.PCURVE_S1.);
#3180 = LINE('',#3181,#3182);
#3181 = CARTESIAN_POINT('',(-20.,8.946019650563,120.69578721062));
#3182 = VECTOR('',#3183,1.);
#3183 = DIRECTION('',(0.,0.766044443119,0.642787609687));
#3184 = PCURVE('',#1832,#3185);
#3185 = DEFINITIONAL_REPRESENTATION('',(#3186),#3190);
#3186 = LINE('',#3187,#3188);
#3187 = CARTESIAN_POINT('',(0.,0.));
#3188 = VECTOR('',#3189,1.);
#3189 = DIRECTION('',(0.,1.));
#3190 = ( GEOMETRIC_REPRESENTATION_CONTEXT(2) 
PARAMETRIC_REPRESENTATION_CONTEXT() REPRESENTATION_CONTEXT('2D SPACE',''
  ) );
#3191 = PCURVE('',#3006,#3192);
#3192 = DEFINITIONAL_REPRESENTATION('',(#3193),#3197);
#3193 = LINE('',#3194,#3195);
#3194 = CARTESIAN_POINT('',(0.,0.));
#3195 = VECTOR('',#3196,1.);
#3196 = DIRECTION('',(0.,-1.));
#3197 = ( GEOMETRIC_REPRESENTATION_CONTEXT(2) 
PARAMETRIC_REPRESENTATION_CONTEXT() REPRESENTATION_CONTEXT('2D SPACE',''
  ) );
#3198 = ORIENTED_EDGE('',*,*,#3199,.T.);
#3199 = EDGE_CURVE('',#3177,#1817,#3200,.T.);
#3200 = SURFACE_CURVE('',#3201,(#3205,#3212),.PCURVE_S1.);
#3201 = LINE('',#3202,#3203);
#3202 = CARTESIAN_POINT('',(-20.,8.946019650563,120.69578721062));
#3203 = VECTOR('',#3204,1.);
#3204 = DIRECTION('',(1.,0.,0.));
#3205 = PCURVE('',#1832,#3206);
#3206 = DEFINITIONAL_REPRESENTATION('',(#3207),#3211);
#3207 = LINE('',#3208,#3209);
#3208 = CARTESIAN_POINT('',(0.,0.));
#3209 = VECTOR('',#3210,1.);
#3210 = DIRECTION('',(1.,0.));
#3211 = ( GEOMETRIC_REPRESENTATION_CONTEXT(2) 
PARAMETRIC_REPRESENTATION_CONTEXT() REPRESENTATION_CONTEXT('2D SPACE',''
  ) );
#3212 = PCURVE('',#1860,#3213);
#3213 = DEFINITIONAL_REPRESENTATION('',(#3214),#3218);
#3214 = LINE('',#3215,#3216);
#3215 = CARTESIAN_POINT('',(0.,0.));
#3216 = VECTOR('',#3217,1.);
#3217 = DIRECTION('',(0.,1.));
#3218 = ( GEOMETRIC_REPRESENTATION_CONTEXT(2) 
PARAMETRIC_REPRESENTATION_CONTEXT() REPRESENTATION_CONTEXT('2D SPACE',''
  ) );
#3219 = ORIENTED_EDGE('',*,*,#1816,.F.);
#3220 = ORIENTED_EDGE('',*,*,#2603,.F.);
#3221 = ORIENTED_EDGE('',*,*,#3222,.T.);
#3222 = EDGE_CURVE('',#2571,#3223,#3225,.T.);
#3223 = VERTEX_POINT('',#3224);
#3224 = CARTESIAN_POINT('',(-11.8,3.111447653721,115.8));
#3225 = SURFACE_CURVE('',#3226,(#3230,#3236),.PCURVE_S1.);
#3226 = LINE('',#3227,#3228);
#3227 = CARTESIAN_POINT('',(-16.,3.111447653721,115.8));
#3228 = VECTOR('',#3229,1.);
#3229 = DIRECTION('',(1.,0.,-0.));
#3230 = PCURVE('',#1832,#3231);
#3231 = DEFINITIONAL_REPRESENTATION('',(#3232),#3235);
#3232 = B_SPLINE_CURVE_WITH_KNOTS('',1,(#3233,#3234),.UNSPECIFIED.,.F.,
  .F.,(2,2),(4.,28.),.PIECEWISE_BEZIER_KNOTS.);
#3233 = CARTESIAN_POINT('',(8.,-7.616492814812));
#3234 = CARTESIAN_POINT('',(32.,-7.616492814812));
#3235 = ( GEOMETRIC_REPRESENTATION_CONTEXT(2) 
PARAMETRIC_REPRESENTATION_CONTEXT() REPRESENTATION_CONTEXT('2D SPACE',''
  ) );
#3236 = PCURVE('',#2587,#3237);
#3237 = DEFINITIONAL_REPRESENTATION('',(#3238),#3241);
#3238 = B_SPLINE_CURVE_WITH_KNOTS('',1,(#3239,#3240),.UNSPECIFIED.,.F.,
  .F.,(2,2),(4.,28.),.PIECEWISE_BEZIER_KNOTS.);
#3239 = CARTESIAN_POINT('',(0.,11.611447653721));
#3240 = CARTESIAN_POINT('',(24.,11.611447653721));
#3241 = ( GEOMETRIC_REPRESENTATION_CONTEXT(2) 
PARAMETRIC_REPRESENTATION_CONTEXT() REPRESENTATION_CONTEXT('2D SPACE',''
  ) );
#3242 = ORIENTED_EDGE('',*,*,#3243,.T.);
#3243 = EDGE_CURVE('',#3223,#3244,#3246,.T.);
#3244 = VERTEX_POINT('',#3245);
#3245 = CARTESIAN_POINT('',(-11.8,4.911165361797,117.31014246507));
#3246 = SURFACE_CURVE('',#3247,(#3251,#3257),.PCURVE_S1.);
#3247 = LINE('',#3248,#3249);
#3248 = CARTESIAN_POINT('',(-11.8,3.527764029923,116.14933091772));
#3249 = VECTOR('',#3250,1.);
#3250 = DIRECTION('',(-0.,0.766044443119,0.642787609687));
#3251 = PCURVE('',#1832,#3252);
#3252 = DEFINITIONAL_REPRESENTATION('',(#3253),#3256);
#3253 = B_SPLINE_CURVE_WITH_KNOTS('',1,(#3254,#3255),.UNSPECIFIED.,.F.,
  .F.,(2,2),(-8.926969617351,2.387911562882),.PIECEWISE_BEZIER_KNOTS.);
#3254 = CARTESIAN_POINT('',(8.2,-16.));
#3255 = CARTESIAN_POINT('',(8.2,-4.685118819767));
#3256 = ( GEOMETRIC_REPRESENTATION_CONTEXT(2) 
PARAMETRIC_REPRESENTATION_CONTEXT() REPRESENTATION_CONTEXT('2D SPACE',''
  ) );
#3257 = PCURVE('',#2559,#3258);
#3258 = DEFINITIONAL_REPRESENTATION('',(#3259),#3262);
#3259 = B_SPLINE_CURVE_WITH_KNOTS('',1,(#3260,#3261),.UNSPECIFIED.,.F.,
  .F.,(2,2),(-8.926969617351,2.387911562882),.PIECEWISE_BEZIER_KNOTS.);
#3260 = CARTESIAN_POINT('',(2.047739392418,4.138403159883));
#3261 = CARTESIAN_POINT('',(9.320804820147,-4.529298692785));
#3262 = ( GEOMETRIC_REPRESENTATION_CONTEXT(2) 
PARAMETRIC_REPRESENTATION_CONTEXT() REPRESENTATION_CONTEXT('2D SPACE',''
  ) );
#3263 = ORIENTED_EDGE('',*,*,#3264,.T.);
#3264 = EDGE_CURVE('',#3244,#3265,#3267,.T.);
#3265 = VERTEX_POINT('',#3266);
#3266 = CARTESIAN_POINT('',(-9.2,4.911165361797,117.31014246507));
#3267 = SURFACE_CURVE('',#3268,(#3272,#3278),.PCURVE_S1.);
#3268 = LINE('',#3269,#3270);
#3269 = CARTESIAN_POINT('',(-15.9,4.911165361797,117.31014246507));
#3270 = VECTOR('',#3271,1.);
#3271 = DIRECTION('',(1.,0.,0.));
#3272 = PCURVE('',#1832,#3273);
#3273 = DEFINITIONAL_REPRESENTATION('',(#3274),#3277);
#3274 = B_SPLINE_CURVE_WITH_KNOTS('',1,(#3275,#3276),.UNSPECIFIED.,.F.,
  .F.,(2,2),(4.1,6.7),.PIECEWISE_BEZIER_KNOTS.);
#3275 = CARTESIAN_POINT('',(8.2,-5.267128199949));
#3276 = CARTESIAN_POINT('',(10.8,-5.267128199949));
#3277 = ( GEOMETRIC_REPRESENTATION_CONTEXT(2) 
PARAMETRIC_REPRESENTATION_CONTEXT() REPRESENTATION_CONTEXT('2D SPACE',''
  ) );
#3278 = PCURVE('',#2532,#3279);
#3279 = DEFINITIONAL_REPRESENTATION('',(#3280),#3283);
#3280 = B_SPLINE_CURVE_WITH_KNOTS('',1,(#3281,#3282),.UNSPECIFIED.,.F.,
  .F.,(2,2),(4.1,6.7),.PIECEWISE_BEZIER_KNOTS.);
#3281 = CARTESIAN_POINT('',(19.603525500467,0.));
#3282 = CARTESIAN_POINT('',(19.603525500467,-2.6));
#3283 = ( GEOMETRIC_REPRESENTATION_CONTEXT(2) 
PARAMETRIC_REPRESENTATION_CONTEXT() REPRESENTATION_CONTEXT('2D SPACE',''
  ) );
#3284 = ORIENTED_EDGE('',*,*,#3285,.F.);
#3285 = EDGE_CURVE('',#3286,#3265,#3288,.T.);
#3286 = VERTEX_POINT('',#3287);
#3287 = CARTESIAN_POINT('',(-9.2,3.111447653721,115.8));
#3288 = SURFACE_CURVE('',#3289,(#3293,#3299),.PCURVE_S1.);
#3289 = LINE('',#3290,#3291);
#3290 = CARTESIAN_POINT('',(-9.2,3.527764029923,116.14933091772));
#3291 = VECTOR('',#3292,1.);
#3292 = DIRECTION('',(-0.,0.766044443119,0.642787609687));
#3293 = PCURVE('',#1832,#3294);
#3294 = DEFINITIONAL_REPRESENTATION('',(#3295),#3298);
#3295 = B_SPLINE_CURVE_WITH_KNOTS('',1,(#3296,#3297),.UNSPECIFIED.,.F.,
  .F.,(2,2),(-8.926969617351,2.387911562882),.PIECEWISE_BEZIER_KNOTS.);
#3296 = CARTESIAN_POINT('',(10.8,-16.));
#3297 = CARTESIAN_POINT('',(10.8,-4.685118819767));
#3298 = ( GEOMETRIC_REPRESENTATION_CONTEXT(2) 
PARAMETRIC_REPRESENTATION_CONTEXT() REPRESENTATION_CONTEXT('2D SPACE',''
  ) );
#3299 = PCURVE('',#2672,#3300);
#3300 = DEFINITIONAL_REPRESENTATION('',(#3301),#3304);
#3301 = B_SPLINE_CURVE_WITH_KNOTS('',1,(#3302,#3303),.UNSPECIFIED.,.F.,
  .F.,(2,2),(-8.926969617351,2.387911562882),.PIECEWISE_BEZIER_KNOTS.);
#3302 = CARTESIAN_POINT('',(2.047739392418,4.138403159883));
#3303 = CARTESIAN_POINT('',(9.320804820147,-4.529298692785));
#3304 = ( GEOMETRIC_REPRESENTATION_CONTEXT(2) 
PARAMETRIC_REPRESENTATION_CONTEXT() REPRESENTATION_CONTEXT('2D SPACE',''
  ) );
#3305 = ORIENTED_EDGE('',*,*,#3306,.T.);
#3306 = EDGE_CURVE('',#3286,#3307,#3309,.T.);
#3307 = VERTEX_POINT('',#3308);
#3308 = CARTESIAN_POINT('',(9.2,3.111447653721,115.8));
#3309 = SURFACE_CURVE('',#3310,(#3314,#3320),.PCURVE_S1.);
#3310 = LINE('',#3311,#3312);
#3311 = CARTESIAN_POINT('',(-16.,3.111447653721,115.8));
#3312 = VECTOR('',#3313,1.);
#3313 = DIRECTION('',(1.,0.,-0.));
#3314 = PCURVE('',#1832,#3315);
#3315 = DEFINITIONAL_REPRESENTATION('',(#3316),#3319);
#3316 = B_SPLINE_CURVE_WITH_KNOTS('',1,(#3317,#3318),.UNSPECIFIED.,.F.,
  .F.,(2,2),(4.,28.),.PIECEWISE_BEZIER_KNOTS.);
#3317 = CARTESIAN_POINT('',(8.,-7.616492814812));
#3318 = CARTESIAN_POINT('',(32.,-7.616492814812));
#3319 = ( GEOMETRIC_REPRESENTATION_CONTEXT(2) 
PARAMETRIC_REPRESENTATION_CONTEXT() REPRESENTATION_CONTEXT('2D SPACE',''
  ) );
#3320 = PCURVE('',#2699,#3321);
#3321 = DEFINITIONAL_REPRESENTATION('',(#3322),#3325);
#3322 = B_SPLINE_CURVE_WITH_KNOTS('',1,(#3323,#3324),.UNSPECIFIED.,.F.,
  .F.,(2,2),(4.,28.),.PIECEWISE_BEZIER_KNOTS.);
#3323 = CARTESIAN_POINT('',(0.,11.611447653721));
#3324 = CARTESIAN_POINT('',(24.,11.611447653721));
#3325 = ( GEOMETRIC_REPRESENTATION_CONTEXT(2) 
PARAMETRIC_REPRESENTATION_CONTEXT() REPRESENTATION_CONTEXT('2D SPACE',''
  ) );
#3326 = ORIENTED_EDGE('',*,*,#3327,.T.);
#3327 = EDGE_CURVE('',#3307,#3328,#3330,.T.);
#3328 = VERTEX_POINT('',#3329);
#3329 = CARTESIAN_POINT('',(9.2,4.911165361797,117.31014246507));
#3330 = SURFACE_CURVE('',#3331,(#3335,#3341),.PCURVE_S1.);
#3331 = LINE('',#3332,#3333);
#3332 = CARTESIAN_POINT('',(9.2,3.527764029923,116.14933091772));
#3333 = VECTOR('',#3334,1.);
#3334 = DIRECTION('',(-0.,0.766044443119,0.642787609687));
#3335 = PCURVE('',#1832,#3336);
#3336 = DEFINITIONAL_REPRESENTATION('',(#3337),#3340);
#3337 = B_SPLINE_CURVE_WITH_KNOTS('',1,(#3338,#3339),.UNSPECIFIED.,.F.,
  .F.,(2,2),(-8.926969617351,2.387911562882),.PIECEWISE_BEZIER_KNOTS.);
#3338 = CARTESIAN_POINT('',(29.2,-16.));
#3339 = CARTESIAN_POINT('',(29.2,-4.685118819767));
#3340 = ( GEOMETRIC_REPRESENTATION_CONTEXT(2) 
PARAMETRIC_REPRESENTATION_CONTEXT() REPRESENTATION_CONTEXT('2D SPACE',''
  ) );
#3341 = PCURVE('',#2727,#3342);
#3342 = DEFINITIONAL_REPRESENTATION('',(#3343),#3346);
#3343 = B_SPLINE_CURVE_WITH_KNOTS('',1,(#3344,#3345),.UNSPECIFIED.,.F.,
  .F.,(2,2),(-8.926969617351,2.387911562882),.PIECEWISE_BEZIER_KNOTS.);
#3344 = CARTESIAN_POINT('',(2.047739392418,4.138403159883));
#3345 = CARTESIAN_POINT('',(9.320804820147,-4.529298692785));
#3346 = ( GEOMETRIC_REPRESENTATION_CONTEXT(2) 
PARAMETRIC_REPRESENTATION_CONTEXT() REPRESENTATION_CONTEXT('2D SPACE',''
  ) );
#3347 = ORIENTED_EDGE('',*,*,#3348,.T.);
#3348 = EDGE_CURVE('',#3328,#3349,#3351,.T.);
#3349 = VERTEX_POINT('',#3350);
#3350 = CARTESIAN_POINT('',(11.8,4.911165361797,117.31014246507));
#3351 = SURFACE_CURVE('',#3352,(#3356,#3362),.PCURVE_S1.);
#3352 = LINE('',#3353,#3354);
#3353 = CARTESIAN_POINT('',(-5.4,4.911165361797,117.31014246507));
#3354 = VECTOR('',#3355,1.);
#3355 = DIRECTION('',(1.,0.,0.));
#3356 = PCURVE('',#1832,#3357);
#3357 = DEFINITIONAL_REPRESENTATION('',(#3358),#3361);
#3358 = B_SPLINE_CURVE_WITH_KNOTS('',1,(#3359,#3360),.UNSPECIFIED.,.F.,
  .F.,(2,2),(14.6,17.2),.PIECEWISE_BEZIER_KNOTS.);
#3359 = CARTESIAN_POINT('',(29.2,-5.267128199949));
#3360 = CARTESIAN_POINT('',(31.8,-5.267128199949));
#3361 = ( GEOMETRIC_REPRESENTATION_CONTEXT(2) 
PARAMETRIC_REPRESENTATION_CONTEXT() REPRESENTATION_CONTEXT('2D SPACE',''
  ) );
#3362 = PCURVE('',#2754,#3363);
#3363 = DEFINITIONAL_REPRESENTATION('',(#3364),#3367);
#3364 = B_SPLINE_CURVE_WITH_KNOTS('',1,(#3365,#3366),.UNSPECIFIED.,.F.,
  .F.,(2,2),(14.6,17.2),.PIECEWISE_BEZIER_KNOTS.);
#3365 = CARTESIAN_POINT('',(19.603525500467,0.));
#3366 = CARTESIAN_POINT('',(19.603525500467,-2.6));
#3367 = ( GEOMETRIC_REPRESENTATION_CONTEXT(2) 
PARAMETRIC_REPRESENTATION_CONTEXT() REPRESENTATION_CONTEXT('2D SPACE',''
  ) );
#3368 = ORIENTED_EDGE('',*,*,#3369,.F.);
#3369 = EDGE_CURVE('',#3370,#3349,#3372,.T.);
#3370 = VERTEX_POINT('',#3371);
#3371 = CARTESIAN_POINT('',(11.8,3.111447653721,115.8));
#3372 = SURFACE_CURVE('',#3373,(#3377,#3383),.PCURVE_S1.);
#3373 = LINE('',#3374,#3375);
#3374 = CARTESIAN_POINT('',(11.8,3.527764029923,116.14933091772));
#3375 = VECTOR('',#3376,1.);
#3376 = DIRECTION('',(-0.,0.766044443119,0.642787609687));
#3377 = PCURVE('',#1832,#3378);
#3378 = DEFINITIONAL_REPRESENTATION('',(#3379),#3382);
#3379 = B_SPLINE_CURVE_WITH_KNOTS('',1,(#3380,#3381),.UNSPECIFIED.,.F.,
  .F.,(2,2),(-8.926969617351,2.387911562882),.PIECEWISE_BEZIER_KNOTS.);
#3380 = CARTESIAN_POINT('',(31.8,-16.));
#3381 = CARTESIAN_POINT('',(31.8,-4.685118819767));
#3382 = ( GEOMETRIC_REPRESENTATION_CONTEXT(2) 
PARAMETRIC_REPRESENTATION_CONTEXT() REPRESENTATION_CONTEXT('2D SPACE',''
  ) );
#3383 = PCURVE('',#2836,#3384);
#3384 = DEFINITIONAL_REPRESENTATION('',(#3385),#3388);
#3385 = B_SPLINE_CURVE_WITH_KNOTS('',1,(#3386,#3387),.UNSPECIFIED.,.F.,
  .F.,(2,2),(-8.926969617351,2.387911562882),.PIECEWISE_BEZIER_KNOTS.);
#3386 = CARTESIAN_POINT('',(2.047739392418,4.138403159883));
#3387 = CARTESIAN_POINT('',(9.320804820147,-4.529298692785));
#3388 = ( GEOMETRIC_REPRESENTATION_CONTEXT(2) 
PARAMETRIC_REPRESENTATION_CONTEXT() REPRESENTATION_CONTEXT('2D SPACE',''
  ) );
#3389 = ORIENTED_EDGE('',*,*,#3390,.T.);
#3390 = EDGE_CURVE('',#3370,#2848,#3391,.T.);
#3391 = SURFACE_CURVE('',#3392,(#3396,#3402),.PCURVE_S1.);
#3392 = LINE('',#3393,#3394);
#3393 = CARTESIAN_POINT('',(-16.,3.111447653721,115.8));
#3394 = VECTOR('',#3395,1.);
#3395 = DIRECTION('',(1.,0.,-0.));
#3396 = PCURVE('',#1832,#3397);
#3397 = DEFINITIONAL_REPRESENTATION('',(#3398),#3401);
#3398 = B_SPLINE_CURVE_WITH_KNOTS('',1,(#3399,#3400),.UNSPECIFIED.,.F.,
  .F.,(2,2),(4.,28.),.PIECEWISE_BEZIER_KNOTS.);
#3399 = CARTESIAN_POINT('',(8.,-7.616492814812));
#3400 = CARTESIAN_POINT('',(32.,-7.616492814812));
#3401 = ( GEOMETRIC_REPRESENTATION_CONTEXT(2) 
PARAMETRIC_REPRESENTATION_CONTEXT() REPRESENTATION_CONTEXT('2D SPACE',''
  ) );
#3402 = PCURVE('',#2864,#3403);
#3403 = DEFINITIONAL_REPRESENTATION('',(#3404),#3407);
#3404 = B_SPLINE_CURVE_WITH_KNOTS('',1,(#3405,#3406),.UNSPECIFIED.,.F.,
  .F.,(2,2),(4.,28.),.PIECEWISE_BEZIER_KNOTS.);
#3405 = CARTESIAN_POINT('',(0.,11.611447653721));
#3406 = CARTESIAN_POINT('',(24.,11.611447653721));
#3407 = ( GEOMETRIC_REPRESENTATION_CONTEXT(2) 
PARAMETRIC_REPRESENTATION_CONTEXT() REPRESENTATION_CONTEXT('2D SPACE',''
  ) );
#3408 = ORIENTED_EDGE('',*,*,#2876,.F.);
#3409 = ORIENTED_EDGE('',*,*,#2109,.T.);
#3410 = ORIENTED_EDGE('',*,*,#3411,.T.);
#3411 = EDGE_CURVE('',#2110,#3129,#3412,.T.);
#3412 = SURFACE_CURVE('',#3413,(#3417,#3424),.PCURVE_S1.);
#3413 = LINE('',#3414,#3415);
#3414 = CARTESIAN_POINT('',(-20.,8.946019650563,120.69578721062));
#3415 = VECTOR('',#3416,1.);
#3416 = DIRECTION('',(1.,0.,0.));
#3417 = PCURVE('',#1832,#3418);
#3418 = DEFINITIONAL_REPRESENTATION('',(#3419),#3423);
#3419 = LINE('',#3420,#3421);
#3420 = CARTESIAN_POINT('',(0.,0.));
#3421 = VECTOR('',#3422,1.);
#3422 = DIRECTION('',(1.,0.));
#3423 = ( GEOMETRIC_REPRESENTATION_CONTEXT(2) 
PARAMETRIC_REPRESENTATION_CONTEXT() REPRESENTATION_CONTEXT('2D SPACE',''
  ) );
#3424 = PCURVE('',#2148,#3425);
#3425 = DEFINITIONAL_REPRESENTATION('',(#3426),#3430);
#3426 = LINE('',#3427,#3428);
#3427 = CARTESIAN_POINT('',(0.,0.));
#3428 = VECTOR('',#3429,1.);
#3429 = DIRECTION('',(0.,1.));
#3430 = ( GEOMETRIC_REPRESENTATION_CONTEXT(2) 
PARAMETRIC_REPRESENTATION_CONTEXT() REPRESENTATION_CONTEXT('2D SPACE',''
  ) );
#3431 = FACE_BOUND('',#3432,.F.);
#3432 = EDGE_LOOP('',(#3433));
#3433 = ORIENTED_EDGE('',*,*,#3434,.F.);
#3434 = EDGE_CURVE('',#3435,#3435,#3437,.T.);
#3435 = VERTEX_POINT('',#3436);
#3436 = CARTESIAN_POINT('',(-8.3,25.79899739918,134.83711462373));
#3437 = SURFACE_CURVE('',#3438,(#3443,#3450),.PCURVE_S1.);
#3438 = CIRCLE('',#3439,1.7);
#3439 = AXIS2_PLACEMENT_3D('',#3440,#3441,#3442);
#3440 = CARTESIAN_POINT('',(-10.,25.79899739918,134.83711462373));
#3441 = DIRECTION('',(0.,-0.642787609687,0.766044443119));
#3442 = DIRECTION('',(1.,0.,0.));
#3443 = PCURVE('',#1832,#3444);
#3444 = DEFINITIONAL_REPRESENTATION('',(#3445),#3449);
#3445 = CIRCLE('',#3446,1.7);
#3446 = AXIS2_PLACEMENT_2D('',#3447,#3448);
#3447 = CARTESIAN_POINT('',(10.,22.));
#3448 = DIRECTION('',(1.,0.));
#3449 = ( GEOMETRIC_REPRESENTATION_CONTEXT(2) 
PARAMETRIC_REPRESENTATION_CONTEXT() REPRESENTATION_CONTEXT('2D SPACE',''
  ) );
#3450 = PCURVE('',#3082,#3451);
#3451 = DEFINITIONAL_REPRESENTATION('',(#3452),#3456);
#3452 = LINE('',#3453,#3454);
#3453 = CARTESIAN_POINT('',(0.,4.));
#3454 = VECTOR('',#3455,1.);
#3455 = DIRECTION('',(1.,0.));
#3456 = ( GEOMETRIC_REPRESENTATION_CONTEXT(2) 
PARAMETRIC_REPRESENTATION_CONTEXT() REPRESENTATION_CONTEXT('2D SPACE',''
  ) );
#3457 = FACE_BOUND('',#3458,.F.);
#3458 = EDGE_LOOP('',(#3459));
#3459 = ORIENTED_EDGE('',*,*,#3460,.F.);
#3460 = EDGE_CURVE('',#3461,#3461,#3463,.T.);
#3461 = VERTEX_POINT('',#3462);
#3462 = CARTESIAN_POINT('',(11.7,25.79899739918,134.83711462373));
#3463 = SURFACE_CURVE('',#3464,(#3469,#3476),.PCURVE_S1.);
#3464 = CIRCLE('',#3465,1.7);
#3465 = AXIS2_PLACEMENT_3D('',#3466,#3467,#3468);
#3466 = CARTESIAN_POINT('',(10.,25.79899739918,134.83711462373));
#3467 = DIRECTION('',(0.,-0.642787609687,0.766044443119));
#3468 = DIRECTION('',(1.,0.,0.));
#3469 = PCURVE('',#1832,#3470);
#3470 = DEFINITIONAL_REPRESENTATION('',(#3471),#3475);
#3471 = CIRCLE('',#3472,1.7);
#3472 = AXIS2_PLACEMENT_2D('',#3473,#3474);
#3473 = CARTESIAN_POINT('',(30.,22.));
#3474 = DIRECTION('',(1.,0.));
#3475 = ( GEOMETRIC_REPRESENTATION_CONTEXT(2) 
PARAMETRIC_REPRESENTATION_CONTEXT() REPRESENTATION_CONTEXT('2D SPACE',''
  ) );
#3476 = PCURVE('',#3113,#3477);
#3477 = DEFINITIONAL_REPRESENTATION('',(#3478),#3482);
#3478 = LINE('',#3479,#3480);
#3479 = CARTESIAN_POINT('',(0.,4.));
#3480 = VECTOR('',#3481,1.);
#3481 = DIRECTION('',(1.,0.));
#3482 = ( GEOMETRIC_REPRESENTATION_CONTEXT(2) 
PARAMETRIC_REPRESENTATION_CONTEXT() REPRESENTATION_CONTEXT('2D SPACE',''
  ) );
#3483 = ADVANCED_FACE('',(#3484),#2587,.T.);
#3484 = FACE_BOUND('',#3485,.T.);
#3485 = EDGE_LOOP('',(#3486,#3487,#3488));
#3486 = ORIENTED_EDGE('',*,*,#2570,.F.);
#3487 = ORIENTED_EDGE('',*,*,#3222,.T.);
#3488 = ORIENTED_EDGE('',*,*,#3489,.T.);
#3489 = EDGE_CURVE('',#3223,#2545,#3490,.T.);
#3490 = SURFACE_CURVE('',#3491,(#3495,#3501),.PCURVE_S1.);
#3491 = LINE('',#3492,#3493);
#3492 = CARTESIAN_POINT('',(-11.8,-3.836144139729,115.8));
#3493 = VECTOR('',#3494,1.);
#3494 = DIRECTION('',(0.,1.,0.));
#3495 = PCURVE('',#2587,#3496);
#3496 = DEFINITIONAL_REPRESENTATION('',(#3497),#3500);
#3497 = B_SPLINE_CURVE_WITH_KNOTS('',1,(#3498,#3499),.UNSPECIFIED.,.F.,
  .F.,(2,2),(-2.163855860271,7.336144139729),.PIECEWISE_BEZIER_KNOTS.);
#3498 = CARTESIAN_POINT('',(0.2,2.5));
#3499 = CARTESIAN_POINT('',(0.2,12.));
#3500 = ( GEOMETRIC_REPRESENTATION_CONTEXT(2) 
PARAMETRIC_REPRESENTATION_CONTEXT() REPRESENTATION_CONTEXT('2D SPACE',''
  ) );
#3501 = PCURVE('',#2559,#3502);
#3502 = DEFINITIONAL_REPRESENTATION('',(#3503),#3506);
#3503 = B_SPLINE_CURVE_WITH_KNOTS('',1,(#3504,#3505),.UNSPECIFIED.,.F.,
  .F.,(2,2),(-2.163855860271,7.336144139729),.PIECEWISE_BEZIER_KNOTS.);
#3504 = CARTESIAN_POINT('',(7.436553936775,6.827711720542));
#3505 = CARTESIAN_POINT('',(7.436553936775,-2.672288279458));
#3506 = ( GEOMETRIC_REPRESENTATION_CONTEXT(2) 
PARAMETRIC_REPRESENTATION_CONTEXT() REPRESENTATION_CONTEXT('2D SPACE',''
  ) );
#3507 = ADVANCED_FACE('',(#3508),#2559,.F.);
#3508 = FACE_BOUND('',#3509,.F.);
#3509 = EDGE_LOOP('',(#3510,#3511,#3512,#3513));
#3510 = ORIENTED_EDGE('',*,*,#3243,.F.);
#3511 = ORIENTED_EDGE('',*,*,#3489,.T.);
#3512 = ORIENTED_EDGE('',*,*,#2544,.F.);
#3513 = ORIENTED_EDGE('',*,*,#3514,.T.);
#3514 = EDGE_CURVE('',#2510,#3244,#3515,.T.);
#3515 = SURFACE_CURVE('',#3516,(#3520,#3527),.PCURVE_S1.);
#3516 = LINE('',#3517,#3518);
#3517 = CARTESIAN_POINT('',(-11.8,3.,97.8));
#3518 = VECTOR('',#3519,1.);
#3519 = DIRECTION('',(0.,9.749090089694E-02,0.995236416256));
#3520 = PCURVE('',#2559,#3521);
#3521 = DEFINITIONAL_REPRESENTATION('',(#3522),#3526);
#3522 = LINE('',#3523,#3524);
#3523 = CARTESIAN_POINT('',(-10.56344606322,-2.172288279458));
#3524 = VECTOR('',#3525,1.);
#3525 = DIRECTION('',(0.995236416256,-9.749090089694E-02));
#3526 = ( GEOMETRIC_REPRESENTATION_CONTEXT(2) 
PARAMETRIC_REPRESENTATION_CONTEXT() REPRESENTATION_CONTEXT('2D SPACE',''
  ) );
#3527 = PCURVE('',#2532,#3528);
#3528 = DEFINITIONAL_REPRESENTATION('',(#3529),#3533);
#3529 = LINE('',#3530,#3531);
#3530 = CARTESIAN_POINT('',(0.,0.));
#3531 = VECTOR('',#3532,1.);
#3532 = DIRECTION('',(1.,0.));
#3533 = ( GEOMETRIC_REPRESENTATION_CONTEXT(2) 
PARAMETRIC_REPRESENTATION_CONTEXT() REPRESENTATION_CONTEXT('2D SPACE',''
  ) );
#3534 = ADVANCED_FACE('',(#3535),#2532,.F.);
#3535 = FACE_BOUND('',#3536,.F.);
#3536 = EDGE_LOOP('',(#3537,#3538,#3539,#3540,#3561));
#3537 = ORIENTED_EDGE('',*,*,#3514,.F.);
#3538 = ORIENTED_EDGE('',*,*,#2509,.F.);
#3539 = ORIENTED_EDGE('',*,*,#2634,.T.);
#3540 = ORIENTED_EDGE('',*,*,#3541,.T.);
#3541 = EDGE_CURVE('',#2635,#3265,#3542,.T.);
#3542 = SURFACE_CURVE('',#3543,(#3547,#3554),.PCURVE_S1.);
#3543 = LINE('',#3544,#3545);
#3544 = CARTESIAN_POINT('',(-9.2,3.,97.8));
#3545 = VECTOR('',#3546,1.);
#3546 = DIRECTION('',(0.,9.749090089694E-02,0.995236416256));
#3547 = PCURVE('',#2532,#3548);
#3548 = DEFINITIONAL_REPRESENTATION('',(#3549),#3553);
#3549 = LINE('',#3550,#3551);
#3550 = CARTESIAN_POINT('',(0.,-2.6));
#3551 = VECTOR('',#3552,1.);
#3552 = DIRECTION('',(1.,0.));
#3553 = ( GEOMETRIC_REPRESENTATION_CONTEXT(2) 
PARAMETRIC_REPRESENTATION_CONTEXT() REPRESENTATION_CONTEXT('2D SPACE',''
  ) );
#3554 = PCURVE('',#2672,#3555);
#3555 = DEFINITIONAL_REPRESENTATION('',(#3556),#3560);
#3556 = LINE('',#3557,#3558);
#3557 = CARTESIAN_POINT('',(-10.56344606322,-2.172288279458));
#3558 = VECTOR('',#3559,1.);
#3559 = DIRECTION('',(0.995236416256,-9.749090089694E-02));
#3560 = ( GEOMETRIC_REPRESENTATION_CONTEXT(2) 
PARAMETRIC_REPRESENTATION_CONTEXT() REPRESENTATION_CONTEXT('2D SPACE',''
  ) );
#3561 = ORIENTED_EDGE('',*,*,#3264,.F.);
#3562 = ADVANCED_FACE('',(#3563),#2754,.F.);
#3563 = FACE_BOUND('',#3564,.F.);
#3564 = EDGE_LOOP('',(#3565,#3586,#3587,#3588,#3609));
#3565 = ORIENTED_EDGE('',*,*,#3566,.F.);
#3566 = EDGE_CURVE('',#2712,#3328,#3567,.T.);
#3567 = SURFACE_CURVE('',#3568,(#3572,#3579),.PCURVE_S1.);
#3568 = LINE('',#3569,#3570);
#3569 = CARTESIAN_POINT('',(9.2,3.,97.8));
#3570 = VECTOR('',#3571,1.);
#3571 = DIRECTION('',(0.,9.749090089694E-02,0.995236416256));
#3572 = PCURVE('',#2754,#3573);
#3573 = DEFINITIONAL_REPRESENTATION('',(#3574),#3578);
#3574 = LINE('',#3575,#3576);
#3575 = CARTESIAN_POINT('',(0.,0.));
#3576 = VECTOR('',#3577,1.);
#3577 = DIRECTION('',(1.,0.));
#3578 = ( GEOMETRIC_REPRESENTATION_CONTEXT(2) 
PARAMETRIC_REPRESENTATION_CONTEXT() REPRESENTATION_CONTEXT('2D SPACE',''
  ) );
#3579 = PCURVE('',#2727,#3580);
#3580 = DEFINITIONAL_REPRESENTATION('',(#3581),#3585);
#3581 = LINE('',#3582,#3583);
#3582 = CARTESIAN_POINT('',(-10.56344606322,-2.172288279458));
#3583 = VECTOR('',#3584,1.);
#3584 = DIRECTION('',(0.995236416256,-9.749090089694E-02));
#3585 = ( GEOMETRIC_REPRESENTATION_CONTEXT(2) 
PARAMETRIC_REPRESENTATION_CONTEXT() REPRESENTATION_CONTEXT('2D SPACE',''
  ) );
#3586 = ORIENTED_EDGE('',*,*,#2738,.T.);
#3587 = ORIENTED_EDGE('',*,*,#2791,.F.);
#3588 = ORIENTED_EDGE('',*,*,#3589,.T.);
#3589 = EDGE_CURVE('',#2792,#3349,#3590,.T.);
#3590 = SURFACE_CURVE('',#3591,(#3595,#3602),.PCURVE_S1.);
#3591 = LINE('',#3592,#3593);
#3592 = CARTESIAN_POINT('',(11.8,3.,97.8));
#3593 = VECTOR('',#3594,1.);
#3594 = DIRECTION('',(0.,9.749090089694E-02,0.995236416256));
#3595 = PCURVE('',#2754,#3596);
#3596 = DEFINITIONAL_REPRESENTATION('',(#3597),#3601);
#3597 = LINE('',#3598,#3599);
#3598 = CARTESIAN_POINT('',(0.,-2.6));
#3599 = VECTOR('',#3600,1.);
#3600 = DIRECTION('',(1.,0.));
#3601 = ( GEOMETRIC_REPRESENTATION_CONTEXT(2) 
PARAMETRIC_REPRESENTATION_CONTEXT() REPRESENTATION_CONTEXT('2D SPACE',''
  ) );
#3602 = PCURVE('',#2836,#3603);
#3603 = DEFINITIONAL_REPRESENTATION('',(#3604),#3608);
#3604 = LINE('',#3605,#3606);
#3605 = CARTESIAN_POINT('',(-10.56344606322,-2.172288279458));
#3606 = VECTOR('',#3607,1.);
#3607 = DIRECTION('',(0.995236416256,-9.749090089694E-02));
#3608 = ( GEOMETRIC_REPRESENTATION_CONTEXT(2) 
PARAMETRIC_REPRESENTATION_CONTEXT() REPRESENTATION_CONTEXT('2D SPACE',''
  ) );
#3609 = ORIENTED_EDGE('',*,*,#3348,.F.);
#3610 = ADVANCED_FACE('',(#3611),#2727,.F.);
#3611 = FACE_BOUND('',#3612,.F.);
#3612 = EDGE_LOOP('',(#3613,#3614,#3633,#3634));
#3613 = ORIENTED_EDGE('',*,*,#3327,.F.);
#3614 = ORIENTED_EDGE('',*,*,#3615,.T.);
#3615 = EDGE_CURVE('',#3307,#2684,#3616,.T.);
#3616 = SURFACE_CURVE('',#3617,(#3621,#3627),.PCURVE_S1.);
#3617 = LINE('',#3618,#3619);
#3618 = CARTESIAN_POINT('',(9.2,-3.836144139729,115.8));
#3619 = VECTOR('',#3620,1.);
#3620 = DIRECTION('',(0.,1.,0.));
#3621 = PCURVE('',#2727,#3622);
#3622 = DEFINITIONAL_REPRESENTATION('',(#3623),#3626);
#3623 = B_SPLINE_CURVE_WITH_KNOTS('',1,(#3624,#3625),.UNSPECIFIED.,.F.,
  .F.,(2,2),(-2.163855860271,7.336144139729),.PIECEWISE_BEZIER_KNOTS.);
#3624 = CARTESIAN_POINT('',(7.436553936775,6.827711720542));
#3625 = CARTESIAN_POINT('',(7.436553936775,-2.672288279458));
#3626 = ( GEOMETRIC_REPRESENTATION_CONTEXT(2) 
PARAMETRIC_REPRESENTATION_CONTEXT() REPRESENTATION_CONTEXT('2D SPACE',''
  ) );
#3627 = PCURVE('',#2699,#3628);
#3628 = DEFINITIONAL_REPRESENTATION('',(#3629),#3632);
#3629 = B_SPLINE_CURVE_WITH_KNOTS('',1,(#3630,#3631),.UNSPECIFIED.,.F.,
  .F.,(2,2),(-2.163855860271,7.336144139729),.PIECEWISE_BEZIER_KNOTS.);
#3630 = CARTESIAN_POINT('',(21.2,2.5));
#3631 = CARTESIAN_POINT('',(21.2,12.));
#3632 = ( GEOMETRIC_REPRESENTATION_CONTEXT(2) 
PARAMETRIC_REPRESENTATION_CONTEXT() REPRESENTATION_CONTEXT('2D SPACE',''
  ) );
#3633 = ORIENTED_EDGE('',*,*,#2711,.T.);
#3634 = ORIENTED_EDGE('',*,*,#3566,.T.);
#3635 = ADVANCED_FACE('',(#3636),#2699,.T.);
#3636 = FACE_BOUND('',#3637,.T.);
#3637 = EDGE_LOOP('',(#3638,#3639,#3658,#3659));
#3638 = ORIENTED_EDGE('',*,*,#2683,.F.);
#3639 = ORIENTED_EDGE('',*,*,#3640,.F.);
#3640 = EDGE_CURVE('',#3286,#2657,#3641,.T.);
#3641 = SURFACE_CURVE('',#3642,(#3646,#3652),.PCURVE_S1.);
#3642 = LINE('',#3643,#3644);
#3643 = CARTESIAN_POINT('',(-9.2,-3.836144139729,115.8));
#3644 = VECTOR('',#3645,1.);
#3645 = DIRECTION('',(0.,1.,0.));
#3646 = PCURVE('',#2699,#3647);
#3647 = DEFINITIONAL_REPRESENTATION('',(#3648),#3651);
#3648 = B_SPLINE_CURVE_WITH_KNOTS('',1,(#3649,#3650),.UNSPECIFIED.,.F.,
  .F.,(2,2),(-2.163855860271,7.336144139729),.PIECEWISE_BEZIER_KNOTS.);
#3649 = CARTESIAN_POINT('',(2.8,2.5));
#3650 = CARTESIAN_POINT('',(2.8,12.));
#3651 = ( GEOMETRIC_REPRESENTATION_CONTEXT(2) 
PARAMETRIC_REPRESENTATION_CONTEXT() REPRESENTATION_CONTEXT('2D SPACE',''
  ) );
#3652 = PCURVE('',#2672,#3653);
#3653 = DEFINITIONAL_REPRESENTATION('',(#3654),#3657);
#3654 = B_SPLINE_CURVE_WITH_KNOTS('',1,(#3655,#3656),.UNSPECIFIED.,.F.,
  .F.,(2,2),(-2.163855860271,7.336144139729),.PIECEWISE_BEZIER_KNOTS.);
#3655 = CARTESIAN_POINT('',(7.436553936775,6.827711720542));
#3656 = CARTESIAN_POINT('',(7.436553936775,-2.672288279458));
#3657 = ( GEOMETRIC_REPRESENTATION_CONTEXT(2) 
PARAMETRIC_REPRESENTATION_CONTEXT() REPRESENTATION_CONTEXT('2D SPACE',''
  ) );
#3658 = ORIENTED_EDGE('',*,*,#3306,.T.);
#3659 = ORIENTED_EDGE('',*,*,#3615,.T.);
#3660 = ADVANCED_FACE('',(#3661),#2672,.T.);
#3661 = FACE_BOUND('',#3662,.T.);
#3662 = EDGE_LOOP('',(#3663,#3664,#3665,#3666));
#3663 = ORIENTED_EDGE('',*,*,#3285,.F.);
#3664 = ORIENTED_EDGE('',*,*,#3640,.T.);
#3665 = ORIENTED_EDGE('',*,*,#2656,.T.);
#3666 = ORIENTED_EDGE('',*,*,#3541,.T.);
#3667 = ADVANCED_FACE('',(#3668),#2864,.T.);
#3668 = FACE_BOUND('',#3669,.T.);
#3669 = EDGE_LOOP('',(#3670,#3671,#3672));
#3670 = ORIENTED_EDGE('',*,*,#3390,.T.);
#3671 = ORIENTED_EDGE('',*,*,#2847,.T.);
#3672 = ORIENTED_EDGE('',*,*,#3673,.F.);
#3673 = EDGE_CURVE('',#3370,#2822,#3674,.T.);
#3674 = SURFACE_CURVE('',#3675,(#3679,#3685),.PCURVE_S1.);
#3675 = LINE('',#3676,#3677);
#3676 = CARTESIAN_POINT('',(11.8,-3.836144139729,115.8));
#3677 = VECTOR('',#3678,1.);
#3678 = DIRECTION('',(0.,1.,0.));
#3679 = PCURVE('',#2864,#3680);
#3680 = DEFINITIONAL_REPRESENTATION('',(#3681),#3684);
#3681 = B_SPLINE_CURVE_WITH_KNOTS('',1,(#3682,#3683),.UNSPECIFIED.,.F.,
  .F.,(2,2),(-2.163855860271,7.336144139729),.PIECEWISE_BEZIER_KNOTS.);
#3682 = CARTESIAN_POINT('',(23.8,2.5));
#3683 = CARTESIAN_POINT('',(23.8,12.));
#3684 = ( GEOMETRIC_REPRESENTATION_CONTEXT(2) 
PARAMETRIC_REPRESENTATION_CONTEXT() REPRESENTATION_CONTEXT('2D SPACE',''
  ) );
#3685 = PCURVE('',#2836,#3686);
#3686 = DEFINITIONAL_REPRESENTATION('',(#3687),#3690);
#3687 = B_SPLINE_CURVE_WITH_KNOTS('',1,(#3688,#3689),.UNSPECIFIED.,.F.,
  .F.,(2,2),(-2.163855860271,7.336144139729),.PIECEWISE_BEZIER_KNOTS.);
#3688 = CARTESIAN_POINT('',(7.436553936775,6.827711720542));
#3689 = CARTESIAN_POINT('',(7.436553936775,-2.672288279458));
#3690 = ( GEOMETRIC_REPRESENTATION_CONTEXT(2) 
PARAMETRIC_REPRESENTATION_CONTEXT() REPRESENTATION_CONTEXT('2D SPACE',''
  ) );
#3691 = ADVANCED_FACE('',(#3692),#2836,.T.);
#3692 = FACE_BOUND('',#3693,.T.);
#3693 = EDGE_LOOP('',(#3694,#3695,#3696,#3697));
#3694 = ORIENTED_EDGE('',*,*,#3369,.F.);
#3695 = ORIENTED_EDGE('',*,*,#3673,.T.);
#3696 = ORIENTED_EDGE('',*,*,#2821,.F.);
#3697 = ORIENTED_EDGE('',*,*,#3589,.T.);
#3698 = ADVANCED_FACE('',(#3699),#2950,.T.);
#3699 = FACE_BOUND('',#3700,.T.);
#3700 = EDGE_LOOP('',(#3701,#3722,#3723,#3744));
#3701 = ORIENTED_EDGE('',*,*,#3702,.F.);
#3702 = EDGE_CURVE('',#3129,#2933,#3703,.T.);
#3703 = SURFACE_CURVE('',#3704,(#3708,#3715),.PCURVE_S1.);
#3704 = LINE('',#3705,#3706);
#3705 = CARTESIAN_POINT('',(20.,8.946019650563,120.69578721062));
#3706 = VECTOR('',#3707,1.);
#3707 = DIRECTION('',(0.,-0.642787609687,0.766044443119));
#3708 = PCURVE('',#2950,#3709);
#3709 = DEFINITIONAL_REPRESENTATION('',(#3710),#3714);
#3710 = LINE('',#3711,#3712);
#3711 = CARTESIAN_POINT('',(0.,0.));
#3712 = VECTOR('',#3713,1.);
#3713 = DIRECTION('',(1.,0.));
#3714 = ( GEOMETRIC_REPRESENTATION_CONTEXT(2) 
PARAMETRIC_REPRESENTATION_CONTEXT() REPRESENTATION_CONTEXT('2D SPACE',''
  ) );
#3715 = PCURVE('',#2148,#3716);
#3716 = DEFINITIONAL_REPRESENTATION('',(#3717),#3721);
#3717 = LINE('',#3718,#3719);
#3718 = CARTESIAN_POINT('',(0.,40.));
#3719 = VECTOR('',#3720,1.);
#3720 = DIRECTION('',(1.,0.));
#3721 = ( GEOMETRIC_REPRESENTATION_CONTEXT(2) 
PARAMETRIC_REPRESENTATION_CONTEXT() REPRESENTATION_CONTEXT('2D SPACE',''
  ) );
#3722 = ORIENTED_EDGE('',*,*,#3128,.T.);
#3723 = ORIENTED_EDGE('',*,*,#3724,.T.);
#3724 = EDGE_CURVE('',#3131,#2935,#3725,.T.);
#3725 = SURFACE_CURVE('',#3726,(#3730,#3737),.PCURVE_S1.);
#3726 = LINE('',#3727,#3728);
#3727 = CARTESIAN_POINT('',(20.,41.11988626156,147.69286681746));
#3728 = VECTOR('',#3729,1.);
#3729 = DIRECTION('',(0.,-0.642787609687,0.766044443119));
#3730 = PCURVE('',#2950,#3731);
#3731 = DEFINITIONAL_REPRESENTATION('',(#3732),#3736);
#3732 = LINE('',#3733,#3734);
#3733 = CARTESIAN_POINT('',(1.06581410364E-14,-42.));
#3734 = VECTOR('',#3735,1.);
#3735 = DIRECTION('',(1.,0.));
#3736 = ( GEOMETRIC_REPRESENTATION_CONTEXT(2) 
PARAMETRIC_REPRESENTATION_CONTEXT() REPRESENTATION_CONTEXT('2D SPACE',''
  ) );
#3737 = PCURVE('',#2978,#3738);
#3738 = DEFINITIONAL_REPRESENTATION('',(#3739),#3743);
#3739 = LINE('',#3740,#3741);
#3740 = CARTESIAN_POINT('',(0.,40.));
#3741 = VECTOR('',#3742,1.);
#3742 = DIRECTION('',(1.,0.));
#3743 = ( GEOMETRIC_REPRESENTATION_CONTEXT(2) 
PARAMETRIC_REPRESENTATION_CONTEXT() REPRESENTATION_CONTEXT('2D SPACE',''
  ) );
#3744 = ORIENTED_EDGE('',*,*,#2932,.F.);
#3745 = ADVANCED_FACE('',(#3746),#2148,.F.);
#3746 = FACE_BOUND('',#3747,.F.);
#3747 = EDGE_LOOP('',(#3748,#3749,#3750,#3751));
#3748 = ORIENTED_EDGE('',*,*,#3411,.F.);
#3749 = ORIENTED_EDGE('',*,*,#2132,.F.);
#3750 = ORIENTED_EDGE('',*,*,#3042,.T.);
#3751 = ORIENTED_EDGE('',*,*,#3702,.F.);
#3752 = ADVANCED_FACE('',(#3753),#1860,.F.);
#3753 = FACE_BOUND('',#3754,.F.);
#3754 = EDGE_LOOP('',(#3755,#3756,#3777,#3778));
#3755 = ORIENTED_EDGE('',*,*,#3199,.F.);
#3756 = ORIENTED_EDGE('',*,*,#3757,.T.);
#3757 = EDGE_CURVE('',#3177,#2991,#3758,.T.);
#3758 = SURFACE_CURVE('',#3759,(#3763,#3770),.PCURVE_S1.);
#3759 = LINE('',#3760,#3761);
#3760 = CARTESIAN_POINT('',(-20.,8.946019650563,120.69578721062));
#3761 = VECTOR('',#3762,1.);
#3762 = DIRECTION('',(0.,-0.642787609687,0.766044443119));
#3763 = PCURVE('',#1860,#3764);
#3764 = DEFINITIONAL_REPRESENTATION('',(#3765),#3769);
#3765 = LINE('',#3766,#3767);
#3766 = CARTESIAN_POINT('',(0.,0.));
#3767 = VECTOR('',#3768,1.);
#3768 = DIRECTION('',(1.,0.));
#3769 = ( GEOMETRIC_REPRESENTATION_CONTEXT(2) 
PARAMETRIC_REPRESENTATION_CONTEXT() REPRESENTATION_CONTEXT('2D SPACE',''
  ) );
#3770 = PCURVE('',#3006,#3771);
#3771 = DEFINITIONAL_REPRESENTATION('',(#3772),#3776);
#3772 = LINE('',#3773,#3774);
#3773 = CARTESIAN_POINT('',(0.,0.));
#3774 = VECTOR('',#3775,1.);
#3775 = DIRECTION('',(1.,0.));
#3776 = ( GEOMETRIC_REPRESENTATION_CONTEXT(2) 
PARAMETRIC_REPRESENTATION_CONTEXT() REPRESENTATION_CONTEXT('2D SPACE',''
  ) );
#3777 = ORIENTED_EDGE('',*,*,#3018,.T.);
#3778 = ORIENTED_EDGE('',*,*,#1844,.T.);
#3779 = ADVANCED_FACE('',(#3780),#3006,.F.);
#3780 = FACE_BOUND('',#3781,.F.);
#3781 = EDGE_LOOP('',(#3782,#3783,#3784,#3805));
#3782 = ORIENTED_EDGE('',*,*,#3757,.F.);
#3783 = ORIENTED_EDGE('',*,*,#3176,.T.);
#3784 = ORIENTED_EDGE('',*,*,#3785,.T.);
#3785 = EDGE_CURVE('',#3154,#2963,#3786,.T.);
#3786 = SURFACE_CURVE('',#3787,(#3791,#3798),.PCURVE_S1.);
#3787 = LINE('',#3788,#3789);
#3788 = CARTESIAN_POINT('',(-20.,41.11988626156,147.69286681746));
#3789 = VECTOR('',#3790,1.);
#3790 = DIRECTION('',(0.,-0.642787609687,0.766044443119));
#3791 = PCURVE('',#3006,#3792);
#3792 = DEFINITIONAL_REPRESENTATION('',(#3793),#3797);
#3793 = LINE('',#3794,#3795);
#3794 = CARTESIAN_POINT('',(1.06581410364E-14,-42.));
#3795 = VECTOR('',#3796,1.);
#3796 = DIRECTION('',(1.,0.));
#3797 = ( GEOMETRIC_REPRESENTATION_CONTEXT(2) 
PARAMETRIC_REPRESENTATION_CONTEXT() REPRESENTATION_CONTEXT('2D SPACE',''
  ) );
#3798 = PCURVE('',#2978,#3799);
#3799 = DEFINITIONAL_REPRESENTATION('',(#3800),#3804);
#3800 = LINE('',#3801,#3802);
#3801 = CARTESIAN_POINT('',(0.,0.));
#3802 = VECTOR('',#3803,1.);
#3803 = DIRECTION('',(1.,0.));
#3804 = ( GEOMETRIC_REPRESENTATION_CONTEXT(2) 
PARAMETRIC_REPRESENTATION_CONTEXT() REPRESENTATION_CONTEXT('2D SPACE',''
  ) );
#3805 = ORIENTED_EDGE('',*,*,#2990,.F.);
#3806 = ADVANCED_FACE('',(#3807),#2978,.T.);
#3807 = FACE_BOUND('',#3808,.T.);
#3808 = EDGE_LOOP('',(#3809,#3810,#3811,#3812));
#3809 = ORIENTED_EDGE('',*,*,#3153,.F.);
#3810 = ORIENTED_EDGE('',*,*,#3785,.T.);
#3811 = ORIENTED_EDGE('',*,*,#2962,.T.);
#3812 = ORIENTED_EDGE('',*,*,#3724,.F.);
#3813 = ADVANCED_FACE('',(#3814),#3082,.F.);
#3814 = FACE_BOUND('',#3815,.F.);
#3815 = EDGE_LOOP('',(#3816,#3817,#3838,#3839));
#3816 = ORIENTED_EDGE('',*,*,#3065,.F.);
#3817 = ORIENTED_EDGE('',*,*,#3818,.F.);
#3818 = EDGE_CURVE('',#3435,#3066,#3819,.T.);
#3819 = SEAM_CURVE('',#3820,(#3824,#3831),.PCURVE_S1.);
#3820 = LINE('',#3821,#3822);
#3821 = CARTESIAN_POINT('',(-8.3,28.370147837927,131.77293685125));
#3822 = VECTOR('',#3823,1.);
#3823 = DIRECTION('',(0.,-0.642787609687,0.766044443119));
#3824 = PCURVE('',#3082,#3825);
#3825 = DEFINITIONAL_REPRESENTATION('',(#3826),#3830);
#3826 = LINE('',#3827,#3828);
#3827 = CARTESIAN_POINT('',(6.28318530718,-0.));
#3828 = VECTOR('',#3829,1.);
#3829 = DIRECTION('',(0.,1.));
#3830 = ( GEOMETRIC_REPRESENTATION_CONTEXT(2) 
PARAMETRIC_REPRESENTATION_CONTEXT() REPRESENTATION_CONTEXT('2D SPACE',''
  ) );
#3831 = PCURVE('',#3082,#3832);
#3832 = DEFINITIONAL_REPRESENTATION('',(#3833),#3837);
#3833 = LINE('',#3834,#3835);
#3834 = CARTESIAN_POINT('',(0.,-0.));
#3835 = VECTOR('',#3836,1.);
#3836 = DIRECTION('',(0.,1.));
#3837 = ( GEOMETRIC_REPRESENTATION_CONTEXT(2) 
PARAMETRIC_REPRESENTATION_CONTEXT() REPRESENTATION_CONTEXT('2D SPACE',''
  ) );
#3838 = ORIENTED_EDGE('',*,*,#3434,.T.);
#3839 = ORIENTED_EDGE('',*,*,#3818,.T.);
#3840 = ADVANCED_FACE('',(#3841),#3113,.F.);
#3841 = FACE_BOUND('',#3842,.F.);
#3842 = EDGE_LOOP('',(#3843,#3844,#3865,#3866));
#3843 = ORIENTED_EDGE('',*,*,#3096,.F.);
#3844 = ORIENTED_EDGE('',*,*,#3845,.F.);
#3845 = EDGE_CURVE('',#3461,#3097,#3846,.T.);
#3846 = SEAM_CURVE('',#3847,(#3851,#3858),.PCURVE_S1.);
#3847 = LINE('',#3848,#3849);
#3848 = CARTESIAN_POINT('',(11.7,28.370147837927,131.77293685125));
#3849 = VECTOR('',#3850,1.);
#3850 = DIRECTION('',(0.,-0.642787609687,0.766044443119));
#3851 = PCURVE('',#3113,#3852);
#3852 = DEFINITIONAL_REPRESENTATION('',(#3853),#3857);
#3853 = LINE('',#3854,#3855);
#3854 = CARTESIAN_POINT('',(6.28318530718,-0.));
#3855 = VECTOR('',#3856,1.);
#3856 = DIRECTION('',(0.,1.));
#3857 = ( GEOMETRIC_REPRESENTATION_CONTEXT(2) 
PARAMETRIC_REPRESENTATION_CONTEXT() REPRESENTATION_CONTEXT('2D SPACE',''
  ) );
#3858 = PCURVE('',#3113,#3859);
#3859 = DEFINITIONAL_REPRESENTATION('',(#3860),#3864);
#3860 = LINE('',#3861,#3862);
#3861 = CARTESIAN_POINT('',(0.,-0.));
#3862 = VECTOR('',#3863,1.);
#3863 = DIRECTION('',(0.,1.));
#3864 = ( GEOMETRIC_REPRESENTATION_CONTEXT(2) 
PARAMETRIC_REPRESENTATION_CONTEXT() REPRESENTATION_CONTEXT('2D SPACE',''
  ) );
#3865 = ORIENTED_EDGE('',*,*,#3460,.T.);
#3866 = ORIENTED_EDGE('',*,*,#3845,.T.);
#3867 = ( GEOMETRIC_REPRESENTATION_CONTEXT(3) 
GLOBAL_UNCERTAINTY_ASSIGNED_CONTEXT((#3871)) 
GLOBAL_UNIT_ASSIGNED_CONTEXT((#3868,#3869,#3870)) REPRESENTATION_CONTEXT
('Context #1','3D Context with UNIT and UNCERTAINTY') );
#3868 = ( LENGTH_UNIT() NAMED_UNIT(*) SI_UNIT(.MILLI.,.METRE.) );
#3869 = ( NAMED_UNIT(*) PLANE_ANGLE_UNIT() SI_UNIT($,.RADIAN.) );
#3870 = ( NAMED_UNIT(*) SI_UNIT($,.STERADIAN.) SOLID_ANGLE_UNIT() );
#3871 = UNCERTAINTY_MEASURE_WITH_UNIT(LENGTH_MEASURE(1.E-07),#3868,
  'distance_accuracy_value','confusion accuracy');
#3872 = PRODUCT_RELATED_PRODUCT_CATEGORY('part',$,(#7));
ENDSEC;
END-ISO-10303-21;
